1666284749.962683916 43.842435479099059 447.081476054938946 14.636861878100158 -0.355110094470564 0.934612752260064 -0.006782048736328 0.018703687682216
1666284750.061018705 43.842275792772313 447.075546998245102 14.636699629643145 -0.354368460143582 0.934879603461693 -0.005459956819799 0.019832053809445
1666284750.160974264 43.841815679137362 447.074069096004052 14.636524649438828 -0.354849644480673 0.934633338891696 -0.006791596475341 0.022273882944279
1666284750.260321379 43.840256244007342 447.076824672952114 14.635922053974330 -0.354915693640862 0.934593730153294 -0.004810501812265 0.023372399061542
1666284750.357553959 43.837884441747541 447.080239717028462 14.634860000059494 -0.354811579428848 0.934617409806395 -0.003707675255463 0.024192840556487
1666284750.458051682 43.835558272353509 447.082222166932695 14.632839034228899 -0.355452924159928 0.934303294339065 -0.005929796445889 0.026370635324894
1666284750.557956934 43.833757383726507 447.083805044546580 14.630667557155601 -0.355343767371823 0.934318222069740 -0.006848645149295 0.027080674992675
1666284750.658155918 43.832878069731308 447.084402537798553 14.629135033494865 -0.356304213815446 0.933948213639008 -0.007367164313938 0.027088121895674
1666284750.757760286 43.833438694304753 447.082869186126004 14.628667727512189 -0.356977995875998 0.933710158667450 -0.006718670658345 0.026587770236431
1666284750.857996941 43.834490028328261 447.081367490412049 14.629201951287191 -0.356399853036135 0.933913077343439 -0.008954746522501 0.026557884656854
1666284750.959879637 43.834567475572904 447.081774700349570 14.630578295493173 -0.356546678120961 0.933878717644277 -0.007997679037415 0.026096823216716
1666284751.059920073 43.834156099792644 447.083283400404810 14.632599981099487 -0.356897196623918 0.933730939425747 -0.009719947003109 0.026008583801442
1666284751.161002636 43.834511258380232 447.085634052797218 14.634677611193585 -0.356874092018601 0.933755890666524 -0.009976393819397 0.025323717298747
1666284751.261413813 43.835704629984058 447.089017759956107 14.636643548309390 -0.356392083246946 0.933984519327394 -0.010004551305300 0.023611641384235
1666284751.361500263 43.837298664706275 447.092243901480799 14.637620268398527 -0.357650998512497 0.933507052373108 -0.012075667485008 0.022461626999767
1666284751.461270571 43.838699507916829 447.093820534474446 14.637094190900619 -0.359446401898328 0.932834663064773 -0.012444134271661 0.021515554127348
1666284751.560981274 43.840563669848201 447.094310700739868 14.635907964898887 -0.359240054688669 0.932901465632123 -0.013384970665156 0.021500722988124
1666284751.660964489 43.843074193049077 447.095145648889059 14.634731882480915 -0.360816660910844 0.932313401170350 -0.012630880246358 0.021059916227885
1666284751.756626606 43.845368912194722 447.096601358746341 14.633886256249024 -0.361222300948729 0.932167753127521 -0.012596921773552 0.020568103663817
1666284751.858012676 43.847239242634011 447.098352133407559 14.633382410847476 -0.361395854944700 0.932088936494396 -0.012913059122800 0.020892663727412
1666284751.964727402 43.848698130345085 447.100254628290884 14.632612415236650 -0.359588656100729 0.932790288184890 -0.013545599418185 0.020366477555648
1666284752.065732479 43.849252275648922 447.101771813833295 14.631982116734520 -0.359863122641596 0.932724111840316 -0.012377944625646 0.019262674818893
1666284752.155963659 43.849177071691273 447.102237757492162 14.631320986846582 -0.360300127481297 0.932519890184828 -0.014162997852356 0.019745430825163
1666284752.256202698 43.848616308891202 447.101545215398346 14.630902476909851 -0.359571914678303 0.932753442180563 -0.016306735549210 0.020325960017150
1666284752.356077909 43.848164080122480 447.100646382876960 14.630708910259253 -0.360141536996332 0.932563618710220 -0.015090054595849 0.019886192202480
1666284752.456253052 43.848407239622077 447.100223319554232 14.630669667638386 -0.360528967997686 0.932441721628462 -0.013222409480038 0.019911476304299
1666284752.556027174 43.848461649442008 447.100261714266253 14.630510489773359 -0.361160542786382 0.932182506898425 -0.013785195458702 0.020218915722129
1666284752.656352043 43.848336872267041 447.100772278448972 14.630383282421295 -0.360745582126132 0.932316102990269 -0.014372772162584 0.021041209610653
1666284752.756551743 43.847869396393875 447.100973280690880 14.630701809359811 -0.360734094855676 0.932336617739244 -0.013695320734877 0.020779370086015
1666284752.855939627 43.846318164391604 447.100149245687419 14.631505901686870 -0.360925608810607 0.932252872437957 -0.013490026576530 0.021337898650887
1666284752.955983400 43.843776023739451 447.098512728884543 14.632426525180895 -0.360228590935340 0.932520096546704 -0.013083010564459 0.021690243056147
1666284753.055634737 43.841456627723169 447.096655584647579 14.633320961543907 -0.360456851806396 0.932431647599587 -0.012433081395168 0.022079380144423
1666284753.156004667 43.840064234355225 447.095517000945335 14.634140259713790 -0.360350380358866 0.932460987680551 -0.013070918012278 0.022209478412347
1666284753.256920815 43.839811879668808 447.095215276322676 14.634650180137124 -0.360450743257903 0.932402651281692 -0.014099466056320 0.022400058585253
1666284753.356255531 43.840254624050111 447.094841184209031 14.634894313247910 -0.360961905241075 0.932175535344989 -0.015182320759213 0.022907889588107
1666284753.455852509 43.840903271476094 447.094297139898174 14.634883319040602 -0.360878141046996 0.932200362754999 -0.015121486091850 0.023254927484021
1666284753.555746555 43.841912903423989 447.093847898367983 14.634727341394836 -0.360384995424619 0.932483224595598 -0.011304744524979 0.021677030973285
1666284753.656006336 43.842937366370180 447.093629486602026 14.634218061302739 -0.360042271641605 0.932588963749286 -0.012534769027642 0.022141971222326
1666284753.755754948 43.843781828436533 447.093287502276326 14.633771146104570 -0.360385510334762 0.932487455662759 -0.011640722348943 0.021305458350903
1666284753.856328011 43.844567737071728 447.092867966497579 14.633444743660114 -0.359936322214632 0.932715354203375 -0.009503405396372 0.019939841266885
1666284753.956310034 43.845223015572444 447.093381267180121 14.632855548469918 -0.360052496014553 0.932621204946075 -0.012389124399965 0.020649401812730
1666284754.056641579 43.845387472583859 447.094248895892463 14.632872980427983 -0.360257225053880 0.932521421404183 -0.012750721702952 0.021352974379566
1666284754.157011032 43.845484579549336 447.095522181582055 14.633604513692381 -0.358916994876347 0.933065958180312 -0.011352802586811 0.020919425121494
1666284754.256923437 43.845228470913135 447.096901181575674 14.634281628206356 -0.359303408696259 0.932851454757882 -0.013527341865464 0.022499663939873
1666284754.355945587 43.843895241165093 447.097672881981055 14.635012596209130 -0.358907667084751 0.933047627409177 -0.011081203971039 0.022014050341532
1666284754.456421137 43.841736965367915 447.098011063891306 14.635378935587177 -0.358200362878570 0.933283803360455 -0.011842605662643 0.023099677699573
1666284754.556702137 43.839798774677220 447.098160961945609 14.635681996261450 -0.358160643661775 0.933332136501491 -0.010502229920123 0.022400434639753
1666284754.656385660 43.838911556414679 447.098418171866683 14.635750656617946 -0.357531243774407 0.933583803810862 -0.010188640721899 0.022110689437650
1666284754.756728411 43.837580933057275 447.098625721849089 14.635282190429608 -0.355771584013403 0.934224557431978 -0.012078227996750 0.022476047430065
1666284754.856745720 43.834782261742014 447.098872333672318 14.634333503050970 -0.352782889976840 0.935342529917143 -0.012092816894178 0.023072668838923
1666284754.956323147 43.831030646289314 447.099787335538394 14.633151479758029 -0.350141734645167 0.936274155165726 -0.012007247033000 0.025442052729070
1666284755.056024313 43.825705286964137 447.101421026866433 14.631740850057842 -0.346040627054832 0.937775882940958 -0.010534006653984 0.026857261692483
1666284755.155968428 43.817252784590977 447.103664431673735 14.629824532049996 -0.341852624371477 0.939235721789215 -0.011343858196513 0.029057856194908
1666284755.256525517 43.805763961022556 447.106418681792206 14.625850494094566 -0.338980522686194 0.940154531581183 -0.010700398675991 0.032972161817754
1666284755.355996370 43.789809746849400 447.109059537572307 14.619509609674523 -0.331205081672410 0.942857028504464 -0.008779264750077 0.035309236533129
1666284755.455973864 43.766722548143797 447.114648348581397 14.616550162588005 -0.326803780407106 0.944415875711625 -0.005678061522749 0.035294509952870
1666284755.555510759 43.737394115951318 447.123897629166038 14.613736214694747 -0.326886806599547 0.944411074106373 -0.004989225220726 0.034754084768459
1666284755.655715466 43.704062005531924 447.133708241418390 14.610644973185510 -0.326609433242526 0.944573584854473 -0.002498561806821 0.033177976144785
1666284755.755830050 43.667102039649500 447.142681473118444 14.606075137021760 -0.322709912274643 0.945887989566566 0.002534942210086 0.033879164414187
1666284755.855900764 43.621298011366775 447.150519929494351 14.600273357719614 -0.314717638937303 0.948449042661479 0.001645917811944 0.037343167659031
1666284755.955989599 43.565342302967458 447.157101509184258 14.594338221839759 -0.306872586669417 0.950670261329456 -0.004964879476545 0.045062398364804
1666284756.056832314 43.498837689347759 447.162376950366138 14.584335724076292 -0.290218647896986 0.955417474351855 -0.011427447494448 0.053103668044017
1666284756.156946421 43.422896896025989 447.166489240193357 14.574006969327957 -0.263226704045407 0.962635934096946 -0.018437200668147 0.060859101983300
1666284756.256639957 43.339764433555167 447.172018345069603 14.571229102905765 -0.219699451329619 0.973359557121654 -0.019727006480108 0.062563318811714
1666284756.357109308 43.256127330303059 447.182862503510705 14.584583456673865 -0.169859984022057 0.983576486558149 -0.026677730036474 0.054892436984123
1666284756.456595898 43.171737674204962 447.196425551946504 14.599008090922013 -0.123963898830938 0.990408505593470 -0.034111112389415 0.050600156583744
1666284756.556098223 43.083058658163573 447.211373816533012 14.605399160514544 -0.074932833212372 0.995279895662027 -0.031928642927532 0.052759468899510
1666284756.656554222 42.987599960414258 447.234068763145615 14.601880112211251 -0.022188026154418 0.997779420727418 -0.026630604379586 0.056874686624255
1666284756.755804539 42.888076323789548 447.265351261600188 14.585137492394887 0.008873292218594 0.998018939998065 -0.024166989413342 0.057405720211821
1666284756.855711937 42.782941726017178 447.303521331466982 14.569932216790347 0.027201902738833 0.997996448848032 -0.022991179182701 0.052292927379270
1666284756.954829454 42.672975384851412 447.344164056770410 14.582145222704952 0.034470328474943 0.998372896446461 -0.013705320379528 0.043307277555036
1666284757.055087090 42.558540026793288 447.390076454422342 14.597693988301081 0.064101348707138 0.996779543354371 -0.005174444310607 0.047903905584556
1666284757.154488564 42.445121226617616 447.440772557924220 14.603162636918201 0.079251969136673 0.995313202235637 -0.005642465188605 0.055126376898878
1666284757.255087614 42.331519528448425 447.500217534998001 14.586597156142064 0.112249692405526 0.991911585463958 -0.008176258132303 0.058690390867641
1666284757.355548382 42.215625325898166 447.567472478251489 14.562499872747132 0.138787682492090 0.988562078755745 -0.017148312199980 0.056470620886324
1666284757.455577612 42.096738727332486 447.636105716703867 14.559553137541002 0.162516273497728 0.985081801298684 -0.029944930526658 0.048016733898770
1666284757.555947065 41.975423151021175 447.704469307570321 14.577622888223470 0.193269725473211 0.979239438733190 -0.041115949326147 0.045237302705030
1666284757.655777454 41.860110750329753 447.770138463824480 14.593723100075540 0.219116443643977 0.973443677044086 -0.046676953286906 0.047081352779608
1666284757.755819798 41.749254201549647 447.834591254415784 14.585125277858507 0.234212486677845 0.970061136828524 -0.048778376267922 0.041792007702404
1666284757.855539083 41.635114098355693 447.899496365795926 14.557087555182656 0.234125715081486 0.970443581176698 -0.050194793495294 0.030081356294124
1666284757.954999685 41.508979005348372 447.968178773572561 14.551824293465311 0.225656545710685 0.973084626245554 -0.042892660515564 0.018591751299111
1666284758.054553986 41.371986855395491 448.041096158810433 14.572387370943142 0.229138058284260 0.972428378785383 -0.037989369969303 0.020871179839327
1666284758.154323101 41.232970451176264 448.112821856857920 14.588297290071992 0.213553753300781 0.975713518709368 -0.038692424541637 0.029678614220060
1666284758.254875183 41.096384667186136 448.182902832539071 14.569013855692841 0.219085005771140 0.974478825284109 -0.036504615777008 0.032560594990500
1666284758.356678724 40.958140736388103 448.256160374197918 14.533305326565857 0.238996999443089 0.970024468958531 -0.034068640313655 0.027790135409863
1666284758.456492186 40.822494987477455 448.331897742563854 14.528759308362938 0.248820622335705 0.967551747392928 -0.041911575545671 0.013241368986764
1666284758.555807829 40.685592595277676 448.410650329067153 14.546660958040846 0.250027026353372 0.966801499946841 -0.050737598302965 0.014388951034591
1666284758.656091452 40.550877938348691 448.491180546264275 14.562147521246450 0.264216089901266 0.962944265799072 -0.050973921115516 0.018161997909974
1666284758.755799532 40.422233800089387 448.569146935604920 14.538362613829479 0.256388253961970 0.964915636612541 -0.055004580197331 0.013318168352372
1666284758.855632067 40.292991916627358 448.649563162206618 14.504644212640734 0.238083791159974 0.969881694200564 -0.051241753854359 0.004459854646342
1666284758.954705954 40.156762016589560 448.733262249079758 14.516465859983109 0.233910412247973 0.971247052034476 -0.043994314192733 0.005439050931429
1666284759.054814100 40.020603659231952 448.815326038420267 14.543013154721118 0.233483492087639 0.971329331463846 -0.041961546820666 0.015621054669115
1666284759.154770851 39.892957033723313 448.891331455628688 14.543918447476791 0.225061809445733 0.973391555999984 -0.038441834163111 0.019449576425155
1666284759.255059958 39.773191922520951 448.966297416638099 14.515033809754957 0.236469180317026 0.970997378115321 -0.031990371613649 0.014934342214723
1666284759.355900288 39.655428502902708 449.047203836570361 14.492913864092612 0.250250197485851 0.967634990967480 -0.032516118264510 -0.000254885596357
1666284759.456220865 39.532311156934405 449.138653435456320 14.506080299034164 0.261945101242958 0.964219052373460 -0.040659222952054 -0.003634633926389
1666284759.556539297 39.409523400569455 449.233743548327823 14.528150821093041 0.275665266707909 0.960292861286034 -0.042749367753547 0.004332764776886
1666284759.655451059 39.292882306840205 449.325782798858143 14.516530311325468 0.277087314883749 0.959526847861192 -0.049902202990475 0.006373248839915
1666284759.755112410 39.174322235952687 449.415682877793301 14.479824183072671 0.258010962302864 0.964805101571059 -0.050771867927267 0.001917483033733
1666284759.854262829 39.053119561543745 449.499930359873986 14.466469988372319 0.245157045629754 0.968639257432789 -0.040008054059860 -0.005947062172967
1666284759.955264568 38.928424423224641 449.579401509031584 14.484469217814647 0.248288542485442 0.968292923861529 -0.027293951703843 -0.004080866394960
1666284760.055859804 38.804755528673034 449.653068707415571 14.499389693967917 0.230479147893469 0.972810938874657 -0.022764838179753 0.000041650423069
1666284760.155215502 38.686845887750508 449.726496088623605 14.485756039156403 0.238891577783535 0.970890099738628 -0.017408594232493 0.000411266895216
1666284760.256743908 38.570849794221871 449.805093561027377 14.454421255473909 0.249430080005134 0.968269121081948 -0.014055528675593 -0.006479696094294
1666284760.356370926 38.455592179849084 449.885295214845712 14.450283382629117 0.251130164677790 0.967590695861845 -0.022397675344683 -0.014150258289195
1666284760.455145121 38.340649745061796 449.958841516986126 14.470368034822650 0.242872633358892 0.969615930220138 -0.027617209222083 -0.009753029449210
1666284760.554770708 38.231866621814319 450.024672963685418 14.483556123381641 0.230590137947647 0.972553305864898 -0.030368405972409 -0.006783468967896
1666284760.653144598 38.129600805674180 450.080252375125838 14.478987187046888 0.182822312459640 0.982552073656093 -0.032978342526559 -0.008936081088626
1666284760.753539085 38.034272431959920 450.121674833182681 14.466119988794583 0.125001057582370 0.991723649734140 -0.023864065938035 -0.017013069040951
1666284760.855155945 37.951603020948710 450.153909610596202 14.461384002129900 0.094781472923159 0.995252652353739 -0.006825879740223 -0.021024693556315
1666284760.954988956 37.879515464756736 450.186080160610629 14.468374875200364 0.067010628114421 0.997516628742080 -0.002631736437142 -0.021522664009654
1666284761.056188345 37.810803941561481 450.220452623809535 14.472499497522334 0.040669827394760 0.998894448449499 -0.002667449097285 -0.023425001851975
1666284761.156037331 37.741845464932759 450.258874951791597 14.463142115919560 0.032573895454265 0.999118538355493 -0.008014731315289 -0.025235921446653
1666284761.256492376 37.669366529456205 450.298955310993279 14.450488933427899 0.034223157453953 0.998958437078350 -0.014777227420709 -0.026314445341271
1666284761.356869221 37.597740543085358 450.338352366538516 14.450927318739334 0.054136385032850 0.997868044823361 -0.016043223414536 -0.032729679473670
1666284761.456323385 37.525033193229639 450.377687460914899 14.450944396977691 0.075615637959887 0.996473042364045 -0.015560476130412 -0.032888033085897
1666284761.556210041 37.445015109331123 450.423206131859217 14.453401248474075 0.102395467835941 0.994227288149687 -0.017556325793572 -0.026814978832886
1666284761.655256033 37.360082134120105 450.473721952083793 14.444331763968869 0.110440833129318 0.993391930105036 -0.023402109274327 -0.020679382519915
1666284761.755037069 37.270641337597695 450.528947918929873 14.426689174077891 0.112464773057952 0.993249872078103 -0.023841865448519 -0.015425040998034
1666284761.855062485 37.177443671494039 450.587146026442724 14.417084502164650 0.113677044031629 0.993260216224585 -0.018771943744246 -0.012620881656375
1666284761.953993082 37.084711010798728 450.646542216661828 14.421850307087945 0.114703821713581 0.993299790510303 -0.007066680074247 -0.012191041350729
1666284762.055775166 36.988231461495758 450.711894284281357 14.424318472603183 0.123583001692550 0.992312033741364 -0.004915477590570 -0.004461778209817
1666284762.154649258 36.892046251584937 450.776383953901075 14.424234135427538 0.112217632918398 0.993616907956714 -0.010848541436037 0.003866811792812
1666284762.255916119 36.794906273146623 450.844880039726945 14.406472603416296 0.125892625507114 0.991907279090433 -0.014718727802417 0.007372623835348
1666284762.355894804 36.698465432208586 450.914341189701247 14.389087454561352 0.132091813446679 0.990953551893238 -0.023449812897107 0.003594034729109
1666284762.455822229 36.595506341226319 450.984168857254701 14.397590426421079 0.127123961680100 0.991278388076636 -0.034726598632721 0.000847966004371
1666284762.555029392 36.490957775650195 451.049839907141120 14.408077284559896 0.132862082280564 0.990273741735450 -0.040763241058119 0.006628853579748
1666284762.655374527 36.388776881226477 451.114173701861148 14.411200322892892 0.138086620982080 0.989390045022202 -0.043380308068705 0.012552800029517
1666284762.756613255 36.289551353097480 451.180481227173516 14.399347824569359 0.119324957147213 0.991844982760478 -0.043123025589239 0.012061900294439
1666284762.855155468 36.193619261294174 451.246645948608318 14.384380010331451 0.085811416451270 0.995368975016442 -0.042810290579492 0.006654577510514
1666284762.954703331 36.097045992155110 451.310210757285290 14.384123386014560 0.054183835185657 0.998177523285325 -0.026512711774183 0.001679323354084
1666284763.054959059 35.999109332197882 451.378426716097295 14.397727727019825 0.047953447641268 0.998658263404741 -0.019021724317354 0.004507082952197
1666284763.155363560 35.897937481291322 451.450016718842392 14.402612195063481 0.028966665238030 0.999331472479803 -0.020318539894050 0.009203116478189
1666284763.255682468 35.795157871461782 451.524862162999113 14.383877779952346 0.035487298276975 0.998946951915641 -0.026300856304681 0.012405800139090
1666284763.356714487 35.687998738968716 451.602351122589994 14.359651395514833 0.039898160306232 0.998494330992757 -0.035877811412261 0.011401334473299
1666284763.456967354 35.574960729398732 451.677913679953633 14.362458623718268 0.061306577000517 0.997211993471247 -0.041906744345739 0.007319048566775
1666284763.557516575 35.456091160450846 451.750903584235118 14.376951919971738 0.096038514788594 0.994281146371510 -0.043981075900202 0.015724840540279
1666284763.657105684 35.339816021393936 451.820647572838311 14.383998986810489 0.121064993934691 0.991445821224446 -0.042386172733677 0.024121840335421
1666284763.756218910 35.225321840085115 451.888777305998872 14.365045434499583 0.131836378624886 0.989968879560983 -0.043142403015197 0.026823866871187
1666284763.856806040 35.105066465196884 451.958707745054028 14.339952102761679 0.133669511554589 0.989920514904916 -0.040296552113042 0.023791253412629
1666284763.953381300 34.984084060611075 452.024957905510860 14.342137459413328 0.125658011783325 0.991369196473627 -0.033977096558719 0.015580027834892
1666284764.054253340 34.851015576172550 452.092550126485264 14.358343269920690 0.122255682039287 0.991704979034960 -0.032809306867375 0.022323354346089
1666284764.153958559 34.717126858115293 452.158495981855538 14.365234836515494 0.110161174050052 0.992709406570581 -0.036515576119356 0.032544777443856
1666284764.254403830 34.586201407572638 452.223983399575445 14.339721344235365 0.117486917322965 0.991673564301282 -0.037167233152897 0.037402712517884
1666284764.355060339 34.456495042327624 452.288886666903693 14.313929145578946 0.134090262193988 0.989729532955004 -0.038623029202410 0.031040534735198
1666284764.455295324 34.324229942637388 452.349474294585150 14.322815522848369 0.142573037115675 0.988790465514536 -0.041582114758300 0.015403640069396
1666284764.557148218 34.183797696425032 452.408912793313618 14.343046446231090 0.155502252330597 0.986981318130756 -0.038502767225468 0.014299094270879
1666284764.655786037 34.047422249131664 452.468604130732444 14.355042208336124 0.166801574537099 0.985181340964099 -0.036154403301531 0.016965237105148
1666284764.755972624 33.909536041466950 452.530373500039332 14.331639257798198 0.154593731714182 0.987163347515967 -0.038316580897493 0.011880364644181
1666284764.855863810 33.765872611838304 452.592240319833707 14.305348045870078 0.137307099100770 0.989864808761952 -0.035970691401242 0.004531034243065
1666284764.955300331 33.607221402122271 452.650814366883083 14.324908451981207 0.123560653831546 0.991881945875258 -0.028848084871413 0.008411793547461
1666284765.056141376 33.445109588163383 452.706111755716108 14.348234050388262 0.118233654999267 0.992307968503754 -0.028499650133789 0.023096935115253
1666284765.155879021 33.291777606900233 452.754678107901498 14.341334353161484 0.104029977875872 0.993650780507379 -0.029021917920335 0.031521712841268
1666284765.255547047 33.145166833622092 452.801022405469837 14.308408691990579 0.114821927132382 0.992527344760424 -0.027705094705868 0.030623890669983
1666284765.356669664 32.997920138339389 452.846093138665310 14.300203134100620 0.124259154682062 0.991686211569311 -0.028370045035020 0.017699175283534
1666284765.457146406 32.845574758256632 452.894697222397326 14.325522602204208 0.141849346758293 0.989346738277079 -0.029646501091214 0.013888097702656
1666284765.556397915 32.696182418580520 452.944369943939535 14.350017724848637 0.155351287250658 0.987207135781633 -0.029287110599086 0.020744005499075
1666284765.657546997 32.551603597624265 452.994895391271712 14.337732902823594 0.163437276424865 0.985857770623230 -0.031667712022150 0.019231973167072
1666284765.755006313 32.413275354985153 453.043828762272938 14.306223328525400 0.147574777000658 0.988437146198557 -0.032790939352302 0.011766371762434
1666284765.854800701 32.266207702370501 453.092709062737981 14.308893594759395 0.125610161883943 0.991698881455182 -0.027297851974952 -0.003200473337539
1666284765.955806017 32.110814260443583 453.142548786625184 14.333931161510879 0.124560690534246 0.991985264133397 -0.020645188670777 -0.004862746196751
1666284766.056423187 31.952319217177621 453.193702762081330 14.351755946948604 0.109372648672009 0.993692624315639 -0.024713113770368 0.001361657424298
1666284766.154896259 31.797761585185675 453.244698960300582 14.330796396082754 0.101637779895632 0.994574869650720 -0.021770443192402 0.004078990113601
1666284766.257765055 31.634900706858826 453.302208890251904 14.298102939191059 0.133386603822690 0.990848907037804 -0.020555519924777 0.001981903948142
1666284766.357607365 31.469944324483784 453.359800425163826 14.306190605655370 0.153888703277448 0.987804264228925 -0.023186578074739 -0.004835821742209
1666284766.456722021 31.300834670114106 453.417940061896843 14.328407180559024 0.168061888436961 0.985433856962446 -0.025470225894846 0.005155851043835
1666284766.556557894 31.134092226923130 453.476039157256878 14.328583728669027 0.176371572367450 0.983844616707625 -0.028877389229011 0.010437194420681
1666284766.657531261 30.968480347002711 453.533090256838591 14.291478177217664 0.166820240949066 0.985412125644816 -0.032961783710914 0.006889895242755
1666284766.756119967 30.803149956981468 453.585221783618351 14.280253025459311 0.140631800984293 0.989479970208020 -0.033725658668100 -0.003829498198484
1666284766.855551958 30.626482546055655 453.634783177991153 14.307816734890206 0.137917570612514 0.989925075561449 -0.032032106235514 -0.001016199349550
1666284766.954693556 30.449039123212582 453.679837685679161 14.327962219323421 0.110285979462679 0.993255078319589 -0.034535436671807 0.009415717720539
1666284767.056438684 30.272475300166153 453.722910290277639 14.306075122638545 0.097408948103968 0.994625802563683 -0.032824089430592 0.012393097146380
1666284767.157812834 30.099672706973564 453.765248747318140 14.276619735779198 0.122952742828377 0.991907609567280 -0.030026944714726 0.010014974019086
1666284767.258210182 29.925499240175402 453.808592680136655 14.294529722659583 0.136345863160710 0.990092879773641 -0.033527470835135 0.001343026395615
1666284767.358100653 29.751316272287283 453.854902297076649 14.324246193671677 0.148205316075104 0.988435853215041 -0.030908415511933 0.008626599369107
1666284767.459267378 29.584281415692647 453.904454898179097 14.322388778195419 0.174568756116179 0.984162979609531 -0.029008448331355 0.010367684386951
1666284767.557395697 29.423676724753026 453.951846844062857 14.288299632091633 0.166483287948965 0.985524991977751 -0.031887945198836 0.002638933866695
1666284767.655912876 29.258851315107947 453.995731930889349 14.276509271309658 0.136189696548018 0.990046744112528 -0.033141038160576 -0.012707581043608
1666284767.756387949 29.082689095923584 454.037632170631753 14.294441724929113 0.125018298093576 0.991492405278753 -0.033118410943457 -0.014710753648930
1666284767.857383490 28.897179234901454 454.076500195733786 14.315064270336793 0.086075419917799 0.995484344808500 -0.039776066694192 -0.004450375883494
1666284767.957957745 28.713407721487737 454.113175504919639 14.289323317282175 0.079448726084411 0.996096493678802 -0.038345865794080 0.003044631482408
1666284768.058749199 28.532388190739724 454.150205482471335 14.259549626760800 0.105927375274148 0.993774411316370 -0.034260611970329 0.004245120463691
1666284768.160126686 28.350043495087288 454.194482341942376 14.279734158901672 0.124509722341504 0.991471254950439 -0.038497652636778 0.000101935775430
1666284768.260157347 28.171912192509325 454.241089745173383 14.311053138911600 0.133454117701284 0.990096727164618 -0.041977085377077 0.011678768331000
1666284768.359199047 28.005563003834911 454.286073115256045 14.306395419165323 0.154026601973464 0.987097708828051 -0.041288554836497 0.014462861073611
1666284768.459584951 27.841336297064803 454.328054223885999 14.270605843621311 0.147031113865680 0.988185321337680 -0.042410575229924 0.008541976166575
1666284768.557597637 27.678190792569954 454.365361434493821 14.267621010903124 0.120788383808424 0.991796023038363 -0.041142959143076 -0.007620494418809
1666284768.657249928 27.505138025413391 454.399671077195535 14.292424231757961 0.117410444973885 0.992374768409217 -0.036461319066827 -0.008813549097567
1666284768.758025408 27.328763274398728 454.430777382165161 14.311802009751979 0.092280443698600 0.995025099415863 -0.037525027659167 -0.001115142331553
1666284768.857941151 27.156572663194947 454.460952771676773 14.288492322956889 0.085444766692219 0.995720015810141 -0.035152769684629 0.002263789624364
1666284768.959161282 26.981621044500518 454.495185862830510 14.259908439270530 0.102492726217700 0.994254225263567 -0.030823532046647 0.001920023483361
1666284769.060094357 26.805255987031202 454.538748578940613 14.274468996613020 0.127505805005451 0.991246549077618 -0.034122043283783 -0.002869633036664
1666284769.159217834 26.633927823507165 454.586101520810928 14.301312725555844 0.142543175807963 0.989188686919593 -0.033867813016705 0.006336871652201
1666284769.259291410 26.469251058856255 454.636395449650081 14.300828976988187 0.177989479182716 0.983460356648390 -0.032173775483747 0.009503703089248
1666284769.358830929 26.309601077330189 454.684215582609681 14.265375122068614 0.177549752371000 0.983605425897362 -0.031536867308532 0.001370247652402
1666284769.457675934 26.150380866505383 454.729410838381909 14.252777926979984 0.157498678211424 0.986942157082272 -0.029866912606551 -0.015726171396748
1666284769.557238340 25.980366517025466 454.773993907820682 14.277704876092077 0.149434135760225 0.988118189448887 -0.031004390831739 -0.018182697792138
1666284769.657020092 25.806812161581831 454.817084040455484 14.303499323771423 0.122720960697550 0.991840146974839 -0.033274095808562 -0.009247875568054
1666284769.757192612 25.637298668588162 454.859603655022852 14.284133510720814 0.116378366052894 0.992684602148645 -0.031731587199208 -0.005144214776327
1666284769.858204365 25.470530554777135 454.904053665220488 14.247761390548726 0.140777860974343 0.989563058865936 -0.029609285803281 -0.008356828441510
1666284769.959966898 25.303192596171566 454.953309117531546 14.256516027755271 0.156907250442497 0.986912773689939 -0.032152655439951 -0.018694882571618
1666284770.059797287 25.134484637038479 455.006187231082890 14.287149965652587 0.171677013120029 0.984514299741679 -0.034063314340698 -0.009913999519052
1666284770.159356117 24.970842137566319 455.061516052512218 14.294815460031735 0.196462078075563 0.979980876306184 -0.032215833188766 -0.001507993484196
1666284770.259703636 24.809945178393988 455.119926330447925 14.261898682022798 0.206372172487169 0.977915473630704 -0.032963091061803 -0.002299453024877
1666284770.359333277 24.651890226683747 455.184330387445073 14.239736158499330 0.191347230181565 0.980787957970043 -0.036172681840188 -0.011521982958003
1666284770.457893133 24.493621015957714 455.252875336299553 14.252470791328118 0.182467719054300 0.982272757009808 -0.037487757767835 -0.020986432689048
1666284770.557836771 24.329633833665348 455.327617268378106 14.276910368145179 0.180040426853161 0.982660424712327 -0.042816442705156 -0.011431825610838
1666284770.657334328 24.169360982933995 455.404241975938646 14.274109902815580 0.179816636659202 0.982742817454994 -0.042929697560294 -0.006290706524296
1666284770.758240223 24.009214631931147 455.485858025273330 14.236146456735856 0.213482016415946 0.976194090135385 -0.038205180333286 -0.003300188999198
1666284770.859695673 23.850789794184536 455.571976939721083 14.226147585987309 0.263709175143165 0.963824145295853 -0.037424615844046 -0.009994299322930
1666284770.959419012 23.694467577729782 455.659145948935191 14.245843003841625 0.288301774632169 0.956823030452962 -0.036525177416113 -0.006138937487310
1666284771.060335875 23.541088178259802 455.750318333531538 14.261769479277698 0.320454504078570 0.946665170901203 -0.033511066687046 0.003312616465832
1666284771.161359787 23.392763378335125 455.840709719556230 14.232278089201664 0.332964921486730 0.942370022498451 -0.032754497245813 -0.000494637017770
1666284771.259457350 23.246835216494777 455.930377654551648 14.194908097031721 0.319253625825979 0.947252856365522 -0.026361459436720 -0.009706799714213
1666284771.360126734 23.084342075569111 456.027781217291420 14.204086738229092 0.305815732473118 0.951749763464410 -0.019975434838712 -0.015814788028142
1666284771.457828760 22.920953147729492 456.123973620952313 14.234892541271394 0.295926064786890 0.955013639985065 -0.018872875268916 -0.004530585095362
1666284771.558967113 22.757361528674799 456.219295786831651 14.232181045904323 0.282473273762811 0.959153114069124 -0.015295967415993 -0.000432159728308
1666284771.659132481 22.600013407756705 456.314309514496586 14.190698421364711 0.288448981024286 0.957440781185751 -0.009978246459070 -0.002184139663933
1666284771.760731220 22.441920538988370 456.413195576938733 14.182196174581021 0.322327308989625 0.946518691351116 -0.003050042455625 -0.014077288215264
1666284771.860898018 22.282638731366980 456.516333696026834 14.209680104403944 0.340307795527728 0.940256125010986 -0.001487689256045 -0.010334914758271
1666284771.960412502 22.128093921588992 456.622453433487522 14.225579811341936 0.351799880132171 0.936069301814889 -0.001190368631588 -0.003112806016568
1666284772.059909344 21.976231955311032 456.730490362417129 14.194568724377795 0.359109360482602 0.933290862419297 0.000276065496330 -0.002925256614887
1666284772.158734798 21.821292662804836 456.838356783738618 14.172413633355623 0.328111668504499 0.944601173409758 -0.001573198072936 -0.008299471785945
1666284772.257776260 21.651337353403246 456.948123959554493 14.203961098200255 0.300056211157639 0.953905555235930 -0.005471694119897 -0.000722771895143
1666284772.358215570 21.476226652238587 457.055048035146172 14.232242273727987 0.278923788976063 0.960009039954585 -0.015177020608403 0.018810135410604
1666284772.457937479 21.307764896785375 457.152344014013124 14.215401985806880 0.238968422546086 0.970311959714537 -0.025298229790720 0.027364090158922
1666284772.558987856 21.144295715426662 457.245501862653327 14.171654986952806 0.231558667453240 0.971948363235629 -0.030468575527104 0.027724152578782
1666284772.660138607 20.979935598920349 457.334842582131785 14.176521471462010 0.240496830855710 0.970052949557205 -0.030446904045552 0.015216288567411
1666284772.760624886 20.811736247355281 457.423838196085057 14.207818718887438 0.244419549741562 0.968812991252048 -0.037083240513066 0.016890972690782
1666284772.860289097 20.649281601502569 457.506563880139367 14.219305186775323 0.237642263529538 0.970458930884536 -0.038614170946202 0.015638537436046
1666284772.959936619 20.490016444846354 457.582301256159155 14.187809519650088 0.228383350956153 0.972858313351700 -0.037072634690639 0.003656077900952
1666284773.058976650 20.321602793759229 457.652291588991943 14.172129535194767 0.207049873873744 0.977846067622316 -0.028977593895159 -0.010378671229337
1666284773.159611702 20.134494847333450 457.722383709306030 14.201865589108293 0.199778950477178 0.979546076262456 -0.022029347542128 -0.009620980819626
1666284773.259102821 19.948353128705339 457.787269087256391 14.228635714204529 0.174601241277028 0.984313097038911 -0.025301583816334 0.001401213250386
1666284773.358608723 19.767946395197573 457.846899462230169 14.207663337350091 0.147047618285973 0.988776404428186 -0.026171866836476 0.003640520400278
1666284773.459161758 19.587517617652640 457.905765297613755 14.168461033542945 0.153330881870477 0.987750133113753 -0.028920186578902 0.001714061499954
1666284773.559886456 19.401177815077812 457.965758813139075 14.180377709408070 0.166367096675209 0.985594924457217 -0.030021958258477 -0.004828669626418
1666284773.661550760 19.209741549324672 458.028268231186644 14.209186252688234 0.168974150689555 0.985134881704590 -0.030341301498941 0.006033794078229
1666284773.760173082 19.031173117547681 458.089603020164532 14.204663770750237 0.184363912976597 0.982315121517438 -0.031130234524674 0.009892326752448
1666284773.860044718 18.852249919212596 458.150285518746159 14.164422538415248 0.174400942488383 0.984132066593232 -0.032253052249153 0.005303525498242
1666284773.958513498 18.670543712707854 458.209143617078382 14.154069582065933 0.149545700682245 0.988237594060407 -0.031305981339079 -0.006517409420313
1666284774.058932781 18.472946115779255 458.266833801125699 14.181441933864281 0.142325778665349 0.989300998242316 -0.032010116012181 0.001503355229647
1666284774.158833265 18.276381457942932 458.318245063588051 14.198893576623666 0.115214055751391 0.992576762706580 -0.036693195699111 0.013065254747939
1666284774.259068012 18.085504633310705 458.363235364735488 14.168075838673273 0.107792671564461 0.993354533852830 -0.036802305702137 0.016525747366742
1666284774.359761953 17.899171278767909 458.405232083511180 14.140875406749938 0.129532310178989 0.991022234398175 -0.030715157903671 0.012364894787089
1666284774.460484743 17.714227242797339 458.450956650938110 14.160235659550928 0.148856998656981 0.988375077689994 -0.030084929408383 0.007155192144687
1666284774.560656548 17.531205182124665 458.502252345489580 14.190878183811998 0.162922701356043 0.986122319159757 -0.028838783900917 0.013685378363371
1666284774.660952091 17.352057856732337 458.556219744324210 14.177039363203260 0.175353362054193 0.983942773284795 -0.031114284269646 0.011820263588649
1666284774.761294127 17.170656352597401 458.609205277431897 14.138349305561725 0.160038000638117 0.986518964020365 -0.033526062132111 0.006646437982437
1666284774.858920813 16.987267903921342 458.656783386530776 14.147197315337277 0.145276830031291 0.988857375064353 -0.032380188435154 -0.002694036711229
1666284774.961206198 16.787663121405146 458.698194797013969 14.180184532013010 0.126950155011413 0.991384937097041 -0.031158434918697 0.008289546012349
1666284775.058612108 16.600626418576020 458.732259219691457 14.183912936643562 0.110996265580222 0.993164424807091 -0.032380567657798 0.015992284483562
1666284775.160302401 16.412024340297588 458.767001420297674 14.144135106029967 0.113794034746817 0.992935303033583 -0.028835450202486 0.017289258436010
1666284775.261410713 16.233029941175559 458.806339542652609 14.135226115884350 0.137876608358569 0.990013836677444 -0.028723080638193 0.006134223129055
1666284775.361521482 16.052025332862087 458.853407146720372 14.169390348841404 0.139845460114584 0.989501822026014 -0.035815328295426 0.006830355161326
1666284775.461961508 15.872892508983627 458.904776392473821 14.188140242500367 0.152274512944634 0.987613770486905 -0.035785751322695 0.012283853401293
1666284775.561504126 15.700142570018032 458.956409406412433 14.159435127085159 0.163782245366949 0.985755365697537 -0.036918955958548 0.009936085346139
1666284775.660428524 15.530299640320106 459.007615778907621 14.133433100127448 0.140634807596038 0.989361187697716 -0.037217678346978 -0.001065639831827
1666284775.760965109 15.351301789635961 459.058863388788495 14.157045290267551 0.128344809849740 0.991041894729746 -0.036323849828797 -0.006644592442320
1666284775.861862421 15.168573210209194 459.105502430163881 14.189290890590492 0.112513082396598 0.992947652234169 -0.037306887888877 0.001990559799625
1666284775.961940050 14.991015154782184 459.148734066760767 14.179177139663453 0.103625157149750 0.994004611356905 -0.034402399078955 0.005756243958472
1666284776.061280012 14.817458225312393 459.193282565078619 14.137618260997270 0.113197976945543 0.992940650534552 -0.035030896279691 0.005283827902099
1666284776.161392450 14.641216374218994 459.239060816761480 14.136598368074361 0.135216154463181 0.990181816199962 -0.034916450541015 -0.006115874487862
1666284776.261777401 14.460224727257682 459.285610465579111 14.163572849113049 0.153762438133488 0.987482963771728 -0.035025593195195 -0.002777895097890
1666284776.361126423 14.286570243489683 459.332468128674634 14.179844879380100 0.170838671333232 0.984765121779521 -0.032371249675704 0.001976233309712
1666284776.460725307 14.118867123765277 459.379530321009838 14.151535091409533 0.177265672716589 0.983691869891755 -0.030209716850881 -0.003815677264713
1666284776.559608459 13.947115226342687 459.426306774605848 14.126371017264553 0.152408199765095 0.987709968338011 -0.031958676056414 -0.013394107465961
1666284776.659663677 13.759412659279278 459.473813062889292 14.149321362626823 0.142218666939121 0.989254197635349 -0.031380960600269 -0.012853736682574
1666284776.761085749 13.564648926509483 459.516514432880115 14.175181088901336 0.123594624851022 0.991813605031534 -0.031910153149966 0.003447275479670
1666284776.862553835 13.375454025639398 459.554434709211819 14.160444247926653 0.107834672948498 0.993644345558163 -0.030225776029951 0.011357830504451
1666284776.961320162 13.196209023613575 459.593898472343312 14.124572277313868 0.121285345145497 0.992206607885844 -0.025692894443472 0.012481486118279
1666284777.062365294 13.013728905713053 459.636441402224534 14.127627026026452 0.136318474712355 0.990332717848980 -0.025655425685070 0.000424903361358
1666284777.161432266 12.832101103019617 459.681748755264437 14.153658783110973 0.152207289849891 0.988070822261363 -0.022803872302691 0.005382798557183
1666284777.261231899 12.655080817182752 459.730314200346243 14.167469749719537 0.171592877760263 0.984942276930432 -0.019140716432883 0.008844681536631
1666284777.360703945 12.481644958432053 459.778832447390926 14.134196966348453 0.161578033483812 0.986635315489885 -0.020907583203113 0.002483201216835
1666284777.460582972 12.300846861638311 459.827851951623757 14.109295076996915 0.135273329123414 0.990598895982310 -0.019548311668677 -0.005728631372459
1666284777.561127663 12.107548971885924 459.876441478851632 14.131179595258617 0.118863521175128 0.992652045592909 -0.022540097790190 -0.002307315685260
1666284777.660428762 11.915788551454222 459.920279103957398 14.152190083057295 0.087370835540482 0.995665523465683 -0.029646308445744 0.011730254656439
1666284777.759456873 11.730521022331448 459.960148487182380 14.130923090205053 0.066545526319383 0.997004999150055 -0.035679081478946 0.016725063273234
1666284777.861286402 11.544002705901908 459.998161164708847 14.097597097613328 0.084684116097279 0.995610496333611 -0.036850873497206 0.015177390871161
1666284777.963173151 11.356319816563493 460.033727515970725 14.114864543883638 0.103887380377641 0.993863300798814 -0.037283008334909 0.007288951437374
1666284778.061889410 11.174460014638006 460.070297544210973 14.148140889721565 0.123608029083720 0.991411795768946 -0.039126034982172 0.017113145321798
1666284778.161632061 11.000197829479919 460.106511928213081 14.146120313588559 0.129660276485653 0.990552637409523 -0.040777641176764 0.018189810410242
1666284778.262641907 10.826668413998672 460.137290044402960 14.107597876474241 0.116192710609535 0.992217038533864 -0.043554867614051 0.010371882732661
1666284778.361874104 10.649047291746488 460.163845920855579 14.097189876925817 0.089118001363659 0.995176218805702 -0.040687265632922 -0.005178974014975
1666284778.459773302 10.462749480675663 460.190699503479948 14.115458299439327 0.086039546653205 0.995477623768658 -0.039898554388618 -0.005440803738076
1666284778.559509754 10.269707001061979 460.214093330594324 14.136385500771807 0.061317913978698 0.997253565552068 -0.041106670206808 0.005973364503971
1666284778.660366535 10.079422951419037 460.237581764393383 14.112399823489232 0.063947588943869 0.997217169444007 -0.036797671493301 0.010702999907450
1666284778.762061834 9.888786733094081 460.266563082203334 14.077226366377429 0.080742162975582 0.996041321780167 -0.035439204818576 0.011245051634797
1666284778.861694098 9.698814855012419 460.300554640098198 14.091918062743563 0.097838526115956 0.994510941995296 -0.036197100396299 0.008085727053640
1666284778.961424589 9.510958669668216 460.336256889446133 14.122061608881541 0.109753896219452 0.993085902499810 -0.037338191259639 0.018448089176026
1666284779.061123848 9.332948590510551 460.372615289163662 14.120786763538433 0.128030285464169 0.990965045548632 -0.034433017017752 0.020270467281669
1666284779.160861254 9.160809793290831 460.407816389455434 14.084117156081609 0.122618681800489 0.991763087666930 -0.034864049729696 0.012455314179596
1666284779.259513140 8.988804104248389 460.439716169692076 14.074248384943584 0.091376035677780 0.995263398492565 -0.032878922931461 -0.004490451170017
1666284779.360847950 8.801836616511606 460.468237559736281 14.098785660352483 0.081865539595290 0.995914693332198 -0.037878950915177 -0.004140303053120
1666284779.461654425 8.609757069051687 460.491605054431261 14.116406233032849 0.047831840021514 0.997978098528968 -0.041433954358354 0.005920925847523
1666284779.561971903 8.419611653641681 460.511576031833329 14.087962288410043 0.040239002755261 0.998207260451467 -0.042913447171129 0.011023787512928
1666284779.662502050 8.232572806389589 460.529104843570565 14.056779129337182 0.063574508037886 0.997181106345946 -0.038720303521833 0.009426620263523
1666284779.761933327 8.047311688903720 460.543977260922759 14.068397749806170 0.077860601071623 0.996220121051216 -0.038168757265527 0.005132560985566
1666284779.861878157 7.861869848236038 460.559879275974367 14.095528402119808 0.092758805883424 0.994909955168194 -0.036593647450776 0.014522052353311
1666284779.961434364 7.685618561912561 460.574278176956000 14.089595622349263 0.089347208974802 0.995176903620758 -0.037928188331189 0.014193635127331
1666284780.061855555 7.513610533744734 460.583558278812689 14.053474755756564 0.074449366166460 0.996494738560301 -0.037711275345241 0.005778201353749
1666284780.161787510 7.338755038713793 460.587944556037314 14.054015903200249 0.057758068780212 0.997666129008093 -0.034725854774531 -0.010973401066504
1666284780.264367104 7.146959286447713 460.589887511948007 14.086243822420059 0.049924351844623 0.998374552471156 -0.027086896818839 -0.004702349587158
1666284780.361913919 6.963184618625892 460.592168688603749 14.101429665496790 0.028099871447285 0.999215165997460 -0.027570373505394 0.004395881036673
1666284780.461943388 6.778394446421164 460.596241058745647 14.072511883819027 0.021693762993666 0.999334571527962 -0.028504525671377 0.006876540732704
1666284780.562797308 6.597178985022391 460.601430518591940 14.050415476980641 0.045092063620877 0.998479870018653 -0.031696196656223 0.000077996626755
1666284780.663832903 6.411895883760706 460.605123065647149 14.071496410242341 0.054520422478397 0.997828071897400 -0.036400676469302 -0.006453930497831
1666284780.763694048 6.228449648761495 460.608495787120717 14.102258845867828 0.057600322367474 0.997649399534675 -0.037110474446313 0.000831358908799
1666284780.856586933 6.065134467389998 460.611157959451475 14.098682936133143 0.065799655883682 0.997149673506860 -0.036832058269753 -0.002516623604080
1666284780.956227303 5.892510651321075 460.611234975947127 14.061668792494132 0.048658257211600 0.998093966751551 -0.036158983577804 -0.011547096860393
1666284781.054453611 5.720832704961910 460.609638898052935 14.056073282748669 0.016472720057894 0.998822339294107 -0.034813652749387 -0.029505823208088
1666284781.155248642 5.537244668924528 460.610161762912014 14.079673817063744 0.013913184021362 0.998917940947075 -0.033723746540839 -0.028845787971447
1666284781.255366564 5.352688479150641 460.607986731955521 14.101233022515412 -0.018441137278687 0.998871107565848 -0.039076625579605 -0.019734544822604
1666284781.357522488 5.165175294018333 460.606386313600296 14.072538727021019 -0.020877320513801 0.999020695047861 -0.036086146660776 -0.014818177129081
1666284781.460746288 4.976011107592648 460.604803300381377 14.035411619606295 0.012429153009639 0.999034808841759 -0.040129927083027 -0.012827931644797
1666284781.562203646 4.792518602344483 460.594908600264830 14.036117556435590 0.012037874727422 0.998530630073103 -0.047198855900099 -0.023747386794790
1666284781.657068729 4.616316513750068 460.579255237513223 14.062663851590379 0.026154354316458 0.998543892761307 -0.045780957066361 -0.011408240419703
1666284781.755383968 4.437305932702418 460.555331113852105 14.077026973637087 0.011847779324494 0.998837058955922 -0.046035796138553 -0.008053896898521
1666284781.854703665 4.259313366794440 460.523615700986170 14.047588038107339 -0.019129419484980 0.998879974010244 -0.041560011347293 -0.012067654630217
1666284781.953877449 4.078727324211420 460.487363551151077 14.034716262420467 -0.044329586614438 0.998182605065632 -0.034743052236993 -0.021431169269081
1666284782.053980112 3.884026498151358 460.447567906182314 14.062203498454599 -0.051993328278262 0.998132306780601 -0.029989352594575 -0.011367968435191
1666284782.153921604 3.691162262018377 460.402283764023537 14.090168797425115 -0.088200530983599 0.995666063243154 -0.028505337605008 0.007563237938634
1666284782.256160975 3.504627935701470 460.353256681992264 14.073073329421547 -0.107209542457375 0.993761338853857 -0.026003126094126 0.016381478529203
1666284782.356160402 3.329443327089650 460.302822064116413 14.045518719888140 -0.114192661868455 0.993000931560475 -0.024354531343946 0.017777589781614
1666284782.456896305 3.153265240669485 460.249113668142115 14.064790317948457 -0.118479570541264 0.992406576699060 -0.029843796448984 0.014181879364969
1666284782.558419466 2.979961657293829 460.190168816015273 14.097519949417499 -0.133579076599222 0.990367674744124 -0.029147294519611 0.021884568513096
1666284782.657859325 2.821769271733139 460.131793643099627 14.109618108577514 -0.140888163233588 0.989419240850292 -0.026097388600369 0.022781957864479
1666284782.757760048 2.667528790340238 460.070418189401551 14.083813278752277 -0.166164564581775 0.985605155064813 -0.027531803083450 0.014622435022546
1666284782.860145092 2.505369199482768 460.001934296232093 14.065495904497929 -0.207137250082077 0.977893635096372 -0.028539811819723 0.001917604686466
1666284782.954625368 2.349632376144085 459.927982116964927 14.085796549239609 -0.227946874983244 0.973418292148712 -0.022267231456327 -0.001105033451442
1666284783.055711508 2.182748064040162 459.841052868987504 14.109159684790564 -0.258167268959856 0.965782030935409 -0.022228372191787 0.010983142983196
1666284783.154633760 2.025316779128203 459.754123342210960 14.097132401453138 -0.283124644383296 0.958743688868993 -0.018483555625648 0.017587864229111
1666284783.255660534 1.869742856978843 459.667641259659717 14.063043508881355 -0.276759726653154 0.960644148303141 -0.017297340304467 0.016360808421241
1666284783.357944965 1.721763908824185 459.575099903180956 14.063463712380475 -0.267499949069155 0.963399537858020 -0.017462096206312 0.000427666967422
1666284783.460396290 1.576760961582305 459.471863987121765 14.091695063815298 -0.264911664187511 0.964178242202449 -0.013245603130747 -0.002584847868061
1666284783.559140921 1.439675911905341 459.370172701088279 14.115296497814590 -0.267043944236709 0.963621451895377 -0.009714681330613 -0.005182109627556
1666284783.657487869 1.304484562350460 459.268222787567083 14.097203074611745 -0.292162834709815 0.956212383509065 -0.010555809576033 -0.013686874092787
1666284783.757130861 1.164831662820341 459.160095211433884 14.078355373051613 -0.322450476815340 0.946162283350185 -0.018968491395488 -0.021043286371248
1666284783.858375549 1.023622321496602 459.038311153655229 14.098869771412105 -0.352401055391316 0.935304463452373 -0.020192790063644 -0.024724644276543
1666284783.959110975 0.888907685533198 458.909119320600155 14.124788892340769 -0.388585799107953 0.921073407690724 -0.020323912486901 -0.014553108185403
1666284784.060441017 0.760913520605548 458.775672983685354 14.113889105572113 -0.425743581058851 0.904545642569483 -0.021569034686206 -0.008623249877643
1666284784.160860300 0.637659284808251 458.639673857198773 14.083441522193494 -0.420470479810014 0.907081703429223 -0.018774867963339 -0.007406972744280
1666284784.262553930 0.518268055034223 458.494668126929980 14.091919104776382 -0.410233350203331 0.911650531570548 -0.019134699612349 -0.015354801816805
1666284784.363012791 0.395680999930545 458.344816843275396 14.120677348288199 -0.413710745994952 0.910270716070565 -0.015680803014305 -0.002180488364506
1666284784.462876081 0.273361587070454 458.197618581297434 14.126560268360047 -0.419339831241614 0.907570590365979 -0.017091952144021 0.013326462730597
1666284784.562885523 0.153444403453202 458.048933890007731 14.094615266247940 -0.437708469707391 0.898698692196292 -0.018971311173356 0.019800139985681
1666284784.662092924 0.039253736474899 457.893246486528483 14.082209001614599 -0.459376395716586 0.887703371693389 -0.023474709916161 0.020124336932684
1666284784.761236429 -0.071621218387620 457.723768309568356 14.116271977416057 -0.469801938059259 0.882284281975984 -0.015597128346371 0.024845811744320
1666284784.861884356 -0.175649211432655 457.553022006394087 14.142426527992892 -0.490542405784044 0.870289679840797 -0.015406518405901 0.041553104346292
1666284784.960243464 -0.265081555857818 457.393062353641994 14.126796265303446 -0.523203025041346 0.850735687063287 -0.016694203975065 0.047208991708994
1666284785.061944246 -0.346332770518283 457.231972890836687 14.098966077374936 -0.528259259324330 0.847647936176817 -0.022517753353346 0.043909930735663
1666284785.161004066 -0.416760483781282 457.071997981898619 14.113617780087509 -0.514679951767740 0.856471581723363 -0.028334995202560 0.027533706534148
1666284785.261405945 -0.487294226176006 456.902373560395745 14.142853555008921 -0.503967111870351 0.863164121046485 -0.019809671897909 0.023925450683380
1666284785.362639427 -0.559969510549705 456.733358456260760 14.153206430534610 -0.492337721307664 0.870118897954338 -0.010957454320224 0.019406333891915
1666284785.461258173 -0.632513022414717 456.568751768268214 14.124744064673108 -0.497922236356276 0.867115859737206 -0.008078542102923 0.010875177776134
1666284785.560498714 -0.707441566400594 456.397028380016422 14.111762486122487 -0.518415767771031 0.855037089944492 -0.012068446847823 0.003319508443753
1666284785.659876823 -0.781770667020458 456.215895519737387 14.137495327413507 -0.529526495447012 0.848227739987722 -0.009133407547134 0.005288913074110
1666284785.761930227 -0.852917185131439 456.030747612057667 14.159760245185968 -0.553708191360498 0.832610032686112 -0.000520953175271 0.012942213817855
1666284785.861744404 -0.919908463009721 455.855475116857576 14.138155170814962 -0.563406109678082 0.826067059554551 0.003216989449962 0.013282306847313
1666284785.964263201 -0.989909255280459 455.675695811768492 14.113565673954559 -0.552202126579351 0.833648773158902 0.001124237805340 0.010063324562800
1666284786.062875986 -1.059215917927240 455.498258491043771 14.135251842973442 -0.544515103038489 0.838725808531143 -0.005859497200857 0.002826120895563
1666284786.164238214 -1.133716214031340 455.313078425408662 14.167264840373431 -0.541366431678777 0.840706658402866 -0.003398856785071 0.011097249255061
1666284786.254421711 -1.201223322241736 455.151807114306337 14.166916027942289 -0.533109478343156 0.845965523177864 -0.003172079109321 0.011249693738764
1666284786.353729010 -1.274985669511314 454.972935070067649 14.135635603667087 -0.541916026656811 0.840279239929777 -0.010816297190114 0.011867043044776
1666284786.453149557 -1.345190730916176 454.787078335224294 14.140408597738332 -0.558127612979948 0.829648791255895 -0.012984832420729 0.002800879137597
1666284786.553428173 -1.416667978540324 454.593131338364117 14.172249345343163 -0.564251183825873 0.825475831605002 -0.009062404594331 0.011319267206860
1666284786.652624369 -1.486740368808350 454.404081179364823 14.186506327528960 -0.588115382024462 0.808345694010466 -0.005242656505792 0.025885342449374
1666284786.753408909 -1.555190564698090 454.219457083933719 14.156975024839779 -0.601150327781543 0.798445949482314 -0.005270020572495 0.032780726755143
1666284786.855483532 -1.618834802503793 454.039451056167707 14.137922720461036 -0.580416005631737 0.813572558243222 -0.012086303688512 0.032724213408858
1666284786.955839396 -1.675924719435006 453.863645376464490 14.163466301893228 -0.568457142371925 0.822105036760949 -0.016975467676352 0.026676193802586
1666284787.056933880 -1.735305658042607 453.686887906375659 14.194955128096838 -0.554274904334235 0.831848484807048 -0.010362896243160 0.026458252605712
1666284787.158205032 -1.796198342860790 453.513074842492813 14.186643743903833 -0.549511476337912 0.834908087596147 -0.017271912257097 0.025832221864480
1666284787.260135174 -1.858426363460968 453.334602615859353 14.155971078453288 -0.560817510407660 0.827323225686105 -0.023292421864071 0.021850934629862
1666284787.356909513 -1.915897606140804 453.158799446640501 14.168034533211594 -0.572992987127899 0.818949010558452 -0.029123738036714 0.012383969087009
1666284787.457540751 -1.972972375362839 452.970307534291294 14.201113764086520 -0.580553538002591 0.813627417574991 -0.024097264805119 0.019680871724518
1666284787.560199738 -2.029601732270619 452.779395589214346 14.209204669743906 -0.590133186796833 0.806680972796463 -0.018234027857732 0.026002888248230
1666284787.660812378 -2.085927393584887 452.595096708186304 14.176127494971851 -0.592406682626895 0.804976582437652 -0.015821823189077 0.028577858859064
1666284787.761516809 -2.141285710009113 452.415482195752759 14.166066271479394 -0.578018894790779 0.815414105141712 -0.021273448990098 0.023268750908752
1666284787.861327410 -2.193280395268446 452.237192239877515 14.191998257571884 -0.567154427569192 0.823010923403211 -0.025132411629656 0.018900717799445
1666284787.961843491 -2.247838491012332 452.061636275480794 14.216525061176615 -0.554444470388997 0.831753533642313 -0.019686386133847 0.019744232818190
1666284788.063013554 -2.305559511272757 451.891828198973315 14.198248837016493 -0.545550035235348 0.837687464206120 -0.022193660916291 0.012740203364300
1666284788.162613153 -2.364737405924668 451.722665841762364 14.169424697893771 -0.555463336789587 0.831005293234999 -0.028616108281756 0.008473632326107
1666284788.262220860 -2.425152080107039 451.544957502695979 14.188078121115707 -0.566969419171198 0.823034587736911 -0.033784736496226 0.004282136533020
1666284788.361486912 -2.482896521063484 451.362665542724301 14.220203452191450 -0.584904623392793 0.810554704425374 -0.026383494447629 0.013840660690974
1666284788.462579012 -2.539860168916811 451.181127499456238 14.219577083503538 -0.595888540078051 0.802412842507526 -0.023958782852917 0.021827842468918
1666284788.562382698 -2.596143184923995 451.006210689150691 14.185356711859061 -0.592297927952742 0.805056087479706 -0.022740893025947 0.023467261006327
1666284788.664525032 -2.652025319843744 450.829138169050509 14.184023361363527 -0.581682364423453 0.812591762442644 -0.032494228867837 0.016863558918099
1666284788.756172180 -2.703942161688297 450.663789837314482 14.211507454985020 -0.573815546329231 0.818106764740310 -0.032984997608260 0.018682350221867
1666284788.856249332 -2.764886334653119 450.485133148758052 14.231384236147525 -0.552528990127435 0.832838805428943 -0.024995031033737 0.021598325492282
1666284788.957676888 -2.828715308680069 450.307141183173428 14.206109072008021 -0.549665260287934 0.834679113924337 -0.026058689731828 0.022356723832921
1666284789.056710243 -2.893381392638395 450.132444556856058 14.186381044383284 -0.559998876162481 0.827625456981335 -0.031270470695291 0.021436401649767
1666284789.157471418 -2.958982109048242 449.951524886148434 14.211492861592323 -0.567116186478231 0.822856770632319 -0.032171132148504 0.015842484502881
1666284789.257035971 -3.020341826719261 449.772332594701311 14.238562704047178 -0.576690709388755 0.816001165297122 -0.029701920216210 0.026224413699901
1666284789.357733727 -3.079474130691371 449.593594163918681 14.234825521876061 -0.586408230560138 0.808825885023048 -0.029420478601382 0.032565476917698
1666284789.457648516 -3.138287629510597 449.416457659061336 14.204791207247533 -0.585305737673581 0.809596909964953 -0.029002555069509 0.033598937796090
1666284789.559716463 -3.199750947103515 449.233518524347062 14.212484837839165 -0.566890935431421 0.822382839278431 -0.037634447574271 0.030079583471427
1666284789.658921242 -3.260620135694051 449.050627872075836 14.244507392390028 -0.561984411751336 0.825469625565042 -0.036051858377109 0.038388562431685
1666284789.759764194 -3.322754952428641 448.869550043538766 14.255737953833730 -0.545451185412521 0.836498604254973 -0.029834318563713 0.043162516694417
1666284789.859173059 -3.381450711997769 448.695173183292184 14.228363655774483 -0.547134710476019 0.835354719300554 -0.032920427572362 0.041741430055388
1666284789.958106518 -3.439965564067013 448.521470244927798 14.216339178972353 -0.563716893081154 0.824438959116043 -0.037855626483968 0.033024516500518
1666284790.057644844 -3.499710930418526 448.342535213566293 14.245422579845142 -0.568730930346314 0.821015559826750 -0.042099865131018 0.026574061521226
1666284790.157828569 -3.558646201052267 448.160459740378087 14.275841530335164 -0.581824350915687 0.811920638098561 -0.036631739414163 0.030387789960074
1666284790.258077621 -3.619070271586765 447.980752532331621 14.266831355597379 -0.586860268489906 0.808246071099476 -0.035747050889935 0.032487877321998
1666284790.358843327 -3.685422245025244 447.800920230417489 14.238688376449488 -0.577138194510129 0.815121798471742 -0.036195230161160 0.034320014676033
1666284790.459091425 -3.751706129474826 447.625448922165958 14.251650629087688 -0.562153624004981 0.825281995011472 -0.045907415324819 0.028025719368916
1666284790.559361696 -3.817925789089196 447.447866468427947 14.280055504574923 -0.547095437637552 0.835323749399710 -0.044109769797445 0.031227295966875
1666284790.659961939 -3.886172717823805 447.271819954790658 14.289285668162121 -0.528775070921882 0.847224696941053 -0.039151611176985 0.032777867638797
1666284790.758739471 -3.951497853344524 447.098706776937547 14.264222351332686 -0.532858124671696 0.844586231406301 -0.042984782715821 0.029809816254710
1666284790.857212305 -4.015597906791251 446.924025998227762 14.258046304668493 -0.550355326895408 0.833484597648618 -0.045900285638445 0.017481516486846
1666284790.958641052 -4.081087568646850 446.738076748363881 14.286035206458136 -0.552012004310331 0.832544453354581 -0.043874850999490 0.015082365052778
1666284791.058943987 -4.142195294788940 446.551913433558639 14.314617262418428 -0.568481956725564 0.821624727649272 -0.037209992881880 0.019403304421279
1666284791.159096003 -4.200919531512456 446.369737835255023 14.299224362351030 -0.575854011238789 0.816612001564559 -0.035596779409456 0.016427596799139
1666284791.260924339 -4.261310685639953 446.187281646464101 14.272289195851810 -0.566873162245999 0.822961393454808 -0.034995404985682 0.012832943467100
1666284791.361275434 -4.319163887434262 446.008055435689016 14.289414543489761 -0.546430997531648 0.836495848376827 -0.040783444654763 0.004956937259391
1666284791.462311745 -4.378515965249937 445.825284781361518 14.320420771924145 -0.538305958458877 0.842135874197036 -0.031684194113796 0.005475063599890
1666284791.561236143 -4.437428724134597 445.649765394843030 14.317179905057593 -0.522039033962447 0.852402813314919 -0.029576857747591 0.003146483457164
1666284791.659363270 -4.497380204727797 445.473949875124049 14.285045125151075 -0.541106046090628 0.840278083710234 -0.033714763310152 -0.000551049331412
1666284791.758744717 -4.562378091259810 445.290566596312374 14.290781105914007 -0.559348852084469 0.828033933954352 -0.037703888284786 -0.008190402925083
1666284791.858457088 -4.627284680916175 445.097499050311228 14.322591392712848 -0.570658187576977 0.820350096911522 -0.036775844024870 0.004742229947569
1666284791.959932327 -4.688829973282357 444.899846749774383 14.337412826522266 -0.591399907536142 0.805434458333335 -0.032752631621127 0.021183668648754
1666284792.059749842 -4.745336291339536 444.708357262543416 14.309807122501612 -0.597184625644430 0.801020708616480 -0.029308307402055 0.029620438529868
1666284792.160908461 -4.799244231939846 444.516046754272452 14.299317025661177 -0.582583110825688 0.811735063673000 -0.028181930767114 0.029814160439163
1666284792.261358976 -4.850722496062763 444.325010413872860 14.326022422778561 -0.573905261985321 0.817812229269795 -0.029478909211252 0.030771770083050
1666284792.361095428 -4.902790114700013 444.138356085144153 14.350611198091109 -0.562473376358507 0.825992827085496 -0.015892119998008 0.033271474465959
1666284792.462004185 -4.957617452989767 443.954541542090055 14.337146667377406 -0.553845386935931 0.831874736868488 -0.014047482803923 0.032285875497596
1666284792.560011148 -5.012995701631224 443.773672063584797 14.308296630249341 -0.564374655929318 0.824811775220278 -0.016746767377603 0.029771277853644
1666284792.659231901 -5.072037776654689 443.578674756863791 14.325146046333904 -0.570416572339981 0.820693789326001 -0.018450385797393 0.027317053749709
1666284792.760311604 -5.127790600391472 443.376525546667779 14.360801257767253 -0.579993086288148 0.813771586448412 -0.008095051333980 0.036308333631331
1666284792.860407114 -5.175729828655673 443.188599668721281 14.367542471590918 -0.591185058779546 0.805502070772315 -0.004807845075738 0.040540410494519
1666284792.959805965 -5.217653723448433 443.013712998093808 14.339250438759482 -0.594639355120294 0.803214938666356 -0.008194312212967 0.034389720741530
1666284793.061977148 -5.259540534069280 442.836942976593491 14.338799258198293 -0.580003628190589 0.814111703688750 -0.019589626103231 0.020836788425500
1666284793.161099434 -5.303464750620286 442.657151942696373 14.374986394907323 -0.569507310908198 0.821498165177680 -0.020243918863284 0.019808361387934
1666284793.260330915 -5.351644309501663 442.478758726795718 14.400576630477799 -0.556669859083709 0.830375976104283 -0.014001751774522 0.019958888842497
1666284793.360071182 -5.401900955840503 442.303089130785054 14.378861071095162 -0.554168314725230 0.832083293346707 -0.016279815640933 0.016426791853373
1666284793.458817244 -5.453902991006922 442.123723452400100 14.356164156037634 -0.567308656438984 0.823051044088853 -0.023746267179130 0.013563994570211
1666284793.559143543 -5.509579101101737 441.928044627551856 14.384629586583763 -0.577035320130320 0.816225442081131 -0.024291307728537 0.014703720291097
1666284793.658680439 -5.561199904096354 441.734450478194162 14.411654983717867 -0.585816755141440 0.809754885262537 -0.020481042083494 0.026387157940616
1666284793.758652687 -5.609212471786019 441.548761254035185 14.400877912223226 -0.598578495398221 0.800318671234181 -0.018147942218347 0.029401726377814
1666284793.859770536 -5.657918826087089 441.367077152471893 14.369908996407107 -0.597720616184458 0.800779623397059 -0.024730705698841 0.029503422441711
1666284793.961569309 -5.710084997278043 441.183759651326511 14.381144087929052 -0.579010006182789 0.814091318373605 -0.037750226518169 0.024034526971816
1666284794.060927629 -5.764154578252349 440.998679553633337 14.417548047527728 -0.564482664603358 0.824153872419354 -0.032685167087724 0.032579069829011
1666284794.162112236 -5.821135217009610 440.815829884833931 14.427853775153956 -0.543665211170127 0.838098898831529 -0.025554130254506 0.036950783045235
1666284794.259253502 -5.873641382332451 440.646073292742642 14.396748688086769 -0.536908906608501 0.842519334370971 -0.027394638905640 0.033756939653798
1666284794.358670712 -5.925957931814276 440.473588387007908 14.383846922385372 -0.549638161412695 0.834456977266800 -0.033699858081868 0.021065710880243
1666284794.459780693 -5.981152509933675 440.292840635107780 14.408451725313162 -0.556312173049581 0.830090907367771 -0.035628319166338 0.014016936027028
1666284794.559321165 -6.034169513157395 440.115150151401735 14.432405493839491 -0.576061793458682 0.816490246662846 -0.034033702814364 0.018390059661560
1666284794.660508871 -6.088051923679619 439.938208557013240 14.417817678482105 -0.588767059125522 0.807357951248431 -0.035457970355739 0.016407954865608
1666284794.762033224 -6.144484143424974 439.760555671493307 14.382382134217968 -0.590027070733184 0.806220306460927 -0.040845646848617 0.014439750191242
1666284794.862176180 -6.203551661670904 439.582462053269353 14.389288505083119 -0.575292277950488 0.816645837735992 -0.045785108638125 0.005665197791231
1666284794.962902784 -6.274479757172959 439.392944763426215 14.421377392879855 -0.552771936153608 0.832511007953028 -0.034015166743802 0.014545675282203
1666284795.062443972 -6.354044279674264 439.205174980517256 14.426942536478172 -0.535611313457101 0.843564673988904 -0.026523386855228 0.028559965764684
1666284795.161177158 -6.432528118882265 439.021427945737344 14.399466790534715 -0.542404925455065 0.838609838869429 -0.029287321749130 0.040898505819154
1666284795.259814262 -6.505036931307842 438.842151875957484 14.404009475113773 -0.567791737620717 0.821608600807279 -0.034961396247842 0.036736229277843
1666284795.360165358 -6.574895543299818 438.652280695233230 14.445532307439846 -0.560182107498425 0.827143322729280 -0.027091844493685 0.035999473120022
1666284795.460491896 -6.644239184481691 438.464947170295261 14.471136971349656 -0.556642344872623 0.829394054574939 -0.017178345953785 0.044268573059722
1666284795.559813499 -6.706407654680894 438.287427169756882 14.452272848215525 -0.571922457079481 0.818756371933484 -0.014818752410327 0.048198662673236
1666284795.661449194 -6.765537395716132 438.112062063300073 14.429034870937388 -0.569032225085167 0.821063693142305 -0.016734435630849 0.042150887087462
1666284795.761504650 -6.821819888025765 437.937516840112664 14.451886543416711 -0.554284109335100 0.831459234869255 -0.025514457890284 0.028172314917193
1666284795.861437559 -6.879443171808158 437.757364928634786 14.484684761471025 -0.544471070144582 0.838072668774415 -0.018833110328952 0.028823073817366
1666284795.960954905 -6.938762730666213 437.579265526056531 14.491164110036559 -0.527031557719307 0.849351525982216 -0.011731663815075 0.026496991221118
1666284796.060688257 -7.001611052587321 437.399013179195947 14.461373259143155 -0.535944507011654 0.843864562971753 -0.013139775147024 0.021987066052862
1666284796.160723209 -7.073761839978520 437.211153329410422 14.456630954476937 -0.552570976531351 0.833077001518636 -0.018453753224181 0.017535233897747
1666284796.251351357 -7.138758197939338 437.030433199375068 14.484729410842668 -0.563543139199893 0.825419395706776 -0.015987152653305 0.029092308293275
1666284796.352065325 -7.201207818707413 436.833098809730700 14.505995347580702 -0.579057918524896 0.814225506141770 -0.009095759436735 0.040571163429981
1666284796.452507019 -7.255082811905999 436.645811369580940 14.484306465984638 -0.590216081117070 0.806006071852335 -0.008655905656860 0.043866445322558
1666284796.553876638 -7.302069810773872 436.462903012155664 14.457671883746283 -0.586636998040403 0.808925102124762 -0.010926626868744 0.037119004672254
1666284796.654795408 -7.347797774303562 436.278442138315029 14.476205370395370 -0.562651618781240 0.826186357965613 -0.013157345888192 0.025809727692171
1666284796.755305052 -7.397973054034722 436.088824849043590 14.507154233091764 -0.559205096578442 0.828563204329148 -0.002263592130475 0.027704738641177
1666284796.855953455 -7.455348285974813 435.902858743659635 14.502045475561603 -0.553799026873985 0.832054766451714 -0.001373285202888 0.031458187267576
1666284796.955737591 -7.516546016958267 435.719326426009900 14.464419030919991 -0.566148850928008 0.823654016980484 -0.005744609723423 0.032195315869468
1666284797.055300474 -7.580287227322246 435.531709886313706 14.461529081597917 -0.584140240036032 0.811083917305875 -0.012328476854152 0.027768106108630
1666284797.154794693 -7.641195170919684 435.339062072251750 14.492128917539400 -0.587256630773424 0.808576007125953 -0.007407437227894 0.035771779192716
1666284797.254879713 -7.694938442044514 435.154739983981187 14.508270215398280 -0.597956408036218 0.800290605608168 -0.007724460541665 0.043856736917783
1666284797.356656551 -7.742935516187517 434.977917260847221 14.477623411711061 -0.601949255539487 0.797498364699164 -0.012575261554293 0.038669301189172
1666284797.461319447 -7.793229299982646 434.795309619772922 14.455568593261384 -0.587440892370901 0.808573241955203 -0.019586869671384 0.027182069476179
1666284797.562206745 -7.850698505716350 434.605488495019415 14.490114982301625 -0.566775244170194 0.823117340220721 -0.018681394166583 0.029911073798428
1666284797.661160469 -7.909071736151409 434.419265343134271 14.522485161075357 -0.562653728939650 0.825906792690659 -0.007830790233913 0.035177120718544
1666284797.760451317 -7.970153022031568 434.239664173372319 14.505694044397872 -0.545460064176911 0.837456166959887 -0.002839929261652 0.033651472638862
1666284797.859653950 -8.034331141852691 434.062557328916114 14.473440583067257 -0.559335075848981 0.828248188751182 -0.007982953163107 0.032946672278032
1666284797.958127499 -8.097670224670178 433.886814354117348 14.486523890732229 -0.576212822633996 0.816837134152113 -0.016848933060985 0.021725394289466
1666284798.058471918 -8.160959801428001 433.704226960861831 14.516545341584994 -0.577295427418430 0.816014683237110 -0.013535327715056 0.025822879910223
1666284798.158863783 -8.222075697133956 433.522226736135224 14.527680205836109 -0.592039836566346 0.805318293762218 -0.010726929416097 0.028917306854296
1666284798.259285688 -8.282990947834069 433.343791559690715 14.492925162744504 -0.590899862291694 0.806225242198117 -0.011313447316214 0.026649906117443
1666284798.360311985 -8.344046212648212 433.165138952824179 14.474037624240779 -0.564060174798313 0.825243752815279 -0.018049687111274 0.021979000000856
1666284798.460856199 -8.404975600175451 432.979882911498635 14.495880733569706 -0.553727798381677 0.832273255390440 -0.020056896658011 0.017449199340663
1666284798.561493158 -8.469547429282503 432.792681123008265 14.521994403992984 -0.539472843895332 0.841612845260086 -0.010932667243866 0.023180728626179
1666284798.661072493 -8.532824169092239 432.611613435942559 14.503708074584974 -0.538092386868310 0.842313267466785 -0.017372468400478 0.025751504528240
1666284798.758328438 -8.594418945671972 432.433379646074854 14.472297813603189 -0.563207730789033 0.825586175554243 -0.023861278680722 0.025202343004311
1666284798.858038187 -8.658869790774576 432.242073703855283 14.492877662817442 -0.570753105944726 0.820275816340336 -0.028094677105646 0.024477873681604
1666284798.958176613 -8.716959666501333 432.048137607966567 14.526939696421351 -0.585522018820104 0.809578658858003 -0.025174191215883 0.033355969407781
1666284799.058714867 -8.767929085894812 431.860744850016943 14.521831136035418 -0.591648994509900 0.804992241989948 -0.023768578279011 0.037067672141864
1666284799.159038782 -8.816084877273742 431.679655818639787 14.486733378534684 -0.593621151989831 0.803510214098074 -0.026402302983643 0.035891254470881
1666284799.260200024 -8.863623662672250 431.501589909563734 14.484652297624995 -0.576850742485147 0.815741548368140 -0.035636908553388 0.023215467021828
1666284799.361030579 -8.914541088790420 431.316934069942477 14.513681961780460 -0.567377047707799 0.822500948121295 -0.030904064734748 0.024908128328382
1666284799.459938049 -8.969713223991155 431.137674648212965 14.528731250953706 -0.553028903955716 0.832384366249876 -0.025003103207228 0.025887121167475
1666284799.558960438 -9.027605494191180 430.960561212766834 14.496740109516981 -0.551158789571028 0.833747993951413 -0.024190712867022 0.022429459903868
1666284799.659899473 -9.090813416360012 430.777363088531388 14.472500909623101 -0.561268027384590 0.826992534977543 -0.027918746337441 0.016795598535756
1666284799.758782864 -9.154856006618266 430.587132040015206 14.497939996479987 -0.571709236181029 0.819778405617137 -0.027950657229500 0.018184490907619
1666284799.858222008 -9.213970140506428 430.392644008553646 14.524030437211826 -0.582930019499024 0.811645490216481 -0.022960573468108 0.029950002406192
1666284799.958480835 -9.268682439849636 430.200902282506320 14.506358530669642 -0.588640096154324 0.807440709284536 -0.018838049758137 0.034459629580458
1666284800.058687449 -9.321779711393265 430.012848566851460 14.471034231729236 -0.578985407710741 0.814371345886169 -0.018471829899226 0.035128338385856
1666284800.159250975 -9.374896330840828 429.824754919395787 14.480798017176443 -0.563630059453750 0.825096826782705 -0.025693614489094 0.029601025113317
1666284800.259671450 -9.430574298957819 429.634944755854065 14.512176794033286 -0.558254249531373 0.828686205461877 -0.018599359045730 0.035852888313885
1666284800.360542059 -9.488940951199295 429.451647995549081 14.516395280831533 -0.543794864974019 0.838198045556228 -0.016021361817040 0.038137871193035
1666284800.459205389 -9.545354316579809 429.275749925065213 14.479418612140371 -0.550793193428193 0.833667765710723 -0.019971492744408 0.035015053414549
1666284800.557684183 -9.603385585367006 429.097846621186989 14.469086902655322 -0.572191285016029 0.819228314775993 -0.028872682014816 0.025069301032598
1666284800.658124447 -9.660687708763975 428.906833032509553 14.499097479226119 -0.575363197241102 0.816960706858325 -0.026684535298425 0.028641408588796
1666284800.757972479 -9.713641217668821 428.718273179883340 14.523801220415503 -0.580552962019433 0.813209983081514 -0.021535980488341 0.034409057694621
1666284800.858827353 -9.764837628655554 428.534044790217308 14.500708027955383 -0.587436340183665 0.808306821541347 -0.021780791763680 0.032927581014916
1666284800.959629059 -9.815869640868566 428.354352851722638 14.471469618231621 -0.579502168245970 0.814100803476174 -0.025396877592436 0.027787000309882
1666284801.059933662 -9.869383940226985 428.170503633436283 14.491307834411945 -0.562581495817985 0.825832695550736 -0.031253865955333 0.022926303353363
1666284801.159581900 -9.925918025286252 427.985614978728222 14.523377435879134 -0.554427350895480 0.831594732138560 -0.019467426744576 0.026106193793095
1666284801.259208441 -9.983801512408313 427.809061533321483 14.516539463988680 -0.542070523176607 0.839635592060272 -0.021554831591083 0.026589653696799
1666284801.359645128 -10.043187174792388 427.635040254889930 14.475624662331933 -0.555405331733345 0.830877958833344 -0.026736281716631 0.021258086627894
1666284801.458662987 -10.106074255513848 427.460311880124038 14.477873824209381 -0.568578616479112 0.821641424194999 -0.038489683133891 0.011927750071395
1666284801.558299780 -10.168352331618843 427.275309697971579 14.511087286395755 -0.579744560383843 0.813706198966347 -0.037577208570932 0.019142096674649
1666284801.657880545 -10.225678711117899 427.091289168829178 14.523106510273688 -0.593090080909985 0.803886281207758 -0.036587874530223 0.025929331836919
1666284801.759511709 -10.280770099747979 426.907038400880822 14.488129149520400 -0.595477873820210 0.802146513244054 -0.035823687853483 0.026148355006502
1666284801.859369516 -10.334516418743860 426.729100834489032 14.468405589100634 -0.580803753088154 0.812815153598314 -0.039923544734067 0.020115592348503
1666284801.960177183 -10.392511256373322 426.544328189706505 14.493907736421326 -0.563697816580474 0.824710258253513 -0.039522420107336 0.023146054149484
1666284802.060019255 -10.452335859845594 426.362973155959253 14.520132530186993 -0.552855065105985 0.832172926213236 -0.031227490591985 0.029399688700483
1666284802.159924507 -10.512815025853497 426.188044812249188 14.502175846786761 -0.546062880791937 0.836659649551894 -0.029979361718279 0.030285291873724
1666284802.259060383 -10.573988860691694 426.015987960162363 14.466475707390806 -0.558154273968969 0.828602978290085 -0.034792069845361 0.025892521987025
1666284802.358281612 -10.639009270495482 425.838294632541647 14.479115524444326 -0.568993877646179 0.821194672623661 -0.040453264492126 0.015773720157728
1666284802.460500956 -10.703926296764369 425.649870859508610 14.514944825224328 -0.579729077136679 0.813657416311583 -0.036984787038480 0.022537336380584
1666284802.559772015 -10.762548323063669 425.472588168274115 14.523244088192616 -0.586422482482042 0.808886722664354 -0.034825242380579 0.024456991435032
1666284802.659799337 -10.819358702443813 425.300173538866943 14.488261703387286 -0.590380608175985 0.806097935361878 -0.036246212284882 0.018522100044815
1666284802.760590792 -10.878464301343282 425.127859571470935 14.470909276726182 -0.572244799547171 0.818926565933829 -0.042758093303938 0.008180125674805
1666284802.861529589 -10.942551792370432 424.944615088100704 14.497148859639234 -0.556803218357748 0.829584792524598 -0.040993006157041 0.008878146460954
1666284802.962207079 -11.009564430751194 424.760745124737696 14.518795497342689 -0.542531202725532 0.839344384707554 -0.031171264662433 0.013756823340781
1666284803.054595947 -11.071099079193313 424.596481343488961 14.496921020408047 -0.535761918672763 0.843590363393736 -0.033293052523531 0.014354021839511
1666284803.152851820 -11.136960555761924 424.423887559176364 14.460385676549070 -0.554122217370307 0.831461390993018 -0.038882555882684 0.010424507307303
1666284803.251671553 -11.205114894345597 424.242740874189678 14.472894241576782 -0.568266819784547 0.821612148563429 -0.044495781070073 0.006813540335765
1666284803.351272106 -11.271370759568706 424.049298380326832 14.506480199807131 -0.588026373373896 0.807512704532475 -0.040556594768309 0.022436106083503
1666284803.451648951 -11.332969965512520 423.856607645521024 14.503955272386833 -0.599343670996880 0.799190751359036 -0.032823195559746 0.031685088155296
1666284803.553035259 -11.391488218729997 423.666808944390027 14.461297708169248 -0.592339321078034 0.804416175595408 -0.027972918533545 0.035584560893556
1666284803.653702736 -11.447094347859940 423.481274055344898 14.453361875748829 -0.577477542412623 0.815422044603398 -0.028563073984653 0.028119885996181
1666284803.754041433 -11.506870678856382 423.293058733585951 14.480693369173947 -0.560184248435805 0.827353976630852 -0.022893469090451 0.033983734793767
1666284803.853670359 -11.569306879759557 423.110728104878262 14.499906349002963 -0.550076831209465 0.834011435715622 -0.014424530437449 0.040402200234384
1666284803.952038527 -11.631148521561091 422.936864400315471 14.476412144607677 -0.551401869842609 0.832888081064503 -0.020611807873328 0.042761849012386
1666284804.051326752 -11.692850918572262 422.761148075084179 14.443348065120945 -0.566905643634574 0.822509131007130 -0.027223233868026 0.036818693118191
1666284804.151087284 -11.753101597404742 422.579501825302998 14.456308122773081 -0.575373025944800 0.816647615697294 -0.033253333193806 0.030442874741916
1666284804.251019716 -11.810082940198656 422.393065578248184 14.487519105764390 -0.587482627757725 0.807987718756648 -0.025437669869988 0.037053115562552
1666284804.351848602 -11.865044723752076 422.209840684708354 14.490307417499114 -0.590063833475495 0.806170205023411 -0.021680089680052 0.038003245495340
1666284804.452397108 -11.920461429110288 422.032564396130454 14.450440701671059 -0.582392533564134 0.811993445189720 -0.019429786137432 0.033287613737437
1666284804.558445930 -11.984848888963100 421.844140183281297 14.436092780270219 -0.561717071060880 0.826419913344453 -0.027446269765294 0.027400021578545
1666284804.660943747 -12.054868283374827 421.651146258372762 14.461951794005207 -0.554103169441719 0.831362757689918 -0.020008235674250 0.037487507866765
1666284804.761147976 -12.127573201911815 421.466853814193939 14.472369499018869 -0.537356542822052 0.841884075769996 -0.012709767820807 0.048141568869047
1666284804.861159086 -12.198022036987563 421.291973647681857 14.436569229591850 -0.543345198162976 0.837925601158159 -0.016330266322591 0.048887676962672
1666284804.959383011 -12.266359940116642 421.124694832933017 14.408358536515173 -0.556309901519009 0.829616607229286 -0.025540186325111 0.040040946089691
1666284805.059792519 -12.336391118006652 420.943207558289032 14.433303324880454 -0.560883849717971 0.826598504684126 -0.028595946021558 0.036421024843449
1666284805.160027981 -12.399568478532423 420.759605332491958 14.463777295865496 -0.569127622002990 0.820774975263257 -0.026128039287804 0.041707498340186
1666284805.259922981 -12.455637003306693 420.581108967585067 14.450057094796239 -0.578391608764060 0.814374018382663 -0.025660348483972 0.039995644891390
1666284805.360530615 -12.510414839532308 420.402588868986641 14.411407813264562 -0.576614324364795 0.815868139690319 -0.027162048638851 0.033724215177364
1666284805.461328745 -12.563783853165157 420.220658573745311 14.414372051411229 -0.562289843312672 0.825757713699490 -0.038124584113476 0.022379599178184
1666284805.561314106 -12.617572378523489 420.032400387846167 14.446373618756654 -0.559614244975708 0.827897461061398 -0.028856813825839 0.024186258168252
1666284805.662387371 -12.674879896714799 419.846009445473214 14.454387546026062 -0.547030032764727 0.836580076710589 -0.020937024383555 0.021296936734883
1666284805.761072159 -12.734428671963679 419.666568393875536 14.419641727881096 -0.554401664997048 0.831825225153407 -0.022690342359625 0.013810757060621
1666284805.860280037 -12.799288726400581 419.486831420178078 14.401200109364446 -0.572709340810353 0.819198184991060 -0.030128359086052 0.003259851945355
1666284805.959691763 -12.866208399167377 419.299738961843730 14.425064587568093 -0.577939743653971 0.815415616090251 -0.031647156633245 0.009026805546253
1666284806.060822248 -12.929092579124687 419.107475893533604 14.452058921846364 -0.594303622375575 0.803512603578350 -0.027626578883537 0.020185947121776
1666284806.160484791 -12.985558164283008 418.924268121925138 14.428579412955566 -0.596729726081064 0.801645036945536 -0.028234953729661 0.021946665798998
1666284806.260486364 -13.037527626026909 418.745490241905884 14.392556112687334 -0.582116781880418 0.812455795969110 -0.027049666555349 0.017998538513747
1666284806.362310886 -13.086085180482518 418.563118127464293 14.396044869750833 -0.560317782651504 0.827651079738546 -0.031615320899798 0.006176093953595
1666284806.460814238 -13.139367691749234 418.377134943738383 14.420882292604254 -0.550291192620652 0.834680108147382 -0.018488670058774 0.012119796478193
1666284806.561033726 -13.196905493738248 418.188891700767385 14.421105406069321 -0.545055562423097 0.838040475665935 -0.016494565130054 0.018180328336575
1666284806.661000490 -13.250213344918418 418.004949756853932 14.374579718875710 -0.564890921261683 0.824708542950589 -0.019886727672579 0.018936322845823
1666284806.760247946 -13.297403645876269 417.827780525803121 14.342862606876281 -0.584404224202640 0.810976664596249 -0.027511276096718 0.005628667869465
1666284806.861380100 -13.345844869329316 417.637374780897289 14.358533625216413 -0.588032261095400 0.808480307856561 -0.023625886829730 0.004412390588029
1666284806.960070610 -13.390266448052618 417.448377464815906 14.379458290269595 -0.601446601432460 0.798620187206415 -0.017926651013912 0.012100305581248
1666284807.060149431 -13.433497054348470 417.262556200842710 14.348678477496019 -0.598009845067899 0.801279945941522 -0.015126298018161 0.010289243999741
1666284807.160758972 -13.478141681124383 417.080700692216681 14.289910592349257 -0.585880186756813 0.810212576085812 -0.016896705082549 0.003806530644648
1666284807.261569738 -13.528573471423792 416.892569975670369 14.285842594489582 -0.565902999329769 0.824109961576246 -0.024408278259180 0.000895841946128
1666284807.361358881 -13.580779368430685 416.701588226026445 14.317819755762056 -0.567436400880524 0.823173128715485 -0.018866495135678 0.006781333040998
1666284807.462565184 -13.635525346815154 416.516288481456797 14.311788470433703 -0.557636570700858 0.829876280098443 -0.017993228379081 0.004801924557396
1666284807.552067041 -13.684604336090263 416.354880966058033 14.263279400610001 -0.565958804695732 0.824123339881326 -0.022512650407381 -0.002128995505532
1666284807.651043177 -13.739364269271654 416.175880654611319 14.222165977189954 -0.580381232925429 0.813551477307321 -0.033677389341038 -0.012547975382792
1666284807.750902414 -13.793179830864750 415.982322374227863 14.235197342917292 -0.592434034136433 0.804826099582787 -0.035614071771890 -0.002915907923147
1666284807.851203680 -13.840254685554859 415.783046864622577 14.255890023833580 -0.607709039089335 0.793438004455702 -0.033373731113377 0.005661357261514
1666284807.953457117 -13.881870461111532 415.585649916227396 14.222147323280561 -0.611505386263909 0.790578896841432 -0.031872664717761 0.005504878109659
1666284808.053331375 -13.920620461873190 415.398093563921293 14.167512763071468 -0.604368383447341 0.795987975132477 -0.033779677405815 -0.000966399557798
1666284808.155628920 -13.966496241329121 415.202316080804678 14.166744201407310 -0.586787443597504 0.809034176763259 -0.033535433820481 0.004423973753906
1666284808.255983829 -14.017308938836294 415.010694759233274 14.188974655472427 -0.588732318384273 0.807680031443668 -0.029288445662109 0.013762668626868
1666284808.357404232 -14.070804274199650 414.824038637269894 14.165402200326925 -0.587790357423197 0.808093857683666 -0.033709100637103 0.018721897032056
1666284808.455832243 -14.121286020051556 414.645141226180840 14.104835118557872 -0.604568814142924 0.795186239938603 -0.043462559603251 0.016923317962503
1666284808.555341482 -14.169360455054061 414.461921897638661 14.082730743785163 -0.618844460820528 0.783662428766963 -0.052969498102832 0.009948031038809
1666284808.656737089 -14.212801414745506 414.265814750575487 14.108468452890758 -0.632328804974084 0.772846223423976 -0.050233145481132 0.018591084810083
1666284808.755703211 -14.252266617512628 414.074380674641986 14.109026257575561 -0.634982008296468 0.770673117115435 -0.047347120632896 0.024880632289736
1666284808.856096029 -14.289601492898635 413.883564189122353 14.059392305826766 -0.631461489371525 0.773687387992397 -0.046681243857485 0.022024408598537
1666284808.956592083 -14.326413420181623 413.694516100542160 14.013821400156084 -0.606894325895675 0.793155124004335 -0.047890958882858 0.017049414024617
1666284809.056738853 -14.370865175763118 413.495789237205315 14.024065211933090 -0.590155032830104 0.805900000123025 -0.040183995607967 0.025049421629773
1666284809.156767845 -14.418509687162436 413.297807513577595 14.036514389534149 -0.577956867563892 0.814585258319082 -0.034167584646441 0.035345329598079
1666284809.257120848 -14.461717134333552 413.106588821272680 13.999778163327580 -0.573324060879754 0.817846304329475 -0.034972514704976 0.034696785530925
1666284809.355014563 -14.497858994759255 412.925259538932892 13.950814972296261 -0.589163798461846 0.806868521439343 -0.036475245194895 0.022776395243086
1666284809.456515551 -14.530873197569790 412.730762779697045 13.955805599274735 -0.597436713684355 0.800869905465880 -0.036537132165386 0.018487986213722
1666284809.556068182 -14.556929933178212 412.537786285575351 13.979144219156881 -0.606201457813170 0.794635200478376 -0.028037560668433 0.016987816152825
1666284809.656848431 -14.581412054256452 412.346277263964680 13.959863074822687 -0.609651586350191 0.792277758534728 -0.023339599322260 0.008726952237686
1666284809.756448507 -14.608113336942701 412.161681797641279 13.907425470237973 -0.610115224587983 0.791858399216935 -0.026757855434755 -0.001924964436332
1666284809.858530521 -14.644983098399324 411.969782399062183 13.898085693983122 -0.579739587874364 0.814104239975859 -0.033406743238736 -0.004504021622106
1666284809.957941055 -14.686961869420967 411.776672859654809 13.927590939285741 -0.582783340456264 0.812148683214866 -0.027752494886373 0.002809531380956
1666284810.057134390 -14.731463828868677 411.586476845216737 13.915328342507765 -0.583646231491026 0.811404968190413 -0.030769700230444 0.005681514759914
1666284810.157295465 -14.776975682892573 411.394567758368794 13.858782340648768 -0.582392365812199 0.812186860070683 -0.034138724884912 0.002486772089728
1666284810.256178617 -14.820473204282274 411.202440780301288 13.832478562784262 -0.589907116532118 0.806563873601796 -0.038190734208189 -0.002404056128167
1666284810.356467247 -14.859912788654697 410.999777112480444 13.851656441582431 -0.600027003447901 0.799095560566092 -0.035985967921802 0.010903684222605
1666284810.456584930 -14.895277596664529 410.800448958647962 13.856905075218886 -0.605031613579843 0.795451885698899 -0.030181895808597 0.016795751618685
1666284810.556902170 -14.926761182255841 410.605462047618346 13.812497244854027 -0.597064697513706 0.801570354034583 -0.027712885522412 0.015189157045786
1666284810.657567978 -14.956582735843270 410.416466256514013 13.769023449514020 -0.571805880845916 0.819812526641116 -0.030318310591959 0.005124044807046
1666284810.757506132 -14.993516917746968 410.224685127201269 13.773850851368191 -0.565782999964100 0.824113901611144 -0.026471183144194 0.005015035974695
1666284810.857494831 -15.038345104293102 410.034238326105140 13.785809374452679 -0.565178703423837 0.824599233006911 -0.022797277055175 0.009456335412504
1666284810.957407951 -15.084533131519276 409.849329891496438 13.747570241743249 -0.564723862405874 0.824787308269853 -0.027912357908991 0.005809958891613
1666284811.056048870 -15.132111619055511 409.668217537404587 13.691085285890630 -0.584420657839263 0.810692325926565 -0.035049822817134 -0.001399033590130
1666284811.156790733 -15.181825228621367 409.475127844184954 13.688479971166139 -0.594241541463399 0.803511658069686 -0.035160421701129 0.003122577638238
1666284811.260689020 -15.224082929934728 409.274022626355531 13.709157055788772 -0.606660256046962 0.794265813994551 -0.031023789064731 0.011944662601947
1666284811.360758543 -15.257855905776909 409.085140131044682 13.689315961738181 -0.608505057679774 0.793058482924138 -0.025982235061285 0.010235277300546
1666284811.460784197 -15.291026192987530 408.899421386746099 13.634509480472023 -0.601813904115445 0.798270584435478 -0.024124462591824 0.001452288891001
1666284811.562821627 -15.332445911425868 408.708344222886637 13.614433290868970 -0.578701709985736 0.815085613527142 -0.027106006051193 -0.002244530378677
1666284811.661693811 -15.382593117977150 408.515868335677055 13.640343663523334 -0.575219133757360 0.817825310426762 -0.016164366407925 0.004839735884683
1666284811.759949684 -15.437145567534349 408.330007120834580 13.633160143114107 -0.567097546785707 0.823381531101627 -0.016906774529046 0.012545423284890
1666284811.859537840 -15.491440628340969 408.145986756330046 13.579169979978785 -0.577796006493309 0.815734573315906 -0.022909238003050 0.014284522799878
1666284811.959012747 -15.541536402676192 407.963906852441141 13.545998982193945 -0.592846031743564 0.804647025985551 -0.031242782013429 0.010031689318239
1666284812.059729099 -15.585176009871420 407.772652636749740 13.564564855068838 -0.596770427860710 0.801701853415885 -0.027712867815967 0.019266333794857
1666284812.159493923 -15.622117680019917 407.585880430869736 13.578379371961775 -0.600816939011140 0.798645402254236 -0.023059068935418 0.025550080142448
1666284812.260852337 -15.656433194036289 407.402866012202480 13.540483823115355 -0.597460755159069 0.801403991524239 -0.020960793989565 0.018786525200235
1666284812.360538721 -15.691081966847745 407.227366071186339 13.490482464440261 -0.583857238955146 0.811316248923987 -0.027106872534780 0.011911599933176
1666284812.461654425 -15.733258372417010 407.041895666736480 13.486911341414263 -0.562858125745582 0.825862199582662 -0.032124632820437 0.010505500883390
1666284812.561440945 -15.780759324220483 406.854796750459116 13.506425512925121 -0.558685584100109 0.828936166596124 -0.023920654542569 0.012769186109465
1666284812.660404205 -15.829814703228873 406.673260160356278 13.486163425657608 -0.548023465517058 0.836028951650688 -0.024736050618959 0.010677127155812
1666284812.759566784 -15.879197878480619 406.492179216072884 13.430523762468011 -0.558570870061438 0.828860748587814 -0.030960437401992 0.005467530076247
1666284812.859249353 -15.925285866714550 406.302542794176929 13.406892189376922 -0.573976677023220 0.818181575828854 -0.033408900877899 -0.003678117687842
1666284812.950402737 -15.962941108294999 406.117745339256601 13.425733597813345 -0.585715565358241 0.810163790666288 -0.023266238482548 0.005530907446309
1666284813.050709486 -16.000102008545699 405.913808201906420 13.428609421843081 -0.590657023015046 0.806797033781780 -0.008928265152088 0.011095653441707
1666284813.151729584 -16.035822269483877 405.714100553939886 13.382417321503429 -0.588701165526064 0.808280612763061 -0.003045950680825 0.010203476078024
1666284813.251633167 -16.073677060213534 405.522283080455509 13.337557223974592 -0.575708705499017 0.817640502687188 -0.003626389810948 0.003216220612319
1666284813.352452517 -16.121714930927510 405.322017430051517 13.350108954974866 -0.568904652576665 0.822319175367234 0.003382693500495 0.011279516153548
1666284813.451319695 -16.175408640614972 405.131712098543403 13.370406270211630 -0.564659230443248 0.825048278174533 0.008394246250282 0.019617053457822
1666284813.551173449 -16.229115034768938 404.952980950790618 13.337647837779672 -0.567741189238140 0.822911984876520 -0.003982626315293 0.021678235091490
1666284813.650417089 -16.279252770245378 404.781319897442017 13.281418348987884 -0.588081673237051 0.808523819398269 -0.016605994756123 0.013168903010698
1666284813.750562906 -16.327263734602287 404.596968651868906 13.276403474020158 -0.592450391804109 0.805273273528248 -0.020147678101989 0.011469928480856
1666284813.850961924 -16.366440510399549 404.401648380060806 13.305223786231799 -0.602572395333676 0.797743589578581 -0.013478685630151 0.018165866392779
1666284813.951557398 -16.400488900768277 404.211273663106113 13.297797373345873 -0.600326037847914 0.799553968767642 -0.009647305953346 0.015133697419349
1666284814.052197695 -16.435073992714166 404.029527032622070 13.244813272681085 -0.599968513415484 0.799933111890092 -0.010310663052454 0.006204001875228
1666284814.152738571 -16.476859052110456 403.853419772713664 13.211769298271681 -0.578995060216748 0.814990295035217 -0.022808595019956 -0.005941989248624
1666284814.252055645 -16.530605606468391 403.669552939563857 13.232999859389015 -0.579301959541723 0.814874779651777 -0.019696462452014 -0.000618486430907
1666284814.352197886 -16.592341276243204 403.485075328576272 13.239291083538651 -0.566903620734556 0.823445087725108 -0.022854347924026 0.006012576852532
1666284814.451457977 -16.650746250823055 403.302214869953673 13.186438959896353 -0.574165587564854 0.818229759407336 -0.028316461623091 0.005667175457666
1666284814.551190138 -16.708582793810827 403.114689970482061 13.131627935028115 -0.581453426773638 0.812936901450496 -0.032276549158049 0.001931612722381
1666284814.650556326 -16.764227919070915 402.915979278987550 13.145837992588278 -0.594699471578925 0.803499116232083 -0.023812754666599 0.012436294994788
1666284814.750898600 -16.811476255970643 402.719508236920547 13.164622448677529 -0.593651636220886 0.804265402262849 -0.014669220417400 0.022797182009817
1666284814.851463079 -16.853182858198082 402.533177134261564 13.133718988818547 -0.590215027077783 0.806906011896312 -0.010966948782305 0.020703521718942
1666284814.951723576 -16.894978209745268 402.357023484136334 13.074703597345740 -0.581556571550505 0.813281309032840 -0.015380691951650 0.011353447905449
1666284815.052425623 -16.947622263105139 402.173539795380748 13.071140173518883 -0.566702912975854 0.823524533275834 -0.021211246772323 0.014326008790500
1666284815.152068615 -17.008172424746288 401.985734133359756 13.101382909033704 -0.568429783494653 0.822252625520767 -0.016640095038339 0.022612127222852
1666284815.252748489 -17.069449197320729 401.802228678570941 13.089356002157141 -0.561780538950744 0.826715588298415 -0.018353429712985 0.024639678130766
1666284815.351624966 -17.127467034368316 401.627144964490867 13.033381052895106 -0.567669643801378 0.822626968526527 -0.024081936258253 0.021356650142900
1666284815.450749159 -17.182688161015037 401.452020075108180 13.003313182308258 -0.589617217894740 0.806976010205233 -0.031987619160422 0.010864968281519
1666284815.550791264 -17.233215404406042 401.267549195015306 13.027955017636245 -0.597155386390698 0.801448977433754 -0.029699376604086 0.014245283580748
1666284815.651830196 -17.278314267775400 401.081836071430416 13.040723525762564 -0.608780867853437 0.792745552449095 -0.027649727691434 0.013260338094638
1666284815.751587391 -17.322056863241841 400.901541954544200 12.998308501214199 -0.612063021706970 0.790265638560281 -0.028950756030570 0.004575116949535
1666284815.852485180 -17.368758795539950 400.721642630739609 12.942988869738400 -0.590229194753208 0.806580046099268 -0.032082418567918 -0.005370783398613
1666284815.953238249 -17.421739822599001 400.533205580379615 12.939182953205066 -0.572690029120397 0.819234800315477 -0.029656252748994 -0.000989530710776
1666284816.053279161 -17.482655274581518 400.340772365303337 12.956797228205611 -0.565075282585559 0.824623379618128 -0.022952446732210 0.012625053941763
1666284816.151141882 -17.542199817453703 400.154534740730583 12.931793704014257 -0.571788061023337 0.819742728828690 -0.025746045754455 0.020430686030457
1666284816.250760317 -17.597887803041033 399.971348153631368 12.874135047537241 -0.583642143982723 0.811261319640123 -0.029944988083211 0.017894600071329
1666284816.350821495 -17.649620039059979 399.787076309747363 12.860978409826325 -0.593244579380874 0.804400682063420 -0.028941467093992 0.012759436255685
1666284816.450377703 -17.695637105695326 399.601235189252577 12.888285936954235 -0.604332415035989 0.796175258177203 -0.023626600383900 0.018140401250606
1666284816.550966263 -17.740274390143650 399.418261644722179 12.885059648264738 -0.603234974522581 0.796950463406102 -0.022877518641946 0.021310643592508
1666284816.651495218 -17.786608263488624 399.239947767717183 12.832206467121500 -0.602873763991638 0.797336070162697 -0.024174127171142 0.014629678177444
1666284816.752483606 -17.839467585253022 399.062094848641721 12.789836270248440 -0.576335160240891 0.816491992127617 -0.032450198938331 0.011206892988014
1666284816.852667809 -17.899433717775601 398.876313309961745 12.807159850397905 -0.564561658266535 0.824695543828046 -0.026219053571271 0.021446566982404
1666284816.952424049 -17.962080016279923 398.693734380492288 12.820279398297620 -0.541656185642676 0.839853604176271 -0.022919611148012 0.027003546655548
1666284817.051613808 -18.021191799740482 398.516705976696471 12.780507399629693 -0.542577390276810 0.839361569463696 -0.025193409073994 0.021147657247998
1666284817.150451183 -18.078712793286233 398.341916343065577 12.727017066383397 -0.560083459789763 0.827556062389764 -0.036213239794399 0.012086477380551
1666284817.250386715 -18.137556933411403 398.150340459873576 12.732234048349866 -0.572888025208090 0.818816448143766 -0.032727331176935 0.016366325685296
1666284817.350549221 -18.192442792406514 397.954551461087306 12.758595512320021 -0.576538378723165 0.816122763205668 -0.028474408896153 0.027135608982012
1666284817.450841427 -18.242579674281568 397.766256360314628 12.738945313392197 -0.582349286615950 0.812069636369919 -0.026027036673119 0.027107331590163
1666284817.551038265 -18.288425437851142 397.588401966864581 12.683149130115062 -0.579534742063129 0.814364743638780 -0.025343906935433 0.017528075798962
1666284817.652432919 -18.335099212313256 397.415969151979482 12.661519729237135 -0.550880641111775 0.833909140764355 -0.033509491679665 0.001782740953208
1666284817.751865149 -18.389976814484719 397.240695933949894 12.686813999048166 -0.551693492061329 0.833582107703018 -0.027841227221903 0.000163099200945
1666284817.851711750 -18.451358439785196 397.066512226594568 12.688178575047210 -0.547156583342116 0.836361556943826 -0.033438772050154 -0.000931609177303
1666284817.951157808 -18.514398168988684 396.891159306140594 12.634919784711768 -0.561393078850041 0.826466176912057 -0.042138275044579 -0.003979348678780
1666284818.050250053 -18.578728217591234 396.711281439089475 12.593801505539057 -0.586154810516340 0.808644031592075 -0.048804885173217 -0.011638361667254
1666284818.150531292 -18.640807785573895 396.515137893245821 12.616028117171849 -0.600629642250791 0.798290153994541 -0.044338856261989 0.003305860014734
1666284818.250786304 -18.694862261428185 396.316260409550068 12.626493440519626 -0.613588736677422 0.788698124756771 -0.035287259805648 0.014796605123031
1666284818.351429224 -18.746428773078129 396.119887034571207 12.581493770940506 -0.607214719425904 0.793846205166201 -0.028696220717638 0.016583545226112
1666284818.451952219 -18.795837199937917 395.930919299785216 12.526272701767065 -0.597685461842294 0.801106451721263 -0.028562235690198 0.013591924268033
1666284818.552529573 -18.851227689751489 395.740944780946222 12.526758226246326 -0.581821310538330 0.812689441385645 -0.028255672737491 0.014881243963465
1666284818.652046442 -18.912727099204012 395.552451072258464 12.553659776931919 -0.577198876073184 0.816018765294762 -0.022954981853624 0.020685766960991
1666284818.751803398 -18.973783694732141 395.369171253595653 12.531981001569287 -0.573213198327686 0.818762657250842 -0.026194723814380 0.019187933676517
1666284818.851055861 -19.031806324274473 395.189839213286064 12.471732677297890 -0.585614969330497 0.809815571385393 -0.033350566688008 0.011899064643026
1666284818.949832916 -19.086065429725714 395.010100514813246 12.446126085614861 -0.608511469964217 0.792422195288592 -0.042195758275379 0.000610998823257
1666284819.050756454 -19.139875958322769 394.815794916348523 12.467420759755129 -0.610838869891619 0.790977309024788 -0.034389569227488 0.006937518705108
1666284819.150903463 -19.188785790522363 394.621987731765444 12.472043266165421 -0.623694312407805 0.781036609814294 -0.029832063681695 0.009862392024291
1666284819.251443148 -19.236611876296728 394.431576184876974 12.421748718085608 -0.625545503326156 0.779619108171045 -0.029473989677172 0.004260677824068
1666284819.352337360 -19.288850749826043 394.241999586674808 12.371668783638675 -0.606413369350402 0.794393879980165 -0.034438596760216 -0.003895122121293
1666284819.452723503 -19.348215045579909 394.041752839151002 12.383370549291156 -0.590636221538331 0.806478959060094 -0.026882853985717 0.004225465874206
1666284819.552480698 -19.410173924824928 393.844524548392144 12.400304979157145 -0.578696002759165 0.815181271091303 -0.020696398909345 0.012731485566024
1666284819.651408672 -19.469046959328573 393.655682556483043 12.363347797779983 -0.580376104743907 0.813898264760908 -0.024056214492683 0.012429408906057
1666284819.750679970 -19.524523624994533 393.468889499601573 12.305983579612498 -0.599283629078517 0.800003640549108 -0.028848437467476 0.004590716974715
1666284819.849837780 -19.575855300807660 393.275627579314630 12.297734851575331 -0.615199758808510 0.787763318712818 -0.030954098108463 0.000232943793520
1666284819.950073004 -19.620765450858226 393.073542092104844 12.320641661474170 -0.629986226114117 0.776213934006682 -0.023856403243594 0.006336843428865
1666284820.050699472 -19.662139640015788 392.873397199988517 12.304706543101245 -0.638796090813830 0.769060471081408 -0.021753272000676 0.003513024092769
1666284820.151048660 -19.701764964497098 392.674979921623788 12.238841221584909 -0.633420539379633 0.773527349824050 -0.020731904471365 -0.002011840745572
1666284820.252204418 -19.743548442398403 392.471137184564839 12.210379372505502 -0.608529702891244 0.793249417480201 -0.020662144066987 -0.004476401341586
1666284820.351652622 -19.789232801418571 392.259093416380892 12.236335874926104 -0.612778703836429 0.790140388442461 -0.010762981520072 0.008036473439409
1666284820.451490879 -19.836536950334974 392.051660306006397 12.228883594539148 -0.611908907012949 0.790674284410753 -0.008610934857518 0.018097438786781
1666284820.550766945 -19.880218562314838 391.851639856487736 12.170891051140950 -0.620257537111473 0.784083761503146 -0.010670964812371 0.019477502752151
1666284820.650070429 -19.916540204527209 391.653794033738563 12.132471994945252 -0.633284195664254 0.773729083869487 -0.014077985815351 0.009810331887679
1666284820.750618935 -19.948567429969767 391.442469047247187 12.148867461702254 -0.639920422186540 0.768133473000524 -0.008005080228291 0.020217309793640
1666284820.850839376 -19.977415196832073 391.232453353549715 12.157113744259753 -0.652724662300806 0.757179082079702 -0.003149278561997 0.024908531264959
1666284820.950800657 -20.004789759374493 391.030589024172912 12.115094867717875 -0.653442752667706 0.756567328314701 -0.005824900443432 0.024176791508205
1666284821.051549911 -20.028497087887413 390.835356817223442 12.066249717748025 -0.637512024003759 0.770203322275785 -0.013947888696050 0.013065910105944
1666284821.151582718 -20.056669660993894 390.630120534388425 12.075255476715423 -0.623922766118853 0.781214676443360 -0.009168211932162 0.018437871842025
1666284821.251547337 -20.089927411968038 390.424233520986888 12.094220830481294 -0.619287925342610 0.784781891623307 -0.008529523594730 0.022958556841363
1666284821.351193190 -20.121630702082754 390.225116156937304 12.053059864394065 -0.622978465788849 0.781800164151652 -0.016662150753621 0.020216508800624
1666284821.450244427 -20.148090864020368 390.024177759144266 11.988790937154072 -0.642563164891099 0.765788461867820 -0.022909950810433 0.012479781613292
1666284821.549621820 -20.171447463705558 389.800210157639924 11.990840329735487 -0.665819080194358 0.745586976938605 -0.015954834322472 0.023031620230316
1666284821.650082350 -20.188854045365208 389.569195933307981 12.007328221590097 -0.675129786330589 0.736754527403045 -0.004866754329719 0.036998008900804
1666284821.750809908 -20.200777537981356 389.351956893162878 11.974767595146291 -0.679980759559893 0.732286357244479 -0.000270793070530 0.037185807683514
1666284821.851260900 -20.209597771867788 389.153261623354922 11.911123114409751 -0.676373649918217 0.736122750674067 -0.005438352707083 0.024746837296682
1666284821.952028751 -20.224633406856629 388.947475665079480 11.911116047240283 -0.659597497802977 0.751313376469747 -0.002444778380830 0.021292587638623
1666284822.051875353 -20.244903083083884 388.742662113957294 11.937895580875802 -0.659342107697298 0.751547457097868 -0.001024303113469 0.021056009834354
1666284822.151613235 -20.267942311589930 388.546357664408276 11.912163603168523 -0.656843946911321 0.753829823314731 -0.011028226359573 0.013228949716475
1666284822.251530886 -20.291587729309477 388.350576330192951 11.848184733146674 -0.664979675130060 0.746568235511618 -0.020878164213353 0.001415502762071
1666284822.350480080 -20.312869853756872 388.145235662284108 11.834165587450361 -0.673594092035689 0.738585912029498 -0.027598689676109 0.000402559725001
1666284822.450422287 -20.326313707077613 387.931300347455760 11.865003596218255 -0.690507307305033 0.722716114629924 -0.027185133775365 0.011918251306073
1666284822.550809622 -20.334925313830194 387.723535492154383 11.846877440300196 -0.701202772466794 0.712318245283911 -0.028975183849723 0.008822020256505
1666284822.650707245 -20.339077625551713 387.520489891506145 11.781455515572889 -0.699571504633639 0.713819359507818 -0.032010942353782 0.006077126467171
1666284822.751740694 -20.344197929609781 387.310935384831907 11.760323237172789 -0.669819351334607 0.741850165207932 -0.031589737132539 0.001567630870936
1666284822.851300716 -20.353670340517880 387.093840738598090 11.783327428842098 -0.676403734755213 0.736054710585376 -0.023790383096831 0.011639085289818
1666284822.951739788 -20.366876286832245 386.879652991894034 11.762622089017757 -0.677253345249589 0.735224796584785 -0.024638521335846 0.012858775271580
1666284823.050707340 -20.377042494565401 386.673415919113495 11.701271827305664 -0.683941701656258 0.728903138300987 -0.029166934125815 0.008558835447359
1666284823.150476933 -20.383563237293924 386.461716601404930 11.684871802156943 -0.697110081615816 0.716329939290595 -0.029814744821290 0.004475843692893
1666284823.250791788 -20.384318118732796 386.243502117783919 11.709671597675511 -0.711499215263295 0.701969523988544 -0.027724793949641 0.015459297249977
1666284823.351071835 -20.383025722108325 386.028230623166166 11.694199806242722 -0.724288599583574 0.688631990445608 -0.029140688082359 0.018515575774807
1666284823.451251745 -20.379766715246593 385.815185787511439 11.634446302392609 -0.724006666450031 0.688901463504218 -0.031877623987913 0.014592381798214
1666284823.553263664 -20.376132424229912 385.596126554121781 11.606227739880994 -0.699003515949811 0.713941881691510 -0.038734576233115 0.013442725193570
1666284823.652397156 -20.373120031271611 385.372311492371125 11.631237590159770 -0.702669560734387 0.710588778173612 -0.028497580763775 0.022515875325837
1666284823.752202511 -20.369666629909563 385.152245650592874 11.618038942658879 -0.701571316021007 0.711462759089955 -0.029877794280465 0.026939717400055
1666284823.851270914 -20.362013821163433 384.937338502188254 11.553903634564239 -0.708548458494805 0.704677999571675 -0.029183524527685 0.023158600571708
1666284823.949859142 -20.349128118287869 384.725640260160901 11.513679659824358 -0.733443550929088 0.678538148630121 -0.036969389410304 0.016727304049615
1666284824.049785376 -20.331138846573278 384.503260300803106 11.533420651605445 -0.746430632400470 0.664166230729589 -0.027326640568798 0.031269532901995
1666284824.150197506 -20.306801775279052 384.290561052562225 11.542143412448890 -0.760338034874164 0.648047996760495 -0.026074461038662 0.035213478952643
1666284824.252072811 -20.277072927224467 384.089589586306431 11.491356941706915 -0.765712712645299 0.641986913418405 -0.029799327888853 0.025472431180789
1666284824.352991104 -20.246959141792974 383.898822236266710 11.441113832233381 -0.747466513290288 0.663251509504620 -0.036532791922595 0.007523414373990
1666284824.453246355 -20.219012652880227 383.694614204294282 11.457044548317997 -0.728185293805136 0.684903375521179 -0.025004592282251 0.005321132437878
1666284824.554077148 -20.196630422887484 383.487840267485637 11.471986699488726 -0.721194314287829 0.692323659533090 -0.023508892733501 0.003747459414521
1666284824.651690483 -20.174854615516015 383.288700668944614 11.428006673975025 -0.731584131359096 0.681131000759962 -0.029030597804439 0.001562990213244
1666284824.750539780 -20.148143775257342 383.091075882515099 11.368590817368149 -0.748718823190184 0.661886501768394 -0.035394774149138 -0.008578609469780
1666284824.850966215 -20.110390121633159 382.882525373789520 11.379851828875216 -0.766055036099134 0.642093673130724 -0.029582183739898 -0.000539442145781
1666284824.949991941 -20.065353702244455 382.679948108940778 11.401303088507943 -0.781360908023825 0.623616383741839 -0.023171752640563 0.006388052950597
1666284825.050518036 -20.018141107299009 382.480228071457475 11.369753049154607 -0.787958751989434 0.615362193627941 -0.020933740244387 0.003486306934657
1666284825.151203394 -19.973455377087845 382.286575215378889 11.307812668068991 -0.782875905176830 0.621647502040490 -0.025499459931109 -0.003078610660723
1666284825.253450394 -19.935047539409108 382.080879874298205 11.298549016748700 -0.761405023203585 0.647757384653212 -0.025935776959039 0.000311032328050
1666284825.351876259 -19.903274807121146 381.875961308267165 11.326603562925273 -0.760727533954225 0.648703642141194 -0.018735466277599 0.011233256875596
1666284825.451417446 -19.875032224316577 381.675648523982773 11.309773650017297 -0.758623088796040 0.650833481058799 -0.024700178670679 0.017224698896603
1666284825.550542593 -19.842356809393848 381.482662148480131 11.246237662947898 -0.771094740293617 0.635586357130703 -0.032627503309333 0.019450710749003
1666284825.649565935 -19.802799006396921 381.294432458127744 11.218999673216789 -0.785706184481834 0.617114537772224 -0.040702810929994 0.013368624445698
1666284825.749794006 -19.755569271265543 381.101019391027933 11.242536004865618 -0.798265668089205 0.600572123530022 -0.038698270179399 0.024238223405578
1666284825.850039721 -19.704102263093475 380.913142756003595 11.244727119096279 -0.809473871428550 0.585122616626483 -0.041071962681363 0.026394485563369
1666284825.950638771 -19.650729572528792 380.730270652034335 11.194208233074878 -0.807773520520346 0.587617319282178 -0.044079242175223 0.016274090913219
1666284826.052226782 -19.597788347733076 380.549125010548096 11.148840854170034 -0.782163747603414 0.620955326975965 -0.051032875618390 0.005477174570272
1666284826.152344704 -19.545345268229379 380.358059380234977 11.162251923193494 -0.768862363338321 0.638245518439100 -0.038146714566026 0.006176779260562
1666284826.251581192 -19.496300292988892 380.165555836436397 11.176895350654878 -0.757106103320879 0.652585794770177 -0.029153647897703 0.008496681276122
1666284826.350901604 -19.443086465531216 379.975977503987565 11.135420724772018 -0.767756206985285 0.639924996454048 -0.031180059130323 0.008614491365405
1666284826.449193001 -19.387106558782992 379.794986905635767 11.080496829828721 -0.782803059565048 0.621226203401351 -0.036018674334803 0.000171003817969
1666284826.549313307 -19.325795056092247 379.610148244859545 11.077412881661635 -0.790887182401316 0.610976910348057 -0.034148854705338 -0.006207693385156
1666284826.649224520 -19.259239129943996 379.425416272855898 11.102483887965867 -0.805115520242116 0.592411713603676 -0.028746014430310 -0.003320738591967
1666284826.750095606 -19.193800199615062 379.240833444471377 11.086141668189040 -0.810348044925548 0.585233519028960 -0.028000036339493 -0.007332956791779
1666284826.850766897 -19.132502273245240 379.056815887848416 11.029321960938059 -0.807776160953263 0.588518329912473 -0.031753906050688 -0.011642104756727
1666284826.952305794 -19.073797710296056 378.871860861044240 11.001372358851986 -0.786943558199421 0.615541784157598 -0.038605145074643 -0.018379089702185
1666284827.051844358 -19.014266335140508 378.684024883726920 11.027817665146493 -0.781055248289708 0.623657611180537 -0.028549214440471 -0.013741378770738
1666284827.151636362 -18.959519440928112 378.497299137396055 11.028349446831726 -0.773203632371850 0.633340672723544 -0.029794430207439 -0.012166638388669
1666284827.250814438 -18.906836120123657 378.310687231115935 10.976002480255644 -0.782485099993810 0.621486532308577 -0.036774088975774 -0.010919012168632
1666284827.350162029 -18.853860706857475 378.126631242759231 10.929302078884728 -0.800867490863216 0.596765631611854 -0.047304936416831 -0.015629651178458
1666284827.450392962 -18.794019304911366 377.938700344313759 10.940431413710821 -0.806052089638668 0.590092293961551 -0.045071724741637 -0.006297064803974
1666284827.550052166 -18.727040014586073 377.755390487361808 10.958275789627148 -0.827184570447518 0.560453991579694 -0.040580265010430 -0.003201847533374
1666284827.651228905 -18.657263024285761 377.570468208873365 10.921478631188670 -0.836652684233127 0.546088805059943 -0.042380898955094 -0.001778301848710
1666284827.751880169 -18.588206780817352 377.390304486638570 10.861518589803062 -0.827197613322799 0.559926651776047 -0.047182099192326 -0.000320405581401
1666284827.852447987 -18.517942567116030 377.206878103290023 10.856628271371504 -0.806915254213996 0.589211490165574 -0.041410753442636 0.001655860180916
1666284827.951984644 -18.451235481085497 377.022776572532564 10.876059196645649 -0.803046097385290 0.594989672219004 -0.032915847062918 0.004560969097577
1666284828.050998211 -18.387544071310035 376.840222073849930 10.854946991798723 -0.804783646854647 0.592405784344987 -0.036099722933939 0.008687832527679
1666284828.150097370 -18.323198388170628 376.655224613157770 10.793650770541108 -0.817535223239330 0.574558008133570 -0.038147090907578 0.008003343544568
1666284828.249397516 -18.255523177489188 376.468953797430856 10.767214558113512 -0.829523015758370 0.556639462707787 -0.043843420021092 0.011037635814775
1666284828.349573135 -18.180673941600148 376.282919044028063 10.791305793126222 -0.839811987049014 0.541061855634397 -0.038865735144802 0.021385729304930
1666284828.449649096 -18.104436213134367 376.103397828087566 10.787328868094143 -0.850549300579735 0.523959896094311 -0.038237094152422 0.023871304927478
1666284828.550664663 -18.027414887362404 375.925280339375036 10.732127786840559 -0.854296041398531 0.517576970959954 -0.042813287975109 0.021433038876426
1666284828.652023554 -17.953773888547467 375.747599872595345 10.686036664913576 -0.833313179825893 0.550102667084425 -0.050714807064757 0.020104933211675
1666284828.752228975 -17.880777932257718 375.562128247316934 10.701899590832586 -0.820902125228374 0.568928427232408 -0.042349172290589 0.025430161004204
1666284828.852256536 -17.810585115325789 375.375912439888623 10.716532024432244 -0.809166651025607 0.585592810250886 -0.037048958461176 0.030947796810355
1666284828.951185703 -17.738823937229540 375.198482324330541 10.673614941211694 -0.806002595519925 0.589692923489829 -0.041774588623032 0.029613438613892
1666284829.050014973 -17.664944839238572 375.026700049515853 10.612417260197029 -0.821857950270563 0.567122517787472 -0.050153803314886 0.020153297708277
1666284829.149730921 -17.586016313012010 374.841886512483939 10.617648844692216 -0.832274470215405 0.551988001607909 -0.045987358499231 0.022663079376751
1666284829.249419451 -17.500371391385439 374.656107838767639 10.644331586338367 -0.841194856791544 0.538551353170988 -0.038543979575171 0.029462086546277
1666284829.350073814 -17.412745446933613 374.474275767615609 10.621792550338487 -0.843466173555699 0.535519645130275 -0.034502206856101 0.024354085261210
1666284829.451085806 -17.326917662113107 374.296261063158681 10.557490783454321 -0.842375658739366 0.537518470336043 -0.034542011201331 0.016852094029731
1666284829.552375078 -17.245726673873005 374.111659102047270 10.531735465475130 -0.816812129010885 0.575740190672840 -0.035248749798994 0.009935007917218
1666284829.652045012 -17.165379439991753 373.914257273416410 10.561494600583208 -0.809082972602115 0.587316668205037 -0.017106803037159 0.012297641388016
1666284829.751523495 -17.091421406069980 373.717927279629976 10.556014263488768 -0.801558743145560 0.597501318266014 -0.014852891362628 0.016587572922398
1666284829.850123405 -17.020080914428217 373.527493285606170 10.497460738400459 -0.816227203526954 0.577095381887606 -0.018577589911493 0.019721703264344
1666284829.949018955 -16.951318281420811 373.345614711818598 10.454651348418059 -0.834525976858485 0.549793895037347 -0.033356534381409 0.013431624701288
1666284830.049567223 -16.878824325513143 373.155540053495827 10.469390248780627 -0.839093761495473 0.542310808949403 -0.035432709179014 0.023773284086511
1666284830.150640249 -16.801854212034911 372.968302525589309 10.482889092292799 -0.857360507791486 0.512300703099772 -0.040054896690783 0.029606663677196
1666284830.250338793 -16.722557840350483 372.789407109181298 10.440361610768477 -0.863458408815736 0.501132186103179 -0.049481701101719 0.029285995849998
1666284830.352849007 -16.634656538150114 372.617823832475722 10.378790304289573 -0.841060348298911 0.537264402932704 -0.059598832269676 0.020308398577208
1666284830.453246593 -16.541645671686840 372.437408878232418 10.389813508694433 -0.821896191924302 0.567777191821810 -0.043459078300605 0.015067138432148
1666284830.552717924 -16.457499296898888 372.254065619664061 10.408289029649181 -0.819134456395598 0.571975670383364 -0.040484449453976 0.014952731770456
1666284830.651404858 -16.379391079603280 372.073588356103187 10.367673130226564 -0.820015847701140 0.570157411844825 -0.047677131736525 0.014880401431757
1666284830.752324820 -16.299157849847390 371.885766519244783 10.304594078266087 -0.823168733774342 0.565193331214977 -0.053397643467785 0.009920975685452
1666284830.851852179 -16.212306635826224 371.686674447173061 10.304979912821418 -0.832065079738436 0.551945556486206 -0.050222358752957 0.022394651957364
1666284830.950625896 -16.115144039363390 371.492103233787930 10.323147171317549 -0.851447017352177 0.521304575873676 -0.042931304517222 0.037900117515621
1666284831.051951647 -16.010633119673532 371.302380764011843 10.288986308042700 -0.847526035470195 0.527742379897888 -0.038003694467878 0.041753070146744
1666284831.152714968 -15.902313865766558 371.124145656723670 10.224362659200708 -0.836748537219332 0.545282277692397 -0.034882348824925 0.036088015134619
1666284831.254750729 -15.796347808585423 370.937908765177724 10.215788624594722 -0.824328299835058 0.564388185526637 -0.029222062647588 0.033089291071497
1666284831.353621960 -15.700940692946338 370.749627694548224 10.238963999407781 -0.823961740581497 0.564945592580647 -0.022343833724538 0.037739641971029
1666284831.454136848 -15.605481614217329 370.560571825013596 10.216293872975500 -0.822321337494117 0.567328013944388 -0.022588578527076 0.037633743049679
1666284831.552532673 -15.507280347034222 370.384238302527990 10.159480070757590 -0.827309132913042 0.560282254449962 -0.026735565203244 0.030472996249157
1666284831.651656151 -15.403895137440593 370.214127910983564 10.135016037916184 -0.838304226272177 0.543456253512206 -0.039935266550840 0.017507119071879
1666284831.751199484 -15.290711611076501 370.041458874723048 10.166093517501080 -0.852794300107161 0.520872508520774 -0.034115926177310 0.016426051049422
1666284831.851472139 -15.176300222965004 369.872833220878249 10.168704323111443 -0.861385616489936 0.506657870575286 -0.036032177721314 0.003782070468618
1666284831.951976299 -15.065453502719706 369.704089620819161 10.112491461738632 -0.863855213953774 0.502204001240298 -0.037760723493723 -0.010928779636565
1666284832.053871870 -14.961392050336341 369.527133054492481 10.072560042151443 -0.839876230028852 0.540548622991736 -0.045143800085281 -0.019420137180812
1666284832.153444290 -14.859662657308791 369.340777397556224 10.101387121658941 -0.836601286820355 0.546379437042954 -0.036037516323928 -0.016404117908413
1666284832.252946615 -14.763733287548984 369.152403570918295 10.096768064724712 -0.834721009509650 0.549336528671450 -0.035030658655293 -0.015590622327833
1666284832.352128744 -14.670125696444208 368.954760791506885 10.033733688451639 -0.840657638311296 0.540283436366569 -0.036386512301607 -0.008035251043397
1666284832.451532125 -14.573630908801437 368.752382040372765 9.989526135625805 -0.842735272246538 0.536844322827766 -0.039816109341246 0.003179842146668
1666284832.551904202 -14.459120716766943 368.549448884434810 10.018346415575619 -0.856321336588503 0.515626869882675 -0.021874034484926 0.019084710467473
1666284832.651562452 -14.341665890444908 368.358872705093290 10.026889119325228 -0.857198517410219 0.514103882892945 -0.012325153584757 0.027495271106716
1666284832.752830982 -14.224028187142689 368.178545194906746 9.970068588658238 -0.854281251946771 0.519008333942706 -0.010290386541510 0.026981471700055
1666284832.853399754 -14.117144491286918 368.013671991792933 9.917721115195299 -0.846931425010412 0.530823125598596 -0.024437433743425 0.018351634575850
1666284832.953153133 -14.016216241724234 367.839510597082949 9.939094031018854 -0.847056967007132 0.530026376166937 -0.033447598333618 0.021161128933395
1666284833.053461075 -13.919154701295302 367.659013745573304 9.963150823682225 -0.848144045829970 0.527158558330116 -0.043196283332503 0.029826381086915
1666284833.152786493 -13.817139785394094 367.478918902338933 9.926575446538507 -0.852869470502447 0.518103486129457 -0.055368587153587 0.033418011640371
1666284833.251962662 -13.708976697039438 367.300193948608012 9.882655132236494 -0.859527788095394 0.506462149709626 -0.063188937914472 0.026743794206983
1666284833.352676630 -13.587341015462147 367.109568291204539 9.916915811063747 -0.866501002688106 0.495367168096722 -0.054057985346997 0.029412842986774
1666284833.452615738 -13.465848418674355 366.928172663030864 9.944025118910661 -0.864151433735575 0.499945437990569 -0.045061377194133 0.035585543280053
1666284833.552467585 -13.343563359025108 366.760022061484278 9.913037434553132 -0.865130090601682 0.498735684393365 -0.043355812262461 0.030543689876471
1666284833.652701616 -13.223130704413485 366.600361717498288 9.872944129703550 -0.863855950273558 0.500836931765535 -0.049971458536511 0.020447940932699
1666284833.753501654 -13.105747273664718 366.424217000532735 9.898466045984959 -0.849078078972588 0.525960588017346 -0.045538952337644 0.018922988153494
1666284833.852835178 -12.993884530732258 366.237615143007417 9.930655868283406 -0.851069861141241 0.523202750080562 -0.035698146733904 0.025780149047871
1666284833.952544928 -12.885205350955811 366.049701828335515 9.904674496254591 -0.846079921199924 0.531003878391076 -0.032980856626188 0.033104549115922
1666284834.052187920 -12.777951965260122 365.864531396266102 9.859343732827536 -0.846839099819333 0.529741002289310 -0.030755041095041 0.035946306596659
1666284834.151772261 -12.667126555982858 365.677165512513398 9.876856550366476 -0.860014913685431 0.507971503775730 -0.031041707667892 0.037090591469069
1666284834.252094030 -12.550728618546682 365.492358373008642 9.908605082669872 -0.862923598983135 0.503224615900305 -0.023083099087775 0.039937686544008
1666284834.353478670 -12.433516436701174 365.315419170928180 9.896718280067535 -0.865840730021292 0.498413711367874 -0.022555781356523 0.037347547229970
1666284834.452529430 -12.317587457137867 365.147401578995925 9.853769364760490 -0.870149794744008 0.491239352489410 -0.023695834602172 0.031011944396515
1666284834.553481817 -12.201535654007982 364.972257440185103 9.854486900038300 -0.853333406459541 0.519988464179266 -0.031399863767070 0.021169390545168
1666284834.653044939 -12.084385005857364 364.786732373956170 9.886003279997084 -0.848773517344762 0.527898006251329 -0.019448334429869 0.022999424731429
1666284834.752766371 -11.973057668502156 364.600556883459092 9.884874572542925 -0.844560910676389 0.534569742453784 -0.015773963211297 0.026518685770076
1666284834.852465391 -11.863451112771392 364.418522384040784 9.843455745797673 -0.847769603225438 0.529459859511745 -0.016576329967939 0.026156878590174
1666284834.951276779 -11.754688123705057 364.244630512603180 9.842390234657396 -0.860893965347316 0.507554530181227 -0.030322947346626 0.018179609052501
1666284835.052526712 -11.637114237158089 364.061073051539495 9.872330627228546 -0.863045237932348 0.504066300393970 -0.024904930850812 0.021209113813362
1666284835.152024984 -11.518237458926164 363.878713413392802 9.883064502234275 -0.876442740356873 0.480505485862128 -0.020168509103661 0.023576093244454
1666284835.253116369 -11.396960328535314 363.693711926866456 9.852644690331458 -0.879604344544054 0.474947512586099 -0.016833279652025 0.020921234276639
1666284835.353891611 -11.279440061028049 363.517183045939930 9.848589476452434 -0.860294837822075 0.508933252347069 -0.027155676729022 0.011929203389653
1666284835.454424381 -11.158393581977903 363.330584278099707 9.878548275384615 -0.853816229660671 0.520174064509811 -0.016939274934690 0.011395154411670
1666284835.553905249 -11.045913320851875 363.141451482646460 9.889759825915103 -0.845717206911889 0.533327766772543 -0.009267313509400 0.015427767916436
1666284835.653615475 -10.936176087735106 362.954138354474765 9.856709124381199 -0.845532959388084 0.533352114151525 -0.012512137867188 0.021283404908984
1666284835.751597166 -10.829399980489942 362.778086467592516 9.842045868883785 -0.859901713092956 0.509630864487960 -0.023506960801011 0.017112819024191
1666284835.851581573 -10.717705757832981 362.598776468540166 9.861899977901771 -0.864863069694925 0.500593553877261 -0.029673506580650 0.023182914001790
1666284835.951072931 -10.602224703041559 362.420867373402245 9.888174118127667 -0.885005355347897 0.463939010811491 -0.027056016684415 0.028179553118728
1666284836.052271605 -10.487078995165261 362.241813706023265 9.868516088193141 -0.885073356220852 0.463609585878510 -0.029008868674042 0.029492228260443
1666284836.153149366 -10.373129341933902 362.066346931405178 9.846462251708893 -0.872731782111854 0.486518638405916 -0.032496458285206 0.024141896662014
1666284836.254179239 -10.253713987398363 361.883886643365372 9.874413440485974 -0.853360927125117 0.520434518943307 -0.022362787623184 0.020565633423993
1666284836.353739977 -10.139612778455197 361.701232387984533 9.898040700243882 -0.846428380267622 0.532039002963647 -0.009293216385461 0.020177525422901
1666284836.453089714 -10.032485851263800 361.518320560624261 9.871311883402905 -0.837080590406638 0.546623889559515 -0.005067881929664 0.021742242295788
1666284836.552021265 -9.924223265228781 361.335205323555158 9.848346510507859 -0.846796129438800 0.531508258200118 -0.006357076908042 0.019871441964010
1666284836.651377439 -9.810922288790714 361.147008944649258 9.875480209743122 -0.851288526977466 0.524272662189023 -0.005073725406386 0.020500654337652
1666284836.750922441 -9.698895096601612 360.958452682711879 9.905804649488582 -0.860637795143504 0.508447163460512 0.003101228005761 0.027828940410018
1666284836.851085901 -9.589483863052411 360.774252060495940 9.891092512133431 -0.870594765641401 0.490732482304642 0.000676143991539 0.035297700749781
1666284836.952096939 -9.478681626756730 360.592346748366253 9.867477232747156 -0.864177396450517 0.501888289470032 -0.001316073821217 0.036108728952270
1666284837.053504229 -9.364017005453702 360.412376431140160 9.892777463601490 -0.843715552396485 0.535959982999136 -0.005978547651540 0.029244148745315
1666284837.153314114 -9.251547155464104 360.233952474286355 9.923643959488111 -0.838519611067776 0.544306446670388 0.006028431660279 0.024062667755662
1666284837.253070831 -9.150058826223260 360.057181512728334 9.914048586086686 -0.827849413876320 0.560577764571559 0.004499211159755 0.019941788072464
1666284837.352166653 -9.053644169746043 359.881720567766251 9.892610846535716 -0.837495048376904 0.546017387612763 -0.005065147350036 0.021009537144435
1666284837.451579571 -8.956053154305350 359.700883094763469 9.916750058393800 -0.846163717217142 0.532226670854750 -0.016657522568448 0.021546726851667
1666284837.551786661 -8.851809411138884 359.512968445970216 9.950662450931926 -0.854829977472940 0.517919548537752 -0.009672736431634 0.030520305142444
1666284837.652636051 -8.747661007749580 359.325397117814020 9.945975095307316 -0.862051994430695 0.505064038008499 -0.007973464811433 0.041389615454990
1666284837.752626419 -8.646349043776125 359.150423811673420 9.917863970911686 -0.860229548840881 0.507722922927458 -0.013172397473894 0.045266375819173
1666284837.853765488 -8.537582004959861 358.977636868312345 9.924306589713249 -0.838802130974150 0.542835542328255 -0.022077059784055 0.035400035165321
1666284837.953530550 -8.423815078623079 358.797434874066880 9.953981029335495 -0.832546514386865 0.552810740374340 -0.006627253522775 0.034966644388622
1666284838.053348780 -8.320011055566072 358.621742436575744 9.955240432422565 -0.822479150762144 0.567879604784280 -0.001915558619221 0.032204528669245
1666284838.153371096 -8.222317703232118 358.453090566580954 9.925520793353543 -0.825720820314049 0.563426955977436 -0.009637562719764 0.025343826915393
1666284838.252955675 -8.126393043283056 358.285164388465830 9.934972542559336 -0.836977887200945 0.546239988330092 -0.026541776457943 0.019632258867484
1666284838.352357149 -8.025164811478923 358.111435125059529 9.972805474049913 -0.841726127416068 0.539171311121990 -0.020363781901569 0.019409793270653
1666284838.450939894 -7.923675397181482 357.940968959972565 9.989191371019347 -0.851921301862704 0.522935425048181 -0.018463690264740 0.020681605451252
1666284838.551681042 -7.819085077563320 357.768790929346835 9.959454303024701 -0.856224327743674 0.515852249330673 -0.020144698595917 0.019249637889016
1666284838.652691841 -7.713666400900812 357.590083407363807 9.947515571030712 -0.842171365194154 0.538291549174080 -0.025224942902778 0.018796329171833
1666284838.753421545 -7.605987138958414 357.396557958318397 9.976782279517924 -0.837964468209704 0.544983518059616 -0.010078213007148 0.026588431393671
1666284838.853163004 -7.507793054741314 357.205225235164903 9.991063868902820 -0.832957957075769 0.552242700346873 0.005148293210677 0.034388031853725
1666284838.952727556 -7.418357797603425 357.020425683199733 9.954929435325855 -0.824122993462746 0.565158900108579 0.009104082849353 0.036521568278714
1666284839.052479029 -7.330675863819271 356.840210541815281 9.925797984173702 -0.838410989735208 0.543834572332932 0.000453576102987 0.036204481703318
1666284839.151987314 -7.244256855419281 356.661797241484237 9.941433195400217 -0.844916649764435 0.533914762585750 -0.009008111577164 0.031140571119663
1666284839.251922846 -7.152828625795302 356.484299331730199 9.968801688732192 -0.857949963137438 0.512490089102127 -0.008976159477521 0.034571634118117
1666284839.351983547 -7.059772523110047 356.311532543960936 9.960504561761773 -0.860351744571223 0.508517357208564 -0.012017651418543 0.032566072610209
1666284839.452677727 -6.961702227244444 356.140864412644476 9.926206457446861 -0.847767105066909 0.529574139128804 -0.016333063962491 0.023987449928159
1666284839.553568840 -6.860576757576708 355.966849110922112 9.929729922493507 -0.831098850160127 0.555526649593713 -0.021102895322839 0.014815892234074
1666284839.653106213 -6.762732644429814 355.787471451244869 9.962607812038490 -0.824826540744579 0.565246464227186 -0.007020797886377 0.010407725930045
1666284839.753672600 -6.673277540596026 355.604624638313055 9.963218176379529 -0.817568257943493 0.575680333475652 -0.003247040712277 0.012796639372032
1666284839.853589773 -6.591244138186536 355.421224984066498 9.923126400558107 -0.825563641637409 0.563960018727695 -0.007489861127681 0.018375877212418
1666284839.952550173 -6.510037842929914 355.235548284640913 9.919279408745934 -0.836507161763311 0.547252451864325 -0.018781750280276 0.020439376301240
1666284840.050964832 -6.416844768162121 355.046557860007510 9.949629589254785 -0.838882927194100 0.543194363565120 -0.010319956348170 0.033298894190564
1666284840.151841164 -6.314505747286626 354.864655990931340 9.963661274203726 -0.842230022644459 0.537785847563807 -0.001922778822699 0.037832182569747
1666284840.252237558 -6.212653293413231 354.700360983608221 9.931119895150688 -0.841716228477625 0.539069067351686 -0.003671534037937 0.030080744335790
1666284840.352420807 -6.112602829597771 354.545705905000489 9.912686549859265 -0.837591010663777 0.545804656336251 -0.017066808908035 0.015725775357544
1666284840.452800751 -6.010771777298550 354.377086421647846 9.934430245263325 -0.830789511867486 0.556115800536465 -0.019578416880723 0.011861237587871
1666284840.553633928 -5.913165991161382 354.194353912817689 9.958966401311564 -0.823168797732604 0.567554079708443 -0.009887690627998 0.013331564792099
1666284840.653744698 -5.820129565090701 354.008404486640188 9.933431850344437 -0.821896704676069 0.569143346233713 -0.010652578441258 0.021170282309476
1666284840.751588345 -5.725528772872190 353.825043166190824 9.898503223303852 -0.832100714807992 0.553847888932905 -0.012672982713434 0.026463405860518
1666284840.852749825 -5.613857690407219 353.636187293830517 9.915921474198480 -0.835589546815592 0.548646514785149 -0.007987783185025 0.026707796360094
1666284840.952326775 -5.494543724848577 353.458022162906445 9.944462787879717 -0.846593029113434 0.531348828277432 0.005902384399715 0.030229581590519
1666284841.052092552 -5.376701351722602 353.291454132019510 9.929489792348468 -0.851798950099747 0.523064933369423 0.010665047189924 0.026979267162893
1666284841.151731968 -5.262705509655190 353.129643306795288 9.891791548431705 -0.855430701439013 0.517414151540677 0.008048920048995 0.021357099687059
1666284841.252524614 -5.150180312407020 352.958201859527549 9.898652192393714 -0.842355158673200 0.538729237678739 -0.001523431212511 0.014362252054417
1666284841.353514910 -5.036343039404684 352.773544706671942 9.931483948282388 -0.835878947906565 0.548547202061791 0.013137639325191 0.015157638000532
1666284841.453784704 -4.931290438816127 352.591227151692124 9.931291584504782 -0.829403399319424 0.557977493157263 0.016175218601285 0.022124209150173
1666284841.553229332 -4.829608075625274 352.413133484343689 9.888794994891450 -0.838592000272862 0.544030500307986 0.010377283166385 0.026202744266328
1666284841.651686192 -4.724984397181817 352.238389541344986 9.880985506395882 -0.853225104413996 0.521056031117584 -0.000581060458401 0.022521012465277
1666284841.752090693 -4.607406490899594 352.061783978812173 9.911511584443568 -0.856715718597404 0.515099786356341 0.006832729880760 0.025762402957848
1666284841.852254391 -4.489440727950746 351.897279709602003 9.930871847208124 -0.865588938436943 0.499975886617499 0.010642411755790 0.025819402174971
1666284841.952548504 -4.376273241636629 351.741100829306617 9.899782412730376 -0.873012947927953 0.487398504011304 0.005193028093768 0.016251876719524
1666284842.052298546 -4.268032467679252 351.581094744661868 9.873110568996896 -0.864161117396814 0.503130117246646 -0.004760077751073 0.007936621363689
1666284842.153229237 -4.156286698175172 351.399713805230590 9.901658672226539 -0.847851031016496 0.530057895936781 0.001635091976992 0.013586119150227
1666284842.253307104 -4.049412522376903 351.212393541572908 9.924633663196326 -0.840042256989154 0.541869690482392 0.015129470588025 0.021848206535335
1666284842.354348660 -3.948618917197910 351.026374650830576 9.893795826948761 -0.832219582693790 0.553294097751887 0.016471743653863 0.031699987932198
1666284842.452713728 -3.849463221498800 350.858670205659337 9.861880436581998 -0.850337612074715 0.524991988597452 0.005790696733117 0.035718695817589
1666284842.552200317 -3.740840187031810 350.699216378717153 9.881554590564125 -0.855373293582735 0.517280072472007 -0.005681371419292 0.026936541492481
1666284842.652291298 -3.623949363823389 350.547238133076007 9.916508892933823 -0.866522346821253 0.498884159137585 -0.003718323745649 0.015485228106007
1666284842.752406597 -3.512869948067135 350.396631989281559 9.911521307875848 -0.869206609887269 0.494392352213054 -0.007375681238958 -0.001292566356803
1666284842.851697683 -3.413573017934048 350.236398458895962 9.872502285916498 -0.871920575081180 0.489284853011965 -0.018050932670229 -0.005385832609607
1666284842.953523874 -3.318940505895630 350.062390324125090 9.863665049965805 -0.849971482902041 0.525781017789772 -0.032437354227522 -0.007114607225630
1666284843.052630663 -3.224555254405677 349.884887586271532 9.893253945118476 -0.839616674135610 0.542572644901379 -0.025564706364845 -0.002282828652909
1666284843.154349089 -3.134492165954889 349.701699263387752 9.899670178128764 -0.825006392320122 0.564557683195955 -0.025135478118622 0.002698650607305
1666284843.253007174 -3.049614981792067 349.525176643177701 9.861414599901872 -0.827660494482829 0.560184285743698 -0.033416224942485 0.007418071774731
1666284843.352052689 -2.963915979545506 349.350983767247840 9.845928564871246 -0.841602834706278 0.537849753378296 -0.048505808265793 0.008336544232762
1666284843.452347755 -2.863779055381035 349.172600746303488 9.872601964266696 -0.847918674543982 0.527635103991508 -0.048024488277897 0.018131930980824
1666284843.551520109 -2.754816635592761 348.997347823262885 9.886283497390910 -0.858747017981423 0.510038165365560 -0.042371662039458 0.024885160930972
1666284843.651016712 -2.639798771423844 348.822603870465230 9.850491193283972 -0.866984738364187 0.496076872539258 -0.039171336105991 0.026660952775967
1666284843.753028631 -2.519425951786397 348.640794229650339 9.820406609577157 -0.857691443603216 0.512099323315047 -0.036354637856053 0.028249087356187
1666284843.853332996 -2.401807431356985 348.447800932421558 9.844284082666885 -0.848733269274145 0.526671777825230 -0.024795320250972 0.040667777948695
1666284843.952976227 -2.291738886689679 348.253456335119495 9.862191398303793 -0.849356211596604 0.525089988602020 -0.009623154785745 0.052743953057811
1666284844.052905083 -2.187902721357587 348.067950751097385 9.834117176857459 -0.838214689460072 0.541996800540457 -0.004691233175935 0.060113184149167
1666284844.152028084 -2.086350962664155 347.901460993256649 9.807107737804445 -0.847929015007546 0.527321221848843 -0.013092161599651 0.052700187863272
1666284844.250607967 -1.980841588770174 347.742864044571149 9.828941190887191 -0.849704990123274 0.525434036079257 -0.022020194090991 0.037889504368142
1666284844.350620508 -1.865184861790929 347.580373280209358 9.869904333883708 -0.862534784878317 0.504655412881167 -0.016176570186643 0.033090447286955
1666284844.451217413 -1.750299939715031 347.415595881649665 9.870206784728671 -0.868359655398955 0.495146931735568 -0.012143874119546 0.025170442777792
1666284844.551429987 -1.641675623172510 347.249918168449483 9.840047151067829 -0.865653106326427 0.499987270670838 -0.013469228295610 0.021817620485599
1666284844.652308226 -1.535920070682045 347.084205415407268 9.847214808696167 -0.846429858701418 0.531806894043855 -0.023483665546526 0.013654274005749
1666284844.751721621 -1.430023168989624 346.912380862070108 9.882688856593106 -0.844906772016498 0.534528166472819 -0.015337395154168 0.013302261377377
1666284844.850766897 -1.331729576018298 346.736935309486114 9.891845616234511 -0.839376429299182 0.543147129493565 -0.013273265566769 0.016193396217276
1666284844.951110840 -1.238248281035948 346.561776240675670 9.860950743066152 -0.844705279582803 0.534685451106283 -0.019335954861805 0.014511370362294
1666284845.050062895 -1.150711931022725 346.395248649499081 9.859427228434935 -0.853725337058340 0.519236987286052 -0.038404603058144 0.008431272897699
1666284845.150261641 -1.059005140192532 346.224739384282088 9.895432026554504 -0.856452210900006 0.514373163040799 -0.043025356987093 0.007660172584820
1666284845.250296831 -0.964670985090881 346.054303767574140 9.918310041964929 -0.862557707194702 0.503588777439517 -0.047135929750075 0.013067100772054
1666284845.351369858 -0.865501468205596 345.883255098464758 9.897214275748780 -0.870133262075667 0.490267131334960 -0.049202261140732 0.009240327958861
1666284845.451367855 -0.766546751262410 345.719456676061895 9.875491795765859 -0.853313742738460 0.518631102781367 -0.053626206208013 0.001290615822331
1666284845.553448915 -0.662872431597237 345.545222755224017 9.902323444129426 -0.839431250046916 0.540957058044681 -0.052154988840400 -0.000703516434042
1666284845.652473450 -0.565426926894881 345.365351152720450 9.930121519561558 -0.839822456627429 0.541230597063377 -0.041920907040158 0.003212428928634
1666284845.751690388 -0.474728945052654 345.181599027490506 9.916284236094931 -0.826546392228387 0.561441612919832 -0.038847389223488 0.009759975754797
1666284845.850514412 -0.388498078487155 345.004459257037524 9.887488034887902 -0.833095082036648 0.551328076396160 -0.042966075254797 0.011993866801838
1666284845.949347973 -0.303472596446819 344.831333600784717 9.901069963622270 -0.840712128753482 0.538513258000349 -0.056216334514389 0.006805237571499
1666284846.049872637 -0.209895656210907 344.650350586137847 9.932490512275903 -0.848981193722562 0.525452186751340 -0.053255930069014 0.017167936863040
1666284846.149749517 -0.113254845935757 344.472134443673440 9.934814234628279 -0.858790704387892 0.509573598072528 -0.048564740528668 0.021324637904293
1666284846.251545429 -0.013789401728810 344.293107422191497 9.905377918068719 -0.859506232537440 0.508337492889439 -0.047711489434596 0.023783257306522
1666284846.351861954 0.083003222831705 344.120165495002823 9.902376775187886 -0.849957128156306 0.523557482078220 -0.055901277331099 0.018316398361876
1666284846.452317476 0.183450615601439 343.936961899918401 9.930703482099091 -0.842842791616907 0.535609953284516 -0.047138162908811 0.022715636895306
1666284846.552874804 0.278875092488771 343.751886842966144 9.948575994549911 -0.829325274475606 0.556982336951219 -0.035689243684053 0.026768326910374
1666284846.652338028 0.373229398647855 343.573147425792570 9.929427847259623 -0.829353207247003 0.557120509781396 -0.032971168336435 0.026512209801488
1666284846.749253988 0.466663913356560 343.405561515746570 9.922290803021273 -0.842419654766486 0.537036920986356 -0.039506391641706 0.018966174629117
1666284846.851218700 0.561207556456736 343.228782213434044 9.949815841121163 -0.838720609719073 0.542785066297703 -0.041948524459107 0.013131333990413
1666284846.949197054 0.653418643058536 343.058057278905835 9.976308953142604 -0.852063130181271 0.521429883043331 -0.041030096297639 0.020391921266028
1666284847.049876928 0.749211571356632 342.886345313068375 9.966764609386603 -0.861531476334630 0.505493163850658 -0.041654639998267 0.022473708006019
1666284847.151017904 0.847154787958544 342.721860339526245 9.940015845762026 -0.858951056377330 0.509640314833773 -0.045949559940957 0.018933308892906
1666284847.252134562 0.946518170218197 342.561149281490827 9.950506892245663 -0.839878470447736 0.539913703853495 -0.054405112663857 0.011723096246500
1666284847.352350473 1.049084150583975 342.396417748259580 9.978020639180446 -0.839188195197612 0.541991224755254 -0.044180406370697 0.007535052899240
1666284847.451157093 1.147260311372537 342.232782697191965 9.979238367245502 -0.832323082228770 0.552627923650286 -0.042172549155107 0.007882949253598
1666284847.550499916 1.247113156313231 342.071185163454345 9.950378455144746 -0.837754067532864 0.544252566376041 -0.044220516545062 0.001346195276637
1666284847.650906324 1.349394501458411 341.914997126398305 9.954347422190228 -0.843828685949220 0.533756774299190 -0.053239454181339 -0.014913590359474
1666284847.749381542 1.455164360619709 341.757576393159013 9.991044322674586 -0.849395344442464 0.525324059569545 -0.047294563040131 -0.018039001737471
1666284847.849087477 1.563324591140360 341.596238834173505 10.009598184709908 -0.865195980680762 0.499446672754684 -0.039928098647987 -0.019866630979802
1666284847.949528933 1.669834986507773 341.431665128404632 9.987224662185298 -0.874660485384367 0.482900315646637 -0.038324105905462 -0.017538054684257
1666284848.051439524 1.775847980039622 341.272361942835857 9.964328274505640 -0.856638914919503 0.513465368801840 -0.044576872732802 -0.023151390975288
1666284848.152067423 1.882563572755207 341.116623485222533 9.981534136135116 -0.848591392747854 0.526301440641780 -0.046860533806158 -0.026524179611201
1666284848.252331495 1.984322962387510 340.955869547798784 10.008782438726756 -0.842492889993361 0.536698536931219 -0.035734388884888 -0.029723125972001
1666284848.350939751 2.074830558358758 340.795082402613957 9.999309454351504 -0.831771547192026 0.553123759799874 -0.035586098244916 -0.030721803956441
1666284848.449826479 2.159548974648938 340.636844752386537 9.967641218462807 -0.842976096878922 0.535413417372252 -0.041072800411619 -0.032199342460553
1666284848.549849987 2.242265468160105 340.477914032428146 9.982105548067462 -0.844715376149045 0.531004570774779 -0.054438132991892 -0.039071329514457
1666284848.649117231 2.331395498063243 340.316342248634896 10.017966233865801 -0.856825732664066 0.511608570000636 -0.055036914595025 -0.032821836914623
1666284848.749309778 2.425266521328715 340.152032366963397 10.026472225099976 -0.870821219768780 0.487745834950686 -0.055466874431580 -0.026416463227739
1666284848.850445986 2.521999976652723 339.984741680221987 9.987927130474416 -0.875629754716541 0.478973281826696 -0.059332655525268 -0.018351129107914
1666284848.951639414 2.621595074116125 339.822470477835736 9.963464759466820 -0.859400724503311 0.506747593454915 -0.066039369336190 -0.016615443073090
1666284849.052299500 2.726283601054888 339.660127110294752 9.978321125431410 -0.847835583697696 0.526108395012785 -0.064584774714154 -0.014614601882409
1666284849.152242184 2.827592477880905 339.496190513243505 9.999377896969040 -0.839172847108934 0.541222572168325 -0.052038938900422 -0.012609872668107
1666284849.250827074 2.924911105063440 339.334958191192072 9.978440428840546 -0.832651363031962 0.551250079060765 -0.051971196211846 -0.010679547781912
1666284849.350347996 3.022690549792862 339.172779903890671 9.936998418125949 -0.842755671906069 0.535289771070989 -0.055770569754866 -0.010834297676137
1666284849.449874401 3.121795353816860 339.007185195441821 9.938973361502713 -0.852418063529440 0.518884646237110 -0.063178611064582 -0.012273221747327
1666284849.549181461 3.228795551982370 338.832788528931019 9.968586595273960 -0.862323772815589 0.503985064249160 -0.048763945675276 -0.004340904633460
1666284849.650144577 3.339282746372484 338.653987986824006 9.970581727200507 -0.869282780626134 0.492945279158970 -0.036081641356599 0.007107335562336
1666284849.750397921 3.445134874367873 338.482999277277656 9.930625843365940 -0.869170146986737 0.493396414477452 -0.029834236207898 0.014599730057107
1666284849.851491213 3.547050936624240 338.325268835845293 9.911514846410762 -0.857675136309003 0.512713363264516 -0.037549551582551 0.010411477477835
1666284849.951916695 3.649938519856983 338.169196119751064 9.938877431508157 -0.848703394074659 0.527509167032647 -0.036221970414231 0.011162277634374
1666284850.052060843 3.748158444740794 338.015300034498182 9.960269224838623 -0.840586391315648 0.540784989877542 -0.030723880077047 0.004707085201643
1666284850.153281927 3.842038624390172 337.862602580615885 9.934216113311139 -0.829860587058398 0.556689094411880 -0.037756186046699 -0.001768792011137
1666284850.252201557 3.933027922774331 337.708706443349058 9.897181302490203 -0.834814566835839 0.548696720718878 -0.044060773931609 -0.008671555315381
1666284850.351033449 4.027339975060920 337.542094686172788 9.905167591747952 -0.842581787093052 0.536184421347265 -0.049946124704777 -0.008220887455247
1666284850.451236725 4.130274401788802 337.366625659428109 9.932089387975244 -0.857369400091403 0.513172863011728 -0.039380782294095 0.004525311167038
1666284850.551230669 4.234644014831622 337.194458822708725 9.923948448844040 -0.865760775690603 0.499409891786146 -0.030393172054372 0.011148737786318
1666284850.652292252 4.336989777237947 337.026153467500421 9.879284166885784 -0.861282122559114 0.507255509729508 -0.026926002161415 0.012646881699723
1666284850.753700733 4.433444568161047 336.869619621979098 9.864412706448300 -0.851498524835944 0.522782464462869 -0.039569831902903 0.009109635311920
1666284850.853773832 4.527110844795118 336.711660778752446 9.885512123378881 -0.844697946430531 0.533905960973640 -0.036854911654224 0.008456927327161
1666284850.953247309 4.613905623571985 336.550862635240946 9.898038684337532 -0.834563249304244 0.549560572130415 -0.036556179748199 0.012288457700238
1666284851.052918196 4.700405771862166 336.391656846898286 9.865396441680247 -0.838598914873455 0.542862463666418 -0.043597285167871 0.012307812197217
1666284851.151793003 4.788028199273536 336.238466335339126 9.838871660720665 -0.849332879959370 0.524955145866065 -0.055021456901923 0.005328520343362
1666284851.251831293 4.881356474310653 336.079471426526425 9.863360554676573 -0.849480034369532 0.524018854005657 -0.061544569056293 -0.000421750887120
1666284851.351752281 4.978919162077930 335.918567750641500 9.892665194152279 -0.860410306959314 0.506435263444728 -0.056619752540234 0.003410460398579
1666284851.451513529 5.077584957174572 335.759146304688500 9.880139497185963 -0.870850170162233 0.488469932664627 -0.054884304885556 0.002195242185808
1666284851.554118633 5.179708220510780 335.593138585991881 9.837139380327573 -0.864062998358385 0.500402165060911 -0.054647347237091 0.002544702383383
1666284851.653634787 5.278186801238698 335.433168563131460 9.832793254683951 -0.846119740112070 0.529628046953104 -0.059783841930537 0.001187230958680
1666284851.754445791 5.377348859615553 335.265941935923308 9.859655715628328 -0.841687010989044 0.537824348103714 -0.048013180846813 0.001637248947419
1666284851.853523493 5.466953644298094 335.100524011159621 9.872030656466144 -0.826226398007084 0.561630796921720 -0.043076685545437 0.008073806272968
1666284851.952804089 5.556528525384344 334.936269024456578 9.835040094172181 -0.823189538958966 0.566091874793397 -0.043018443798999 0.006955985518546
1666284852.052114487 5.649109817704829 334.771362455722510 9.810376818419272 -0.835162514521927 0.548060130828820 -0.046162351925400 0.001644566211623
1666284852.150834799 5.746153088606942 334.601317678612929 9.833120454928849 -0.839993843436271 0.540888597793653 -0.042938318384239 0.002483662680713
1666284852.251457214 5.849363908416946 334.428112507740082 9.854426334048291 -0.856551598166952 0.514874671537276 -0.033253473756227 0.010846140795951
1666284852.351839304 5.952685466566344 334.258555385421118 9.832747050629852 -0.864228877411073 0.502177114715646 -0.027109625512923 0.013844172391845
1666284852.452169418 6.053509164889427 334.089014313991584 9.801217372185706 -0.857320766679691 0.513790945680314 -0.025663214608405 0.019009644200720
1666284852.553508282 6.153510941664417 333.923024356240319 9.810042365590425 -0.849215729853080 0.526511264578866 -0.035388303437413 0.019136363852253
1666284852.653283834 6.253158621842003 333.760256622158636 9.836616650528681 -0.839562733002736 0.542178008670106 -0.026599441780134 0.021677037723842
1666284852.753719568 6.350288144203640 333.600158901503505 9.838077028365570 -0.826764746636364 0.561611963231754 -0.024857411246503 0.020836640333947
1666284852.853254080 6.448882682166117 333.443076397100128 9.809040203047863 -0.833994735214872 0.550789469765380 -0.028093573079000 0.017160791971882
1666284852.952032089 6.544280295142632 333.290639833162004 9.808086450280562 -0.845322064925560 0.532373202919120 -0.044128640977603 0.007876700393935
1666284853.051221609 6.639081359364321 333.129237855585700 9.832350778527637 -0.851246983380575 0.522523175705016 -0.045918567241655 0.015478673040343
1666284853.152295828 6.738749996981181 332.961397625823736 9.857672116320723 -0.871167335789593 0.488515046295254 -0.041207778731287 0.026878273167033
1666284853.251793146 6.838344169269245 332.798503508888871 9.838884652475294 -0.876303362642508 0.479433382069943 -0.037510026745524 0.028793170578442
1666284853.354638815 6.938425075315620 332.638855248037089 9.815951600016009 -0.860295559536747 0.507597283510705 -0.038003233374281 0.028147864341855
1666284853.453782082 7.032795561910492 332.488885579513578 9.833642733271358 -0.848600137989065 0.526427306872426 -0.046663640603641 0.023970837065021
1666284853.553395748 7.125058799830748 332.331707272788947 9.859869445040786 -0.843088325469070 0.536032290235172 -0.037013992819203 0.022392490227207
1666284853.653405428 7.213970085254007 332.172641209663936 9.857849270204756 -0.831874942336675 0.553585571580231 -0.032765800879216 0.021295481757567
1666284853.754165888 7.304209585005525 332.011632328690723 9.824567338736575 -0.829787170813764 0.556994944087027 -0.029924812660813 0.017731018064231
1666284853.852060318 7.390692579004460 331.853363966158327 9.828043457661161 -0.833834691438234 0.550819047669092 -0.035077426941507 0.009362595696911
1666284853.951420069 7.484620252963849 331.683765448669192 9.859476850669934 -0.839790599768538 0.542021943697616 -0.027153483311010 0.015054880761267
1666284854.051847696 7.582666431324682 331.511551009254106 9.872236713804835 -0.850197709718113 0.525719543022035 -0.015228446824875 0.023471490836329
1666284854.153943539 7.681210321162666 331.338424768082518 9.841298877516360 -0.850697894270181 0.524920061572557 -0.005102933684783 0.027312665756969
1666284854.254473209 7.775794923587974 331.172091666843357 9.824333932819133 -0.840613132373327 0.540801827452472 -0.007840223219144 0.029008205829463
1666284854.354526758 7.871550912066461 331.003996096340074 9.847375728680920 -0.841749972212626 0.538759611393479 -0.013336972620962 0.031893425223699
1666284854.456358433 7.969243905747601 330.832168970723217 9.871940357320694 -0.836046505892405 0.547598125972391 -0.002957465620874 0.033967422830233
1666284854.554650068 8.059277639275546 330.670327335690274 9.861991782226831 -0.830349226561082 0.556205838371550 -0.000807092706566 0.033979051078231
1666284854.654525757 8.150188386166295 330.504608736018724 9.830131818533699 -0.836039488267031 0.547810655962597 -0.002538084382976 0.030578054216960
1666284854.753946781 8.243254957449780 330.334755004249189 9.839564962589112 -0.847038727980309 0.530797539268865 -0.010233924031044 0.025973686810784
1666284854.854088783 8.341553824124055 330.160323990941492 9.873124713302174 -0.848342576322756 0.528594072556547 -0.000824212232155 0.030041643269792
1666284854.955795288 8.440005757840355 329.988997095745503 9.889021863954163 -0.857064427704304 0.514141186365063 0.007810978258026 0.032224150348332
1666284855.057016611 8.534578354643090 329.824463662685503 9.859144755986151 -0.859006087088765 0.510918053262612 0.004742789655178 0.032385045022025
1666284855.157295465 8.625880834955744 329.661760632958533 9.846979846913658 -0.852373897253758 0.522178076080688 -0.002700416825001 0.027955391073667
1666284855.257394075 8.719822949729155 329.488400365377231 9.877298837012194 -0.845675673799897 0.532680137583975 -0.006220217170943 0.032339367108121
1666284855.358166933 8.812643247946326 329.313925586964388 9.903341082601486 -0.840218017541030 0.540857783739800 0.002650566527990 0.038723575048979
1666284855.457550764 8.898791369849615 329.150071383129500 9.887699947371864 -0.836703192263765 0.546292804879460 0.001312649582851 0.038603320370541
1666284855.556893349 8.983779667268783 328.989276292248178 9.861303782707450 -0.843760950429581 0.535479370531149 -0.007272416638351 0.035726939723012
1666284855.656657219 9.072177772219824 328.824292167826343 9.880554789912825 -0.847477696986539 0.529875094809459 -0.018961759982402 0.025581021665073
1666284855.756478310 9.166081997636031 328.654437195747732 9.914636979806289 -0.852742126509186 0.521235879760136 -0.014348263940014 0.030629244998485
1666284855.856786728 9.260799776632069 328.485385572493783 9.920820152605993 -0.860245072506503 0.508484106734368 -0.011121477241154 0.036036664257515
1666284855.957113504 9.354514380480484 328.319870885639034 9.889322781291405 -0.856662705691487 0.514390879736513 -0.012162823554127 0.037190015386248
1666284856.058782339 9.449502934616991 328.154586677262898 9.886692237511383 -0.847758136669439 0.528716875453381 -0.022909673743684 0.035210143006433
1666284856.157940865 9.545792946835018 327.987748682275310 9.920300682050328 -0.842046915581119 0.537267243693328 -0.020964105594435 0.043144027293738
1666284856.258020401 9.640714168714572 327.822756648358620 9.935409219663862 -0.839477303767209 0.541176299132425 -0.014321828494923 0.046914336248439
1666284856.358302116 9.730442061489422 327.662246466534441 9.908000521832664 -0.831992436536312 0.552894797299468 -0.013163787464148 0.043847957365763
1666284856.458101273 9.815630449502855 327.504777055453815 9.889273021754535 -0.840978129500946 0.539307010411569 -0.023704296767934 0.036631141625175
1666284856.557204485 9.898595659445688 327.346098899442552 9.911311241080384 -0.843712180402667 0.534624740628775 -0.038330066012674 0.029273697874659
1666284856.656527281 9.983555038813087 327.184535460043207 9.943634041772910 -0.851661492933639 0.521917451805945 -0.035898008402015 0.031403947955690
1666284856.757094622 10.070072386848366 327.021645751529888 9.944078312600100 -0.857926972458527 0.511417672925168 -0.037434558186036 0.031810809505072
1666284856.857160091 10.154772635466983 326.859541557425530 9.910109125301934 -0.850944645217629 0.522842811522141 -0.040701132078102 0.029530036617443
1666284856.958425760 10.239470898414337 326.701192833346681 9.905475150233233 -0.833382170395903 0.549740907322367 -0.052265005151656 0.022966543472889
1666284857.058049440 10.327712899892582 326.542905862987084 9.932379774329382 -0.821102305984972 0.568427144776046 -0.048968713221116 0.016841891621225
1666284857.158457279 10.415402904134558 326.380950920819600 9.946737802768469 -0.806937373495479 0.588868580708075 -0.043496150466855 0.013926765799725
1666284857.256777763 10.499979265417082 326.222862444918633 9.915028602674518 -0.804723533061210 0.591739276263347 -0.046668623176928 0.009311491587488
1666284857.355733156 10.584537296120336 326.063498400162473 9.893766144634922 -0.822797435395214 0.565552706195322 -0.056105969766725 0.002576233440900
1666284857.456528425 10.671195990668949 325.890225334462684 9.916320454936454 -0.829271148725127 0.555329009022493 -0.062592727566993 0.001097308492644
1666284857.555437803 10.762223784929507 325.713200142770404 9.940736078220668 -0.849721479984664 0.524225501026827 -0.055030459155574 0.011518641021045
1666284857.655953884 10.855213632753864 325.533681581423821 9.926672954189344 -0.859570578489134 0.508512439030213 -0.047019064642283 0.018512901111505
1666284857.758530378 10.948375299762011 325.356885211396218 9.889696310438417 -0.848765040489080 0.526373277576795 -0.045014274171454 0.022423064408123
1666284857.858586073 11.038081907543271 325.193243632717952 9.888818019726921 -0.840104296782856 0.539668333005986 -0.052455716468850 0.015207191958538
1666284857.958547354 11.125998315381217 325.024304166824663 9.911351707994426 -0.825254585248512 0.563026546732940 -0.042400850139485 0.012575575841137
1666284858.058624029 11.207179923094525 324.851871980661087 9.919111982621375 -0.809202102188330 0.586248832196127 -0.036193971581427 0.013937753901829
1666284858.157211304 11.287132832711805 324.682252404033534 9.889157216472601 -0.812210511594097 0.582029579823198 -0.037189816369316 0.013136613920768
1666284858.255527496 11.370984710138645 324.513669515917286 9.880760147786075 -0.824178951500041 0.564431934556687 -0.044882965006511 0.011452799182443
1666284858.355590820 11.462719591340299 324.339855576912271 9.909579206173868 -0.828069740928516 0.559032472776251 -0.040215959985283 0.012879250859935
1666284858.455399275 11.557071816786788 324.168806332903387 9.928610867093058 -0.839970251748542 0.541312392551350 -0.032548142557540 0.019274030815527
1666284858.555152655 11.651183578873463 323.999249146580780 9.903089345676623 -0.850238206662264 0.525205891151687 -0.027981249467434 0.021698237475458
1666284858.657064438 11.746347718334665 323.829709498777049 9.876357951762094 -0.838582413642893 0.543702816442648 -0.027275552907364 0.020562760874686
1666284858.757560492 11.842511026253788 323.667130322928188 9.895782795112947 -0.832629924876050 0.552578070872200 -0.034818398989794 0.013136319265636
1666284858.859315634 11.938544039771989 323.498352740902192 9.923453834372731 -0.826132247230867 0.562954549721335 -0.022816828528900 0.008190077484948
1666284858.957653999 12.026218253414223 323.332666552705973 9.916701759546291 -0.815593153568413 0.578259465208754 -0.019862600045104 0.005410717906644
1666284859.056956530 12.113216698502344 323.159191403248542 9.879496621793360 -0.818936668802642 0.573564532017459 -0.018828733637456 0.003455270124656
1666284859.155981541 12.200902348449624 322.980141145458902 9.880072573103737 -0.830821834136458 0.555961776177938 -0.025023885614808 0.003922817857304
1666284859.256168604 12.295298431872412 322.794676473546645 9.909032410749868 -0.840366978836969 0.541455601125840 -0.016795364473287 0.018085591560408
1666284859.355823994 12.391970588053701 322.617967724658456 9.920239983465338 -0.855463776007248 0.516872441955018 -0.009740894279793 0.030491337548668
1666284859.456653357 12.490789828650504 322.453035861815863 9.888210140024947 -0.860118702769734 0.509152936908212 -0.008956258043770 0.029646069306164
1666284859.556884766 12.588143314366535 322.299971418794883 9.863582049062346 -0.847300604295322 0.530530141837267 -0.016601779881715 0.018542800966151
1666284859.658005476 12.684719731061492 322.143117972468872 9.872021614769363 -0.835377244083031 0.549151245731665 -0.022475248069516 0.008522476389820
1666284859.757042646 12.774379205957695 321.978879547451982 9.897551823713668 -0.826894309582981 0.562133679759828 -0.013518982339656 0.008292404685074
1666284859.857074738 12.861837570722120 321.811137726297602 9.888488871168487 -0.821940292334950 0.569294459697271 -0.015535771929896 0.008752930073419
1666284859.956838608 12.949389507528039 321.644540563955502 9.846965512199915 -0.828690319504359 0.559308483246501 -0.018989761239850 0.009260879888875
1666284860.055459261 13.039514055125828 321.485467379341401 9.851152424693444 -0.840696684956861 0.540604705597326 -0.031068988815961 0.003217782237299
1666284860.155543566 13.139177605712685 321.324303631291798 9.880103945661947 -0.852535893421937 0.522058315744468 -0.024847696184768 0.004500820327320
1666284860.255254507 13.238106760121232 321.165074446247047 9.885683984087226 -0.859824601366998 0.510164739302990 -0.020529258129286 0.003484711846902
1666284860.356313467 13.335814523425407 321.001936776996047 9.848106465626502 -0.853872440252268 0.520139826422661 -0.018751380793923 0.002191452706057
1666284860.456925392 13.433233644821014 320.838206266955922 9.827420880168120 -0.843985567112164 0.535804245722552 -0.024538543935510 0.000180647642213
1666284860.557358503 13.531414624678186 320.662429382709604 9.853344783355457 -0.836992256571893 0.546813266086477 -0.019215812083517 0.008364630087529
1666284860.658776760 13.622544050964077 320.480867581223890 9.870779263753885 -0.831174945859402 0.555676880713888 -0.008147884644000 0.017464981864622
1666284860.759618044 13.706365994804976 320.304856771302298 9.837940934996142 -0.825311219998537 0.564119047520377 -0.006592185162785 0.024241152283016
1666284860.857383966 13.784743122363821 320.137411470955954 9.804930204280762 -0.833857616235031 0.551152107692108 -0.013392538131089 0.027082650457194
1666284860.957544327 13.871855058090853 319.960384738081984 9.822814732159236 -0.841491100311438 0.538958905057284 -0.022622535678869 0.030070710592821
1666284861.056211710 13.966168479757391 319.784041728370823 9.853028152828946 -0.851787644492180 0.521859920508514 -0.015722179067911 0.043276380886893
1666284861.158102274 14.067741267672613 319.608322998386825 9.848025953871279 -0.858080395059550 0.511122191114577 -0.009746125126485 0.048550534597450
1666284861.258277655 14.168307412714027 319.444984749358127 9.810371978060209 -0.854369156033823 0.517533562946966 -0.007891043207285 0.046369040086804
1666284861.358547688 14.267278514452851 319.285569761676470 9.808198686719317 -0.839610834711211 0.541518348325433 -0.018298228867202 0.038427847750833
1666284861.459488630 14.366905529366402 319.114562784027328 9.834685991052625 -0.837311149590218 0.545236635916684 -0.012926715676557 0.038209287457142
1666284861.558332205 14.457228909030114 318.947138124395849 9.844387057802848 -0.828778437623345 0.558159536730505 -0.010346212094123 0.038434213699510
1666284861.650937080 14.536847159407602 318.795012051859487 9.811152328935144 -0.823534966564972 0.566045450358753 -0.019515328465349 0.031652155185326
1666284861.749536276 14.620384659698624 318.624852509315758 9.790468006761694 -0.836019595502222 0.546943522161062 -0.033131159826902 0.028746230202904
1666284861.849527597 14.712936185352691 318.435818165333558 9.821900854085337 -0.843163914514224 0.535457330717951 -0.030790681782924 0.037576510705481
1666284861.949183464 14.810894519527350 318.249905895412553 9.848796935098401 -0.853183482449990 0.518955722594614 -0.019486050587806 0.048817999685552
1666284862.050449610 14.911196467641128 318.070878561082168 9.824784110682469 -0.854014481377914 0.517341809140762 -0.013707503396421 0.053186675609720
1666284862.150362968 15.009489191181954 317.905395009087442 9.788343300805865 -0.842764312087030 0.535897289069234 -0.011734810025331 0.049241284247984
1666284862.250941753 15.106671123283263 317.743842430627012 9.801856378270800 -0.829688279423636 0.556645163091791 -0.017156744436560 0.038329721025569
1666284862.353105307 15.202414423478459 317.575705537731210 9.838747679326284 -0.821353384343991 0.569505996864978 -0.007222063877988 0.031454401199861
1666284862.453278065 15.287330422189333 317.414592624480235 9.839644689157197 -0.809662836835309 0.586318275877439 -0.008394212716581 0.024627367150698
1666284862.552140713 15.367205464774802 317.260620357559503 9.802725869431915 -0.810273240689238 0.585683469582631 -0.015814718640171 0.013492351720296
1666284862.652285099 15.450730844015633 317.099931036719397 9.811051496205700 -0.825204576803660 0.564063677468993 -0.029486810516246 -0.000319668622033
1666284862.752066612 15.539086005419202 316.928272418237327 9.850163510962025 -0.828463319585131 0.559558604936287 -0.023214671535808 0.001942876534039
1666284862.851770401 15.628489678054924 316.753670011764086 9.866736673404043 -0.838563578366455 0.544571023849616 -0.014974512225377 0.005411931655027
1666284862.954362392 15.719943549375035 316.573072497782562 9.835010156740218 -0.842762282772913 0.538111756163397 -0.010287539607835 0.009035438171460
1666284863.058316946 15.815338455017390 316.403590863866668 9.820498072593704 -0.820441181450456 0.571588540549945 -0.012433926402934 0.002864535978135
1666284863.157597065 15.911420983314150 316.247795341485130 9.845674033042741 -0.808762733407438 0.587932492532645 -0.014591753847473 -0.005030506469071
1666284863.258471012 16.005732020249898 316.082118060110815 9.871549571123074 -0.804919324799353 0.593323571416413 -0.006496979337917 -0.005459800885489
1666284863.350255966 16.087832107581267 315.927487103019473 9.857073049047052 -0.812285646046301 0.583188363641860 -0.009094405504637 -0.000808411027632
1666284863.451732159 16.178418649445970 315.752410502473026 9.821235079874905 -0.823640651864778 0.566943626038466 -0.013662358910645 0.002083612035741
1666284863.551273108 16.272519806944164 315.578018380277115 9.839330205045693 -0.827373440880218 0.561388878312249 -0.017113072528798 0.001690970717546
1666284863.651872158 16.373086265515724 315.403716686804557 9.876034176384586 -0.838265140249885 0.545142481859794 -0.007063827148312 0.009018395622524
1666284863.751063108 16.471772308988125 315.238397586460053 9.879619801041411 -0.844891248353642 0.534719381936369 -0.000994284200901 0.015263434604970
1666284863.854276419 16.573938334286940 315.072963025066031 9.847258222398974 -0.842251604315104 0.538845017733801 -0.000421037774709 0.016065634730204
1666284863.954872608 16.673271262070418 314.918343761230233 9.850889462160241 -0.834622003114704 0.550512230922041 -0.013845290232659 0.012276133772900
1666284864.055347443 16.772757257580285 314.758157591809834 9.884914029480134 -0.834056092771102 0.551249932503444 -0.016453174474905 0.014256194304596
1666284864.155579805 16.865626741029342 314.594086830725757 9.906217782693000 -0.829582591486854 0.558005046242521 -0.010553954501601 0.017655206433662
1666284864.256654263 16.954468145113019 314.428665913154305 9.880966578982985 -0.824572553528439 0.565187409658651 -0.015209448848986 0.020297009549306
1666284864.354068279 17.038186144025001 314.270131986430840 9.859787183585686 -0.834388140440164 0.550296774953997 -0.023569852427993 0.020355653380744
1666284864.453356981 17.124753762973171 314.108201529759071 9.882527587915447 -0.841087255574860 0.539089199174519 -0.039737183974557 0.019391236492259
1666284864.552965164 17.217757261499266 313.944047370233136 9.910482653385834 -0.853077662620357 0.519738053335568 -0.037752817472270 0.026562797782785
1666284864.655142069 17.317483017918171 313.775675307155041 9.909520298514291 -0.863911134688376 0.501423952812467 -0.035759497852068 0.030867931915363
1666284864.754848242 17.417796492452613 313.615965764367957 9.874120811594125 -0.858067422273582 0.511566337928613 -0.033533794612793 0.029927668635311
1666284864.857982159 17.523313918847773 313.456185765527437 9.881074655711490 -0.840151597733430 0.540343099174085 -0.039737584962707 0.024403941121072
1666284864.957568645 17.627732441156851 313.294023886757032 9.917791134964871 -0.843432070844346 0.535555870616061 -0.033896843649333 0.025558859726198
1666284865.057355165 17.727470896624965 313.127532382060338 9.932395672714980 -0.837798407577457 0.544763665251883 -0.024227726523701 0.027191810338861
1666284865.157816410 17.826232146829017 312.960154021614358 9.901831577987506 -0.834552108563927 0.549813835106251 -0.021495565788578 0.027667046620275
1666284865.259117603 17.923792720842130 312.792150253845080 9.885261023676081 -0.842712907977190 0.537277952936729 -0.026091536614375 0.022058733731740
1666284865.349412441 18.010854594052066 312.638861506385524 9.907861738123708 -0.850150202370178 0.525234008643304 -0.029658930091285 0.022231001782897
1666284865.449049950 18.107565083729426 312.471821749622791 9.935442205717633 -0.860959257611956 0.507333214210701 -0.024768903474556 0.027361796570684
1666284865.551641941 18.203316725063523 312.303925162806081 9.927023826014482 -0.867101098293981 0.496536484862423 -0.025139639184490 0.030906359855451
1666284865.652846813 18.294310156286617 312.138986717641103 9.898168671817741 -0.861718055275177 0.505719827589499 -0.028578539877421 0.029541771343114
1666284865.752921581 18.381253584624940 311.979013318499483 9.906214234353119 -0.851565607190513 0.521361925327610 -0.046806822368602 0.028755535966049
1666284865.852355957 18.470431418349364 311.814908084670606 9.935308793888739 -0.848005280311239 0.527458557584002 -0.042524898721639 0.029430385392921
1666284865.954374552 18.559885819372123 311.646002061728325 9.952500845202223 -0.833876893192650 0.549358213471185 -0.041432575261336 0.033737545825620
1666284866.052990913 18.648900108081726 311.486032578274546 9.924648968151676 -0.836353604719640 0.545623392067606 -0.043030299206159 0.030921760159028
1666284866.151784182 18.738804443655621 311.325420581592255 9.911420641160330 -0.841495079790061 0.537366938293118 -0.050287670851844 0.024371181319243
1666284866.252208233 18.836039846703375 311.150837789405330 9.946833860969727 -0.844761105486402 0.532715562281696 -0.044600689319187 0.024567923651431
1666284866.351507187 18.933624487914759 310.980718184840953 9.972159103270466 -0.853114284624645 0.519625925692710 -0.035264901254617 0.030680636513529
1666284866.451609612 19.031684328488137 310.817285009241232 9.954992736963469 -0.861430241591400 0.505830592685050 -0.033395830425988 0.030952687861181
1666284866.552300453 19.129432591988714 310.657194476965628 9.922420163841819 -0.854297760001502 0.517904228164234 -0.035598080411951 0.026140473924707
1666284866.653318405 19.226541075087525 310.487377949627842 9.938486535191972 -0.844494558901795 0.533497853960879 -0.042151747078600 0.020789661435969
1666284866.752690554 19.320160414358647 310.309158004714675 9.971927978390465 -0.841827035247968 0.538352815771536 -0.027837529516004 0.026991858530328
1666284866.853567123 19.408250877499214 310.134463400994946 9.971344275034234 -0.830115214282926 0.556334156262973 -0.021444975415774 0.030678178247646
1666284866.953020573 19.490838152032204 309.969218911811538 9.933370391668177 -0.836540930773664 0.546581694158558 -0.023972171171962 0.029547550835805
1666284867.051806927 19.569309417371020 309.809848184589214 9.927485364732528 -0.845769442094429 0.531793508693826 -0.038975750134946 0.018724471469355
1666284867.152397394 19.651642672520119 309.645403407751019 9.956464604818398 -0.844906018297336 0.532961071100221 -0.042872518475639 0.015756398579736
1666284867.251601219 19.736430812525811 309.486404821567021 9.979766385234409 -0.852855268276697 0.520170122667567 -0.042683359323007 0.015461749370435
1666284867.352308035 19.823889289524253 309.326747468623694 9.958303818854150 -0.854262603512678 0.517903556782927 -0.044292254419739 0.007036072040041
1666284867.452390909 19.913268109534773 309.165313435642815 9.930751022192203 -0.841218500345664 0.538699616858111 -0.046411970653173 0.000294029259088
1666284867.553313017 20.006599928415731 308.997323102924156 9.945496086467131 -0.827965615655407 0.558187244439798 -0.053501270531128 -0.006128090128500
1666284867.652209044 20.097214027649223 308.818926607569665 9.974108677778045 -0.827069547420542 0.560828192093993 -0.037756256778222 -0.001472330214178
1666284867.752803802 20.183754312096564 308.632467354656853 9.971880309649910 -0.819278679064710 0.572580923990866 -0.029697846373059 0.007181186012922
1666284867.852077484 20.268463901295597 308.452089142781062 9.935384605729752 -0.824486731203427 0.565129754459568 -0.026039731651567 0.013111943771639
1666284867.951634884 20.352885464095046 308.280794177448740 9.931587514932215 -0.833259441688772 0.551747685942044 -0.034134026746543 0.009384141526132
1666284868.051318169 20.442293632374277 308.109520358846623 9.959655523865729 -0.837988791093619 0.544597861183149 -0.030964128878926 0.015138636628329
1666284868.152271748 20.536741363101616 307.939041594957018 9.975376155467911 -0.851014493039687 0.524258091812078 -0.023439977673022 0.019451304651663
1666284868.251982450 20.630000152996530 307.774243508030509 9.945147217890273 -0.853174954968027 0.520834840223841 -0.021803966549794 0.018658844203415
1666284868.352852583 20.724529918434119 307.615093964938467 9.920233961271924 -0.833705920217699 0.551490261148552 -0.025032118119061 0.012896647422274
1666284868.453426600 20.820999996021644 307.457756336590251 9.941271832829976 -0.818211440032321 0.574090594486040 -0.030395758036196 0.005111420184813
1666284868.553067923 20.911593696372570 307.295371818519016 9.969537482241345 -0.816965953197848 0.576099056465108 -0.025681900449732 0.004116848896151
1666284868.652366877 20.993509281900277 307.126749021339606 9.954102168496053 -0.815113878784474 0.578505438882880 -0.029167158129636 0.008372495595517
1666284868.751206636 21.074391240292179 306.953751124583789 9.917214920830347 -0.822334168126516 0.567729005062213 -0.036274891267155 0.011594179845779
1666284868.850805044 21.160107439793709 306.779881110627741 9.916249042577842 -0.834702440710029 0.548469704804185 -0.048319938741995 0.010862868161779
1666284868.950346947 21.254497173920203 306.603581864730586 9.945549651572406 -0.846948527454930 0.529868577047846 -0.038630006867877 0.020620510871593
1666284869.052983046 21.356824507277810 306.424310246037237 9.949845756870658 -0.857273737142518 0.513297324890323 -0.028854618593192 0.027838944879071
1666284869.153028965 21.456518132549999 306.252091994929287 9.912215083229237 -0.850689609459722 0.524664725491273 -0.018621879061883 0.026595860629754
1666284869.253458738 21.552291248643122 306.085180056609431 9.898048587500847 -0.836824757121411 0.546531831465260 -0.021593364494506 0.023685642776307
1666284869.353497982 21.645994206666593 305.914394870436922 9.924173179961423 -0.831280356525650 0.555130756612816 -0.014148310524009 0.024548670562510
1666284869.453318357 21.731870592506578 305.742190600501374 9.943809322002199 -0.822776105855551 0.567671273837454 -0.004462549036508 0.027728868513411
1666284869.552248955 21.810496901804147 305.577543602638286 9.918219572249559 -0.814093384483181 0.580113959319867 -0.008355046173304 0.025494092382142
1666284869.650736332 21.886232220001471 305.419725851217663 9.888100989876486 -0.825824759956081 0.563126257473187 -0.020736407482076 0.021732128116223
1666284869.750623703 21.965983582079787 305.254231492252188 9.907797863674064 -0.832811931199562 0.552309376321849 -0.031935108813180 0.018941723884486
1666284869.849801779 22.053618208801531 305.084305893959367 9.938983988504102 -0.847893153001995 0.528723665049545 -0.026648843695864 0.028606402055933
1666284869.950862408 22.145908263285911 304.915783172740078 9.932526348731741 -0.855658191500313 0.516036247160816 -0.022102662542490 0.032666852360275
1666284870.053202152 22.242450109160803 304.753614135477164 9.894196704620649 -0.850184929727580 0.525194398115860 -0.020244523132529 0.030766682222288
1666284870.155857801 22.341824320901569 304.595566178446802 9.896979567236112 -0.837917323291720 0.544858068517335 -0.025112016665803 0.019840139066442
1666284870.254480839 22.435426343809649 304.437803771319579 9.928376495597254 -0.834918028618183 0.549725238662594 -0.018389824442597 0.019387156125939
1666284870.354715586 22.519544310859558 304.278480335883103 9.936943375013184 -0.826532611530706 0.562403331666443 -0.015560746751780 0.017441266216709
1666284870.455497026 22.599919393754977 304.119219918876865 9.899480557905981 -0.828431201947682 0.559318042785000 -0.024790834180388 0.015826724086684
1666284870.555102825 22.678506745313761 303.956670496491256 9.881497399821797 -0.838793996729590 0.543113872024447 -0.036858616252540 0.009664133326966
1666284870.654525280 22.763250150042914 303.783706686883420 9.907220078641625 -0.839401220863490 0.541972743069326 -0.038729255239599 0.013083614614401
1666284870.754321337 22.853899822695315 303.609646944602730 9.929974844690113 -0.849331501212392 0.526462963450960 -0.031096576439812 0.022488932755047
1666284870.856710196 22.947018332043911 303.436179549455005 9.910106817750272 -0.853820696239558 0.519035042993149 -0.028523825124204 0.027914767030724
1666284870.955667019 23.035877044429881 303.279817859353159 9.879339083078859 -0.846236069729936 0.531150771178970 -0.031676418442249 0.027567681779351
1666284871.056618214 23.128132855829193 303.127437744806059 9.886809354101205 -0.833221062538052 0.550748896751106 -0.046290926971387 0.016597100666327
1666284871.155103445 23.218711300753217 302.967991648058899 9.915282349844750 -0.832344338951912 0.552450787538971 -0.041175409029528 0.017481832098701
1666284871.258012056 23.306860540056181 302.796213514909482 9.918482314227646 -0.824322702447269 0.564369069649185 -0.039954095581016 0.019578194494045
1666284871.357975960 23.390313335952104 302.626093394732607 9.879556663848845 -0.826233931376009 0.561698300247165 -0.038342199584738 0.019036435417213
1666284871.455303907 23.469793168076322 302.462866179636194 9.867897552187387 -0.839145189139183 0.541429061364616 -0.049155143754666 0.016543726812716
1666284871.555085659 23.554825623924781 302.294980427724624 9.891522206184320 -0.844501171731764 0.532423121244514 -0.053329155917241 0.022347081175878
1666284871.655818462 23.645641257202300 302.128047186192930 9.911445894500091 -0.859196714339416 0.508652536819593 -0.048412269575921 0.026643104358385
1666284871.756626844 23.736437465689040 301.962510661060037 9.887307928596009 -0.857525365039622 0.511718547442525 -0.045440023282255 0.027010753434198
1666284871.857737303 23.827008378103447 301.797311235679217 9.858907307990551 -0.847819382421378 0.527628439281803 -0.046056100699252 0.026255674435505
1666284871.958258390 23.917744706145992 301.627062173227898 9.871880694071717 -0.841493302916152 0.536973187767403 -0.052666921752553 0.027839039482182
1666284872.058027983 24.007033574105584 301.451603474271565 9.899802718338941 -0.833866301263465 0.549487359969319 -0.039160488987190 0.034598973300089
1666284872.160497427 24.095771314477581 301.273580642984427 9.891193437977275 -0.826469151982712 0.560736985344303 -0.032503701055437 0.038292081500738
1666284872.251986504 24.174646812618498 301.120112454600985 9.856210596601070 -0.833017122318266 0.551018087768173 -0.032914684568645 0.037123636899524
1666284872.352414370 24.260748177340144 300.956291485392001 9.856227293111615 -0.840834046837983 0.539088978784720 -0.043142210139393 0.022801937093091
1666284872.452165842 24.351989743526460 300.789711253943381 9.891453285644886 -0.843077339844237 0.536160966919859 -0.037024818839727 0.019523815780015
1666284872.552716017 24.444479415391125 300.624203841102656 9.911747734993245 -0.847423178563599 0.529722193550055 -0.029571701399274 0.019846122292212
1666284872.658087015 24.541350297986781 300.453937025619894 9.882566709666381 -0.854784522838089 0.517881120579082 -0.028576453420796 0.018054106848672
1666284872.758019447 24.633083277380500 300.291780222363570 9.856262210079702 -0.849571660395784 0.526120165349513 -0.031958953821165 0.020104495407971
1666284872.858524084 24.727143634359710 300.124427395513067 9.875129513445824 -0.838363459381395 0.543452768405333 -0.037432668208228 0.020114518076547
1666284872.958894968 24.821113770139732 299.951691321652277 9.901370176822427 -0.839657177734879 0.541824580798310 -0.026863377381603 0.026082685381053
1666284873.058730125 24.910189314210633 299.780739950766701 9.890585834722536 -0.832773290939264 0.552283302423476 -0.023034228972534 0.030679375124794
1666284873.157974482 24.997950317114256 299.615466485228751 9.856474978758168 -0.838899245946923 0.542927679478634 -0.024907327240011 0.029278235182292
1666284873.259222746 25.091209633313444 299.440248383527262 9.881120134228565 -0.838945846325776 0.543146878591971 -0.024754613068215 0.023421023469710
1666284873.358439207 25.185321936035812 299.267120533338414 9.919668861438604 -0.842303154675996 0.538232575752690 -0.015092574843301 0.024562251649434
1666284873.457875252 25.280094112451795 299.098553979147823 9.919240888797349 -0.848557002580543 0.528164180817326 -0.007942851750676 0.030504468183445
1666284873.557236195 25.370800344438660 298.931760282603307 9.883633948046830 -0.855999040736022 0.515965304031436 -0.004708519793150 0.031988703257795
1666284873.659026146 25.458827605070741 298.761000332837000 9.879447911297941 -0.844466985301356 0.534497768770302 -0.017053062386223 0.029947269973411
1666284873.759490252 25.546818273447432 298.587190663814283 9.913596577281483 -0.836746639554323 0.546084297574432 -0.014377505312358 0.037951132765455
1666284873.858815193 25.629894461484763 298.419621622740351 9.934706622317380 -0.829576339875566 0.556988293305290 -0.010217212916186 0.038245862517977
1666284873.957747459 25.710605413790699 298.257681688599234 9.910672156509268 -0.825677719955241 0.562828381627642 -0.014002853662318 0.035839024724963
1666284874.057222366 25.791041595117015 298.094602763514786 9.887677486793745 -0.831660034044717 0.553893012773894 -0.024250051989904 0.030920109176487
1666284874.159160852 25.876042826059841 297.920759091019079 9.913997187568338 -0.833741103115136 0.550394535842448 -0.035261197888560 0.026424908979888
1666284874.249622822 25.955238314426477 297.764949275452011 9.946302427265522 -0.841556256749770 0.538513662790014 -0.029264289526575 0.030491032653944
1666284874.351052999 26.044314007817938 297.593661285643236 9.948793751641734 -0.849986705767664 0.524763553540967 -0.031430454123858 0.034028509324676
1666284874.451005697 26.133089950179407 297.430717545148468 9.916185909897459 -0.847714084072978 0.528439917704067 -0.032851340081295 0.032448027614858
1666284874.551731348 26.224712224812109 297.274437749551339 9.916796545064363 -0.832636309744126 0.551546616416302 -0.042503979167805 0.026580394472535
1666284874.651633978 26.320468122784199 297.113444335126815 9.952350080992380 -0.828470307107842 0.558319161292301 -0.034514440086715 0.026933581269484
1666284874.751890182 26.412701097762223 296.949832294814485 9.973513916078227 -0.819723951260856 0.571574345421168 -0.023679984563435 0.028189886781071
1666284874.853383303 26.501593616211458 296.787565319570490 9.946629854286206 -0.819749599832874 0.571761843255583 -0.021084060375437 0.025582231507562
1666284874.955598116 26.587256114529310 296.626159596900777 9.923728271914671 -0.825413836234017 0.563445036036241 -0.027871017753309 0.021092574261059
1666284875.056008816 26.671234061444252 296.465557531613229 9.947796230174069 -0.831016696655586 0.554883373411491 -0.037137781208260 0.011682337011427
1666284875.155461073 26.758629178934985 296.304750416144884 9.976839708341524 -0.840502490957229 0.540576655388745 -0.033136334949245 0.015310965010171
1666284875.255706310 26.846839883602282 296.144030079530921 9.971759773917627 -0.849557330516438 0.526427144405718 -0.030903779354810 0.013105732341767
1666284875.356407642 26.934265240528948 295.978739460715076 9.938605672464993 -0.842127311700709 0.538347018357488 -0.029686488153178 0.011081116120276
1666284875.456927776 27.024132639849523 295.813136026190477 9.940203452465717 -0.828991496086513 0.557759249067691 -0.040260102778448 0.007539470801048
1666284875.556809425 27.116380463942814 295.645008857275172 9.965218688356618 -0.822099128183163 0.568261216927502 -0.034592063137834 0.005966736497101
1666284875.657836914 27.204725627519434 295.476340749767814 9.981389112112314 -0.804443969937526 0.593377138593512 -0.026617234563182 0.008061851520476
1666284875.756412506 27.289192808729496 295.316255334736809 9.955956980615117 -0.809209870292491 0.586744026718413 -0.029623826848220 0.005767305639500
1666284875.855096102 27.375384588581944 295.157050998337752 9.934887247942029 -0.823804624571244 0.565584334694389 -0.038166841582721 0.001895543968592
1666284875.954833984 27.465550171310415 294.990444430873993 9.951239078931923 -0.827640931429674 0.559352475962133 -0.046103576432962 -0.003123539233546
1666284876.056924343 27.565243736850441 294.813481911234362 9.981567870251807 -0.836068995874448 0.547532443769367 -0.034014901002828 0.006312184028099
1666284876.158328295 27.666063293811789 294.640327664361848 9.973849806150794 -0.841873086485594 0.539061168867613 -0.023622279068292 0.010234764380407
1666284876.258036613 27.766776367596751 294.472176332270976 9.936981034105667 -0.835970046015995 0.548350733233919 -0.016083150806135 0.014383594334713
1666284876.358269930 27.870261231292258 294.301643942255453 9.944838846219358 -0.828737648531450 0.559173677707759 -0.016877211454207 0.015292736801241
1666284876.457712650 27.975862002892296 294.128747224475092 9.976289999936819 -0.832729911514250 0.553220847019584 -0.001494366438348 0.022480119246805
1666284876.560082912 28.075832090903191 293.956133860393834 9.983348794319673 -0.818825341695736 0.573441156917805 0.013042146966088 0.022807931781431
1666284876.650226116 28.156919386925026 293.808353009808741 9.954255681711329 -0.814186602535622 0.580094063754308 0.013977843737806 0.019891539230409
1666284876.752093315 28.242443307053460 293.639459453017821 9.937758192899821 -0.832202327547936 0.554252101718152 0.002503716082556 0.015415095542599
1666284876.851623535 28.324331494079651 293.466082723299110 9.961461107090852 -0.836630131745916 0.547376085682825 -0.006876697251471 0.019548772653851
1666284876.951541424 28.407997235794376 293.291101789104403 9.988167624515114 -0.849318732321610 0.526751347637853 -0.003653715699232 0.034312666041964
1666284877.052181721 28.492363300720704 293.122729940746183 9.975508501217737 -0.855684989472377 0.515591635772298 -0.006004185309675 0.043959227382556
1666284877.153525591 28.580640117641963 292.959257671443709 9.938502566450435 -0.846828282355616 0.529478691071380 -0.011425431361435 0.049026884687694
1666284877.256019831 28.672202861165687 292.796957378718275 9.943634354588948 -0.837117833996621 0.544286901216671 -0.026868712895804 0.047577026347619
1666284877.355923176 28.764135029416096 292.632624426013138 9.971417745578735 -0.833286265614531 0.549769232692595 -0.022305612932324 0.053761044953557
1666284877.454993248 28.853305989650565 292.471095299492788 9.984267974671273 -0.823347048979447 0.564720563771585 -0.013964939550360 0.054729354588683
1666284877.555269480 28.945728061025171 292.313470899491449 9.953049020901865 -0.819926818011402 0.570120016390012 -0.013389541637259 0.050038986719296
1666284877.659901381 29.044811017794448 292.152365026853943 9.934894215411802 -0.831922873202518 0.553296545620838 -0.020324691938024 0.036799083468742
1666284877.749302864 29.131138507850096 292.008062103480086 9.959432161368751 -0.833948405731198 0.550720912733934 -0.020578718547176 0.028514017585259
1666284877.848830223 29.226580244442559 291.845348607235962 9.992746015161627 -0.840216234821266 0.541666768898290 -0.007572350714439 0.024009367311942
1666284877.948859453 29.320061087304016 291.687610725461923 9.987365843306961 -0.846246383748601 0.532550187846788 -0.002168619279640 0.015895046624207
1666284878.049186468 29.412006601367580 291.531745073582101 9.950328698844904 -0.837409309319165 0.546561696577236 0.000303666802271 0.003983501811958
1666284878.151177645 29.504346831159332 291.370883155700881 9.958045993176240 -0.827305073429311 0.561657432176685 -0.009056429024021 -0.005022494614013
1666284878.250152349 29.591231390949275 291.209483154511588 9.991930063302959 -0.826476108854306 0.562931854551909 -0.001102746171168 -0.006614572902076
1666284878.349893332 29.668935181300423 291.047169943782819 10.001770533467235 -0.819829566739825 0.572529569766205 0.003335552722432 -0.008845752119032
1666284878.449481010 29.736464766044463 290.879686081494583 9.968579891643545 -0.820233476794317 0.571994155585449 -0.002099147043353 -0.005943324295893
1666284878.548598766 29.802151215643850 290.706197458205509 9.950559335690246 -0.837023955035842 0.546992198983418 -0.013198489683957 -0.004028997084076
1666284878.648920298 29.870549869398882 290.526030172214860 9.972004417976329 -0.842501307531322 0.538372212523733 -0.018600850081353 -0.000957061421397
1666284878.750552893 29.944184636064829 290.343624183986265 9.997503559452362 -0.850695094505270 0.525358475686959 -0.012728741714172 0.012422050672846
1666284878.851072311 30.018760808222204 290.170054552368299 9.982371919782439 -0.857807513884089 0.513589341391095 -0.010464276278630 0.016815363672071
1666284878.951531172 30.096515920946747 290.000071128207196 9.947041184293234 -0.848776894135387 0.528361775663949 -0.009207813596669 0.018078555470318
1666284879.052242994 30.180535998105739 289.831360355259903 9.955245571113922 -0.837659504153231 0.545835982693600 -0.014980787052524 0.012853447707215
1666284879.152257919 30.266198422964894 289.664818841635281 9.983463879913705 -0.835947612630205 0.548658521544623 -0.003870697148894 0.012265128532151
1666284879.256309271 30.344118316981266 289.499778155827755 9.993430553566700 -0.824385486959718 0.565943387918471 0.000245381140891 0.009828038952287
1666284879.358371258 30.410498309180603 289.344092337668826 9.958592586454603 -0.825776370103651 0.563911019103614 -0.008573641392074 0.004923594747946
1666284879.457021952 30.470102493362987 289.193559700190235 9.944533317035154 -0.835756487166484 0.548444652806915 -0.026590981944537 -0.003532229588442
1666284879.556436062 30.530443261432310 289.034372823104604 9.970751015527476 -0.841910214835989 0.537876852794915 -0.043158618578723 -0.003607634215352
1666284879.656461477 30.594591935589211 288.872391695852059 9.998876577719562 -0.852717670136138 0.520109989396461 -0.047910876382648 0.007919715389897
1666284879.757848263 30.663418643181625 288.710670426330580 9.982270795165478 -0.867133315370303 0.494777142441460 -0.056060249021346 0.011516994922057
1666284879.850414753 30.732224540449305 288.567061304172285 9.947902317320425 -0.861437198277646 0.503895755838373 -0.062773049162064 0.008635101072411
1666284879.951285362 30.819937251243644 288.415263963892528 9.954260432058174 -0.838302122854024 0.540358072208419 -0.072539989336696 -0.000809051709999
1666284880.050436258 30.913659341321861 288.257137701877809 9.982456020792656 -0.838373059737938 0.541718100144719 -0.060376278423481 -0.005178579435937
1666284880.149974823 31.002267254452693 288.090228231073638 9.993162553078680 -0.832956746493269 0.551375947245860 -0.046508391486243 -0.002143079896207
1666284880.249423027 31.086790222564055 287.919049300946426 9.961435049297197 -0.836740213271627 0.546131901510678 -0.039889229260311 0.003822438423615
1666284880.349448204 31.169320764463198 287.748142687410393 9.938736249742114 -0.839342420768183 0.542326970580902 -0.037132692860569 0.002630741429752
1666284880.449115515 31.254272717310776 287.576857702369580 9.963999685644293 -0.850106872040215 0.525374395986217 -0.035497777023390 0.006321232357452
1666284880.550694704 31.342140556565624 287.405284568164916 9.988697154476776 -0.856329697639678 0.515421205184407 -0.027158790950932 0.017402018867785
1666284880.650423765 31.430159540868292 287.241506554628586 9.975553244561150 -0.865900253886083 0.499275130217638 -0.021095114585756 0.022273096030657
1666284880.751148701 31.520922800999688 287.074506484899132 9.940306290632387 -0.860397817689832 0.508730099374267 -0.016939631381634 0.024946546732518
1666284880.852106571 31.613946398085982 286.907111627939685 9.941211207111383 -0.845026377192685 0.533928514007735 -0.019011632174839 0.022120615275051
1666284880.952002525 31.705696315174254 286.742015675846972 9.965034309277682 -0.838450961312775 0.544299797876134 -0.007655601642725 0.026059686666779
1666284881.054423809 31.790928849019682 286.577903541948785 9.979824638152296 -0.830751471713183 0.555934422209478 0.000664299708738 0.028079692927306
1666284881.157205105 31.871290596214305 286.417665972307759 9.951672769632982 -0.829930145881724 0.557138414556080 -0.004294668089006 0.028183254047106
1666284881.256877422 31.952359409340982 286.261996693769220 9.926963492215400 -0.837560231922108 0.545577685637895 -0.013002947402726 0.025860591552097
1666284881.356272459 32.039457027260312 286.102564944794096 9.947342083646793 -0.845441801663361 0.533344072786269 -0.017774754080915 0.021361604371552
1666284881.456100702 32.131424943708701 285.940762265612875 9.972936989492011 -0.854254578673630 0.519050961174353 -0.009836975993905 0.027174407489664
1666284881.557381153 32.224544456839105 285.779336917291971 9.961878208053751 -0.861029029885246 0.507808741261806 -0.003584090641672 0.027321169214452
1666284881.658729553 32.315847949381649 285.619041371090020 9.925862690403722 -0.850430809144652 0.525482600270013 -0.001815742076157 0.025143165110057
1666284881.759042978 32.405596476487574 285.458872676785575 9.932015627999526 -0.844010927137702 0.535688552702735 -0.010317959199733 0.024018099286963
1666284881.859132528 32.493942991928250 285.294462104257946 9.961023039057523 -0.844495405168263 0.534724059574678 -0.006368870713018 0.029276752680380
1666284881.958976984 32.576907152757855 285.131456012059914 9.970122427178701 -0.837996736638483 0.544618940671511 -0.000414630873986 0.033933861058427
1666284882.057287216 32.656326206125719 284.972796418060966 9.937743507115522 -0.837158937583031 0.545985721249770 -0.002290359600280 0.032546269665207
1666284882.157131195 32.736932663273294 284.808403365217771 9.918545897685537 -0.842892308467110 0.537422337570807 -0.007796744810810 0.025475442631488
1666284882.256799936 32.821718582932206 284.636468381208829 9.943242776732616 -0.845698408816684 0.533252985653075 -0.007485709809912 0.019478674637973
1666284882.356472254 32.908907187823530 284.464792538344341 9.970367235796671 -0.849818617842259 0.526500535299324 0.003769064693891 0.024316604399699
1666284882.459522724 32.997043387949965 284.291913590619231 9.959263619509143 -0.856555496470060 0.515251101632710 0.008183894857854 0.027604485109531
1666284882.559039593 33.079536733196754 284.128398039190699 9.927672289970332 -0.850978945536944 0.524458483862021 0.008685065194163 0.026508538257599
1666284882.649347544 33.155214203553335 283.985734985813565 9.935759939295176 -0.844024989722705 0.535906948222546 -0.006242441540709 0.019661930067936
1666284882.750930309 33.242194285991602 283.825296566217901 9.965510891497846 -0.840877667226127 0.540918090848768 -0.007756113743730 0.016498801546330
1666284882.850606441 33.324034305569199 283.667794912158854 9.983397021552230 -0.832984208661551 0.553041192789980 -0.007994780765884 0.014792926635119
1666284882.950512886 33.404340239404931 283.513149504534226 9.957323148961171 -0.831300558204350 0.555499640019516 -0.015665066969777 0.010683517405660
1666284883.049844027 33.485009474920844 283.354842007276886 9.935416434859322 -0.839412787315074 0.542979328076111 -0.023476085440300 0.002914650296924
1666284883.149584532 33.570082728703419 283.183574451962272 9.963711972937984 -0.847635981380733 0.529907191496591 -0.026312182196816 0.004390960823972
1666284883.250754595 33.660273395738969 283.012466020179261 9.993343501848489 -0.859208773328182 0.511006636763800 -0.019752911100195 0.015566744113573
1666284883.353387117 33.752955580671888 282.846298326822478 9.978075223915212 -0.867335912622546 0.497213688879775 -0.015765869508162 0.016074813356095
1666284883.454918146 33.843300746354636 282.684009571751915 9.944851348411772 -0.855026340711984 0.518062374032878 -0.016209394153681 0.016690980835893
1666284883.555182934 33.931120252622186 282.527214980210715 9.952901246676713 -0.848052039221769 0.529011037697364 -0.029007118276084 0.010660574819166
1666284883.654963732 34.020232846319097 282.365991968061564 9.980971013683478 -0.844671978483522 0.534644182168226 -0.023518179481692 0.011477912365433
1666284883.754868269 34.105087675763123 282.202881410266343 9.988103147356385 -0.833165282718065 0.552505020388240 -0.019675241226097 0.013663784315209
1666284883.854430914 34.188205995964317 282.041882348257730 9.953519557258808 -0.833430848496924 0.552103956560533 -0.021330617425939 0.010920013009642
1666284883.953193188 34.270651127234800 281.882209600841350 9.938267513381785 -0.840697794247512 0.540670794063253 -0.029737463936002 0.004241984563169
1666284884.052455425 34.362328480499961 281.717517851176183 9.968412382058935 -0.851026324445275 0.524428059452587 -0.026822449281516 0.003156227891032
1666284884.153434277 34.459538829191530 281.556279200000745 9.994129519401925 -0.861549792030600 0.507257642068423 -0.019203012874474 0.007272187549570
1666284884.255162239 34.556203843261429 281.397402966038612 9.973086069826783 -0.866358231053684 0.499146618782318 -0.015324758115600 0.006420298467215
1666284884.355602026 34.649936744523743 281.239126427778217 9.943950345250551 -0.856785904707750 0.515474321020827 -0.013504526748817 0.004665363815459
1666284884.456010818 34.746146755414038 281.078996400310302 9.965772178689814 -0.850590479325327 0.525484311975563 -0.018947713277080 0.001748859699940
1666284884.556519270 34.839382253163919 280.916517645486408 9.997147508702662 -0.846179942764976 0.532808347275083 -0.008405481327584 0.004910948982351
1666284884.656354666 34.924027426004912 280.756056075683091 9.994648992476073 -0.839435917865423 0.543342184798723 -0.004572959042983 0.010280956238398
1666284884.755801916 35.004279040154167 280.595051565026381 9.958843685196458 -0.845580156414230 0.533578200354051 -0.008703739056489 0.014585887420887
1666284884.854907513 35.085626304596616 280.432656542142695 9.952936624983385 -0.853680179601416 0.520221957936176 -0.020138840539498 0.013917346674950
1666284884.954817057 35.176583597106664 280.264596682179274 9.984494889619279 -0.860931394967442 0.508076087530675 -0.017617855475266 0.018585844274318
1666284885.054582357 35.270420327607837 280.101658356674591 10.004228905632216 -0.871036942911801 0.490248809077742 -0.011657535489261 0.028545597682244
1666284885.154891729 35.364815747229933 279.943870644933497 9.978426753962525 -0.875401828451203 0.482161062389894 -0.009795569077722 0.033111863218246
1666284885.255924463 35.460279410392474 279.789411937210218 9.955425103143439 -0.864293329560822 0.501693437312074 -0.010802696028879 0.034409841516226
1666284885.356174231 35.556079738168862 279.636705281795400 9.978267720654873 -0.860789634322216 0.507337686994992 -0.018860901911744 0.035971421671554
1666284885.455831528 35.649623303865333 279.483737731787585 10.005554017750372 -0.858190835487451 0.511601096190607 -0.013596041760520 0.039849164487693
1666284885.556319714 35.737674779224449 279.332152359605402 9.997612755409703 -0.850791236640623 0.523827928675794 -0.011609203168989 0.040296391854959
1666284885.655420542 35.824636709323471 279.185354620429621 9.964421867520484 -0.859176934677355 0.509766127279939 -0.018191061211813 0.040281207633650
1666284885.754805565 35.916532137039788 279.040254078411351 9.967497843114703 -0.869088487855928 0.492755038619680 -0.030810394168755 0.030469522516444
1666284885.855090618 36.018608403126350 278.894286791099205 10.003654933351372 -0.874302001200717 0.483969606057765 -0.026944255041692 0.025366084226016
1666284885.955213547 36.122229191394617 278.751376634861344 10.025970248773445 -0.882794086182805 0.468704401383762 -0.019758380523221 0.024502896221804
1666284886.054603815 36.224771781726652 278.611326771305698 10.007013870205421 -0.891160803175604 0.452850701821001 -0.016241399355935 0.022245936496376
1666284886.155519247 36.328591931274175 278.473267620069009 9.984905546569378 -0.884586302535121 0.465645112091689 -0.017909026662651 0.018999203045346
1666284886.255957603 36.438096549688112 278.338744252375363 10.006520069803464 -0.880547441273197 0.473397908986591 -0.018611385676730 0.013573494669448
1666284886.349739790 36.542610629619830 278.218445614921848 10.035008629130440 -0.879780800056364 0.475221539659412 -0.007677549221715 0.009554440531544
1666284886.449376106 36.648317162963629 278.098673192147885 10.037135988077836 -0.878724873208350 0.477306807644566 -0.004443194345980 0.001032765766032
1666284886.547619104 36.749713538077529 277.984803394953190 10.014108732430852 -0.893297767632019 0.449332851200624 -0.010298565506922 -0.003609255334570
1666284886.647267103 36.853855544413683 277.876569881514570 10.019421771865471 -0.909024178424451 0.415857939848127 -0.024743441336884 -0.011179401407553
1666284886.746417761 36.967335365575096 277.777478085953362 10.053805916567226 -0.925933580354058 0.376776741287854 -0.024246167016961 -0.009920452721841
1666284886.847634315 37.089986232507954 277.688727634348083 10.072810898298640 -0.944166880847886 0.328771742569296 -0.019990909994908 -0.007642376299110
1666284886.947737455 37.215114674720162 277.609066876374754 10.059004472827027 -0.955167171144217 0.295542311963526 -0.015722159207224 -0.007951774485661
1666284887.048931599 37.342893312824607 277.538172209908851 10.050188719945986 -0.960458836023052 0.277623894563610 -0.019021109291310 -0.009055102092542
1666284887.150202274 37.471563641387817 277.475663507071943 10.068860681383995 -0.964834377277994 0.261564611082768 -0.024575055479586 -0.008639751146921
1666284887.250320911 37.600907416987397 277.418334223841157 10.089745797301559 -0.970201988445527 0.241491820180847 -0.018895556262059 -0.005723666275604
1666284887.350106716 37.731200663151263 277.368788209103002 10.091612229893208 -0.978450382907802 0.205907415437661 -0.015340725351229 0.001283199538840
1666284887.449948549 37.860065235642807 277.331869829259233 10.077877267155035 -0.985682907617828 0.167644855416562 -0.017955166914959 0.001421289372627
1666284887.549630880 37.976797613553238 277.308382838278419 10.083357254348659 -0.990567187788238 0.133098440522589 -0.031660731587736 -0.007684379160697
1666284887.650109768 38.087563872185548 277.286742274125004 10.107276287255310 -0.994481311750561 0.097840356571222 -0.037431303035591 -0.005751761291728
1666284887.749100685 38.195304813631182 277.271547235773482 10.133216281462609 -0.998572570031136 0.039002036513403 -0.036440123458382 0.001944461765621
1666284887.849386454 38.300705654227713 277.263664000395295 10.138285422084751 -0.998994609670862 0.025318398786037 -0.036311327037830 0.007087740135276
1666284887.950467110 38.402485345154986 277.263617387362103 10.142909230700386 -0.998977082951078 0.019048634605193 -0.039568247561915 0.010783832487216
1666284888.050302744 38.503108662654242 277.269875257569424 10.178476358361079 -0.998723827256746 0.011837286495846 -0.045234634073102 0.019089876854645
1666284888.151627064 38.606714016723970 277.285710697123079 10.226136277035463 -0.999076407349456 -0.004534806071669 -0.036295862804379 0.022547242733462
1666284888.250577927 38.707467354473557 277.302768680280337 10.267317463851008 -0.999618910526350 -0.004313298163110 -0.019599989083972 0.018954408589483
1666284888.351716280 38.810678159718243 277.323744999322116 10.294878794101194 -0.999675773728378 -0.017741735686465 -0.007579503067080 0.016617140808732
1666284888.451255560 38.909140820661747 277.351074373242000 10.307534687441960 -0.998523822394260 -0.053013658074378 0.003039849264365 0.011423111886846
1666284888.550554991 38.999761365674900 277.387261761703030 10.338917212288615 -0.996855419492730 -0.078992468191491 0.006272758343736 0.000339263540802
1666284888.650051594 39.084078776625823 277.427735672773736 10.384892054408901 -0.994756484050015 -0.099813036354752 0.018693953545812 -0.012142129752374
1666284888.750528574 39.160440254481379 277.467631485660661 10.424241740873679 -0.990220529689951 -0.134724366254341 0.033281782379740 -0.014316797111985
1666284888.850134373 39.227786901358826 277.504238327257667 10.448912605108694 -0.986450993161379 -0.158168176832047 0.041815261489906 -0.012196304156857
1666284888.950702429 39.290748051831869 277.535958330143103 10.472705787246291 -0.984244082473765 -0.170748620583887 0.045863113805707 -0.002251549715501
1666284889.051751852 39.345666121257779 277.565620098709303 10.520041680012152 -0.985076548073183 -0.166614758378532 0.042100847293313 0.009551721513457
1666284889.151331186 39.390033077817236 277.595773757841755 10.571095120305264 -0.985322302559062 -0.165926363962971 0.039320664753016 0.007892220544113
1666284889.252394199 39.436138084554919 277.622314989511608 10.616051725517808 -0.988078424065203 -0.149988888128974 0.034444542685434 0.004234951457919
1666284889.353014231 39.486145667906378 277.648048138046704 10.635224514505772 -0.988881671312092 -0.145814293913524 0.029136667294636 -0.001512102002337
1666284889.451623678 39.540591483131379 277.676855460990339 10.653707471000025 -0.986329706768536 -0.162970753322258 0.023450856341944 -0.006655857893552
1666284889.551545858 39.599621352162373 277.711345431345933 10.700674003020167 -0.984614364767106 -0.173192805693508 0.019075423011258 -0.013226223467866
1666284889.652613640 39.654047768419794 277.745053802796633 10.749825809430428 -0.982210240918028 -0.185945145506137 0.021936032535321 -0.014361614639738
1666284889.750885963 39.704814160869667 277.774326168940547 10.789877748907339 -0.975493217882005 -0.218255755479735 0.026231515251453 -0.009450644094186
1666284889.851273775 39.762023076291634 277.799733637067277 10.816462690736651 -0.971830501978789 -0.233946689973153 0.028475025706761 0.001895939149665
1666284889.952170849 39.821477580159609 277.825185964674688 10.853191762665830 -0.975362929429354 -0.218259259384044 0.028978541198255 0.013794772130764
1666284890.053178549 39.877808972856684 277.851945201073704 10.905150970709615 -0.979642669188534 -0.197966471701151 0.029974382847380 0.014527668783439
1666284890.153118372 39.932499251325581 277.872561021898662 10.955770955840860 -0.981622318925134 -0.187169926223909 0.034071168980693 0.014973214406696
1666284890.253183365 39.988176324810851 277.891198597576590 10.988223251761985 -0.984340363483898 -0.171990209319936 0.035349368336986 0.015615340939228
1666284890.353094101 40.046397251447580 277.912032315544081 11.006425898862432 -0.982992260468553 -0.179532381042689 0.034654748837243 0.017128584270023
1666284890.452691555 40.105401006602769 277.937124347945371 11.039117512010405 -0.980024995428791 -0.195739594570388 0.029853530069600 0.018595327224910
1666284890.552513361 40.162105744136475 277.966508328373948 11.080890764551272 -0.977707081842295 -0.206270552769017 0.035112628615106 0.017562018321536
1666284890.651545763 40.217306835710104 277.997261640927491 11.119589443383500 -0.972601347697164 -0.227659337943325 0.042910631748154 0.019404174495225
1666284890.751821518 40.275228539931881 278.026919537272761 11.144216064121604 -0.971648085469882 -0.229844940280049 0.050261779526262 0.023346411913329
1666284890.852359056 40.336650073275713 278.052651871360695 11.168538123143472 -0.974120804844558 -0.217819991771057 0.052942506506262 0.028986199452178
1666284890.953048944 40.398409698004450 278.074148044902017 11.212838824388404 -0.976627116918343 -0.203982256779269 0.053252719578647 0.041891064398975
1666284891.052564621 40.453450668139588 278.093961416025309 11.257602043435776 -0.977741313123832 -0.196775558502546 0.057936590673495 0.044098249942901
1666284891.154100418 40.505426477016329 278.114954871106193 11.298686726604380 -0.982096784421529 -0.174189272036723 0.058220691098826 0.041885017180194
1666284891.253319263 40.556831079888980 278.142610727558690 11.321026017924666 -0.983597744795484 -0.168359906335680 0.053071067777559 0.037065889127715
1666284891.352248192 40.613766113574371 278.179223441432327 11.343466097036472 -0.982460032211204 -0.177856657892658 0.047502020173384 0.029712832753906
1666284891.452244759 40.675316440658086 278.223263676689953 11.384900279147772 -0.980476322578495 -0.190221520444546 0.047104902508329 0.016219808334201
1666284891.552959442 40.733345887668690 278.269663030804679 11.425242172095329 -0.976743632128128 -0.206782427222449 0.056025082943774 0.008607843533023
1666284891.652386189 40.787485756849478 278.314055597753793 11.459625548199487 -0.970769551744748 -0.231608467874931 0.062703179236651 0.005683865546035
1666284891.752954483 40.842372945780532 278.352276570703566 11.484885410448651 -0.969701967507592 -0.235509570615521 0.064535318129725 0.006966281238412
1666284891.853939295 40.896484064732391 278.383304298461098 11.527869297398057 -0.974776126614907 -0.215245571320592 0.058278317411672 0.009191557440109
1666284891.954805613 40.945226365563386 278.408994317354939 11.580456218878284 -0.980574760262857 -0.187920799871514 0.055663723444855 0.007775757413060
1666284892.055702925 40.992332473280733 278.428839878095118 11.629487178737065 -0.985174596240415 -0.163296140695819 0.052578158406216 0.000960528499038
1666284892.154606342 41.044728624055779 278.447348896035805 11.660024388994668 -0.987379928188429 -0.150350935182848 0.049744441836336 0.000981940246408
1666284892.253093004 41.103786196330340 278.471621374416657 11.681032539333437 -0.985839596372110 -0.160468954087086 0.048644657934619 0.001924124085641
1666284892.352712870 41.162264607272718 278.506656541609630 11.718525028070053 -0.982038638222260 -0.183043234012284 0.045772570979581 0.000399082463000
1666284892.452140570 41.214602179040803 278.546085357929826 11.761902667444433 -0.977454094538758 -0.204870854350328 0.050993572275031 -0.003328917814380
1666284892.551335812 41.263484385601295 278.581357404475739 11.800807271594133 -0.970102334602482 -0.236091490620806 0.056231965760253 -0.000484233413306
1666284892.652375937 41.316283717065495 278.609362738897630 11.822584933184553 -0.966025877403780 -0.251765975346668 0.058014603553606 0.006496431213812
1666284892.753362894 41.374318198401831 278.633704634984610 11.845210077478750 -0.966642695055610 -0.248699544987175 0.059078603939472 0.016129320362682
1666284892.854405403 41.429933401048785 278.657693697499155 11.889813343748932 -0.970835653824992 -0.231781064912268 0.054542291508669 0.027942971340207
1666284892.954504728 41.481286813094677 278.681799087612546 11.938509272405209 -0.971680072622217 -0.227536249361583 0.056351033203883 0.029827047326251
1666284893.054198742 41.535560766843318 278.702644957607049 11.979759781387383 -0.973765808302660 -0.218333231667540 0.057036564870674 0.029284480497849
1666284893.154318810 41.594667623621575 278.725171469656630 12.001200716307327 -0.972826166060322 -0.221337231323348 0.058806468881779 0.034071687309943
1666284893.253070831 41.657039641055128 278.752475256940500 12.018519217861336 -0.971064267431094 -0.228980252947606 0.058561745455703 0.034245499671418
1666284893.352884054 41.720032440154704 278.785766099577813 12.057295587659583 -0.969785851271945 -0.235761459630501 0.056889700538435 0.026372311204962
1666284893.452842712 41.777201969460997 278.818600248810469 12.101346998152458 -0.968026778253462 -0.242017402850688 0.062454479997748 0.021240791648199
1666284893.552441597 41.833612129016423 278.849387068882379 12.141840974509982 -0.960800726221110 -0.267692283135783 0.068023057646929 0.023993117156832
1666284893.652963400 41.891510982009827 278.877640388216776 12.168079087068861 -0.960636249687629 -0.267544627065035 0.070705232272831 0.024467088996507
1666284893.753360510 41.948178333716754 278.902121723834398 12.198317175376241 -0.964632232051924 -0.254311879271963 0.065531908853083 0.022708894067248
1666284893.854573965 41.998418098598862 278.924735193730271 12.240317909435952 -0.971483234376490 -0.229740349416747 0.053894936195597 0.023130780958228
1666284893.954653502 42.045587976811277 278.948976223461329 12.287466065019345 -0.977831226884938 -0.203344726848399 0.049410970731944 0.007454512926654
1666284894.054764271 42.103711135082612 278.970889544007832 12.336818593951987 -0.984923818883618 -0.166098894050597 0.048309787452849 -0.001546876575375
1666284894.153220177 42.168847419467490 278.992774635817625 12.366412101488303 -0.984636587399466 -0.167175660010118 0.050407418594589 -0.001477025776856
1666284894.252222538 42.230221220352689 279.022923548695985 12.396779324312975 -0.982215183486796 -0.181898592763099 0.046432588290141 -0.003201565785911
1666284894.351759195 42.284744319896539 279.058245597602934 12.440360602779512 -0.981355460826225 -0.186043971046380 0.047618858721908 -0.007845039060708
1666284894.450943232 42.333355981078086 279.093639107721799 12.487116894251114 -0.973533664185846 -0.222592532997799 0.051633897191368 -0.004325460823473
1666284894.551399231 42.386149966869603 279.125419844217333 12.516505689462576 -0.968978730542688 -0.240925100870932 0.055042624442843 0.002371712599861
1666284894.652249098 42.445601949567930 279.155979853920769 12.535544782196357 -0.968159102686604 -0.243596834882253 0.057038144645086 0.008670869383403
1666284894.753841877 42.501324831604897 279.187432936090545 12.579723152637547 -0.973956665595092 -0.220501342223676 0.050571493584938 0.015168904279330
1666284894.854185820 42.548796771507462 279.220629679769900 12.635406089189855 -0.978473284017865 -0.200889546193565 0.046509657366759 0.008382986643501
1666284894.954438448 42.600338265640019 279.248327594177908 12.684618813930218 -0.984550706816549 -0.170124249977741 0.041399700051090 -0.001926165160463
1666284895.053674221 42.661706982421201 279.274968229901162 12.708425289113476 -0.985317340435165 -0.165832795953322 0.040479421316935 -0.003261728671168
1666284895.152994156 42.733202932591873 279.304089353998052 12.718468614554629 -0.984331623697156 -0.171078915224124 0.042580994384005 -0.003180923250759
1666284895.252475977 42.808400301397114 279.340019744546112 12.748047742979356 -0.982930633202609 -0.178849819362719 0.042702017462302 -0.006053935124376
1666284895.353283882 42.881290788130343 279.380911677910262 12.793990848543682 -0.981874576679425 -0.181845343117148 0.052811429327630 -0.008095664863352
1666284895.451554775 42.950565676724203 279.420741632664090 12.836213195079829 -0.976664609457858 -0.205039840413338 0.063802734013250 -0.003757074425347
1666284895.552337646 43.016661273579189 279.456414074226075 12.852803124048366 -0.974511475631636 -0.213588175831591 0.068567032186489 0.002457051957633
1666284895.652831554 43.079821114721454 279.490214397869806 12.843931830091412 -0.975822866740273 -0.207950002590240 0.066862474089875 0.007479219751802
1666284895.753483534 43.147588442877364 279.531792870679169 12.852730773823808 -0.978966354128904 -0.195438728955514 0.056024031195166 0.017026116305744
1666284895.853652954 43.225851706860460 279.586759618650262 12.895421581241898 -0.979954875388077 -0.192390274005672 0.045694076008344 0.024217268403030
1666284895.954363585 43.306462584476435 279.649248937143909 12.934523653284804 -0.981104370751408 -0.185141032881353 0.052676722615116 0.019549284658002
1666284896.054650307 43.385196779127270 279.707325775470565 12.965252449371043 -0.983289409964877 -0.172084272518750 0.059156228424862 0.005429552574808
1666284896.154339075 43.465949588126549 279.759457851638217 12.982023682396932 -0.983099216781798 -0.172638095738719 0.060886817650032 -0.002193923238379
1666284896.253809929 43.552722766435792 279.809699052813869 12.980463660916902 -0.983272158111960 -0.171469407969859 0.061279196341224 -0.004354917690256
1666284896.353516102 43.649078431631679 279.861855522402607 12.973226022350424 -0.982294208964913 -0.177591279175579 0.059131956433865 -0.007926936550886
1666284896.453214884 43.758356093968239 279.915105173880363 12.988326492545006 -0.980353166500572 -0.189963165300573 0.052538802660795 -0.007831920342970
1666284896.552286625 43.873572204325860 279.972097417698990 13.031571615328284 -0.977596047455855 -0.202581682867452 0.055717018077017 -0.012737490407694
1666284896.652906656 43.977531237262461 280.026094242211343 13.077885394003850 -0.976315317904506 -0.203815924603150 0.070581085572366 -0.016905007027912
1666284896.752827406 44.064923856166530 280.074959359665968 13.124098882213591 -0.970198365194121 -0.228774292683197 0.078464091595629 -0.014860737264061
1666284896.853273153 44.146331345380538 280.114310196672136 13.148853383087337 -0.971200223317334 -0.225304747309639 0.075754863316699 -0.016404199217528
1666284896.954249382 44.234081865171213 280.145257984578905 13.153657082919294 -0.974739105063257 -0.210062009278695 0.075487335044827 -0.007700101694615
1666284897.054409742 44.322710183970059 280.178370258564144 13.177624273825026 -0.977177351041694 -0.201001661528252 0.068550255088114 0.004859958988964
1666284897.154200554 44.410444636419754 280.225214604927885 13.239565596925797 -0.980205488849491 -0.187308526818328 0.062981925333347 0.012082735277399
1666284897.254294157 44.487071475213043 280.281151023130292 13.299849256645695 -0.985006755262284 -0.158393355649410 0.068293779435626 0.003032600235034
1666284897.354616642 44.550531520550116 280.332769889984888 13.367010071623060 -0.988501225256621 -0.133999329400584 0.067220785491928 -0.019770518055971
1666284897.454420805 44.610326806423409 280.367639330735642 13.441715163274534 -0.989009034761398 -0.131630963521860 0.063552841217626 -0.022258817933615
1666284897.551539660 44.670980436569572 280.391505745409688 13.500817389882618 -0.985958513414136 -0.155230983928180 0.060573428607449 -0.010954962419615
1666284897.651468754 44.732185505819906 280.419422269919778 13.523443511772403 -0.984129113078533 -0.170244634048390 0.050023345976974 -0.002078034229222
1666284897.751929998 44.801966261903722 280.455207892435567 13.523393181344666 -0.984886110997477 -0.168886942711818 0.038022131178528 -0.005555761546723
1666284897.852453709 44.891658547544267 280.493329740796810 13.559286666321377 -0.985505148041436 -0.165993699007307 0.034461893524754 -0.006170329682259
1666284897.952530861 44.981483223367796 280.530870188544725 13.615550729897750 -0.984635217136177 -0.169376542528032 0.041672357572342 -0.008275906645641
1666284898.056058884 45.062242615661908 280.566657552189156 13.665265636568160 -0.982621604378683 -0.177281869627635 0.054453998490744 -0.007789952372376
1666284898.156180859 45.134365086350748 280.605997458777381 13.726652767745467 -0.977279747683838 -0.200835900594960 0.067727783209528 -0.001477559050568
1666284898.249200106 45.191922904197611 280.646582349401399 13.786920442040230 -0.974998876952300 -0.209902373128176 0.072904452858290 0.001767611480681
1666284898.348818541 45.240850085373985 280.691402462283008 13.822413627201966 -0.975932353059335 -0.207835924162013 0.065991945112726 0.002309558405769
1666284898.448888540 45.286080524455173 280.739491848340890 13.833674896165633 -0.975639025157959 -0.211483728232467 0.058319427994402 0.001403424429520
1666284898.548913479 45.335780878446435 280.795755725581273 13.861570588600998 -0.976474826218563 -0.210042556327583 0.047817898132939 0.009617011539367
1666284898.649529934 45.398410439776086 280.870683986544634 13.933672743706168 -0.977807481814760 -0.203515723590372 0.049313923827445 0.006481949961749
1666284898.749151230 45.457632326679040 280.942745469006468 13.993644655630844 -0.981732025912065 -0.180927482255552 0.058368853661754 -0.007781541330059
1666284898.848538160 45.514400347351753 281.000709729592813 14.050480266951240 -0.981352532244566 -0.178744951332748 0.068627627482697 -0.016961679643506
1666284898.947628021 45.566943455797592 281.046837443976983 14.115251816919177 -0.978698160522396 -0.190207844193167 0.075474917804691 -0.016565729076662
1666284899.046982527 45.613363691407123 281.091215892884748 14.171885011995514 -0.978051650278648 -0.193393125278819 0.075424967265537 -0.018031716365786
1666284899.146878719 45.655926340508636 281.139483909205296 14.200930859037950 -0.978128583894132 -0.195499731943227 0.068070013718593 -0.020268236522624
1666284899.246796131 45.703490842621619 281.188385375248970 14.191351532396084 -0.975525359953398 -0.209428486623996 0.061470839287858 -0.026670526718115
1666284899.346813679 45.777508240974250 281.240649000079088 14.169725801358833 -0.971946409854542 -0.224818894763516 0.063865085835081 -0.026417640686764
1666284899.447432041 45.887123233107168 281.310043665797025 14.188330030669748 -0.965879290493525 -0.244196876754895 0.082670486516860 -0.024711783382528
1666284899.547805309 45.998564789675278 281.394025386435430 14.228610425749117 -0.963169210272974 -0.241945636712877 0.110838208265536 -0.038500296703039
1666284899.648227930 46.095862177198399 281.474608880014841 14.263942716206223 -0.958013973627729 -0.243448842906740 0.139709656198501 -0.058507257552167
1666284899.748309374 46.177721578438430 281.544647895050673 14.308204237494300 -0.952247264108529 -0.251838342832163 0.158119647898485 -0.069287618127848
1666284899.847956657 46.243220231341446 281.599701499555522 14.364011313348110 -0.948355104504405 -0.265738203502933 0.161506687577375 -0.062621025440797
1666284899.949391842 46.289486010609210 281.639330513406208 14.407718654712884 -0.948837743917646 -0.276516008059178 0.143614380790554 -0.051193189336424
1666284900.053679705 46.326112220507156 281.674903090648911 14.424934017679060 -0.949209180531449 -0.291904036363723 0.112724203510712 -0.032973005508408
1666284900.153790951 46.368226919614258 281.720236806386538 14.436941037355073 -0.952415817400924 -0.294851109879010 0.076037144888324 -0.013611993420426
1666284900.253506660 46.429945314287465 281.783411426524140 14.469267975628055 -0.955403586148667 -0.291882135273640 0.044432328579092 0.005880039065116
1666284900.352445364 46.512246895616848 281.857904836025000 14.494633906992055 -0.951979637198281 -0.303146210922269 0.038858330637241 0.018087987820291
1666284900.451853037 46.607651213005560 281.935051998453616 14.500658414891632 -0.952819765087154 -0.299854737567487 0.042289974819474 0.020813208483112
1666284900.552461147 46.709253297255351 282.015896420343495 14.478383515387369 -0.953472209376497 -0.297243820714981 0.042848074156876 0.026474507257163
1666284900.652004957 46.819293452102542 282.103014029428721 14.448651525659022 -0.951177448822118 -0.304041203949087 0.042646822500649 0.031648944437933
1666284900.752022028 46.942733773754405 282.198933304493721 14.451762930315034 -0.952211096054027 -0.301934576867258 0.032674961528950 0.032586603576627
1666284900.851658583 47.074409255136118 282.304500673042185 14.478128043284677 -0.953187830966329 -0.298327931073510 0.038089084209471 0.031346867517958
1666284900.951401711 47.202409649071647 282.410960762396712 14.492239300069659 -0.950933694501521 -0.304545975908860 0.047209808744819 0.027351255504748
1666284901.051888227 47.323541588302163 282.516751079274968 14.475354083360273 -0.949862579385107 -0.307470035869706 0.050261413117008 0.026401660509023
1666284901.152652264 47.444052042375304 282.626255242500179 14.449262489966305 -0.954224817555067 -0.294206533903754 0.048324901611487 0.023711112470273
1666284901.251954317 47.561081189797342 282.740256734745969 14.460301711385597 -0.958544039199234 -0.281468711749758 0.033620850600697 0.028953887932972
1666284901.352182865 47.681442146410184 282.855315704884617 14.489638722601892 -0.962811531250204 -0.267447384034818 0.029817035123229 0.024016587622505
1666284901.452499390 47.804642766591179 282.961741619451573 14.502331193769027 -0.966957480200821 -0.253326662841153 0.023986663165310 0.015603633155085
1666284901.551662922 47.934325085423474 283.059714339347920 14.473144934823663 -0.971694074930144 -0.235512687851950 0.014863812516428 0.011111511322875
1666284901.650618792 48.077590615377609 283.158519924287646 14.447270015015100 -0.968375715368739 -0.248943098851327 0.007053432175991 0.015035175852637
1666284901.749692678 48.230736292132356 283.264103386673753 14.462796839849709 -0.963942043107874 -0.265618038850391 0.001280713763346 0.016160282749569
1666284901.849844694 48.387832908528928 283.375838629495718 14.491163015489182 -0.959246170303134 -0.281803785716561 0.013172449014707 0.016121343043939
1666284901.953424931 48.547190949832512 283.491590131517910 14.485699385541217 -0.954011311627226 -0.298594914069530 0.021441933830222 0.015612112372462
1666284902.055143118 48.702850202788021 283.606771995085637 14.445025588579226 -0.955647789178419 -0.293149719213066 0.025253895947663 0.012758757900551
1666284902.154438496 48.853738026733488 283.720255075882278 14.438442429332197 -0.963311925170232 -0.267676045310443 0.016263674463817 0.010731378509710
1666284902.254319429 49.012962032938702 283.832863873699921 14.466806709869790 -0.967559450000798 -0.251603799823162 0.022364724423350 0.004904868007060
1666284902.349210739 49.163353004040971 283.930463454324695 14.485886379299695 -0.972281497501543 -0.232404324727294 0.025266333774288 -0.004304862577827
1666284902.449100733 49.316198974996176 284.023978470905092 14.457549756798004 -0.974215085202245 -0.224826989450736 0.018863280693116 -0.001403289134226
1666284902.547568321 49.468581985111165 284.109915933941124 14.427727571202558 -0.969976426196607 -0.242906655388750 0.008071941931094 0.008771154095704
1666284902.647023201 49.631063577252483 284.200757756419932 14.448941817685204 -0.966197621007552 -0.257108568987427 0.004466673776663 0.018368171873034
1666284902.752592087 49.798217150010558 284.307936344880829 14.480829977815910 -0.959146129604907 -0.281304541675729 0.015964046443056 0.025526576693713
1666284902.852720022 49.944950062754458 284.414064264270621 14.475982196603434 -0.954156782548288 -0.297675258500683 0.017720317538776 0.025695624918972
1666284902.953574896 50.085714001725599 284.525518987953205 14.438475798314773 -0.955680385171397 -0.293593163938047 0.011240106310557 0.018754079492841
1666284903.054156065 50.230748943994378 284.636918741913348 14.444363656584907 -0.966767387591407 -0.255243677858249 -0.003615427667974 0.014085875402652
1666284903.154405355 50.393291597667165 284.735483450438721 14.477314069388862 -0.972876908623941 -0.231264430323021 0.001769196023038 0.004914659614186
1666284903.254307985 50.560524887706279 284.813662121230209 14.491089334437762 -0.981051648144691 -0.193198773264127 0.010916823706665 0.009629155828989
1666284903.353729963 50.721366018431311 284.884476790035137 14.455847309140026 -0.984625737416369 -0.173345895141420 0.008464451070731 0.019791688229243
1666284903.451697111 50.877685942555864 284.966574832867309 14.431176959604562 -0.981135421798419 -0.191149855892844 -0.001646549448708 0.028849706402261
1666284903.550555944 51.038686056583799 285.080148838819696 14.458778342839867 -0.977508744575723 -0.209709655807779 -0.003423990481126 0.022063336741327
1666284903.649969101 51.191187897444543 285.215375349904662 14.489757038922479 -0.972394752586469 -0.233200751043950 0.007391541169073 0.003349622961221
1666284903.751446486 51.334636118099830 285.359907848416299 14.478810749909055 -0.965968637619718 -0.257625933464481 0.010260707939203 -0.020692689874633
1666284903.852628708 51.477396853125754 285.492727638486826 14.439321016235734 -0.964043835301290 -0.262547276017068 0.006505614598530 -0.040572015630129
1666284903.954296827 51.634046387837770 285.599785993190324 14.443612765028513 -0.970361197193197 -0.238912038216569 -0.005329975593962 -0.035941290143215
1666284904.054412842 51.806015966657640 285.679940127845612 14.475534850245371 -0.973542778329676 -0.226895191159085 0.002581074601630 -0.026951234571326
1666284904.154416084 51.984607080707548 285.740670072385228 14.489822361899646 -0.977012886290724 -0.212520390059730 0.016629487265778 0.002089015080495
1666284904.254747391 52.160737643794604 285.800118207656965 14.454123754162937 -0.976283274098068 -0.213060980937906 0.019729730069099 0.032965510302969
1666284904.353706121 52.327849954795816 285.880042287672268 14.426002135551672 -0.970176172634161 -0.236086897905332 0.015396766640690 0.052764668741306
1666284904.453207016 52.491080392242061 285.991010780249098 14.446566284773780 -0.969867198679108 -0.238518569507145 0.007871149941553 0.049036251133243
1666284904.552334309 52.645510756305704 286.123272116586577 14.481365834659838 -0.964598207437402 -0.261349587600557 0.015849661668230 0.031551220175660
1666284904.652273893 52.789142072624330 286.261972925759039 14.482138016769795 -0.959859352395734 -0.279823105334153 0.014722024290104 0.012341610121665
1666284904.752157688 52.928129140133471 286.393976324481628 14.442221480349284 -0.955769425720210 -0.293948690849442 0.005202905777014 -0.008479491602417
1666284904.853491068 53.077964886916860 286.511809508787110 14.442001687377450 -0.965737835929354 -0.258859199540354 -0.012878937339749 -0.013284579060439
1666284904.953658581 53.244778931985287 286.614006241905429 14.474321014428339 -0.969274555363004 -0.244935051172446 -0.009616351760570 -0.020522738896620
1666284905.053835392 53.421151808882456 286.700747913568932 14.492256340041143 -0.978341153422093 -0.206311655629430 0.001216889431358 -0.016810932522765
1666284905.153067827 53.598570653954070 286.775334578317029 14.458075336913724 -0.982418463145699 -0.186277157822057 0.004984588843965 -0.011399018301409
1666284905.251441002 53.777098821505355 286.846701363225634 14.429344200643156 -0.978405911756257 -0.206596838338110 0.005521505753490 0.003021788099417
1666284905.351068497 53.965603798462617 286.929000512351138 14.447244490768897 -0.976013568324523 -0.216729228678006 0.013030407818980 0.016005135274042
1666284905.450467825 54.149495428566780 287.029692492947731 14.473632712714787 -0.967736432504648 -0.248629298538739 0.036771539885873 0.017819174103548
1666284905.551571608 54.322739166713333 287.143155943735223 14.456635797965143 -0.964912324387576 -0.257139652960428 0.049919254303403 0.018206404646408
1666284905.652416706 54.486131663982682 287.268009698365404 14.408984739369002 -0.965988051847241 -0.252964953568536 0.053217302620144 0.006613218299411
1666284905.753605127 54.654767955237382 287.396145399978820 14.417106056851134 -0.972692425943464 -0.226491143168953 0.049789597025682 -0.009602218819658
1666284905.854231358 54.829368267830340 287.505692602434692 14.452674975803133 -0.977174769944435 -0.202731876582375 0.059014304032631 -0.023378775010128
1666284905.954050779 54.997273815470244 287.583705113016038 14.469219559072400 -0.982653179963500 -0.173354311679634 0.060855964854335 -0.025249991511876
1666284906.053431034 55.154161257266523 287.636338036373957 14.437637343954799 -0.986801955444031 -0.154461570188565 0.048025105423863 -0.007557335227821
1666284906.151727915 55.310066777840561 287.683646774869771 14.419332629972519 -0.983216238573869 -0.179017191314023 0.028425741649459 0.020752123514699
1666284906.250923157 55.478583959445501 287.749466256266203 14.447570052498596 -0.978705557068062 -0.200512264882113 0.021481650827334 0.038324964105309
1666284906.350306511 55.641819904068832 287.838371033782721 14.481060555296315 -0.969807619047949 -0.237420362515847 0.028569209131295 0.047838831392547
1666284906.451101780 55.792742858866887 287.945315574194751 14.470488084545879 -0.962671459854979 -0.266934514718082 0.023304635776879 0.038295158756845
1666284906.551947832 55.934359455654906 288.065770816912675 14.430970527297431 -0.964691246499570 -0.262322720192791 0.013455617198432 0.019404529460154
1666284906.653588295 56.084016965601961 288.198416236064986 14.444242682522123 -0.970253934301298 -0.241954907383140 -0.007106572932040 -0.003823923015685
1666284906.753758669 56.253830787838524 288.311026229817458 14.482390002033444 -0.974190573462964 -0.222905613067915 -0.002872513775251 -0.035462133372514
1666284906.854017258 56.440912465685550 288.384644141840056 14.494734364213475 -0.981378925887038 -0.188614066573794 0.005898009224043 -0.035851794968906
1666284906.952532768 56.633251558311358 288.433730107411918 14.452902776835602 -0.982646298148884 -0.184026417958730 0.014290149609839 -0.018339079903364
1666284907.051811695 56.831533352890744 288.481530973648375 14.428441301758493 -0.980596791628053 -0.195074107585552 0.019177788344977 0.002870057954839
1666284907.151417017 57.030637643196961 288.541072434499995 14.453403423052702 -0.978486450959953 -0.203506227888652 0.027365480241597 0.020015268908372
1666284907.250423670 57.213419354115373 288.618667871316632 14.483715700581557 -0.969414758584443 -0.239356249035053 0.043410244688358 0.032544777501651
1666284907.351157427 57.381292411513044 288.710474321324114 14.468253502877991 -0.963365300585602 -0.261823829046464 0.046930701092148 0.034250393662856
1666284907.452223778 57.541692929680131 288.814391067515032 14.428790064457742 -0.968353047057899 -0.244754603151584 0.044115182801638 0.021009786676027
1666284907.553475380 57.703011111154474 288.918211493338163 14.440573559746410 -0.975743132333747 -0.216948530657166 0.028189489108995 0.008001715628422
1666284907.654156923 57.872219988490130 289.004779074423709 14.477692109326076 -0.981386133949923 -0.189794552860436 0.029263726870948 -0.001708240308877
1666284907.753933191 58.042772977360144 289.069249582895793 14.492689680962121 -0.986788209250168 -0.158941073730381 0.031317588116286 0.002444144197747
1666284907.852592707 58.209041408240822 289.120095604750929 14.455452872617325 -0.987691878484665 -0.153352980793055 0.024656289496977 0.018430513979840
1666284907.950634718 58.381967398710579 289.176556544041489 14.436854492171825 -0.981423859156429 -0.186717191562383 0.015231938575015 0.041374957411524
1666284908.050465584 58.562982457947747 289.256492796473253 14.460972448762380 -0.977844637114466 -0.202253177832046 0.012664539460928 0.052470250271557
1666284908.150041342 58.733276411168909 289.364480482242698 14.492417831737319 -0.968271395725241 -0.243935609321034 0.023544885421866 0.048903589806281
1666284908.251196623 58.892344764701221 289.486827729977676 14.483242070295953 -0.963473844664117 -0.265162137435180 0.020924269084831 0.031134650828577
1666284908.352396250 59.050533693262466 289.610924851460197 14.442777079392407 -0.967533590486816 -0.252094160002254 0.016979367040796 0.006243946455676
1666284908.454011679 59.228786430053660 289.728620963680385 14.451861138656639 -0.977220306440730 -0.211543842111983 0.012763229611127 -0.011259463321138
1666284908.554042339 59.423759027012601 289.821675963557027 14.485788955167605 -0.981337357655179 -0.187474033664796 0.030609768532940 -0.029891792220646
1666284908.654082537 59.617792090816941 289.883461655687881 14.493741024331287 -0.988572088986877 -0.140954998263976 0.044900717189076 -0.028997222908959
1666284908.752608061 59.799438413985122 289.927087819283088 14.454398509409767 -0.990397865637621 -0.129419854785811 0.046916665254889 -0.012704150858084
1666284908.850566387 59.978308905085782 289.974630451812686 14.434840693051889 -0.986352046587798 -0.159522151446289 0.038487471153392 0.013455034530888
1666284908.949822426 60.162153541568919 290.045823038564379 14.455700125147544 -0.980333816964313 -0.190258691600514 0.042369790748167 0.030855119811746
1666284909.048862219 60.332654736468598 290.143688405763953 14.480833762988057 -0.967143348324421 -0.245585802787263 0.054754981358101 0.036376493476385
1666284909.149945736 60.488434555969839 290.256749515763374 14.461645934392646 -0.962012286453886 -0.265993410808859 0.054640696143784 0.028182626615658
1666284909.252063751 60.637632711772987 290.377986813571852 14.423725983668753 -0.967160773183390 -0.249799997026487 0.046811681331335 0.002943941542851
1666284909.353499651 60.790705679529225 290.492259926180111 14.436014314306261 -0.973849267907066 -0.224845236513391 0.026944819609028 -0.018335749516878
1666284909.454760551 60.955632206869524 290.580338287638654 14.471027932004503 -0.981120324005172 -0.188306132995096 0.025865438470886 -0.035702789710732
1666284909.554064274 61.119906671065955 290.638578420703482 14.483198959412844 -0.986243416876499 -0.161334799814947 0.021860963817946 -0.028585018757923
1666284909.653435469 61.283394905162851 290.681664999758993 14.451825844020265 -0.988206002884151 -0.152548973126081 0.010165410170284 -0.008623867924384
1666284909.751797915 61.447035348480952 290.728743398528024 14.440014865209992 -0.986895227469508 -0.160459533309469 -0.008044826078382 0.015027605976498
1666284909.851155758 61.616771230723138 290.799238524154987 14.470642568686955 -0.983295061211776 -0.179545069582393 -0.006280688957680 0.029239417425803
1666284909.951753378 61.777011734381695 290.893190566166595 14.497866069224145 -0.972899606821522 -0.228376426814076 -0.003803700130976 0.036001313690991
1666284910.050529957 61.919277129930393 290.997998309177888 14.479643254900147 -0.961446581760052 -0.272612048135122 -0.011068613141876 0.034360259553742
1666284910.152369022 62.056287450857162 291.110393684287999 14.444823896956056 -0.961476797582856 -0.272430932463935 -0.026105380588090 0.025734487579855
1666284910.254488945 62.200951715473970 291.225590049140123 14.460338743561374 -0.964907784052454 -0.258006699540028 -0.044658124040051 0.019777846815775
1666284910.355553150 62.363601434054793 291.328694974418909 14.498189743903314 -0.969484045613875 -0.242265736493804 -0.037357516742380 0.003523373967073
1666284910.456806898 62.540723718588914 291.411626943786928 14.498630125257506 -0.977400515373638 -0.209396657913671 -0.028876026988776 0.002728968170617
1666284910.550118208 62.710659658088247 291.474720461173320 14.459292730393374 -0.980431601100198 -0.195602710121621 -0.021312000018355 0.006265302259061
1666284910.649120808 62.887307914216791 291.542868141891347 14.449491790817596 -0.979545447278657 -0.199160163520765 -0.025349619039821 0.013540413456539
1666284910.749204636 63.064539994503420 291.624163627605128 14.485974541658235 -0.983572699401511 -0.179469781448538 -0.019169180371952 0.002808035382035
1666284910.850310564 63.237019971900295 291.704562380738480 14.507870402296671 -0.985373359615209 -0.170205764164599 -0.008320412049026 -0.000332789895969
1666284910.949933767 63.401460150791983 291.777662134142531 14.482125854853837 -0.985401861520413 -0.170092762596706 -0.004839105334619 0.005310977677150
1666284911.052886009 63.572579881369307 291.853489428138403 14.449369958353751 -0.987744057741428 -0.155488486794666 -0.004630202776991 0.012789374224247
1666284911.152349710 63.742304053156673 291.932027910243789 14.465291951084106 -0.989500935412078 -0.141751574964534 -0.010084552438245 0.026319035237202
1666284911.250891209 63.913855930686850 292.014464178375704 14.494443243987714 -0.988636314730341 -0.147543919009301 0.002425526135945 0.028690520782154
1666284911.351181507 64.084446039869633 292.099159896988851 14.498071975815213 -0.989701476770144 -0.139997116242119 0.010809338473640 0.027837969118630
1666284911.451025009 64.245998842699478 292.188304253385979 14.460736664069112 -0.988001936194209 -0.151286968232617 0.008736164432844 0.029801119953435
1666284911.550410271 64.402446075758505 292.283845282583115 14.448763539546958 -0.981213728012709 -0.190865399455945 -0.004852405935823 0.027685256122315
1666284911.650398254 64.563191031370891 292.387557309741226 14.476631400182809 -0.974588246015220 -0.222773130099677 -0.006402298175092 0.022558674886773
1666284911.750627995 64.720069034884759 292.496432611471334 14.503319043623337 -0.964627503328524 -0.263183522283627 0.002536486272733 0.014892268395062
1666284911.851703167 64.872067906528315 292.605193943805261 14.483557380759377 -0.955242733112398 -0.295767039485975 0.001917466278864 0.005431621555965
1666284911.953045607 65.028654539623687 292.707091498777459 14.444207471879919 -0.960358637058725 -0.278563630973999 -0.001684556439096 -0.010523972391334
1666284912.054917574 65.198952168961668 292.798392308015138 14.454348977757284 -0.974661883495932 -0.222894940145859 -0.006058049800723 -0.017758337482656
1666284912.154843330 65.374333528313059 292.872155582408197 14.484274835225348 -0.983858260535029 -0.176773525783116 0.006372713232149 -0.027081954974728
1666284912.253991365 65.546527001208730 292.925743475322236 14.486524314604599 -0.990749471589537 -0.133337677337130 0.015344865118570 -0.020027068229913
1666284912.351807594 65.712939380182661 292.972029397429139 14.451190111203891 -0.991313527399242 -0.130488590797193 0.016120248467575 -0.003218020568461
1666284912.450443029 65.882317569795859 293.027352713630421 14.435081480340713 -0.987424351064199 -0.156659585093548 0.010536811970430 0.018436401960865
1666284912.549103737 66.058511642707387 293.103912580841552 14.457064579293220 -0.981327859955689 -0.188978457235983 0.016951210487026 0.031550442762671
1666284912.648761988 66.227161047149750 293.200117586810563 14.480035462614376 -0.972733942793885 -0.226961049816916 0.031297791157836 0.036025083918105
1666284912.749721050 66.383212525157390 293.307232017112938 14.464422960506157 -0.968303015256316 -0.245407559383732 0.035598544133185 0.029952363820655
1666284912.851439238 66.531392157219642 293.420029111437884 14.430634345014838 -0.969895987802907 -0.241477701326102 0.028840264900164 0.012590938272160
1666284912.953232527 66.684729914772561 293.525922706211986 14.436847389562232 -0.976391324980324 -0.215627895398343 0.012796969672199 -0.000910382588004
1666284913.053740025 66.849483910771667 293.612514662714943 14.469810353655067 -0.981425364030109 -0.190567609153332 0.018031103265989 -0.012771863409916
1666284913.153491974 67.015944113126935 293.682134456452900 14.485973858605819 -0.985976091624724 -0.165329966184686 0.021241359248597 -0.008121187294772
1666284913.252733707 67.177642303403374 293.745736983232177 14.455813633175033 -0.987821264118746 -0.154672169567196 0.016866325367600 -0.001094159409313
1666284913.350841045 67.335229143252633 293.813911594801198 14.433882122157248 -0.984499831739759 -0.174985764127081 0.006813384452239 0.009676851221058
1666284913.450558662 67.496109109502200 293.896706827839694 14.457472040540113 -0.981819277722826 -0.189273229842399 0.002694557835555 0.014117000918221
1666284913.549842119 67.646012586971167 293.992229518821603 14.488639093598460 -0.973673741808576 -0.227387696114550 0.008143124983850 0.013710203634516
1666284913.650173664 67.787835811351314 294.091357636038538 14.476914737015990 -0.969161896754451 -0.246131091810491 0.002864089323873 0.011683343521279
1666284913.751441002 67.932802130563601 294.190126485727433 14.438087491176104 -0.971096823822847 -0.238509562070162 -0.004691597305450 0.007882669408403
1666284913.852503300 68.087718130149611 294.284997847454179 14.448187870022284 -0.975243588488622 -0.220572079374810 -0.014635708551716 0.005804907173932
1666284913.953433037 68.249824106875906 294.374821385167536 14.485323310052118 -0.978720456457685 -0.205135147302203 -0.005049732299173 -0.000582800368961
1666284914.053341866 68.408649948306731 294.453011452629653 14.494180223095272 -0.983842431515918 -0.179028376655906 0.001450324514027 -0.000898253639521
1666284914.152730227 68.564437920396870 294.525815389216802 14.462153581345165 -0.985248614725284 -0.171087720737202 0.001523840432641 0.003440480372495
1666284914.251786947 68.716752094602271 294.596185984600936 14.443024874020118 -0.981476045410471 -0.190927822564535 -0.010752873702612 0.011649659365178
1666284914.351294518 68.863189770940792 294.668112798676475 14.456181803449393 -0.975868082599831 -0.215741050878632 -0.023090899839429 0.024578337480777
1666284914.450413465 69.005298699506497 294.750194607715969 14.483051850918789 -0.966087512181524 -0.255370313586459 -0.020438922331400 0.032298176412885
1666284914.551351070 69.146661267869860 294.838403326599803 14.474885106238032 -0.960553486483844 -0.275005766324918 -0.023705804681038 0.033865364551414
1666284914.653007030 69.292848603582641 294.928357735977954 14.435570034131544 -0.964608264380216 -0.260579474343455 -0.027604500531503 0.029448690814398
1666284914.754172802 69.448768051900572 295.017403182321289 14.430481319501824 -0.971633249625701 -0.231835071951700 -0.035502216982324 0.030346667433019
1666284914.854822874 69.619763574759745 295.102771423605475 14.455157383095631 -0.976685800656020 -0.211639049447143 -0.021011323782757 0.029193900371752
1666284914.954016685 69.790145946929684 295.178733206783534 14.469507484905588 -0.983697300661329 -0.177258202853841 -0.002300840984817 0.030230056622558
1666284915.052757740 69.951939318797741 295.253574388309119 14.437247714069359 -0.984191922567238 -0.172924131193835 0.004991819712123 0.037928698108734
1666284915.151258707 70.109322078959551 295.335997664962349 14.407407063812684 -0.978240898011384 -0.202592024796582 0.005261609517634 0.044424457362881
1666284915.251074791 70.266057207110848 295.433589761230564 14.424607599913200 -0.974988728547729 -0.217233852972339 0.003286851408453 0.046857538726371
1666284915.351358414 70.414177876041109 295.543968305994895 14.456010739033081 -0.967672376097151 -0.248014776143165 0.013184210166982 0.043875049349521
1666284915.452334881 70.553074843644751 295.657998869527432 14.451084209293237 -0.965229754780433 -0.258716829445105 0.015403927959323 0.034056448020908
1666284915.554134369 70.692609533287012 295.772948012745246 14.413705171161604 -0.969305498553473 -0.244567649065131 0.012639545468227 0.021765968738254
1666284915.652919769 70.835969171575343 295.879182726145814 14.414498950797750 -0.971924257459842 -0.234149624337362 0.006620383170554 0.022211747128077
1666284915.754507065 70.998875459993243 295.983819062145983 14.441353362636255 -0.974984468748689 -0.220319087192513 0.020179616838470 0.021390852758778
1666284915.856111526 71.163335576477436 296.084198813361127 14.454872270440978 -0.978268380188862 -0.202958275412518 0.039249703936004 0.016074063119612
1666284915.953830004 71.310410450685055 296.174131133496701 14.426299543234084 -0.979564239095287 -0.195311955543017 0.045540840271859 0.015270015552268
1666284916.052647352 71.452243779887993 296.258922857725565 14.398658206600002 -0.976847366458742 -0.209598688681472 0.038336131197649 0.019182111208756
1666284916.152127028 71.604068439609819 296.345159778722063 14.412296825274845 -0.975182430132319 -0.218021552392509 0.030882177473426 0.023067764696311
1666284916.251993656 71.758024230573682 296.437487180535356 14.439886217267780 -0.969621769871500 -0.239327290313735 0.044102634608899 0.024719003274803
1666284916.352401257 71.900333036146890 296.530583827659882 14.444172652773362 -0.967066651386686 -0.248141816849806 0.050212350799479 0.026200197201739
1666284916.453500509 72.034030838123570 296.621981651404099 14.409652462753394 -0.968909345170202 -0.242209582875225 0.045971021815075 0.020877355161454
1666284916.554771662 72.168980313543827 296.710568696597534 14.394378922525046 -0.976092599130224 -0.213924310195579 0.033815646731886 0.018333833932189
1666284916.655233145 72.317546568452158 296.799325529095199 14.418695368122108 -0.981104290147894 -0.188549559579334 0.040890148124253 0.014540674750975
1666284916.754533768 72.463078743219810 296.880333102825659 14.440589712979143 -0.984208034596553 -0.168626462598266 0.053047158231338 0.009255255305282
1666284916.853898287 72.595457768525876 296.952972924653864 14.422773129614344 -0.984866852765705 -0.165119512567380 0.051339195604336 0.011709649336606
1666284916.952797651 72.722620081531616 297.022899420038357 14.390643946894153 -0.983233299944009 -0.177036926943583 0.040075923995172 0.017439171296847
1666284917.051934719 72.855331933853662 297.099923158109277 14.396860897735126 -0.981580099145783 -0.188769738822827 0.021693258929951 0.019897165192949
1666284917.152252674 72.993757492835414 297.189386915505111 14.430046376861737 -0.979191322742377 -0.200517095983086 0.025628870238678 0.017899963542772
1666284917.252380371 73.127590780703471 297.281506229218166 14.448477194788531 -0.977409223619434 -0.208818361274168 0.031878322257488 0.007062163158269
1666284917.353358984 73.257949176986799 297.369436375483417 14.422533372378100 -0.980756433280537 -0.192215707673276 0.034203775160590 -0.000205103062318
1666284917.455847502 73.388448661795692 297.451494505865867 14.395188170425111 -0.984320593097690 -0.173887925241859 0.029592659787865 -0.000483679204410
1666284917.553851128 73.510363684089640 297.524708391394938 14.405160485695182 -0.987866362229122 -0.153486041189313 0.021830433278962 0.009247579093287
1666284917.653472185 73.632092732868315 297.595889964859509 14.428708986549623 -0.989589583463001 -0.141152936595855 0.024022384647218 0.014533747890717
1666284917.753055334 73.749484355720440 297.664401121159642 14.439317333905441 -0.990600228058358 -0.133198977214723 0.023933071110547 0.019910518498990
1666284917.852175474 73.862159276637755 297.734314943278662 14.419883936381076 -0.988628640981205 -0.146789985381155 0.017144276931910 0.027788202387656
1666284917.952143908 73.974707720810756 297.805770374331757 14.399521769214402 -0.987529145737940 -0.154728702571433 0.004005799606595 0.028795285867077
1666284918.051969051 74.087746968187091 297.879324558936503 14.411198998430901 -0.984678444606498 -0.171774501008571 -0.007916707792192 0.028969074343464
1666284918.152095079 74.198058996745729 297.956277394286815 14.433494200147292 -0.980668503206616 -0.194176696792933 -0.004743915073931 0.023710599124679
1666284918.252763510 74.304437442725572 298.031971808518449 14.440621814543674 -0.980379339469470 -0.196471459607796 -0.003765529297620 0.015528589443268
1666284918.353415728 74.410534867237899 298.101348271247559 14.420664614888418 -0.982628162438272 -0.185021876603800 -0.007674727528756 0.012243288714790
1666284918.454050303 74.512937113812825 298.164074040379376 14.407714697366359 -0.984992543087278 -0.171054158281472 -0.015978627511662 0.016578554216732
1666284918.554351807 74.613379810044606 298.223580817453353 14.417894276117377 -0.987848999852883 -0.152052572087232 -0.021181239071402 0.024201733878294
1666284918.654316187 74.709892974500661 298.281914247603879 14.432466160309978 -0.990345744944275 -0.135406805909367 -0.018032414992679 0.023561290154075
1666284918.753719807 74.799453933453194 298.338285036821787 14.434504023123324 -0.991060089531056 -0.129981265000351 -0.018449073892891 0.023757132825711
1666284918.853029490 74.885468873641230 298.395762393168070 14.417210573220867 -0.989686710799582 -0.139797139722946 -0.021522020789480 0.022666645387549
1666284918.952705145 74.971030474964792 298.454224229199326 14.401645295357369 -0.988739850911285 -0.145748176715818 -0.026709407664566 0.020918502483486
1666284919.053108215 75.056757210870529 298.515921436497877 14.399862531169489 -0.985296416283561 -0.168691615787586 -0.023600589775105 0.013308755915264
1666284919.152333736 75.135419165607033 298.578464450611023 14.396915404799351 -0.982182936491208 -0.187293500270671 -0.014169268797074 0.006087351117216
1666284919.252764940 75.208677944597696 298.639638261821915 14.391546676821344 -0.980411475253578 -0.196816382987618 -0.006786850434911 -0.003254111238018
1666284919.353173494 75.274007725369870 298.693596695835765 14.373170035822975 -0.981284444125674 -0.192393258785597 -0.001891024244796 -0.007880210538545
1666284919.455132246 75.325830666309059 298.736062324929208 14.336433483373789 -0.983456902186890 -0.180902739531745 -0.007622808427945 -0.005349127269668
1666284919.554837942 75.365979707275073 298.770721094110570 14.294988629632693 -0.984052950560173 -0.176757717298434 -0.018421630676796 0.007559324868796
1666284919.654299974 75.401851791709362 298.810578829842939 14.268876038485567 -0.982980604929887 -0.180595951280416 -0.024458903100422 0.023151560895977
1666284919.753873110 75.435490042431709 298.855383611212119 14.265551123768940 -0.984784935616378 -0.170512859304352 -0.027423224544830 0.019286320293530
1666284919.852946043 75.470706408652646 298.895708857569332 14.264734494532021 -0.985456441687399 -0.165770167277457 -0.033679001877478 0.016173373493194
1666284919.952497482 75.507692367068174 298.928257627425580 14.238780341019753 -0.984328395869526 -0.170060537116237 -0.043099192504245 0.017874070777074
1666284920.052490711 75.546204472272990 298.953093238096358 14.191319220384601 -0.984282741262220 -0.166559294239626 -0.055254216223986 0.019810561455969
1666284920.152440786 75.593660088310003 298.971589994708097 14.141873870834477 -0.982423798026190 -0.172643038234236 -0.067065367597489 0.023240027755193
1666284920.252662659 75.659927515081847 298.987581675177239 14.100752954548552 -0.983067895209644 -0.169867239894068 -0.062178630795458 0.029265202737260
1666284920.353128433 75.736105694987529 299.007997077903156 14.073920480556639 -0.984407011186835 -0.165437914720179 -0.046409349437414 0.037673664329850
1666284920.453244686 75.814796806653632 299.033579463141336 14.044589380190070 -0.986966796198289 -0.151900981050736 -0.030056531766808 0.043809132108043
1666284920.553695917 75.894784735109951 299.059854344397365 13.996104353975612 -0.990435508694014 -0.126178011753858 -0.014631465063020 0.053875158449714
1666284920.653769493 75.972875615034980 299.087610926318916 13.938918024034663 -0.991191502997186 -0.112579072887590 0.001407849421368 0.069737899982411
1666284920.753427982 76.047342948411497 299.119792314342760 13.897105308669772 -0.991936635592895 -0.099005188659421 0.020746188193211 0.076349716846976
1666284920.853390217 76.121549260690159 299.154028201096764 13.871363611979254 -0.993610448971723 -0.079195335229696 0.038940889498937 0.070356106324184
1666284920.953557968 76.191031452142866 299.187599740578264 13.831695971935808 -0.994543050304759 -0.070046610488116 0.045806256661789 0.062284671471130
1666284921.053782701 76.259151351928097 299.216582333358303 13.778512222557838 -0.994038574159016 -0.078485625406657 0.047525838666727 0.058894943309764
1666284921.153437138 76.327232389866012 299.241320675928307 13.719667661908641 -0.993176469157362 -0.088818195866453 0.047875126022915 0.058479068934393
1666284921.252811909 76.397583817618937 299.271958720240548 13.677454949984318 -0.990633084577506 -0.107943514060098 0.059513942441219 0.058756958463797
1666284921.355078697 76.462562089737830 299.308294871113446 13.646057650791358 -0.990518275006288 -0.104213110398098 0.069083170922724 0.056927058548485
1666284921.455085039 76.509538561499440 299.338793956698680 13.603932441172308 -0.993178003033495 -0.081045916390663 0.065244556117204 0.052651321197719
1666284921.555039883 76.545838068778892 299.361277018050316 13.552869323479319 -0.994182809466493 -0.072603617117194 0.049930910134270 0.061936744796393
1666284921.653252363 76.589991265359643 299.382473952739815 13.516249968055341 -0.993813623103871 -0.075553258145933 0.042348723391674 0.069518151182165
1666284921.753690481 76.652090558389304 299.405801758603673 13.493474518804865 -0.993643706297608 -0.074414592702347 0.043141927284897 0.072618368463092
1666284921.853322268 76.721758692632761 299.428457670241812 13.461265055319329 -0.994558897784886 -0.067486638367730 0.042742779580805 0.066867086615489
1666284921.952738285 76.796204178152408 299.445187734738568 13.419036877422277 -0.995222708896820 -0.065512272956962 0.038990290403608 0.060989007553250
1666284922.052928686 76.872443191044724 299.452150907393388 13.369304579955857 -0.996017045475694 -0.055488165781169 0.039832708637863 0.057310242563452
1666284922.152511835 76.947032086126882 299.457729097234051 13.331166759114248 -0.995166472260217 -0.061532825164147 0.044542670900021 0.062236278693099
1666284922.253032446 77.018103599281346 299.464136295727599 13.292977834981029 -0.995955154088039 -0.041858024953012 0.044711574524531 0.065742770675109
1666284922.353353024 77.085460543978769 299.468564942354703 13.240796165615139 -0.996757205019746 -0.019752690500033 0.040487425634744 0.066675886381105
1666284922.453525305 77.153567072022824 299.467776256121113 13.181010565612977 -0.996478168328847 0.001761457157788 0.039371825258927 0.074013625018971
1666284922.553953171 77.235963389969641 299.457286219169816 13.139933898514782 -0.995798891994930 0.018977997919886 0.045838813285049 0.076962364134951
1666284922.653829813 77.326603354952368 299.439806100009491 13.105826857114028 -0.995182626576538 0.035737364998461 0.047039546987786 0.078241047554163
1666284922.753906965 77.417974072407191 299.415335886621847 13.074074290184113 -0.994961861518394 0.053515910565233 0.036420561022315 0.076553799220193
1666284922.853243828 77.497686826795146 299.389997861974109 13.039652021000036 -0.995513031239439 0.062936542136565 0.011219927042554 0.069763239127174
1666284922.954267979 77.577913566343582 299.357546806666903 13.014052345411605 -0.994464625415053 0.078944391460502 -0.008071434709201 0.068867581609674
1666284923.054059744 77.669543636949300 299.315779226553047 13.012666799109311 -0.993823999506329 0.080954136181445 -0.021924444916637 0.072660887384192
1666284923.155179739 77.769506291170259 299.264129869356623 12.990768572930314 -0.988478131960943 0.127191087236369 -0.035028594771531 0.074205171726545
1666284923.254801750 77.875487078076915 299.202233775690900 12.960725056653752 -0.979692570749136 0.178254012663249 -0.048116706917074 0.078184117977089
1666284923.354146719 77.992240922626763 299.120215083551557 12.962929889333246 -0.967668464812387 0.236133410233049 -0.038322350874119 0.079938427572917
1666284923.454461098 78.102747637198178 299.023278435929910 12.982128532072334 -0.943506469831121 0.321122035040440 -0.013576354812891 0.080572095593302
1666284923.554202080 78.197332888830232 298.932749600878481 12.962517321944130 -0.926627842149460 0.366646110439265 -0.011258573537476 0.082490704779965
1666284923.652025223 78.280576205727215 298.842744023371893 12.931469294990112 -0.925709615316615 0.368329467187127 -0.022340954077638 0.083042118728465
1666284923.751453876 78.364481734698700 298.743380974340823 12.930405858822040 -0.924941786009301 0.370043379163301 -0.045462458056392 0.074052379697077
1666284923.851588249 78.458134811222422 298.628778929857901 12.949292940191114 -0.915433961750275 0.394335860121180 -0.043319194434343 0.067847907043948
1666284923.952271938 78.552572880585132 298.503371050036890 12.964042861191059 -0.902762031422810 0.424631802502813 -0.029121309076806 0.062132892112206
1666284924.052816391 78.639031057235854 298.371269525532853 12.943929941848824 -0.884194408805439 0.463588270584776 -0.016975900145520 0.054753827516128
1666284924.154129267 78.715201817880313 298.232976783857509 12.907256650191192 -0.855067857162574 0.515684138280627 -0.012398915359881 0.052679180622608
1666284924.254853010 78.783375608055749 298.094002994081450 12.905588842829964 -0.833491451871177 0.549487482824451 -0.026467327926106 0.051526560426422
1666284924.355111599 78.850667643984892 297.946481769576053 12.923397983535937 -0.808103825237121 0.586430228445277 -0.022748982718538 0.050500283048963
1666284924.454780817 78.913051679985728 297.791658208876584 12.931779963574664 -0.768910040439957 0.637179210884843 -0.011842063198620 0.051378677153006
1666284924.553644896 78.975136696171830 297.635816722481820 12.902057368937541 -0.761412967833507 0.646280821165395 -0.008033159874123 0.050068562503727
1666284924.652411222 79.036899881548749 297.473197590635664 12.878104822108948 -0.764834049680031 0.642268865103319 -0.012981232880493 0.048487822820181
1666284924.752339125 79.108716241220094 297.294263337462780 12.895625662723631 -0.775003365663300 0.630058131456854 -0.010956336726723 0.047712607151434
1666284924.852182627 79.190082985799535 297.116080761614910 12.915770514586251 -0.786450958302517 0.615116118844056 0.002088486575558 0.055881023139361
1666284924.952434301 79.274443571792020 296.948755160886094 12.908568363623422 -0.795717931200107 0.603304952335895 0.016140313991673 0.050947018733739
1666284925.053279400 79.354904963755899 296.788420029320832 12.875808591334655 -0.793868382664756 0.606551220189831 0.016704298465158 0.039869470829913
1666284925.154712439 79.422679107195663 296.618855385222673 12.875372298933769 -0.780087059844880 0.625149157127873 0.011548900116401 0.022788885689792
1666284925.255532742 79.472792454214016 296.430100723741475 12.906377057484336 -0.763497517920119 0.644848253968898 0.022937432014010 0.026760861265737
1666284925.355715275 79.507212522370068 296.242363206977302 12.916431445041802 -0.740776996394079 0.670030437547572 0.031795400095222 0.036023699226491
1666284925.455989361 79.536276269879025 296.065445990906767 12.881177148029431 -0.738298467588484 0.672691139541004 0.027225370979240 0.040752701929618
1666284925.554971933 79.568938068167569 295.896126218650636 12.862265702900263 -0.756686093483721 0.652576072548857 0.011385386578369 0.037960485211799
1666284925.654199839 79.611335031989057 295.720626771081413 12.884155003020924 -0.767655891063909 0.639921427844343 0.005432944801641 0.034285306055445
1666284925.754726887 79.663259677300687 295.543967785437360 12.911583617412322 -0.786807453879047 0.615766971453219 0.013317642776851 0.039846050978355
1666284925.856558561 79.713156051744647 295.373567783139094 12.896433782106786 -0.787447736348977 0.615040929980271 0.019865030185977 0.035441466442374
1666284925.955158949 79.749283691887669 295.208769615879532 12.861319671741125 -0.773590364584781 0.632835692319349 0.021478095647372 0.024811806778988
1666284926.056379557 79.769995055095194 295.033069583908684 12.867527461132818 -0.741430871774771 0.670743736973382 0.007446652628929 0.018101078832741
1666284926.155302286 79.780073298247416 294.854463220066009 12.894709993808199 -0.721608444167343 0.691848503118178 0.010163179249318 0.022882566007094
1666284926.255076170 79.786247856498534 294.676930151921965 12.904842939090605 -0.694652079312033 0.718679319977487 0.004923317448081 0.030566070887040
1666284926.354858875 79.796287414838034 294.505706934975706 12.863641679280025 -0.700512292738835 0.712676851003359 -0.011359597181727 0.035287296830236
1666284926.453078508 79.814895674359036 294.331121750406567 12.843551389072179 -0.731623075183515 0.679930830795524 -0.035243100454542 0.034346252533230
1666284926.553074837 79.842502030560468 294.142287422010099 12.866760368781186 -0.744516748550183 0.665210608139726 -0.043087849978265 0.036511575300021
1666284926.652690411 79.879772952983870 293.956312505526228 12.892036795806311 -0.770778168053617 0.634443749344582 -0.038903569875766 0.043227963408201
1666284926.753404617 79.922968062461393 293.776780323462503 12.875037110712347 -0.774614217932866 0.630405747448028 -0.034419885431993 0.037103617715739
1666284926.854668379 79.964244729648556 293.596763265475658 12.835922668633863 -0.765105389528410 0.642349686496406 -0.033050799006939 0.030137482601429
1666284926.956774950 79.992104439585262 293.410789684916722 12.833818776253075 -0.749022011886267 0.660837635277325 -0.039978232252544 0.025717434881484
1666284927.057869911 80.008454538065337 293.221758028505633 12.861329012867504 -0.727182631450303 0.685184803825601 -0.029601472562406 0.029171183479970
1666284927.158132553 80.018244447678001 293.040292686898511 12.866649449770577 -0.704233910207001 0.708710756305553 -0.028052083949290 0.031571255874151
1666284927.257367849 80.028118300271188 292.863617522472339 12.828162376527885 -0.715620095607645 0.696668930464971 -0.039604008388950 0.031173748681002
1666284927.345219851 80.040920464418633 292.706830905349307 12.804471814101484 -0.733899714466122 0.676576483797690 -0.056323683344525 0.021520069075286
1666284927.444957018 80.066191968720716 292.519096615629394 12.816127324345798 -0.745713188792871 0.663251248102341 -0.059953557336647 0.020376283118764
1666284927.544995070 80.104318428860111 292.325708981503851 12.842717607766934 -0.760258219785095 0.647800799839149 -0.042514698739848 0.023538550677915
1666284927.647073746 80.147073451202502 292.132097424866970 12.827992122779214 -0.763544819315946 0.644924921212364 -0.025239087669365 0.020836106849006
1666284927.747859716 80.179700690832320 291.945099777487656 12.785089158127185 -0.747378891553960 0.664094733853464 -0.010610568265607 0.017040914551487
1666284927.848303556 80.196855665829176 291.761913465155715 12.789146912291226 -0.723513457982755 0.690153500599070 -0.010211944612458 0.010589519154220
1666284927.948287964 80.201547690212280 291.580363989683235 12.819255045349164 -0.716154470766602 0.697730197229982 -0.006358918311543 0.015965902177020
1666284928.048040628 80.198304222900461 291.407210523702702 12.828110897675579 -0.703075862588383 0.710777017419126 -0.008953991856410 0.020004724047276
1666284928.147641897 80.194913353114032 291.239143340456394 12.794934673291019 -0.694391869282288 0.719277949472735 -0.016070009974560 0.014174556655020
1666284928.246794224 80.200751394675720 291.067382372456336 12.772740947067829 -0.717376646496586 0.696066700770175 -0.028629311912597 0.006500587638681
1666284928.346324682 80.219753770242463 290.880871296540761 12.793416552493253 -0.728213048721210 0.684981240702808 -0.022427520235611 0.001860616425848
1666284928.444734097 80.248753199863700 290.692145462180008 12.816714727608813 -0.745856559138445 0.666010503527901 -0.007669596979985 0.008317431264280
1666284928.545173168 80.279997544148515 290.502052185028276 12.796361586586189 -0.762394820245549 0.646994509384990 0.002782461775998 0.012020848343573
1666284928.646876097 80.304766203617348 290.310461496640016 12.751326774671938 -0.755176826212294 0.655363298442386 0.008520092255847 0.011589488107583
1666284928.748391390 80.324307192416498 290.115143877937157 12.751182538852396 -0.729377192363473 0.684001633826874 0.007322338800170 0.009851879853095
1666284928.848120928 80.336175413756621 289.918879567727060 12.777057787043466 -0.719608730435538 0.693806667837663 0.014171411509827 0.024387575541067
1666284928.947566748 80.341835005832465 289.729076783981270 12.777937044894907 -0.712871834502877 0.700094981590065 0.015476325800296 0.037963767787623
1666284929.047295809 80.350111487268947 289.545422607410558 12.738047547310725 -0.723676216932807 0.688581456051205 0.004653079809745 0.046115726997494
1666284929.146152258 80.368396393338102 289.362361836195873 12.721525325192875 -0.750096591819018 0.659668317740510 -0.010484098682921 0.045638768450808
1666284929.246871233 80.401687991533279 289.168088067298527 12.747948499032823 -0.763112445964699 0.644199690220748 -0.009380748466938 0.050775540287295
1666284929.347637415 80.444184900007613 288.978787479001596 12.770723500258391 -0.776079446784068 0.628141992484911 0.001516336644208 0.056000270352934
1666284929.446137905 80.487842212395364 288.804804687055082 12.752467701065340 -0.779763244820151 0.624125684294362 0.006687882107330 0.048904851135261
1666284929.547251225 80.525164024386271 288.630009051573438 12.716636830123997 -0.770969350067674 0.635906164379982 0.006400853222146 0.034476665120003
1666284929.648016691 80.544912622395472 288.447988701727354 12.727155039882938 -0.750626643020945 0.660242646943242 -0.004681928665255 0.024846921106303
1666284929.748163939 80.551559136291957 288.261657956452780 12.761416067645030 -0.728097999276159 0.684868408000151 0.000053441292038 0.028784793162729
1666284929.847571373 80.553014675505167 288.084024092093387 12.771560898620123 -0.702296184530290 0.711320265244146 -0.003798007471692 0.028091361420174
1666284929.947394371 80.557402482822312 287.910784287036620 12.732914391500568 -0.692304966039713 0.721093071212969 -0.013150191307582 0.023784219852130
1666284930.045833588 80.569386262131530 287.738053423855149 12.713429811225312 -0.717990402308886 0.695385541228242 -0.026698429253809 0.014694390712362
1666284930.145314693 80.590500273705729 287.552346710112545 12.738936242726188 -0.725950278683502 0.687142919090856 -0.024089334120899 0.015827368835497
1666284930.245537281 80.619190685281907 287.365148489984847 12.762241875286952 -0.739376449616340 0.672671714943211 -0.019524513755478 0.021307816188163
1666284930.345613480 80.650356334343925 287.179148106017465 12.734618920158628 -0.750098392859689 0.660981013994498 -0.012898336002822 0.017033293764738
1666284930.448600531 80.678176121224723 286.981146089326444 12.696126072981951 -0.729954068157317 0.683290885778176 -0.008158594977566 0.014630827763716
1666284930.551228762 80.699197135574778 286.774563651142728 12.707216189143345 -0.706236651098100 0.707775258570508 -0.005305262523098 0.015994692580758
1666284930.652891397 80.711719307360724 286.563403646074789 12.731147339228714 -0.692493359164363 0.720770973306667 0.010449916764748 0.028860886878739
1666284930.749540806 80.719730138524199 286.367106131753872 12.720664551893542 -0.684668379488283 0.727743157164837 0.015460054699005 0.037149616920601
1666284930.848516941 80.730033165534593 286.170620697217544 12.678006743614562 -0.696167833986794 0.716510992660391 0.013717491246152 0.042120953845669
1666284930.947530270 80.747914174796207 285.974512575475273 12.674297250531184 -0.719227890352363 0.693604180263269 0.006481443175615 0.039780318688633
1666284931.047654390 80.780024106864303 285.774975439035586 12.706522229110462 -0.735561673359411 0.675641957522610 0.016747393645858 0.046652917655704
1666284931.148568869 80.817461135179443 285.588994328499666 12.721271591150190 -0.746012024012389 0.663871794432979 0.025622840876802 0.045648336340756
1666284931.250025988 80.850873997755158 285.411525672807500 12.685892200534981 -0.746437492071465 0.663891795689688 0.029807795015829 0.034499991337348
1666284931.351391554 80.872242792703460 285.229657388617170 12.663274288885495 -0.728695877053811 0.683952376005262 0.024862815447392 0.024357884340881
1666284931.452227831 80.877968833747332 285.034839132095669 12.686455300263887 -0.707594158392032 0.705604641427819 0.023283695995555 0.029840685410663
1666284931.551710606 80.873853343751406 284.842144311365814 12.709306021028713 -0.690325941378965 0.721681728376860 0.028230891079604 0.042762067011380
1666284931.655268669 80.867242992385968 284.652787701887235 12.687950951212649 -0.675259260006559 0.735668749539277 0.022750880993090 0.047946012772168
1666284931.746212959 80.867365033177464 284.491373963107435 12.655392873046813 -0.684648238047358 0.727278719976151 0.011148507300828 0.046884585883457
1666284931.845015526 80.875866411710334 284.310804211192988 12.663560914645398 -0.698058465940289 0.715039000637399 -0.003634475735943 0.037688145121298
1666284931.944490671 80.895310660528551 284.123885791532246 12.695576773264200 -0.715581049376907 0.697302658175780 0.000215373364230 0.041385000760535
1666284932.044735432 80.919830156043062 283.942534015252534 12.706889882283120 -0.724390258124871 0.688299905886153 0.004049993395949 0.038543365763627
1666284932.145530939 80.945192218734263 283.767284151523427 12.670351796525313 -0.722986186499550 0.690314013630064 0.005994376336894 0.026862691025326
1666284932.247047424 80.958707263430597 283.586201542289245 12.657824647722789 -0.701356470467779 0.712582686998624 0.002393751453509 0.017868561127833
1666284932.347853899 80.954801685975980 283.390334481450793 12.691832141116464 -0.689889502014549 0.723185446440678 0.005910979461596 0.031942845651561
1666284932.448263407 80.941699191034218 283.198028372735678 12.707114842973789 -0.669381851390330 0.741459181658246 0.011903143188027 0.044994823548758
1666284932.549125433 80.930012264730593 283.013786124840010 12.674764869560535 -0.653769723235849 0.754795544816884 0.009784617415207 0.052660191480315
1666284932.645900488 80.925399847092834 282.839949370259831 12.641149162330102 -0.668236577544298 0.742224531146740 -0.000362140542490 0.050621049476609
1666284932.745258093 80.930149762327602 282.649634196378258 12.655350621011760 -0.684601071343953 0.727067172650519 -0.005857948710131 0.051578910473203
1666284932.845057726 80.948826120227238 282.453602169420890 12.687207621367337 -0.700029993161552 0.711578114589241 0.005896431828578 0.059831660544803
1666284932.945352316 80.976238540270998 282.266112503252714 12.682056588834110 -0.703381857183533 0.708173857480853 0.017743395669821 0.058557001936888
1666284933.047023773 81.004868509449793 282.086177874057626 12.635173618463563 -0.696733903433111 0.715381510008500 0.024632282872808 0.046737710526853
1666284933.147631168 81.023937012314974 281.911773064626914 12.622740354820793 -0.686598243936672 0.726272715207849 0.010394613372361 0.031666174074802
1666284933.247576714 81.026995254551579 281.732554115107632 12.639839402548677 -0.676944802312072 0.735445795601569 0.005171701795899 0.028956343953939
1666284933.347956419 81.019160679921640 281.546176295897681 12.657746485107833 -0.662874331684134 0.748013887695178 0.007222834908434 0.031948002525108
1666284933.448278904 81.012850582659354 281.358745488656666 12.626424198532206 -0.654307640522748 0.755516843308601 0.002440626102298 0.032708628445573
1666284933.547831535 81.011646743582645 281.169156754760309 12.577189507241865 -0.668905548180919 0.742810585051890 -0.001371224267192 0.028212091231642
1666284933.647992134 81.013180787422684 280.971265600764696 12.573583612961709 -0.679190358166227 0.733437018860028 -0.002043317999302 0.027684320314975
1666284933.747525930 81.024290600526527 280.769929482485736 12.602525505402411 -0.696570820123819 0.716420197147475 0.012864670622823 0.036955296250600
1666284933.848193884 81.038453761605410 280.574257668043572 12.598929219222070 -0.700797580043386 0.712074430235568 0.025515256965483 0.034376289386872
1666284933.949337959 81.047472852918517 280.385577606582103 12.545754739253599 -0.694327819994284 0.718437399926902 0.033561885499312 0.025103398375288
1666284934.050522566 81.039213507118944 280.195890923566196 12.527626117147600 -0.664643517235987 0.746396930579387 0.029748555941874 0.015988759714811
1666284934.150499821 81.011874137739099 279.996854985839434 12.548407917885887 -0.654567228462363 0.754893235459977 0.032119166471820 0.025422541671215
1666284934.251379251 80.972890514926348 279.799841117270148 12.553581234028147 -0.638386291330246 0.768271540260646 0.027951594857395 0.037953811561912
1666284934.351844788 80.937406782864755 279.612923564849893 12.509814091761550 -0.636951020715230 0.769680863062613 0.013654972351429 0.041210532332146
1666284934.450663090 80.913759712188153 279.428593408195979 12.474378849754389 -0.656815174833297 0.753203381460904 -0.003567506390437 0.035577593548731
1666284934.550429583 80.910180656813793 279.230634166160200 12.487822260563091 -0.671155042467271 0.740321596884892 -0.004063637286344 0.038188074166745
1666284934.650417089 80.926021519324223 279.031445606012653 12.515141992532573 -0.689070090104977 0.723600866198407 0.007402248111926 0.039107596225333
1666284934.751416206 80.944878684531787 278.838147531327593 12.490590378634563 -0.686305801268853 0.726590675017318 0.019256608341804 0.026067626623197
1666284934.852226734 80.951781026676841 278.645346323807360 12.438182746185500 -0.675749757623112 0.736578178028890 0.024387159710385 0.014836413488674
1666284934.953324318 80.936649329521288 278.440893465927104 12.429915680458141 -0.655619042652774 0.754687757938562 0.021198493294927 0.012676072370855
1666284935.053343296 80.907434665323905 278.231790500649254 12.453390460455916 -0.649775440363432 0.758850967107932 0.032059463634210 0.030154230405533
1666284935.153508186 80.875420126906320 278.033693680586168 12.446016544680131 -0.633166091184664 0.772281772155333 0.029942993982356 0.042249053029917
1666284935.253577948 80.849083895522099 277.847704577251648 12.390536353162830 -0.637741460770663 0.768804309882409 0.019697370896841 0.042869288541871
1666284935.353845119 80.838196057406520 277.655852146993254 12.367548588010928 -0.662638176038395 0.748126624486022 0.008981072193328 0.033712634633285
1666284935.444707870 80.844406359878732 277.467269446198372 12.389367706491001 -0.670493675418494 0.740722565122360 0.018919812659602 0.037554672562503
1666284935.545326471 80.859150618088535 277.259492495105803 12.410103444445356 -0.681185851753423 0.730329559135711 0.037137681861605 0.035005185466558
1666284935.646057367 80.870597719403193 277.062582505922990 12.376209160009061 -0.686026881924138 0.725886559504414 0.042926088706751 0.024762288194539
1666284935.747388124 80.863940616205298 276.866208836133069 12.332690226036002 -0.666362856523329 0.744317688870514 0.040720368499118 0.017133974139769
1666284935.847973824 80.836069271038923 276.659859007829255 12.343722945287208 -0.638510182584552 0.768176530878000 0.041741874767138 0.021614347896889
1666284935.947909355 80.796278247307768 276.457024775595926 12.364671938356695 -0.618865413988531 0.783430934151618 0.044675066648315 0.035294605864017
1666284936.047433376 80.755863166920335 276.266687223552310 12.337075830676614 -0.607699991488349 0.792245531532536 0.034797982604957 0.042858354126288
1666284936.145309448 80.724605208580570 276.081102715393854 12.284637452216783 -0.627252380878527 0.777190768455653 0.020732090502875 0.045816378435142
1666284936.243919611 80.707777290262257 275.872418240508637 12.292073935643247 -0.649418796317978 0.758117273927746 0.022888363674180 0.054676766268597
1666284936.350008726 80.705366630535465 275.647126597796216 12.327996289397758 -0.657741014850163 0.749391345789489 0.042586391708223 0.063053687290833
1666284936.450993776 80.704647200133309 275.451627896082471 12.321698372533083 -0.665423556670922 0.742116870658317 0.050948541023071 0.062275891638313
1666284936.551440954 80.695390669280840 275.270714802854854 12.276729857693539 -0.670844117899330 0.738204490690845 0.045752033158822 0.054120706440087
1666284936.652710915 80.666520832993683 275.083141723886342 12.265463008157216 -0.648748129849237 0.758816494877823 0.035439776428080 0.045468817503659
1666284936.753371000 80.619651790414679 274.884681194879647 12.293001024465129 -0.630198607364547 0.772636001521009 0.043759628583751 0.062995391384015
1666284936.854062319 80.568350322871709 274.697886745711571 12.305847998099198 -0.608215709387740 0.789162262750214 0.045126246866443 0.072527206954899
1666284936.954176903 80.523275704162316 274.528127763367195 12.265719880022958 -0.597121501185284 0.798210244428434 0.034584495460889 0.071485881021695
1666284937.053611994 80.489697450908224 274.363509205457433 12.240415521950732 -0.627256183214726 0.776431245085998 0.015811154332573 0.058772524803448
1666284937.144244909 80.464669456067654 274.203441939312711 12.253290545909429 -0.627356413783067 0.777094512770937 0.008548444252842 0.049749094538544
1666284937.243728876 80.443204188153345 274.014399917919604 12.282600250572697 -0.644334467771090 0.762875709520070 0.017589119888722 0.050441732007700
1666284937.344852686 80.421240570351500 273.824561042868424 12.270250884805330 -0.634773197738621 0.771021466166831 0.027701956846823 0.042678890912179
1666284937.446249485 80.391496795910413 273.640408735724861 12.217910135751252 -0.612121796744281 0.789432551056468 0.030090360507494 0.034608141925861
1666284937.546894312 80.346285064916117 273.453759167707517 12.197952643746309 -0.585663890347781 0.809654722299325 0.022471518032399 0.030855616643090
1666284937.646667957 80.288219808558765 273.258164781024789 12.211235140053212 -0.570483580814276 0.819471918144101 0.027947447682681 0.047256740922045
1666284937.746855497 80.227169208229881 273.068591090051996 12.213307858717561 -0.549968677681089 0.832590261789558 0.029952481131083 0.058572676368781
1666284937.846185207 80.173512124591468 272.892708244967821 12.172952073785638 -0.553516325787460 0.830597557793086 0.020694593092869 0.057437861133851
1666284937.944911003 80.135540544722474 272.720284037333954 12.142010775349451 -0.587609420623071 0.807558488964939 0.000825888529237 0.050633720027483
1666284938.045318604 80.109857921139763 272.532766677129814 12.161063107052698 -0.610052012789489 0.790689743483877 0.001928655723540 0.051405753841320
1666284938.146374464 80.089226884322116 272.342959909834292 12.187800938577245 -0.625961425756150 0.778085900417919 0.009604267779176 0.051598285597395
1666284938.247205019 80.066936794610953 272.162889342351662 12.162344638747141 -0.628185020341902 0.776949389011141 0.012915696463634 0.039577922104597
1666284938.348531961 80.034147360084660 271.987922016881271 12.113856898263618 -0.611754612901976 0.790485058886590 0.009852653134238 0.028152983792760
1666284938.450594664 79.982941688777018 271.805241147553772 12.107635587238573 -0.583608107985914 0.811674207380689 0.006586730935170 0.023306058045510
1666284938.551611900 79.917781832715946 271.615777338773171 12.126777375641815 -0.563031056675221 0.825657357165511 0.012388771861638 0.033652282380390
1666284938.651662111 79.853061311158910 271.432939099931502 12.117959667655589 -0.547101043656439 0.836132164076077 0.009421287244385 0.038401713166875
1666284938.751676559 79.794654802716209 271.255810262491423 12.071067680242036 -0.547853320016445 0.835797932770982 0.001641785287484 0.035998053611007
1666284938.850436211 79.745462691749893 271.072515479247841 12.054510059286224 -0.570443999017919 0.820719534515617 -0.003889560067232 0.031590520277416
1666284938.949973106 79.707125613084898 270.872681587784996 12.080565969982828 -0.591989458639941 0.804622255177461 0.003331562956914 0.046047888340190
1666284939.050570011 79.675149921741237 270.674451056069870 12.083291187367474 -0.595966290942788 0.801150332956527 0.018300691837544 0.051452976024812
1666284939.151796818 79.645547480646798 270.483082281358463 12.033947140927189 -0.590494421324658 0.805175664781473 0.029213954104707 0.046422323441840
1666284939.252930403 79.604378848413660 270.293369833780730 12.002828002018560 -0.572498925609599 0.818460519135186 0.031518308297419 0.037066899450658
1666284939.353497982 79.541523385748718 270.102871219448616 12.023231197968039 -0.557892791255712 0.827850117209907 0.034354835328454 0.047324012826574
1666284939.453975916 79.472229749572875 269.925170610091868 12.047041836833285 -0.545501304169411 0.835517754471704 0.034392092980403 0.056174665574976
1666284939.545934200 79.412112960254134 269.775114179650700 12.021591855284909 -0.536231003206308 0.842120348797203 0.022830233309889 0.052615680068310
1666284939.645067930 79.354275861570017 269.611427487463345 11.970114837278095 -0.558921056228556 0.827929275661825 0.004077597976866 0.046084060163801
1666284939.744777203 79.306765719400289 269.433420357390503 11.969855994355356 -0.576603526523126 0.816284263710526 -0.003519137058256 0.034583083928776
1666284939.844671488 79.272173897720904 269.245340374287991 12.002760407392405 -0.598495252635785 0.800336501052738 0.004453108834012 0.035285797097424
1666284939.946532011 79.243735195069107 269.058074686015914 12.005679115547894 -0.601048879696871 0.798662101285474 0.014230810946371 0.026011078509276
1666284940.047650337 79.212773811792488 268.877437204355715 11.956979386879327 -0.593436504093683 0.804529681481041 0.019333354544683 0.013832159163815
1666284940.147495031 79.166523899877788 268.699101502706924 11.932152973278802 -0.566354168507451 0.823956294806593 0.017684816977690 0.005121260713008
1666284940.247916937 79.099537345187102 268.513551228979907 11.959802036537043 -0.554504511334300 0.831599680680448 0.023539350681042 0.020312975449241
1666284940.350269556 79.025236800674165 268.334421913202959 11.973762756330181 -0.538772785756106 0.841428557266644 0.022620691363729 0.034787536087027
1666284940.449171782 78.957585510127728 268.172277219159128 11.932383293886216 -0.544628273406674 0.837671423233249 0.012426405305302 0.039143517415247
1666284940.547944307 78.897563795542894 268.009909534208191 11.897814393260324 -0.564329928933409 0.824852660716168 0.001749048267552 0.033863848712578
1666284940.647298336 78.846822960474512 267.827991783810660 11.927102265974531 -0.583254490704149 0.811299522074994 0.007568797036328 0.039370012265087
1666284940.748431206 78.805610063857841 267.649004591165919 11.956089148032975 -0.580045629157287 0.813241612356214 0.019239790456245 0.042602564371088
1666284940.850394249 78.769828736323049 267.482876751474066 11.937386994169719 -0.591143870606152 0.805458245187740 0.024234190116960 0.034621431704058
1666284940.950378180 78.726107326307087 267.324740536428862 11.891958693836285 -0.583521152595454 0.811507336427936 0.020409450262719 0.023288661131157
1666284941.049866915 78.662663807391027 267.162117156143267 11.889168324935540 -0.549224999128521 0.835440987798112 0.010279756770634 0.016869583276658
1666284941.149633646 78.586844304183174 266.995180243069342 11.913831510058145 -0.539827369350943 0.841142174261501 0.003990055555904 0.032408848096429
1666284941.249842644 78.514690625376247 266.833921570054599 11.920664033766636 -0.526422249876690 0.849173863227510 -0.005155186165838 0.041914065677595
1666284941.348609447 78.453938365094913 266.679348485904939 11.880640099386783 -0.526880020759047 0.848949815625136 -0.016565353776228 0.037513242052122
1666284941.447619677 78.402886484361616 266.516638213930605 11.847880733516332 -0.547192591701412 0.836222444852319 -0.026487709027204 0.024712174788797
1666284941.548503637 78.357005226374341 266.332122273825803 11.859639744754348 -0.556411483638183 0.830455057065499 -0.020475316979294 0.018204957140633
1666284941.649119377 78.317012359655180 266.136907578508840 11.884795704195692 -0.574846015911680 0.817888993333486 -0.003562781030248 0.024432747813862
1666284941.751023293 78.274768636701992 265.943445319168461 11.863201526755557 -0.570590495673212 0.820816933879655 0.015841317633602 0.020859049820922
1666284941.851835489 78.222591271463131 265.762619557730147 11.813473994954606 -0.555145504095947 0.831164908141994 0.026694861897608 0.016301812894132
1666284941.952728510 78.153595185399482 265.589107208679820 11.806728414745843 -0.526105014405078 0.850150371992005 0.018078087616927 0.011447338896086
1666284942.052790165 78.071421848651639 265.415866963990936 11.824958865035986 -0.510395535866404 0.859383125722683 0.020362056379034 0.023290059054789
1666284942.152690887 77.988373038040635 265.247736155085704 11.824265929722115 -0.506752826582664 0.861313572911882 0.015425536738222 0.033204738887490
1666284942.252711296 77.909266758615018 265.084208393402037 11.777811137644262 -0.513497222265102 0.857371399948871 0.001718709350283 0.035098879097575
1666284942.351427317 77.839020889250037 264.915914495706033 11.746423013588235 -0.538527896219871 0.842215865979463 -0.005745611790220 0.025042524445818
1666284942.454554081 77.771024359330340 264.725094345705543 11.760597745290571 -0.549500453302933 0.835006575505516 0.001045465896374 0.028498731260925
1666284942.544730186 77.715426475484961 264.557217456781359 11.774738384674713 -0.563907948977910 0.824919689824897 0.012171251983644 0.036975546566264
1666284942.645235538 77.655745628349621 264.377655131937388 11.744053805975064 -0.566539909729985 0.823082866267737 0.019175967576522 0.034632473303706
1666284942.746206284 77.588475437052935 264.201232282828983 11.696138906241126 -0.547144407675647 0.836272482657852 0.022953478862001 0.027467611957874
1666284942.847075701 77.501123464235079 264.023283323463943 11.697710172347271 -0.523743401538461 0.851133863792135 0.016954688449003 0.031249540649263
1666284942.947317362 77.402093912616593 263.850463369635065 11.728629782532687 -0.510369823512089 0.858518935296191 0.017654710855855 0.046434816363697
1666284943.047118425 77.308107267502393 263.691393435592374 11.720824256599132 -0.491447222898554 0.869309477488924 0.007293433242288 0.052225140351877
1666284943.147545099 77.223754693659473 263.535824468804776 11.664043226567111 -0.495481166132136 0.867214146725159 -0.004660139296290 0.049156086396631
1666284943.250206709 77.145065915169468 263.365667831646476 11.638062007946901 -0.522464771811138 0.851738642891677 -0.014834805460588 0.036766492467004
1666284943.350612640 77.072451604320108 263.179387560901887 11.658313068142979 -0.539703567471223 0.840593714580994 -0.006069598862002 0.045666467297309
1666284943.450442553 77.001987450993212 262.991782846950457 11.671911804098606 -0.551366111178025 0.832451843218727 0.009496029354713 0.054121766348312
1666284943.551280260 76.928762209381219 262.812152982649366 11.634371778318739 -0.549946238901137 0.833435568456383 0.017607219970170 0.051325172724513
1666284943.653136969 76.842427531289388 262.638982625744688 11.592412679855464 -0.526629145487386 0.848801334320533 0.017975898129069 0.043300173964567
1666284943.753473997 76.739817709246637 262.467021280344227 11.599402140114531 -0.496632780939774 0.866440252356009 0.016162260780896 0.048743731081359
1666284943.854980469 76.630459863703692 262.298873317244329 11.627168668497879 -0.479491539057233 0.875339932275275 0.019875833596758 0.058930621714670
1666284943.945647001 76.539738242938114 262.158625221375814 11.614122156228364 -0.469347124258180 0.880990378602179 0.014149418977611 0.058043291632727
1666284944.044347048 76.448780723096888 262.007486624704939 11.563851246655187 -0.483972373503948 0.873618353263970 -0.002539957496228 0.050549610693087
1666284944.143524647 76.361463354195578 261.845157804524774 11.549006908236921 -0.508417976524413 0.860239210452537 -0.011534975247310 0.036967638453941
1666284944.244326591 76.279491972966639 261.663647118933397 11.579613764299532 -0.521053455600098 0.852447264402274 -0.002443792655445 0.042790018669474
1666284944.346685171 76.206441690312047 261.481220082661991 11.590371775904339 -0.524029512916027 0.850617629167323 0.007767736210441 0.042218252177448
1666284944.447230816 76.136838592472003 261.308576603533083 11.546093551948070 -0.523069928680097 0.851556429765154 0.019283365387894 0.029625132160694
1666284944.548152208 76.048119106617591 261.136779206899405 11.519371306192131 -0.486397936638833 0.873199094433287 0.019310647926750 0.023821998048481
1666284944.647832394 75.942725864941522 260.962055665087235 11.547888997522243 -0.484999204212731 0.873195586662824 0.021106771810874 0.043124743817305
1666284944.747894287 75.836333253271917 260.798459282812416 11.566262031475816 -0.467386056545319 0.881882412235702 0.022751024821309 0.057585380140590
1666284944.847580910 75.738887672531362 260.646912114660495 11.537232268591699 -0.466279553166860 0.882532575811828 0.019466833099143 0.057798558273915
1666284944.946471930 75.654183098043177 260.500364651773793 11.499387800235723 -0.493120531845518 0.868590593812141 0.004680284664153 0.048586174462780
1666284945.046286106 75.580385052559535 260.341291778675497 11.507063989555824 -0.511613842772294 0.858453276732850 0.001832804077269 0.036137077629687
1666284945.148000240 75.514563397512447 260.168645817778781 11.540277553487519 -0.535338779401789 0.843800878205117 0.011240459028373 0.035862533230472
1666284945.251093626 75.450217804610006 259.997713960871238 11.534979684847237 -0.543119141717734 0.838947463371449 0.019450000370694 0.028468387519888
1666284945.351432085 75.379613238676896 259.835465665791105 11.481806689800280 -0.535427131495897 0.844031652338191 0.025204733451504 0.017119524554681
1666284945.453299999 75.292096371028052 259.671066291514990 11.456379506837692 -0.485204386326149 0.874149251302949 0.020751697087022 0.003026054257335
1666284945.553391457 75.191841701168826 259.504307635122018 11.479849957336620 -0.459898407623381 0.887681879913108 0.019968254108227 0.010751909936303
1666284945.653363943 75.091106805868321 259.342698273759140 11.500052052524014 -0.445450502409723 0.894932845363095 0.018003932267776 0.018571769332452
1666284945.751492023 74.998437036688387 259.190701074465210 11.464271868593755 -0.442356345004661 0.896652723134362 0.005163580405719 0.017552651288198
1666284945.843277216 74.917540983164670 259.045980669460164 11.417178411323025 -0.469735025741247 0.882735034219795 -0.005830369736737 0.009688743034092
1666284945.942821026 74.833152068295206 258.875685482507834 11.413891049883217 -0.496649983036204 0.867761032587068 -0.017439987616205 0.005042965943806
1666284946.042743444 74.752914647864756 258.688619835337647 11.441747743969215 -0.528343373956479 0.848795250909336 -0.008818010040624 0.017948368420719
1666284946.144154549 74.675205462758839 258.499005283562667 11.435406314033404 -0.541506063574636 0.840454594848527 0.002406899326533 0.020036565212954
1666284946.245787621 74.593773143318884 258.315800140307942 11.380269066389568 -0.528595464703948 0.848599259776872 0.012825158781946 0.017367967721679
1666284946.347630739 74.502480201707044 258.139974154650076 11.352248872754510 -0.495061776700219 0.868701697296617 0.012774411210260 0.010392919831829
1666284946.449024916 74.396761668348020 257.963908032570089 11.365874837711626 -0.478921312752587 0.877301261066861 0.020120340758000 0.023917470803069
1666284946.550923347 74.286569546761129 257.793479804364893 11.374037974274135 -0.465994029884971 0.883777882875753 0.018471052725853 0.038013656262144
1666284946.649773359 74.187520140037648 257.633221160984476 11.332194062951528 -0.479453748368482 0.876463484857186 0.008949788750086 0.043078581322254
1666284946.748486996 74.100912515365039 257.473181546091382 11.293838618344765 -0.512300012194118 0.858061870942217 -0.001664386908403 0.035717684097208
1666284946.848886251 74.017766102546318 257.299971076575332 11.304421903784858 -0.519699497734434 0.853736270454015 0.002404957650355 0.032264977057898
1666284946.949048996 73.935715901615524 257.120047637742573 11.335011857059223 -0.533352944599304 0.844846501286771 0.010609760270487 0.040699615941136
1666284947.051044464 73.849882104887229 256.942832813158020 11.315875178248566 -0.526495396563733 0.849145059042342 0.018753611398419 0.037464225077955
1666284947.153945446 73.754301895446005 256.769924586799846 11.256928641914460 -0.498384354515277 0.866011422567279 0.025239678216348 0.031626093671579
1666284947.246717215 73.654483530930548 256.615048819026867 11.242507360963021 -0.454744471215506 0.890049118477703 0.021024230919776 0.024041928171971
1666284947.345587015 73.535228169791623 256.449283408638109 11.266237617528420 -0.431941002778290 0.900677924342174 0.026892317663382 0.038510387848599
1666284947.445149422 73.415093755461712 256.291857883688351 11.269999065585464 -0.408111308129703 0.911358240215414 0.024483879676387 0.047664009526249
1666284947.544721365 73.303469323110491 256.142662186368057 11.220641014470381 -0.412883534833963 0.909426512348789 0.014801225260668 0.047450279566220
1666284947.642609596 73.199754404933529 255.993802455144987 11.188381471963417 -0.448249775553216 0.893073057593487 -0.001102428045853 0.038619129579977
1666284947.742004871 73.097645874829581 255.828146522338045 11.207645480366477 -0.461703294234244 0.885942983069477 0.000672434074099 0.043984618625369
1666284947.842521667 73.005481699659583 255.659317534633971 11.234377340796341 -0.476790000593108 0.877743718879349 0.006140530767079 0.046899394283649
1666284947.944041729 72.921527607011782 255.497332800934430 11.208395135750536 -0.479468475255182 0.876758244951958 0.010006202058496 0.036122528505047
1666284948.045651197 72.830137747831543 255.341151562112117 11.154535806210369 -0.457403674820081 0.888925127553790 0.012635601182388 0.020840764077242
1666284948.147378445 72.713128313630833 255.179856862847060 11.153969665472129 -0.417690150396282 0.908161678922073 0.012180953668864 0.025078428321781
1666284948.247090816 72.586337029595981 255.024438535275010 11.182778551189617 -0.397925642008464 0.916146683802782 0.016258072308033 0.045454507742838
1666284948.346709251 72.465352289109205 254.881576127146985 11.174109361688149 -0.392413996476311 0.918085478776537 0.008667814742638 0.055273664766637
1666284948.451998234 72.348805681730525 254.733365466060462 11.121690488138785 -0.415698406786743 0.907664540723851 -0.006601077249263 0.057413777847066
1666284948.551296234 72.247867555984200 254.577449719967717 11.115621028355365 -0.441431772753281 0.895623642177098 -0.016813347969828 0.052092157829855
1666284948.651673555 72.157633106357267 254.400701165241713 11.149062112596393 -0.457144727867659 0.887428042837472 0.001283051165248 0.059063697379735
1666284948.753010750 72.078970140528668 254.225591539855913 11.157461524830548 -0.454295276483485 0.888636015650268 0.020707480289346 0.059270850458522
1666284948.856698036 72.001530345316525 254.057797317083271 11.109207305862666 -0.454431044183450 0.888876045076931 0.034771709476059 0.046719704524382
1666284948.946675062 71.919878634721684 253.919417442751637 11.084878734328345 -0.436720264583786 0.898225725171083 0.040227372266380 0.029115557066485
1666284949.052275658 71.800523668496353 253.759257914604007 11.108437579924439 -0.421898321458594 0.905678141244384 0.025033329624852 0.033499898961527
1666284949.151636124 71.680656673257189 253.614695612020057 11.132328797039921 -0.421810749243519 0.905523215393024 0.014476553888971 0.043518129491046
1666284949.251077414 71.565150376831397 253.475791811880669 11.108787231462349 -0.411163132240814 0.910540943591896 -0.000790555161710 0.043121267968814
1666284949.351678371 71.455012591006238 253.329995345754014 11.057772277922824 -0.419781813700708 0.906858116049891 -0.014470485270274 0.034383008836202
1666284949.450186968 71.349292623811067 253.167264188204996 11.055387127347695 -0.441295475536169 0.896881695777270 -0.018894504988674 0.022461627995934
1666284949.552944660 71.240187384180174 252.978157301673235 11.084748606565812 -0.457467259159860 0.888714147554514 -0.004997509365839 0.029763998947688
1666284949.643900156 71.144229023769910 252.812058707331630 11.091061100429833 -0.464993376821413 0.884641107750338 0.013261524979714 0.031865372203801
1666284949.744621515 71.034630933655080 252.639478374797591 11.042887989773522 -0.458061611704563 0.888189555636501 0.023300086734367 0.027495074086520
1666284949.846741199 70.908413693227644 252.478582701081223 11.000853075702027 -0.411051884592610 0.911000631091002 0.026216805187083 0.020661012812602
1666284949.946825266 70.764415652790959 252.323550903909648 11.010322100658172 -0.389838806740493 0.919673665140892 0.030025168452469 0.036394280661499
1666284950.046079159 70.617220670167228 252.178585944877938 11.021664352447390 -0.369367735133416 0.927262707433929 0.033067033739687 0.051555008722424
1666284950.144339800 70.478417324817798 252.045568298937326 10.988339580000224 -0.368038920939830 0.927745771287191 0.021287868486000 0.058154648889855
1666284950.243084669 70.348172107448235 251.918219244957470 10.944400973214861 -0.389780652355095 0.919457069795216 0.007196054453769 0.051165971636732
1666284950.343110323 70.217278830847860 251.782146183663968 10.946211008369492 -0.394923940887972 0.917261334672186 0.002272517662366 0.051590313939608
1666284950.443300724 70.091944963730015 251.636611178785529 10.975933189175397 -0.406827135427372 0.911680878835189 0.008036860819362 0.057140755284009
1666284950.544495106 69.969221036910625 251.497445201492468 10.967390699496709 -0.388785866766126 0.919745048548824 0.010036679250331 0.053045834355391
1666284950.645323277 69.842434418939234 251.368210236964813 10.919144691238648 -0.369854099396367 0.928101459864218 0.008923177662849 0.041904680621706
1666284950.745890141 69.700678667431916 251.244437255898987 10.900704345317834 -0.326775550418391 0.944446908562822 -0.005737451098358 0.034711067540203
1666284950.845455170 69.545385904767315 251.116708584830974 10.922801622895664 -0.303371280478178 0.951664741837337 -0.005127943111704 0.047684269147688
1666284950.945567131 69.393045761681407 250.990956588331869 10.931554189423785 -0.264514142198840 0.963070362990231 0.000060996853704 0.050276642549600
1666284951.044994831 69.251168906618986 250.870455480515204 10.886572941857107 -0.253319406469086 0.966377316721625 -0.005362857211543 0.043765280698176
1666284951.144428492 69.108771599546174 250.752824468609276 10.845878003475040 -0.278043477255023 0.959990545844377 -0.016005467811559 0.029219884419427
1666284951.243085861 68.955510180363845 250.622242310134737 10.855724169558162 -0.293650160078561 0.954846084769787 -0.020546093425236 0.040204426753849
1666284951.342645645 68.803985496306638 250.479777880510142 10.879851040956657 -0.302076354954606 0.951844147406957 -0.011939541009742 0.050990608791602
1666284951.444291592 68.655744649387799 250.337521501658728 10.851010885414878 -0.275107935823553 0.960245525233830 0.006953843228405 0.046859353171644
1666284951.544976711 68.510049700700336 250.206467942646412 10.800945284528959 -0.246211982892773 0.968341252302020 0.013198989665906 0.038995707994130
1666284951.645953178 68.353922554204871 250.086862551537024 10.793314162455035 -0.210785593936291 0.976984506103340 0.009174998762120 0.031409037244924
1666284951.746195316 68.185326395571408 249.974359699516327 10.821146224537239 -0.195559592202425 0.979318092782354 0.016977921151813 0.049033348245008
1666284951.846369267 68.021871141272598 249.868312655489319 10.812789669611757 -0.179093104508324 0.982310909909310 0.015632686055460 0.052407588357076
1666284951.944725513 67.865564151424778 249.769186108215109 10.761027087482956 -0.208841998456861 0.976592191157890 0.004785437799180 0.051281687131432
1666284952.044205427 67.709208516746898 249.677877834310692 10.732361675256206 -0.242348468528382 0.969536424876465 -0.014627676800015 0.032440279147151
1666284952.145125151 67.534491657634717 249.579495657652245 10.738060266073427 -0.248371177487962 0.967764107915525 -0.015983843401579 0.038586349578906
1666284952.246445417 67.349647124938713 249.477929385404082 10.771413128681287 -0.253462079096533 0.965540396499962 -0.013777120321917 0.057436122278537
1666284952.348553181 67.173145644722851 249.381296581587634 10.756672897872736 -0.235603027148026 0.969879278688147 -0.005789860212730 0.061578209528728
1666284952.451117516 67.003669685417165 249.290147898778116 10.713781378071067 -0.205316797326318 0.976882547596850 -0.001845506423954 0.059515502538340
1666284952.554715157 66.830084446023719 249.201023743405614 10.715530851647893 -0.184411972312297 0.981757446141715 -0.002860206788789 0.046220781368467
1666284952.654104471 66.650631146622388 249.124232919574240 10.741839085974194 -0.161958361837081 0.985134154513196 0.007808504319804 0.056738116843158
1666284952.753549337 66.471579398671253 249.059633424607171 10.748507793413911 -0.124333931940850 0.990394091718518 0.012608098445370 0.059174760758037
1666284952.853501081 66.298823327812059 249.001627402845742 10.708738144841980 -0.123285801635562 0.990938883686967 0.005229798297230 0.053041390649893
1666284952.952575445 66.120733790375837 248.943884075689112 10.687541782949230 -0.142943838868419 0.988858431801257 -0.004022058920644 0.041350741555096
1666284953.042311430 65.947247979675041 248.876326665167710 10.708930136383879 -0.170557705004004 0.983676765255334 -0.013960605973837 0.055634451928756
1666284953.142575741 65.760046905669014 248.793295093225964 10.730534343627886 -0.185166678834032 0.980391749491830 -0.009710195885114 0.066716045100080
1666284953.243748426 65.584930791143819 248.710095612025981 10.701917580560741 -0.178939169369524 0.981730940445446 -0.003272009392214 0.064609814981805
1666284953.345185995 65.409772254693138 248.630936144905320 10.663361402709937 -0.156981462326062 0.986084155145163 0.002837260138431 0.054651710060418
1666284953.446901798 65.217259376458799 248.560853240094076 10.673173347336192 -0.128990233552701 0.989791596159957 0.003330790069802 0.060522901918659
1666284953.546018839 65.028577400060385 248.503527635811679 10.701691011230075 -0.113263499500346 0.990900834454507 0.007205989333391 0.072353228511400
1666284953.645034075 64.853813481377273 248.455375493508825 10.690692614136209 -0.104758772668141 0.991966338509068 0.002946502882706 0.070849847810279
1666284953.744079590 64.690106337008146 248.411527246120698 10.649897386171208 -0.129966317488502 0.989851861040181 -0.007274053417910 0.057001207536692
1666284953.843606710 64.525132639512691 248.361364882096382 10.652874754744289 -0.149918332442369 0.987663356636643 -0.019645527643186 0.040738689210139
1666284953.943777084 64.355464231251759 248.296975096813043 10.687640018618094 -0.161956334877665 0.985561300736375 -0.019768345830780 0.045257933966680
1666284954.044359684 64.192057245874594 248.228969156470725 10.701699326734918 -0.162997119529137 0.985549962711792 -0.015763812779799 0.043297947187281
1666284954.144311428 64.040149520983945 248.161232247232704 10.663197610225611 -0.163212445758662 0.986005990166478 -0.012726131839354 0.031494927745682
1666284954.245274544 63.888404437735900 248.096919223005841 10.631627339348233 -0.140950662195213 0.989881415029755 -0.012457298741310 0.010607106744533
1666284954.345420837 63.718023051462175 248.035100380209087 10.649512510151398 -0.123181402515037 0.992242200300999 -0.014997266191710 0.007539232257713
1666284954.446449518 63.534862094846964 247.974999846997719 10.676621898336988 -0.109788167898868 0.993788525638019 -0.010084637094189 0.015140164936390
1666284954.545013428 63.358849104780475 247.917969549231515 10.649654678332995 -0.116879364139818 0.992950168032379 -0.012827817074876 0.014987499852764
1666284954.645979166 63.179569358280617 247.858128862962474 10.596252548125953 -0.139403114023614 0.989958875711831 -0.021187393786889 0.009964464080220
1666284954.744699001 62.997981560118731 247.789179423970381 10.591662804196394 -0.165257394045426 0.986129936042254 -0.015371651846096 0.001206347436551
1666284954.844978571 62.811571559437567 247.705051465021057 10.618282264329691 -0.195890516831471 0.980436393318919 -0.011016665659856 0.015811930591409
1666284954.945474625 62.634611712715184 247.619257655315693 10.612439022338917 -0.215114102125290 0.976320697853015 -0.002296402645271 0.022771573189460
1666284955.046507597 62.462016276760011 247.539929492562550 10.553983550928725 -0.212685248062663 0.976912622042554 0.006041990309072 0.019240803090569
1666284955.147572756 62.278399720253397 247.471366228920800 10.527303224651584 -0.190554845616705 0.981585844328955 -0.000098363257206 0.013344337738346
1666284955.247250080 62.081428022983573 247.411048048965228 10.548151434587506 -0.179682515233352 0.983398057315897 -0.002665603986616 0.025206133025950
1666284955.347432852 61.888234947548774 247.354676365749242 10.565354302944870 -0.155551026448637 0.987121904663787 -0.010684779443559 0.035777912068127
1666284955.446430683 61.711010733959412 247.299320238326004 10.532688038004761 -0.151945101986957 0.987937723008154 -0.012837822881810 0.026961671745133
1666284955.546736002 61.536769375210227 247.238142001655888 10.486456778345705 -0.170917510409976 0.985060480738507 -0.018441600636439 0.010146984204335
1666284955.645234108 61.359366070618513 247.162525667189783 10.487187705559839 -0.194223662022740 0.980655681007260 -0.024145749636373 0.002930391298424
1666284955.743970633 61.178171874546663 247.069814795184499 10.514536605036207 -0.233703374561089 0.971982066360582 -0.018783375459396 0.016756497203266
1666284955.844885349 60.998121848279681 246.972129490542216 10.500760723089561 -0.245062452611677 0.969099193418149 -0.014654563052273 0.024008153156557
1666284955.946267128 60.814866502975732 246.877964017910671 10.443559755545172 -0.217874895711816 0.975602390403222 -0.000840048891858 0.027014810307388
1666284956.047922373 60.627061325220282 246.786594998612401 10.421715900602045 -0.177197034039622 0.983814646449191 0.003859946604952 0.026363864887769
1666284956.149140596 60.431960176895721 246.698325455238830 10.447121412281991 -0.168475158565198 0.984566459595790 0.012436526887784 0.045720240423820
1666284956.248099566 60.253208186778160 246.619020627382042 10.454589749599158 -0.163314001902533 0.984904320215902 0.012735473351567 0.055944834624317
1666284956.346772909 60.089926899424398 246.543478074935564 10.411159733286022 -0.178805038989803 0.982628080904228 0.008704138381334 0.048939254442285
1666284956.445678234 59.929501139815699 246.464416345969340 10.373080145260902 -0.214773124420040 0.976153376331827 0.000269112432215 0.031575599461098
1666284956.546408892 59.749228999238326 246.370248161901912 10.387800868470640 -0.214597910931444 0.976021311764258 0.011291585655241 0.034679038326167
1666284956.646620989 59.566558527587269 246.270050210293078 10.410307548132085 -0.226152131554269 0.972539095480008 0.015039069123694 0.052884284587025
1666284956.747694016 59.392617777896383 246.173704425536783 10.381924618820868 -0.221353985300115 0.973289476065951 0.024726491922155 0.055665155782108
1666284956.847920895 59.222352235485523 246.083936344473443 10.327637251112979 -0.195691295982209 0.978831019419539 0.030277417442210 0.051749686877708
1666284956.950740576 59.039976670077969 246.003952525878873 10.327078978868512 -0.161168394664246 0.985547220892254 0.024884627649819 0.045849528455969
1666284957.049927711 58.863555134678734 245.941710276456803 10.358402551793832 -0.158730312870236 0.985701044257617 0.014107361315254 0.054764235430454
1666284957.149498224 58.697113750331084 245.890177473373285 10.362501227512196 -0.149904309684469 0.987358676143140 -0.006902470160294 0.051028408642389
1666284957.248698950 58.541015821534792 245.837344719213633 10.315400778021624 -0.161034663468528 0.985920296576423 -0.026063379380164 0.036738348023849
1666284957.347782612 58.384203999478494 245.769589324421332 10.284698592947109 -0.191961620218216 0.980495481241981 -0.038440898414909 0.017367928958502
1666284957.447489738 58.212141006172281 245.679049261979884 10.309164699847285 -0.202646071590352 0.978340877567379 -0.036285797111914 0.021611059151311
1666284957.547766924 58.037171628258633 245.578217955523286 10.334047386346207 -0.216527947168865 0.975169907910481 -0.030548513053428 0.035015527283279
1666284957.648751020 57.868857936183389 245.477098969790518 10.299117074087931 -0.213819709868297 0.975915722566833 -0.022259340225949 0.037069608730055
1666284957.751110554 57.700643987205424 245.382036270234039 10.252642135863075 -0.190965439566331 0.980814898413166 -0.016678559355562 0.035442370121534
1666284957.850098610 57.527504104307525 245.303427700487106 10.269163282399356 -0.168262658724925 0.984957299026903 -0.016566761655088 0.035669863760760
1666284957.949409008 57.351983019066026 245.237438722991556 10.303233243745000 -0.155607495983278 0.986537031475523 -0.017538849645241 0.047152746202100
1666284958.048927546 57.186262934238108 245.179486562915201 10.294892620622200 -0.147300310369169 0.987578787758449 -0.025799892127758 0.048219519915646
1666284958.148649693 57.026563682005104 245.120179062088852 10.248152044738253 -0.159813090636794 0.985766909180375 -0.033345701756224 0.040142757758673
1666284958.248440266 56.866608529044257 245.053150362902329 10.244675112911121 -0.187350805546948 0.981118620127304 -0.042055461379245 0.023179022166257
1666284958.348077297 56.702845883237899 244.973504706104166 10.275456432403050 -0.192133869988263 0.980394444935522 -0.036243730772339 0.024447910393430
1666284958.447884798 56.545250846119060 244.886825791517680 10.296179778304536 -0.201870818948119 0.978516617627488 -0.030011259090400 0.029201469344643
1666284958.548937798 56.393178341813950 244.795678740904293 10.269420864435777 -0.197841217928251 0.979874161866797 -0.013904703892073 0.022630479539369
1666284958.650138378 56.242035696010802 244.702598727120062 10.234188243819935 -0.169054258777244 0.985547765352415 0.002130786800860 0.010569746721099
1666284958.750446558 56.088103382179000 244.610752838409923 10.241835121060120 -0.145367864622309 0.989276153377193 0.013446901838306 -0.004478518206480
1666284958.849673033 55.931776432901508 244.527979693326131 10.271172954255828 -0.137108021940292 0.990237384970546 0.024940619075462 -0.003045857260092
1666284958.948533058 55.775306789472879 244.460714347724519 10.270359537603769 -0.132622954980129 0.990804869577308 0.025428992172530 -0.008380250075143
1666284959.047882795 55.610537111435995 244.404053717146240 10.222412108959286 -0.144505620418916 0.989306738782524 0.014539531584237 -0.013375510761887
1666284959.146898031 55.440173371919052 244.347187305661919 10.197159996080375 -0.177346567452498 0.983940264071415 0.002235108998019 -0.020118549640993
1666284959.247644424 55.259242378106649 244.279944781039205 10.218356236133188 -0.187460473811578 0.982186310440977 -0.003954766638641 -0.012368595777766
1666284959.347885132 55.083091916982077 244.204571594025708 10.237045989957030 -0.214156677484280 0.976793232929339 -0.003449283841229 0.000005772967406
1666284959.448611498 54.910179577716853 244.128289516621578 10.205867932500295 -0.210306220405865 0.977604017353883 -0.005842832328562 0.005247877907149
1666284959.549694061 54.737023840222911 244.051463035745144 10.161197244883956 -0.175885074609611 0.984397757892789 0.001419894261632 0.004845480936609
1666284959.650251150 54.560437935483023 243.974262383682401 10.167745612525712 -0.155234663188770 0.987866121649731 0.003656593402467 0.003058490816973
1666284959.750192642 54.380773715660204 243.899718284768824 10.200825704338406 -0.142801548597006 0.989538296836258 0.005274062941496 0.019845933406737
1666284959.849654198 54.208929791308684 243.831565809515126 10.201097837212954 -0.131415565608949 0.990965884904433 0.002159932780403 0.026681431026816
1666284959.948114872 54.045619534176559 243.768896299430054 10.156889816968773 -0.142953748771201 0.989453695544699 -0.001758545104640 0.023292007305374
1666284960.047182083 53.883195383506219 243.704128833326877 10.142593044480643 -0.170223530891711 0.985299125615861 -0.009822400131731 0.010634991632885
1666284960.147284031 53.717810583177084 243.629812663311128 10.171190674732507 -0.180049259581930 0.983553865974215 -0.009782158848645 0.010409909674640
1666284960.247936249 53.558598378061710 243.552484207918667 10.191212762983985 -0.191285288678434 0.981432784804753 -0.008383089929021 0.011373260255409
1666284960.348664045 53.405678033163859 243.478417440714736 10.159498321621202 -0.199015449573661 0.979976049323900 -0.006052338862665 0.001778419749872
1666284960.449119806 53.250264099930305 243.409786979423444 10.113287919868876 -0.176209788124779 0.984297535787356 -0.006552574380971 -0.008095392574834
1666284960.550124884 53.084459207307070 243.345179044821037 10.107917309621461 -0.135284575288643 0.990615121742502 -0.009207904876398 -0.017174945468515
1666284960.649930716 52.909512661279557 243.285346114389569 10.132633173940487 -0.119453247860477 0.992796432478947 -0.008193735366179 -0.004362101948396
1666284960.749781609 52.733928042072172 243.232057873374202 10.127820048100180 -0.104868313458014 0.994409975778412 -0.012070621330336 0.002395204699029
1666284960.848876953 52.557313445052912 243.185021423393152 10.082416358299252 -0.107621085028791 0.994077890483524 -0.014619053636119 0.003623945341322
1666284960.948992729 52.371967864485271 243.139472382416756 10.060536043371087 -0.123874209979353 0.992035992528239 -0.022798154786286 -0.000117340716177
1666284961.048946857 52.178892716221547 243.084703013096686 10.083133291748020 -0.134166169076038 0.990554237032896 -0.023626516985118 0.015605456314658
1666284961.149437666 51.991411201039710 243.027559749035674 10.095309233696957 -0.125729497974650 0.991389309986764 -0.018654362269256 0.031485618166691
1666284961.250543356 51.813418866459955 242.973400507379267 10.064018192539736 -0.117451934675814 0.992440893349704 -0.010771027401564 0.033913142244046
1666284961.351100683 51.642095962612068 242.927124849054110 10.031235245573363 -0.092152433549660 0.995378154205688 -0.008126269230859 0.025772521594536
1666284961.450407743 51.470182281120550 242.890104475142806 10.041092249501027 -0.072425104201022 0.997159976744256 -0.012851834558742 0.016168345906155
1666284961.550265312 51.296881119020831 242.860113643455037 10.074111017641307 -0.069056234886085 0.997350742639256 -0.013004501774449 0.018804667343022
1666284961.649865627 51.129711158273295 242.836483767584241 10.071729450243039 -0.060916404506045 0.997863914697276 -0.019481713693064 0.013313986580515
1666284961.750118017 50.960216822062407 242.814814648180800 10.025689372623917 -0.055320954872748 0.998318273083742 -0.017191320359591 0.002162425341434
1666284961.849557877 50.783262929157317 242.795744990114855 10.009056582058042 -0.062326442894783 0.997758320865030 -0.021132778736566 -0.012130676961788
1666284961.943744659 50.601781314703473 242.779770754376386 10.027339699372673 -0.064002891969683 0.997798374860310 -0.013454193644025 -0.011000800835855
1666284962.043854237 50.403724444183041 242.769697082121326 10.049906314967910 -0.064872218137527 0.997821475587118 -0.011754256032033 0.002394918829080
1666284962.144799709 50.206506527643675 242.773172780516035 10.026089288344764 -0.052709578392446 0.998485206681555 -0.013734864318924 0.007768261447957
1666284962.247066736 50.011694220763765 242.793845216091512 9.981560391365980 -0.001743742807535 0.999671408393687 -0.023566956752331 0.009931422387450
1666284962.346849442 49.821643998041409 242.831218670107802 9.983015139528467 0.066372090601079 0.997230449241860 -0.031405419893519 0.011826930938868
1666284962.445914745 49.631071127295215 242.882112448053988 10.008179824664829 0.106627665397408 0.993241706659039 -0.034365410150166 0.030339276691248
1666284962.545340776 49.449630340213531 242.940372980963218 9.997521071815516 0.148207537195488 0.987423201682430 -0.041695687911102 0.035936281211152
1666284962.644570589 49.276812392358416 243.002944115544409 9.953714447657809 0.166738166899572 0.984256429312994 -0.048241610955015 0.033322845428775
1666284962.743135929 49.106089839566650 243.076327498178046 9.940601272404662 0.167866899483601 0.984075762882775 -0.055255885114877 0.019036389484858
1666284962.844624043 48.919191235023966 243.162466419050304 9.964614938532549 0.176200868556270 0.981874424145751 -0.060891813016385 0.034176837712751
1666284962.943458557 48.743653210262252 243.249437493869294 9.982514723594152 0.202398896114989 0.976252645300182 -0.060363581681881 0.048183995292682
1666284963.044175148 48.580868163628608 243.334107649388244 9.953397397151742 0.237720816561025 0.968267491465623 -0.060808124240330 0.047426262458695
1666284963.145375013 48.429683464156589 243.421650157292902 9.929962600428967 0.283690505413535 0.956927285782471 -0.051770684649114 0.033610460784836
1666284963.245505333 48.275791345621158 243.524891012956203 9.957514008361599 0.311108118449223 0.948682035925197 -0.047097617213725 0.031558640664595
1666284963.344967842 48.125477864964246 243.642825932436381 9.988373904410278 0.350938237804570 0.934470766115654 -0.045389762860031 0.039325690704112
1666284963.444645405 47.984989881071428 243.765686084889609 9.971845086893055 0.382607924507609 0.922200661141793 -0.039450313146757 0.040009867360962
1666284963.543929100 47.852989367315189 243.894460138501984 9.934824826140902 0.393311492542644 0.918064691001812 -0.037838171713109 0.032117996995990
1666284963.643236160 47.710788063939447 244.038789361880475 9.946457560518855 0.378837751943562 0.923762382268257 -0.048434499818970 0.028268675874720
1666284963.743439913 47.560544341448569 244.185263115223904 9.979629440680000 0.382941796638230 0.920938706308987 -0.053823954156123 0.048274854411103
1666284963.843310118 47.420160569705814 244.321295154916527 9.978217523485894 0.392991217444683 0.916309548539363 -0.049043567187977 0.059409113647775
1666284963.944298744 47.289784772691945 244.456392368173454 9.941904016139217 0.416209791914192 0.906615925203879 -0.036522764680444 0.059017463022030
1666284964.045017242 47.167117010840983 244.598895121560560 9.935190243401523 0.442510979269911 0.895286284175383 -0.032184582616930 0.040132969424082
1666284964.147150993 47.045551936585809 244.760730112271432 9.961737147903509 0.458732714661679 0.886426492147071 -0.034678713211395 0.051085784411774
1666284964.245181322 46.940238415754521 244.918668789543716 9.981682645676319 0.478644232298115 0.875509321609647 -0.041890908123994 0.051266738524218
1666284964.343974113 46.845559327355843 245.070374054882649 9.954974062162583 0.480767149367451 0.874944612976654 -0.042900582000949 0.038657630245636
1666284964.443497658 46.750819613185818 245.221606997392144 9.932093659743318 0.463190437372724 0.885217049622236 -0.039422660294348 0.017065979019264
1666284964.543647766 46.641775484193680 245.378630227808031 9.961560347806069 0.453135048932191 0.890492546770661 -0.039399806244319 0.011802831992069
1666284964.643825769 46.524850413121655 245.529600670537434 9.999501726796524 0.442594662639281 0.895552989940139 -0.042525751644920 0.016922389297395
1666284964.745451927 46.408129128609346 245.674142549968622 9.988833905591008 0.437193086098974 0.898693746696328 -0.028718691204673 0.019672109486831
1666284964.844611168 46.297997305046117 245.818392201549983 9.950212883207257 0.456091990981002 0.889525893231190 -0.020140529369046 0.017836482584128
1666284964.945445061 46.184307366470080 245.979436135584564 9.959702480831330 0.479882996967903 0.877091695056855 -0.013659075715245 0.015358949638652
1666284965.045550585 46.071425095519047 246.144386835256881 9.991274773083639 0.484774058036985 0.874085480316595 -0.019200443991563 0.024495483350777
1666284965.145695925 45.968729624865340 246.300951589119563 9.994504819750096 0.503638679753492 0.863199400209086 -0.013877435131067 0.032284555580284
1666284965.244589329 45.873907575569085 246.449740825321754 9.960702017177036 0.511163746162821 0.859116546460198 -0.008963812216858 0.023452809589327
1666284965.343531847 45.775777480153003 246.596876984026352 9.950791379040512 0.490108087522430 0.871643739491698 -0.000747647662934 0.005540304414693
1666284965.443247795 45.667366654184491 246.748351466128810 9.978951455125642 0.483670796018757 0.875191788200781 0.003250720230847 0.009556555994792
1666284965.543979645 45.555051869524732 246.899567058630282 10.003627736793344 0.454708116420543 0.890481083568777 0.001858652480857 0.016748554517193
1666284965.644255877 45.447996838568159 247.050417579400232 9.976006144883650 0.445063650993711 0.895385242410464 0.004082180914172 0.013672967369502
1666284965.744707346 45.342820590460860 247.210464557491832 9.943059333623152 0.473098684149811 0.880916780045901 0.004573969856012 0.011930653336466
1666284965.845779657 45.233711010885443 247.380838856984070 9.960638864766224 0.496518111938593 0.867988294388730 0.000407671131361 0.008119059386796
1666284965.945278883 45.125511833528954 247.548936269033135 9.988712918364211 0.503549809890988 0.863682909553630 -0.010942720955374 0.019227000853465
1666284966.045981884 45.019468206285666 247.709375188143525 9.982826677724201 0.514272098834369 0.857253251929121 -0.016343831230143 0.019337776453378
1666284966.143996477 44.917052723025108 247.857816999385079 9.944506887131016 0.505170658067870 0.862841838766374 -0.012981071092637 0.011749863608807
1666284966.242346764 44.809065806860652 248.005827264798171 9.943082309601467 0.482125035164334 0.876071334786467 -0.006029224826145 -0.004256205028471
1666284966.342326880 44.689613593969831 248.158921221844480 9.975049317373795 0.470348832423390 0.882467902420563 -0.003327515762888 0.003362242444016
1666284966.443204403 44.566372363766860 248.308457713475008 9.992943033510375 0.451840760991536 0.892031758189657 -0.003555622269143 0.010326017525574
1666284966.543909073 44.445599246871204 248.453222254638206 9.960266373636719 0.439553456713900 0.898180132369265 -0.001354863735314 0.007960706768253
1666284966.644662380 44.326694537714907 248.598801454343828 9.930559184184373 0.462840369555680 0.886381806875070 0.007800557625124 0.006725775136324
1666284966.745422363 44.204690997466933 248.755088698820913 9.947985152539284 0.480205588247959 0.877060079100681 0.010875057663220 0.007067091633832
1666284966.845540524 44.087387680853290 248.916027798760126 9.974432376014017 0.490939503867729 0.870994829245161 0.004938457922149 0.017944988260026
1666284966.946980953 43.975825193040841 249.074652227350470 9.957699842681722 0.497329558086638 0.867333386644485 0.004845772367573 0.019303511476392
1666284967.044055462 43.871580234003780 249.227151423880230 9.918222450347852 0.486683201517858 0.873428117554878 0.004610482877892 0.015541179894157
1666284967.142165661 43.758811448925336 249.388433084029941 9.923512803720552 0.463921118031801 0.885825188016138 0.003330480397767 0.008935346698246
1666284967.242324591 43.633862191817741 249.555386556152882 9.955301609495459 0.449248503983834 0.893124552745661 -0.009000024938199 0.020574608192195
1666284967.345157146 43.508978382220349 249.712845300975005 9.960676750571075 0.433109454718119 0.900794574425088 -0.017289766279613 0.026199215677108
1666284967.445333719 43.393562317691995 249.855973351892544 9.919821592084736 0.426013430770382 0.904292344740810 -0.017030330713201 0.021860463906705
1666284967.546400309 43.280050067335544 250.006994625799678 9.903859208016923 0.448914732934622 0.893447850282840 -0.009345371166628 0.011796839278684
1666284967.646493912 43.168190003477875 250.169327851530568 9.931923685717976 0.473691792834359 0.880516139977903 -0.007607577824453 0.015796752812804
1666284967.746809006 43.065277619143899 250.335677017589546 9.958112793986711 0.500147033301271 0.865522531316582 -0.009553903315895 0.025147878532883
1666284967.847033024 42.970225957815906 250.498095983498501 9.931437718953012 0.516382900803491 0.856087429517095 -0.009233650904471 0.019435855308144
1666284967.945350885 42.874276599320027 250.656831400164748 9.896460622449908 0.506364612771960 0.862166928556228 -0.009742027261870 0.012967618943026
1666284968.043324471 42.768873558954347 250.813895661536378 9.909648279979393 0.486992793737019 0.873346106471694 -0.008470333859124 0.005731544578945
1666284968.143097162 42.656135619129394 250.967003746925911 9.939580961407112 0.467468370046431 0.883870618823245 -0.010546929724791 0.011610962945775
1666284968.244153261 42.546276653478721 251.118015795594886 9.938701563632161 0.447191346358654 0.894375956925491 -0.004694247872393 0.009461049226145
1666284968.345001221 42.447074623582239 251.274732652427048 9.896905866500038 0.445414299075923 0.895291924742640 -0.007635394268709 0.000415239309934
1666284968.446719646 42.354702916673446 251.436741244153183 9.883145816434226 0.480708719279006 0.876800814593357 -0.002299796665444 -0.011583163335671
1666284968.546215773 42.264877116021061 251.607607887501757 9.914148833642999 0.504984447194973 0.863084877559822 -0.002460476692621 -0.008315544070038
1666284968.646653652 42.181545589230069 251.787385141731107 9.927853639727820 0.525158289368629 0.850869629273224 -0.011668447092410 -0.009669148375854
1666284968.747004747 42.100542134259101 251.970234592715258 9.889404859714396 0.526961952540583 0.849584547554150 -0.016921682031998 -0.015193874062780
1666284968.844956875 42.014401189961426 252.150419597044419 9.867352165987329 0.504854385685991 0.862522608533300 -0.021674604176191 -0.026589670105854
1666284968.943306208 41.913011322419784 252.334030291517394 9.886240278181253 0.491511142649675 0.869974344377929 -0.032908706783951 -0.021873586656331
1666284969.043922901 41.800095823568299 252.515289192319415 9.910407613804839 0.472468452365254 0.880271565321491 -0.043119827003221 -0.006017750846116
1666284969.144641876 41.686185649963626 252.686105075561329 9.887278627182289 0.470156118346643 0.881627813959401 -0.040557185609311 0.006382533183445
1666284969.246491909 41.577079403265223 252.850578778234507 9.851888387558644 0.492859347168986 0.869404413854981 -0.033032031271332 0.011598016542834
1666284969.345995903 41.481468072160645 253.015372888200716 9.866987917657127 0.507191492377252 0.861333021564427 -0.028294972066471 0.007849240637691
1666284969.446585655 41.394110107435864 253.190629760265097 9.900630289416783 0.529209529052461 0.847666149220481 -0.031754442384637 0.019774458643262
1666284969.546360493 41.313233988915457 253.361752522406249 9.903136826732055 0.552512639102077 0.832458007651219 -0.033100260315808 0.025452345605995
1666284969.647592068 41.234118748538648 253.526072984264204 9.872586504245747 0.553936711888469 0.831752474633262 -0.030564113306150 0.020193443030960
1666284969.744450331 41.154048208307564 253.677207644637576 9.875295477815540 0.530064472824842 0.847698688958228 -0.020605287265465 0.003742929885880
1666284969.843045235 41.062226673561412 253.835377393946374 9.905979591691967 0.518584251317383 0.854795710850736 -0.018845596016421 0.006285738425964
1666284969.943629265 40.962723743628779 253.995577497454150 9.925236306792700 0.495217268328227 0.868435329806081 -0.018893161020376 0.014932634087476
1666284970.044321775 40.864391326410193 254.153113739707550 9.892975828467945 0.490997624205561 0.870794873477996 -0.015119803546108 0.020224067090059
1666284970.145819902 40.767160597015824 254.310401101095920 9.866368524030083 0.518527525519571 0.854859039160258 -0.005379814580048 0.017784432508115
1666284970.245695114 40.667606199741705 254.479519929125274 9.888213287277827 0.537155332451370 0.843265760592017 -0.004804193483478 0.018545230038975
1666284970.345911741 40.569403779763960 254.658871942322946 9.912751897399337 0.544818618503296 0.837804525611939 -0.010073725242844 0.033981904832504
1666284970.445729733 40.476700256189112 254.835039046215826 9.894984434724082 0.546471890379470 0.836261083322678 -0.018827063046547 0.041005063615486
1666284970.545057774 40.387994585387005 255.004873068182292 9.857144960975619 0.535185378276626 0.843568249013086 -0.020688841180214 0.039258018117588
1666284970.643810749 40.295462398030480 255.169526143116684 9.868433907081487 0.519888413501785 0.853615259641405 -0.016884340887362 0.027783899055628
1666284970.743385792 40.196286436128396 255.332867980568722 9.900478741013657 0.505039036649842 0.862256509890152 -0.022541613629307 0.030678302867678
1666284970.844385147 40.096125891797058 255.491595157177727 9.915611500301637 0.488963022395112 0.871425632463867 -0.022536580061483 0.032009879323731
1666284970.945775270 40.000098553879191 255.642445002979088 9.882810865906537 0.489811538993403 0.871296832413588 -0.013786246694795 0.027137160813771
1666284971.046397924 39.909327325610725 255.792299805286007 9.869647340785807 0.519867733733061 0.854153526654048 -0.004227752546266 0.011891948373218
1666284971.146173477 39.820484868946025 255.952841755475760 9.896116437751461 0.540812484628275 0.841116418261480 0.000985124899492 0.006637539461613
1666284971.246481895 39.735933015760587 256.122036454312649 9.920727408008590 0.558844641382355 0.829187006222693 -0.001230526090546 0.011834750323341
1666284971.345966339 39.655779747648474 256.286098821065593 9.896827843490806 0.571244349431937 0.820725955296805 -0.004481568576463 0.008289456394960
1666284971.444375277 39.573456674657493 256.448944605185261 9.864517889403800 0.559485449578414 0.828832352998891 -0.003072674399209 0.001876433957900
1666284971.542807817 39.479570833563585 256.618255787466410 9.880151645894591 0.541754173287933 0.840518430370806 -0.004464818723569 -0.003354001471468
1666284971.642774343 39.375317116827127 256.789945946475598 9.909162965883022 0.521537054436338 0.853102798031807 -0.009536982185745 0.011124873525556
1666284971.743943453 39.271906811620006 256.956277542427870 9.909137121527712 0.510972333539445 0.859234275458730 -0.013473905179557 0.021028269386188
1666284971.845183611 39.178695513490538 257.114992333605926 9.873617351229795 0.511703445563643 0.858835435966713 -0.014673465617857 0.018600191744281
1666284971.945701361 39.090355526305075 257.279243010321125 9.872642372349645 0.535178641801541 0.844654369223033 -0.008798273622298 0.008087539376395
1666284972.045889139 38.999055251204439 257.459269346742531 9.904550727996241 0.544716329816413 0.838307166044611 -0.017464987742565 0.014838786767852
1666284972.145760298 38.910503504596576 257.638357489379189 9.923231631594321 0.556872764716335 0.829826241795927 -0.025209173387440 0.025409248732606
1666284972.246260166 38.827318693249687 257.810109123401503 9.891355199273928 0.567422810712965 0.822621780048329 -0.027833040682494 0.023453842309593
1666284972.344445944 38.744489672789982 257.975804140897253 9.867167161925677 0.552077626450191 0.833303525732432 -0.023473963190381 0.016263499843451
1666284972.443499804 38.649998531049448 258.148467750265922 9.894204976581712 0.546519952980400 0.837079555301671 -0.019128210633351 0.015743908289394
1666284972.543551445 38.547544598624917 258.316515054069896 9.925540232407057 0.528344674762971 0.848420725293062 -0.020872254378282 0.024464802062835
1666284972.645291805 38.443048829667276 258.474434016773102 9.918547608266389 0.509838503830703 0.859745142387282 -0.014554170156431 0.026290041540497
1666284972.745287418 38.344156977526275 258.627150800453990 9.883271605548803 0.521367703031000 0.853001349330716 -0.002731779595174 0.023599865601299
1666284972.846111059 38.254243518869025 258.791433059852807 9.891784635090922 0.548013218079061 0.836355161071076 0.006563474438721 0.012185161619716
1666284972.946029186 38.177485305993521 258.968637954904978 9.926303969312963 0.558744601621428 0.829150990544160 0.000827396621180 0.017675419468301
1666284973.046574831 38.109588971987947 259.146785704095180 9.935036101744064 0.579292379678481 0.814889391613196 -0.009724690143954 0.016764506682913
1666284973.145752192 38.043538436705617 259.318524557865089 9.897827513542536 0.584072020888570 0.811513630708802 -0.014255097635880 0.010114038775433
1666284973.244088650 37.971685654657051 259.492099127987899 9.884589613975701 0.565293200943688 0.824733636406111 -0.015706151984811 -0.003367898012299
1666284973.343394279 37.881641218322230 259.672194399996329 9.912778162676672 0.540471025825422 0.841013072711311 -0.024206107256790 -0.001464972139181
1666284973.444334745 37.777185823567649 259.844686103621200 9.937514876777117 0.516379571215259 0.855858251226549 -0.026987940026742 0.011421179102465
1666284973.545702219 37.671147399747191 260.007082975627725 9.916337896181700 0.508879197436407 0.860436054690593 -0.017327864812288 0.019786442479944
1666284973.645312548 37.576204215343971 260.168951067183798 9.886084874582568 0.519341886290217 0.854241305680078 -0.011551553604619 0.020551360632179
1666284973.746303320 37.490338429184540 260.338398693298871 9.895290666265051 0.540456161443575 0.841273371405593 -0.003797420125877 0.012322001539177
1666284973.847121716 37.415078427070618 260.514062507976291 9.923738248729082 0.568812385528788 0.822160309620752 -0.012004276418338 0.018994543980582
1666284973.946907997 37.346900870357949 260.684817578335412 9.931411302855571 0.584099975453288 0.811283732830656 -0.020310769998235 0.015277308071248
1666284974.044821262 37.276681696587829 260.844994954597553 9.899031457151661 0.580595829851882 0.813899384707054 -0.021330855962015 0.004611780134707
1666284974.143265009 37.189808945705138 261.001767668509785 9.888057191070388 0.556415881188753 0.830687111773002 -0.014581599334422 -0.012151808755186
1666284974.243224859 37.084162405224845 261.163582864906573 9.914879201398518 0.544187754982359 0.838797756323171 -0.009836408363085 -0.013463149148278
1666284974.343554020 36.968992832397696 261.320039292434842 9.943732148599882 0.509909338471474 0.860175237615276 -0.005839864225892 -0.007544741142685
1666284974.446103811 36.853705068451895 261.471404685783114 9.921890490213919 0.487375048992446 0.873125754629759 0.008273609998228 -0.006966031827526
1666284974.545685768 36.752414288902401 261.623621099047796 9.883120995759276 0.494620797962403 0.868836996625182 0.019945528004561 -0.008643808824130
1666284974.647740126 36.664601674783540 261.794662502156825 9.889380282282431 0.532244970671390 0.846095413522166 0.024090735921641 -0.016046147653560
1666284974.749801636 36.591796237488801 261.975514378550656 9.919468166369407 0.550076338049410 0.834903255414527 0.013721261502807 -0.012818088747864
1666284974.848887682 36.532226670719261 262.151064848960004 9.918161856076772 0.571265103663618 0.820535679373726 0.002959268546857 -0.019199555738636
1666284974.946490526 36.471160200255845 262.322521006739805 9.879808964281359 0.573304556743785 0.818845790862365 -0.003616047335201 -0.028290991595748
1666284975.044791937 36.397639944839412 262.493958743124551 9.868868748719539 0.545925668467993 0.836799616257536 -0.002168933233298 -0.041555534741427
1666284975.146550894 36.308011912933338 262.679845863164246 9.894768811465232 0.530938345552895 0.846749023764214 -0.007948606083534 -0.032517435895744
1666284975.246155739 36.212292191822065 262.860670361307882 9.910412689323527 0.507476576318605 0.861343602133816 -0.015992498931838 -0.017290561847582
1666284975.345020056 36.117041410538349 263.036486176590984 9.876956077850206 0.505517816145174 0.862621960134000 -0.017827128288482 -0.004157517453546
1666284975.446773529 36.026126671200110 263.216334169621916 9.843593729668656 0.537213214571715 0.843357858506874 -0.011435836753721 0.004325069012849
1666284975.547935963 35.946142174165772 263.403337953750679 9.861365289418663 0.563391612509945 0.826102103293007 -0.008557359814993 0.008483954344034
1666284975.648190975 35.879070190843215 263.590467831378362 9.886924315428290 0.584452937023838 0.811097801545611 -0.011917691471010 0.019826481333991
1666284975.746947050 35.821849389949385 263.768206401611565 9.869890925794062 0.602230625029590 0.797937238098698 -0.013400187580218 0.020853616106242
1666284975.845852375 35.766132663558139 263.939762708930914 9.832724115345549 0.607123169541708 0.794426175727170 -0.012511039290945 0.011488351535159
1666284975.947495937 35.698288967247180 264.117028544525851 9.843156128804400 0.591895161290985 0.805995536157178 -0.005555686168297 -0.000669392427845
1666284976.046497345 35.620259885810498 264.294085437689944 9.877755559979606 0.566901722729532 0.823706104629413 -0.010270624561978 0.005020381821625
1666284976.144196510 35.540393373450790 264.463870206600120 9.885944724465785 0.544985616886463 0.838299203595520 -0.009598088321622 0.012369290140062
1666284976.245321751 35.461926694520272 264.636906539157906 9.847726638170052 0.539756470851399 0.841677207719614 -0.003830526575628 0.015091628325368
1666284976.347596884 35.391427385346375 264.815155081858734 9.825735383458779 0.569721157932880 0.821755800447144 0.005759331767518 0.010101323313549
1666284976.448132515 35.329400285276677 265.003775712426773 9.849036336131007 0.591596490996935 0.806078847854873 0.003829155499633 0.015356446504072
1666284976.547811270 35.277964495792006 265.194654597064357 9.870931925131606 0.614446594929753 0.788621115779421 -0.004547847388955 0.022614924500843
1666284976.647207022 35.230409787202035 265.381729581360446 9.843464563303280 0.624636800771470 0.780584465239021 -0.010091187476922 0.020369773803383
1666284976.747139454 35.181592030661520 265.574597549570171 9.804906139439103 0.616388994335264 0.787158628750626 -0.014774502564320 0.015086912201416
1666284976.847139359 35.120208112089344 265.785229671157936 9.822853183716125 0.599127567993278 0.800097472977026 -0.024600555560967 0.016882051780778
1666284976.944051981 35.053009554365850 265.986958587908987 9.855898879060485 0.574393954157752 0.816784308822013 -0.044244807000235 0.031263002777731
1666284977.045015335 34.984746883565130 266.177037561040834 9.851910375367815 0.562798907267863 0.824047709587360 -0.050724904436208 0.040370117312983
1666284977.146522284 34.920971661143497 266.348785709039191 9.814139295524392 0.565991363922705 0.822362458583650 -0.044425403614133 0.037418527374719
1666284977.247761488 34.868468175909953 266.519456008869440 9.812158605036103 0.591442536413165 0.805552682513643 -0.026314915854545 0.024251330268780
1666284977.347676754 34.828584660751382 266.704828567677851 9.844144107556774 0.615529108966553 0.787144891233156 -0.025134437769024 0.029918159342098
1666284977.448088408 34.800726477168965 266.896075366723380 9.863938572039340 0.642842097896237 0.764492581556210 -0.028658989570137 0.038520023814971
1666284977.548634291 34.780739435951240 267.079701218288790 9.834493026892975 0.664609456307605 0.745924150595923 -0.030653209138813 0.030851465342049
1666284977.647352695 34.760268267145378 267.261874419181993 9.814254722751944 0.656357929109691 0.753718281103327 -0.027806846252469 0.018160421993322
1666284977.744975328 34.730070394985844 267.457468146154099 9.850479271606163 0.651601305557072 0.757426162217741 -0.033336875777636 0.024698180050579
1666284977.842364311 34.695530620338474 267.643838402981544 9.885777077153776 0.653512495329341 0.755151609437974 -0.038903844084632 0.033969929748147
1666284977.945785522 34.659707000795400 267.825753888115628 9.878224347310036 0.645466425085605 0.762175984861912 -0.036470991324214 0.033626313785673
1666284978.045609713 34.631894753552466 267.990891754010136 9.845398971177520 0.660927298701970 0.749598938722988 -0.026533792049890 0.023926863048478
1666284978.144198418 34.610833097919468 268.159732143114354 9.858989714494315 0.684730183270441 0.728550234892432 -0.015922564170691 0.010276346959940
1666284978.244624138 34.593220260268531 268.337967906436859 9.896937380841903 0.699551147880545 0.714252383895601 -0.015956762751249 0.014734494255437
1666284978.348540545 34.579741334524037 268.518467588663952 9.905298988898632 0.719074293830188 0.694635084624577 -0.015769812904611 0.012867484687256
1666284978.447557688 34.569836582406346 268.690133740689760 9.872618001603641 0.726729634802661 0.686765018210498 -0.012867138850630 0.007230795234558
1666284978.543818235 34.559750163344354 268.864424757938934 9.864354849013012 0.714912601708963 0.699155134727426 -0.008295902086665 -0.003639712978545
1666284978.643900633 34.544286060608329 269.060121046192933 9.898709786992319 0.711182445006302 0.702831813890168 -0.015653565472707 0.001391828547970
1666284978.747432947 34.522883808662179 269.258932320855081 9.928098537079089 0.694889182424650 0.718565007127922 -0.026342507628915 0.009971307450399
1666284978.846633196 34.501180362308929 269.439112394571509 9.908797617702989 0.691678228865491 0.721478336742295 -0.029916504637591 0.012459537525044
1666284978.944273472 34.484477826221102 269.609098541856326 9.879226718407905 0.703619161037692 0.710081227947457 -0.024018727030151 0.011306046572369
1666284979.045885801 34.478074177155804 269.789504120941160 9.899979430983157 0.727462181231788 0.685814463218121 -0.021378455451532 0.000508488777273
1666284979.149610043 34.478184143166814 269.979929646037363 9.936778087314559 0.733414429654299 0.679228629485341 -0.026767604586372 0.005936211505003
1666284979.246353149 34.485510651630626 270.153150431928395 9.938561453966820 0.758319159389445 0.651145881030855 -0.028930713411862 0.011140374361702
1666284979.345272541 34.495631869943907 270.323895904856045 9.906473997168117 0.775108979858255 0.631227882373753 -0.026615226379687 0.007004254549970
1666284979.444580078 34.503822497548100 270.491670953334904 9.901766983674246 0.766695356611608 0.641803068901500 -0.014726307277255 -0.007084262332222
1666284979.545049191 34.506468002046333 270.671636379496817 9.939751101939647 0.754920724203780 0.655658084307437 -0.013321518129326 -0.005451037027174
1666284979.645013332 34.506484083856115 270.848844584518758 9.968356692998279 0.748670214403941 0.662780823374754 -0.014645458155540 0.000028043811285
1666284979.745197773 34.508005018580818 271.019194745319055 9.949663139038721 0.743981964915074 0.668116481458631 -0.010532192672621 0.000525358878732
1666284979.846395016 34.520672691889921 271.190195015864560 9.923271650966338 0.751865266601194 0.659237075347093 -0.007566843781033 -0.006916808636947
1666284979.947627544 34.546523435617040 271.366659130956634 9.941464187200530 0.769732329560939 0.638032593273710 -0.006451375704732 -0.019619645782500
1666284980.048258305 34.579573556201602 271.547906307567018 9.969616690059208 0.780193057831539 0.625025610653992 -0.019128561357613 -0.016609535769099
1666284980.147429466 34.616208305657928 271.723330962728653 9.971505274540290 0.800999385797103 0.597846984835959 -0.028297963291280 -0.013348855710618
1666284980.246726990 34.651799983384834 271.895656852483512 9.939908131879731 0.809354907985907 0.586382202235159 -0.029952672731506 -0.014261248795511
1666284980.346588850 34.691693349664845 272.071921206444870 9.934041027797022 0.800241132627485 0.598663574466560 -0.027131513550876 -0.021907424094123
1666284980.444861889 34.730418813371600 272.254314210438963 9.961736565597654 0.786122185238862 0.616501533623831 -0.036418714971223 -0.024727436474196
1666284980.544184923 34.762308734970254 272.438174848944925 9.984900103398997 0.773128473974774 0.632152995222147 -0.048142685966683 -0.018363963325468
1666284980.645520449 34.790153608616443 272.617764220808738 9.968436673006003 0.773814883308614 0.631652492423096 -0.046190880661155 -0.009594671933657
1666284980.747847080 34.826342591703046 272.793937229826327 9.943591773170589 0.791914708598606 0.609305424739993 -0.039881027268383 -0.005243791721593
1666284980.848217964 34.875810500464404 272.965801650262790 9.960668611160589 0.809019332995043 0.586805393879749 -0.032352323639881 -0.010023757229106
1666284980.947892904 34.937074751328581 273.134848385450709 9.991706868385435 0.826132026085266 0.562215463459923 -0.037596315125252 -0.002482984454177
1666284981.048114300 35.006364438649939 273.296731724843255 9.993708053721942 0.849963116866478 0.525185423192005 -0.041602811170800 0.003489603980850
1666284981.146926880 35.077622970335881 273.451566709000474 9.961077434010454 0.858515981153513 0.511288840112980 -0.039094613097426 0.002375564502812
1666284981.245794535 35.148973083723519 273.607365561788356 9.953949160127468 0.851163375443228 0.524041383231533 -0.029147248374694 -0.007209360377795
1666284981.345468044 35.219491807552686 273.767182634769370 9.981072384535327 0.855724599984334 0.516955940807338 -0.021688512805076 -0.004644637548407
1666284981.447561979 35.288143547487302 273.927906772114000 10.010680095178696 0.853095231223121 0.521352537479684 -0.020270333240740 0.003028484467958
1666284981.546546698 35.357983307818870 274.077498779626865 10.004027939829372 0.853501655870283 0.520874156692471 -0.014565498726855 0.003589228807283
1666284981.646141291 35.439235644580357 274.224860453477106 9.976279650125067 0.865057311873230 0.501554290643372 -0.010610113664294 -0.002562459739251
1666284981.747485876 35.530393460111760 274.369539752102924 9.979119803951502 0.887384945312560 0.460694562560107 -0.004628108000888 -0.016942829648815
1666284981.848037481 35.627043671077594 274.510914256958529 10.007659397574274 0.897594976886108 0.440324669866416 -0.011728042901322 -0.017317493628241
1666284981.948257685 35.726553590866160 274.646031884664410 10.018232037179017 0.912525547116056 0.408019796585975 -0.019197640222637 -0.021175978474791
1666284982.046259642 35.822796996728577 274.777269305804509 9.987076368188879 0.917849274055219 0.395659709694627 -0.018654635392215 -0.025653631693272
1666284982.145488739 35.920467222260960 274.911452347397358 9.971570181741448 0.916047161329313 0.399692078298364 -0.012155885626625 -0.030920465887095
1666284982.249632359 36.025998737915664 275.056257350604483 9.996329313277711 0.913934564890567 0.404614506541023 -0.007632073182490 -0.030862009879334
1666284982.347198725 36.126208180357800 275.193690330486675 10.023634594255819 0.909234465057029 0.415202506558364 -0.015164756077356 -0.025876558372864
1666284982.447185755 36.230129722047117 275.331071279400931 10.013960710969350 0.910302183987420 0.413090912708741 -0.017234240844237 -0.020219114909330
1666284982.548244715 36.343246836760457 275.464643312141391 9.986360469474116 0.922519027825070 0.385234602008991 -0.016988573185360 -0.016258323923090
1666284982.649451971 36.465790853660330 275.592085241763868 9.993648072257564 0.931725838807302 0.362023088470486 -0.014702621848681 -0.024699749470287
1666284982.749643803 36.593714914156145 275.713779883331711 10.018436552446236 0.938368623573246 0.343808168668122 -0.026547361651500 -0.023569196839674
1666284982.848487854 36.718231051656346 275.825553037560496 10.024629106038205 0.951238284722023 0.305611704451729 -0.036627140569657 -0.020141111064252
1666284982.947983980 36.836426451774408 275.932679981468254 9.997761559743063 0.954333929761619 0.296324564528139 -0.033163806454869 -0.018402850441637
1666284983.048804283 36.957380166746326 276.038203980889875 9.988781233631116 0.953849116894103 0.298935950186606 -0.020194058552338 -0.020033968292788
1666284983.146020889 37.082328460761836 276.147976779978592 10.022119919579346 0.951169141471546 0.307364238292831 -0.022794500399906 -0.016878983454845
1666284983.246491194 37.204527439163918 276.259202545502603 10.051416149878355 0.950522730186976 0.309038609965106 -0.030215179456252 -0.009419123056799
1666284983.347304821 37.318544328250709 276.362950817934973 10.046719227939670 0.950762163062741 0.308420310033047 -0.030128395373920 -0.004527851540249
1666284983.448112249 37.430052238667493 276.458560380051722 10.022806695737950 0.955551524658489 0.293996415774693 -0.021896846537484 -0.002814133292098
1666284983.548185110 37.543420469041820 276.547856146196182 10.035647908095978 0.961998909911016 0.272758624897851 -0.007935956721708 -0.009891939383187
1666284983.648450851 37.664759946996341 276.633577688294167 10.069098841200789 0.966303539461769 0.257067912103629 -0.009605894320857 -0.009015818578218
1666284983.748904943 37.788644312135631 276.711735286230635 10.083820335249248 0.973306215902267 0.229096582895104 -0.013052591691129 -0.004404048358100
1666284983.848646879 37.912644290467227 276.781726525702879 10.065168639019975 0.978194426813397 0.207117592533851 -0.013574809606585 -0.007327397787520
1666284983.947155952 38.038186212463771 276.845680637629016 10.052790642706970 0.978337581050526 0.206378056451613 -0.010179783665429 -0.012650981147107
1666284984.046618223 38.165781925253341 276.909101565788035 10.073187052128352 0.976493580219837 0.214621915795772 -0.005547784254118 -0.019155759955371
1666284984.149156570 38.291153665664311 276.974350667601300 10.104008753141825 0.974217166353569 0.223659538933403 -0.016289703452984 -0.024738006943434
1666284984.248028040 38.399515517562534 277.035684936285975 10.121645903420184 0.972463789075631 0.230829638113257 -0.022143568467452 -0.023270571129576
1666284984.347665071 38.506234612238877 277.092845792023695 10.123109428716521 0.978045462147726 0.205559369716509 -0.026771650584563 -0.021347089238830
1666284984.448183060 38.610243109604092 277.145352837723806 10.145643499056796 0.980896844788966 0.190528523800756 -0.026730629526659 -0.028735604160439
1666284984.548841715 38.706055357294957 277.197116039432842 10.195075693701570 0.982229032976884 0.182170610993880 -0.027181563381053 -0.036071566081517
1666284984.649167776 38.789882414734976 277.246307901300781 10.240898860297857 0.986517957052783 0.158028892025160 -0.032227106730058 -0.027759742245084
1666284984.747623205 38.866061368787904 277.286057280575221 10.278151570280039 0.991576602702901 0.124516502612957 -0.033313307723963 -0.012716331141457
1666284984.847415686 38.939194404667496 277.319683599853875 10.299310438274617 0.992784836075883 0.116035377182937 -0.028908892903058 -0.008850785892474
1666284984.946360350 39.006928333279070 277.353625174561557 10.332779029003227 0.989760509271239 0.141415583246408 -0.018938872337501 -0.004133547725678
1666284985.045457125 39.066815612160873 277.389421940426189 10.385964984182914 0.987254303554935 0.158737721801021 -0.011031866126919 0.003094142763172
1666284985.145521402 39.120131620866374 277.423515940543382 10.436969167000637 0.983378554961084 0.181236599116910 -0.010760804576205 0.002029253079485
1666284985.246480465 39.173897047308479 277.454893100027220 10.472378996569446 0.976604663018335 0.214807523290898 -0.009941256107221 -0.001493832482286
1666284985.347296715 39.230793327679613 277.482536283202933 10.488587419919980 0.975199713090518 0.220849456219868 -0.011536553992976 -0.008828657742081
1666284985.448450565 39.287429575548700 277.511406263788842 10.526307177878303 0.980145614297514 0.197437786312554 -0.009613489581014 -0.015507292717376
1666284985.549209595 39.340369441245883 277.544636756842635 10.576579177557297 0.983311914885898 0.181159296205481 -0.011032414594076 -0.012540864004845
1666284985.651006460 39.392717097871454 277.574742992679489 10.621384765509351 0.988266544889137 0.152301847893012 -0.011492651486654 0.001141202465223
1666284985.749365330 39.446295274414574 277.601609128362895 10.643059667432201 0.990943426664048 0.133665644285809 -0.009850113952569 0.008221675260912
1666284985.847515106 39.507995187999327 277.629953013731438 10.652348394841416 0.988897394840067 0.147811288325433 -0.010674011186133 0.010946735006471
1666284985.947390318 39.575661375798035 277.665196345868821 10.687701676175067 0.985669127190921 0.167634598390364 -0.011500823667966 0.014924616582953
1666284986.047210693 39.633151008836862 277.707043411982170 10.734128962009146 0.981588758647071 0.189183617154251 -0.019001807600646 0.018220845371258
1666284986.146755457 39.680976661888224 277.749229876555432 10.779684323903384 0.974553096766449 0.222269894916057 -0.023620493497197 0.016864983957235
1666284986.246483564 39.730900548711652 277.785979227941709 10.806911750419639 0.970770426266565 0.238460522807314 -0.024162196568887 0.012551765041629
1666284986.348155022 39.793323580730309 277.817005090541556 10.836878148444088 0.971806392187307 0.234330350508839 -0.026026526283970 0.002059821323302
1666284986.449492693 39.860860883522946 277.844851723172383 10.883641421352930 0.976801581038589 0.211762145207593 -0.030874957775168 -0.007886832061847
1666284986.548928022 39.924570904894864 277.871293712978911 10.930221426903955 0.980775871568646 0.190619338083190 -0.041565803264962 -0.003904061529711
1666284986.649158955 39.990910981566046 277.894757974934294 10.966430338251493 0.985877841226926 0.160243690338737 -0.048368402404778 0.005228721944181
1666284986.749006510 40.061036167943456 277.918326623913515 10.983562707000171 0.986148431554026 0.156683164885450 -0.054178868702420 0.005129032183564
1666284986.848392487 40.133557217753314 277.950649988950431 11.012611413913454 0.981827112922758 0.180720920552900 -0.057874569685103 0.002450181225463
1666284986.946121931 40.197589508128395 277.990035761630395 11.055457901509717 0.976990894735628 0.202568968722256 -0.066327016392139 0.007438508653984
1666284987.046363592 40.250208135041092 278.029110266281407 11.099821081247146 0.971719980840165 0.224638855317645 -0.072367093469202 0.007788921644680
1666284987.148190260 40.299076148977846 278.062337035298356 11.130595999746802 0.967022917170349 0.244624987248744 -0.070654877302525 0.005760346714006
1666284987.248246193 40.354953585236224 278.089071637475286 11.160013030619073 0.968399561483565 0.239833319144865 -0.068417853595608 -0.001125013673886
1666284987.348457813 40.413171193380478 278.112775201442446 11.204687873373018 0.976074851828264 0.207548936347110 -0.064437368755313 -0.007010574691686
1666284987.448804140 40.468820987047167 278.133874584935029 11.252928098139442 0.981170073395345 0.181168472428798 -0.066901058935201 -0.002742259020858
1666284987.548471928 40.524221788286006 278.149809468201568 11.296611145888900 0.986012398014326 0.152796982554060 -0.066559012044663 0.001590911704661
1666284987.647629261 40.581265768207139 278.164503548604046 11.316245532574991 0.987722706191168 0.143139251339891 -0.062568377634387 -0.000456640396980
1666284987.746994019 40.645289869942310 278.187194156407884 11.337434262072151 0.984899653504626 0.162600738579525 -0.059148187891533 -0.005929941737329
1666284987.847211123 40.711029228300703 278.218996407964084 11.380967925570948 0.981635751173834 0.181124991318659 -0.059651144266550 -0.005170157143592
1666284987.946321249 40.764766849964147 278.251520156269805 11.427338506613332 0.975797993080816 0.209104135592633 -0.063250128563881 -0.009651860658032
1666284988.045674324 40.814081618971919 278.283226090673452 11.466156478926099 0.969177294606159 0.237680753323416 -0.062075412033494 -0.018704928237555
1666284988.146736860 40.868026800697557 278.314605206123929 11.498266735240577 0.966059093689179 0.250544540658013 -0.057385252511301 -0.025771950665848
1666284988.248745918 40.925656172121897 278.345178287060776 11.545918774909520 0.973477748074272 0.221341211368779 -0.049295297275821 -0.030316923005713
1666284988.349844217 40.982722217286067 278.377480990453705 11.596553464865648 0.978598379851564 0.197550144691774 -0.052252296641614 -0.024266206539748
1666284988.449122190 41.042558444655334 278.407111192398077 11.643715319337018 0.984777339641031 0.163484203386984 -0.057627314507622 -0.012868535079692
1666284988.548810959 41.102322234575631 278.437133046568306 11.670233891941688 0.987480534772951 0.146660339682876 -0.057392347025506 -0.008891384118042
1666284988.647635937 41.160240508844176 278.473418283683941 11.696100369864757 0.984251773657222 0.168354638848242 -0.053502297766946 -0.006531903592906
1666284988.746269464 41.215533499203154 278.515082322432420 11.740348602229000 0.981640986552534 0.182880656210050 -0.054159290256310 0.001552540911887
1666284988.846096754 41.263199985051379 278.556461383392104 11.790098597646212 0.977222719018691 0.203778057540503 -0.059208228317681 0.002155550560142
1666284988.949154615 41.305017445950007 278.594614532589958 11.822236729899275 0.971458312203666 0.230488043577374 -0.056027995244392 0.002207525124155
1666284989.046636581 41.348824013961035 278.624663491494459 11.840157471289917 0.970419014168126 0.235832919698551 -0.051639266819924 -0.001776808858684
1666284989.147670746 41.405856243206003 278.652569980406668 11.880597750185286 0.976943935632039 0.207978779541010 -0.047426024406942 -0.008726173351862
1666284989.248654604 41.462933922496340 278.681306635772785 11.929863815497416 0.981163456603521 0.185557918511154 -0.053214554671282 -0.007398748189814
1666284989.350004435 41.516041207781349 278.706493563662661 11.978203919459967 0.985793543098597 0.158478289058814 -0.055560419364773 0.002960081437422
1666284989.447861195 41.564952466608368 278.730319564694867 12.004368468046195 0.988060138171521 0.144912287872462 -0.051951095961585 0.006218987733845
1666284989.547671318 41.616861282910648 278.759136178884148 12.025325989855292 0.986059422252675 0.159615638207800 -0.046172235176249 0.008819780329881
1666284989.646444082 41.669899426059430 278.794667856880551 12.064243178408146 0.982525051204400 0.181099341266426 -0.041830413205797 0.009887814707556
1666284989.747198105 41.722470974029427 278.832766067891498 12.111032847535812 0.977909572704010 0.203307168341004 -0.047551647308601 0.009894632548047
1666284989.845710039 41.772313468436337 278.869932782076319 12.149196229268656 0.970849470378888 0.233245221823078 -0.054966683136844 0.005161017987768
1666284989.946493387 41.823675823609996 278.905191933155209 12.166198487942214 0.968795489116460 0.241147641915513 -0.057289171099635 0.001032444140675
1666284990.048545122 41.880575536200524 278.936567903536570 12.192630165545792 0.972777860458997 0.224911311993491 -0.055698887461745 -0.003971130028849
1666284990.149725437 41.936199859389021 278.967183785828922 12.240589571154699 0.976462329736262 0.207938945729346 -0.055277999004065 -0.015068386811676
1666284990.248714209 41.985766086338742 278.996605448298340 12.289054239108637 0.980795514295055 0.186101501792716 -0.057851269711909 -0.007721448174723
1666284990.348975182 42.035581948371821 279.024209951144201 12.329046211440202 0.986009644813982 0.157127140238204 -0.055502537589919 0.003938331556476
1666284990.448407888 42.086274899857251 279.051789710936532 12.352059985322887 0.987819194615495 0.147615598915437 -0.048719843422082 0.007017874532971
1666284990.546499491 42.141315341746242 279.085918875896709 12.381048052037990 0.984679677247168 0.169176312750329 -0.040965633111675 0.010350136442381
1666284990.645070076 42.199706402895202 279.126627247472129 12.424902476903890 0.981790262869062 0.184726860741137 -0.042235753417782 0.013416698157685
1666284990.745388985 42.256055289925527 279.169075609683318 12.473000582012848 0.975565837196644 0.213393556532255 -0.051466533826949 0.009256523168299
1666284990.846347809 42.311506520251754 279.208691378084438 12.505967886491220 0.968207620328914 0.243488893751081 -0.057102796143140 0.005141325658905
1666284990.946380854 42.372863452308017 279.244148977216639 12.519541110477618 0.967311106527610 0.245707828042475 -0.062691599069257 0.002578727034652
1666284991.048277617 42.442540861910238 279.277375651598163 12.547171239451290 0.973317443806823 0.220110486491464 -0.064842168419416 0.000143221891610
1666284991.149000883 42.511396405416924 279.310765127091258 12.592888369151467 0.978221678872072 0.194540312473274 -0.072004295214932 0.007196893642846
1666284991.248481989 42.573641620452854 279.338776274661598 12.640620123485704 0.983421621717190 0.162323331245496 -0.078413488327861 0.019605481905688
1666284991.348870754 42.631979786731215 279.362617706842741 12.669940967983596 0.986392648584989 0.141845635467494 -0.077595063478543 0.029805446483400
1666284991.448497534 42.694980538181667 279.386290696564913 12.683593604537544 0.987698919150927 0.133539081985530 -0.075679447616398 0.029845936055500
1666284991.545892000 42.763527396077770 279.413311259826060 12.704841038031940 0.985300149565847 0.152799638437354 -0.070150459604066 0.030245640616001
1666284991.645127058 42.839193437804305 279.444221287335154 12.745294814027655 0.981737526777844 0.171801711239327 -0.077574913599930 0.025646311846433
1666284991.745582342 42.910149353098014 279.478477217608031 12.794155676918855 0.974510863315840 0.205476488040751 -0.088699805078948 0.015502732688558
1666284991.846655846 42.975465002139863 279.511323028085144 12.821843271008225 0.971283221420090 0.219136160735824 -0.092427095772756 0.006743798098238
1666284991.946655035 43.042683051521195 279.542604993649888 12.817574844533510 0.969495773246615 0.226358526732329 -0.093977143966832 0.002838916052828
1666284992.047968388 43.121325397549072 279.576093150737904 12.815914015771590 0.970965921428051 0.220459809454770 -0.092501113719573 -0.008136080209888
1666284992.150396585 43.208940403771578 279.623113753428413 12.851466450690204 0.973073642825689 0.214255829403999 -0.082979847877559 -0.018343119979020
1666284992.249972105 43.294674878208269 279.676254748812141 12.897279280663415 0.974878363659526 0.202886694281037 -0.090117560953028 -0.018110509659198
1666284992.348876715 43.369211449596200 279.724014672303440 12.939544114402358 0.976879082549778 0.191910960631801 -0.093692686995826 -0.009955986620408
1666284992.448620558 43.435736687954531 279.766464798632285 12.966913492454403 0.978198534156177 0.188713635111045 -0.086539972649193 -0.005062097565070
1666284992.550102234 43.501575949088256 279.808556671815836 12.973955187943087 0.978618615105592 0.191243531633143 -0.075597548089603 -0.004065525812985
1666284992.647516966 43.572866755168029 279.850602611256420 12.974550491786554 0.980313223674776 0.188274919316261 -0.059433134537839 0.002498152083347
1666284992.746761322 43.665638651329473 279.893784016774475 12.996281647226347 0.979764841878529 0.195854016952852 -0.040881009912770 0.005549927088336
1666284992.846796989 43.772646624380734 279.940021689859520 13.040901060923018 0.976542515691551 0.212910036156955 -0.031672900001576 0.005555083793295
1666284992.946640730 43.875793167003870 279.987119237790466 13.084353079922634 0.974681107071771 0.219350127605056 -0.041893057836668 0.011279749203112
1666284993.046700239 43.967053453918979 280.033811624518705 13.123362980571999 0.969358192958629 0.237949430945971 -0.060555740488660 0.007600286201190
1666284993.147963524 44.042346427792289 280.079605576716347 13.144475992552863 0.965130440024945 0.252571463858479 -0.068602472420047 0.004958846589546
1666284993.249433517 44.107551764421849 280.123730263575510 13.162083036318977 0.967687147474115 0.242550748007725 -0.068906434634665 0.001619419724105
1666284993.348314047 44.164921809504598 280.164222036788829 13.199932991437421 0.973980432002588 0.217862649097544 -0.062395639360664 -0.002183665044483
1666284993.450049877 44.217186329422454 280.202857647850806 13.247975151115620 0.977665167030191 0.201201442290202 -0.060732690148187 -0.000584074939558
1666284993.552058935 44.270161130656057 280.234022259280209 13.292718914278097 0.981539217488771 0.181927944897018 -0.058773844254015 0.005350012026429
1666284993.650173664 44.326313524216843 280.262382939366546 13.311543041017083 0.983374760186897 0.171943023809062 -0.057843073677144 0.007991021107443
1666284993.748792648 44.386649050253922 280.295380700199644 13.315218933695672 0.981813478373362 0.180625999871547 -0.057476424902173 0.010630260357495
1666284993.847913265 44.447534316091236 280.334894365974378 13.338236538606584 0.978591781923954 0.198403698828430 -0.052604634220707 0.015061510568477
1666284993.948107004 44.509479582435425 280.378250716392984 13.380179154139189 0.974118117736409 0.217759892875649 -0.057182234335255 0.020117500562678
1666284994.047471046 44.568370589024305 280.419162255136257 13.426747224005194 0.964735146413713 0.254374337345242 -0.066153220062521 0.014266928528608
1666284994.148097515 44.629163481840870 280.458856298873741 13.459948237891206 0.956976204394437 0.280904895533922 -0.072515811511410 0.005517333480520
1666284994.250530481 44.697694490363091 280.498356665858012 13.487356012759481 0.957272166854873 0.279081729164683 -0.075763187558686 0.001823848232046
1666284994.352217674 44.764818619664091 280.534649147970583 13.530271503528420 0.966302956642742 0.246635559470329 -0.073684944976980 -0.000160224819724
1666284994.450878143 44.822427604226085 280.564672324749779 13.579769971414322 0.970655927312715 0.227645373425884 -0.077149309580053 0.007255257528503
1666284994.551913023 44.878634185084543 280.586113873855368 13.625117869091978 0.978971652260872 0.189441832392820 -0.074813897245015 0.011365605495557
1666284994.650999546 44.936587435583668 280.607533975964600 13.652672775310918 0.981789636926364 0.175825917089619 -0.070790767517119 0.012768043621885
1666284994.748969793 44.995387409462936 280.637042625718664 13.682397464676891 0.979751482869896 0.188940420409915 -0.065197776179652 0.011738795968640
1666284994.847351313 45.052370521704304 280.671918965155271 13.725386608125136 0.976201640971717 0.205973288161815 -0.066757505820971 0.012198202511017
1666284994.947630405 45.106341242978083 280.712495448842844 13.772171364520823 0.969298135631738 0.233481275217102 -0.077032468193615 0.003690152819568
1666284995.051513672 45.158582050599399 280.760344583650408 13.800469094377799 0.962555745094297 0.257205697593631 -0.085610442066831 -0.001587110726735
1666284995.149822474 45.205357700269545 280.806519487721175 13.813091494439073 0.962476574837158 0.256595876183511 -0.088275099785081 -0.002214943178379
1666284995.251256227 45.257161624221474 280.851267211486345 13.846389211681082 0.966569063742378 0.241536098124313 -0.085578465416726 -0.008993585268634
1666284995.352262974 45.308299579162927 280.890707524808363 13.895030231199183 0.969854878554645 0.226355599088814 -0.089925970521726 -0.007614271509726
1666284995.452058077 45.355340943280879 280.922839146521426 13.946603292425655 0.974281018133332 0.206011610197945 -0.091287155044452 -0.001539315633370
1666284995.552671194 45.400919796775547 280.952523387811652 13.972303074613169 0.977678035549044 0.192068813744306 -0.085167860947595 0.001290369493206
1666284995.652837753 45.450935827994748 280.986134698075261 13.991329263481253 0.976595248842971 0.200578383635857 -0.077647992438185 0.000906215030630
1666284995.750043154 45.504622564165999 281.025226895553487 14.028211727818928 0.972898798786246 0.219930775162877 -0.071399249503827 0.000727067276817
1666284995.849607468 45.557934095884171 281.067275743307675 14.070831971734048 0.964450200813122 0.252333061825330 -0.078394969180531 -0.004250278645766
1666284995.950623751 45.610278200575749 281.113157309626502 14.111270464087978 0.954186636486193 0.286077356565613 -0.087205014910222 -0.009104624435098
1666284996.052233458 45.665587448621380 281.161511047085469 14.136428880682393 0.951873843412677 0.292232281247883 -0.091564734079572 -0.012344209021835
1666284996.150996923 45.723025571909702 281.208887593090537 14.170776240543839 0.955700351342587 0.279113227805753 -0.092656643659609 -0.012140465116534
1666284996.252059698 45.776623898855036 281.255784818014604 14.219499113322993 0.962870310360504 0.254210836765964 -0.090645477937641 -0.006404156968136
1666284996.352592945 45.824913807534791 281.296670223271690 14.275339213225537 0.970120601884185 0.226198425304570 -0.087141084776671 0.010330611479673
1666284996.451992512 45.878166571091398 281.331688771398262 14.315495671202667 0.976821235149844 0.197143414824087 -0.079852702892279 0.024047752340456
1666284996.551613092 45.944690570581322 281.366274450129879 14.334555859375099 0.979488159379658 0.185189335032519 -0.074091994242164 0.028604758598579
1666284996.650808573 46.021061962458603 281.407145309627253 14.361599581711985 0.974960955022840 0.209685502644102 -0.068936969045825 0.027033691213324
1666284996.751260042 46.098773584260258 281.451858302053040 14.404016319854687 0.972683124660759 0.218636929398098 -0.073948469909601 0.024840609927743
1666284996.849053144 46.165838882789913 281.497535974179186 14.447013764660332 0.967238005489027 0.240928217504586 -0.077956912651524 0.018081883682669
1666284996.950511932 46.229505815712436 281.547001182676865 14.471251078965237 0.961817614983822 0.262012738872276 -0.078568606042292 0.009119995616886
1666284997.050731421 46.292504969226115 281.599334041707664 14.462703978675929 0.961158767411281 0.265825970285667 -0.074092948258228 0.004540084637242
1666284997.150592327 46.362559267914300 281.660614286036946 14.446724750473210 0.963598878410941 0.259550989295038 -0.064032307892960 -0.003216990370741
1666284997.251446486 46.447591489264298 281.739142652160297 14.458359412912660 0.964235322049887 0.259866772276171 -0.050171624170552 -0.014223660084716
1666284997.352860689 46.546455711841865 281.832078398722217 14.476306907222208 0.964252833672727 0.259459397358052 -0.051985737001894 -0.013956253977418
1666284997.451525688 46.650668628099524 281.924983656980032 14.480247012727547 0.966345447994937 0.250034211173492 -0.060432603170813 -0.002696081659402
1666284997.551464081 46.761908784992841 282.016709488672177 14.460137214410167 0.967353371613897 0.245915591263071 -0.061205690717790 0.002615305855465
1666284997.652632236 46.883393508058312 282.105466530423200 14.434016408519277 0.966285788729314 0.251204929519301 -0.056260760901134 0.004752332879290
1666284997.753103256 47.018987992815326 282.192254910867405 14.442835116525828 0.962026382838671 0.269408696612904 -0.043815216118039 0.002102319720796
1666284997.850612164 47.158965139242376 282.279229289753744 14.468865770985650 0.960198631204905 0.274723319706933 -0.050454791619950 -0.000015621056051
1666284997.951202393 47.298617745501062 282.369756406597162 14.482742464561754 0.955595103758283 0.288824258980524 -0.058052607693071 -0.006959873388353
1666284998.051539898 47.430195545577547 282.460187921597026 14.456830793871406 0.954829650706085 0.290887506213217 -0.059884968686922 -0.009929118133967
1666284998.151642084 47.563306156844270 282.555965221032636 14.435084138307129 0.960070815188704 0.274432208700050 -0.053166096336639 -0.011151629981025
1666284998.252371550 47.703390586773239 282.660225740673980 14.454206564755719 0.963667379204949 0.262309448337411 -0.046416541382054 -0.019607148066855
1666284998.352293491 47.845622087377755 282.767350494656171 14.479656588521999 0.965713203759594 0.253947407092033 -0.051865033238091 -0.014789889885492
1666284998.451685667 47.984885969011003 282.871057820724900 14.481644642229490 0.971045579336557 0.232520438640668 -0.054550845912264 -0.005379003210442
1666284998.551502943 48.124190896300853 282.969295579829463 14.449301391729437 0.973248889667018 0.225166575725884 -0.045678873087208 -0.000229109754338
1666284998.650524139 48.270984272935337 283.066615204682023 14.436251226242518 0.969737896432980 0.242161844321167 -0.031037577311334 -0.001649900406680
1666284998.749267578 48.431249342841113 283.171590122171494 14.458243985055779 0.966626631316137 0.253982619951540 -0.033419987350676 -0.002981415510934
1666284998.849252462 48.591816360218381 283.282545159087306 14.479223673226077 0.958437907236209 0.280882301550727 -0.049774394594341 -0.004941689084668
1666284998.951249361 48.744045320445920 283.392241692991831 14.458441563040651 0.956232156215284 0.286969592409247 -0.056873485160159 -0.005824357310165
1666284999.052734613 48.884429399441764 283.496345864168063 14.425772503510009 0.961665372973014 0.270146815347515 -0.047121037328077 0.000128153799412
1666284999.151612282 49.019263231012538 283.596245956588120 14.436393938751173 0.966622728641673 0.254729934532215 -0.027314064067802 -0.002665113626309
1666284999.252055168 49.164523197869336 283.696632237627341 14.464994349899673 0.969395062099333 0.244059977879300 -0.026607112746925 -0.000048231309879
1666284999.352880478 49.311807079090435 283.793380847286585 14.470924468257213 0.971683672060981 0.234979779105377 -0.024775681887104 -0.001229003134819
1666284999.451044321 49.459257486996940 283.886374507883659 14.439833909191393 0.971689138772196 0.235668338014159 -0.016619610166136 -0.002107274950839
1666284999.550051212 49.619419264660678 283.984319457417200 14.430753943180768 0.967086200731571 0.254273067127280 -0.005497817038998 -0.007698161862903
1666284999.650892496 49.790037552173828 284.096806259980724 14.460435348367257 0.961678995610440 0.273304617788284 -0.017604277724792 -0.012968604515683
1666284999.750200272 49.948156788995753 284.210224789869358 14.480314016137005 0.955531758139654 0.292831089774356 -0.031311054995180 -0.015120512001728
1666284999.851028919 50.096807884795119 284.323227850365186 14.456763103501441 0.952899710301250 0.300690915175296 -0.035682973860618 -0.017141791484558
1666284999.952659845 50.241096218415571 284.433998600912275 14.428469467095532 0.955796520919406 0.291982752318381 -0.029776857004620 -0.017675455690546
1666285000.055529594 50.389292893895195 284.542913337494326 14.444957151074531 0.963093106456576 0.267410316531245 -0.020772562186934 -0.022625020854611
1666285000.152646780 50.533010841882060 284.642668123561350 14.474689289104708 0.966528203122379 0.254516987002236 -0.026627335089660 -0.018311770049659
1666285000.252750874 50.677894986095268 284.739233090524237 14.476027378774679 0.970739190417682 0.238184415330823 -0.025467176149829 -0.016882873561440
1666285000.352069616 50.821719764366676 284.832058293095827 14.439315292149455 0.972037286972816 0.233273232465216 -0.018936915652175 -0.019196483410727
1666285000.450417280 50.971520566576693 284.928381357929368 14.439284349569364 0.967478447230290 0.251787774096323 -0.007764786561381 -0.022979970629698
1666285000.549772739 51.125255231211106 285.036033287430257 14.475073432289562 0.963490069621894 0.266908892990639 -0.013496937081061 -0.016259190383872
1666285000.651475191 51.274419705021351 285.143831952462051 14.493952815397156 0.962039026084749 0.271861690145254 -0.021426471253230 -0.010632029482112
1666285000.751160383 51.415530350000125 285.245507602065231 14.468200531422815 0.960520481216499 0.277459582889222 -0.019638809550904 -0.005558973465283
1666285000.852220535 51.560396712303188 285.344568224787281 14.441003613198831 0.965900965719708 0.258370121185030 -0.015400398026261 -0.006559926920466
1666285000.952870846 51.707258453452646 285.442560586240518 14.458225050079378 0.970924287575373 0.239055821142116 -0.007296537922231 -0.010251961211061
1666285001.052394390 51.855733047626543 285.537520477613327 14.483316584973368 0.974829939505761 0.222475388722053 -0.011998426245026 -0.008205377737075
1666285001.151548862 52.004797262463818 285.628279188053341 14.482255708640293 0.976728682731075 0.213843648246700 -0.013617731482475 -0.009302248342794
1666285001.250879526 52.157929590867290 285.717884179077259 14.449821938414772 0.975273710073705 0.220504141403488 -0.008596908446667 -0.012050196186867
1666285001.349956274 52.316654795684471 285.810049632260416 14.444283051584655 0.970043358409039 0.241960354818000 0.001291012386176 -0.021665705386133
1666285001.442419291 52.465329964090039 285.902932199757402 14.467045676020918 0.966735557392072 0.254432453467208 -0.002693561106510 -0.026062107072576
1666285001.543439388 52.620371716872071 286.008475692123682 14.486209479515376 0.960532852218483 0.276717098777779 -0.009651145835340 -0.026667254022475
1666285001.643627167 52.768339198008029 286.114736645903236 14.464304008044746 0.960149879568197 0.278433869985477 -0.009339365262895 -0.022350952252059
1666285001.745470047 52.917843614811218 286.221726146544881 14.435004021377777 0.967314788321180 0.252971635220185 -0.004058829936281 -0.017058076348915
1666285001.846871376 53.072268797365666 286.327733777261926 14.451363875635703 0.974715629547413 0.222823564744544 0.003788074593998 -0.016271170867350
1666285001.946870804 53.235284422559111 286.431569315117486 14.482440529795833 0.977505748059649 0.210785629394096 -0.006996216368596 -0.001727399144785
1666285002.045273066 53.395875401935037 286.524747400925662 14.477223456996645 0.982387171825037 0.186137523587239 -0.016178553208711 0.002553695848919
1666285002.145587683 53.550169487965675 286.610561659364180 14.438883580061470 0.982062626810672 0.188105118817304 -0.012570061194561 0.003384502624612
1666285002.245097160 53.700030932472366 286.693319824529681 14.436393615808276 0.977814752828548 0.209337608198241 0.005617583715629 -0.004951534901767
1666285002.344515324 53.860642198101154 286.782933730169532 14.461167145010242 0.975468646376545 0.220076265614333 0.004665032018483 -0.002365317278384
1666285002.444362640 54.023364594224525 286.877825652593287 14.483194520555323 0.969115795128125 0.246462739253636 -0.005345035933419 -0.006490330010591
1666285002.545217514 54.181437875303352 286.975786503561380 14.466466120381760 0.965943031408972 0.258602824938363 -0.006959068038508 -0.005496396854320
1666285002.645954847 54.336054586131702 287.075549369621228 14.433183736215625 0.971301306078636 0.237809366961821 -0.003632659564212 -0.002698440224463
1666285002.747225761 54.497613758847038 287.172811413538398 14.450667239344122 0.979812659855714 0.199894190130739 -0.002976154601410 0.000779000793354
1666285002.847500801 54.658957022371894 287.261949031147992 14.480071506399733 0.981025834733481 0.193518103602974 -0.011530475733521 0.002470484313619
1666285002.946204424 54.817498237163164 287.341238869084918 14.475360043232641 0.984846178661596 0.172795338258994 -0.014637859113172 0.002347026245133
1666285003.045618534 54.979713367105987 287.417641785026547 14.441412693606461 0.984337670108301 0.175641905282237 -0.013702465625934 -0.006443194111351
1666285003.145828485 55.144926019229885 287.497412969098207 14.442122922656841 0.979987482034672 0.198358625309703 -0.007054252030047 -0.015120461265588
1666285003.243949413 55.303725316618518 287.585835195724030 14.471821936967931 0.976584377301500 0.213668335885630 -0.011822902330871 -0.022113688769208
1666285003.344156265 55.459275950651630 287.681257849318229 14.486195115737813 0.972070491879706 0.232645057061082 -0.017108165475444 -0.025739986710517
1666285003.445397377 55.614879067922274 287.779388742498099 14.457304337750045 0.972209010874147 0.232471846147632 -0.016552416089816 -0.022192283465541
1666285003.547531605 55.775111219767219 287.878413158413878 14.435578769103914 0.975561528839799 0.218114374023671 -0.015192753848367 -0.021794575529670
1666285003.648945332 55.945643707298323 287.975914111805309 14.462129340964713 0.978469943015845 0.203559728034676 -0.022499684398384 -0.025568964370711
1666285003.748982668 56.114631998072227 288.070171418951361 14.483680562522173 0.979072688963650 0.199028505448759 -0.037300317611013 -0.020322648706292
1666285003.849896908 56.279092657383686 288.158753335454719 14.462788145815155 0.981797630251363 0.183374674821591 -0.045206270055965 -0.020088180965685
1666285003.947413683 56.433319177704746 288.242224392244452 14.428658104574090 0.980220065720375 0.192897019559774 -0.040345289528364 -0.018210442525430
1666285004.047179222 56.592506508572832 288.332354961287592 14.439898992354227 0.978448387386506 0.203722328331206 -0.028784793466797 -0.017532878404095
1666285004.146465778 56.749181008382806 288.428134814683460 14.474503166504025 0.973390854960177 0.226130954820790 -0.034465050119611 -0.013681925010217
1666285004.246607542 56.901893667239307 288.522872453195475 14.485433528601067 0.971652261178258 0.233428139442702 -0.036769783892501 -0.007153324821022
1666285004.347038984 57.052192010136181 288.615712569264360 14.453959685129695 0.971554805679724 0.234749878428513 -0.031175806414208 -0.001350271400835
1666285004.448031425 57.209769826171808 288.705833663443457 14.439028777881846 0.976101816613515 0.216137501163481 -0.022468626008495 -0.002232720290077
1666285004.547830820 57.373994824022958 288.789217369480127 14.461029791643762 0.978762834030578 0.203822962906252 -0.021661708079436 -0.003207010388200
1666285004.648091793 57.540760913444259 288.865379394134948 14.485053688021143 0.981962446867605 0.186920521201364 -0.028417776163606 -0.001703435796150
1666285004.747917891 57.705171953772620 288.936314417085384 14.473152431705197 0.984984042914057 0.170319409380740 -0.027779668607423 -0.005101372848189
1666285004.846620083 57.867633057003225 289.008697981491252 14.440380678553755 0.983504576008560 0.179284129954086 -0.022754299660003 -0.007628339518688
1666285004.946349621 58.043212521065385 289.092631046688837 14.451724875093074 0.981032019839497 0.192503356701699 -0.020323332845507 -0.010275984150781
1666285005.046006680 58.225356810527614 289.188017854236477 14.480611699921008 0.976724548729380 0.210576039027013 -0.040256297465217 -0.006805748414044
1666285005.145966530 58.397024193177508 289.284843922541654 14.483388526224193 0.972940076575178 0.224205239344061 -0.055798742416045 -0.002473537820086
1666285005.246584654 58.556317295719637 289.379566430788088 14.446183635957619 0.974205190483347 0.218385704683268 -0.056740090386019 0.003534539331219
1666285005.347984076 58.709163610694262 289.471209437106495 14.436280465656205 0.978991371125126 0.199037779225862 -0.043478976400546 0.008332845525044
1666285005.447270155 58.866362118696813 289.557415380725331 14.463485542579388 0.980871470744895 0.190754373770792 -0.038304174764482 0.006059452258364
1666285005.547187328 59.028512850827781 289.640227417951394 14.490774231657973 0.980943672221658 0.189194005259822 -0.043565988200991 0.007559429482819
1666285005.647528648 59.188506433757482 289.718622093625072 14.475746307396884 0.982347060123089 0.182329593411585 -0.041617110680151 0.004264848476386
1666285005.745876074 59.346710535938435 289.797331209643289 14.443968544466395 0.977873105506092 0.206093232359143 -0.035895683232156 -0.001126511841387
1666285005.845799446 59.511690792519609 289.885389742876669 14.456279401023146 0.973482877000459 0.227303124048390 -0.025755794197100 -0.001008488982678
1666285005.946134090 59.677120905405431 289.981993418188608 14.485417734936650 0.966896853422168 0.252661948496347 -0.035615468600951 -0.001988220479201
1666285006.042502880 59.828070991403763 290.075538480475245 14.491130367562482 0.961288107684967 0.272586182135654 -0.040080339934158 0.003938741287038
1666285006.142838478 59.980570445570550 290.170891695473756 14.456035363451452 0.961455669129928 0.272500209185976 -0.036387385557775 0.004752942645548
1666285006.244552612 60.135114299427208 290.262741177727946 14.439152431673264 0.969125202513416 0.245447052107406 -0.020902592513875 0.010731639730916
1666285006.347599268 60.306042721501150 290.347743501829768 14.468070932362291 0.975829868589520 0.216976203305607 -0.024065636484297 0.009911604726281
1666285006.449923038 60.478541167704719 290.421438813290649 14.488121376359008 0.977789095561592 0.206857270917321 -0.033619368463140 0.002879606504649
1666285006.549862862 60.642649926132783 290.489404549679875 14.461546049055563 0.977747077366589 0.206801928454418 -0.034338282468203 -0.008031030180524
1666285006.650324106 60.808921201958242 290.562796239845113 14.434545855304687 0.974599639451345 0.221600412206471 -0.027932837648012 -0.016387698806112
1666285006.749119759 60.973575798013314 290.645610783583322 14.453533528668517 0.971497027531847 0.235422070408010 -0.018620921048513 -0.020572689685547
1666285006.849278927 61.134553629200596 290.741269869149733 14.488826152767761 0.964813074843196 0.260682933078620 -0.025257598544451 -0.023285032293565
1666285006.950009823 61.289524347770879 290.839260500561409 14.487939569479808 0.965586566240591 0.258097724553314 -0.028001074051488 -0.015623300805798
1666285007.049733877 61.438206537461951 290.936468012153455 14.449335417760050 0.967854143003018 0.250447570722148 -0.021740368982831 -0.007856751730698
1666285007.150779009 61.588765768659094 291.032383700671232 14.448174156431483 0.975089723335437 0.221591808436186 -0.007241003081995 -0.006683543518878
1666285007.251149893 61.746256652541810 291.124391099323304 14.478769456743827 0.980032826661235 0.198722469988492 -0.006685628504558 0.000583917427052
1666285007.350610971 61.901989430257899 291.208288521402210 14.497010337279939 0.984195906459196 0.176775914837369 -0.009815556684297 0.003514041740016
1666285007.450354338 62.054845533748178 291.287436827786223 14.465382049702676 0.986788366574192 0.161935513891361 -0.003957717780801 0.003153633546513
1666285007.549675703 62.212489894767785 291.369650031208437 14.442272907764918 0.984093108002190 0.177618219478839 0.003538171797902 0.000065054479546
1666285007.649000406 62.378235547170632 291.463100283062204 14.466378074653797 0.980436578047274 0.196771366933384 0.003872850804844 -0.003185374195048
1666285007.748945713 62.541680159464882 291.565526716846932 14.493259146087475 0.973223468155441 0.229593562439656 -0.010525903715410 -0.003475984570980
1666285007.850714684 62.699142703729436 291.670349055122244 14.478292114789486 0.970649689297110 0.239875325556188 -0.017287014601632 -0.000409857170463
1666285007.950150728 62.847650025931451 291.768325364041857 14.442041966858548 0.972675442829913 0.231487206659910 -0.016904707954260 0.005512432984157
1666285008.051222563 62.996254043993829 291.859306604883272 14.450330564340623 0.977036836381364 0.213031100028621 -0.003872090587060 -0.001333300032841
1666285008.151504993 63.148497450332883 291.942516972599492 14.481496654577741 0.979127139851595 0.203097869558065 -0.006950257274671 -0.003604623534482
1666285008.250530005 63.298217749191423 292.019183701896452 14.491005719769191 0.982134764505114 0.187670361810856 -0.009516577673732 -0.010028678758762
1666285008.350137472 63.446443005775890 292.095706518919201 14.457248410208717 0.982425209121010 0.186045545527290 -0.004921841982778 -0.014266707556011
1666285008.449208975 63.597006700953763 292.175190681303718 14.438714620319944 0.979543367747913 0.200468875637824 0.003422733907370 -0.017184455015602
1666285008.548677206 63.755824372053922 292.261767246186935 14.461919168152654 0.978503143401333 0.205189984251425 0.009553373792462 -0.018368499279814
1666285008.648635387 63.917516211497528 292.353961275084771 14.487509255764621 0.974725072540803 0.222908291943615 -0.000310613600849 -0.014927486804492
1666285008.749492884 64.079659652430436 292.443596315131629 14.477022989706802 0.973760455862268 0.227088973553933 -0.008338449832605 -0.012314338939580
1666285008.849881887 64.241411691634170 292.524885582059767 14.440609488353802 0.975736816748827 0.218277089852285 -0.009049786247884 -0.014521634045468
1666285008.950926304 64.405439991889594 292.602489574353683 14.441874339490521 0.981197545831375 0.191241505590142 -0.000329714653167 -0.026037547548704
1666285009.051457405 64.574021080821296 292.679272017631376 14.468784231270876 0.984979955018452 0.170526918399342 -0.006343614714368 -0.026359379078943
1666285009.150414705 64.737777017462221 292.752277941565183 14.487040141891967 0.988926696045767 0.146049305349778 -0.012871208432778 -0.022976558670295
1666285009.249578238 64.896191791676927 292.823917399751224 14.461487754589198 0.989975508816046 0.138839454079017 -0.009994925220884 -0.023920689899769
1666285009.348431826 65.055386415808641 292.896876479981188 14.435406218712568 0.987384422940467 0.156104794208833 -0.001702329617204 -0.026465007716082
1666285009.447478056 65.225592522006053 292.978065752384566 14.459526520697104 0.984318400878273 0.174532483709058 -0.003262122036406 -0.025397960205614
1666285009.547767878 65.394893781230209 293.063786998201124 14.488645437956375 0.981305542444167 0.190513328772994 -0.015160729512669 -0.022677217837189
1666285009.649425030 65.557489650369575 293.149800853497027 14.478855254808646 0.978478485281030 0.204333674911459 -0.020779901995045 -0.019894693071177
1666285009.741697311 65.701402314708290 293.226490672622731 14.444578936185533 0.980014886674410 0.197499079467038 -0.019150865745403 -0.014077636428638
1666285009.842907190 65.856171983016736 293.309722972929535 14.442191048158667 0.984317786791533 0.175303564091463 -0.007181194137156 -0.018318992150581
1666285009.944806337 66.015740567042499 293.390629320138430 14.469349381369433 0.986576627584624 0.162404504611346 -0.009033299632698 -0.014482205751835
1666285010.045305967 66.171293454240157 293.463825649108287 14.484605657753391 0.988938284129212 0.147376926145585 -0.010485280066121 -0.013083223050317
1666285010.144082546 66.322755724609479 293.531693128004349 14.454165923739987 0.989015201259554 0.147259425443142 -0.004528314857036 -0.011961925440091
1666285010.244406700 66.482862573072325 293.600961724917283 14.425637303644669 0.985997759381343 0.166002349945019 0.002306621222200 -0.015694515164237
1666285010.347073078 66.656966361780079 293.678973179581533 14.443184774412014 0.982505369896722 0.185459968798879 0.005244617337606 -0.016133570163038
1666285010.446604490 66.828002490225984 293.763167666649167 14.471882357392117 0.977026345418458 0.212315366038881 -0.011033476574602 -0.014831321475374
1666285010.548049688 66.994020354608779 293.849696804716359 14.469043498018486 0.974210256177009 0.224325489813830 -0.021970474361184 -0.010476146030673
1666285010.647923470 67.148519147672928 293.929116757968416 14.433809025880411 0.975390312887600 0.219217937231246 -0.021957412888420 -0.008666345270969
1666285010.748878002 67.302306358268439 294.000710895909890 14.430944722326579 0.979942770064013 0.198587613052171 -0.008714033488945 -0.014113573674449
1666285010.849675894 67.459139832131783 294.066361331020858 14.460856771610148 0.982389203424747 0.185492472529275 -0.007844603407950 -0.021034681524559
1666285010.948236227 67.609655598033072 294.126613315966210 14.484462151874721 0.985012605652413 0.170285781729239 -0.008578779374532 -0.026063840683006
1666285011.042119026 67.745609381486290 294.183528673053786 14.466656490037815 0.985996268791564 0.163569701803678 0.000930795797890 -0.032487600714015
1666285011.141286850 67.886978367456450 294.246588120724084 14.440700850220610 0.977482445978070 0.205867085021951 0.018021378240234 -0.042685372618935
1666285011.240100622 68.031646228550258 294.314020723491922 14.461005495928422 0.976521289855962 0.208845219645479 0.030138933804995 -0.043376138121986
1666285011.341031790 68.180688082396159 294.393566382787128 14.493857824532498 0.977643184199296 0.204780854765227 0.027910413562551 -0.038724859264464
1666285011.442416191 68.329719892798536 294.483578253932876 14.495185647235360 0.974555212488689 0.221187405967978 0.024246851305155 -0.027025163349533
1666285011.542145967 68.475681468521330 294.571374425046599 14.458589277764586 0.977816243530863 0.207477818603489 0.022563574834582 -0.017867114076220
1666285011.643058777 68.620172189473834 294.653969830555639 14.434397382445448 0.982038843643492 0.185435246103441 0.031468789019702 -0.014939691949419
1666285011.744116306 68.767108827455587 294.736029659131418 14.450231798697537 0.982471858772879 0.182183830302856 0.037065612737796 -0.013573468529301
1666285011.841941595 68.915034497543289 294.814917744337038 14.473492477376695 0.985144918775398 0.168787724321946 0.028705901882342 -0.013272690998982
1666285011.941416502 69.064979973762931 294.896251195617936 14.465759150868376 0.984754265448010 0.171508786879555 0.025363067265674 -0.014159361706350
1666285012.040848732 69.218025825927072 294.976881817622029 14.428017107435405 0.978807218814317 0.202660776403680 0.025569668525125 -0.014533759181815
1666285012.139992476 69.375099480212668 295.057139877563714 14.426860245089976 0.974314179722084 0.222412845377346 0.027661262731236 -0.021892006480673
1666285012.240820408 69.536287300413207 295.147099180899772 14.460561103264777 0.968938016129327 0.245937424862888 0.014581128577765 -0.021477770847424
1666285012.342019558 69.689583635000830 295.239368798966950 14.480732946696005 0.965510470187832 0.259411859574778 0.003816019412399 -0.021919330862762
1666285012.443793058 69.832856371574209 295.336364852051815 14.459464835451305 0.963772628483216 0.266129961781474 0.002284424279363 -0.017661977082287
1666285012.546653271 69.965994362588276 295.439087976324231 14.432474832637903 0.967268824000157 0.253230572858067 0.011874108420032 -0.011149198919962
1666285012.648339510 70.099477963669429 295.546161690585166 14.452792353139134 0.973911679548390 0.225773155636088 0.022846109064684 -0.000760219680187
1666285012.748648882 70.239950093740774 295.650934347856889 14.479119392713960 0.973688952317737 0.226605859241961 0.017288985872233 0.016754093801501
1666285012.841612101 70.379790198946566 295.739601453945795 14.478669281088479 0.974664056116977 0.222490762053374 0.011136494439986 0.020095198583211
1666285012.941290140 70.541464324531205 295.831551538567851 14.447313378367422 0.968536833692230 0.248179789769317 -0.002109669622635 0.018404972848927
1666285013.040101051 70.705579496101151 295.921476919701036 14.430120840146765 0.967458785592961 0.252360821775936 -0.009143295026998 0.015934678146008
1666285013.140419722 70.877990120410843 296.022653259495542 14.455790954573182 0.962273682999763 0.269283732320397 -0.034315580387012 0.018386719565249
1666285013.241854429 71.043345260233437 296.124638232009943 14.470867098665257 0.957440717771012 0.281862012034245 -0.059650625714562 0.017403476032033
1666285013.342568874 71.189497154717841 296.221319355938647 14.447401200211925 0.960566180199087 0.268356448870832 -0.069772239904129 0.020718695565398
1666285013.447113037 71.327162258052539 296.323895315830100 14.419188852277806 0.964836762160095 0.252785296345696 -0.067894352975082 0.024082632122315
1666285013.548040390 71.462660561686761 296.422400737600242 14.433757492311067 0.967446627142625 0.242358111297796 -0.068690860644086 0.024313271735787
1666285013.648345470 71.601413077215440 296.514795624659484 14.455421614451758 0.967234348946697 0.240395304820990 -0.078137593322783 0.023713459203694
1666285013.747052908 71.735181746463880 296.597547147230614 14.458237128675696 0.969029575948999 0.232308533415619 -0.081789357162973 0.018025739742224
1666285013.847553253 71.860988839701221 296.679246207033430 14.433472855485828 0.968972850967815 0.236035038816861 -0.072644217002364 0.010094170304710
1666285013.948821545 71.983585990985787 296.764185692528315 14.423982486601700 0.965885863710037 0.252575308129251 -0.057038967446684 0.004094899406061
1666285014.040918112 72.099398289369091 296.847238659596655 14.452473188506145 0.965220698189051 0.255742035604503 -0.054112021369547 0.004111466357261
1666285014.141967058 72.224094410274205 296.938312868443347 14.483910658851277 0.964777237637017 0.256806926491214 -0.056491661889684 0.007986011555491
1666285014.245087385 72.340860279180632 297.023623386307577 14.477525217102267 0.969488899053987 0.239629613610631 -0.050468804569686 0.011037330166962
1666285014.347947121 72.455985825081953 297.111840977336385 14.450533013505940 0.972307147437889 0.229906667839014 -0.040547422357523 0.010846274222864
1666285014.450067043 72.590760144565408 297.211760304734923 14.449655945527008 0.971960865592000 0.230918735961016 -0.043278513392458 0.009776677265632
1666285014.552116156 72.745380485929928 297.313076296070733 14.454331757311156 0.971191811513732 0.228869143053666 -0.064550629807750 0.015446578843817
1666285014.641752005 72.886312651107374 297.396291161037595 14.442941712496502 0.972607615951008 0.214661952163751 -0.087132669652612 0.019041259584218
1666285014.741746187 73.035305109079758 297.481382769647269 14.407244900700496 0.972751568882633 0.209052726463107 -0.097608684627432 0.022888588423488
1666285014.841221809 73.174088383969817 297.556898979491734 14.384484324724164 0.970355353469481 0.222233388754633 -0.093188473830307 0.018404272898688
1666285014.945166111 73.316125659445817 297.627505479865249 14.399968212154228 0.972907228619835 0.214928004202513 -0.084697841869582 0.009151671510275
1666285015.045614004 73.449813285619783 297.692337439313178 14.426377498762600 0.969742471989960 0.228167227490276 -0.086779791242682 -0.002919272182964
1666285015.146606684 73.575459229792287 297.751569377977717 14.428395927768220 0.967140191155780 0.239576648148896 -0.081766575422102 -0.023603123874694
1666285015.244458199 73.688508564499841 297.808054603273092 14.401237453966079 0.967810278515198 0.238485679402532 -0.069112859858469 -0.041124908783271
1666285015.345745564 73.805192827131918 297.869429973462161 14.390366400482595 0.973475670482422 0.215661145130332 -0.050958279981169 -0.056909078021295
1666285015.446570158 73.927658206833925 297.938627033364639 14.407728629220118 0.976912363981897 0.198141518590950 -0.051201515758135 -0.061323539475826
1666285015.545542002 74.053389803764574 298.003573378784438 14.427740891383845 0.981395977441650 0.172261237555804 -0.061351565485298 -0.058514843497997
1666285015.645287275 74.174970838854250 298.064082356912309 14.416574054813076 0.980339744986602 0.174783979827970 -0.066299827050260 -0.063157562715842
1666285015.745143652 74.286053896581350 298.119652858023528 14.389339292156034 0.979728702102973 0.178007786880794 -0.059916437999063 -0.069677245517677
1666285015.844470024 74.392473726726863 298.174193648634287 14.393152779328551 0.980717927280233 0.176351805635774 -0.046859292627320 -0.069975670447898
1666285015.949881077 74.500816051264337 298.233399216610849 14.415918524488230 0.982157097148485 0.171952731076928 -0.044448888845917 -0.061838427182545
1666285016.048999310 74.595796907805479 298.284214862338558 14.432181282744077 0.983010291506035 0.167719821833597 -0.045929196533929 -0.058748081356542
1666285016.148807764 74.684630573677794 298.332836372197335 14.426870819146288 0.985543363672904 0.153734045480464 -0.044054684564525 -0.055940203328455
1666285016.249720812 74.771365594619681 298.381818476185913 14.405035837081732 0.989002031773679 0.132122194399514 -0.038834104302958 -0.053950155120987
1666285016.350176334 74.853692069800331 298.431932785624724 14.389167879675517 0.989611699381047 0.126912160475946 -0.027968649037871 -0.061479611599948
1666285016.448838949 74.930233734408645 298.481589509003186 14.400370885544818 0.990638844162864 0.115817087261489 -0.016367572883698 -0.070378869640155
1666285016.549181461 75.004024352942267 298.530154467600710 14.414737780219030 0.992771699156500 0.097215019802873 -0.016651661988929 -0.068383590368223
1666285016.649901390 75.076313120576856 298.572489762499856 14.424443137600653 0.993880637361682 0.083907348747900 -0.022152520917816 -0.068338139575355
1666285016.749242544 75.145956677411590 298.611501160476166 14.422016950814584 0.993692073606253 0.085267859949486 -0.029875984080621 -0.066429515179285
1666285016.848786831 75.209610861450088 298.648122834375613 14.409595431828608 0.993176074331570 0.090647915122049 -0.034801984828672 -0.064599246987423
1666285016.948704958 75.264569343760698 298.679755469561428 14.387408535856910 0.991994895607762 0.101277961490513 -0.032404171258562 -0.068109259939583
1666285017.048609257 75.312502640222121 298.706248014987807 14.357654306165475 0.990542914729013 0.114717304528381 -0.022543486598267 -0.071808532458809
1666285017.148493528 75.358117350186632 298.728612641756399 14.325466217901029 0.989238938770940 0.124859002757670 -0.005946939297162 -0.076034106575276
1666285017.249259949 75.407220868141195 298.750289145061458 14.287359358357431 0.988339814831882 0.131269465452810 0.006333730764948 -0.076893573934446
1666285017.348919868 75.460515928478912 298.774405577495543 14.257151835818716 0.986851830950260 0.139592390652136 0.005000278694309 -0.081316821354009
1666285017.449015617 75.518733589830688 298.805258611014381 14.241177687792694 0.984871372638614 0.153494761895231 -0.003180779335105 -0.080359318504329
1666285017.550639391 75.577440504981254 298.838277706851613 14.220970896566440 0.985444368502123 0.150454352581737 -0.011528897014961 -0.078294117980090
1666285017.649424076 75.628701306739416 298.869236114485432 14.181751368695078 0.984691914299411 0.153440463784885 -0.012548276940906 -0.081733706221208
1666285017.749450922 75.675247378324343 298.901276588153337 14.135164998100205 0.981926889383152 0.163745045011078 -0.006785622204138 -0.094663083997673
1666285017.850425005 75.722583786673383 298.937607963810194 14.088130925407564 0.981463682728109 0.163113403441292 -0.006346746320854 -0.100413026618632
1666285017.949452877 75.778870544886502 298.971470040616737 14.063841043213715 0.982811314900565 0.153472536909966 -0.017667318014835 -0.101074059936285
1666285018.050103664 75.847090230047826 299.002179982106725 14.044009364307104 0.985334372679506 0.140165134453484 -0.031045157709085 -0.092228560016623
1666285018.151018143 75.916777023209377 299.025926551832924 14.007137002033213 0.985182612704708 0.139428569675469 -0.040254736682358 -0.091402679157735
1666285018.249203444 75.982555331371557 299.042085663293960 13.964062914428196 0.983152744572286 0.148386016695950 -0.040383304049944 -0.098800099408354
1666285018.349189281 76.048004366726033 299.057314280286107 13.918938769930570 0.981920785011830 0.155534276370440 -0.035534943861789 -0.101872118856999
1666285018.449882984 76.116185044235692 299.077740580486022 13.876493941628476 0.980567660292348 0.162440689875756 -0.039390648594424 -0.102705709017510
1666285018.548578978 76.188461365222551 299.105572155057075 13.849417109302319 0.977887547337921 0.173151130752465 -0.049455338759081 -0.106342842489717
1666285018.649190426 76.256333139588847 299.138990692217135 13.814041374367267 0.978351729500297 0.168287697631877 -0.054865156280065 -0.107223872509363
1666285018.749882936 76.311444143848348 299.174579366868443 13.760423852045699 0.977219718600003 0.169912909453145 -0.051379050155166 -0.116324623298989
1666285018.849400043 76.364483157815201 299.219675010808942 13.703307519137583 0.978135088543365 0.165283345219449 -0.050611807630635 -0.115635674779421
1666285018.949242353 76.429917445424095 299.267915712717581 13.669193472936451 0.981098159574424 0.151410428536245 -0.061502135273829 -0.103628040447110
1666285019.050016403 76.501135414706440 299.313058668124484 13.633567049781433 0.982054951148976 0.149781388180261 -0.069738678846424 -0.090940229553985
1666285019.148814201 76.570701348635055 299.349928845691352 13.598432090779854 0.979334153087923 0.169520663202545 -0.067710781377568 -0.087078191461289
1666285019.248856306 76.638115964909090 299.387205168845298 13.545410721270425 0.977980323492611 0.181152636296499 -0.061592918835990 -0.083333796105661
1666285019.349593878 76.708727529450059 299.431828111344828 13.500380067405143 0.973318957988876 0.204091245071482 -0.064978722118899 -0.082308780676278
1666285019.449691057 76.776510309354506 299.479504933699729 13.468382068867207 0.971858528973299 0.210091110734091 -0.068812594887259 -0.081348335184283
1666285019.541261911 76.830483831245175 299.524184221348207 13.433046923761816 0.972169272320438 0.210361779006374 -0.063405027277819 -0.081330378119879
1666285019.642419815 76.878222751967385 299.578388228150288 13.367012270543237 0.976395397825494 0.193148243728257 -0.054411894035334 -0.079907001178703
1666285019.741407633 76.927299930205962 299.642884490606775 13.318179970910844 0.978022864287074 0.192485636238620 -0.049999433516282 -0.062614801936700
1666285019.841089249 76.981682824581242 299.712469511260622 13.282654661919004 0.978294621032255 0.199122406417666 -0.039479179759914 -0.041608846262283
1666285019.940635204 77.041653213785182 299.779552114302248 13.245936540701154 0.973946191612575 0.223507387181029 -0.027384720457134 -0.026894995898027
1666285020.039550781 77.106554163739943 299.843328787299299 13.199037055514953 0.969094117053174 0.244788268867193 -0.023748935567034 -0.019268725369476
1666285020.139576197 77.177792482548057 299.913042394643355 13.158799741614002 0.961091469109690 0.274342780268101 -0.025745366363395 -0.019401108993043
1666285020.239701748 77.249896865567976 299.990239097486779 13.116741337500621 0.949777212729147 0.310921273650555 -0.021369870158438 -0.028187522441345
1666285020.339504957 77.323233918637740 300.073106978923761 13.082132157491545 0.936723442244898 0.346774580288481 -0.009710168146060 -0.046928625051166
1666285020.440036297 77.389994170315248 300.161251602354184 13.037937766670188 0.921024547729650 0.383666347835002 0.010240280245185 -0.066400697879199
1666285020.541123867 77.459196319665722 300.263432690206798 13.008010068796196 0.917118415633617 0.392943413725443 0.017683983620690 -0.064626326205213
1666285020.640902519 77.539438777883277 300.380483074599340 12.999629562211720 0.906972218455287 0.416255998441474 0.018100541121154 -0.061682324233998
1666285020.740777731 77.626121628828116 300.517382567642130 12.974105283309539 0.888865267351793 0.454903686812948 0.013533981692448 -0.052896158264665
1666285020.841284513 77.717023699147290 300.670840889831140 12.957335869093439 0.878104819574275 0.476657474162634 0.012259687296324 -0.039740133778398
1666285020.940729141 77.811662158377032 300.836984945871450 12.975949830768158 0.869848605306550 0.492674530750131 -0.007791634703467 -0.023968751011188
1666285021.040576935 77.894541581759896 301.007078174684580 12.979546224013379 0.845344321755775 0.532678769118123 -0.036817915574675 -0.017051325426648
1666285021.140718699 77.958046153928677 301.173573557539896 12.953235297116930 0.826089737626024 0.561113103935567 -0.051409188320834 -0.009215494395523
1666285021.241048574 78.007080548402101 301.334154054295766 12.928235598471620 0.819454505887457 0.570948076079921 -0.049432225570738 -0.008310371622484
1666285021.341649294 78.048872783375373 301.493415928835532 12.935756679421337 0.811951762063265 0.582030278036346 -0.040567563222350 -0.018148397876800
1666285021.441934824 78.089626340333680 301.661384676520015 12.956249788926842 0.807166313965407 0.588571974743028 -0.044835999366380 -0.007436753821885
1666285021.541233778 78.129080865963246 301.830568619939356 12.959010960704356 0.803867692572438 0.592666393648268 -0.050383297927495 -0.002191339355373
1666285021.640396357 78.164822070924487 302.004535792580498 12.926830036230555 0.780118888261600 0.622941370806406 -0.057911227904199 -0.002204177386177
1666285021.740459442 78.198838089087189 302.184724217505789 12.921503325342163 0.764081785742877 0.642867942911603 -0.053764617674247 -0.003032912613807
1666285021.840339661 78.223836827426069 302.377249953288981 12.952453479362410 0.752662634701009 0.655476449282806 -0.062042377940324 0.000571051704945
1666285021.939797640 78.238874877481393 302.569192569086624 12.974866142791772 0.728722029510026 0.679993590897114 -0.080857288508534 0.005917680346672
1666285022.040241957 78.243699946504691 302.757108633167775 12.962259850326838 0.714744204593090 0.693555804818927 -0.088929380951315 0.014581934239955
1666285022.141342878 78.244168987195749 302.949975792440398 12.950188436237687 0.715150898334500 0.692226496239764 -0.094588212733483 0.020850432294420
1666285022.243288517 78.248631480760565 303.156149788869925 12.991188184284676 0.723451900817587 0.682082602968414 -0.103694767801978 0.025061226261837
1666285022.344096422 78.249434861651622 303.350152847364484 13.035765260640147 0.731529435160983 0.671086354683219 -0.112550430049033 0.042897444525516
1666285022.442703009 78.250047066685966 303.518460007922727 13.052373826853273 0.734009959649503 0.668255548579055 -0.113268520589021 0.042826897765486
1666285022.543219090 78.245566703973211 303.677939176356745 13.046138675399343 0.726053335667057 0.679266603563213 -0.100828338413554 0.035736273213615
1666285022.642732382 78.243550140758984 303.839385876540234 13.079591282788467 0.706818521668988 0.702067205864274 -0.085476903631353 0.014244817345087
1666285022.742856503 78.241480184094698 304.006864224506160 13.125641085940348 0.704874813700499 0.705002536307904 -0.077880507916190 0.007585993463330
1666285022.842589140 78.236641364883155 304.177113133518844 13.163820080288113 0.693605892886561 0.715509355585888 -0.082983395622972 0.008425169018215
1666285022.944781303 78.228983621769515 304.350730268150471 13.159622243101150 0.688629994543399 0.720886449662914 -0.077022727434544 0.013377472335994
1666285023.046522856 78.224569006008693 304.532111945511303 13.140889812780999 0.698050518996404 0.711667393208692 -0.076000091105693 0.021885623690513
1666285023.145479679 78.229458314915831 304.725424669397910 13.177148084777953 0.710111722460643 0.698267343462696 -0.088718584535389 0.017119329296594
1666285023.245923281 78.231070474062690 304.915109325623575 13.215713636461523 0.713989506451141 0.691785202985322 -0.103998160963521 0.028924040596352
1666285023.344849348 78.228692635921789 305.083008519406803 13.235954589678892 0.716957760817121 0.687721431458868 -0.109992059437076 0.030208422286779
1666285023.448876858 78.219223099669094 305.243315520533258 13.226692621972989 0.719314918541604 0.687391245602321 -0.096772893598164 0.026726961993710
1666285023.548512459 78.209574174260140 305.401130195043550 13.248569079221237 0.710615156887212 0.699281410602217 -0.076126622450561 0.015373514321945
1666285023.648558855 78.202249088236158 305.567493423834946 13.296900997280515 0.705754834028415 0.705776151277245 -0.061083954352156 0.007673920413080
1666285023.747690916 78.193800962578806 305.737380840384333 13.333034440069094 0.690928427233345 0.720042882333008 -0.064156082437167 0.006336649646778
1666285023.847456932 78.182375545111356 305.912652118585697 13.332783692287894 0.670946681585637 0.738389555465114 -0.067232811071097 0.009547982233464
1666285023.948842049 78.168580891118111 306.099221317405977 13.314427363653509 0.672843993568883 0.735929574528422 -0.073276987724677 0.017863502531436
1666285024.049395323 78.160431956498812 306.286438550417984 13.345492821906857 0.693290071094078 0.716598514384884 -0.075770405634148 0.009710413677237
1666285024.149692059 78.148745933563760 306.458401007613020 13.385785462202394 0.704183291672379 0.705679242086484 -0.077261073650713 0.013169112196254
1666285024.249793768 78.138350858037626 306.616436065450102 13.417260553204054 0.714548380233575 0.695301802014102 -0.076237303530045 0.012801951881828
1666285024.349021912 78.126541059795315 306.769307166001227 13.407562541992345 0.721002074761008 0.689574421418519 -0.067863831017689 0.006133999937985
1666285024.448744059 78.116537030412175 306.932548498689528 13.395638157743262 0.711748679558305 0.699870908165054 -0.059947506634740 -0.000908570035825
1666285024.548463583 78.112919933635524 307.105336843682494 13.423443412565996 0.706351746635495 0.705873954346190 -0.049896689415665 -0.017874310784337
1666285024.648150206 78.105160567421052 307.285537270661678 13.449879783889147 0.695914641978146 0.715591932159365 -0.057444853903479 -0.018195781622775
1666285024.747768164 78.090734379877446 307.464844492567465 13.461526377989401 0.676812081725374 0.732678469463754 -0.068427611516994 -0.020623491384746
1666285024.848400831 78.065742553116550 307.646093182081415 13.433857784117087 0.672871450465369 0.736285620364412 -0.069345381691812 -0.017852574919076
1666285024.948985577 78.040782543751945 307.827113532328269 13.413706511933221 0.682208596193895 0.727786304881055 -0.067878592912281 -0.017635825214173
1666285025.049565077 78.019547328706651 308.005231519617837 13.433063661789211 0.689742242151507 0.720581756703526 -0.064585809047131 -0.029090283044336
1666285025.150099277 77.998115518648703 308.182623330896774 13.461808096563558 0.700878890290009 0.710070484007504 -0.064258645798770 -0.020964620848080
1666285025.248958111 77.975951023837723 308.355092653214797 13.461235884464299 0.706965885003085 0.704150856079684 -0.062940450505202 -0.020231386859402
1666285025.349066257 77.950966083158505 308.532526011521725 13.428690071059428 0.702872366456929 0.708960518145454 -0.054020990409426 -0.020667674696269
1666285025.449830055 77.925374256572894 308.715225059968134 13.427414458377488 0.690506917668752 0.721791090103649 -0.039183464457124 -0.026124222700825
1666285025.539393187 77.897516405456784 308.885470669145263 13.456761756325673 0.685466375374543 0.726930671375571 -0.036286615097276 -0.019771919712794
1666285025.639565706 77.859797245611801 309.073280790286731 13.487753209670927 0.670072778224886 0.741239937762673 -0.038427476458460 -0.009442224346323
1666285025.740308523 77.814942857157732 309.254687799785358 13.472413596891260 0.666042679456586 0.745416418431954 -0.027193601026465 -0.001421385796688
1666285025.840537071 77.767995730257311 309.431789126355682 13.436144778630110 0.677740317732957 0.735165659402993 -0.011309048347422 0.008462882444474
1666285025.941825151 77.733020497729825 309.615276904032044 13.450208722974731 0.703716779111656 0.710426320179435 0.001954069330072 0.008562710206324
1666285026.041371107 77.707541507097858 309.798276133861293 13.483989411639733 0.704166986853029 0.709808714026804 0.001743340152574 0.017815860435400
1666285026.140669584 77.690615866886731 309.979895562433910 13.488426202196727 0.710007571563115 0.703930388583450 -0.002958538725862 0.019039522063569
1666285026.240395784 77.675743037442686 310.161856958003568 13.446707095896539 0.696864410792950 0.717002043179059 -0.006098707471420 0.015838838796667
1666285026.340512276 77.660585070973738 310.345544573575125 13.426770599045193 0.679322489737921 0.733762179910543 -0.007659171616515 0.007440118234905
1666285026.439722061 77.638954054957154 310.540347765373610 13.450507501326211 0.674218833881119 0.738277743443124 -0.016424198313984 0.010255890320027
1666285026.539989710 77.610024722245456 310.734444394554941 13.470740301161399 0.659572434615770 0.750805129284799 -0.031010750073058 0.017152105251787
1666285026.640839100 77.575181672640468 310.917625637648257 13.445794486867308 0.655219385534437 0.754376557683611 -0.034890874007500 0.019651792495671
1666285026.741228819 77.539627578146749 311.090463176129560 13.415823754141199 0.665738905735723 0.745448453825317 -0.029843336945411 0.014411360768837
1666285026.841803551 77.506616854863537 311.264099373249849 13.433379243717345 0.671291634538549 0.740688606788547 -0.027224675255993 0.002597350459670
1666285026.942110300 77.476104696273509 311.440118042749134 13.468856530294012 0.678398212137194 0.733999888198971 -0.031487213536655 0.005346520050813
1666285027.041455507 77.447835355380008 311.612976477848974 13.469058945207490 0.682583714683757 0.730023196338542 -0.033512500552462 0.004745267421653
1666285027.141163588 77.416399478232577 311.786315177132622 13.429657996476186 0.673133990282801 0.738770713171103 -0.033263551461956 0.001414436548819
1666285027.241187334 77.386110642344690 311.959927538177624 13.420908851957295 0.662102534591560 0.748959377086311 -0.024044966838037 -0.010095777913295
1666285027.340603352 77.351998469507890 312.142460304592646 13.451925755454361 0.653619612457841 0.756252272197922 -0.027667992437996 -0.009918931413848
1666285027.440583944 77.316762321303059 312.325998113817889 13.476688338519992 0.643489618624372 0.764544301471171 -0.036889086815286 -0.005684811742965
1666285027.541301489 77.283026325562716 312.504765169269206 13.455636944170363 0.639798343642257 0.767563423191448 -0.038477851666975 -0.004891398812632
1666285027.642009497 77.256488037883642 312.681520079725317 13.421246007572407 0.652777494571577 0.756546021457517 -0.038019712431519 -0.008611705074039
1666285027.743414402 77.241452167825571 312.861961693026046 13.431900427395240 0.668333175520264 0.742279531482465 -0.041930479483551 -0.024365929726809
1666285027.844006062 77.229824711076944 313.044430320641823 13.458443166261752 0.683994910725991 0.727299760812507 -0.052425466170607 -0.020918664388746
1666285027.943332911 77.220134698930977 313.223241442805374 13.460435771055501 0.702954446112593 0.708295191876555 -0.061124159377788 -0.020899880273615
1666285028.043883324 77.206060842931720 313.399961296313904 13.422346007388830 0.702865188464530 0.708285582869225 -0.061508579741780 -0.022994663782521
1666285028.143939495 77.189381563532081 313.573375120237131 13.409241188112404 0.689073142252039 0.721852402995321 -0.053953139749909 -0.034588605463475
1666285028.243291616 77.166572650433849 313.753684014442626 13.435815660842470 0.684329763806987 0.726152000779102 -0.053692067426674 -0.038899974650757
1666285028.342293739 77.135042825766007 313.936303464175012 13.461828486998975 0.672058093499828 0.737663593305932 -0.058129923913134 -0.028482521275540
1666285028.444051743 77.098581885753262 314.121139338853538 13.443376876061400 0.677183650260773 0.733619501457480 -0.053688929077720 -0.018499453917936
1666285028.544382572 77.067025148579219 314.305861196682088 13.406658044230452 0.689933668224352 0.722206565738183 -0.047933107106471 -0.010565372604418
1666285028.644515276 77.049127376761987 314.495143817235316 13.411568319970172 0.702016721993275 0.710335533001963 -0.048180302550589 -0.016571392300236
1666285028.744996071 77.037645320850316 314.691116616803754 13.438238282168202 0.712479891027910 0.699030949989483 -0.060748961678352 -0.006139991259015
1666285028.845384598 77.030337453449974 314.884158731945831 13.442740393029803 0.716870704067468 0.693553879489897 -0.071197193002991 0.003220186768041
1666285028.943551540 77.021760975154734 315.063388409318520 13.407497925473921 0.712306683191473 0.697878895785877 -0.074708019183809 0.001716906252478
1666285029.043217897 77.012933408778636 315.238603049687697 13.394621493621781 0.703389803005077 0.707874648087904 -0.063981792170286 -0.007911883061828
1666285029.142946959 77.001701404403050 315.420336686508449 13.426497059574460 0.695864364707458 0.715466629683562 -0.061193044739303 -0.011648992019238
1666285029.242519379 76.986802907492446 315.599402568251548 13.458497536093139 0.686344795000897 0.724424871717700 -0.063745100978842 -0.008717207876811
1666285029.343408585 76.968190201767044 315.774580536639746 13.444608015252978 0.682753695083084 0.728119507547567 -0.060140026581307 -0.008517733377108
1666285029.444875956 76.949091954753200 315.952692074719607 13.409668118081775 0.688630859077500 0.722978462105996 -0.054929814251089 -0.008508746286846
1666285029.544700623 76.937639991867130 316.132450163399767 13.421271345292944 0.709562474539315 0.702779038206266 -0.049067168236699 -0.014667350979345
1666285029.644870758 76.929392584136338 316.315407019581869 13.453607811783446 0.722322365899906 0.689640794898121 -0.051176945540422 -0.005185940435721
1666285029.744531393 76.926987763567752 316.491042357551748 13.466571985005681 0.736657054764266 0.674331752324574 -0.051101163819245 0.001320048947934
1666285029.843676090 76.927811869856555 316.655888688703385 13.434974420095870 0.742869211366532 0.667888447523928 -0.045360640657327 -0.003573338341179
1666285029.942884445 76.930910538113736 316.819671283629020 13.417713553699025 0.728665506954013 0.683723503722448 -0.034563287652398 -0.019342403666750
1666285030.042572975 76.931748116797948 316.998635348812343 13.445826455597746 0.720719539181075 0.691895545006513 -0.033997948915112 -0.026230518720079
1666285030.142210960 76.925953106775793 317.183089119013687 13.472987790246828 0.702267136031318 0.710179826678599 -0.044066852920213 -0.022882218048839
1666285030.243066788 76.915801414053107 317.367004592750732 13.455046373627489 0.697221482732972 0.715215607457286 -0.045389906937224 -0.016988090339156
1666285030.344081879 76.902357002918976 317.546366364139544 13.417664800226026 0.705946522683353 0.706750603637596 -0.043963659014391 -0.014501312190391
1666285030.444516659 76.890033336438705 317.726010094182925 13.430717892150414 0.711845398712860 0.700859329693985 -0.039227754828199 -0.023097869238644
1666285030.544730186 76.879419769541101 317.908664321232095 13.462537032624743 0.723484197223641 0.689138389680072 -0.038917593895802 -0.012013206157455
1666285030.645628214 76.875955301177541 318.088790399210438 13.470167118547682 0.745162661605465 0.665711716287268 -0.039455059930739 -0.001953661378139
1666285030.743608475 76.874980426070138 318.258755756913104 13.433913407063466 0.741321201815473 0.670086905135264 -0.037689144829168 -0.002437963730812
1666285030.842891216 76.878180112968707 318.429440846466889 13.415971095952832 0.729093209342947 0.683674240535806 -0.029373888932062 -0.012239263327417
1666285030.942849874 76.881655431517643 318.617213101778646 13.448985466585409 0.716943374099971 0.696208957336510 -0.032272024032459 -0.015614177000621
1666285031.042153597 76.883048134473569 318.807060962240769 13.474189544029722 0.703315258941312 0.709361196002210 -0.045105143196113 -0.010948342517832
1666285031.142717600 76.880061463622297 318.996336635101613 13.457384287806397 0.695750196914364 0.716273954606734 -0.053339479789169 -0.006179428895544
1666285031.244111300 76.873787568569114 319.183193875655149 13.421312393757633 0.697735272575404 0.713993339271157 -0.057814639426434 -0.006038902925210
1666285031.344495296 76.870253811223591 319.368350655817835 13.430150623780087 0.716475285955014 0.695621872543058 -0.051796559431786 -0.009512701319859
1666285031.445015669 76.870520405096784 319.555281512587101 13.458764327370767 0.729689052704359 0.681510130272513 -0.055658071632923 -0.000088099157507
1666285031.545067549 76.876859623542103 319.734979233915681 13.472359560986598 0.743873071090193 0.665704209740152 -0.058799138117735 0.005781055067648
1666285031.644169092 76.884658955005250 319.902588458626383 13.441704936943486 0.749651763116208 0.659440829506657 -0.056202662398129 0.001134537656665
1666285031.743669033 76.894680208245276 320.067172949043595 13.420103782118575 0.743682450964750 0.666893292321897 -0.045665583162520 -0.010217793183981
1666285031.843413591 76.906772021283246 320.248456830587429 13.448531777904943 0.740896655488046 0.669856497896688 -0.045098333677644 -0.018181265404580
1666285031.942375660 76.916701973811897 320.433175058909171 13.476342968789901 0.728607797217602 0.682224711224603 -0.057641984935202 -0.019429945984248
1666285032.044256687 76.922303849554069 320.618178021532628 13.464709864748517 0.723643939475044 0.686782900789313 -0.064172157689947 -0.023465511327735
1666285032.144950628 76.922160239528949 320.796874556883438 13.426142715576558 0.727860524891952 0.682109785808497 -0.064403627122159 -0.028239497548795
1666285032.245786190 76.922163223224445 320.979477143373572 13.429144693589864 0.744022710526373 0.664475991485224 -0.058528196535291 -0.038422820966774
1666285032.347688675 76.923197026572794 321.174805977190488 13.458849133750400 0.753118969777650 0.654070465224149 -0.065534184909578 -0.026625448179398
1666285032.447889805 76.929585774475896 321.365126406967534 13.467483421908666 0.766961505970970 0.637467381090703 -0.072439100738772 -0.012568336734039
1666285032.546799898 76.936117305110628 321.544792187480823 13.430962722627509 0.768638192502501 0.635417073984072 -0.073344984064894 -0.007809252751019
1666285032.647574186 76.945792943036466 321.720963251730893 13.416214866446543 0.758311460013413 0.648630937482447 -0.063087239533306 -0.016175189675431
1666285032.749332905 76.958697836741607 321.906042439302496 13.441839382089848 0.760550863826934 0.646156112651946 -0.059146448475113 -0.023374328811977
1666285032.849932194 76.967733131660268 322.095199614912246 13.467443351011394 0.744730901855933 0.663749737621278 -0.067070274268362 -0.017712931380771
1666285032.948281527 76.976483457711780 322.277021111960039 13.451960166290355 0.750740997997708 0.656792445569908 -0.069806943616111 -0.011774038843237
1666285033.049423456 76.986637610901965 322.461454777453412 13.415182814424286 0.759440555658366 0.646861869992693 -0.068779168598482 -0.009444021271183
1666285033.149586678 77.004413816687560 322.646106466617368 13.422310516571178 0.766623363981039 0.638739218460364 -0.062991075824211 -0.018246998809335
1666285033.249325275 77.026799533196851 322.835873511981958 13.451386924532271 0.775902796906266 0.627023645359375 -0.068846761518094 -0.008736208659645
1666285033.349837780 77.056198398108009 323.020717278355107 13.463221445202466 0.793359357596199 0.604509530089888 -0.071666927770822 0.003606828099776
1666285033.449814081 77.087001739239057 323.192100080588773 13.431619165317594 0.800625187469015 0.595363798385224 -0.067228469390078 0.004646468119994
1666285033.547799826 77.119666492036941 323.354226722872795 13.415997962572712 0.794558769487548 0.604799571552744 -0.053547384058237 -0.005149537898708
1666285033.647851706 77.157457343141729 323.531810274832935 13.448067233075548 0.793381326081594 0.606709340302971 -0.048155228749131 -0.011442104625692
1666285033.747569323 77.195109407491387 323.711156333868018 13.477964472441485 0.781396962694356 0.621507374785570 -0.054673724887908 -0.012575912931657
1666285033.847239256 77.230123951869089 323.883079739294715 13.463126887519628 0.779137884812439 0.624148702187646 -0.055620824832637 -0.016996407044250
1666285033.948663950 77.260356524707191 324.052584620910864 13.418012804953836 0.779594949902493 0.623717089372481 -0.050884710681947 -0.024888807325079
1666285034.049669743 77.288849021454666 324.216980310380336 13.407493118801122 0.790331063503260 0.610366877935181 -0.032781962466352 -0.041885884475814
1666285034.149375677 77.319356848181656 324.390818568535735 13.425713358375720 0.804856323948271 0.591729414153196 -0.027057530464175 -0.036475858750284
1666285034.250147104 77.360655109955488 324.573092236681873 13.439603524573387 0.828154115778084 0.559371225928787 -0.027070759317444 -0.023060054482197
1666285034.350438356 77.404718069390398 324.756315448371879 13.404074613386477 0.832185237902687 0.553532901108805 -0.025982023886566 -0.019849222697018
1666285034.447361946 77.449821696036636 324.928118391166606 13.360479281900711 0.819525507213593 0.572154546569317 -0.019645317183644 -0.025123283605381
1666285034.547109127 77.499286287623306 325.112822559017843 13.370609923014010 0.806740158499884 0.589710664720310 -0.017991299095335 -0.032984264969457
1666285034.647680521 77.549809463247342 325.305726557612502 13.404373240214069 0.795872772543785 0.603814328334279 -0.028789994393806 -0.034145615304136
1666285034.739355564 77.595085850968431 325.479585404520435 13.400490184917498 0.790210031001620 0.610648266147458 -0.035736791879976 -0.037412346379908
1666285034.840215445 77.640199948626176 325.667413238436552 13.346954466569370 0.790853737648774 0.609713525589521 -0.034591993409015 -0.040039684715944
1666285034.941425562 77.683771171524242 325.851303009425862 13.322075666137836 0.807093322282464 0.587714304469190 -0.028094123684030 -0.049020257687785
1666285035.040985584 77.732469670947012 326.041049081592007 13.344453658283655 0.810422787166036 0.583427913813610 -0.031684212173295 -0.042695270511985
1666285035.141154051 77.790513433842023 326.231781278757126 13.359756881579646 0.820783653940188 0.568973880374470 -0.040113020769124 -0.031206769153308
1666285035.240870237 77.849421358056375 326.413169801558411 13.323113268481789 0.827256623362591 0.559630803130387 -0.040336204828824 -0.028858861210530
1666285035.339679718 77.906019795815752 326.583192606735849 13.270344720365697 0.820185977980713 0.570190048254631 -0.030714396439275 -0.035141090571768
1666285035.438989639 77.962729172114081 326.759387231119661 13.274302755309371 0.806191347810803 0.589483843088568 -0.029974131841108 -0.040814958935489
1666285035.539456367 78.019941427942456 326.940537551543116 13.304584083521922 0.798043118631569 0.599653358604784 -0.041469864666330 -0.042699890437306
1666285035.639355898 78.073148367906100 327.117348993358576 13.297953634161734 0.794334564085769 0.604314770390946 -0.043963873693146 -0.043628389792697
1666285035.740209103 78.119737549302187 327.288151147324697 13.244628197431485 0.799674765155463 0.597006825064540 -0.040997770918977 -0.049216903392920
1666285035.842115641 78.161953628914276 327.454977442632980 13.221765190858813 0.812118412234096 0.579631509535850 -0.029850597694390 -0.059999495671638
1666285035.940716982 78.208403823138283 327.627610523743044 13.249625325032277 0.814039517123981 0.577407462922811 -0.031769932150208 -0.054138320372625
1666285036.041623116 78.264571537536781 327.803155200389085 13.263922339061656 0.823291374130835 0.564363007632820 -0.037659860840618 -0.047617683468049
1666285036.140940666 78.318618607648574 327.973015655107019 13.224473324199220 0.822737300541660 0.565186579837042 -0.036808462262516 -0.048089514193824
1666285036.239436626 78.367585758378965 328.136407781666662 13.179933690534725 0.812586135126618 0.579827924781558 -0.025397435571839 -0.053463266921052
1666285036.339330912 78.415300252805181 328.303529018515803 13.184867377655442 0.805946786904006 0.588673659292478 -0.016620377516795 -0.060306405841433
1666285036.439835548 78.460087966941728 328.478745439606712 13.212908654961797 0.796931319111865 0.600964555822748 -0.020698842544624 -0.057564165769186
1666285036.540254831 78.503091209682594 328.653972401781743 13.208067253205936 0.789655951027942 0.610848573549537 -0.021417200433551 -0.053374176567335
1666285036.641980648 78.545184757748132 328.826308771406900 13.159827914495377 0.791198143482966 0.609016118494423 -0.015757883559643 -0.053446742359238
1666285036.743990898 78.592385190833070 328.991714097139095 13.137959717027446 0.813314672811357 0.578660835021216 -0.006586790109064 -0.060228690823919
1666285036.843981504 78.645475065217965 329.157974850132632 13.162904906216363 0.819711615639211 0.570051520890230 -0.004985039916352 -0.055581292661494
1666285036.942802906 78.703985050362178 329.323156680490229 13.178629228106075 0.836252366602974 0.546205008790651 -0.008490017523504 -0.047644383985735
1666285037.042906284 78.763512388189000 329.491794550335044 13.137217682122738 0.840366779721083 0.540315962852877 -0.008461513160331 -0.042080145230528
1666285037.141812563 78.822176373773488 329.654791601645172 13.082410716176577 0.832564164182644 0.552211059764850 -0.002068487961610 -0.043538251570194
1666285037.239840031 78.881497274118303 329.822696716165638 13.086212196841860 0.819778410177141 0.571107294783825 0.000080076993064 -0.042424163395594
1666285037.340682030 78.939179662693292 330.001397877290117 13.110982681724520 0.810495425971602 0.584700980926747 -0.011269096910590 -0.033089799594906
1666285037.441028118 78.993769396274928 330.175178982827106 13.109162298305169 0.803788535797588 0.593941410376171 -0.018497567135636 -0.028555748472017
1666285037.540839672 79.045707465925403 330.339832003652532 13.065592451573771 0.803954529285524 0.593790425819167 -0.016318847123667 -0.028350313496288
1666285037.642541885 79.101678550285598 330.499359998209798 13.042410889192634 0.823867337228107 0.565671022177999 -0.008070261343568 -0.034551066533640
1666285037.742443800 79.164406683630929 330.661309035482759 13.064267806448559 0.826205005924048 0.562133702067965 -0.011998641328575 -0.035313195716005
1666285037.841985464 79.232595563207440 330.822964533281379 13.081464688090408 0.833450664376664 0.550920213043717 -0.024669650775619 -0.035189732033242
1666285037.941571474 79.296210832150535 330.983293002287951 13.048539764664527 0.828356568264869 0.558018794570439 -0.028476789993029 -0.040366980941056
1666285038.041054964 79.352975813345012 331.141595728324717 13.003529058892903 0.814924849598134 0.577300467318730 -0.024050529688741 -0.045202123431603
1666285038.140185118 79.406443688578889 331.296805577872988 13.002093472987250 0.799753766365676 0.597237555681631 -0.011314787064738 -0.059776173020912
1666285038.240481138 79.454065582604159 331.467097021401457 13.028623407061747 0.785848736952631 0.615424689350195 -0.018712603939359 -0.057827785898993
1666285038.340845585 79.493594141736153 331.645367082828955 13.038425717243763 0.769568666760828 0.636107623684913 -0.023089188543725 -0.050971046705816
1666285038.441436768 79.529606404066101 331.821835573221051 13.001339261726667 0.769833520961281 0.636135978828046 -0.025126635000970 -0.045343341940904
1666285038.542768955 79.567815144506511 331.995388812546480 12.984113461016841 0.782782399773405 0.620259497253420 -0.020043919945866 -0.046131463721940
1666285038.642785072 79.606282859102649 332.174485601728747 13.005736584117846 0.786572018712215 0.615677412384970 -0.025733192468654 -0.039794296869135
1666285038.742267370 79.646172255402590 332.354413456971429 13.024904513394322 0.794296861603121 0.605893385245881 -0.035651095185327 -0.026733888134830
1666285038.841849804 79.685680979645511 332.531057436921685 13.004106118372816 0.792890924984804 0.607463434932274 -0.042654265692560 -0.022198421458628
1666285038.940904617 79.721664368597473 332.706470525222699 12.969384676278260 0.770942597882973 0.634560080033117 -0.048324758111277 -0.025411283936533
1666285039.039932728 79.749266782143891 332.891709459900881 12.984794394294562 0.753485743064796 0.655121453793739 -0.050607690286095 -0.022671071019631
1666285039.139917850 79.763365931028815 333.083849551146670 13.013549015446461 0.727226916877858 0.682992791083170 -0.067180647482751 -0.012190951584818
1666285039.240764618 79.764052652025214 333.272909997893919 13.016787005633564 0.701100178950669 0.708098629554945 -0.083972083575968 -0.001886551790818
1666285039.341811895 79.752064738796250 333.452738374426360 12.985798289174353 0.693249872925307 0.715186978820423 -0.087994919447335 0.013003582822397
1666285039.442094088 79.732424755967031 333.621406457324667 12.976989878090304 0.691117427432027 0.718095111944784 -0.080384791634789 0.015310028562259
1666285039.542766571 79.708896782399421 333.784893779076356 12.997085956535379 0.691596191521973 0.717960974344319 -0.077393783942504 0.015393160751468
1666285039.642647743 79.684410302746230 333.941253879614749 13.022889683633363 0.682087878694565 0.727092362702960 -0.075553209935732 0.019609546281917
1666285039.743320465 79.655335912639018 334.089821323144463 13.022940641673790 0.669358643030496 0.739410712117775 -0.070901973786761 0.014272908568320
1666285039.842843294 79.617449826372848 334.233167843828653 13.002789416968563 0.646448237166717 0.760708014449105 -0.057911725826256 0.008615418084367
1666285039.941791773 79.573223235669602 334.371750520249691 13.006608745098521 0.616553942186155 0.786296677575195 -0.039872254272688 -0.002995755019281
1666285040.043245554 79.517794102511701 334.516053667781762 13.033652733090497 0.590625490064275 0.806045653199032 -0.037776092878655 -0.004990215636953
1666285040.144011259 79.450533106404350 334.658096247233630 13.053254325090192 0.546299914132730 0.836664372645823 -0.039357921033367 -0.000292259602748
1666285040.244514227 79.377643182458314 334.794774096887465 13.034360818401073 0.525367803376076 0.850057405043169 -0.037024021726533 0.004505676670998
1666285040.344594002 79.301168736203152 334.925776108693469 13.012567830288177 0.523368225515121 0.851609919691405 -0.028628487451139 0.005162839394431
1666285040.445415974 79.219534419695805 335.051718297455295 13.016710578359602 0.522211298367777 0.852507247178980 -0.022889120373512 0.001685684693565
1666285040.545500278 79.135135957606195 335.172959334580696 13.035285902516929 0.519093953849376 0.854481645225167 -0.018435643534859 0.007919097029999
1666285040.644496679 79.045978140030471 335.289611853225495 13.040252217379290 0.498055467087913 0.866900336996638 -0.019311335412686 0.007185384021491
1666285040.744071484 78.949323023117088 335.401806246085300 13.011947115718419 0.470794653934359 0.882086577027364 -0.016504998556940 0.001802630746992
1666285040.843334913 78.847965220479310 335.508757535402140 13.000447802442604 0.440117601114949 0.897890217322668 -0.007159028442581 -0.006197026450808
1666285040.942876101 78.734102506605467 335.612053586540696 13.025010625457334 0.405026284896966 0.914249423195838 -0.010055180506763 -0.000770761712058
1666285041.043314457 78.614853222463026 335.703556652924362 13.045782113950336 0.368489639070075 0.929454117666722 -0.016135296682338 0.008371454554205
1666285041.144203186 78.495495020979419 335.786224601195556 13.031522564829897 0.345694603060850 0.938111541264396 -0.015343360323419 0.014372155549049
1666285041.244574785 78.381745484767919 335.865004833089301 13.016725953814300 0.337549013360438 0.941084220320517 -0.014815931000651 0.014200071538677
1666285041.345381260 78.277684218935690 335.934637269466805 13.027609378441372 0.337004732451068 0.941425439604877 -0.012001429616575 0.001384795113857
1666285041.445339918 78.173579102984007 335.996460193856024 13.048180900573852 0.335385598959365 0.942007387876612 -0.011524730604310 0.002400371023141
1666285041.544558525 78.065217166766871 336.053849659555794 13.065389759438174 0.326412556180377 0.945148170118696 -0.009810500102721 0.007316677989866
1666285041.643994570 77.947454884422825 336.104479258997401 13.064425185408091 0.305120094788240 0.952130868992691 -0.010497530920448 0.015438196533691
1666285041.743821144 77.826687046850196 336.148296898879664 13.080126641464634 0.263679565966572 0.964348580098337 -0.008084504578799 0.020965288925187
1666285041.842700481 77.713467737694941 336.181385368678946 13.120298653104204 0.228583188819665 0.973053013780597 -0.006374440812438 0.029612913836012
1666285041.942950487 77.614879404575788 336.206273475002206 13.167388133122667 0.185887830253419 0.981548762418485 -0.012059228811202 0.043154565910185
1666285042.044187546 77.529792132941296 336.225604686004317 13.205866528636315 0.160377111989184 0.985575197828219 -0.019483118191098 0.050409517766269
1666285042.144764423 77.449441660087913 336.247716734580706 13.218172329356644 0.151949480959838 0.986574622820576 -0.024367364666094 0.054663519660766
1666285042.245932817 77.369128181535913 336.280616665764398 13.238344185489398 0.157153342772515 0.985213710367063 -0.037413116405673 0.057070399341555
1666285042.346501350 77.297042088830963 336.312764355315437 13.277243074587378 0.171773803243970 0.981955023749247 -0.049305757598730 0.061863027086729
1666285042.447609663 77.233570899535366 336.338339213782376 13.324057483101271 0.204157723765422 0.975175623962136 -0.044025050887737 0.073579352751385
1666285042.547535419 77.176205882963473 336.364115629942546 13.368462089718392 0.232779979497899 0.968696698927656 -0.035508409912408 0.078608774682680
1666285042.646894693 77.119453397928751 336.390574116848484 13.390551596403913 0.245099605092116 0.966000619970885 -0.030915996413572 0.076244258572767
1666285042.745143175 77.058938483023056 336.416686816457343 13.419076015576415 0.225654685046481 0.971468422119580 -0.029568990755765 0.066743859093948
1666285042.844159365 76.993132999964573 336.442199868098839 13.461618721217450 0.207864550010802 0.975458454886401 -0.033640211845776 0.064354236740190
1666285042.944274902 76.926650455825026 336.463678595452734 13.509345993182897 0.178386140963471 0.980519282317295 -0.045816950841474 0.068272459540635
1666285043.045562506 76.860504117588448 336.481427520306283 13.542138890761549 0.163718603817061 0.982632061025044 -0.050728234149812 0.071113273514222
1666285043.145685434 76.792573057426267 336.502234435605999 13.557795145285036 0.161490886558360 0.982408922562493 -0.057692515094742 0.073925476868528
1666285043.247419357 76.726145300159388 336.531160861546653 13.593725718656934 0.179400231413695 0.978961622161699 -0.063142408135046 0.073910321323587
1666285043.347960711 76.673815598043575 336.556976376576813 13.642189841409149 0.212449511572433 0.972331079731187 -0.057588450577473 0.078237118949417
1666285043.447525978 76.633354328652956 336.582319059427618 13.695645916526939 0.241553260158406 0.966053133035146 -0.050998631446832 0.076108516280203
1666285043.546980381 76.592460348988141 336.608311231283665 13.733953992555096 0.261353482982366 0.961788842990031 -0.045763572258880 0.067544606646194
1666285043.645879030 76.543282959633615 336.635421423198522 13.764513040007802 0.252100500850103 0.965056245056799 -0.043473528497684 0.056761198612776
1666285043.743998051 76.487661206225994 336.663451661629495 13.804283081817029 0.229500513311903 0.971138612738891 -0.043810808187249 0.047957505389005
1666285043.843770981 76.423889378753316 336.689424117421993 13.848221639936874 0.200903367948893 0.976871289424815 -0.050783609512283 0.052738464607867
1666285043.943848610 76.355595246285716 336.710990703542961 13.885155522166444 0.173138801099222 0.981078436627763 -0.061942265780178 0.060590531009106
1666285044.044512749 76.286245476548231 336.731272207112681 13.898995564671827 0.165197931220801 0.981639888805636 -0.067597979708568 0.067255374248794
1666285044.145977020 76.213534033016487 336.755843440154763 13.920733041754483 0.168870236305698 0.980388251342220 -0.072801402644677 0.070863782662015
1666285044.246817827 76.143872876802277 336.778651389250570 13.963802418295691 0.190276888578976 0.976243704449183 -0.070384267692378 0.076085412908441
1666285044.347365141 76.090356119557882 336.796283336591159 14.011891206225677 0.215756699192153 0.971273628664485 -0.057941486785122 0.081971758086308
1666285044.447057962 76.047501263436430 336.812626789666865 14.056142250433105 0.235911230663542 0.967638248194702 -0.049112934826447 0.074900143592881
1666285044.546405554 75.996811143357121 336.832020792098888 14.085152298347888 0.240904920423841 0.967450170362039 -0.041020199165743 0.065744432786715
1666285044.644739866 75.932407505100855 336.858576931296113 14.119084269966528 0.218702768909665 0.973317229721755 -0.038654740649260 0.057692982444596
1666285044.744252920 75.859843359150787 336.890368390618505 14.163935866156802 0.199207591770426 0.976913626234709 -0.045608553962363 0.062257224989891
1666285044.844194412 75.788859907781202 336.915362944488493 14.209540138257102 0.173703358681624 0.980356563081395 -0.058752679272335 0.072637972743465
1666285044.943741560 75.722671114399247 336.926008780283780 14.242190424067019 0.162793022228155 0.981492450364395 -0.065623576243686 0.076580337114089
1666285045.044759274 75.660053656540725 336.925477760248270 14.263490419848708 0.157997836182550 0.982513052813038 -0.063577988571583 0.075250409851560
1666285045.145555019 75.602960768333062 336.925965194578453 14.302426694995090 0.145740853049978 0.984382609425582 -0.077751779023696 0.060869884765760
1666285045.246638775 75.547161198829016 336.934092024254426 14.352601410882464 0.137980013279834 0.984972832525139 -0.090439016629827 0.051096177877903
1666285045.339991093 75.497065396860066 336.948671087673404 14.394271657146746 0.139918944934301 0.983972533378175 -0.099092379436769 0.049004517581211
1666285045.441061974 75.432343786801354 336.968032901879212 14.427547440539131 0.145300521830379 0.982366438826097 -0.107694621042372 0.047389944318297
1666285045.539979219 75.354157039443479 336.988627193915818 14.442575272887732 0.139811283745265 0.982366042033974 -0.113252671890201 0.050829093103618
1666285045.639488220 75.266402797464778 337.011909814504065 14.461227626579365 0.125591535955001 0.983603105732191 -0.119038331837257 0.050809172831837
1666285045.739821672 75.174835612669071 337.040664001319556 14.494355918646026 0.117446894318679 0.983724615319221 -0.124209138411661 0.055355199981403
1666285045.839468241 75.082607514442500 337.068632491710730 14.525652798839459 0.100915778779774 0.983600579883930 -0.133822021627747 0.066615098684393
1666285045.938800812 74.990402320340507 337.088838213792371 14.547502695971161 0.093547019121710 0.982301518574470 -0.142736237424299 0.077194872534945
1666285046.040139675 74.899070954258775 337.101637090711790 14.554042982394330 0.105534288171962 0.980637198901853 -0.141647338010192 0.084553118124591
1666285046.140796900 74.812787959948736 337.111826654242577 14.550881396839106 0.108456737157229 0.981270661737558 -0.138768873164133 0.078027074910569
1666285046.239046812 74.728964556061044 337.124152365539715 14.553631315055391 0.106472570862231 0.983317253009714 -0.137808357111855 0.052532164409523
1666285046.340454340 74.630199929097216 337.143983608964334 14.569655185923564 0.118627013502611 0.981819369617506 -0.144240511116124 0.033956325836204
1666285046.441468000 74.518537800150938 337.169062916707844 14.581906537223650 0.123950132806605 0.981008096338897 -0.146385170991249 0.028824663200485
1666285046.539423227 74.399145265162062 337.193141211640523 14.570351297109587 0.141086910589920 0.979032341751260 -0.143887679601304 0.029774034395579
1666285046.639850616 74.267282111936041 337.216639028367581 14.543516075536100 0.141049877490859 0.980394567824444 -0.134541717539803 0.028808847279540
1666285046.740464449 74.128297642156895 337.242818510523932 14.536523787875987 0.138624254432343 0.982899351670260 -0.119714178932306 0.018991996520202
1666285046.838771820 73.983150500306451 337.272507288760892 14.557525107235877 0.148915365440919 0.983112905073410 -0.105518425234606 0.013382516569262
1666285046.938864946 73.826789847960072 337.296222971327893 14.573235545212267 0.146255600023933 0.984430943931448 -0.095388905874384 0.020148764924066
1666285047.039468765 73.661284275515811 337.309929020659354 14.564069501162690 0.152677633883876 0.984421888507259 -0.081615417252884 0.030692168480907
1666285047.139369011 73.489146281956749 337.318019869839077 14.531147354730651 0.177457530534182 0.981346491794871 -0.061432125039998 0.041158011512697
1666285047.239680290 73.310626384036482 337.332294754829491 14.521653786605945 0.181452927490091 0.980926625201366 -0.055022225671122 0.042782540346863
1666285047.339765787 73.128140372536407 337.356190995966358 14.543887095166484 0.168462140557181 0.982151992091569 -0.062016238753818 0.056142299207326
1666285047.438684702 72.954340085998297 337.382213719512947 14.558510462945565 0.163102893809869 0.981769771145416 -0.069374623584021 0.068649283306521
1666285047.538843632 72.785815419637359 337.402047415638549 14.539990505419977 0.140578865800456 0.984614458725050 -0.076321835917256 0.070334397858040
1666285047.639449835 72.620302983099720 337.410232536778324 14.513944573164110 0.112933073965260 0.988755060137261 -0.077142499297433 0.060486251825222
1666285047.738541365 72.455085143041231 337.410218346777526 14.523790265724012 0.094925085735842 0.992086437356867 -0.069418352227420 0.043986603467792
1666285047.839024067 72.279525259708691 337.400733602690138 14.557160644789894 0.066619302824703 0.994674820263519 -0.060042241138632 0.050781883619428
1666285047.940795422 72.109815992723213 337.385434091383047 14.572905668742910 0.065440380440470 0.995345312760325 -0.044444757087738 0.055044786685649
1666285048.040234566 71.954792372007759 337.367297125698997 14.546250332525814 0.075510938029361 0.995703401818229 -0.018329474917973 0.050367292906842
1666285048.141037226 71.802827982654620 337.363725866725019 14.536213797412119 0.093222891134976 0.995056820478179 -0.004756733804149 0.033893805802985
1666285048.241514683 71.644061365959843 337.382195735775895 14.568727031857668 0.097715984215135 0.994800901912210 -0.009950094843095 0.026902557427393
1666285048.340411901 71.486856841821563 337.413377859683749 14.593593250814999 0.104662987369907 0.993825394517068 -0.019432143471822 0.031291150312700
1666285048.440580368 71.332213964017853 337.452717379903163 14.578701001971956 0.121912586550107 0.991599801753174 -0.029596714349209 0.031483152692502
1666285048.540780544 71.176490771507630 337.490841857906275 14.542192228220337 0.113865434477575 0.992477756102090 -0.034724798141007 0.028578923490224
1666285048.639707565 71.021030378453716 337.529608733324380 14.547454639679913 0.107372119290132 0.993471209187857 -0.036403804169862 0.012686510786064
1666285048.739005566 70.858379914862979 337.565115638759721 14.576656719984902 0.100164510183244 0.994108833392395 -0.040002068738525 0.010701998299360
1666285048.839184761 70.691837247174021 337.594510734619462 14.598402022588335 0.081186924366973 0.995661459300385 -0.042555072930834 0.016000235732958
1666285048.940153122 70.526280137420244 337.619370144389961 14.578538881484102 0.088805080502374 0.995157873078698 -0.038483013228938 0.017132513512915
1666285049.039899826 70.361607364025502 337.644474009297141 14.545401217501251 0.101262536606824 0.994211844847051 -0.032939557277365 0.014272064046435
1666285049.140760899 70.183794412031787 337.682326509045424 14.559307506528990 0.108043791560787 0.993267477746097 -0.039937927228720 0.012297102331448
1666285049.241318464 70.000199001786754 337.727532962403302 14.586450714085858 0.121318414300808 0.991178219754119 -0.045217267094852 0.028336862795064
1666285049.340322018 69.824052853911226 337.775510671622101 14.586317785022979 0.135017764292684 0.988396205675431 -0.052578462000434 0.045592206192357
1666285049.439960003 69.652923594009465 337.818129351331265 14.550876684034209 0.111954177323965 0.990221631125864 -0.066407846000881 0.050173513128656
1666285049.539762497 69.485688294737301 337.851728606410575 14.534724679544238 0.089696875921804 0.992727092818571 -0.068220586344879 0.042347859835159
1666285049.639557362 69.318830646823429 337.882852445486890 14.561719391866927 0.089197910585019 0.993492128196505 -0.063519209268666 0.031343803418389
1666285049.739493370 69.150021255054583 337.909829199531146 14.587640936400071 0.058096474667236 0.995413865030260 -0.068187003582734 0.033564407922191
1666285049.839944124 68.984793619248734 337.932064056370507 14.583206127444708 0.046999367751918 0.996187110012587 -0.066947898922141 0.030336118828904
1666285049.940200806 68.824062322613585 337.945802339111367 14.549759665025354 0.059234181728621 0.996150690764583 -0.060353502690967 0.023077428737128
1666285050.041114807 68.659501428852252 337.957202363220119 14.544041540004564 0.089402672717995 0.994763990997192 -0.049130296295690 0.006162654632107
1666285050.141795874 68.483548650056392 337.970690571813407 14.569143845400202 0.109171110007224 0.993302247535067 -0.036685763904070 0.009298844463153
1666285050.240603209 68.307410728844260 337.993468033505678 14.589800908128653 0.131286500782231 0.990680916280043 -0.029178528665345 0.021535791042279
1666285050.339946270 68.133836267136488 338.021387525829994 14.566405457975470 0.119747829371508 0.991967800248980 -0.030741934359145 0.026744608837498
1666285050.439708710 67.966735121279797 338.051375795647118 14.533012443264722 0.098264430867311 0.994272259679065 -0.035464395626734 0.022562178570357
1666285050.538900375 67.796279943120339 338.082059054044237 14.555085936299502 0.097500602380104 0.994522971400787 -0.035983802561437 0.011084125806127
1666285050.638878822 67.618996780460876 338.108923648769519 14.587972656761140 0.072498991257650 0.996400083959116 -0.040622594910744 0.016750335387917
1666285050.740032673 67.442598507576335 338.130565929415980 14.591700629444832 0.058425843281187 0.997102955410832 -0.044239344543396 0.020371488463967
1666285050.840811491 67.267807396856853 338.143107054189329 14.558985789964332 0.065485556890394 0.996711884988820 -0.043152691291770 0.020369226668329
1666285050.940552473 67.094754340730333 338.151810694371989 14.549346026060359 0.074279291467668 0.996376719492479 -0.040216375606495 0.009932917272654
1666285051.040892601 66.916709147565868 338.164270434290643 14.576113460795689 0.082990401517408 0.995797978216865 -0.036900036530522 0.011720372828106
1666285051.141605377 66.738242752162577 338.182843704533695 14.603319719646285 0.107192248805754 0.993603612681583 -0.027839736949199 0.022059730475946
1666285051.241072178 66.568653715680540 338.204402870103024 14.585816834762328 0.123127759358860 0.991815651622850 -0.024263506775568 0.023506388709440
1666285051.341893196 66.402875907090518 338.226446774129613 14.552535236247838 0.112313904817836 0.993316603747453 -0.021273609364849 0.015973260430711
1666285051.442191601 66.238300086951369 338.253620037030032 14.568503375709085 0.103010416694745 0.994475445439044 -0.020041166633057 -0.002407096004877
1666285051.541432619 66.064478233197008 338.281731715924991 14.597491483648890 0.081804105224208 0.996259265879008 -0.027633218758070 0.003459586645058
1666285051.641875029 65.882607424666830 338.305957049751498 14.608454388470548 0.063621335554762 0.997333274200094 -0.033745505330659 0.011828216498119
1666285051.742649794 65.702260407693743 338.323687179348553 14.575769320483204 0.072666964292277 0.996750226622148 -0.030189396386887 0.017236541852597
1666285051.843197107 65.525948909987036 338.338801968944381 14.557286097577835 0.097191288239068 0.994785213585427 -0.028047497440552 0.013021912668605
1666285051.943820477 65.344250432331108 338.354766426565732 14.579967000583739 0.107519551913532 0.993534608577611 -0.034305334199865 0.012315500813329
1666285052.043511152 65.164368387788173 338.372910037389715 14.602036665849091 0.112808698263966 0.992759157857776 -0.033013265327087 0.024770474318255
1666285052.143050671 64.989733307272616 338.392793420335863 14.587634070016275 0.121567472301470 0.991593683532697 -0.033155037474982 0.029394896603356
1666285052.242823839 64.819574333237071 338.411805445967502 14.549948413520410 0.110820863450968 0.992999062600288 -0.030614635556781 0.027098745149107
1666285052.342985630 64.645264622665820 338.436217851674087 14.556011164180736 0.110049253302184 0.993510954850787 -0.023898168221710 0.015938067472472
1666285052.441860437 64.466975854018401 338.464383259422277 14.587458713315302 0.100390019196249 0.994329988558336 -0.025807532677361 0.023742138835045
1666285052.542612791 64.292973610955627 338.497476148623718 14.605495922408862 0.098569000554150 0.994199492231968 -0.030103263447824 0.030745980310331
1666285052.643191099 64.127757416428054 338.529373823353410 14.579678924653781 0.103574163396199 0.993618808687890 -0.032491385763441 0.030632752889805
1666285052.743148804 63.970051433779503 338.560106384661310 14.557352924504157 0.118047743355934 0.992092828155091 -0.037562200420008 0.020140300678270
1666285052.843399763 63.810412170442497 338.590868510725898 14.574491682764551 0.127442607583084 0.990767223523874 -0.045840263830982 0.006112346122722
1666285052.943668365 63.642451836126504 338.619164894267271 14.605177820713635 0.138659954973214 0.989426649195896 -0.039497800446541 0.015755840431210
1666285053.044259787 63.473499155667888 338.648066686089919 14.604271849109674 0.150380290349852 0.987666752650836 -0.037461597880766 0.022288621910412
1666285053.142681360 63.312739294194394 338.674930254650349 14.567592310923636 0.141377554576676 0.989152902643915 -0.032637795547453 0.022884417293004
1666285053.242696762 63.148892183298564 338.703672467865431 14.567061482483906 0.132025821277992 0.990868950835274 -0.025206431029130 0.010608516449033
1666285053.342473507 62.973685140967177 338.734823740959712 14.599870946649716 0.126346697954589 0.991642015828458 -0.023328791503982 0.011764006401246
1666285053.442142963 62.799877837644772 338.766864633873070 14.620792432406434 0.104540414572181 0.993924034136442 -0.028119337169122 0.019890172552963
1666285053.543401480 62.630516699975963 338.796324523925477 14.604481550534429 0.085083934653148 0.995588216132174 -0.034047698400979 0.020139071386025
1666285053.644189119 62.466723171177954 338.821023626957867 14.575622166785054 0.091611065857202 0.994918781557588 -0.040154012346612 0.011475452450367
1666285053.743795395 62.300607062628167 338.842393514362982 14.579563000988742 0.111074729581220 0.992992249859480 -0.040356399329460 -0.000396485343676
1666285053.844148397 62.123719636987552 338.862939925385263 14.598895897093993 0.113828705869525 0.992804360366184 -0.035357295066023 0.011506061166852
1666285053.944675207 61.945645605176921 338.889662274551142 14.603716511348269 0.123049209560002 0.991401109785466 -0.036191483063881 0.025940472170771
1666285054.042601585 61.778966203599303 338.918285441386274 14.569834249283552 0.113794507804982 0.992395930453296 -0.034891469452013 0.031364192523305
1666285054.142336369 61.614619752827124 338.952994956561497 14.544640276770080 0.094642688401080 0.994474162395424 -0.038398421951655 0.024278860182430
1666285054.243072033 61.443159518419947 338.996100547993422 14.566988457598150 0.098316683732212 0.994234882633369 -0.040015127625821 0.015153132217508
1666285054.341950655 61.269502190094812 339.037456907383614 14.590770015581617 0.081820255255994 0.995029115285830 -0.051967782885301 0.022844148163773
1666285054.442572594 61.094202202354488 339.076723446399114 14.584688110582334 0.082932243656959 0.994410744300213 -0.058023070500380 0.030047260640978
1666285054.543736458 60.919026793991122 339.111905852786094 14.548130995901689 0.096324715939580 0.992728859932858 -0.064289900205993 0.032829384506437
1666285054.643056154 60.745667852419011 339.143750548393598 14.540983048849506 0.096040603071912 0.992516053823690 -0.071031236342486 0.025350521246923
1666285054.743579865 60.565324887090810 339.173202775174673 14.561244523953732 0.111761635068998 0.990561890979589 -0.072257226372488 0.032792839196982
1666285054.843655109 60.388047308940713 339.203410854929587 14.582982510679578 0.125841218402198 0.988710713747366 -0.065100470448789 0.048754907646001
1666285054.943037510 60.223660071144252 339.232353426047951 14.569184318967688 0.134425622476712 0.987659100540776 -0.061710392843816 0.051488644920957
1666285055.042555332 60.069037590361383 339.258157544714550 14.539362188540096 0.125866929264402 0.989432554234176 -0.059239990171726 0.040882273709264
1666285055.144420624 59.908918391013351 339.284625027542631 14.555693816083332 0.122814457279404 0.990930054775569 -0.050499922735735 0.020591100731582
1666285055.241817713 59.747482844146916 339.306244655496130 14.587225748936866 0.106733615559216 0.992775181286094 -0.051020662565565 0.020056588029656
1666285055.342875719 59.580677855177484 339.324503804006952 14.598194874104690 0.092405972537888 0.994250894950296 -0.049752463974851 0.021236441752181
1666285055.443616390 59.416869901471770 339.338716736930280 14.566797574359834 0.090000669116211 0.994572364689298 -0.048950763741697 0.018152511784239
1666285055.542697668 59.253217439682111 339.353358670662658 14.548321830609218 0.101747929578634 0.993647479685389 -0.047115689840766 0.009599828757051
1666285055.643286705 59.077247678663845 339.372765739501574 14.570043529649496 0.110093457736971 0.992520858144267 -0.052043178388233 0.008560624704755
1666285055.744230509 58.898708978815769 339.396274299949937 14.595619597205989 0.114700061415499 0.991877861938841 -0.049933497111057 0.022996712225324
1666285055.844400167 58.728899961718497 339.422158372756883 14.585033907822973 0.122483239822302 0.990740613636820 -0.049888760440747 0.030692084237719
1666285055.942918539 58.570832354661547 339.445843319190317 14.551401025845362 0.110722162913397 0.992382936716325 -0.047049731535683 0.026514756579738
1666285056.043486595 58.410479745771035 339.472823689211623 14.555210834526019 0.107994969201561 0.993254958028641 -0.041361009895275 0.008422697852786
1666285056.143434286 58.242399209849665 339.502222875459097 14.584742321611079 0.102034960380006 0.993924233313731 -0.040855854370291 0.005855292959109
1666285056.242238522 58.076739105073869 339.533943194186236 14.603256541001892 0.089024080487213 0.994854153280419 -0.047368068365702 0.009807797581991
1666285056.343383312 57.912764059687014 339.566296268177723 14.582448248462120 0.077746962841083 0.995526586029412 -0.053111170641868 0.007837718460152
1666285056.444990396 57.752074808970740 339.598143463461042 14.551223893132702 0.085005527435362 0.994360491219557 -0.063408723283177 -0.000779498964062
1666285056.543179750 57.592993285595021 339.629190299947993 14.564500352850953 0.104860116705632 0.992157815066058 -0.067176111194927 -0.010704952711392
1666285056.643720150 57.424424383944690 339.656749464852282 14.593690855698991 0.120688566206384 0.990564853753660 -0.064898983277071 -0.001913756682518
1666285056.744437456 57.260398919692776 339.686511943406686 14.599191983525122 0.149166872439453 0.987055394659634 -0.058623870385182 0.005842419105734
1666285056.843439817 57.106497524828661 339.718643308387584 14.567576568459256 0.154512496852877 0.986603299904868 -0.052150516397382 0.004487824929845
1666285056.942672968 56.955159237243087 339.758412280763423 14.555878402288023 0.139519835771395 0.988773218889885 -0.052348426671527 -0.011017225488940
1666285057.042707920 56.793838512655370 339.804924128233210 14.580681394159351 0.131385436751795 0.989581728666222 -0.055332172109975 -0.020105223925725
1666285057.141675949 56.629763640770065 339.849981098593219 14.600937515793946 0.108380987232080 0.991873548790187 -0.065074308308484 -0.014344309503523
1666285057.242564201 56.462484725089773 339.890145229579673 14.584826209694462 0.098003521058433 0.992904204057181 -0.066536461159338 -0.010461871826627
1666285057.342893362 56.294836469918742 339.922126206865130 14.545557390465655 0.105436226386761 0.992230804443034 -0.065493962174327 -0.008471941829206
1666285057.442957401 56.127998826503813 339.954177526067838 14.540948699727746 0.113034973975996 0.991105147266345 -0.067904532133618 -0.017962634442558
1666285057.543166876 55.959043604106775 339.989998307149108 14.563401010275935 0.113061793885569 0.991102388726864 -0.068605070355026 -0.015047595982892
1666285057.644307613 55.789651773131304 340.028638174738035 14.582120571776798 0.132090359055045 0.988865594653403 -0.068376622093031 -0.004648688699892
1666285057.743397713 55.622245708419584 340.061890150131035 14.560608684509647 0.141175573274129 0.988211812305887 -0.059205491849933 0.001257483456173
1666285057.843194723 55.457140567053862 340.096511909203173 14.530132982465508 0.130269038084270 0.990263847787509 -0.049032122132358 0.001827698244764
1666285057.943213463 55.289584529751401 340.136617683370446 14.547257742335100 0.107349320718116 0.993188273735532 -0.045240933090813 -0.002536578140969
1666285058.041945696 55.118178936481485 340.172276335859351 14.572254714575923 0.085502625360777 0.995113395517575 -0.048330214409251 0.010140093345341
1666285058.142040491 54.943454710070618 340.200568021048639 14.574731735215604 0.055764818879741 0.997083473367859 -0.046837556513368 0.022827076287908
1666285058.242947102 54.775267958501850 340.222863392988870 14.541636484553306 0.049498501082880 0.997484133898961 -0.041786178689810 0.028796115725749
1666285058.345247030 54.609037442801501 340.243373289706483 14.525490402571155 0.072937145351259 0.996482289831160 -0.034139310369866 0.023188927709725
1666285058.444907665 54.442696443436375 340.265563001712508 14.547975388345947 0.080999663796034 0.996116260614668 -0.028517617032147 0.019447244606563
1666285058.545361996 54.275709725092959 340.292125923039123 14.576135165212040 0.098909755005694 0.994397397900968 -0.023484460330534 0.028968181432077
1666285058.645354986 54.115986333863482 340.320057206955312 14.565693444495802 0.100749027966254 0.994211919582018 -0.023385857463460 0.029075659847928
1666285058.743794918 53.961638592874245 340.345331609798563 14.531590900675338 0.083161624550138 0.995978623935842 -0.022442463086479 0.024638602145027
1666285058.844811201 53.804219985517605 340.374821024620815 14.535191739862256 0.070254793281971 0.997287238905253 -0.020486752588779 0.007919602642169
1666285058.945824862 53.642579138462956 340.408921554151050 14.559038614934487 0.060469448225567 0.997813257330377 -0.026456507110107 0.003493216078487
1666285059.042918921 53.481006359439228 340.439489576681012 14.578011145286956 0.041756537888802 0.998541218232885 -0.033117935910294 0.008661948658912
1666285059.144021273 53.311742121094248 340.467205651042491 14.554836538391188 0.045002176986079 0.998280291428514 -0.035621973853521 0.011930582160760
1666285059.245230436 53.140367810946707 340.490170176288984 14.518057957946855 0.053928062108741 0.997834156578770 -0.035158202923142 0.013515208068917
1666285059.344592571 52.965555942889985 340.513992385322638 14.528452599565549 0.069571215981597 0.996860678363135 -0.036028691732366 0.011426601081941
1666285059.444714069 52.787170174667942 340.537991275237403 14.556619378288666 0.079263527287197 0.995931439370722 -0.035462904753280 0.024088248201433
1666285059.545147896 52.616475173983012 340.563845582639317 14.557392606910463 0.092746892333576 0.994666930802498 -0.029873509212944 0.033812485529853
1666285059.644046545 52.455946985468202 340.590657883778192 14.519638663608944 0.083717411189834 0.995426507865096 -0.032097997919810 0.032972428371473
1666285059.743700504 52.291494000609305 340.620649424563055 14.502049313653663 0.068672248186395 0.996960302830213 -0.028203595328433 0.023639672592183
1666285059.843616486 52.117404808310845 340.656400248276839 14.522648001444493 0.063937315346525 0.997340428575310 -0.026829706724339 0.022455646786088
1666285059.943559408 51.940931699308862 340.690715335268635 14.548217200675035 0.054941886458945 0.997391696421365 -0.030323790935178 0.035660352288842
1666285060.043617725 51.771470383885678 340.717873903035184 14.537236187728571 0.040385807304682 0.997688772127095 -0.034386820588638 0.042469366721013
1666285060.144474506 51.605764650709304 340.735823400412528 14.498471310394978 0.057037849897356 0.996959119188045 -0.029841934126362 0.043916481125907
1666285060.244876146 51.433693655992201 340.751725762050512 14.502023576386311 0.077299622695843 0.995896695643892 -0.025152194686015 0.039773194982737
1666285060.344738722 51.256222216222639 340.770070235459684 14.529565908501256 0.076884993379016 0.995466307418175 -0.021665947384865 0.051634439207262
1666285060.445602179 51.081434415541104 340.796899603592351 14.541598736829329 0.089970434842285 0.993648848725602 -0.019330504434261 0.064758149131154
1666285060.544514418 50.923211759452506 340.828931324157850 14.509582076490783 0.084429891578471 0.993943342357961 -0.021636876514416 0.066933333736141
1666285060.643566132 50.775079357234468 340.868602432997818 14.484303887367536 0.067020562026106 0.995896240489120 -0.027657743293855 0.054166148849925
1666285060.744390965 50.619813109697766 340.913924449585295 14.508587898205649 0.061851537863158 0.997023251599651 -0.029289898443613 0.035512320154906
1666285060.845999479 50.454736379919943 340.956358489434308 14.540678536305464 0.059153023516984 0.997060352550841 -0.034272026910189 0.034597707315071
1666285060.945269108 50.291978392921138 340.991672617505287 14.541708535354559 0.059775744204710 0.996828558712742 -0.037654547757989 0.036630860931620
1666285061.048311710 50.123255387354725 341.021215692906424 14.503708686875260 0.071294922786686 0.995963269203791 -0.039758105709320 0.037329524670755
1666285061.148886442 49.957075892736363 341.047637025902304 14.492782908600558 0.089104902019156 0.994752016118116 -0.041041764444752 0.029057123676678
1666285061.247779369 49.787962940033083 341.074508512614102 14.518550813264079 0.099955044697058 0.993680742929133 -0.042474994883557 0.028345105063428
1666285061.347932816 49.619556253387231 341.103823584237148 14.541294859017736 0.114495274378108 0.991973526630229 -0.039093535844942 0.036756632938956
1666285061.448406458 49.457704950078714 341.133164754407574 14.527410452792147 0.122605202643994 0.991028058085640 -0.039356896563542 0.035810432341948
1666285061.546527386 49.304433285980672 341.160603751251472 14.498298519978444 0.113316128819228 0.992485092400527 -0.038016710993456 0.026220716950178
1666285061.646337748 49.143868266825358 341.189325612359312 14.511864952676781 0.107417990061092 0.993498994757344 -0.036722332498736 0.008520159812730
1666285061.746610641 48.975420094530513 341.215799706679775 14.545360346479665 0.091266586393239 0.994933820075588 -0.041037596400678 0.009644664824541
1666285061.846134901 48.812148935375617 341.238405481227801 14.556519320331814 0.070243732541379 0.996439712454728 -0.045460001055894 0.010349192518902
1666285061.946923494 48.649887850142932 341.254805431623538 14.524673731938998 0.065913953884773 0.996548092240952 -0.049923129930054 0.007411587696470
1666285062.047409296 48.486411961264793 341.268005132828819 14.502304752033975 0.072318254080847 0.996079956950285 -0.050915650510373 -0.001544675280354
1666285062.147956133 48.314884145236789 341.284445150822421 14.521927709664784 0.084838796513578 0.994965816945087 -0.053165808943338 -0.004335720969448
1666285062.248384237 48.141909456812918 341.305516953964570 14.550037104394832 0.105002128566435 0.993293312792276 -0.047638252962227 0.008575815609660
1666285062.348614454 47.976516878459023 341.330374569797414 14.538863831145427 0.119233448862858 0.991665766965520 -0.046693852256327 0.014215324914297
1666285062.446918964 47.821615722774403 341.356105490470156 14.502652151064785 0.105710144222207 0.993140044938147 -0.048724883923110 0.011140118287339
1666285062.546717644 47.665882380750993 341.384955534283677 14.508430370568597 0.096099958923630 0.994234270958607 -0.047312474084544 -0.004954002652683
1666285062.646881342 47.500937126882086 341.416277534416395 14.537867381641878 0.082773971116364 0.995083636813502 -0.053961163376661 -0.006724455270094
1666285062.746561050 47.333121785785139 341.445635205070914 14.551749462862730 0.069292685175807 0.995648699855033 -0.062283427847040 0.001721880870548
1666285062.846764803 47.162186770507951 341.469074311385555 14.525038375996276 0.069545543060833 0.995336153414030 -0.066344447406288 0.008232462917693
1666285062.947758675 46.986542449974159 341.487597430352537 14.498175461839354 0.079584059369069 0.994422320342929 -0.068294063532449 0.011249319283886
1666285063.048115730 46.812125441689652 341.508891599692845 14.510452754170990 0.092985457774931 0.993129645976088 -0.070663060622301 0.007344575500652
1666285063.140035868 46.652701786427805 341.530320532814187 14.532706212491936 0.104190551007706 0.991751044140652 -0.072676513816654 0.017097364302576
1666285063.240880728 46.484710278402098 341.558896458658012 14.544004367588073 0.125958488273256 0.989207153536321 -0.070321284400655 0.025662883406350
1666285063.340813875 46.326871104640794 341.586096138387177 14.518258373024702 0.128594018720875 0.988948177546540 -0.069697038194837 0.024236405332879
1666285063.441504478 46.172486685341632 341.614483691704038 14.504950747556476 0.124667894599055 0.989869736219392 -0.066812119711185 0.012327288140074
1666285063.542299032 46.007397227536998 341.646563542151625 14.534338833835067 0.124932769573162 0.990107353366760 -0.063505149989353 0.006806454339703
1666285063.642610550 45.838561943791632 341.677809476589005 14.559604300253913 0.111757305949314 0.991408825948502 -0.066046407840610 0.016022372162571
1666285063.741077185 45.677105216792469 341.704348921067094 14.549353544097690 0.102123416163857 0.992280355974274 -0.067227969579681 0.020758206203473
1666285063.842281818 45.512235108702100 341.724989842047478 14.515806889395829 0.110865455441874 0.991329343646735 -0.066954505820080 0.022182816885811
1666285063.942897797 45.347822500895703 341.741394375388666 14.517454278017324 0.116565658865352 0.990810278878714 -0.067583042861414 0.011830923850798
1666285064.043156385 45.181128726919837 341.755999269596032 14.539724729962041 0.126982626420989 0.989891503477099 -0.062074012089206 0.011706449257821
1666285064.144421101 45.011359865132604 341.775723510640773 14.558411425448453 0.148718466761050 0.987046854020625 -0.055884142251348 0.022322371223977
1666285064.243443727 44.847235602724687 341.798609008398273 14.543539693497522 0.146081188106308 0.987487973127473 -0.053679822279923 0.025421764101685
1666285064.341638803 44.685843962078565 341.824656279099202 14.517339010546232 0.132234860738252 0.989546719303675 -0.053328151700803 0.021618051647774
1666285064.441607237 44.517360065333435 341.858441625434068 14.535316805466127 0.131201857888436 0.989931261384813 -0.051843203303326 0.011595365063108
1666285064.542464972 44.340601071089338 341.892703640122932 14.565241194540537 0.114366754479201 0.991654857560376 -0.055959966959406 0.020232919826518
1666285064.641170979 44.172684825735018 341.922990761534663 14.575012481295833 0.095842340508161 0.992905847276514 -0.064664293228342 0.027762445701070
1666285064.741914749 44.009063635025107 341.947742501776872 14.548611685498898 0.091222990966195 0.993246164399093 -0.065860454319226 0.028334138111752
1666285064.843907118 43.848301748841443 341.967770175744533 14.532066762179159 0.106169588228111 0.991960971779579 -0.066306256304137 0.018572274403457
1666285064.943771601 43.689944930245069 341.985319243992706 14.553727441763051 0.123165692370401 0.990254189538935 -0.064307961415893 0.009557113687696
1666285065.043545961 43.532286705251195 342.005280311324498 14.581990240809805 0.150215031215517 0.987122344038451 -0.052408413059037 0.016681742642472
1666285065.143728018 43.381229367085140 342.029858104891503 14.577044289428361 0.168511117438502 0.984539662026416 -0.045343210502496 0.015154222443403
1666285065.243346691 43.234603150622874 342.057218070030558 14.542720962206438 0.157328588380778 0.986444636174493 -0.046091647713823 0.007089079750514
1666285065.341383219 43.085509655262584 342.091103528866313 14.546736356967308 0.147552237374376 0.988180763216580 -0.040961377862136 -0.007020112402828
1666285065.441412449 42.921069106986671 342.127921701348896 14.577243779311255 0.133365711118099 0.989993335415011 -0.045726630734256 -0.005988169463069
1666285065.542301893 42.751631774035346 342.160582830899330 14.595951250098446 0.105793269439169 0.992936888937631 -0.053519572591053 0.004446805359033
1666285065.640936136 42.588892375882700 342.187289008091341 14.577227257420867 0.101474352684813 0.993297694399664 -0.054175933322800 0.011296649773869
1666285065.742402315 42.424138972742703 342.212633146353937 14.550505425982031 0.117529011625616 0.991614217037114 -0.052446178642184 0.011729208925156
1666285065.843383312 42.260052003737364 342.239157527885936 14.564958935533040 0.130798145775559 0.989931449522725 -0.053771298092432 0.006018123375787
1666285065.943083763 42.097888982307218 342.265365985987160 14.590575462753693 0.151694352870228 0.987112364277198 -0.048551130591335 0.015517452003033
1666285066.043018818 41.943139542504760 342.293572865008855 14.599473857552667 0.170174851861856 0.984069997014996 -0.045793039571072 0.023446925076509
1666285066.142927647 41.799630224231016 342.321585455727018 14.574585292233030 0.169766514997129 0.984240282513654 -0.046126991413642 0.017963778174390
1666285066.241122007 41.665276977959977 342.349772687661869 14.562322850674677 0.161008221243840 0.986000689877911 -0.043319361939940 0.001557283948092
1666285066.341022730 41.524652667235536 342.381990312632638 14.586357235228911 0.158717341346481 0.986136457313259 -0.046534365792522 -0.013350876894339
1666285066.441187143 41.377078273636080 342.410772275347881 14.610634110868906 0.143695052322008 0.988283247393713 -0.050592455629189 -0.009399909176179
1666285066.540909767 41.229460236223247 342.433920946333444 14.609173875823981 0.144449687790989 0.988268022790727 -0.049420745219250 -0.004265298156955
1666285066.641738653 41.083837486585281 342.454851509942955 14.580681366958958 0.158893826367172 0.986026736766270 -0.050003248787931 -0.001923911409924
1666285066.742676497 40.945169577992779 342.478570408625615 14.574761508522272 0.172251613301398 0.983541488158022 -0.053494543791594 -0.010670359483126
1666285066.842991352 40.809313612712138 342.503854170457032 14.595117590019912 0.187343910605748 0.980354604389373 -0.060484061439624 -0.012197832728402
1666285066.942078829 40.675641827364593 342.530798847649294 14.612638110907209 0.211262962090841 0.975851806924118 -0.055434995593936 -0.002858852049091
1666285067.042578220 40.543112840220104 342.560094564045698 14.599477228263407 0.223127344488012 0.973343918988129 -0.053060600523930 0.000613337263509
1666285067.140724659 40.415404008986208 342.590783993406944 14.574636425678943 0.210119290742734 0.976309435845453 -0.051613229338960 -0.002417373390191
1666285067.240339994 40.287373410440686 342.624990930692093 14.574411746045815 0.200958312288831 0.978271063339190 -0.050028440663114 -0.009931690694522
1666285067.341140747 40.153828161873761 342.656340513324608 14.588390556980869 0.183988274290062 0.981641157616303 -0.050220661601935 -0.002614908364178
1666285067.440979719 40.023162701738265 342.679086678401859 14.600797338746199 0.167731837854571 0.984619122602844 -0.047456049175804 0.011795650527123
1666285067.545169353 39.901472001669404 342.696862682454082 14.592973101204596 0.180866228115955 0.982444338428186 -0.040799510672338 0.020638055780727
1666285067.646896601 39.803685728722691 342.711200640292134 14.586196167891401 0.185676168101534 0.981590827637701 -0.042307669529775 0.014624253677457
1666285067.746945620 39.718564377415163 342.720446060950110 14.589870447971963 0.190317486519295 0.980669570244670 -0.045242155195699 0.004426704684090
1666285067.846126318 39.635169560709258 342.729857168394062 14.602338917744218 0.216587782802668 0.975632690093697 -0.034585340266333 0.005868611405062
1666285067.945503712 39.553287925488185 342.743919148761108 14.601836091356409 0.228080669192917 0.973080029790684 -0.032160219217279 0.007757851698126
1666285068.044541597 39.475043331157515 342.760393381035556 14.574909088542615 0.212360161902602 0.976612198829397 -0.033081472142508 0.006114812768607
1666285068.143220425 39.402387663847989 342.775622664076536 14.525223607055427 0.186973554387186 0.981801712199808 -0.033230973238833 -0.001410779552625
1666285068.243576527 39.332834488098342 342.793978111191052 14.467638600189836 0.181203054676246 0.982984205284633 -0.028443839113195 -0.009922356244303
1666285068.344107866 39.255556534499007 342.820572921994881 14.427805306993006 0.171679352818279 0.984475674641983 -0.036481541648716 -0.001715509557390
1666285068.444916725 39.169406159264945 342.847092328223880 14.401336570657172 0.151611846569615 0.987278591239131 -0.046500345978333 0.011512996331269
1666285068.545390368 39.081896390428724 342.869336933863565 14.365046893791501 0.152144260343272 0.986694642113890 -0.050952875575480 0.026260459610048
1666285068.647125721 39.003038008701211 342.888224059003903 14.311681243896562 0.171061325167478 0.982968210781099 -0.059030315995257 0.032045926718556
1666285068.746364117 38.934814021764296 342.899756976963261 14.249986614685969 0.189410622098537 0.978900349128213 -0.069300753216600 0.032789149371698
1666285068.846807718 38.863025640294460 342.910535955952355 14.224547246930078 0.193848624910067 0.977360936883602 -0.073086589084162 0.042972784067667
1666285068.945881367 38.793799840350815 342.925432585087663 14.214988096880120 0.209904844404446 0.973861093948787 -0.070558068932428 0.050557738249889
1666285069.044527054 38.732680449038760 342.939388163953993 14.185629260485074 0.204809171878423 0.975205280413575 -0.070044039337150 0.046061879263556
1666285069.143954992 38.678226762000861 342.950713550478440 14.134296244352955 0.192793040327840 0.978499017662174 -0.066229273887354 0.031371951097468
1666285069.244334221 38.621388502078162 342.963213698708614 14.081718534262784 0.186713580105780 0.980143122208388 -0.062470296993833 0.023557609920749
1666285069.345299959 38.556967619099900 342.978637717012759 14.050425749789087 0.171905862551992 0.982574542758390 -0.065990999261509 0.025314627389409
1666285069.446201324 38.488711953448345 342.993579488949820 14.024186202788655 0.174163384484168 0.981998182504572 -0.066477890328801 0.030452835010365
1666285069.547125340 38.425056486289158 343.006787592563853 13.980686249133658 0.182760327397062 0.980077705987621 -0.071556240670275 0.030431190855730
1666285069.649027109 38.367611752763828 343.014677188195776 13.925422107946703 0.182105275106664 0.979779143662613 -0.079389932955567 0.023827231635137
1666285069.738251448 38.313731495370739 343.017574216415255 13.896732717337676 0.187125245382381 0.978770386950296 -0.080138555121849 0.023884810083679
1666285069.839136362 38.251120623183581 343.024086147836329 13.887518913114231 0.203715279272894 0.976242228078059 -0.069323848300087 0.025404746895418
1666285069.941554546 38.195756573500148 343.031453167650739 13.857314593933216 0.202755884850817 0.977337745263283 -0.058942161492399 0.015060027909984
1666285070.042425871 38.147871982604094 343.038538055030926 13.803080510414143 0.190791923745884 0.980389083542958 -0.049282363191605 -0.002633511229209
1666285070.143212795 38.096367136209992 343.050912233198687 13.754342965080600 0.189425556316285 0.981044780345717 -0.039427438760243 -0.010703954572828
1666285070.243618011 38.034164959718474 343.063740773312645 13.731799112951638 0.186132626610213 0.981863063705486 -0.034375447686326 -0.010858086315019
1666285070.342790842 37.967071821471173 343.071731572622809 13.708390732135797 0.194562579150220 0.980415270384786 -0.028784589605899 -0.010136458551307
1666285070.443160534 37.903389496238866 343.078742292482161 13.663674407333650 0.197813619898021 0.979693518372665 -0.028516066966970 -0.016037947691796
1666285070.542995453 37.845510446136039 343.085712329068713 13.604095201028374 0.187426179664945 0.981096357690339 -0.040693357810710 -0.025795633991878
1666285070.643516064 37.782690471504473 343.095484239469954 13.569497654403159 0.191109792679570 0.980215217246958 -0.044601033275324 -0.025805481011692
1666285070.743225336 37.711894257156402 343.112759727730975 13.556017904248131 0.200553032438593 0.978408927552751 -0.045166993965124 -0.021316526943085
1666285070.843292475 37.640211922030879 343.134243816467801 13.519042566669059 0.200283814423532 0.978529867737126 -0.043980792189158 -0.020769726640905
1666285070.942623138 37.571201226990802 343.156124605185482 13.464328538728514 0.193378017783869 0.979832726260783 -0.045026987386927 -0.022479795221496
1666285071.043025970 37.501050622875525 343.176168016019460 13.414868066412124 0.192317525920633 0.980152610774283 -0.045768954511361 -0.014833462814218
1666285071.143862963 37.430507222400408 343.191865304497810 13.396375538928176 0.181676767076932 0.982226454103269 -0.046766407900854 -0.006135817487863
1666285071.243274212 37.365342798553336 343.202301237995130 13.366119650541799 0.194434160342871 0.979860280441696 -0.045198950939040 -0.005122786204261
1666285071.343345642 37.303997471185518 343.210623202357851 13.308593185012420 0.195276616191978 0.979314040355736 -0.052267614501529 -0.008896628858935
1666285071.443054199 37.244170160702332 343.216302014741814 13.250468459027624 0.187953843346915 0.980381435065443 -0.058446878275160 -0.010466946547833
1666285071.542692661 37.176663283342101 343.225768700490789 13.234706193505007 0.187143741319302 0.980569120235236 -0.058701784802894 -0.003939668395295
1666285071.642693996 37.108526848561979 343.242679751397077 13.225049679619765 0.192866324558167 0.979696962700704 -0.054739399750142 0.000200602677602
1666285071.743159294 37.047828549918783 343.262215262960183 13.182663121014924 0.170603163673520 0.983798889248324 -0.055054743201073 -0.001811438493296
1666285071.842274427 36.995141915587432 343.283246455031360 13.125468933215096 0.156324846666668 0.986263777770697 -0.052631815083735 -0.008728975490170
1666285071.942723036 36.941876988738862 343.307261863004953 13.086332709068541 0.163826700128662 0.984871484739076 -0.055999576967084 -0.007281363355106
1666285072.043686867 36.885647516000439 343.331223421827417 13.065875647126726 0.173244859576682 0.983110923657314 -0.058769835180805 -0.005023633022073
1666285072.144217253 36.828060754478223 343.350804889265987 13.030417043622453 0.186752956990734 0.980535481049841 -0.060357562378788 -0.005519793588878
1666285072.243071556 36.773597458334208 343.366222809809358 12.979247710410295 0.194076650394664 0.978493176053652 -0.069041302519128 -0.010892967203045
1666285072.343373775 36.717239360433517 343.373137775437556 12.928427446065987 0.191022244429785 0.978467834493592 -0.076604245695413 -0.015588089551481
1666285072.443965912 36.650269891923720 343.372867825900755 12.916141203251753 0.192889718692144 0.978507319867011 -0.072426664445504 -0.008447465113476
1666285072.544149399 36.583578491193123 343.370850639176126 12.912522526921780 0.203167684841055 0.977461751581854 -0.057265290636768 -0.003478867509060
1666285072.644424200 36.523756340709326 343.369079625449785 12.878056162134950 0.192842571548690 0.980176248361048 -0.044528333303432 -0.009137411042967
1666285072.744437218 36.469360094859780 343.372273977665714 12.822675882584361 0.176044163912830 0.983555095152479 -0.035667522923323 -0.018858816514978
1666285072.843700647 36.411531283793728 343.382100220930852 12.769843374403921 0.165485802088423 0.985549733784707 -0.028812637476338 -0.021817503654235
1666285072.944815159 36.343119478832605 343.395637326935287 12.747556544457966 0.167628634071697 0.985239575217085 -0.031572693327925 -0.014380038293927
1666285073.045570374 36.268562583452365 343.409565571064036 12.735472347643514 0.166814737364612 0.985453980626256 -0.031238016359340 -0.008802374666887
1666285073.144896984 36.195822982194251 343.424304571518746 12.698923510760615 0.172171989844874 0.984390493117960 -0.035759192224415 -0.007310481741549
1666285073.245274067 36.125397708133768 343.438736620306599 12.638183878656871 0.181885824451535 0.981990672863898 -0.050300136596503 -0.009042208262789
1666285073.345305443 36.051334321256583 343.447076297641900 12.593181994465276 0.182645759855089 0.981715924001038 -0.053583991814637 -0.001768273438744
1666285073.444596052 35.970124146837328 343.454640218105567 12.580603880526910 0.195012267635199 0.979710588970683 -0.045655052431407 0.007279664688719
1666285073.544746637 35.890195148966718 343.462243920427284 12.547960877748098 0.199751714301708 0.979212594274920 -0.033657546498575 0.010445927943744
1666285073.644030094 35.817954942768289 343.470929575168725 12.496000644216394 0.180882416376136 0.983136242064552 -0.026506705986082 0.004698459629311
1666285073.743827343 35.751929617600361 343.483017709279238 12.449684278221907 0.176481351698637 0.984128502795024 -0.018051850293091 -0.004421898918099
1666285073.843822241 35.683529135199727 343.496641367762891 12.421115038564121 0.165365111628134 0.985965997980954 -0.019020242751524 -0.012793007750691
1666285073.944679737 35.606488921295799 343.511026233460427 12.398721899796648 0.155715762030581 0.987290677400775 -0.022400758204260 -0.022537209335404
1666285074.044449806 35.523340228387127 343.523270295127645 12.348039389558901 0.167104714237591 0.984766507386394 -0.031173840739268 -0.036594153401051
1666285074.144589186 35.430537109206334 343.533019734021650 12.293388904019761 0.163404882921456 0.984235723790461 -0.042837833066170 -0.052381335514555
1666285074.244837999 35.324513497882400 343.542020993808421 12.278461196881167 0.154139724880087 0.985515972030777 -0.048159429277151 -0.051767590805672
1666285074.344583988 35.211388838127711 343.555622005955456 12.281048770586363 0.176417998400963 0.982422493542897 -0.045073393942182 -0.041123268105615
1666285074.444330931 35.098081198288334 343.573164334327089 12.268002905557656 0.175603502224953 0.983125057842924 -0.037779752674623 -0.034658634357431
1666285074.544708729 34.988798654501522 343.594849789467105 12.244251701728418 0.173700383881279 0.983290009354790 -0.040851649385634 -0.036056578942350
1666285074.643367290 34.879484579328107 343.620833862615427 12.254793520194132 0.155584608435693 0.986155230154511 -0.043183538843557 -0.037768685835801
1666285074.737532139 34.776561025931038 343.646148370216054 12.264808337085048 0.145894329363318 0.987410202897463 -0.052406552054515 -0.031456146861562
1666285074.839580059 34.666330133316535 343.669260316986879 12.266118856497236 0.136339764936280 0.988827452960835 -0.056162865183377 -0.021851071884513
1666285074.938947201 34.560339011142354 343.685262290465460 12.257147685514555 0.155522631602676 0.985788832080009 -0.061766266374095 -0.014765430705364
1666285075.038864613 34.458317641278349 343.696513760041682 12.246771938535680 0.168474754737093 0.983695361638045 -0.061798789990971 -0.011857574107857
1666285075.140230894 34.359684353872119 343.706650372539514 12.248015442376971 0.190039004781443 0.979283287529659 -0.069879783108687 -0.002497066171619
1666285075.241158485 34.267564472418371 343.718857816040043 12.257668812147683 0.210479545023030 0.975323948668437 -0.065916398278933 0.009827752471420
1666285075.341115952 34.182480899230676 343.729945684335178 12.251099455730474 0.221221909309756 0.973071492777829 -0.062433672461178 0.017168964077180
1666285075.441264868 34.100555480180482 343.739238798466772 12.220828386934311 0.220193901844877 0.973633078299304 -0.055443174984439 0.021893578496798
1666285075.541774035 34.024628968670370 343.752529782475790 12.172605702967950 0.209171308229888 0.976457041327296 -0.049381400163891 0.018452305373426
1666285075.640535831 33.958499648128246 343.770096436567258 12.118026745299563 0.185377017824945 0.981631532048639 -0.044064210917087 0.009656182808214
1666285075.742499352 33.892009050152815 343.791296779801201 12.070066943202603 0.170097569210433 0.984180023028512 -0.048830793530604 0.008488393456412
1666285075.842999458 33.821298763110242 343.812881193818441 12.054260752036354 0.160987785372315 0.985374103958955 -0.054585968634346 0.011881928978644
1666285075.942609072 33.752171419187093 343.828174434338280 12.026041378528539 0.168979523700984 0.983891878711822 -0.057099835766859 0.011928970203199
1666285076.043911457 33.689294532417705 343.836905359729485 11.972186420906153 0.178293274059702 0.982273677191797 -0.057642625352697 0.005221040473576
1666285076.143592834 33.633155723453257 343.837536283631891 11.922905588369563 0.163958819643279 0.984507297302866 -0.062097018523905 -0.002616736331767
1666285076.243628502 33.576294565050837 343.836603652192764 11.910596025590682 0.179128427211904 0.982049341360768 -0.059030876059398 -0.002730085920039
1666285076.343517303 33.520438172493407 343.838793388630108 11.901108031512893 0.189664989141241 0.980689148950078 -0.047287934515959 -0.006311598437809
1666285076.443518639 33.466338971265770 343.844829847182893 11.863641453001541 0.186672055664137 0.981323272800003 -0.044360051789856 -0.013797235245438
1666285076.541747570 33.415519523612886 343.856141901436160 11.812912790111691 0.184221932580774 0.981858804864293 -0.038078772164990 -0.023781799281671
1666285076.642127514 33.364465137617159 343.871829116789627 11.768375215881594 0.187479277916768 0.981221832965895 -0.033193906369240 -0.030877167013942
1666285076.742372990 33.312954604437820 343.886444056610060 11.747784819171459 0.181760672738953 0.981937383686531 -0.039088634406449 -0.035129916375827
1666285076.841478586 33.260623926045248 343.895351978695317 11.730731275106677 0.177404944220140 0.982553954737148 -0.037885396130839 -0.040986687553987
1666285076.942337751 33.207593754201142 343.900315387273395 11.685901467301425 0.191933010025156 0.979477139541468 -0.036961391175261 -0.049194596661996
1666285077.042417288 33.158840368088100 343.903431991086620 11.629538401475138 0.185674856824980 0.979553465473569 -0.046882697927785 -0.061659293352722
1666285077.142105341 33.107900671867228 343.902284905853776 11.595511007503434 0.175156874581267 0.980660031907829 -0.055322066217687 -0.067568040484114
1666285077.242650270 33.047102263548261 343.903805412758004 11.583370640083338 0.176360776836599 0.980869468219633 -0.051462342958874 -0.064370722889435
1666285077.343636990 32.979712902704513 343.913000960716715 11.556467376049014 0.174407170597604 0.981765033516794 -0.045499485358702 -0.060409888594499
1666285077.442313433 32.911346996734970 343.930630249710589 11.509929733838884 0.160957885255574 0.984275861783340 -0.046973725211874 -0.055561283502420
1666285077.542152643 32.841940016751991 343.950224991167602 11.452851417051864 0.147086700217218 0.986725055441136 -0.046456246394261 -0.050803393143117
1666285077.643099546 32.771146535802544 343.968230013214281 11.408825344508410 0.149051428369794 0.987011985075335 -0.045016155937554 -0.039554503197194
1666285077.742310524 32.700405629999800 343.984560142920486 11.392019389372621 0.141105378441143 0.988391950226237 -0.047814847845239 -0.029738278842180
1666285077.842336893 32.629722431308622 343.999045645656054 11.368013477088146 0.140064947908564 0.988639133216518 -0.049680899754040 -0.022500729763553
1666285077.943094254 32.564022468263509 344.009484244857106 11.319796898399556 0.144591819041282 0.987525645084438 -0.057424894777713 -0.024262885786040
1666285078.043581009 32.500113665793911 344.012871022429124 11.262499226356381 0.145872612385487 0.986702432219247 -0.066928207881736 -0.025692531953742
1666285078.142626047 32.431405883036277 344.012490519553353 11.234333258203117 0.154252405318185 0.986014146435463 -0.061207991185494 -0.015358395024764
1666285078.243484259 32.355206098551854 344.016177420730287 11.227331475281387 0.159238044577926 0.985742344939811 -0.054137803749214 -0.004936877228886
1666285078.343261957 32.280624867736279 344.022431088486940 11.192208326674155 0.156947449863859 0.986488278052605 -0.046985526553544 0.000857636592162
1666285078.441778183 32.207269536004645 344.029543046296965 11.137990930579713 0.136418232255137 0.990116853631605 -0.032304480000386 0.003886210871556
1666285078.543362856 32.138308241121635 344.040678429281400 11.086140151904900 0.154631960470657 0.987456640330027 -0.031225745030007 0.006579750485964
1666285078.643033743 32.074018532897576 344.050689823641790 11.065715964359669 0.140335578701071 0.989543250803259 -0.032032314187645 0.009165750822358
1666285078.743953943 32.014042481563664 344.056953063586036 11.054533306636312 0.132630031990555 0.990667105515872 -0.031192608853550 0.003870635076975
1666285078.845075130 31.958680401742136 344.059419467199746 11.015101680623950 0.129940754707252 0.990749760985178 -0.038100735494878 -0.008868220152455
1666285078.946238995 31.909695084507419 344.056043900038901 10.957460134406476 0.137285898996639 0.989455614183732 -0.039680482769892 -0.023571779400959
1666285079.044780016 31.858242086656706 344.044245442537203 10.933747663129486 0.139065250207419 0.989077628451207 -0.038509718331490 -0.030054994195881
1666285079.146054029 31.798767552269133 344.034728010036361 10.923445167555638 0.153336534326872 0.987132332859273 -0.029489825306029 -0.034467591558651
1666285079.247308493 31.737299582451652 344.034552068148798 10.884616449278237 0.147634345719004 0.988077271461986 -0.015712692663568 -0.040749440163265
1666285079.343655586 31.675369519413394 344.041661769128950 10.820347698845669 0.131817722241644 0.990240937746359 -0.010450365463188 -0.044020031530238
1666285079.444391012 31.603125108521390 344.059274309429100 10.758245020950582 0.140113522619446 0.989230654577171 -0.009156215875607 -0.041316782726051
1666285079.545126200 31.528125835231432 344.081013974578809 10.734133983898088 0.134038675509507 0.990365748047434 -0.015259529601981 -0.031248445056179
1666285079.643644571 31.457782837586858 344.100128775280780 10.711606536766666 0.127772022300561 0.991148635772109 -0.023532536422981 -0.027293073366960
1666285079.745093822 31.386324240544553 344.115023640755055 10.649303192362870 0.144627325199364 0.988454711351030 -0.033063361531877 -0.030773926266286
1666285079.845428467 31.311960864159296 344.124507735159057 10.579933551894131 0.158244848486182 0.986364390676987 -0.037693700530506 -0.024960802717803
1666285079.943920851 31.226107711397173 344.137751839227064 10.552570716197197 0.164463784094765 0.985557590281779 -0.039933347054017 -0.005764351851441
1666285080.044408083 31.134697631445480 344.158509686469017 10.519709138200673 0.163156469783104 0.985782314970145 -0.038815384837587 0.010322778692126
1666285080.144611835 31.050536948251462 344.181240925562861 10.475271378731044 0.141642291434258 0.988921368823065 -0.040683332856634 0.017800392974440
1666285080.243808031 30.973485741295953 344.202248579490117 10.420289800338644 0.144133478778944 0.988715051713596 -0.034213999052938 0.022304463205093
1666285080.344829798 30.891336985664761 344.223541341132602 10.385157503675858 0.158099986543710 0.986295333999265 -0.027883731480998 0.038057928278519
1666285080.445405483 30.814753615211256 344.247624785754624 10.361896679082033 0.168040055262918 0.984100754692309 -0.034030225887361 0.046370121493464
1666285080.544766188 30.750944499284543 344.268952619752781 10.318879844983160 0.178114286150108 0.982203669247188 -0.039579034744360 0.044550568967223
1666285080.645320177 30.697121672806613 344.288608958503801 10.261168126094427 0.192373770802641 0.979414481730142 -0.050901394970500 0.033891787714836
1666285080.745146990 30.638447529524818 344.309077937881852 10.227993667191997 0.202036016804907 0.977489125857591 -0.051505579008029 0.032305294841822
1666285080.844262123 30.575694590270707 344.337568133809498 10.227250220652037 0.214671945640539 0.974855291997298 -0.051406199621539 0.030504394113597
1666285080.944544554 30.514539303376758 344.367929116671576 10.198608905750602 0.204867133396278 0.977204120219158 -0.053434881939806 0.015693262018196
1666285081.043129206 30.451555563494360 344.393687663566027 10.148387580359005 0.185041382073975 0.981104362294271 -0.056165086609243 0.006276962121974
1666285081.143814087 30.385865434283836 344.413652021100688 10.104727529252107 0.207855352094132 0.977107980308844 -0.045195887131557 -0.003671404225666
1666285081.244092703 30.309066459293632 344.432705784466350 10.089926013268018 0.199679104286849 0.979083696339085 -0.037437995850968 -0.011034824006724
1666285081.343889236 30.224580145704437 344.452639297643145 10.082389620117512 0.177887031639522 0.983410966488001 -0.029938582183616 -0.019046161357356
1666285081.444348097 30.138526722185414 344.473950248486176 10.042287084113896 0.182152465331924 0.982467605236068 -0.025975691649346 -0.030052412191795
1666285081.545189142 30.057102153116993 344.499167241265525 9.985815375950601 0.218350875337121 0.973947414667529 -0.021462986513941 -0.057346917195713
1666285081.645864010 29.971422864878750 344.535059413706563 9.962044602651343 0.259090646403635 0.962379113044723 -0.023060843476187 -0.078528193787750
1666285081.744265318 29.871475400332585 344.582633761463171 9.970845743854710 0.250999782695118 0.964079586016834 -0.026519725273751 -0.082742764541799
1666285081.843877316 29.759746783426255 344.638678891077802 9.964865875595057 0.245190699742997 0.965313275026077 -0.030394755952062 -0.084427250509442
1666285081.944132328 29.642625487081819 344.699301548190476 9.926489601580556 0.244992844126691 0.965229660608776 -0.031816571759834 -0.085427831350408
1666285082.043276548 29.530815110247108 344.758798393239999 9.901149492192067 0.245564888386707 0.963926852118784 -0.032665024370179 -0.097344262999377
1666285082.143820763 29.407830531513948 344.823478949232253 9.907011526981197 0.259617751583606 0.959964036866271 -0.035555790330047 -0.099012407101795
1666285082.244555712 29.279003457283757 344.889948131781466 9.908054201377992 0.261567016907401 0.959676749275429 -0.035134513967029 -0.096792553921310
1666285082.344195843 29.141460796576897 344.953479064908208 9.882760340755784 0.270817294570954 0.957641742690337 -0.035796326574570 -0.091098345879880
1666285082.444392204 28.994181533688597 345.018574135226288 9.857000515908528 0.289202712723219 0.952800070483391 -0.036783008560899 -0.084739759980696
1666285082.545749187 28.835794937865334 345.089164082784748 9.874314167504444 0.295353414642904 0.951371763033068 -0.040679357693560 -0.077481086852010
1666285082.643998146 28.680672757886121 345.163205276352016 9.892374991926449 0.285768372361798 0.955817140998685 -0.039344952625661 -0.056586261881077
1666285082.744308710 28.531810252199762 345.246429866831704 9.882856225263927 0.299516567336120 0.952117219223847 -0.047386602220151 -0.038950438748062
1666285082.845236063 28.392084410599004 345.327122849466662 9.851121728014007 0.276698168870806 0.958530043997104 -0.054997917261262 -0.040416669770980
1666285082.943517447 28.266631002071779 345.403529885370631 9.852265787397078 0.260049194619602 0.962593752552865 -0.052959515929796 -0.054616605500264
1666285083.044306993 28.134720247914093 345.484238440762283 9.882966554192178 0.272269348678608 0.958575952735344 -0.054564622590821 -0.063436949557616
1666285083.145034313 27.995456641365507 345.564428914205109 9.901274997621897 0.266442301342638 0.960098754915023 -0.061368853508470 -0.058760060286886
1666285083.244905949 27.851175993433596 345.640909224271695 9.887312809856647 0.254728800825491 0.963222471091974 -0.063024678623199 -0.057823862703229
1666285083.345858812 27.698164470622270 345.718644187031430 9.854770429670888 0.262630261077245 0.961227296292653 -0.066479201461717 -0.051458202469841
1666285083.446317196 27.546122810112063 345.801925674451809 9.850455624671302 0.286140909455825 0.953820804769991 -0.071907585961750 -0.056378643162759
1666285083.546215773 27.390633386529775 345.888275871428903 9.866696349314440 0.276857408247250 0.955729928324872 -0.087008782728897 -0.048577271751170
1666285083.637924671 27.249218806325715 345.969101455390501 9.877822691069209 0.270106110673263 0.957111549886104 -0.097371253503505 -0.038717038145217
1666285083.739147425 27.094710429716237 346.051300376073129 9.859856450633641 0.272468999674554 0.955986235636700 -0.103127100231568 -0.034867788678782
1666285083.837657452 26.943077244605298 346.118804887682131 9.831252626699774 0.246632679303551 0.963252394845926 -0.099847974430035 -0.036708681879901
1666285083.938803673 26.785322081925390 346.179313679898542 9.844566766151861 0.232873975742881 0.967653404721034 -0.085576402246783 -0.045752367501496
1666285084.039714098 26.617373975018385 346.233058235728663 9.875531704585899 0.223430242822172 0.971614245599916 -0.068978043093713 -0.035870794676064
1666285084.139909506 26.450173158536778 346.279237842144198 9.888905682388479 0.199062560297789 0.978225182592226 -0.054456130741006 -0.022002705624855
1666285084.241886139 26.288031499512361 346.322272693798595 9.862253269349551 0.201037827975435 0.978919984922586 -0.033117545130394 -0.014236679620565
1666285084.344608784 26.131196521159030 346.366705812307657 9.850125268729213 0.248003226797817 0.968499899916146 -0.014605682616445 -0.017000511627385
1666285084.446459055 25.971985205669736 346.415954038380676 9.881242053606169 0.274436659325765 0.961476738804199 0.000032876296594 -0.015716223328335
1666285084.544225693 25.820541094426154 346.467243096501477 9.911120183979998 0.287141142588127 0.957735371836718 0.016744942466436 -0.003539585818187
1666285084.644084930 25.673653651929275 346.525491322175355 9.908162063555714 0.311151898544454 0.949983916600967 0.026722971321192 0.000968005907072
1666285084.743350029 25.532161043868246 346.589058201638295 9.875411546803369 0.295871883478432 0.954735745554770 0.030590433136226 -0.001926169110276
1666285084.841079712 25.399556813777899 346.660314296081083 9.870496439594438 0.269114112462993 0.962578639246476 0.030556190265461 -0.009288540042395
1666285084.941454649 25.260663008221467 346.742808496488067 9.897239081380798 0.266954807927399 0.963388901500899 0.020791566741083 -0.013589177377135
1666285085.041985035 25.116030056555868 346.823018548927507 9.917887667417178 0.246186220729956 0.969162059460225 0.006512455760956 -0.008650730921638
1666285085.142239571 24.970015675900878 346.895117354429601 9.903190216058881 0.208342507417765 0.978021742880911 -0.007052655060663 -0.004138853906409
1666285085.243018150 24.823499786670624 346.956844376595711 9.874153043821300 0.212497648211784 0.977021687208794 -0.015524066530548 -0.005689954876601
1666285085.344362974 24.675327931365665 347.010105715110001 9.881385724564224 0.217005170826033 0.975830535937060 -0.016038909674498 -0.020156248262196
1666285085.443363428 24.524734040196392 347.058104610671990 9.904037220156086 0.204690835236831 0.978454561166587 -0.017468459935528 -0.020571499941204
1666285085.544378042 24.370433991691986 347.114342131524950 9.919629964280928 0.216611023234429 0.976016497853766 -0.016841161353032 -0.013705320677908
1666285085.644018888 24.217833975221509 347.178004404243666 9.899586887711882 0.197375349689379 0.979957004774296 -0.023918961229525 -0.012454855377944
1666285085.742638826 24.065810351805784 347.241997310473039 9.873916997210801 0.160462057234786 0.986336213963345 -0.032408047241758 -0.018507287386610
1666285085.843293667 23.910252807725868 347.306459315783115 9.885420480062246 0.159405403317971 0.985992957267133 -0.034835739762729 -0.034558310835912
1666285085.943350792 23.746514291915290 347.363141506593877 9.904272658897456 0.145258262117843 0.988189165630363 -0.038205170926846 -0.030373921902199
1666285086.043016911 23.581345875637329 347.410250984763650 9.910453196302509 0.130881736696899 0.990376538920812 -0.037158938006183 -0.025367212710307
1666285086.143390894 23.413464159050420 347.454492918126846 9.882106021836954 0.125717560674469 0.991357232696161 -0.029227296007928 -0.023488237207932
1666285086.244600773 23.244578886242756 347.504430996676263 9.867905103503917 0.157818623465775 0.986832810880572 -0.021833696698274 -0.027885034434348
1666285086.344279051 23.075126486708630 347.559149175214714 9.891082549044988 0.168308471917670 0.985087078252509 -0.020704379036306 -0.029103869663597
1666285086.443960190 22.907665949327122 347.617570488508932 9.913626227806439 0.177993276126016 0.983590045076479 -0.020538891528273 -0.021146413766133
1666285086.543349743 22.742879380329608 347.679237373407375 9.901171275455173 0.192081017654226 0.980985508468066 -0.021089376360888 -0.018098426375663
1666285086.643147945 22.577335220924184 347.740756259010652 9.867155096832276 0.189476506522766 0.981454153365339 -0.020001269589013 -0.021126938554398
1666285086.741870165 22.415675532870249 347.803794106746921 9.870656185347725 0.183915702238301 0.982187619881570 -0.016693261402890 -0.034696236759968
1666285086.841556311 22.243402847552495 347.867860746183283 9.895559220384690 0.162611621307751 0.985791921660694 -0.023048656960494 -0.035220834977316
1666285086.941483021 22.064110898228137 347.928922821266269 9.907657485362341 0.143834979721835 0.988630250728927 -0.033728644028354 -0.028001866439341
1666285087.042849302 21.876281577389328 347.984950027149750 9.876568700998034 0.129348809345608 0.990707776420663 -0.035813443351728 -0.022008737714637
1666285087.144382000 21.685693699306906 348.040300922192444 9.848640502835682 0.159382202165692 0.986470493495299 -0.033876796491866 -0.018045546691739
1666285087.243939400 21.495743713119126 348.100921079447062 9.864141841126177 0.171660546017588 0.984301038767210 -0.039003674485495 -0.012760697448180
1666285087.343941450 21.306687443636211 348.167059670254389 9.886936867957319 0.177632731030725 0.982844545049807 -0.049325884677943 0.005492743680721
1666285087.444151163 21.124295296655891 348.232939631269119 9.872082837135894 0.175554158484851 0.982625961372662 -0.058190520537078 0.015518401810485
1666285087.541883945 20.955336852140750 348.290201937289567 9.835555285878360 0.160404331006187 0.985115627483834 -0.060398239423813 0.013027039421667
1666285087.643171072 20.785197527956011 348.348565304560566 9.840359524774271 0.147887220068969 0.987251431841289 -0.058620276929537 -0.005257718164924
1666285087.743230820 20.608727140176953 348.407036217712346 9.871448789407012 0.142473802284279 0.988062800750755 -0.058518262964484 -0.002954714005519
1666285087.842480659 20.433955611672932 348.463117096301346 9.891577496723764 0.129524182010274 0.989600513333825 -0.062559532152472 0.000784360161871
1666285087.944106579 20.256535240798566 348.516033161888970 9.867054591496911 0.128172021778754 0.989679913846102 -0.064037010799993 0.002205042067959
1666285088.044805288 20.082833853091795 348.569139031406678 9.841287181023457 0.149206435068909 0.987024263939463 -0.059317934001492 -0.001387384079380
1666285088.146574736 19.908207066663834 348.629412048957022 9.857048665590568 0.166347574149843 0.984240936405114 -0.058991284982259 -0.010876211426282
1666285088.240172148 19.747079473617450 348.692320964905718 9.883151345464068 0.189952341009329 0.979918472895281 -0.060636525390430 -0.001051861318187
1666285088.339570522 19.579870132649557 348.761698452925373 9.877458690940136 0.212826186408452 0.974894593357275 -0.065440874388986 0.001743037805857
1666285088.437305927 19.413798188812400 348.827960721129273 9.840675128558640 0.201955761566152 0.977141885505709 -0.066389178659435 0.000287954004661
1666285088.536659002 19.243944046170334 348.895405431942493 9.838372591168220 0.188744868456158 0.979765010123133 -0.065367442568219 -0.012767028705844
1666285088.637880087 19.058578220343996 348.961478911224447 9.869392650114298 0.180906084578267 0.981290142061721 -0.065730510327817 -0.004705918305002
1666285088.737176180 18.873804039437363 349.018504629695030 9.885400013407803 0.165658641467901 0.983894178155447 -0.066749478199019 0.007346281983884
1666285088.837964058 18.688641448752580 349.071025775218857 9.855091059638736 0.166510950255759 0.984079496830750 -0.060202603730588 0.015404345695905
1666285088.939982653 18.507507748877124 349.129054462439569 9.831791745242834 0.183843938639862 0.981000398023556 -0.060388487348961 0.013887256702146
1666285089.039656639 18.335886839233360 349.194828958831010 9.857526417521651 0.183210672178887 0.980494844057869 -0.070751824488100 0.007608528589747
1666285089.140513420 18.167170081545166 349.263995517046908 9.887481373991497 0.193198908232416 0.978115511979514 -0.076396329461025 0.011306101350128
1666285089.240894079 18.002137865156964 349.329124338338772 9.876926069392983 0.202988414603054 0.975946229553866 -0.078905588062279 0.009928178537775
1666285089.341194391 17.836410351539037 349.386814171907929 9.840396395092956 0.197598388129414 0.977678037624072 -0.071323931122474 0.003664506165577
1666285089.440657139 17.671473517603641 349.442853786360843 9.845426757057419 0.196589397371742 0.978552518709208 -0.060235344562834 -0.012620627332928
1666285089.541132689 17.494269892499670 349.498327929711593 9.883615578877682 0.186578276713587 0.981056149426097 -0.051284440071397 -0.009342619460931
1666285089.641537189 17.316536562421668 349.553164333453083 9.904958142084871 0.175444140785163 0.983333163196423 -0.047502801090192 -0.004327529417451
1666285089.741734505 17.137920829956965 349.609140503666595 9.874874097893400 0.160846356122138 0.986007653906174 -0.043729569686867 -0.002254084220622
1666285089.843157530 16.959783234777159 349.673541199870783 9.848029004254899 0.183908690981723 0.981940446203447 -0.044289147103037 -0.003004153799325
1666285089.943627357 16.786446433878101 349.741516292814140 9.867983796496146 0.191429863632576 0.980178058757381 -0.049954337234446 -0.010494981262158
1666285090.043087244 16.617395895186981 349.812064878914782 9.894600938715556 0.206092814265801 0.977094369283068 -0.052767203978753 -0.005288440941358
1666285090.144408226 16.446607258808445 349.880411657580510 9.882508144414707 0.213679178101849 0.975475758850391 -0.052125906217384 -0.008434609770924
1666285090.242608547 16.277813219620274 349.942024801429852 9.840098614898205 0.201578526807017 0.978179340156651 -0.048463696049128 -0.013510965408502
1666285090.341460466 16.108349403088365 350.005129402466764 9.839869431413472 0.183678342826098 0.981746696251118 -0.040252463145190 -0.028555734755373
1666285090.441861391 15.930328041610668 350.067235357500067 9.874373040852657 0.169155184406241 0.984463983548950 -0.039617536186705 -0.025448762443767
1666285090.542256117 15.752515082114384 350.126748388295880 9.889945845664197 0.149783678195489 0.987811780981898 -0.036787661123205 -0.020961943819349
1666285090.643272400 15.571018915760281 350.186661685218155 9.852956645523641 0.137585139276191 0.989744539190783 -0.033279614975231 -0.019197495135471
1666285090.745028019 15.389220829693123 350.255300833667491 9.822060751631428 0.173977806302322 0.984039506964974 -0.031377175351999 -0.020333335026330
1666285090.845548153 15.208941737031068 350.333519964339189 9.837397927412148 0.183019493848340 0.982157871455253 -0.036066026322187 -0.023854185278716
1666285090.943376064 15.035697931099705 350.418470242448507 9.861193384194323 0.197960703392700 0.979114614437541 -0.043865723007229 -0.014897316944520
1666285091.042904139 14.859482507275912 350.500974187904035 9.840854931092192 0.201977204287568 0.977782530352517 -0.054426573495298 -0.013574991092777
1666285091.142755032 14.682801333859754 350.576278470885086 9.794674655729585 0.188253492504868 0.980445610868253 -0.054992087188743 -0.016214099898649
1666285091.241253376 14.509271752285631 350.649631499428040 9.795954592308004 0.171530697495257 0.983522687982779 -0.049066710170007 -0.029202739477884
1666285091.341419935 14.323701370159737 350.719171650221824 9.832357776681867 0.159396549080730 0.985567672111434 -0.053303491663362 -0.020195088672691
1666285091.441804647 14.139013363881384 350.781041517861013 9.844360728980485 0.139126753941655 0.988824903421292 -0.051861850937838 -0.013394219978501
1666285091.542032957 13.954647063159006 350.838399917310255 9.806807109348052 0.133643371872683 0.989817884992053 -0.047974274228942 -0.009923342005885
1666285091.643462420 13.774127896635221 350.901403322672422 9.778934517598401 0.176943708537248 0.983235313116608 -0.040879045818698 -0.016375184350872
1666285091.745423317 13.588685547481681 350.966643562349645 9.799585757216652 0.183762089588672 0.981949504450793 -0.041121160177366 -0.017768379906885
1666285091.845632792 13.409563159452325 351.031021939057950 9.828811700946712 0.213715338467211 0.976125811053822 -0.037933766710308 -0.008073688223610
1666285091.944158554 13.236621721078677 351.093650278912207 9.808930093571744 0.221260068334425 0.974498519414756 -0.036286779813695 -0.008937976831884
1666285092.043981552 13.063698810180874 351.157445498966808 9.767230696199102 0.196082351767070 0.979746412139277 -0.038225625191816 -0.013692362995583
1666285092.143353939 12.897145988912333 351.222272447837042 9.774952815889559 0.176801115663922 0.982977968932839 -0.036532176151002 -0.034074597552066
1666285092.243037939 12.720952342764061 351.287087774139650 9.806042434618201 0.165226603823981 0.984831010551654 -0.042590269866913 -0.031529652032084
1666285092.344563007 12.539216709710043 351.348410623423206 9.820107702333118 0.147453947587929 0.987639027387244 -0.045197127284819 -0.027994724637256
1666285092.445589066 12.362402600662055 351.405243444876646 9.784826448048006 0.162100471309805 0.985450101252102 -0.041469898812996 -0.029862729878582
1666285092.545979261 12.195880778339964 351.456407059637229 9.756653589025037 0.196353600382261 0.979175843695768 -0.033474767648744 -0.039234814520615
1666285092.647462368 12.026433388434535 351.506279410385503 9.776677732500614 0.224087482725298 0.973249622169295 -0.025919757349829 -0.043567639505591
1666285092.746212721 11.861418083321174 351.554779135542844 9.802945840349476 0.239851863991825 0.969895464271080 -0.014856665892353 -0.039410039388408
1666285092.846153021 11.696245936089106 351.606185688951541 9.786191740218575 0.265719076990130 0.962988885153861 -0.005313354573727 -0.044917117636942
1666285092.945491076 11.532471780705126 351.659027479377812 9.751687405914787 0.256978806788008 0.964973922060833 0.006378855587606 -0.052407373581750
1666285093.043629885 11.361979551171569 351.714737842786519 9.774659130314966 0.230180243857139 0.971455935606777 0.010248522228545 -0.056439244363839
1666285093.143779755 11.178572782642659 351.775774077425183 9.814340766112670 0.225289907607268 0.973255541756913 0.006833572812658 -0.044400565901577
1666285093.244495153 10.990045696766943 351.837822892765075 9.817062058081222 0.205200808048053 0.978306076242534 0.000160679036432 -0.028457402299056
1666285093.346200705 10.799966653019654 351.896339967846188 9.779432409919481 0.179759007461483 0.983512425875128 -0.007708821349596 -0.018181899215545
1666285093.438285589 10.637475850498689 351.945241497108100 9.774268055949065 0.205074728393016 0.978480045666534 -0.008907087683395 -0.021019509888396
1666285093.539865255 10.456162631062035 351.990040995393940 9.801926378531718 0.234762990102860 0.971795471833720 -0.005930866602441 -0.021557463273461
1666285093.638197422 10.280724750377237 352.031512700576457 9.833372721314815 0.233014127790861 0.972406397548028 0.000718291436914 -0.011388516801683
1666285093.737583399 10.107039638115140 352.078663148991154 9.833010685764584 0.218190535802369 0.975854657576166 0.001293128830900 -0.009945108898648
1666285093.837386370 9.943621300068116 352.132442359840582 9.803798254179016 0.195548533513484 0.980601476922267 0.000127867786250 -0.013472124866716
1666285093.936815977 9.797576118526878 352.191116944768851 9.805519681514570 0.195259517144671 0.980151907164455 0.002123633948665 -0.034226452126440
1666285094.037207365 9.649726640019839 352.259497092297238 9.829687902193493 0.203403116586027 0.978169070690698 -0.009026382553171 -0.041604876218921
1666285094.136749268 9.495013166354084 352.329698533929957 9.848362514596195 0.167723385653831 0.984779115162822 -0.019480763128497 -0.041224508631120
1666285094.237715721 9.330565718428707 352.407195307125221 9.832355747984934 0.176154265549451 0.983097056888157 -0.031985856395014 -0.038298256582457
1666285094.338113785 9.159723004545508 352.473937724833092 9.813870635995032 0.212111342962580 0.976031179889130 -0.030984094936762 -0.037575256909206
1666285094.438221216 8.981277767729528 352.531927559939504 9.824047365837117 0.224448668921599 0.973675268479396 -0.027026158996988 -0.029135087107608
1666285094.538424253 8.810579307468531 352.592287855849179 9.847326006203676 0.226980958995318 0.973588479900731 -0.020329835400040 -0.013849687749409
1666285094.638442039 8.655634485233042 352.655096851784094 9.846976434150985 0.222842747337106 0.974450889801370 -0.023337361168162 -0.015554449468745
1666285094.739043474 8.504728767420959 352.712607267978001 9.821334020679792 0.202499710172365 0.978751859803760 -0.018833192948715 -0.026152918654455
1666285094.840724230 8.349050898114095 352.768804098813348 9.831894411339057 0.209011495046112 0.976983878424045 -0.002096201867576 -0.042571142524376
1666285094.941008806 8.186191089467625 352.830930053594386 9.868169509324154 0.222397732171428 0.974119052295032 0.008010487784077 -0.039587280359928
1666285095.042877674 8.015691561358627 352.899853546508780 9.886059628151434 0.237612612672022 0.970830763385625 0.011491379936065 -0.029930308224684
1666285095.144477129 7.846456866990192 352.972664037227673 9.858333564614593 0.239040851186015 0.970614685864429 0.012781894419400 -0.024560664152518
1666285095.242210150 7.684091000054651 353.045465927750286 9.844307034328470 0.235873076767250 0.971414264667980 0.009715051554262 -0.024976705731890
1666285095.343378067 7.515587435867658 353.129287168560893 9.870579865631138 0.259988352900740 0.965274788464470 0.001404773632608 -0.025468916778589
1666285095.443605423 7.357439983633346 353.215076806256491 9.894361546935198 0.260816707753030 0.965217003430690 -0.008388794423171 -0.016137204630184
1666285095.541951418 7.213668433349967 353.297362297019276 9.886950888925991 0.263662740731447 0.964163740677691 -0.021144142236274 -0.020570988344643
1666285095.642474890 7.063082882914654 353.379386831932834 9.861181370913005 0.254935087588697 0.966119608403081 -0.026442828044808 -0.030360833654769
1666285095.741719961 6.903094745772658 353.454940771404040 9.872476079266061 0.239929373914946 0.969668576712341 -0.022371750779341 -0.040942052177589
1666285095.841770887 6.733160588429378 353.525037789897738 9.902875155019494 0.247041786118310 0.968372286080989 -0.010590550773048 -0.033366325780307
1666285095.943023205 6.562409957851642 353.592955793463886 9.917025825767217 0.247661033970746 0.968575350337728 -0.003753563631759 -0.022621090397029
1666285096.042529106 6.398835943812534 353.662154175781041 9.896710848539298 0.246223050238621 0.968993844516451 0.004802520257092 -0.020051798413059
1666285096.142374516 6.237514394978983 353.735184051152885 9.878300401117965 0.259480209398798 0.965273449779357 0.008477795991521 -0.029074302339709
1666285096.243600845 6.073841825923183 353.817654273584537 9.899522294003750 0.277308156545971 0.960013965040589 0.005279175279195 -0.038019778385651
1666285096.342694998 5.919272265688984 353.904221360810141 9.927381466106171 0.275743262503288 0.960612164902890 0.003542836880005 -0.034312827506150
1666285096.441982508 5.769653449032261 353.993982506474595 9.927183833895054 0.294392013949323 0.954879376003138 -0.005189312843864 -0.038881749432447
1666285096.541601181 5.614106526512638 354.082335553856069 9.898682460288191 0.284127826510175 0.957635375823029 -0.009091921977845 -0.046078217518020
1666285096.641134262 5.452013792523115 354.163705517072685 9.892892314785698 0.254829201046939 0.965267808946748 -0.005492707636377 -0.057358220576869
1666285096.740819454 5.284968035740777 354.245421307312199 9.910161354819053 0.262273477846000 0.963450698394533 -0.003286080336495 -0.054447922436696
1666285096.841110945 5.116119452541215 354.326610761001291 9.928464030976134 0.242182393167249 0.969201395110035 -0.004868039129922 -0.044414483578857
1666285096.941934586 4.951055540697955 354.409181132815149 9.909065274935628 0.238148414390171 0.970280923963459 -0.004784306577979 -0.042630643047367
1666285097.043414831 4.785530116611257 354.490802211187315 9.879060029896053 0.237996435279446 0.970041621220217 -0.007892114280651 -0.048110959530147
1666285097.144535780 4.615920572342093 354.576026687950218 9.891777421219265 0.258896351057222 0.964599609056387 -0.008917075152266 -0.049404042225824
1666285097.245276690 4.447109220909597 354.666713040396530 9.921339958009924 0.278476739293200 0.959752474156139 -0.009615582244929 -0.035120287611131
1666285097.345040560 4.284564063373372 354.757495697336822 9.915988914347267 0.305515956471487 0.951687048419466 -0.011427169030487 -0.028656273657020
1666285097.444821835 4.120901969320940 354.849383792497122 9.877489233459746 0.290307911397694 0.956449685657975 -0.011756134227080 -0.028055457449554
1666285097.543610573 3.958111178369791 354.941733530226202 9.868808597571590 0.268732608850380 0.962511739390294 -0.008991822574015 -0.035680297127914
1666285097.643065929 3.789443551574867 355.037513252118629 9.894882765897071 0.262929328214212 0.964245398120351 -0.015797911542199 -0.029144580275827
1666285097.743613243 3.625066678232141 355.125668288239183 9.915658686719347 0.239764542302623 0.970289047746170 -0.024156764844851 -0.021646680818897
1666285097.844408274 3.471106176244801 355.205998450391689 9.893320268239112 0.242688736977131 0.969496320081472 -0.023245292880109 -0.025272883726379
1666285097.944154501 3.320002841464542 355.279971093600011 9.863761178700768 0.263889856250223 0.963650352052154 -0.017438129903481 -0.037895308198587
1666285098.045543432 3.164848171851952 355.354628540147019 9.875768795793146 0.294813350453160 0.954041485156850 -0.010811483424096 -0.052659707751425
1666285098.145309925 3.015911017475726 355.432893045020705 9.905622385034905 0.305465361111802 0.950836804052756 -0.004681121277253 -0.050777675440743
1666285098.244787931 2.876005384936136 355.516824346380645 9.912749307258313 0.323820350743631 0.944448924754137 -0.004098257805687 -0.056034036602627
1666285098.344945192 2.732101144313663 355.604533278605174 9.879853621128310 0.323654624878857 0.943674069927907 -0.006179402941375 -0.068474436978436
1666285098.444761038 2.575779916535323 355.693917580754885 9.864316996094850 0.303769847809331 0.949657474388716 0.000335898166756 -0.076644948117682
1666285098.544495344 2.404395957752906 355.784494051462445 9.894827960015716 0.293391798246497 0.953579989741985 -0.000590965803825 -0.067868303682795
1666285098.644265890 2.230951035053455 355.876367385267258 9.914283877920511 0.284693355726993 0.957302466966848 0.001641989741569 -0.050189479114440
1666285098.745119572 2.059577016995100 355.970997135105222 9.886841038055191 0.273407923066813 0.961072206292188 -0.004226347777400 -0.039629028267439
1666285098.845940590 1.890085356609675 356.060756077545022 9.850838419078547 0.283031051985628 0.958349287667241 -0.006600714321417 -0.037636378811572
1666285098.937711000 1.735032699833481 356.139137616212736 9.859994789497986 0.297186540904608 0.953814664954832 -0.006388297740993 -0.043323601815034
1666285099.037596941 1.570175609819195 356.228938145696020 9.889398463762857 0.300253877061247 0.953227969889869 -0.007570595267435 -0.033863443661644
1666285099.136968136 1.417044507009346 356.320230584010744 9.895768088519093 0.303869505853789 0.952024711688647 -0.016077954534240 -0.032461841049406
1666285099.236327887 1.268089819434741 356.407001570789305 9.860921165200974 0.293385497086576 0.954935463836908 -0.018399431761058 -0.041044742863395
1666285099.336394548 1.115577014391707 356.490703427860524 9.841336019910115 0.280850608641638 0.958182463330292 -0.011628646269729 -0.053610420422237
1666285099.436623812 0.956464119739830 356.578724963757054 9.864486179544134 0.295348134557036 0.953806125233831 -0.006089270990279 -0.054646826613371
1666285099.536349535 0.794278889231809 356.667115422602876 9.890810609399152 0.279136981653296 0.959196957232678 -0.009866865573463 -0.043890633087437
1666285099.636949539 0.635408085539975 356.754807944551430 9.875242551572679 0.281606943961545 0.958673956726537 -0.009563322174251 -0.039374060952830
1666285099.737076998 0.478877866425300 356.837598874378386 9.841961184849776 0.299702310233070 0.953047289608080 -0.006580569526736 -0.042849563782569
1666285099.837496042 0.322511738537594 356.920807257545846 9.855268933473878 0.325159993892674 0.944173776861661 -0.003550518623934 -0.052860677975266
1666285099.937575340 0.170592564453435 357.013513423975212 9.889193641259295 0.337229173468932 0.940139237355922 -0.004455251679911 -0.048937201368237
1666285100.037582874 0.029242150614600 357.112979052952312 9.895512647157041 0.353980235840357 0.934033123998491 -0.007863081360320 -0.047098703374349
1666285100.136519194 -0.105821872719490 357.211839116253032 9.859040480155720 0.360544726523402 0.930980013288142 -0.011743981748546 -0.056087377607328
1666285100.235643148 -0.245176647330210 357.308700356528959 9.834154725561588 0.334155263132053 0.939939247735379 -0.009299269687488 -0.069050664523071
1666285100.336484194 -0.392196766734486 357.407235747780305 9.854198131919862 0.328086061854218 0.941514128777214 -0.010573459762300 -0.076150399070062
1666285100.438536167 -0.548672769936925 357.505826057357126 9.886521780075300 0.310831420692105 0.947952252370853 -0.014169696387840 -0.067598630458244
1666285100.540587902 -0.709130738698009 357.604248937445902 9.881029118725886 0.305597960958103 0.950162155844244 -0.017023519335044 -0.059261822863613
1666285100.642572880 -0.871132375327640 357.700314453784586 9.846786360366591 0.303162616936685 0.951187284713212 -0.017371439798106 -0.055076403035688
1666285100.740621567 -1.031338875579206 357.788054389658498 9.850854753123297 0.320666237158528 0.945366528832693 -0.010003879793829 -0.057924199592976
1666285100.842124224 -1.200828319937400 357.881760610205504 9.885375324627063 0.344275161450705 0.937966239413723 -0.002523370028069 -0.041080159832593
1666285100.942929029 -1.360222886175692 357.976599044969987 9.897870675488265 0.345661049469303 0.937862694936279 -0.002773281400978 -0.030402520239452
1666285101.039466619 -1.506485988755411 358.066915204548877 9.869437577449370 0.329649723971193 0.943636391290037 -0.002268570376529 -0.029601927425068
1666285101.139856815 -1.649365979952587 358.162684040930685 9.841442934722453 0.312498630846667 0.949120060511503 0.002167912207670 -0.038871797106127
1666285101.239991426 -1.782003754087051 358.259859513058188 9.861136625563168 0.326680748747634 0.943507904395582 0.008860391916987 -0.054717604076013
1666285101.339013338 -1.910836176303447 358.357984422268430 9.893200561014625 0.321419065284572 0.944924322867650 0.004014903743063 -0.061576692608801
1666285101.439990044 -2.041752839138850 358.459815093202792 9.895695759304504 0.306769211992796 0.949181308583864 0.001468684579223 -0.070323089906151
1666285101.540859461 -2.174424518014908 358.560928405268783 9.859898872959684 0.302636886587918 0.949717770469179 -0.003642755204950 -0.080210982202818
1666285101.640910149 -2.305871338643219 358.657606514333679 9.848854394968845 0.336748590939065 0.936429387034212 -0.003211903648390 -0.098438169803374
1666285101.741391182 -2.446369640026352 358.762459723998347 9.882578569332640 0.349386194146300 0.932194443143473 -0.007643747393792 -0.094256992516071
1666285101.841283798 -2.587649225166208 358.874902924045216 9.903743830261069 0.361544894389549 0.928403268328526 -0.013670242132337 -0.084650960879393
1666285101.939985514 -2.731624909249716 358.987394356441996 9.878663853722676 0.374312156510882 0.923924959203852 -0.019601313610293 -0.076608535771703
1666285102.040051699 -2.883309056105305 359.101020824754869 9.853746516614498 0.375985665918126 0.923843785775579 -0.015551440427916 -0.070039925817829
1666285102.140041828 -3.042220690851278 359.219588897001586 9.879806401372823 0.372649712614435 0.925673908641916 -0.015421675490858 -0.063420647056230
1666285102.239510298 -3.202203377549898 359.341952679958126 9.907841876679685 0.363082295760618 0.930773313916819 -0.019879918497231 -0.037908751575921
1666285102.340428829 -3.359081190621237 359.464726355156813 9.906965790348774 0.359635888075231 0.932540324114761 -0.027335392992754 -0.016832949777372
1666285102.441301584 -3.511173902413831 359.583056921536695 9.879794122771447 0.360383075805206 0.932295531299766 -0.030565180304360 -0.003853666387847
1666285102.541245937 -3.657332418879411 359.691342147144326 9.880259278600793 0.378510723745051 0.925180876846280 -0.027113023910252 -0.005904325735205
1666285102.641560078 -3.798802803591360 359.792300349034292 9.903303465459016 0.396896312270248 0.917620618362628 -0.019691514168185 -0.007613299667635
1666285102.741616488 -3.932985208402279 359.888211680122197 9.923781947067301 0.419201160384601 0.907822659548697 -0.007231059704060 -0.008724546847281
1666285102.840462446 -4.063904138367123 359.982687906084948 9.914711909310277 0.425017475844456 0.905031989745018 0.004582134850570 -0.016007710804244
1666285102.939625263 -4.199337849216906 360.080481490888587 9.892262228212900 0.410345593606478 0.911414271071583 0.015519668096026 -0.026451090657878
1666285103.039458036 -4.344455527817446 360.182555712012459 9.906705692591768 0.403131564591114 0.913975754204662 0.028511483740013 -0.036336725929586
1666285103.139223576 -4.497056032777104 360.285754936649141 9.938112002416116 0.392901886542144 0.918579970641180 0.032604166703449 -0.027855222168328
1666285103.239515305 -4.647982187890727 360.388844077452632 9.946778638827157 0.372665443897959 0.927122057224729 0.033747072931315 -0.020646864175744
1666285103.341629982 -4.797003571018192 360.490467399978570 9.918969276938421 0.353441818918356 0.934549649788343 0.036817129426372 -0.018448081227341
1666285103.441354990 -4.941641602294133 360.579491771340656 9.908075890580106 0.381048925312929 0.922801518888819 0.046925605380016 -0.032203428607379
1666285103.542241335 -5.090844514169652 360.662636881166861 9.931049235744100 0.399162719093835 0.914326116419196 0.056580257938253 -0.038412900581014
1666285103.642175674 -5.231154310476017 360.739921894097449 9.957665505237642 0.402977086765141 0.911541858443590 0.072762075287392 -0.037504509693603
1666285103.740978003 -5.361733487495186 360.820804303956095 9.942760568567401 0.421419108876359 0.901221501909885 0.088157569835570 -0.049335403614789
1666285103.840218306 -5.493182461754524 360.918287684827646 9.907300433898177 0.401997518364330 0.909257953550987 0.091778626663778 -0.056786026634228
1666285103.939739466 -5.631044755091456 361.026099821407797 9.914913879105772 0.373580696928908 0.921006340547623 0.091597033400335 -0.061601680378416
1666285104.038922548 -5.778565821305804 361.142787173112367 9.950470748609975 0.363281012174448 0.926735940183441 0.082400380638488 -0.048965096103809
1666285104.140912056 -5.928907258156308 361.273836315211156 9.966262118795720 0.340991138148853 0.937545779063993 0.060020021141834 -0.033623695891058
1666285104.241554260 -6.067971630187698 361.406384262656161 9.948404205429712 0.316050925254479 0.947874685236180 0.031349689681765 -0.025740837031026
1666285104.342297316 -6.200486188188283 361.526010413305585 9.925748648301525 0.331580928925058 0.942786896690288 0.012158569488742 -0.032544188271958
1666285104.443201065 -6.337245648768111 361.631418495090827 9.939788340689120 0.367269175578436 0.929511104657360 0.003442994925115 -0.033325737419237
1666285104.543531179 -6.469854415410014 361.729171800791107 9.958594050654892 0.373079599188187 0.927339329448012 0.003555894446763 -0.028995453836378
1666285104.643869162 -6.593841039671517 361.831854406334003 9.948110026246434 0.393624310651118 0.918739867721734 0.006081368408912 -0.030659003267533
1666285104.742102385 -6.714325594840004 361.935011721269120 9.917850300292598 0.397092085565685 0.916955667891219 0.006565230895218 -0.038302433950813
1666285104.841715336 -6.838141084628642 362.043840186266777 9.916326811438443 0.394326723694901 0.917507605399458 0.010183484243450 -0.050818556284703
1666285104.941916227 -6.968490033842854 362.161760968602948 9.943621523566483 0.390028024194858 0.919616914616847 0.002494587770589 -0.046654557388334
1666285105.042532444 -7.101395751486892 362.278373712464031 9.950778482829241 0.390600642787243 0.919746250820968 -0.005182617048154 -0.038355083567859
1666285105.142937899 -7.237486052900908 362.386698184813724 9.918936960415627 0.385070630431973 0.922246774287163 -0.009869905576290 -0.032925398396391
1666285105.243352175 -7.372474270635486 362.489114759198230 9.893594025760077 0.410487021129976 0.911159084464568 -0.004905740926945 -0.035573332532770
1666285105.344107628 -7.507570528913770 362.598931162245492 9.909131383300871 0.436474368991495 0.898711246608107 -0.006454708347854 -0.042030431519589
1666285105.444308519 -7.641306280099787 362.713756341126384 9.931441763113231 0.435034305165192 0.899699306917459 -0.011685014189525 -0.033908271926951
1666285105.544834614 -7.774408719809475 362.830266931554945 9.920704259358931 0.448439332737617 0.893167278804452 -0.014625061854923 -0.030667319619265
1666285105.644353867 -7.911215856130104 362.946951360253536 9.882001326262252 0.442870103893694 0.896090743644380 -0.011471856459667 -0.027492667048131
1666285105.745286942 -8.058131717198275 363.069421094671782 9.875883038139770 0.434934491041374 0.899994537143082 -0.000864907671744 -0.029001268074152
1666285105.844913960 -8.213939460262209 363.198064408710650 9.901909526388330 0.425858619717130 0.904726450728145 0.004502527470413 -0.009706318140869
1666285105.944130182 -8.364164326343754 363.328648315056057 9.918459655200568 0.417479634072909 0.908585292254762 -0.000862899399013 0.013519513205223
1666285106.045240402 -8.506385050462651 363.457447004961580 9.891475754398337 0.402667396622472 0.914956743339120 -0.006296457528684 0.025951495874854
1666285106.146202803 -8.636340092831327 363.583370394451492 9.861952377769782 0.417992285447584 0.908079409261565 -0.009025353741129 0.024347048513521
1666285106.245903730 -8.754354763959883 363.703653816006067 9.871685421537602 0.439802698627542 0.898021055868286 -0.009629763236007 0.006247972243766
1666285106.345937729 -8.868287889719994 363.823182309491699 9.901740505955946 0.454680228604576 0.890576492492434 -0.011558521409254 0.002408592700282
1666285106.445733547 -8.977401427712488 363.939158308680987 9.911397627201760 0.471520927611853 0.881791172449841 -0.008741887189437 -0.005993531676768
1666285106.544658422 -9.089322068231512 364.053110737920349 9.876031452547897 0.466078550218055 0.884530925225420 -0.004998619984765 -0.018730753982337
1666285106.644010782 -9.212890236263670 364.173993075465660 9.864248957671618 0.448698204005822 0.893107032405567 0.001261479005309 -0.032064919466447
1666285106.744510174 -9.351424089990031 364.309525572142206 9.896741418719973 0.436528906164265 0.899387627297102 0.000749717732569 -0.023320546118005
1666285106.843426228 -9.486458689552242 364.443994816479915 9.918661255997645 0.416442811101745 0.909060179109486 -0.009553558287340 -0.009680153054395
1666285106.943909645 -9.618703377439434 364.577579451182316 9.894801065416782 0.394402904895118 0.918753263762377 -0.018228813069125 -0.002549374504380
1666285107.045101166 -9.747715635977373 364.707121184646553 9.861080244745176 0.418418002672021 0.908073367298802 -0.018129185849855 0.000683566378857
1666285107.145929098 -9.878145594111023 364.835137121697926 9.873697614219765 0.448740513557001 0.893580140183634 -0.011380908146801 -0.004118190349076
1666285107.245863676 -10.006219415076281 364.968935080885899 9.901277200051707 0.470831181081119 0.882128443295093 -0.006504138850758 0.011185018075309
1666285107.345453262 -10.128265563780058 365.105036022534705 9.901057200763869 0.486749273155092 0.873304752071061 -0.005041521628868 0.019711371153697
1666285107.444359541 -10.246760778769968 365.239520157232619 9.863529033408572 0.480665563791440 0.876666143507264 -0.005079634391142 0.019780948602392
1666285107.543408871 -10.367022235708966 365.373580118235168 9.856181299355512 0.457544301253711 0.889099070945448 -0.001730521586595 0.012371731052404
1666285107.643621206 -10.493921640420796 365.513939837647285 9.884163922334372 0.440957410419796 0.897373351752906 -0.004117661452386 0.016145421139966
1666285107.742908955 -10.618011338004631 365.646816413636031 9.904070509639070 0.417131126360510 0.908422181422659 -0.013299548820898 0.024369770652825
1666285107.843805552 -10.740550689614505 365.774501870626011 9.877861851935627 0.407208668498248 0.912883393020261 -0.012669413720654 0.025777839391140
1666285107.945615053 -10.864944617035079 365.903573595903936 9.846742925937324 0.428154827582878 0.903393640985704 -0.002827590441260 0.023566454471674
1666285108.046101809 -10.994236012131767 366.039761538587584 9.869337405075949 0.451362484060921 0.892109341473022 0.003199633065402 0.020064724946333
1666285108.146277428 -11.117966208910937 366.176409624860014 9.901889115369521 0.470125770541675 0.881942852448662 0.008250630112321 0.033022598172533
1666285108.245725632 -11.226267359353603 366.307058461676661 9.902161870959356 0.486249292426382 0.873034822373381 0.013153040747136 0.034624009840373
1666285108.344944715 -11.325491881114239 366.436884598377787 9.865715525210906 0.481002048270669 0.876287628857744 0.014656814480129 0.023285163937369
1666285108.443979025 -11.429893951659560 366.571703472540605 9.856984888520032 0.465819300151661 0.884695893323415 0.017162550858328 0.005568014990675
1666285108.544416904 -11.546974854856314 366.719136105968460 9.883897008664952 0.458734395622974 0.888470793246737 0.013111694766148 0.003238407061944
1666285108.643082857 -11.665672857467291 366.860893093288780 9.908006174941127 0.432847676175306 0.901382036766027 0.003389516016010 0.011908996865527
1666285108.743882179 -11.782024661498161 367.000244329262159 9.884908615062011 0.428987011654159 0.903210955742101 0.000502524994378 0.013411216503515
1666285108.844266415 -11.896568500196500 367.140935457983744 9.849248994340803 0.442144376896165 0.896871981044573 -0.001423569409194 0.011268231734460
1666285108.945005417 -12.015834326778689 367.288002248170358 9.867651004095759 0.460691497025806 0.887557996742116 -0.000375753602874 0.002001448594141
1666285109.045247316 -12.132750097362436 367.438474973284826 9.898668714090034 0.482813277478028 0.875592047673846 -0.002901297924605 0.014882459863849
1666285109.145619631 -12.242207651624812 367.584708678722222 9.899588550897944 0.500486328281801 0.865490990665249 -0.004828628636391 0.020382949388610
1666285109.244717836 -12.347382703800491 367.724992741448943 9.861486352333312 0.490754489892341 0.871153156690070 -0.004447599555522 0.015245559931609
1666285109.343754768 -12.455560072989760 367.866721061555722 9.848339196437022 0.475492416053188 0.879714931681860 0.001788215821227 0.002324550722122
1666285109.444218159 -12.569402117045016 368.016262690740348 9.870669449091812 0.461234527322587 0.887250071657636 0.001481000630722 -0.006915763599355
1666285109.542873859 -12.688293226154583 368.162785835217164 9.898324209167262 0.434065953511665 0.900853316470531 -0.006264973366015 0.003286383236617
1666285109.643463135 -12.809536859322527 368.309002409049754 9.885330591851522 0.432760235372854 0.901412173845159 -0.003544650444533 0.012732123821389
1666285109.744785547 -12.930302162585104 368.459057270551625 9.851571212402927 0.454846850519966 0.890382052610977 -0.001775976748704 0.018193099431369
1666285109.845108271 -13.051610939168860 368.609628255193002 9.866050412805624 0.477138024247588 0.878792327189355 0.000656714575907 0.007932226433518
1666285109.945117474 -13.172726916088505 368.765644866241303 9.897467281732157 0.491173763266640 0.870915633798266 -0.003717085219896 0.015507300271771
1666285110.045576811 -13.290740746754055 368.924209579664819 9.914425525310492 0.510285026569632 0.859613173334181 -0.010170856667862 0.023894299818371
1666285110.144554138 -13.409190209541537 369.082793759262756 9.890380327085708 0.510030607397119 0.859510036788946 -0.016884941353301 0.028743258908589
1666285110.243694544 -13.541315804606969 369.249584479905366 9.893250008343463 0.491989353258885 0.869597876487499 -0.021920475456047 0.035573898354237
1666285110.343998909 -13.687091394052482 369.418805653694733 9.939432521464942 0.483478309806269 0.873224140993346 -0.025783456590756 0.055349226729372
1666285110.443232059 -13.823835338013858 369.569903503431192 9.970551286102737 0.468594760190624 0.879582932566115 -0.032624588247770 0.075421825103544
1666285110.543682337 -13.949129030030381 369.705783092383456 9.960310638694180 0.454054572369496 0.886896246025373 -0.030830585441244 0.079366044992843
1666285110.644842386 -14.063234593356819 369.834886370327865 9.955501250489432 0.464477677989199 0.882608548686625 -0.023303449952970 0.068699240573252
1666285110.745592117 -14.169129871044715 369.970929370599322 9.995963526048168 0.480776515451580 0.875167526028618 -0.016114570259461 0.051730689155839
1666285110.845192909 -14.264719429472734 370.115340611534123 10.043254350219501 0.487463016363498 0.871412085693750 -0.022873627762219 0.049975811525816
1666285110.945739508 -14.352753500756002 370.260893585202552 10.051563458178396 0.505045130686390 0.861658560477939 -0.027561500834404 0.041404164003245
1666285111.045311689 -14.442534257224327 370.404178901661851 10.034921022381775 0.501193661610825 0.864198661952695 -0.032280555295220 0.030389998192459
1666285111.143875599 -14.541951417719085 370.546035989322377 10.061090865828161 0.489379861319152 0.871551726560614 -0.026648005891358 0.013957902653154
1666285111.244173288 -14.653035634243730 370.686358279359354 10.105396258783816 0.481962976726495 0.875763668298155 -0.023198394448808 0.014543756354249
1666285111.344907999 -14.768655740984702 370.818636195445833 10.133292663107447 0.465882089585553 0.884429081915018 -0.021543543181079 0.016581719258335
1666285111.435901165 -14.875484298923592 370.932339805207732 10.118529194892016 0.452759723274646 0.891385760781285 -0.012560284379062 0.016801717559579
1666285111.537281990 -14.995049315588091 371.069753360391132 10.114912462215798 0.467140796509160 0.884013297608074 -0.005435679784830 0.016444429882602
1666285111.637485266 -15.103121677943371 371.223450168278589 10.155978957500086 0.501620015456460 0.864993297924378 -0.005975726479479 0.011324545571985
1666285111.737451553 -15.190912296644964 371.382906672606111 10.192689414878860 0.518931814648751 0.854492336769495 -0.018869659365460 0.014019775425948
1666285111.837717056 -15.264836661600699 371.540683294564417 10.199683191766963 0.546926761174539 0.836651855966250 -0.027957689173293 0.010156644891317
1666285111.936400414 -15.341919677253925 371.695271598694831 10.182552084642461 0.561350698628027 0.826853636454047 -0.034545028556257 0.002257882767730
1666285112.035100698 -15.434393401247085 371.855735954135412 10.202883510243890 0.546341848334219 0.836763234988127 -0.035438785543362 -0.009053497123534
1666285112.135055304 -15.543929720177950 372.016818816870511 10.249910621565485 0.529582416321287 0.847469084488902 -0.036535090173743 -0.001949960216564
1666285112.234197140 -15.654588528911203 372.158649456281239 10.286007725303746 0.519312912198258 0.853965925253922 -0.031165618846232 0.009219649196635
1666285112.334431171 -15.762750529277117 372.286804739477247 10.281897387349664 0.502127416088959 0.864542986399269 -0.018195040943749 0.010120433029949
1666285112.436022997 -15.865166817711746 372.423606016035819 10.271766651021606 0.511124323307097 0.859429907084463 -0.007644994435278 0.008585743575174
1666285112.537343264 -15.955076282921500 372.579203835321721 10.307912836586196 0.543686161764705 0.839287079573123 -0.001263124046253 0.000979839183327
1666285112.640415430 -16.032191972314092 372.742574664860513 10.346865711803247 0.567102059132154 0.823543739263882 -0.012311304363251 0.004404069959647
1666285112.740525007 -16.099377460547583 372.897731588081911 10.363026808192419 0.582172304299233 0.812745921508769 -0.022708688079313 0.001946962634300
1666285112.839538574 -16.169598475915677 373.052243902108387 10.345313878248833 0.586726970491295 0.809301100170652 -0.027911167938516 -0.002039133391401
1666285112.938055754 -16.251833538236408 373.217831047114316 10.354656461931620 0.571840248855784 0.819693512089440 -0.032084075436723 -0.008478686832579
1666285113.038138151 -16.350910417068818 373.394947405878781 10.390779125519938 0.557016250839270 0.829663016513338 -0.037036776923207 -0.004522442491915
1666285113.138550997 -16.461508430936764 373.563645974124825 10.420520883983826 0.528897375362559 0.847384277097676 -0.044714206947254 0.014425427526511
1666285113.238076210 -16.571409190061420 373.716610516369030 10.419514016606028 0.514017736482018 0.856212772956760 -0.044063490823292 0.027273847987825
1666285113.339343309 -16.679784346721220 373.866698180831349 10.405642920162116 0.514581246834763 0.856038263048916 -0.035919549139797 0.033382908677487
1666285113.440768719 -16.780168110044372 374.023919937170376 10.436089332373609 0.535944436570369 0.843478795285396 -0.021919429566658 0.028751024688494
1666285113.540833950 -16.864925685244618 374.182607198302208 10.477518362057948 0.560443648680293 0.827316196117096 -0.018231601024773 0.033443041433656
1666285113.641188145 -16.936586374945342 374.338264285778621 10.502994719603370 0.585814443598002 0.809578722174345 -0.014455557282709 0.034565403775500
1666285113.740859032 -17.003776676284385 374.493380010786552 10.489715335069182 0.597271173872208 0.801441651397375 -0.011703181099793 0.028661120335890
1666285113.838406801 -17.075373233778524 374.655895139235213 10.492755149544092 0.592065656725883 0.805552927681017 -0.008987511708853 0.021493335329240
1666285113.937856197 -17.161489427286572 374.829688904948966 10.532566073448043 0.579614988338567 0.814481030912442 -0.010681821676792 0.023516255287654
1666285114.037588835 -17.255101829508895 374.993792853337709 10.569644287571061 0.561165899070593 0.826818044818394 -0.016030784041472 0.034752963125404
1666285114.137000084 -17.345223314449839 375.145006692448476 10.573942895919469 0.540813333697234 0.840144496028512 -0.015739094381978 0.037821221507456
1666285114.238247633 -17.427018734802694 375.298568337885683 10.562831903089368 0.534587005598276 0.844321924663298 -0.015386569906327 0.033173399657716
1666285114.339843750 -17.498585629567785 375.460583706144803 10.592040633507937 0.551404502073513 0.833969981776100 -0.013024255286026 0.016658732355048
1666285114.440434217 -17.558482633999361 375.627512427582303 10.632382661444955 0.564363720159531 0.825168442890983 -0.021006894743408 0.012220580911090
1666285114.541130304 -17.611637286634803 375.794972953189131 10.654242101880177 0.582399604694598 0.812350237631610 -0.028521461815552 0.009182488080423
1666285114.640851498 -17.669953678220111 375.963758969878597 10.638976614005564 0.598120472093406 0.800765426466497 -0.031219828021084 0.007207980093197
1666285114.739274740 -17.738730765725556 376.140102506363235 10.641854270456204 0.598825126318965 0.800331635736690 -0.028709868362659 0.007313302038657
1666285114.838757992 -17.815812001710491 376.327756960360773 10.684473167789111 0.587615485813729 0.808449816123679 -0.030182623376489 0.014350780034475
1666285114.938270569 -17.889188406121690 376.503023680585898 10.720402126534651 0.570113238289176 0.820366435936751 -0.037200529705614 0.024205927073413
1666285115.037931681 -17.955011207065496 376.664802657126017 10.723767382788894 0.558017649195810 0.828585042278557 -0.038323625758535 0.024380947621921
1666285115.138962746 -18.017398181851970 376.827771130668225 10.709933971242107 0.560279151784784 0.827323198695834 -0.035861084997884 0.018373338232100
1666285115.240094900 -18.077458552547366 376.999085985039073 10.735129016467040 0.581547718155350 0.813027889152048 -0.027042743497196 0.007522831476016
1666285115.340574741 -18.127610745151376 377.174611662752227 10.780906342160671 0.607519420693430 0.793656388068087 -0.029917838505077 0.011602331585595
1666285115.440719366 -18.164245641403173 377.340291881590758 10.814598537956945 0.637095263915492 0.770181808355794 -0.027828879391604 0.012456333572001
1666285115.539917946 -18.195967106418422 377.498105903909959 10.803694567021841 0.656748945728544 0.753745369353002 -0.023332630119395 0.002080585269587
1666285115.638391256 -18.231231652684599 377.665426117900608 10.803940598708751 0.650165250227628 0.759438399399577 -0.020664766560356 -0.010556151612277
1666285115.737733841 -18.277506099405837 377.847858273012889 10.844432220643336 0.639753964809895 0.768084512215718 -0.022970533078100 -0.015277474086709
1666285115.837139845 -18.335391477249054 378.024649376689979 10.882290376326370 0.618737164469872 0.784983452398771 -0.030066739514976 -0.007828916836165
1666285115.936855555 -18.401976548887887 378.189579825012970 10.888328895521193 0.595338040271318 0.802832849923658 -0.032117301037618 -0.000715446309951
1666285116.038058758 -18.469888698217641 378.351862859716732 10.872643234024800 0.587871081645199 0.808531928793146 -0.025892678968715 0.003644264419905
1666285116.140028477 -18.531561577868288 378.517792874718737 10.896913800309164 0.607207029763708 0.794420849755817 -0.013745716905754 -0.002488321829516
1666285116.240355492 -18.580026921875135 378.685937203128674 10.937413275097821 0.629676759820427 0.776784366921443 -0.010212986968933 0.002986694774254
1666285116.341371059 -18.616446486997443 378.856087158803746 10.961209610098235 0.657040367350465 0.753719495764418 -0.012443889581482 0.007072975942425
1666285116.440373659 -18.651154917507004 379.025158135831703 10.947995698280879 0.662899507566766 0.748523386545763 -0.016142858932939 0.004048551255972
1666285116.538441420 -18.691753188079701 379.199470768117635 10.945587898495576 0.655027693999878 0.755426931636756 -0.016309953450316 0.001690109323800
1666285116.637891293 -18.742970568486051 379.381197495433412 10.980874304105297 0.645407362115409 0.763675969075030 -0.015757185752740 -0.000249563014761
1666285116.738158703 -18.800715486524240 379.554730300833057 11.018064889486434 0.636083491030066 0.771415322098238 -0.014809105449177 0.009842950110122
1666285116.837446928 -18.855631261976406 379.715077909953720 11.026586926509530 0.627466611025644 0.778459587110713 -0.010857503019077 0.012978363209655
1666285116.937742949 -18.907719787973242 379.875008479276801 11.011173573512135 0.625148883859649 0.780448745084177 -0.003827437652184 0.008601164257664
1666285117.039770365 -18.959069761359899 380.044016437650896 11.035176099919683 0.648513628439184 0.761171081954402 0.006665076439711 -0.002057785475083
1666285117.140019655 -19.002677082647164 380.218657525592221 11.075613258843072 0.656538333439460 0.754263404070948 0.004752748640254 -0.004641700572402
1666285117.239872456 -19.035291861583641 380.396712522827670 11.104007248297533 0.674281190174903 0.738465599956457 -0.003273001761457 -0.001649762630130
1666285117.340586424 -19.064946252419247 380.574649381084612 11.094865684797421 0.693254853706857 0.720641911559241 -0.008265172785486 -0.002151751601297
1666285117.440601587 -19.097503475463760 380.748078115674900 11.094084270755666 0.684168659130078 0.729204548414270 -0.009731928820358 -0.008902920730117
1666285117.540001631 -19.134709825126450 380.916767170451067 11.131897156765570 0.674107262590662 0.738342781597635 -0.004510406193271 -0.020223541261660
1666285117.640110970 -19.178521401952480 381.084088235467846 11.172995893296042 0.661686171733161 0.749547740839032 -0.005522017291677 -0.017863416953302
1666285117.740568876 -19.226064631342371 381.253557341214105 11.181650492250439 0.644636496733942 0.764328012220374 -0.006010431986518 -0.014503500307799
1666285117.839915752 -19.273923177040281 381.423249476321587 11.162223437773115 0.643402036348551 0.765424258811989 -0.005758646606402 -0.011241069073576
1666285117.941441059 -19.322839949773375 381.598627848780154 11.181489468008987 0.667540465845779 0.744416505094704 0.000804494951120 -0.015269125346940
1666285118.041760921 -19.365217518889757 381.777218032206179 11.223917060451978 0.684229800401031 0.729201059481491 -0.003429373507016 -0.009145189532501
1666285118.141694784 -19.398420146573777 381.952683674768252 11.253008606657632 0.703619101685360 0.710497400773707 -0.010405557191791 -0.002308163083847
1666285118.241425514 -19.431577600040733 382.125507767981503 11.245019365668048 0.704779721537512 0.709246601831467 -0.015899955025558 -0.001411853465989
1666285118.338892221 -19.470857291222870 382.296015771723660 11.234676832168644 0.698155782397717 0.715710384464939 -0.018272092044412 -0.001811001381098
1666285118.438010216 -19.519222099502588 382.473210735789621 11.266462419938993 0.682968424822278 0.730224791872591 -0.016146582831767 -0.008072911077452
1666285118.537654638 -19.576834828425447 382.650064231489523 11.304939971935331 0.663143761565122 0.748248148127828 -0.018921418078268 0.002653348534177
1666285118.638962507 -19.634568568997658 382.823405436191194 11.322911598977392 0.653921860861321 0.756198930139092 -0.018982656018004 0.013749062319366
1666285118.739916325 -19.685499765345789 382.991585901863687 11.306783581174731 0.648500738447928 0.760846039411503 -0.015309322469891 0.018047747500309
1666285118.841784954 -19.727147345025013 383.164859336789107 11.315810293490893 0.673221022932267 0.739255580837971 -0.008355689557901 0.014311636313096
1666285118.942704201 -19.757500079365350 383.343734304529107 11.356079911979831 0.702157321450544 0.711819835308812 -0.008703374043511 0.014555729957394
1666285119.041796446 -19.776723521340148 383.516061677929429 11.383990966404125 0.726239467448264 0.686843855014234 -0.015821718383838 0.023904559753953
1666285119.141822815 -19.790338737858992 383.685233870346337 11.380128443631312 0.749585460138656 0.661094697177345 -0.021459009331906 0.024798190079272
1666285119.242449999 -19.807459298977644 383.856736596356143 11.363761014153454 0.746659506479238 0.664404623528629 -0.022613816091302 0.023551920086292
1666285119.338537455 -19.832412690683338 384.025500397867802 11.384011097998114 0.733190844176181 0.679609036601692 -0.020447728693807 0.012026378374349
1666285119.438463449 -19.867861870899187 384.205810043174267 11.420178725800323 0.718119389549686 0.695372062121158 -0.021204009452363 0.017681277026817
1666285119.538754940 -19.904999788912125 384.381056070103341 11.447973878089726 0.702586629464591 0.710795468045122 -0.021679909427026 0.025919340873907
1666285119.639039755 -19.934260840901246 384.552208841071263 11.438778829060364 0.696524650740173 0.716695469456471 -0.018117238915065 0.029542860828689
1666285119.740729570 -19.952479041427079 384.733328137862088 11.437911416475156 0.712581784103550 0.700947944893613 -0.016813086122668 0.024829410952622
1666285119.842058420 -19.963723139413755 384.921776610488735 11.472655266554943 0.726485562654677 0.686508042350083 -0.022778046413733 0.020164216933636
1666285119.941730261 -19.965350851162977 385.102170825952669 11.508748945715531 0.736771747028517 0.674784854762880 -0.033654073644456 0.026461214830747
1666285120.041723490 -19.959111101867506 385.274040142549438 11.514534476474811 0.756885974356934 0.651935119722626 -0.037882841993250 0.025867194987376
1666285120.141411066 -19.950691440444398 385.442583507974859 11.497637109536289 0.764432541084147 0.643357112479075 -0.036802714708273 0.019495541652459
1666285120.239663601 -19.947116947433397 385.618694434260362 11.520479477795543 0.758762268777112 0.650573847989594 -0.031782859047582 0.004830907056000
1666285120.339043856 -19.956432831431773 385.801700739779164 11.564342135486541 0.747419218025230 0.663522142005642 -0.031842595552566 0.009430201656054
1666285120.438966274 -19.972277563012646 385.976763346178643 11.598308342540506 0.738207767219535 0.673710762465731 -0.029451465035948 0.017196283372530
1666285120.538712978 -19.986939000174484 386.145477734337760 11.592170213696710 0.724160815963884 0.689078383550146 -0.021015763063202 0.017900604719130
1666285120.639966965 -19.991151054551182 386.325798173725730 11.590264519484540 0.733528933044831 0.679293241216415 -0.015815170169206 0.015680472452335
1666285120.741147757 -19.984918556680011 386.520267211406747 11.626770961292967 0.747376877033914 0.663924748337221 -0.017748342289520 0.017796869566488
1666285120.841125727 -19.965168506018358 386.711522035387759 11.661756322389333 0.758681727583581 0.649951711419920 -0.033412772760722 0.029127232438921
1666285120.941489220 -19.938838544738701 386.892096467930514 11.666645619572389 0.774837990723161 0.630007957340766 -0.042281709573271 0.030468325437605
1666285121.041078806 -19.916690018525891 387.064771183491757 11.644466593446140 0.775848084269729 0.628805791144227 -0.044376809986417 0.026338676768283
1666285121.137112141 -19.902344424515388 387.234949466489809 11.656812657516349 0.773821763043256 0.632226631418823 -0.033290664508130 0.019521711555165
1666285121.237428427 -19.892413465272959 387.421660957793790 11.699598295360966 0.771344040898631 0.635205289697357 -0.030308475110509 0.024980129045764
1666285121.338173866 -19.885779574848907 387.604373662831335 11.733894668258303 0.757307476241236 0.651489455587220 -0.033186042095745 0.030749996712482
1666285121.436203957 -19.878449851675970 387.776821315876418 11.728347568765088 0.746522566841858 0.663765737417860 -0.034501936820629 0.030474897564927
1666285121.536678314 -19.864826351247714 387.958090279221608 11.716260118765772 0.750606775874845 0.659340222886074 -0.032718447582539 0.028097004877765
1666285121.638808012 -19.843252981477153 388.146655266983203 11.747521730112249 0.769655864095652 0.637466654894916 -0.027986000138398 0.021974952935445
1666285121.737704754 -19.814728499651395 388.323343040140799 11.785850705670967 0.784149577045877 0.618823507328378 -0.038475071979946 0.026202603548415
1666285121.837920666 -19.783346034173569 388.488897761024134 11.807762693630526 0.799286545226910 0.599006047019333 -0.041800475279522 0.024196994026332
1666285121.939043045 -19.756372666453380 388.650046714787436 11.794822652860237 0.804589098009215 0.592414928041525 -0.037359466076464 0.016888063617661
1666285122.037142515 -19.735896499117143 388.815477759239570 11.803516089515693 0.796700892995155 0.603593986417007 -0.029769894381333 0.007465925962217
1666285122.136827230 -19.720131336614337 388.990333967756442 11.840880252189587 0.784546409450638 0.619629191795273 -0.023246974410872 0.002484808642429
1666285122.236334085 -19.709907678426525 389.163234533000548 11.878772333620557 0.766781860728334 0.641406609091023 -0.023482094435659 0.009577636100049
1666285122.336885691 -19.699205129967858 389.334169590389365 11.887584222886833 0.749599043825996 0.661417032955446 -0.021906143273891 0.012202577532245
1666285122.436210871 -19.683784723891698 389.508068935916469 11.870585282711223 0.748336835482667 0.662867055027044 -0.017045518200365 0.017569812999649
1666285122.538610220 -19.656513732088253 389.706648343423126 11.890315544412434 0.775337715587494 0.630790679830130 -0.014365083593242 0.027353051024856
1666285122.638903618 -19.615998597195379 389.904624621823586 11.923849282572759 0.795132903287513 0.604150417645414 -0.027942710928495 0.044554953421686
1666285122.738468885 -19.567016664527426 390.084783882646491 11.946110183373428 0.817861387670354 0.571130971123037 -0.039604625446520 0.057824199304615
1666285122.839039803 -19.513463150318497 390.246607296731440 11.935530633559020 0.831804552826526 0.550796988265438 -0.040847933479829 0.055274858165482
1666285122.938960314 -19.462694730395761 390.404719572658564 11.934289756115236 0.826941507660608 0.559698767486084 -0.037208675509368 0.038994192508605
1666285123.039285660 -19.419918777138836 390.575309041596029 11.969450411047939 0.817557576931142 0.574556730157814 -0.029828783923671 0.024380645653383
1666285123.139139414 -19.389767629148469 390.754122624829733 12.006720404949002 0.795273550188470 0.604514740952881 -0.036406275974886 0.027865595470720
1666285123.240315199 -19.365850604697624 390.932392947255778 12.014469021746375 0.777009411445981 0.627361225848078 -0.041865649563310 0.030356782000228
1666285123.339516878 -19.342200938127228 391.109264550159025 12.000168337217698 0.772334775683533 0.632897088025162 -0.040510972004957 0.036043465237830
1666285123.441741705 -19.312576382224570 391.297451520647712 12.017180457018000 0.786359341508752 0.615511269568060 -0.034866637873962 0.039612884520103
1666285123.542961597 -19.273539283035994 391.479484371588455 12.056040385426654 0.799272150299463 0.598104089031131 -0.040212044774272 0.042644107388768
1666285123.642706871 -19.228763991086318 391.645460955364968 12.089823933694690 0.804878470632771 0.590100145071395 -0.045122330692312 0.043777180944689
1666285123.742663860 -19.182062311442618 391.801250377803228 12.090872338008184 0.812688836416156 0.579951716729555 -0.041875943164464 0.037937670079782
1666285123.842297792 -19.133883159849301 391.961376678602335 12.086193780507816 0.820047855290083 0.570415638422169 -0.034392809008056 0.031058801749259
1666285123.940874815 -19.089231753624727 392.129358946430671 12.116425780439005 0.810461439653054 0.585147712193276 -0.022069820980207 0.016350313525308
1666285124.040500641 -19.050820831687989 392.304464137810555 12.157423377908405 0.805378000227170 0.591992830157135 -0.023075092214425 0.019450087709972
1666285124.140517235 -19.018370761788937 392.479183433291155 12.183097464036340 0.798723179326647 0.600762514807059 -0.022550032508106 0.024843100509275
1666285124.240336657 -18.987093439721683 392.649171174407513 12.171555794555561 0.795266130155234 0.605343936053453 -0.016348552949459 0.029038356146483
1666285124.341420889 -18.950022860062809 392.822587476626666 12.176458244165280 0.815423091884856 0.578099659036187 -0.006942925414845 0.028944105269833
1666285124.441828012 -18.907412063078578 393.001207810116057 12.215309866891564 0.826976182844460 0.561638610753066 -0.006051029912036 0.025216045613388
1666285124.541770220 -18.859861517754492 393.171926384931339 12.250232475988227 0.836227738160507 0.547442192655797 -0.014005049014783 0.028880343371726
1666285124.641501188 -18.811425923304039 393.332154571187630 12.258040617032014 0.839572378350191 0.542512087641909 -0.016156438765814 0.023191070700356
1666285124.741230011 -18.763858791914082 393.489820186442557 12.245222674437931 0.836008830347831 0.548408118421430 -0.013042196160164 0.012948835825602
1666285124.840569973 -18.722907760584391 393.661422487796358 12.270008529234463 0.827286896780784 0.561758708566542 -0.004758945432298 0.000946679905767
1666285124.940090179 -18.695320551187304 393.843722466447502 12.312698026886064 0.815560414288197 0.578596154493848 -0.006602891123429 0.006640969794170
1666285125.041652918 -18.677025426119688 394.023438703602494 12.339584926188428 0.801847954898321 0.597310044870510 -0.008481051237149 0.013734601999437
1666285125.140392065 -18.657557596334506 394.196468525280011 12.326662073114473 0.788179402634898 0.615221203413065 -0.003416718281270 0.016261185973410
1666285125.241492987 -18.629760186503294 394.380077340916841 12.328961231463033 0.802469268597490 0.596523682189562 0.002627717775852 0.013988017833356
1666285125.342795134 -18.594615121843709 394.567304132557069 12.367232672412422 0.810287957224013 0.585942211850175 0.000040388523905 0.010254224428408
1666285125.441949129 -18.553924914536648 394.739300567516523 12.401176340759205 0.812320709261449 0.583099273999077 -0.006047342593187 0.009681508884790
1666285125.541882277 -18.509963011288416 394.902862184613184 12.403649804498897 0.822751011782936 0.568329148870939 -0.007735852265775 0.004786203454889
1666285125.641771793 -18.467138381237163 395.067111746713579 12.390365355678069 0.823743088389185 0.566950823107311 -0.001734259896899 -0.003328791312067
1666285125.740212202 -18.425486729203126 395.242543052098654 12.421433535716353 0.816569451584252 0.577083103091934 0.005893155402654 -0.012437587570688
1666285125.839700460 -18.386121596357828 395.426971975446861 12.465629065881773 0.804560710030571 0.593759092466292 -0.003873894889195 -0.010825752957467
1666285125.941534758 -18.354359357584705 395.611835799602204 12.488238961825930 0.785737674751532 0.618311547656432 -0.015880540143707 -0.007412486459169
1666285126.039704800 -18.331026583528349 395.785232157577468 12.469492261568918 0.768219348719633 0.639943692569364 -0.016851742562494 -0.005207817784696
1666285126.140904903 -18.306892436498927 395.965527306336071 12.475461141253881 0.790814872734335 0.611928281971839 -0.012470579548079 0.000315326665728
1666285126.242657900 -18.277009982577137 396.144972555145102 12.516682024991331 0.807634966194229 0.589561781655688 -0.011731667408844 0.002243874155545
1666285126.343058586 -18.240829180201988 396.313609137448054 12.549008053498754 0.815531163914591 0.578468459770570 -0.015634622950228 0.006222563778787
1666285126.441495657 -18.204001804102493 396.474794674576401 12.548430322638168 0.822707131379097 0.568245893657208 -0.015197210870470 0.004315680879828
1666285126.543272734 -18.161753742962009 396.646474581036841 12.527083370406505 0.824177996898163 0.566202153008101 -0.011970204953293 0.001570207406612
1666285126.643693209 -18.111990036342423 396.832378776512883 12.551970115747158 0.812444608686888 0.582884925087687 -0.010999063707846 -0.007611998336970
1666285126.739429951 -18.068180704036092 397.017131310777643 12.590980797316737 0.801954594517789 0.596800345669233 -0.026122186055305 -0.003975818982897
1666285126.840019464 -18.032906388345349 397.200560340693016 12.611446114665490 0.789976324549899 0.611886664798472 -0.039134220971749 0.000792995188906
1666285126.939863443 -18.005932913535350 397.372127608808228 12.595877659456193 0.780058044439018 0.624334083678703 -0.041317829995256 0.003039109661053
1666285127.040641546 -17.979483663426940 397.542401934197983 12.598674007256886 0.788345919449067 0.614303759265637 -0.033786421766603 -0.000283450736635
1666285127.141984224 -17.948801117747912 397.713771616219049 12.636227133315916 0.805902552790487 0.591666380772920 -0.021003277746175 -0.003291138521586
1666285127.242648840 -17.907222701489168 397.884427941169861 12.672420195664500 0.823885758924815 0.566397646464945 -0.019714329234545 0.004160233489294
1666285127.341802359 -17.857124468658874 398.052634496582300 12.676850354454961 0.833639804656121 0.551795175258398 -0.023442268235481 0.004149784865941
1666285127.441510677 -17.803425423312483 398.225024625883236 12.657940468234536 0.836433724284532 0.547420999624392 -0.026268821311915 0.004338556974569
1666285127.540724516 -17.753680048510322 398.409033494772473 12.677167966777679 0.828507675930836 0.559389499793079 -0.025482188994740 -0.003012721190259
1666285127.639656544 -17.713477621030275 398.599210130662129 12.718230500819564 0.818523895466459 0.573485427458855 -0.032370717926519 0.009232207951986
1666285127.740046024 -17.678504335950329 398.784021579659395 12.744537739587042 0.809333032741146 0.585879132082508 -0.037860087533080 0.017096738760789
1666285127.837654591 -17.644596185065677 398.955501564222004 12.731966246979200 0.793007073191361 0.607746646144793 -0.037360113075267 0.019698170453899
1666285127.937886953 -17.600528911692578 399.131275493392195 12.731614420855299 0.801018544585881 0.597389573594893 -0.035251484767032 0.015884628146360
1666285128.039074898 -17.548057021366052 399.311214590428676 12.766303451387000 0.815981286598825 0.577084992365783 -0.032362814447831 0.010004986143144
1666285128.140738964 -17.488887213481927 399.489682142158642 12.799090293656615 0.826808561295714 0.560635322502900 -0.042326727106971 0.016854859910190
1666285128.239446878 -17.431218504304876 399.658496211821046 12.805491551178060 0.835068669328397 0.547542403931085 -0.049830909756651 0.019352359967052
1666285128.339118242 -17.376169706275807 399.827312025225069 12.787949336434457 0.833934150174656 0.549187274892335 -0.051077923395399 0.018390650081474
1666285128.438695192 -17.325713961623023 400.002784022316632 12.806491362534441 0.821380168401228 0.568571328564245 -0.043710765359913 0.012273234435594
1666285128.537459373 -17.285251337491481 400.182421795734456 12.846798091930706 0.812881717971328 0.580506650215859 -0.044098903419878 0.017047825676874
1666285128.638526917 -17.253479574510081 400.361046037935012 12.875780788266109 0.797367665029229 0.601236906085019 -0.045114007214650 0.026147961300751
1666285128.739178896 -17.223924414521154 400.532743191855957 12.865055279458051 0.785871088620739 0.616358688079682 -0.038430766495361 0.032119711787730
1666285128.841675520 -17.182881803501299 400.711887981127859 12.860951576497786 0.797713812334378 0.601317891442518 -0.033068747732614 0.031239797782204
1666285128.941978693 -17.131120596996542 400.893828442951133 12.893632353321655 0.808854670035012 0.586537786699633 -0.032176807274029 0.026309705617865
1666285129.042785168 -17.071421814059857 401.073185108191751 12.929093289191487 0.817663607146874 0.573040799422744 -0.045864670138973 0.030771736667732
1666285129.144282818 -17.011546290011996 401.244748725034242 12.937706933679868 0.828249113792445 0.556973631205459 -0.051929920123862 0.032970639056042
1666285129.241017580 -16.956385389592551 401.404727702957587 12.923283328594421 0.833035462327099 0.550171559635678 -0.050973812131126 0.027655812234361
1666285129.341246843 -16.903840440872646 401.578685450970454 12.945440087629784 0.827968175702699 0.558937297296837 -0.041398657047371 0.018545859611407
1666285129.440821648 -16.863132700363295 401.755357075109714 12.989608295789960 0.822162106855350 0.567544862992662 -0.038668919921836 0.021142686061419
1666285129.539789677 -16.833553527074347 401.925928690170281 13.022172246536648 0.809335717728351 0.585775827706558 -0.036509744507396 0.022570206907253
1666285129.639282703 -16.806423852756602 402.093885957982877 13.013308689533769 0.791820607000957 0.609635421741017 -0.028140606002710 0.023935019972602
1666285129.741202354 -16.765062166834781 402.272651696508433 13.012424028499947 0.801661995692394 0.596872900612460 -0.024595011625443 0.021814458051973
1666285129.841395855 -16.714536863631409 402.455753937832753 13.046892966356161 0.816078390155502 0.577108418630907 -0.026294512733774 0.016447883348057
1666285129.941803455 -16.659753266454995 402.634391693583950 13.079413042754803 0.825034327018955 0.563362851098079 -0.038296098567900 0.021773058524286
1666285130.042249203 -16.603274526498200 402.807171413339574 13.084772965617866 0.837234801684235 0.544636197543226 -0.043698028942307 0.022355792112391
1666285130.141278028 -16.548420480327195 402.979103093817571 13.066756594024220 0.837907137564214 0.543645083412859 -0.044144263764883 0.020320828640291
1666285130.240418434 -16.499655098475529 403.161990929037131 13.084313710997254 0.823263691219570 0.566252823568857 -0.038536862524787 0.010466362623712
1666285130.340383291 -16.464480224567641 403.353040831690578 13.121356352417497 0.811058524566601 0.583110103179091 -0.043812921673402 0.015719579916717
1666285130.440047741 -16.442643062691371 403.536561911598540 13.146388427575765 0.793665687543574 0.606161378991674 -0.045243897916434 0.024822343487768
1666285130.539833307 -16.425041769516319 403.712787140394312 13.133824902262322 0.783530517436087 0.619401742379609 -0.037791111180752 0.031515737325425
1666285130.641420364 -16.396347745061981 403.893310727436528 13.133692157459567 0.796220254042810 0.603505780085822 -0.025724495658555 0.033945997969123
1666285130.741870642 -16.354378220060916 404.069327750043271 13.168765204611754 0.817763870531525 0.574564328012357 -0.015247765314676 0.030093033777214
1666285130.842394114 -16.298574601072136 404.236391005460121 13.206777203891546 0.835716421041424 0.547612714079825 -0.024802347369478 0.032912346388630
1666285130.943701982 -16.238077347306113 404.397489355624828 13.218146382041281 0.845773138274686 0.532031359181715 -0.031890566759237 0.024360278570239
1666285131.041760206 -16.181775335183140 404.554997295991029 13.200733023422362 0.846255986715872 0.531475188878350 -0.033538299556301 0.016127957624585
1666285131.141488314 -16.127392068612160 404.728227047860287 13.219088501467654 0.836538132196769 0.547067136680674 -0.030304141954172 0.001777730342302
1666285131.242187977 -16.080205395369603 404.913393750822991 13.261956505825582 0.827935720318085 0.559708560128173 -0.035252561201332 0.002455131231978
1666285131.341567278 -16.042740757668383 405.092668610434487 13.292036078553766 0.814924243714668 0.578104577692924 -0.040503894301776 0.007280714453467
1666285131.433519602 -16.013620624343524 405.252962494199664 13.282236327004989 0.805443908355935 0.591284132662411 -0.039605230869359 0.008637745178029
1666285131.535467625 -15.979609272976106 405.429684185125552 13.272168481724334 0.810689891173083 0.584471180514762 -0.032113731513288 0.012001989241240
1666285131.638990402 -15.936459134428578 405.611128242139216 13.306739362154770 0.827320747245644 0.561189367775238 -0.022973535360173 0.008893331546311
1666285131.740670443 -15.881990471230280 405.785773915963091 13.342302912772608 0.843107633684323 0.536673901985020 -0.027613410494942 0.019701281994657
1666285131.841480970 -15.823036998794986 405.953543689080277 13.350830139894443 0.853283273275693 0.519794907242674 -0.034905687775233 0.022416576755533
1666285131.942555666 -15.763649167016601 406.122856593947517 13.330794409196326 0.852513021765386 0.520863260065211 -0.039278596007920 0.019498818690803
1666285132.039798021 -15.708801793226902 406.297858570006895 13.341723737757443 0.843271641673861 0.535882474411080 -0.039819110351923 0.011719659487875
1666285132.140873909 -15.661097326544605 406.492444449606865 13.381637071190635 0.832703446024643 0.551671826354235 -0.045101161320100 0.015134471687014
1666285132.241115570 -15.627325328917706 406.682031457665516 13.412370619245209 0.815879978668428 0.575310430529964 -0.054044813996279 0.020902799131710
1666285132.339458704 -15.603268088867262 406.860545811811619 13.404428666621248 0.800795389927985 0.595997339955903 -0.052904032732580 0.026740934093719
1666285132.440827370 -15.574522406851518 407.045035177468151 13.398075319180807 0.806572194908498 0.588394388149870 -0.046930966814516 0.032106428454177
1666285132.541902542 -15.537327215960069 407.227714646805225 13.427431024911460 0.820737589589926 0.569465461947547 -0.036406567175699 0.027811122765291
1666285132.641566992 -15.489028490176430 407.403455805027761 13.462559731816933 0.829655692634807 0.555691374102076 -0.045135435024686 0.029005532788388
1666285132.741842031 -15.436710301291221 407.575304445149754 13.477059553628429 0.833358978697021 0.549489380489605 -0.053267315752296 0.027144546906405
1666285132.842086792 -15.387481644607277 407.745451549019663 13.459605906317329 0.832954036403007 0.549993783854030 -0.057207742991228 0.020534972698148
1666285132.940403938 -15.343812153529733 407.918564086605443 13.470784455153730 0.822642340468845 0.565947547330803 -0.053437702784020 0.010361720868429
1666285133.040000916 -15.306597996319756 408.099536945041962 13.509256806003728 0.807951778917502 0.586544651114629 -0.055614276896369 0.009292330071423
1666285133.139895201 -15.278688218716761 408.276333420741139 13.549013194949865 0.791774530287536 0.607676458003894 -0.060113150768464 0.014450767470352
1666285133.239739656 -15.254586890519995 408.442756971349127 13.545982973537431 0.785003527484470 0.617106993225276 -0.050577863426894 0.019756023905862
1666285133.341007471 -15.220764290026741 408.611456654687117 13.533115674343129 0.795001372193828 0.604850709066961 -0.040550199784779 0.022002710027172
1666285133.441905737 -15.176285879256964 408.784104616859963 13.564720670581545 0.813713745861796 0.580192172421183 -0.030398200183819 0.017970316701088
1666285133.541816473 -15.123231219097226 408.955016814700798 13.599935460341808 0.830563474520787 0.555270924394435 -0.035036880992838 0.024717044410700
1666285133.642335415 -15.065384715575913 409.123481434684038 13.614559514499605 0.841653972126963 0.537652553832903 -0.042322569953595 0.027515861469103
1666285133.741755009 -15.010088134893449 409.289298454227492 13.595894447805602 0.844911342519744 0.532376264482224 -0.045766764517042 0.024611776918341
1666285133.839675665 -14.965035472087703 409.458491205893154 13.604684049814374 0.832920047845450 0.551704748688873 -0.038804659399927 0.018980584293857
1666285133.939553738 -14.928052769748479 409.637636710479740 13.643935387651048 0.829027844780106 0.557843168777132 -0.031737214018169 0.022728415569646
1666285134.039961338 -14.898210983120890 409.818622685114633 13.676607924890961 0.813561746471271 0.579708788960651 -0.032648290909548 0.031449861384050
1666285134.139703274 -14.870882739235814 409.995253116503250 13.672238970114874 0.801192576216855 0.596517996222788 -0.031519617645289 0.035542224196625
1666285134.240680456 -14.836544653793608 410.176816091148510 13.662003770609141 0.802113526230024 0.595307252860221 -0.027606275395613 0.038223805274142
1666285134.342602968 -14.793824210309719 410.369352549408177 13.696245525357064 0.819021836968236 0.572035538540807 -0.021706073927060 0.038825501544461
1666285134.443135500 -14.744088047491696 410.556647084543158 13.737831528390908 0.832201534087973 0.551251172402574 -0.029488708937342 0.051895738087245
1666285134.541821957 -14.688376988372720 410.728440392475648 13.751040627262093 0.847248183561026 0.526523599502704 -0.034746253224303 0.061123747481074
1666285134.641924381 -14.625270562376230 410.894991884230933 13.731900997923935 0.852934553682239 0.517269296700893 -0.039597034346521 0.058027551183933
1666285134.742534399 -14.562198412256656 411.069811995710268 13.740577949839743 0.844701805330362 0.532104629244281 -0.040637352890737 0.041135497547356
1666285134.832826138 -14.512272432934523 411.234476474187829 13.771606920852385 0.835851736450538 0.546129120677831 -0.047244743055013 0.029373329296241
1666285134.932505131 -14.471452498446927 411.415345126087516 13.806771959335753 0.807783692720462 0.585977931496306 -0.057004730711407 0.029424993640196
1666285135.032693624 -14.442818345539589 411.586674265948432 13.808463683846563 0.796159657074756 0.601911664212429 -0.055182147314927 0.028054938056319
1666285135.136113882 -14.415887834475443 411.759004212651348 13.797025697212238 0.798721508029597 0.599498007858995 -0.042656444492227 0.028749242204004
1666285135.240159988 -14.379722942015993 411.941656630274338 13.828589013911975 0.808343175368223 0.587282687123283 -0.033606415975934 0.023472644634269
1666285135.342250824 -14.334179951879475 412.123356970125485 13.865142509839295 0.817841109433366 0.572943933969602 -0.043229900480934 0.031659816055153
1666285135.442643881 -14.282364499943231 412.296591054589726 13.875001374600933 0.828340917009837 0.556449635984369 -0.050977899883127 0.040204247831181
1666285135.543107748 -14.224216552017994 412.467197474398233 13.852134665118076 0.826567854189374 0.558619038104629 -0.056503520711021 0.039213579728104
1666285135.642235518 -14.161331008051146 412.647512635368969 13.856622833466753 0.819554850273651 0.568914616140144 -0.060500229199567 0.031713233859811
1666285135.742003918 -14.097822546567985 412.841728832579179 13.895096779956557 0.815287972960996 0.573691594397630 -0.071319912972357 0.033120170233114
1666285135.841189623 -14.046688813517193 413.023473867380744 13.927752443705261 0.801035429409964 0.591004671205560 -0.087632148096370 0.037098868759267
1666285135.941634417 -14.007451481160738 413.187414749613595 13.927092062408519 0.796496604703416 0.597239784203960 -0.087220869239558 0.035921008185086
1666285136.042046785 -13.973256043075475 413.341108184766483 13.922258148691521 0.804319348357084 0.588955279789619 -0.071615626769612 0.032760742799321
1666285136.142423630 -13.938157415543319 413.494570089498325 13.960114516420569 0.820034617980496 0.570057565274748 -0.045193855220150 0.023132510390126
1666285136.242764711 -13.897370244024854 413.649576647273364 14.002775947588026 0.831808507390779 0.553524543803635 -0.033886935433816 0.023597924616488
1666285136.342313290 -13.848068216837110 413.806644754503338 14.023431511169864 0.842531404618550 0.537303139903524 -0.028567767205450 0.025100811903239
1666285136.442777157 -13.792237627392625 413.969095531807909 14.007424598022329 0.850699337351196 0.524497353011337 -0.024006115766538 0.025236293708474
1666285136.541131973 -13.730619258102418 414.139620104876144 14.007282794949290 0.847718231096359 0.529615907744134 -0.022435835212323 0.019427409233951
1666285136.641425848 -13.667661025737786 414.326827710147654 14.045454852815958 0.842514042591736 0.537462242362641 -0.027718644252842 0.023153894511219
1666285136.741178513 -13.615218973354134 414.507041794206771 14.081814165751776 0.836191876595901 0.546141226751808 -0.039215354360020 0.031225981801589
1666285136.842803478 -13.572541092232612 414.679437600137589 14.080570742933601 0.827859965222935 0.558439602179119 -0.042789143858181 0.031018992037006
1666285136.941542149 -13.532278962228482 414.841721220626880 14.064245149228126 0.831239235067312 0.553838147994104 -0.036607984927262 0.031056325454503
1666285137.042768955 -13.486351790315583 415.012830268477444 14.089535462010460 0.844746673518332 0.534077321137739 -0.024218274190240 0.024040545361853
1666285137.143474102 -13.433641673668358 415.186830111232894 14.127699209015518 0.850423925798831 0.524594429025145 -0.029769656544002 0.026336268033638
1666285137.242860079 -13.375922327502964 415.355597305810875 14.148070727547944 0.853374778087468 0.519109862378807 -0.037989135000491 0.028866321676573
1666285137.342566729 -13.314964580726183 415.518133829309818 14.128651370738710 0.853494928877068 0.518925740298593 -0.040799318589710 0.024451953690873
1666285137.442568779 -13.251855149120860 415.686741208471290 14.125749805699380 0.847040396631836 0.529668036639688 -0.041591725466346 0.015635402417991
1666285137.533037186 -13.197045438570447 415.854950369167909 14.167071734384352 0.843028328175504 0.535590168324651 -0.047758996374410 0.012864204324245
1666285137.632966518 -13.148444147962790 416.034524396200823 14.206818211270191 0.831168907342045 0.553003136011004 -0.055452313992962 0.016456606656645
1666285137.733240366 -13.109879416201313 416.205625683019662 14.206878926270072 0.815653623302799 0.575423795910951 -0.058131623315147 0.014742328961007
1666285137.833854914 -13.070705653614311 416.376035584094268 14.189131891737546 0.818805489207627 0.571119250372485 -0.055974029933946 0.015725160424713
1666285137.936440229 -13.027534047265318 416.549508282428519 14.213051505637806 0.832330817534134 0.551970039348018 -0.050205067865130 0.005825547679457
1666285138.036781073 -12.981492498697925 416.710846365057250 14.250139594502791 0.841757447920196 0.536950291256666 -0.055853858013462 0.003021611370169
1666285138.140202522 -12.933659052841117 416.867411111880472 14.269267196967769 0.843045588766037 0.534920548226094 -0.055936836021157 -0.002283138971526
1666285138.242465019 -12.888105215292143 417.018975726803660 14.250234945759271 0.846875331726609 0.529441124408674 -0.049016496509952 -0.009573472082496
1666285138.342260838 -12.839980900865198 417.177340448580765 14.252492489179351 0.842668730566949 0.536448615429211 -0.041591087377543 -0.020061779071702
1666285138.442904472 -12.789320307109303 417.350534916541676 14.292780954854692 0.832301262080781 0.552386323992217 -0.038557185991071 -0.025637894093608
1666285138.540312529 -12.747130927906328 417.517978601787775 14.329584670866270 0.819243900931314 0.571207310385701 -0.045569006631224 -0.022025098942320
1666285138.641666651 -12.708833382640881 417.688856960306055 14.333290819514035 0.813279767962563 0.579912815793514 -0.044667707321451 -0.016791099542383
1666285138.742376089 -12.670062347739290 417.857879256745321 14.316097378900697 0.816541675604569 0.575743535639522 -0.039329401027724 -0.015240452256630
1666285138.842472553 -12.628748772242128 418.022780476523906 14.338491220492369 0.831311541866645 0.554532553028652 -0.029802506384830 -0.022947300582186
1666285138.943786144 -12.583957497983159 418.184376761320777 14.379042761626552 0.842850265364152 0.536788703974098 -0.028728060278453 -0.025219357922550
1666285139.043355465 -12.534190217512958 418.339649152867139 14.406599724218497 0.848543642812418 0.527826713277499 -0.027848853027168 -0.024435391921881
1666285139.142708302 -12.478546965476937 418.494904222989533 14.394827058317395 0.852971133892027 0.520660816728949 -0.024060773570697 -0.027814346033544
1666285139.242006063 -12.412962859990246 418.655809443618864 14.379261266452007 0.851888540173154 0.522230380274494 -0.021966927307899 -0.032845077936590
1666285139.341227531 -12.344654932909039 418.821603030711117 14.394300300328455 0.839811343699799 0.540610387915229 -0.017693596329672 -0.046306070014704
1666285139.440477133 -12.282010476176779 418.995661976768872 14.421010137707084 0.828038321557756 0.558341297707704 -0.025393946223238 -0.044302153458960
1666285139.541302681 -12.224015010859832 419.175673118100690 14.430762337314738 0.818627443374409 0.571388969167469 -0.039054400537419 -0.042877834211623
1666285139.641628981 -12.175899173129741 419.347367442271775 14.401335541749164 0.818180351316960 0.572350381082631 -0.039001174611420 -0.038403936938189
1666285139.742482424 -12.136226885944277 419.508420999961174 14.392603170809821 0.831076172152293 0.553927842714526 -0.025230878850186 -0.042892235879843
1666285139.843079567 -12.092104683813339 419.669733947555358 14.424229567829482 0.836811843942473 0.545409696828785 -0.014059667736561 -0.045568916882757
1666285139.943613768 -12.037835743345839 419.832469943918852 14.455358484578452 0.847331248266476 0.529758230182755 -0.009866331286472 -0.035897475841020
1666285140.042521715 -11.977471150569803 419.993170252051584 14.447231273946496 0.857031131350048 0.514161932312611 -0.009602439270162 -0.032294588052519
1666285140.141747475 -11.913971275991461 420.156415557083051 14.422472069478914 0.858188234292943 0.512512298823398 -0.002351444845668 -0.028958052128129
1666285140.242892265 -11.849185911725566 420.328113024112497 14.435525953364257 0.851399071665018 0.523306659876051 0.008529680396581 -0.034597760760604
1666285140.332679510 -11.797558198076347 420.485254384556868 14.462851984800542 0.845626771469761 0.532804681333451 0.007250939995010 -0.031336221724654
1666285140.432441235 -11.747936661382091 420.659490701544655 14.482879111055357 0.835005324228260 0.549625291302733 0.008418488244088 -0.024642985341259
1666285140.533203125 -11.700501255158827 420.832667794222175 14.458837233076411 0.817943742856441 0.574754952262019 0.014723432949131 -0.020198982510852
1666285140.633356810 -11.648292880991917 421.003833122101526 14.436036064900017 0.831426968372072 0.554820711606644 0.017510275986537 -0.024424669307855
1666285140.735405445 -11.593936006255484 421.181586967847693 14.457954151021056 0.851963049201508 0.522707412133189 0.018519072294504 -0.024350935457268
1666285140.835577250 -11.540307618275927 421.352100091273826 14.486674422409806 0.854905246658036 0.518355818153770 0.014273751338909 -0.015508869894805
1666285140.937429667 -11.481592165810435 421.516651434762196 14.481482004104425 0.856747125260198 0.515362123932584 0.013557966543091 -0.014227653260391
1666285141.036470652 -11.421808704505178 421.675552114412085 14.448543344550995 0.845302007203675 0.533671381004253 0.015353355595636 -0.020582715719884
1666285141.136242390 -11.360106154390813 421.840966864901077 14.448848679547174 0.837946179994350 0.544515108895886 0.022777119931237 -0.028821839369061
1666285141.237372160 -11.299327159923765 422.015769111799955 14.481298231619906 0.829298440528192 0.557941159179022 0.014046871064940 -0.027720837735597
1666285141.337935448 -11.246355761743549 422.183473100789172 14.502465774526060 0.820143713554144 0.571546783423519 0.007719135043073 -0.025278022668605
1666285141.440001011 -11.196980354188149 422.346015242448800 14.481076881310415 0.810704262201764 0.584716985298355 0.010610828513320 -0.027423651648850
1666285141.542629480 -11.149198734715188 422.504785163014105 14.453444400890525 0.820071978667069 0.570783285370454 0.023200262864492 -0.033913695608231
1666285141.634914398 -11.103408344076577 422.653721270496305 14.474444962716941 0.832506529736240 0.551107988122958 0.033044689922211 -0.046053358634681
1666285141.736053467 -11.048960626358589 422.823353207638888 14.509125768033886 0.833718188625888 0.549984449695660 0.026634422778147 -0.041493307539955
1666285141.834609747 -10.992652374945699 422.987050717988438 14.513653878511896 0.839654746026817 0.541264501001976 0.020439133003067 -0.039936064801194
1666285141.934570551 -10.933370041132635 423.150901820617435 14.481581036272779 0.837898284701611 0.543884698836884 0.018334441340908 -0.042187049267831
1666285142.034410000 -10.870170115766088 423.314769866339020 14.471181946153267 0.831309521387898 0.553100296559600 0.022264273949457 -0.050088358937077
1666285142.133591652 -10.805424941311539 423.486886980405075 14.502149196175104 0.826012213220100 0.561239280194792 0.021149595305208 -0.047612903672113
1666285142.233321905 -10.746232730551775 423.662612354912881 14.528377444363620 0.822651834568259 0.567045018229872 0.006976989968928 -0.040684493276138
1666285142.335008860 -10.698429331434628 423.835602539392710 14.520626223541067 0.816877863150741 0.575744566881515 0.002255066682832 -0.034980924443944
1666285142.434063196 -10.660556107395587 423.994786334498031 14.491413458754925 0.824281985904029 0.565161336204218 0.006568348669510 -0.033297576033836
1666285142.535909414 -10.626826903550267 424.153944675680066 14.490662828244526 0.833589422172584 0.550515418927286 0.020178317910683 -0.040672893326978
1666285142.635647297 -10.588159867451214 424.316916488426045 14.513214823726365 0.817805007876579 0.573731526478918 0.015557252328544 -0.042250165871207
1666285142.736639500 -10.543005482576492 424.481973442092681 14.530127913180829 0.816191437206077 0.576511691231266 0.007931740183441 -0.037455242661151
1666285142.837906837 -10.497519597490042 424.645529924142636 14.508787159719304 0.815009152994781 0.578377199728581 0.005285559358961 -0.034813190475996
1666285142.939532042 -10.453963204378809 424.810392521952224 14.482854975205397 0.806104928959308 0.590731078758002 0.008514167297012 -0.034046219351854
1666285143.041432619 -10.411270733871653 424.980153827920049 14.501131364287348 0.804820722730704 0.592334064850026 0.018443205412462 -0.032616070511123
1666285143.139887810 -10.368900961601481 425.143357365194845 14.523663551695902 0.804194617243325 0.593634058082841 0.016442600084804 -0.024479860771911
1666285143.240710258 -10.325419969654414 425.301093710637986 14.525804549163018 0.797177822835701 0.603176420813527 0.013457032110111 -0.022464025469683
1666285143.340707064 -10.278912090197519 425.446858321380375 14.504613671278102 0.789853404467600 0.612169466651811 0.018361815215707 -0.032295313780236
1666285143.440787554 -10.232357542488685 425.588573885492963 14.497359505299636 0.797791692788206 0.600096456109496 0.029785863671698 -0.050253961120326
1666285143.541170120 -10.186778842274610 425.738662000302895 14.516154514000510 0.802685151343921 0.592427554409735 0.034989304906309 -0.059176761741927
1666285143.641740322 -10.141250962760326 425.891489356212332 14.537898398175635 0.807088705609298 0.586995155735118 0.030725986363104 -0.055681434818333
1666285143.740497351 -10.099950826293346 426.036542764450985 14.529359883784517 0.809717567235294 0.583011107639080 0.033439145652912 -0.057769656550942
1666285143.840200424 -10.061682045747258 426.180771108102419 14.499844999622235 0.804989193150192 0.588642920156269 0.046120188666514 -0.058007237985181
1666285143.940355062 -10.018971640533934 426.331295827978806 14.506747907202053 0.807456297809140 0.583258299496286 0.063462059663213 -0.061616963414000
1666285144.039348364 -9.970646426057961 426.491232577886819 14.534585105400737 0.796680489804449 0.598891461299523 0.058703053572956 -0.056419555551916
1666285144.139946699 -9.921047216279863 426.652073916061738 14.547258664963309 0.789960073527716 0.608929908248049 0.047532600820349 -0.053926810886250
1666285144.240288973 -9.873967132695196 426.800676611324832 14.529597520386039 0.795143934034343 0.601707899773492 0.044491327619727 -0.060944641152406
1666285144.340504408 -9.830883712549698 426.936358785094228 14.509381883325673 0.810817346413442 0.577756524724631 0.052245742326331 -0.077736807896595
1666285144.441346407 -9.785045442344295 427.069788384659546 14.519852698194052 0.818440804632167 0.561970536204725 0.059884372338404 -0.103718984281861
1666285144.540117741 -9.738337882513463 427.204585008045797 14.542908324809686 0.804006706863158 0.581193843609363 0.054930800492490 -0.113002383279688
1666285144.640226126 -9.694932374802963 427.340666217432442 14.545050440740404 0.801531544215488 0.582442799209825 0.053933143805010 -0.124091842098774
1666285144.739898920 -9.658072933183169 427.477036935571903 14.514783773667494 0.798558860993116 0.583833475000728 0.065380663290338 -0.131025142112750
1666285144.840467453 -9.622121338666735 427.614219818641857 14.505891026787644 0.809743229136049 0.563757033337474 0.083902391192955 -0.139478668558881
1666285144.939895391 -9.583906434336583 427.757335848075854 14.531271564265035 0.797485794460507 0.579287731881425 0.095822976342338 -0.138780721032368
1666285145.040217638 -9.544903386244229 427.913685064388858 14.547656407058874 0.797700421100975 0.579964571945590 0.094799480497236 -0.135381652969483
1666285145.141407013 -9.505201968561144 428.075642893232327 14.538956296573005 0.807754293206564 0.568266724173184 0.091369962457127 -0.127504752713088
1666285145.240363836 -9.467567751560631 428.227963040842383 14.513460596881801 0.807533376573319 0.567986664660126 0.093317346925409 -0.128735648719238
1666285145.340088844 -9.433309147997962 428.371799680270158 14.500647858746721 0.808343105459568 0.561801701869047 0.102181273077306 -0.143245450417542
1666285145.441092730 -9.391306226915763 428.532951041271531 14.515402896155788 0.804704764274148 0.566922037287574 0.102333410059914 -0.143448663910490
1666285145.540024042 -9.335945672926137 428.713492924545790 14.536117946692178 0.826483872133825 0.543117553273064 0.081239932697450 -0.123886261404051
1666285145.639938116 -9.277223072903483 428.895009741293336 14.519230385975510 0.842167325846260 0.524814886094396 0.064113250467696 -0.105891556439369
1666285145.740162849 -9.220093547192405 429.066259117352161 14.494668377041593 0.843864046268948 0.524359560014811 0.058737156001652 -0.097419041981075
1666285145.838329554 -9.167633572614267 429.227342706908587 14.512386577615759 0.838040590468147 0.532691699974667 0.065095065925635 -0.098438579317438
1666285145.938446522 -9.119943700475421 429.389266417450528 14.541461545599249 0.833611210282331 0.540831331687620 0.064463038618896 -0.091860423516558
1666285146.040242672 -9.078488111585227 429.545784892083645 14.547097567811939 0.826733900007417 0.550906133860359 0.069883336932548 -0.090165456094506
1666285146.139819145 -9.038423960905854 429.692987152167575 14.522978525689288 0.815753759408097 0.565683366518170 0.077877639205577 -0.092104322200385
1666285146.241503000 -8.993638528515854 429.837733127683521 14.499437500773830 0.820769758299301 0.552901127841114 0.093719081845402 -0.108876445530639
1666285146.342756033 -8.939644245691737 429.998626496923350 14.519545771728039 0.819228264002138 0.551562163323253 0.095990619206860 -0.124217681811009
1666285146.443058729 -8.880767452153739 430.173802472169371 14.544209637687183 0.817308845538999 0.557028856422986 0.084707033914787 -0.120622645142480
1666285146.534604073 -8.827575807725321 430.333710977070211 14.535550815826749 0.834233425748122 0.534379085211085 0.073797692491201 -0.114225589236785
1666285146.634554625 -8.772632059143577 430.503331171774846 14.498718828559078 0.837893417676397 0.529352745893007 0.072005168929620 -0.111962255593202
1666285146.733323574 -8.718243420541967 430.662856904491889 14.490073288450237 0.834479356444591 0.531100469817321 0.082948805217403 -0.121227019845605
1666285146.832899094 -8.661931464701441 430.825084562640086 14.524120123067700 0.828419184382475 0.540312750005196 0.083068220617253 -0.121997778063295
1666285146.933075666 -8.612943241693891 430.990056644386925 14.548750397383222 0.817860521498297 0.556519883389017 0.082364127304112 -0.120855025963511
1666285147.032295942 -8.571034433163808 431.157107689330473 14.529030137537058 0.804682594276389 0.576417641891199 0.083298897155225 -0.115281908025208
1666285147.135061741 -8.527826938547532 431.329348942255137 14.496909355573090 0.814962075924924 0.561305579598412 0.080769103649306 -0.119370067485602
1666285147.236035347 -8.481351766515107 431.500806964081221 14.496110159679487 0.821226858470199 0.550181203573141 0.082318816120471 -0.126927942843575
1666285147.335555553 -8.425623720051316 431.686491773162913 14.522513240199102 0.811464998900116 0.568850274277849 0.063756751482729 -0.117766708599762
1666285147.437830925 -8.361332287174127 431.891184716129999 14.535010030505545 0.814591702648345 0.569679296630494 0.036696594451492 -0.102758050403459
1666285147.539403439 -8.302209376970767 432.100407661357963 14.510228144720456 0.818851682914354 0.567684533931295 0.016422297907351 -0.083345662484502
1666285147.642803907 -8.252483848551433 432.308273941352752 14.488102652833732 0.825003286819742 0.561069870325050 0.013708163149006 -0.066198667759520
1666285147.739064455 -8.212832300341891 432.504627556336573 14.503522587248353 0.823880807802531 0.564381876135930 0.012977070154894 -0.050250453471908
1666285147.840437174 -8.175899397982848 432.710720143882668 14.529324725443301 0.816329144178812 0.577120259421095 0.004851472259257 -0.022702373156434
1666285147.942325354 -8.139594465574717 432.911606836447618 14.526316255000991 0.802131814063537 0.597145966315643 0.001112190752026 -0.000103979939090
1666285148.039483309 -8.099501362845613 433.096206142137873 14.491430937409966 0.798851870041791 0.601405979635906 0.000786901587671 0.012079659548190
1666285148.140812397 -8.051535947833669 433.282653896434510 14.473833800235878 0.821094798967504 0.570559923285869 0.005794513759153 0.015202916129267
1666285148.240950823 -7.993775950033704 433.467927985544804 14.493288089007661 0.822503568421419 0.568323203926812 -0.002225650514935 0.022173459183923
1666285148.339102983 -7.928479518527105 433.642579013095315 14.516052375093233 0.824247845834358 0.565421013319533 -0.016616898035721 0.025267469873431
1666285148.439267159 -7.861512029819056 433.812182537474882 14.499167785960468 0.819152299992236 0.572649103875338 -0.025653531532695 0.020109937048691
1666285148.539044619 -7.799690212121637 433.975609768114793 14.469223165550172 0.813929011308713 0.580340302599150 -0.023819832239726 0.012542460732208
1666285148.637749195 -7.743686917009153 434.142038879413406 14.486699442973769 0.807817752558035 0.589240788536822 -0.013870306201138 0.005778095055969
1666285148.738519192 -7.691570240489424 434.318510807427060 14.523849711836633 0.798057119923705 0.602154378057354 -0.019598794354917 0.011437901261847
1666285148.838302135 -7.646758313604136 434.490306943111136 14.535930647153554 0.778480182840716 0.627008300683977 -0.026251737284611 0.011833937942060
1666285148.939327955 -7.604316032300810 434.656649902308288 14.504428109768170 0.775393124595442 0.630982290094172 -0.022368391815872 0.011247531515962
1666285149.040879250 -7.565895222828164 434.820922276706938 14.488928050010733 0.798087819502529 0.602385820348700 -0.012537689488054 0.005473768977936
1666285149.141799688 -7.527186436776040 434.987509753007998 14.505368377737206 0.803601454465635 0.595158687151047 -0.003207767709138 0.000741428137437
1666285149.239824772 -7.479312280959020 435.151183908672294 14.529993764295604 0.815037949765823 0.579311591269616 -0.008154381364683 0.006687804329346
1666285149.339527607 -7.429865777997282 435.314827082581303 14.518133944878333 0.813177041604676 0.581900282514822 -0.010932060690000 0.003956041621181
1666285149.439345360 -7.381196115411843 435.481031768878097 14.477844969701101 0.803724517872058 0.594863098646366 -0.012463445030536 -0.003075024900998
1666285149.537843943 -7.333884363874774 435.651540087076910 14.478100538404970 0.792418357602853 0.609893088048441 -0.006218791439120 -0.008055700948450
1666285149.638241291 -7.284222075873155 435.833963644407334 14.507288085995926 0.784368919694891 0.620070818258928 -0.016570307750958 -0.001732934335810
1666285149.739509821 -7.236284170925152 436.013528719212388 14.520200422398947 0.775344435135280 0.630935647032238 -0.027421857519009 0.003042686144290
1666285149.839893103 -7.190007305752676 436.185356969534439 14.487080119994337 0.775998753590506 0.629991622951811 -0.029892850627133 0.006550337236309
1666285149.941236019 -7.141517250115895 436.359409144906692 14.458384254436584 0.795451226978590 0.605381774578271 -0.027244866828616 0.005288642378727
1666285150.041730881 -7.087904924473649 436.540918771083568 14.476045066116663 0.809627576790519 0.586269884499806 -0.027775655587046 0.004395723558917
1666285150.140535593 -7.027306642812827 436.718485254379971 14.503441226588132 0.825528411591527 0.562709232641928 -0.039068785398734 0.018297299313578
1666285150.239729404 -6.964615646271439 436.885904841429408 14.495855843396924 0.831291544266691 0.553431419874912 -0.046797435509448 0.021863941906219
1666285150.339487314 -6.903532729822516 437.048873224157774 14.457849442596679 0.827519418939047 0.559235910982375 -0.046767858410004 0.016720483433130
1666285150.438160419 -6.850341061962799 437.217933694642682 14.452742711559067 0.811783238188251 0.582651000994056 -0.038400668320895 0.007153594182629
1666285150.538542271 -6.804319714166571 437.402064177001648 14.477680700570700 0.798163273188182 0.600904680008768 -0.041659597082449 0.010650485811257
1666285150.640171289 -6.767770166085716 437.587173432251234 14.494936138514968 0.779824451869830 0.623816939163797 -0.048937895454999 0.018202556597016
1666285150.740453959 -6.739247421953414 437.761924038878874 14.463597341532200 0.771361852987898 0.634552276307473 -0.040347757899746 0.026764880357373
1666285150.841861963 -6.711774479350718 437.937002157335883 14.427770456851849 0.781867231014677 0.622182341603315 -0.025952309529235 0.029987405565596
1666285150.943640232 -6.668697950788037 438.125243415328839 14.448324153053088 0.795888633541042 0.604274423989293 -0.015155142710221 0.034409666694310
1666285151.034593344 -6.616281246709629 438.291443580490409 14.480355356958260 0.809870620831317 0.584684362599062 -0.022000990647946 0.042068159657088
1666285151.134718657 -6.551102322800312 438.456906927906857 14.484796066574955 0.825548569175040 0.562402435688401 -0.022350205895032 0.040908783424203
1666285151.235391855 -6.482739432600675 438.608845157763767 14.445879129853040 0.830302583360815 0.556406166988386 -0.016870637716934 0.026929147492506
1666285151.331983328 -6.422087428929966 438.759440357485914 14.427318927161078 0.816602134904712 0.577130623283404 -0.005374249278552 0.007232868191028
1666285151.431299925 -6.370883460852160 438.934854733450209 14.451008859740110 0.804789399764463 0.593483679070141 -0.009329912041406 0.002024214767446
1666285151.531447649 -6.336058118795425 439.121401057828393 14.479506378621284 0.783514368610421 0.621015368687787 -0.017774519752060 0.011367166848860
1666285151.631863594 -6.308490705768143 439.305327159030355 14.457132411153948 0.778358537427132 0.627233157781724 -0.014779493904415 0.022762239639193
1666285151.737505913 -6.274256466643654 439.497259608122079 14.413083915659959 0.789226879755717 0.613271120315653 -0.006906351214929 0.031173186727284
1666285151.839131594 -6.228238828488653 439.681033180335191 14.414226456704014 0.809874625087809 0.585934161958566 -0.000503075435976 0.027999935783852
1666285151.940335989 -6.165545714715186 439.861138493423312 14.443197613175265 0.819595084338707 0.571758743907896 -0.013650251857831 0.034198057209597
1666285152.040592432 -6.097850817241691 440.027952008765681 14.451302076854274 0.826503342930768 0.561579741041646 -0.025542631313795 0.029461713484287
1666285152.141929388 -6.032748768697451 440.188618786026211 14.413493308023114 0.822449187399254 0.567955946563897 -0.028656993397568 0.013496430580967
1666285152.243530989 -5.978732490798801 440.353673168614989 14.396234335945396 0.808080878095341 0.588732605416962 -0.019800412710303 -0.002675337758217
1666285152.330912590 -5.938825771056353 440.505335738835242 14.417572226957075 0.803115458884630 0.595509754171392 -0.017822208958153 -0.007487406434225
1666285152.431205988 -5.901061197683590 440.680648958425934 14.450259814138123 0.787319560858529 0.616047574569576 -0.024513634750425 -0.003518048862489
1666285152.535599709 -5.868269117303100 440.853333044859596 14.440003114470050 0.784004423499078 0.620581892221968 -0.014530203111715 0.002013002139292
1666285152.637799263 -5.834724199331039 441.021470842120323 14.399962595585645 0.796721596057774 0.604315271000070 -0.003614767136189 0.004968407170964
1666285152.739631176 -5.793546895029051 441.200148463295932 14.400905432272419 0.808475904283150 0.588472194479687 0.007578641011594 0.003122934232874
1666285152.840191364 -5.740576236298206 441.385002797590118 14.424712137607548 0.817391249942160 0.575911106558896 -0.002486925739913 0.013847637360383
1666285152.938540936 -5.683432286029400 441.560182766232060 14.430952253040067 0.830077460589514 0.557124990397508 -0.013004236533237 0.020348079222100
1666285153.037183046 -5.627101957992397 441.729743618111513 14.394302354552909 0.826129316929782 0.562974574650366 -0.015646376193766 0.018032496177013
1666285153.137207985 -5.573764315714683 441.907304052028337 14.366859356319063 0.817237467340284 0.576036012305351 -0.013034321562840 0.011642206147630
1666285153.236653566 -5.523873971816124 442.094176446489087 14.379083291054455 0.804416900892677 0.593830349426369 -0.011750156390154 0.011870108810940
1666285153.336301804 -5.482022783893954 442.285657513356057 14.405281704791387 0.780446404924852 0.624237144407579 -0.028238838650986 0.020831816372770
1666285153.437594891 -5.441667243125368 442.471150644505030 14.394851551028008 0.777124569639344 0.627785536821966 -0.031608990976296 0.031041821942037
1666285153.538008690 -5.396291039485823 442.648984339940853 14.355410712098500 0.787364315286364 0.614777880662646 -0.029007663151850 0.035554858177884
1666285153.639673233 -5.339737436712692 442.825986224676569 14.351710887862065 0.808511756890665 0.587499361834572 -0.019137010062022 0.028053763730134
1666285153.740712881 -5.269408842800983 442.998567244238018 14.375088982344684 0.823806600180645 0.565464726702251 -0.026626066066939 0.029721725389937
1666285153.838925123 -5.196746464299615 443.153202187061368 14.391513680937745 0.842390429149233 0.537238481719291 -0.032951711224140 0.025833376959342
1666285153.937760115 -5.127222066978235 443.298122694041695 14.366274255788388 0.846565714757100 0.531416399451842 -0.028922051299359 0.009306768508934
1666285154.037251234 -5.060721742795415 443.446621050925387 14.335114402312344 0.836399037767538 0.547679781440876 -0.018138199128353 -0.012430299867328
1666285154.135476828 -4.997976736412776 443.607110011593704 14.343229439813920 0.825679218225855 0.563196228610796 -0.010360724094746 -0.030927205899514
1666285154.235144615 -4.943361573969398 443.781590230006771 14.373455745000811 0.803305632985765 0.594650457415210 -0.016714740009182 -0.028487031709992
1666285154.336652756 -4.896436348076008 443.956363660465229 14.372968104296147 0.796702457343853 0.603566342433298 -0.016467932549615 -0.026489090990403
1666285154.432883739 -4.855305940924435 444.121250167050562 14.332843886766826 0.807831577201025 0.589032644603323 -0.007046353162124 -0.019975869834228
1666285154.534070492 -4.807534904943188 444.298720973963157 14.314938924682584 0.823834790712979 0.566500095435262 0.007865833607943 -0.017663752273864
1666285154.634480715 -4.743679749713172 444.483317243167789 14.335195200701428 0.835709463332117 0.549086230664845 0.000625561939287 -0.009675374084697
1666285154.733578205 -4.670778258812349 444.661007805736858 14.352187853371493 0.846669778864469 0.531869212861977 -0.015688709427248 -0.004392079653228
1666285154.832438469 -4.601265721109907 444.834674986783625 14.324288312075581 0.838994248914368 0.543618712184079 -0.022182680557450 -0.008676101383937
1666285154.931555986 -4.537220666021775 445.014132883887214 14.284471636988185 0.826740819308361 0.561895270972849 -0.023542700828032 -0.014800790026564
1666285155.031162262 -4.481359575244753 445.210854661240546 14.291061633499680 0.816540384449474 0.576773574565536 -0.022909604857509 -0.008318308197733
1666285155.130878925 -4.435045206401012 445.414624258012054 14.317586058689145 0.803413376447229 0.594216212222458 -0.036176424093460 0.011194017038907
1666285155.232570648 -4.396851468749403 445.610843855108897 14.313469619246991 0.797187436757454 0.601670946497231 -0.040377995891423 0.029221229696903
1666285155.332610369 -4.362485702886355 445.792310786933911 14.270387913986399 0.799803713428905 0.597941265075955 -0.032335697123214 0.041649324079230
1666285155.434300423 -4.317124111124032 445.976452100810434 14.260813822031679 0.818765646804186 0.572381004447531 -0.017203140869258 0.041314081197474
1666285155.535178661 -4.252420776987536 446.158230132662709 14.289712840280766 0.829437161897439 0.556251630798483 -0.025565017013976 0.044323217421851
1666285155.635608196 -4.181913668632287 446.322070716878443 14.312494523943501 0.838717215310252 0.542199428505202 -0.032812364929038 0.038685412995248
1666285155.734621048 -4.116038511530550 446.470482590848007 14.286973464014475 0.836898746336442 0.546188392927944 -0.030858552553529 0.018068689647664
1666285155.834035635 -4.059182322077611 446.622906392079074 14.256922085282788 0.821272093007298 0.570118745398854 -0.021543574655079 -0.003555247295175
1666285155.932900190 -4.012451101282206 446.788802182446375 14.273286213984196 0.816406345476764 0.577296840339143 -0.009836642673882 -0.010596115355300
1666285156.032803059 -3.977874012956084 446.964245658091500 14.305653127644909 0.797224775054435 0.603550472654280 -0.012081125816324 -0.003678504752094
1666285156.134355783 -3.950048979703906 447.136705601687595 14.299394259822442 0.794288301518613 0.607508862752646 -0.004484181006034 0.004355211632979
1666285156.234235525 -3.920688925388689 447.301517777785762 14.258377107418870 0.798993809534560 0.601218785367003 0.008270482668729 0.008744344669700
1666285156.335194349 -3.880426019569543 447.471070947489636 14.254846703508203 0.813944830972705 0.580408273499030 0.024032598296928 0.006517852851136
1666285156.435439825 -3.824076680227161 447.646364719790597 14.287281231320323 0.820232149232219 0.571784556142484 0.015129658611808 0.007261966202642
1666285156.534946918 -3.763432542102856 447.815109810189824 14.302299705033375 0.826817363553794 0.562413066453209 0.004726568463264 0.006499966093231
1666285156.635915756 -3.704690906309171 447.980469531001745 14.269673692978957 0.824337459406312 0.566090036222617 0.003051814816515 -0.000714377595420
1666285156.735258818 -3.650853050706781 448.142765903980887 14.239280358647033 0.815925871294846 0.578001040887706 0.010268095064355 -0.008621804232530
1666285156.835308313 -3.600635541012058 448.313880250290310 14.260358309996112 0.806076246778887 0.591318940956523 0.020312653126100 -0.013053373812850
1666285156.936246157 -3.552467685407413 448.492099326269965 14.289516055380728 0.795337172206812 0.605937552847643 0.013080370213938 -0.010361875802590
1666285157.036798716 -3.507403889787388 448.670009649501765 14.282719356292938 0.780585811851382 0.624963635852113 0.008824112555841 -0.005327216574295
1666285157.138732195 -3.460122851894927 448.850124217836765 14.242500948289059 0.785430992294848 0.618892152847989 0.006814185192413 -0.004922028654485
1666285157.241776228 -3.410341587139069 449.030309523675555 14.226415166466701 0.804686261989843 0.593550342176145 0.011295468735770 -0.007100947361760
1666285157.344680071 -3.352827796286046 449.213338482494294 14.247954748399764 0.815730491435883 0.578368772548435 0.002436687091804 -0.008209192323566
1666285157.445626736 -3.292272213673841 449.388727920551219 14.263702993892332 0.828903838512704 0.559256674183558 -0.010261091114271 -0.006716315150164
1666285157.532164574 -3.244052347271141 449.537835175466910 14.236758698835745 0.828143713836360 0.560221585663374 -0.014017378633083 -0.011544578225006
1666285157.631284952 -3.193654514621257 449.715692485994964 14.197716889571145 0.817539732257381 0.575411122008097 -0.012616849767738 -0.019278017321580
1666285157.731456041 -3.149766865403112 449.908712732853019 14.207145784400458 0.806753081345095 0.590603969106938 -0.009255548185980 -0.015835158448907
1666285157.831669569 -3.115013132710156 450.102913865681558 14.237816317281890 0.786905469462854 0.616795837058280 -0.017724446585772 -0.005340553365358
1666285157.934175253 -3.087401285378021 450.287765037687052 14.238731159102027 0.777840819530579 0.628225267523866 -0.017120421489368 0.001887825360211
1666285158.035957813 -3.056597670825410 450.463941046299112 14.200063086053815 0.777113138354854 0.629287765769826 -0.006217956130554 0.007308561434958
1666285158.139467716 -3.012075722333029 450.642894483452721 14.187563682597961 0.798802613489779 0.601544543670743 0.007191063202402 0.002614435288081
1666285158.238918543 -2.956205169606240 450.818516941017094 14.213630574214852 0.810558794200077 0.585615065818213 -0.000507899762435 0.007012693453891
1666285158.340526819 -2.892577758648415 450.992385256401178 14.235331990651272 0.829544309866035 0.558250660943805 -0.008749556865404 0.011656876912269
1666285158.438831806 -2.831374550650175 451.153905883324796 14.209132903756597 0.832288623560026 0.554222297454929 -0.010508056142191 0.004782557103690
1666285158.538335562 -2.772618857970451 451.317610443049887 14.177217890423798 0.826749512630119 0.562524372102868 -0.006202847179524 -0.003619232377549
1666285158.638344526 -2.719166327230026 451.493310294794412 14.194829293176456 0.814625728793847 0.579926965456708 -0.002733745959964 -0.007884374185362
1666285158.736556292 -2.675778518415027 451.668926792280786 14.227530863425971 0.796521456989128 0.604484499728314 -0.012127571924402 -0.002231623477657
1666285158.837451935 -2.637489293333437 451.840847122520870 14.225296540549467 0.788173405509341 0.615352545089780 -0.010884852318465 0.002334114252602
1666285158.938217640 -2.596636429327659 452.009372567920877 14.184075986194451 0.794818762736606 0.606825747615536 -0.002727183054482 0.004267189389428
1666285159.039569855 -2.547368275208961 452.184834581687028 14.179841360363357 0.808222107719223 0.588828829438703 0.007591356643579 -0.000074297071814
1666285159.139679432 -2.486551318056533 452.363571035545306 14.206917618688388 0.817604709197419 0.575765653597342 -0.002368733830362 0.003292527277006
1666285159.240368843 -2.419907670229104 452.533038368150301 14.223326015168722 0.832985161198120 0.553142080863638 -0.011219454065701 0.006609345811332
1666285159.338365316 -2.355813572613487 452.688257135247284 14.196568598555309 0.838307595530922 0.545112215467680 -0.009570436664762 0.001206053534032
1666285159.437845469 -2.291815805278888 452.846083977218143 14.163497998828790 0.833303745522715 0.552727793295008 -0.001419452424779 -0.009738550809016
1666285159.538093328 -2.227420027075523 453.017433777194867 14.176793089419627 0.825917718209166 0.563534815417311 0.004282460428649 -0.016434570071021
1666285159.636547804 -2.169830340518952 453.194287624937431 14.205295724964357 0.811803857984374 0.583793323074876 -0.007799361254982 -0.009950982810485
1666285159.737582684 -2.116410042516030 453.371225139486000 14.201001005294662 0.807848237430007 0.589233810354555 -0.013562009840059 -0.000902167047148
1666285159.838623047 -2.062690429706722 453.547538817157999 14.160314478607475 0.817001698087041 0.576470071591922 -0.010841562222637 0.008540632896228
1666285159.938954830 -2.004630781500396 453.728542512018180 14.151121382672045 0.830992019974317 0.556118478545856 -0.007608031808917 0.011252484651863
1666285160.039196014 -1.934677907546434 453.914558571829502 14.176466575520928 0.835595027656409 0.548596028912572 -0.020267006398239 0.020312441234273
1666285160.139186144 -1.859554395384201 454.091024288153676 14.190915909564954 0.837780256649010 0.544004188102422 -0.035096540249349 0.030853164483879
1666285160.238165379 -1.785950432465442 454.254012585140401 14.163769428319608 0.838075715478516 0.543094481279017 -0.042060959675650 0.030138931643498
1666285160.337559938 -1.714771100670810 454.412340819603060 14.132681228869036 0.830046400709806 0.555784933212931 -0.038877411208855 0.024791683684078
1666285160.437562227 -1.643546889162954 454.570585602608162 14.142887958615274 0.823910893214342 0.565937885815878 -0.023985449883498 0.017602489451383
1666285160.537404776 -1.572146779739346 454.729533040598369 14.174191118651613 0.817605174276851 0.574630597429965 -0.031494712048813 0.018153198229622
1666285160.637885571 -1.506035892450867 454.881085366003163 14.183729482151806 0.813790822668742 0.580089392571969 -0.029063377487976 0.019902604216706
1666285160.740556717 -1.440731946656340 455.025956999848859 14.148234512810667 0.826778888599850 0.561981411046823 -0.014921243264354 0.019771684370972
1666285160.839653015 -1.373829118477403 455.169545477621682 14.132477319870668 0.849004222444717 0.528243399477003 0.000608036589187 0.012262604598016
1666285160.939474821 -1.297529983130414 455.326052437965643 14.161203026733340 0.861074800662362 0.508367595035749 0.003013674788390 0.010173187608258
1666285161.039143085 -1.219870282857695 455.478202641149096 14.186690221022904 0.870093231315822 0.492668978925551 -0.001082666403022 0.014624426700054
1666285161.137910604 -1.143663453423782 455.622078625156519 14.168286912040578 0.871134138072289 0.490995384485842 -0.000616644988459 0.006961727343771
1666285161.237261772 -1.065574534931068 455.769809986519363 14.129731490066700 0.864013715134532 0.503450063953337 0.003157658300346 -0.002891774345059
1666285161.337619543 -0.986125355780931 455.931815908574720 14.132206666432953 0.850856755381557 0.525123247047436 0.014048395851858 -0.009539381841406
1666285161.436788559 -0.905529020407301 456.102474827353831 14.158925977010991 0.844755431621774 0.535083620179551 -0.000146123772065 -0.008588294877301
1666285161.537563324 -0.828218490110637 456.272221627366719 14.165210036554047 0.836064766501647 0.548493827466059 -0.011954016776543 -0.002707199491319
1666285161.640361071 -0.751393545151029 456.438208481688548 14.126240767562397 0.842582385467997 0.538375139631861 -0.014350397149020 -0.001094909630708
1666285161.739695787 -0.678718377313677 456.593591607901942 14.102406566304547 0.855988723928280 0.516904008806979 -0.009206248706216 -0.002965665468010
1666285161.840176582 -0.600212550083915 456.747479186099554 14.122334577268418 0.874997246965393 0.484054979786088 -0.004632788326348 -0.007009395094870
1666285161.940982342 -0.513124949716382 456.895929051546489 14.153101737156220 0.885132533143009 0.465260596091228 -0.008037234439892 -0.002894712288622
1666285162.038923979 -0.425141199793649 457.032345608856701 14.142388862028954 0.896290845704259 0.443287743396481 -0.010541903704458 -0.006896718602770
1666285162.137990236 -0.331882092121430 457.168898718960918 14.100875564077411 0.894329850941304 0.447028584947214 -0.008134827276320 -0.016534404754338
1666285162.237723589 -0.230773430522468 457.316946451571880 14.101624048048912 0.889889513036157 0.455518171235828 -0.004482793264708 -0.024078098487703
1666285162.336665630 -0.129222062248432 457.476714484324816 14.132455713520137 0.884652103268247 0.465699502916242 -0.016958452330871 -0.015067848591423
1666285162.437568903 -0.031605118938469 457.637007587574999 14.143771658484857 0.889040977796314 0.456748962552022 -0.031354470845895 -0.001849909348993
1666285162.540211916 0.063550016659682 457.792710119909373 14.107916816325876 0.896195289336210 0.442226644322798 -0.034293016205366 0.009674061304522
1666285162.640593529 0.163171416498748 457.940044236593565 14.081061249996793 0.905823184170536 0.422283255458513 -0.032433001929473 0.010455217087886
1666285162.732489586 0.262089050041900 458.072523540713007 14.093659022297414 0.911465400121245 0.410236321923852 -0.030407171418324 0.003519727623705
1666285162.832902193 0.375728217925373 458.210215356485946 14.119240428962712 0.920585469858448 0.388569985737011 -0.038155936269965 0.008937751238542
1666285162.932446957 0.491215624522693 458.335484846504983 14.116326368734720 0.929949685714529 0.365250552940531 -0.040536829369193 0.011932354368603
1666285163.031528473 0.608517448850162 458.452031835170828 14.080700646856126 0.927549198303912 0.371926642944665 -0.036192712230729 0.003625544795588
1666285163.131406069 0.730646842796692 458.567326209562225 14.067585726195640 0.924741686456269 0.379977375529416 -0.020666488429864 -0.006550089447632
1666285163.231020451 0.859102670837472 458.687381496874593 14.089457854109437 0.924834807762341 0.379660122360617 -0.020762339598049 -0.010377624715258
1666285163.331114054 0.984404902614045 458.808186091415848 14.116633415338338 0.921178372243289 0.387973027904388 -0.029132056169057 -0.007658944657540
1666285163.431715965 1.102232560413148 458.924044174860967 14.103818102906168 0.923682156245238 0.382124482326968 -0.026986486827507 -0.007992732273934
1666285163.532042980 1.223394236676306 459.034901541743693 14.067142533324889 0.934311157010195 0.355879964725754 -0.019474516089689 -0.005731999314343
1666285163.632694244 1.359476777160368 459.141452408219038 14.063141908812820 0.946604977682091 0.321776295605972 -0.013651248246145 -0.014583389006301
1666285163.732563257 1.507384222323853 459.240348201594486 14.088886556685903 0.953513512510422 0.299703260147191 -0.027005119796411 -0.016144993712097
1666285163.832157612 1.656148277128724 459.328642199197304 14.097144511229850 0.961989117926536 0.270140552454370 -0.037908834456572 -0.012803873660640
1666285163.931371212 1.802663997964364 459.410272281349080 14.061843173482144 0.963933722690708 0.262140434883676 -0.040535106470383 -0.021704280731366
1666285164.030887127 1.951936515180055 459.491305769232895 14.033497138675260 0.961178506719432 0.272275436580585 -0.033079807922089 -0.030127913357751
1666285164.130402803 2.110477815242166 459.581796264834338 14.055083289603726 0.959918108215069 0.277363257291513 -0.031765295424121 -0.024855885260086
1666285164.230613708 2.270904942706513 459.676488217653912 14.083201699316268 0.960572883379592 0.273752772759666 -0.045919081177454 -0.015830132849438
1666285164.331272364 2.424452392249104 459.768631736662428 14.081000109898641 0.963030017003986 0.263432461160806 -0.056062851743864 -0.005786312332386
1666285164.432083368 2.572249181413124 459.855027976152314 14.049928611403462 0.970024401202849 0.236787596033518 -0.054548376228707 0.002961433189103
1666285164.532323122 2.721011725071588 459.933653738457281 14.039355622767868 0.977779519208570 0.205388454965133 -0.041802012958579 0.003922511428222
1666285164.632739544 2.882031937053710 460.003881713590658 14.064306795953330 0.983766240939353 0.173613744766739 -0.045375620235197 0.001817664544373
1666285164.732505083 3.041478751554307 460.061260491548978 14.091831357950911 0.988739230359899 0.139441930905723 -0.053811903690886 0.007413587104780
1666285164.833250761 3.191841569157704 460.108806034913016 14.078758886174700 0.992389214779995 0.112802408264300 -0.049304706359369 0.002882535157884
1666285164.932197094 3.334599066570862 460.152386723361019 14.044900590070815 0.991117949671777 0.127723628581559 -0.035382978138045 -0.010951228171106
1666285165.031824589 3.489051165500395 460.202099493437458 14.056708946806753 0.991779908835886 0.125943003969948 -0.018077418858489 -0.013571260366013
1666285165.131468058 3.652836105835452 460.261154319406899 14.090228502624477 0.991727280850776 0.126202406601990 -0.021830752960224 -0.008565699585060
1666285165.232648134 3.814461580077610 460.323999515930609 14.104482106549904 0.992766305112554 0.117091063442093 -0.026511810865266 -0.001367545177143
1666285165.333432913 3.968644065298001 460.384428232268419 14.071335854885982 0.994192945284241 0.105126582592133 -0.022765987200173 0.003240217021528
1666285165.433562279 4.122324570619162 460.435394225906123 14.035193492645988 0.996493994715056 0.082970657015518 -0.010736334456491 0.000565414610541
1666285165.534882307 4.290985492248936 460.472446287113257 14.048473911587427 0.998642517446206 0.050907580707207 -0.002806863354648 -0.010661242580058
1666285165.634176016 4.462471753114466 460.498712690603213 14.078866931125036 0.999281355809121 0.031284514992492 -0.012479264211923 -0.017387323505911
1666285165.733289242 4.629308831589290 460.519346283215839 14.076059012226162 0.999613474505598 0.011094894541475 -0.018037904602980 -0.018012187526593
1666285165.832773447 4.795000506402641 460.539372455131911 14.040380864848618 0.999601349079192 0.012076713351417 -0.013828052546727 -0.021449495948664
1666285165.932078362 4.968695573246497 460.561046063040862 14.030605373906086 0.999181987093322 0.028937743243376 -0.004184603707234 -0.027936584902864
1666285166.031023026 5.155715496597261 460.592170791138642 14.062911804857819 0.998830678462979 0.040594335365123 -0.015779242366483 -0.020985499941358
1666285166.132565260 5.341493077460292 460.627045848259456 14.089047487514302 0.998880645164127 0.033031496787734 -0.031892781739611 -0.011367823422675
1666285166.233223915 5.511392210713181 460.661967903363575 14.070360150839086 0.998894921909219 0.032132841173023 -0.034295967553658 -0.000449568329141
1666285166.333031416 5.673001002045567 460.688728117862070 14.037328219606504 0.999580546099237 0.010552477385692 -0.025346980058409 0.009214536499144
1666285166.434190035 5.843021200137484 460.702081517563443 14.047682923397828 0.999769574729597 -0.016601567316949 -0.008604759191632 0.010542463036497
1666285166.533900023 6.019564892615898 460.696437203945436 14.072133104099333 0.998922525296643 -0.043786940843002 -0.014634993856365 0.004723263851647
1666285166.633208513 6.195871641345664 460.678360173907379 14.079814727933321 0.997210029029093 -0.070874681519339 -0.022965029453846 -0.004641653316631
1666285166.733295202 6.373416579481464 460.658594641919478 14.047435521025998 0.997342823690688 -0.066306859014176 -0.023950572930064 -0.018359262966706
1666285166.832305193 6.557650807866864 460.646617559737706 14.026158058118058 0.998091634967043 -0.051167829972055 -0.021301382630711 -0.027224850463984
1666285166.932032347 6.760258385880699 460.644577840674060 14.045928779057931 0.997601547307185 -0.054577815046942 -0.034764498121823 -0.024573249385266
1666285167.033320189 6.964759389848211 460.651392497629161 14.068749632785064 0.997130747052073 -0.042977061920155 -0.059846793844173 -0.017366827535842
1666285167.133222580 7.150536653995272 460.662968730094292 14.055587795376121 0.996170074009960 -0.050450468615360 -0.071043835746186 -0.007259976993856
1666285167.233433247 7.326448698382729 460.671792458251730 14.025326655584095 0.995237037852218 -0.070612915878812 -0.067007631314345 0.005199225314896
1666285167.335861444 7.505626109183902 460.667405793200771 14.034407301103926 0.994194160358844 -0.094110515068715 -0.051526766798092 0.008134787348724
1666285167.435478449 7.682956930343772 460.646416633881415 14.061400285985350 0.992272337915391 -0.111454413178756 -0.054478952734047 -0.002359004006731
1666285167.535776377 7.859553523378310 460.620022237232433 14.073834746022502 0.990047815406048 -0.126897074299968 -0.059678961958659 -0.011869171974325
1666285167.636009693 8.030940810971527 460.596402800537476 14.047983472346132 0.989477443829131 -0.132553161495821 -0.054953412502364 -0.018551818918262
1666285167.735001564 8.202053228261947 460.581701756545556 14.028433129917905 0.992562279872901 -0.112529516629622 -0.039591695395073 -0.024284277142977
1666285167.834810734 8.385946120343615 460.572274141736273 14.050903826950035 0.993320530286085 -0.108463188111758 -0.033923305358667 -0.019981748931143
1666285167.934949160 8.569647885622569 460.568482499910658 14.088698043184117 0.994880097849006 -0.090913758573093 -0.041894501462516 -0.013897127518776
1666285168.035844564 8.740944689624394 460.568674531101919 14.084687390604941 0.994446925200460 -0.098431064790861 -0.037233584367587 0.000546478389733
1666285168.136122942 8.909730126632766 460.561910362889876 14.051054317779021 0.992928512287496 -0.115209180600221 -0.026302781922632 0.011312729780924
1666285168.236883640 9.096984702889237 460.532667666068733 14.062751356381854 0.991088984067680 -0.131501905110457 -0.018996958149212 0.009433461352601
1666285168.336952209 9.290934433212415 460.486064317200430 14.091905236342045 0.988687933704472 -0.145685605732385 -0.035654789470033 -0.000781036117199
1666285168.436900377 9.474349306102804 460.434741736468652 14.094443253119653 0.984279000355390 -0.168599512478308 -0.051474694212039 -0.010927474879815
1666285168.535650015 9.647761486115209 460.387020755242361 14.061199066592479 0.984230547843690 -0.167656256707628 -0.053706365901956 -0.017240491283649
1666285168.635226250 9.821705994678103 460.344218779124049 14.044054152014825 0.986331674618297 -0.157527605980365 -0.044522179603724 -0.018779151261290
1666285168.734930515 10.000754380183473 460.308728143041776 14.069453265112854 0.986881573341175 -0.154943929473216 -0.042088275253225 -0.016903135959194
1666285168.835063219 10.176440164000018 460.282979748391028 14.102118975685439 0.988985435071464 -0.139434041113934 -0.048008632982637 -0.012693642278035
1666285168.935609818 10.342810104951264 460.262313342595746 14.096584629074085 0.989290346929843 -0.139439825912499 -0.043134409443474 -0.000753088896371
1666285169.036212444 10.504902003861371 460.240625428136298 14.065386130918991 0.986570334030228 -0.160180986846465 -0.029976978051935 0.011063826248234
1666285169.137296200 10.673242881802997 460.209268263947536 14.073639149370450 0.981065664343252 -0.192508856075334 -0.010150721382222 0.018640424746271
1666285169.236997843 10.846852541996533 460.163578501650136 14.105450618870298 0.978390542044784 -0.205501200047773 -0.014133552416366 0.017928935058550
1666285169.336467028 11.017301802634423 460.110631892466813 14.120637813692982 0.973649082702592 -0.226705494164195 -0.019762947380217 0.014883164281058
1666285169.435857534 11.181883659807296 460.056652045489045 14.091929251395760 0.972286426769942 -0.233101142074913 -0.015696299837877 0.008751460090116
1666285169.534832954 11.343143330538103 460.007558498921469 14.071859000391338 0.977452912833308 -0.210996346450865 -0.001830267767642 0.007936945128071
1666285169.634021521 11.515810550869782 459.965078633701808 14.103367335870113 0.979336406308039 -0.202030248123440 0.004303036118821 0.008091106413614
1666285169.733934641 11.690473709557308 459.930984426058217 14.138481749425889 0.984879989918249 -0.172762142166800 -0.001693280878267 0.012719296066833
1666285169.835942030 11.862719860588420 459.901272402057657 14.132730188361755 0.988246769837325 -0.152533325010210 -0.001250320820189 0.010017153551218
1666285169.935069084 12.027948790319931 459.869111521114291 14.101345235905994 0.988545023147355 -0.150256140168052 0.004176520596677 0.013578889059880
1666285170.036494017 12.201714574197746 459.825170164557164 14.107461220533747 0.984986830212459 -0.171466852622166 0.015534115387143 0.012599762656468
1666285170.137214899 12.379319931782481 459.769194517399512 14.139206520456474 0.982922889365388 -0.183886536387765 0.006799842506593 0.001448253704625
1666285170.236401558 12.549981009452377 459.712295809040199 14.150898786253180 0.980932358151049 -0.194014211278131 -0.003329665726894 -0.010913655688800
1666285170.336067915 12.719807648842249 459.658957357566919 14.120733823314747 0.981207348722551 -0.191810500129562 -0.004684177999398 -0.020467763174794
1666285170.435704708 12.894178995654157 459.611781972546680 14.093414329853594 0.984751319919194 -0.172119324737288 -0.000455794645803 -0.025289686052343
1666285170.539230824 13.084850453809231 459.568994695184131 14.113188485255167 0.984397160654144 -0.174638468857636 0.001334371987327 -0.021490805999787
1666285170.630206108 13.254075313760652 459.536657268178999 14.138241178102291 0.985847646539173 -0.166156213567353 -0.011946231234136 -0.018810052244331
1666285170.730935097 13.434522482253890 459.505019635202700 14.136819523927091 0.986281123679559 -0.163647264230375 -0.018380607332543 -0.011457366948302
1666285170.830862045 13.610035481418773 459.473561472418055 14.100768456823157 0.984457971558654 -0.174563246261797 -0.018058242561215 -0.006638912920325
1666285170.931617260 13.793086118957170 459.435454805698782 14.098743527584338 0.980137549077428 -0.197741592104470 -0.012891538108159 -0.007902903623874
1666285171.031739235 13.981627874226174 459.388049310004476 14.126054643259749 0.978715258180434 -0.203031017910969 -0.024156294149941 -0.017644336875724
1666285171.130927801 14.160675962299102 459.340179440457803 14.140232758580577 0.974637210484655 -0.219764627450147 -0.038369123918407 -0.017709511289746
1666285171.230705738 14.331317233201322 459.295239294782220 14.115296899702052 0.973828731719647 -0.223226633619266 -0.038303108793423 -0.018982707316746
1666285171.330385447 14.500989062786108 459.249911665960951 14.089381686614274 0.977526762788222 -0.207916778497765 -0.029570777605506 -0.018374176544684
1666285171.430350780 14.681708779515693 459.202427361565299 14.108537878786599 0.979773322644407 -0.198271068175307 -0.021931734878200 -0.015868798448330
1666285171.529692411 14.864786495600288 459.160554476856589 14.140241713975337 0.984106331615946 -0.174169069044427 -0.031206040115834 -0.015034843593871
1666285171.630818605 15.040939864109717 459.122717050217261 14.145367567438599 0.984697522390573 -0.170700491735508 -0.034097545119174 -0.008336002397331
1666285171.731132507 15.208565325486854 459.085221818296930 14.113665090349457 0.983848074430671 -0.176835224561045 -0.027651696047201 -0.002766495837524
1666285171.831906796 15.381553199815865 459.037477176170455 14.109266821410760 0.979217826313975 -0.202210171001279 -0.015578710357192 0.000893955353944
1666285171.932517529 15.562360812952724 458.974546601356337 14.136766338180481 0.975811907748083 -0.217291241247021 -0.023316986732696 -0.005652902270706
1666285172.032222748 15.735063555303073 458.908762991800472 14.155404512069305 0.971524593857619 -0.234105422462325 -0.034386816685570 -0.012335377649598
1666285172.130944252 15.896386085112047 458.849364404167261 14.134599444165744 0.970076135714399 -0.240180180344597 -0.029828853936094 -0.019391012348884
1666285172.230301380 16.060192832231394 458.794806821882844 14.105049177166325 0.975836389890629 -0.216930852544043 -0.018732123373314 -0.018260693679775
1666285172.330742121 16.244719482358704 458.741967378927541 14.125429088121589 0.979143253515328 -0.202084995321462 -0.013287112772904 -0.016235651988834
1666285172.429417849 16.434043072915017 458.700267198399729 14.159386491824892 0.984496466925269 -0.172869256711806 -0.026368884061398 -0.013697030660939
1666285172.530511379 16.618555691743595 458.667605638862142 14.160242808466347 0.986972863564774 -0.157032215339374 -0.034054848096930 -0.008106617880027
1666285172.631471634 16.795105402226906 458.636843249806645 14.124625052120868 0.986897411894368 -0.158294457155483 -0.031148288762848 0.002479382422223
1666285172.731852293 16.974667470277218 458.598134641967988 14.119889078640741 0.984748942423227 -0.172942086103830 -0.018118952017703 0.005679685569821
1666285172.833078861 17.162692667405825 458.545388330250148 14.146012032163249 0.982575012564535 -0.184299830106982 -0.024037142297232 0.001460512418428
1666285172.932994127 17.342276805155013 458.486798559891156 14.167767517745514 0.979512767744914 -0.198427263117450 -0.034145053477525 -0.003933751318277
1666285173.031100273 17.510384008180264 458.432042395401197 14.148842874010601 0.979653950224568 -0.197998642984358 -0.031579800837661 -0.008797236202733
1666285173.131006956 17.680203721407015 458.381820458535344 14.124563745983558 0.983957572934803 -0.176678073380975 -0.021613512925898 -0.012050274255799
1666285173.230828762 17.853673996241302 458.338868195087286 14.143796723461007 0.984973312208601 -0.172456910679586 -0.007884720305382 -0.004900957189941
1666285173.329446793 18.029467526134937 458.300318551011685 14.177796773106364 0.988143527729437 -0.152933486979333 -0.012864096998098 -0.004269915126715
1666285173.430550575 18.204947740348228 458.266639072681244 14.186159448027666 0.990028915363422 -0.140307310165619 -0.012514145237949 -0.000040340770987
1666285173.531021595 18.375601122037018 458.234430892327566 14.149975741279940 0.989157650798674 -0.146597933656210 -0.005267580383566 0.006959907404619
1666285173.631763697 18.553888842949224 458.194071126903566 14.139980369478106 0.984625213228400 -0.174433178331237 0.004200897925470 0.008283008439650
1666285173.732097387 18.743926754919503 458.144247798790161 14.169109511129857 0.984450886465372 -0.175517128831902 -0.006564880456537 0.002663075053448
1666285173.832369089 18.928956170513352 458.087024484618098 14.189760380954606 0.981281530731182 -0.191254011839212 -0.022498263430302 -0.001512793408369
1666285173.931241751 19.102718420657080 458.027771373884434 14.167788002097272 0.979962046464144 -0.197310757050118 -0.025729578944242 -0.008991185098074
1666285174.031336308 19.277120089405120 457.969996031737537 14.138507438055679 0.983135942480574 -0.181068899426482 -0.021461766511238 -0.014041539856196
1666285174.130378246 19.458970550789278 457.920147993095782 14.157169255494500 0.985026006420549 -0.171227172957148 -0.017717992997209 -0.009544351231897
1666285174.229562044 19.643942643493649 457.877183471716023 14.188025462182596 0.988003797478651 -0.151449950711127 -0.028691085682209 -0.009393093193344
1666285174.330334425 19.821949641915069 457.838099857908901 14.193309646987675 0.988910802246181 -0.144293368903278 -0.035026744592388 -0.002824190966813
1666285174.431088924 19.992275143473734 457.798637950674902 14.162756358286694 0.988593105347730 -0.147643804822641 -0.029706467996717 0.001582629326947
1666285174.531446695 20.165532720714882 457.751208767779417 14.156643549833429 0.984974178308747 -0.171508740910437 -0.019283814114464 0.006225300757731
1666285174.632186890 20.345755651379200 457.692675501851625 14.186195363183968 0.980726967363273 -0.193530657772641 -0.026261454350088 0.005553017553166
1666285174.732005358 20.514005607620209 457.629751187757734 14.207831639814255 0.976691005883893 -0.211871883882152 -0.034255444862350 0.003398285305725
1666285174.831438780 20.669065468610832 457.566645599243429 14.189561186917036 0.974467554301669 -0.222660732192148 -0.028868909100988 -0.001330428614695
1666285174.930561304 20.821808133581030 457.507555967534358 14.164192380765220 0.978896621357156 -0.203758754462971 -0.014345444797703 -0.006163025945007
1666285175.030215979 20.985653018054002 457.454164078061581 14.181826719159620 0.981269069327057 -0.192540043263718 0.001403325843200 -0.006113591300891
1666285175.129498482 21.157305097120215 457.406503661338093 14.213472609429360 0.986027457126672 -0.166356960231743 -0.002145957534719 -0.008403001905450
1666285175.230100632 21.327383696453129 457.364303975452515 14.218857649962670 0.989084110167245 -0.147093520633509 -0.003356587608566 -0.008053106353133
1666285175.331180811 21.491538839790440 457.323058166019621 14.184905839852270 0.988096326414045 -0.153757803557724 0.004015981436676 -0.002838919737187
1666285175.431832075 21.655896485490597 457.278314071549175 14.180202222138131 0.982417395599255 -0.185671309683013 0.019532049418366 -0.000851252072194
1666285175.531940222 21.826859393827149 457.224435082173841 14.211514172567727 0.979944346506739 -0.198213782966753 0.020141641681330 -0.003832526825784
1666285175.632385015 21.997259786680662 457.163921826639125 14.234075798862031 0.976756596810753 -0.213727985174871 0.013504848391801 -0.009193367700748
1666285175.731021166 22.161793380323292 457.105258710803184 14.217558637102311 0.976345840635370 -0.215272535448790 0.015066345199757 -0.013399261090945
1666285175.830618143 22.328636720828161 457.048315191416009 14.192557143670959 0.977970804981970 -0.206995913012909 0.022144213504913 -0.015343741627094
1666285175.930299520 22.499172547968151 456.997480872729511 14.209632182300384 0.982284101559356 -0.183733008003180 0.034209495878724 -0.013778098038431
1666285176.029397011 22.672163756506045 456.952974448681289 14.237811264071816 0.986205190836367 -0.162532983419154 0.028349277124217 -0.013366725657689
1666285176.130051613 22.844427265512010 456.911352644246506 14.244655899980151 0.989569114940493 -0.141628494084773 0.024661800352182 -0.009280733945020
1666285176.231346130 23.014694225774011 456.867107118427214 14.212884902170474 0.988916568948509 -0.146148750355231 0.025942109983452 -0.003401375945183
1666285176.332854033 23.189342281516172 456.818745616980493 14.198031369381836 0.983481228205208 -0.178484442079635 0.029945586067275 -0.003352548073362
1666285176.432189941 23.372900626415575 456.764841844878731 14.223561413266008 0.982973235468348 -0.182279426670059 0.021160360265775 -0.009490422495630
1666285176.532478809 23.557327275187163 456.705565621439575 14.243028620006095 0.979894561658251 -0.198997913562321 0.001668489830345 -0.014272160737368
1666285176.632262945 23.732513537225401 456.646525943016684 14.222750980245360 0.978625334311263 -0.204869330644837 -0.008179260050478 -0.015940894276429
1666285176.738172770 23.914730951572430 456.582984963537797 14.190967433288488 0.980653932610654 -0.194743732956706 -0.009376208375643 -0.017459371290030
1666285176.838197947 24.095556897157710 456.525421853999717 14.209292181990453 0.983177872207619 -0.181439833806783 -0.003626094237809 -0.020681144795299
1666285176.939429283 24.283589926311556 456.472885089187400 14.238477319985945 0.985645501582317 -0.166562054147622 -0.015915085706306 -0.022510827964103
1666285177.037666321 24.458741752682393 456.430395074971955 14.242364102130072 0.987691125356356 -0.152868578124423 -0.024696941391057 -0.022079397646655
1666285177.138601065 24.631945882809827 456.392903944117222 14.212585295456881 0.986223125904333 -0.163231084297955 -0.022979614694805 -0.013838220943432
1666285177.239291906 24.806915886141411 456.354840205434584 14.205192781681099 0.981441713252441 -0.191247870968211 -0.012923049368140 -0.005423111032274
1666285177.332112312 24.976699650877741 456.312727090320323 14.229947516051865 0.977697205239494 -0.209435142970452 -0.014645831612786 -0.005531308362314
1666285177.432362318 25.156728816030725 456.262331632637824 14.253394056515130 0.972551681584226 -0.231135253093817 -0.026711634001174 -0.002491993968289
1666285177.531733990 25.325535016544670 456.211000986082183 14.241267100765720 0.970218467081135 -0.240677868972810 -0.026847264287374 -0.005432671692907
1666285177.629781485 25.489621544811172 456.162147336659530 14.211078452631796 0.975573786335489 -0.218562461048122 -0.019486066010710 -0.010321398502722
1666285177.730809450 25.665482983251270 456.117261332633461 14.217264444257182 0.979656477785379 -0.200297890987423 -0.006204140610766 -0.010744721421145
1666285177.830718517 25.849540992366197 456.081781900946282 14.250072295425495 0.984125449143390 -0.176465198253222 -0.014584466456527 -0.012017798964498
1666285177.929441929 26.025315743585086 456.054937411448464 14.265359013864416 0.985427177403917 -0.168839300917640 -0.020111899265928 -0.004698936827559
1666285178.030674219 26.199394593965806 456.027024990808172 14.235558285027832 0.985085271420943 -0.171181158067794 -0.016249882216741 0.006321430220904
1666285178.131376505 26.377378740071485 455.986469224796224 14.219915270435076 0.982331469013809 -0.186923317207389 -0.008723402963445 0.002908729979724
1666285178.231515408 26.560814141735914 455.934353701274802 14.240490466906147 0.980105971395358 -0.197963403688505 -0.011155016862804 -0.008851058355595
1666285178.331773281 26.739388838393033 455.876217715249595 14.265069778490270 0.976962957194450 -0.211418889324866 -0.024241690505723 -0.016055340168920
1666285178.431507111 26.906344830897677 455.819162660464883 14.253607887220360 0.974821215619300 -0.220552976057749 -0.023825170245258 -0.022635008137043
1666285178.529820681 27.066624926781525 455.766837406931757 14.222936504447443 0.978322047192641 -0.204642342361441 -0.014516947688244 -0.028226617215645
1666285178.630003691 27.239423776873316 455.714292118908133 14.235206201175231 0.979036495158800 -0.202198502797254 -0.005559878696170 -0.023924764630093
1666285178.729805946 27.421590684294937 455.664153031716978 14.269452780052008 0.981447090612462 -0.189484239740899 -0.015621654515494 -0.024764796149909
1666285178.829617262 27.598237348592424 455.619126125999003 14.280925220608619 0.982393686525613 -0.183583045293300 -0.026112373156889 -0.022760802348988
1666285178.930329323 27.769097290770958 455.580324444528060 14.252329523417149 0.982943832185867 -0.181228489818871 -0.026583236612298 -0.016461736753727
1666285179.031234980 27.937985401244656 455.544136081470526 14.235824939799429 0.979329333786867 -0.201184353375961 -0.017511956169951 -0.011499710099364
1666285179.131436110 28.112411070650079 455.502789368432502 14.264513111649784 0.975155386946586 -0.220677524254655 -0.016800353244169 -0.009547236708154
1666285179.231263399 28.283023758459379 455.458392812021884 14.293343049140265 0.972753669263125 -0.230498693635999 -0.024392254947686 -0.005066464821839
1666285179.330778599 28.445654926860808 455.414983214379561 14.285823015102812 0.974018392128097 -0.225398691044251 -0.020452154211983 -0.008081538209072
1666285179.429680109 28.607952276144939 455.372391659882396 14.259660939141625 0.978408848281605 -0.206172735667293 -0.013184887035135 -0.005923463986362
1666285179.529917479 28.776257438849935 455.332026828545906 14.266434904636867 0.982851054293036 -0.184285967496919 0.005496067962068 -0.003504353827436
1666285179.630295038 28.951769303896533 455.290439647283449 14.289458330819553 0.986014220290180 -0.166425039556635 0.004719797947004 -0.007509134534718
1666285179.729199171 29.124955308245671 455.250948366974512 14.306779682414648 0.990861101803630 -0.134569292658603 0.000679072630866 -0.009215273529395
1666285179.830491543 29.298197722325551 455.209494427498441 14.286146646898974 0.990330947040814 -0.138608571189675 0.002830217046785 -0.004926377722982
1666285179.932480335 29.473408969056546 455.164792808860398 14.265387358090349 0.986822983353129 -0.161523054376708 0.009363935712401 0.001737566926171
1666285180.032418013 29.656953701451606 455.109336501825055 14.293134195892234 0.982034804499242 -0.188590362020323 0.003374650290719 -0.005470817178009
1666285180.131872654 29.839277672031386 455.049905080981318 14.321442468333910 0.978767225383145 -0.204187426486677 -0.016072443219186 -0.007993118883979
1666285180.232011080 30.010912140035828 454.989296669683824 14.313137018347145 0.974082150845258 -0.224466981817747 -0.025583117329341 -0.011137395836546
1666285180.330861807 30.169727848512323 454.928450810280424 14.278261873229999 0.976364629908887 -0.214046575283008 -0.022022337772485 -0.020277813282827
1666285180.429468870 30.328984750078266 454.867982605307532 14.276363676526108 0.979651886370985 -0.199524449037382 -0.007872574417745 -0.020253353750365
1666285180.529807091 30.500650604432685 454.806615481071447 14.304513173925759 0.980240432724925 -0.196214840611341 -0.010996137207510 -0.022528101154584
1666285180.629751921 30.671023637611356 454.750900755012538 14.324742220412331 0.983291821343057 -0.179420382083999 -0.018430432099198 -0.024613812084342
1666285180.730263710 30.837398963073010 454.697711428229468 14.302387157671710 0.981834860511476 -0.187797538110846 -0.019445483889366 -0.018821915955203
1666285180.831841707 31.006550449774693 454.638251051169789 14.278313440566441 0.977472287739820 -0.209727721949486 -0.013982155871625 -0.019149638736633
1666285180.932678223 31.181385164545212 454.576782131726986 14.296064263746842 0.974330357838725 -0.224005667500763 -0.008391354961831 -0.020770168109699
1666285181.031645060 31.352526294223079 454.513137061223574 14.322946487863092 0.968890015788708 -0.246071222838012 -0.017827310783718 -0.019577476501943
1666285181.132617712 31.519838213074276 454.448943070097187 14.320897474337217 0.967465826783625 -0.251459335929573 -0.018850279682117 -0.020560723130284
1666285181.232545853 31.683519044243582 454.387405470584440 14.288319079163871 0.971258293107708 -0.236988037628481 -0.011197205257241 -0.019199496996805
1666285181.329775095 31.852269600771933 454.328470185014396 14.282159611329416 0.975297911546933 -0.220334542029206 0.001461486588468 -0.015637690939620
1666285181.430581331 32.042353334278452 454.270647904370776 14.314009214269417 0.976671324181757 -0.214135661711157 -0.010066859162773 -0.012557915877100
1666285181.531658649 32.226869733187691 454.221312658676482 14.334733361687624 0.979913054448802 -0.197980013569810 -0.022492296767561 -0.008271428766338
1666285181.630422592 32.394248272503006 454.178235725193701 14.313152153670584 0.980794205505387 -0.193724662747593 -0.022648538017689 0.000724717909780
1666285181.731228828 32.560191379797430 454.130954097633548 14.286431284085028 0.977297708660312 -0.211457437483258 -0.011882996869081 0.005808198148140
1666285181.831876278 32.736928699150226 454.070466520557034 14.301675849336167 0.974669291153158 -0.223478908725877 -0.008749141461279 -0.000634634841187
1666285181.930967569 32.913854701910005 454.001567035051494 14.330817965720389 0.974811017222911 -0.221638900499833 -0.022494113627953 -0.010662707824551
1666285182.031342030 33.081597717741850 453.932514668193505 14.331723352360839 0.973171313434670 -0.227694578547466 -0.028291444529950 -0.017098765286996
1666285182.130427599 33.237736121594033 453.871496688382194 14.300261397367208 0.977621487103787 -0.208049962691762 -0.021026350590139 -0.023007250113768
1666285182.229424238 33.393649256400096 453.819038423035408 14.293977734912692 0.981280385907519 -0.191840206565472 -0.002167874048393 -0.016776164645663
1666285182.330169439 33.563351767387097 453.767501585851903 14.320158818027814 0.980520671697526 -0.196091669965673 -0.000118427968421 -0.011280749918463
1666285182.429859161 33.737791662255184 453.717328186799875 14.346937917323048 0.985087326850535 -0.171553973915597 -0.010716944371791 -0.007572292622879
1666285182.530304432 33.910899459562728 453.664032050590720 14.331770173353547 0.984089181962792 -0.176831007725255 -0.017011453433339 -0.003144376370377
1666285182.631567001 34.083821333831224 453.604973089882037 14.301967600129013 0.977935491915959 -0.208112424502810 -0.018196156198257 0.000540664649029
1666285182.732307911 34.254999112227907 453.541212645986604 14.313827845866788 0.972343919652845 -0.233125329655623 -0.014124516827512 -0.000616937183632
1666285182.831511736 34.418888565474887 453.473183991548012 14.341473724684837 0.967036766153273 -0.253511941648356 -0.023803871309327 -0.002228017097919
1666285182.931186199 34.574252339145197 453.403646811214742 14.347796704420572 0.961443608577647 -0.273718380343152 -0.025641515257522 -0.006851896293136
1666285183.031441212 34.727345409529896 453.336680155788372 14.319340391654722 0.963128015223549 -0.268173453474152 -0.017579557582503 -0.012585082379430
1666285183.129162788 34.883456247565647 453.273746602066467 14.307538811064921 0.965708625126419 -0.259297756306803 -0.005168494101520 -0.012033769127860
1666285183.229635239 35.057786950709243 453.212501574322971 14.336207306058085 0.967837660037892 -0.251338577006738 -0.005844029801232 -0.009221216638213
1666285183.330910921 35.233665594681739 453.158631923098994 14.362384063038631 0.972216655087646 -0.233581732248733 -0.013198072663334 -0.007756339848340
1666285183.430173397 35.400267064845195 453.112737060619395 14.345910981374896 0.974826550217044 -0.222572112379536 -0.013111412328169 -0.001715415287665
1666285183.531205654 35.567910660132668 453.064007593806878 14.317080020203056 0.969717675696011 -0.244107136364397 -0.007587970222750 0.001325943663634
1666285183.631902456 35.740556876982467 453.008018396066348 14.332259238366358 0.967750202238725 -0.251903057831234 0.000106448783153 -0.002093845944274
1666285183.731747866 35.914610218968697 452.945584455789913 14.360696098560069 0.966994429745413 -0.254543266995601 -0.009585721208985 -0.006132863723724
1666285183.831475258 36.079889735491101 452.882297821340956 14.364245888813988 0.962823429579208 -0.269664229739877 -0.015343342792433 -0.004102253537335
1666285183.931679964 36.237818749599981 452.819972213961080 14.333390140260718 0.963638687250935 -0.267010210646932 -0.009648347116098 -0.003596837708545
1666285184.031736374 36.397513087941135 452.756481285840835 14.323563118741465 0.966760865749153 -0.255651915354019 0.003933851276673 -0.000226816892427
1666285184.129775524 36.566999810669415 452.690962162950370 14.356902937852807 0.970048491023087 -0.242904131063300 -0.000341528535429 -0.001841611922763
1666285184.230839491 36.740055010450924 452.624337964600500 14.385736254234969 0.972619644556251 -0.232078583244495 -0.012245332312663 -0.000781062770382
1666285184.331760168 36.904802839962400 452.559306836034011 14.369166330637235 0.971307846560703 -0.237333711717179 -0.015285901767070 0.000343073351017
1666285184.430860043 37.061519405006294 452.492023932929499 14.341105489522239 0.965777078257488 -0.259115090729258 -0.011355779791383 0.002247472831587
1666285184.531949520 37.221191913366958 452.415462487830325 14.356268178490767 0.958673178983265 -0.284507201468507 -0.000637676527818 -0.000990746852135
1666285184.632396936 37.377564214371496 452.333216019281053 14.385514180652104 0.953535032569921 -0.301178276376859 -0.007522167012503 -0.002450408941445
1666285184.731072187 37.522326879023147 452.249015118305408 14.398529293730169 0.942661731585327 -0.333551100845712 -0.011101245781314 -0.003047174309116
1666285184.831468821 37.661008137389437 452.162818583627711 14.370870985944800 0.940709504406436 -0.339124939565818 -0.003549706187289 -0.006877737263172
1666285184.930873871 37.794436170761678 452.075359877046822 14.347512507488780 0.943439957176987 -0.331255805528018 0.011380575946450 -0.007817991877524
1666285185.029750347 37.935877185618907 451.982565378384436 14.370893862264838 0.945198096668513 -0.326067060329145 0.015770068996487 -0.005668787028574
1666285185.129806280 38.082501574692621 451.888310864991240 14.400851655601844 0.948508141186205 -0.316673354127692 0.005223825681232 -0.004796304229160
1666285185.230211735 38.224191076820645 451.795048382208449 14.397154129318434 0.946012044395472 -0.324111133576027 -0.000359555867144 -0.003613263115460
1666285185.330515623 38.359611755410263 451.696361310143629 14.361531227361221 0.938252792940551 -0.345946675694947 -0.000751077666692 -0.001424779705318
1666285185.431884050 38.491270369421322 451.592119799433362 14.354770092834952 0.924408738988528 -0.381227243032062 0.011481313688279 -0.001565850504904
1666285185.531606436 38.619161349146893 451.484204094182019 14.374355115927683 0.913321476134079 -0.407155752317883 0.008248537874711 0.000190288348749
1666285185.631819010 38.738859562422157 451.367791980016989 14.400221001984582 0.891727124086518 -0.452548268011787 -0.000488652997672 -0.004750000649242
1666285185.731350899 38.854368910779208 451.255483995326415 14.390432303035785 0.888188544879456 -0.459354632998885 0.001061338893503 -0.010644409195792
1666285185.830302715 38.972094779016523 451.147857405378488 14.365204373933544 0.894168842889288 -0.447535530265382 0.005857991586576 -0.011820046137283
1666285185.929608822 39.095459747441140 451.035263405587159 14.382946844633862 0.898490945578156 -0.438662845724629 0.013186533761384 -0.010725848320824
1666285186.029426575 39.223688521705398 450.919187050743403 14.420676738385163 0.906403563104789 -0.422002965054021 0.001683414339655 -0.018526855985797
1666285186.130022287 39.348243253723780 450.811031051251405 14.439214469257289 0.913013493593644 -0.407295777756761 -0.006587674661760 -0.021751148935035
1666285186.230123281 39.465638367471129 450.709934298152120 14.415139280319689 0.910916009177509 -0.412170315244008 -0.006681177067349 -0.017407392934314
1666285186.331207275 39.581509689480306 450.604065314336651 14.397698138849680 0.903093123002974 -0.429142483700846 0.001173481174182 -0.016067445650727
1666285186.432606697 39.703097142287859 450.488010763186367 14.420182183341012 0.894706309777366 -0.446167297063212 0.011232105264811 -0.017584143061191
1666285186.532457590 39.826540737106079 450.366947257052743 14.445062776170198 0.885885801092754 -0.463484296853135 -0.003631924032437 -0.019376870764590
1666285186.632369995 39.943646376724757 450.243882104479042 14.448932502401233 0.871316824481096 -0.490055746207744 -0.017389904276357 -0.018706902849181
1666285186.732032299 40.055493304572408 450.120743816492279 14.420995065568311 0.875046339735923 -0.483155658089162 -0.021707924975259 -0.019577521918293
1666285186.831979752 40.167040659779019 449.992213418387792 14.411447704455194 0.879101183468985 -0.475863909410955 -0.018593391438994 -0.019721428405378
1666285186.931257725 40.286153629573150 449.858651910564163 14.442902982954600 0.883481026861592 -0.467227012718282 -0.026151177420630 -0.021824520188336
1666285187.031975269 40.406615247090507 449.734512253778746 14.467494260465729 0.891043872797172 -0.451483204536340 -0.036349146714074 -0.029706435420166
1666285187.132601738 40.520683473061140 449.627672397267020 14.463617914450740 0.893759922588287 -0.445926433232964 -0.040269020414096 -0.026855593718935
1666285187.232114553 40.627311575964498 449.529873060852481 14.449638599344754 0.887823107625933 -0.458611566730634 -0.031990103840094 -0.020547352204199
1666285187.333066940 40.730716120139135 449.429608418152384 14.462672465035725 0.882194126774098 -0.470452625537625 -0.011410087090362 -0.016663124635920
1666285187.433863401 40.831497758055839 449.320012173606870 14.491949403013072 0.872021773566072 -0.488884673567879 -0.005478234277455 -0.023233409700513
1666285187.533295393 40.926148848297572 449.206875912803923 14.513745053318797 0.860324930204353 -0.509065403048349 -0.009681831816008 -0.024488610021477
1666285187.633231640 41.017348427208624 449.097073996723509 14.504140599527867 0.853000139835258 -0.521259959584545 -0.004974387684562 -0.025574820470794
1666285187.732974291 41.104803690660852 448.996039584900984 14.483476040475837 0.848788614201972 -0.528444939940404 0.005332120438033 -0.016595250649278
1666285187.832220793 41.189029704621923 448.897779197828925 14.501309281111144 0.838639174639085 -0.544269779252488 0.020405593484254 -0.006193053178910
1666285187.932225704 41.275874638801994 448.798772115463976 14.535499223581336 0.832731973215874 -0.553368008657583 0.018054813972728 -0.003915542203598
1666285188.032557249 41.358766142393392 448.707867390609806 14.554212676795515 0.818521221548774 -0.574299211516976 0.014229969194902 0.000966179069640
1666285188.132833719 41.435187438548581 448.625148849799075 14.544310579751519 0.792081338235144 -0.610144778074237 0.016068915515311 0.008502550354180
1666285188.233361483 41.503819097035247 448.546557291560077 14.539326918852767 0.755240045650670 -0.654932727174060 0.024677222930828 0.008162780797239
1666285188.334115982 41.564382408392277 448.471798762616288 14.555714808618815 0.716556566472373 -0.696597495928518 0.036034702269454 -0.000340505204926
1666285188.432481289 41.620770519515879 448.403135166566699 14.574943134677062 0.691319096544163 -0.721587843015759 0.037220090958683 -0.001885840463779
1666285188.533003569 41.669084310252629 448.336234965934636 14.578452196025150 0.649592629577104 -0.759392136182864 0.036776731851417 0.000686365105152
1666285188.632149935 41.713769487513233 448.277534875730680 14.569807975802862 0.633057882852820 -0.773212692528891 0.036005063597667 0.009136983389318
1666285188.731553078 41.755052951007990 448.227505313366350 14.571963583885731 0.613502673982049 -0.788603669621484 0.037306560820406 0.018081531908479
1666285188.831090212 41.796764836549428 448.180971729926455 14.585642952076462 0.620229961435724 -0.783327581495292 0.038575177762407 0.014988351035912
1666285188.931307077 41.838398541721631 448.140108974429495 14.597899432940405 0.609502078808254 -0.791983949234451 0.031973203655731 0.015695678749510
1666285189.031772375 41.874440067891619 448.106447832959134 14.597292257114026 0.569336745328479 -0.821482999834448 0.030005587459674 0.011000732837930
1666285189.132548571 41.906788375927270 448.081474242215222 14.586306085791280 0.534337274495190 -0.844638740191852 0.032606666734714 -0.002425064251480
1666285189.233449459 41.946946590805567 448.069624845027818 14.572646057645528 0.500087846845501 -0.864655277647045 0.045318996682704 -0.015152056435203
1666285189.333214521 42.000214787903126 448.064217801820405 14.570015304761041 0.484688047028463 -0.872276822406658 0.060850651527089 -0.022535313812048
1666285189.432218313 42.059444791513485 448.058354407986258 14.583907476067806 0.469077676428182 -0.880955950130157 0.060417981970917 -0.015245158627286
1666285189.531941652 42.119656935762421 448.049088895174748 14.594664230911395 0.476638915594828 -0.877556350238654 0.052020973861040 0.002003640423582
1666285189.632217884 42.172338360863300 448.038874442263420 14.602827859582467 0.477007999238667 -0.877610584546119 0.044018320174794 0.018039347103835
1666285189.732328176 42.208259084578081 448.026081446464900 14.605419957815862 0.491010456622238 -0.870033409385808 0.038303884755144 0.021986597117161
1666285189.832665443 42.228916928070838 448.006273236938341 14.605559120955443 0.525986626190004 -0.849708160700860 0.031827823937678 0.017919272613908
1666285189.934011221 42.238783863094341 447.983692928991104 14.603465456202215 0.527094990513586 -0.849440356283764 0.023382684965597 0.008671916500688
1666285190.033289909 42.245407146328596 447.964170955795112 14.599929316543665 0.538504504228897 -0.842464051010245 0.016309494187161 -0.001105477252428
1666285190.134171486 42.251540278615010 447.951730805593968 14.597690318989208 0.544727317595850 -0.838494710019461 0.012086665682701 -0.007258322594406
1666285190.234928608 42.258323179189901 447.945540283467778 14.595898241182136 0.547898015304681 -0.836434449744300 0.010086125327779 -0.009134888177423
1666285190.334391832 42.262954409089446 447.943963269586845 14.595344380821135 0.549585065899450 -0.835388404470475 0.006669199328362 -0.006163667486862
1666285190.434685469 42.265800315477208 447.946222333419939 14.595491073292807 0.550830830695683 -0.834570094356662 0.008194290633319 -0.003317704271433
1666285190.534593582 42.265354590031983 447.949867093497630 14.595196088043437 0.549763073311398 -0.835263598536656 0.009761051327703 0.000077844599237
1666285190.633666039 42.262271756359596 447.951390177728285 14.594578014604961 0.551045961970392 -0.834385325527248 0.012212205226268 0.000581708196489
1666285190.733907223 42.259072559990372 447.949215424722922 14.594031509051224 0.552965686533113 -0.833107697146472 0.012667804859223 0.000202958897256
1666285190.834239960 42.258105446831493 447.943951205647068 14.593294275650942 0.555879421553011 -0.831142578374883 0.013890634777267 -0.002670837270677
1666285190.932991266 42.258783504351825 447.937473446927697 14.593222769623166 0.557558508382511 -0.830068338740881 0.010561510221514 -0.001875433833504
1666285191.030668736 42.259817486747146 447.931811497804404 14.593934562375434 0.560181548845172 -0.828329592261633 0.008156313140755 -0.000439855715452
1666285191.130579472 42.259333711672099 447.928314565031030 14.595064903886556 0.561569025414366 -0.827391056556095 0.007965246652863 0.000907784063810
1666285191.231966257 42.255991325873026 447.927025995426050 14.596109082888512 0.564370207328320 -0.825448848224061 0.010965504527030 0.000475138115332
1666285191.332485437 42.251660911681341 447.926963960677426 14.596433078629572 0.565428121880099 -0.824703024219304 0.012472042962600 0.000639511545210
1666285191.431987047 42.248603170741887 447.927096637966997 14.596417074842922 0.565238596929053 -0.824804194433221 0.014260632426334 -0.000061235952487
1666285191.532325745 42.246396586643478 447.926045612441612 14.596406996498587 0.565085633345884 -0.824888968554770 0.015298851462008 -0.001536778016867
1666285191.633067131 42.244768780123898 447.924278037350177 14.596175756590791 0.565065786823846 -0.824910688504878 0.014635349296002 -0.002969697382030
1666285191.731827021 42.244164114820414 447.922698377348752 14.596015560523753 0.564019681502546 -0.825652793893074 0.012933584131690 -0.003461967047151
1666285191.832110643 42.243880481423673 447.920981079868795 14.595901195445331 0.563467200483111 -0.826040302200426 0.011974683467866 -0.004328980965419
1666285191.931821346 42.243541097464231 447.918460269954096 14.595294392195116 0.562227345227455 -0.826887482184965 0.011250666786281 -0.005561167248073
1666285192.031948805 42.243547379372608 447.915148012863483 14.594922301390902 0.562937951980515 -0.826418429845913 0.009942759415760 -0.005880694363724
1666285192.131817579 42.244523964597988 447.910969252850521 14.594364842623211 0.563153805480015 -0.826285934274828 0.007963613155393 -0.006776950528304
1666285192.231808424 42.245994657873943 447.905470895724420 14.593549122083751 0.563614086649034 -0.825984431435898 0.006304357857993 -0.007009666774571
1666285192.333670855 42.247999798647129 447.898582250879144 14.593631452400155 0.563904888113767 -0.825809205312570 0.003718413629195 -0.006050370443547
1666285192.432007551 42.249983207238692 447.891011835878032 14.593886718059212 0.565140058763922 -0.824983855030982 -0.000249939110129 -0.004276733446306
1666285192.532837152 42.251529854033606 447.883608506474161 14.593843005840490 0.566161203800544 -0.824280095530824 -0.000411097972985 -0.004862758607228
1666285192.632054329 42.252250591530412 447.878309331177604 14.593603335848906 0.566875566174044 -0.823788064564932 -0.002416375823134 -0.004413420793605
1666285192.732747555 42.252277463787415 447.876181424924425 14.593400721300180 0.567201027884076 -0.823559815553520 -0.001690000732675 -0.005419231515981
1666285192.832607746 42.251407788275934 447.875799871325398 14.592871671670984 0.566508904362487 -0.824034205197342 -0.002605727198007 -0.005338551167555
1666285192.931952000 42.249395230972368 447.874132596725929 14.590902831406927 0.565642501972987 -0.824623845195375 -0.002981166569887 -0.005931824577375
1666285193.031993389 42.246561178125326 447.869588787470889 14.586657339416005 0.562912884127660 -0.826482841100612 -0.003609501389816 -0.006493823916355
