num,t,x,y,z,qx,qy,qz,qw
11,1670411505.425982952,69.125536959169182,63.567368550279582,38.383523176445017,0.305395593145653,0.952159100742401,0.002354607087536,-0.011001562893546
12,1670411505.524358749,69.125500445272337,63.568396384548215,38.381550982937419,0.305222712980719,0.952213834618623,0.001299159430962,-0.011234804242178
13,1670411505.624948025,69.124752902477553,63.569124348832688,38.379577325331397,0.304023011608008,0.952603210955187,0.003524334565342,-0.010232788307049
14,1670411505.725332260,69.123343901441302,63.569771856896516,38.378450953193308,0.303289288666685,0.952851049695438,0.003776608694009,-0.008730504059385
15,1670411505.826706171,69.121449282829261,63.570565961072489,38.378420221639878,0.302990709787825,0.952955986659141,0.002014569247052,-0.008213329624602
16,1670411505.925457478,69.119879594651565,63.571613840353287,38.378514106787968,0.302141707512625,0.953228118243332,0.002568111830064,-0.007742607652503
17,1670411506.027017593,69.118736290724783,63.572733643998426,38.378167413709981,0.301813981496981,0.953327719147792,0.003325846369725,-0.007969894813239
18,1670411506.125492334,69.117960834607629,63.573448406142155,38.377341688918698,0.301844891642389,0.953316626230576,0.003012541527867,-0.008245976915387
19,1670411506.225109816,69.117358977129129,63.573371785838255,38.375973926072028,0.301162698624146,0.953530652923932,0.002644713737747,-0.008563199234369
20,1670411506.325252056,69.116770910771976,63.572750215458562,38.374809931552690,0.301014281417367,0.953579366101821,0.004009359025437,-0.007792301831940
21,1670411506.425228834,69.117708295344670,63.571834185822127,38.374013912930380,0.301071348695497,0.953561941067558,0.004323734261982,-0.007548037107569
22,1670411506.525784254,69.120282109303545,63.571227398180355,38.374000295042656,0.300782724642238,0.953639420971522,0.002974903479402,-0.009631057843292
23,1670411506.625648022,69.123024321692640,63.571592453310849,38.374589817120430,0.300687540986288,0.953668183673448,0.003445252403640,-0.009598353008794
24,1670411506.725511551,69.124146280060188,63.572796581345017,38.375302621407521,0.301309488970291,0.953452383621698,0.002838042383402,-0.011536443905939
25,1670411506.825501919,69.123161720041708,63.574455763084700,38.375626742422440,0.301349816236391,0.953442336417014,0.003629274038184,-0.011082768242391
26,1670411506.925365448,69.121275737341634,63.575907969441523,38.375804713971505,0.301915781437724,0.953273672355175,0.003552603747008,-0.010175731911900
27,1670411507.027397394,69.119531503313866,63.577349546289170,38.376185132568615,0.302303830269693,0.953160059459510,0.002706755521705,-0.009537752878046
28,1670411507.125069618,69.118474758913223,63.578101356779754,38.376957860340752,0.302110129130039,0.953221536849683,0.002663758061302,-0.009543372357319
29,1670411507.224877596,69.117691712337987,63.577786053562960,38.377745637442196,0.301484549819389,0.953417486073227,0.003402930689751,-0.009517538165400
30,1670411507.324736118,69.116393175979908,63.576790856573737,38.378130447788216,0.301050539490566,0.953569079651617,0.003242917150565,-0.008004154743768
31,1670411507.425112247,69.114650899593670,63.575675359432481,38.378177411072166,0.301048426530845,0.953571639050426,0.002446274807865,-0.008061626483025
32,1670411507.525140524,69.113316371914195,63.575216627231242,38.378591382721197,0.301355902666945,0.953479318401715,0.003237502381436,-0.007164348283063
33,1670411507.625439882,69.112849403182835,63.575313951587859,38.379485981419052,0.301700209661969,0.953361314704547,0.000908043896034,-0.008852263610254
34,1670411507.724564075,69.112594221884336,63.575928330214317,38.380602272926794,0.301460389895154,0.953435918250356,0.003294408607840,-0.008410112144762
35,1670411507.826461315,69.111599543993790,63.576689603208663,38.381563360700454,0.301358811320963,0.953456575939578,0.004626990557763,-0.009056246196421
36,1670411507.924949884,69.109365686558547,63.577082746685974,38.381659840772549,0.301834275131850,0.953325088697293,0.002541844825567,-0.007802861065720
37,1670411508.025403500,69.105734743712787,63.577435941543214,38.380579759763457,0.302304134809226,0.953180330805651,0.004121259791284,-0.006517841683283
38,1670411508.126287699,69.101139488585105,63.577700619298760,38.378647646241724,0.302901703309302,0.952997748331324,0.004316311979548,-0.005217207935776
39,1670411508.226621151,69.095461567209142,63.576524913209056,38.376838894212611,0.303971280707857,0.952661729613875,0.003661915465076,-0.004866190404371
40,1670411508.325800180,69.087936864799957,63.573539669959551,38.375599182821674,0.305176129559503,0.952270626679281,0.004907755109710,-0.004908915431516
41,1670411508.425777912,69.077502177761176,63.569148347496828,38.374485501031707,0.306829179227722,0.951720856487848,0.008396291956519,-0.003573287262527
42,1670411508.526533365,69.065371689053464,63.564162929275248,38.373328321468634,0.311014955278760,0.950358043729244,0.009337568383270,-0.001447801354757
43,1670411508.626187325,69.052405383851976,63.559799532373091,38.371866362371676,0.313648596679005,0.949487129261535,0.009897224315155,-0.000891133455542
44,1670411508.724744558,69.039457520454661,63.555544279825959,38.370162786749503,0.317096630342365,0.948367758500748,0.006951217052243,-0.000047363255223
45,1670411508.824980736,69.025675460711213,63.551990581420057,38.367485523498665,0.317976893303911,0.948076086063246,0.005984694284071,0.002571729790507
46,1670411508.924745321,69.010490753373404,63.547380411651311,38.364608460468403,0.315271433519297,0.948977132291312,0.004620504721145,0.004997652545693
47,1670411509.025317192,68.997317299209641,63.540585023554080,38.362943251054752,0.316265063521503,0.948640884799430,0.005171402843263,0.005489797384953
48,1670411509.125887632,68.987105040623703,63.533484776940135,38.362183139174640,0.313367004555066,0.949613669882526,0.004145334850617,0.004220737779374
49,1670411509.227867365,68.976148834777590,63.527586273179949,38.360865528203043,0.310254884497163,0.950647697512277,0.003010258739635,0.001341716281400
50,1670411509.325460672,68.962319416643012,63.523968239459002,38.359568094230433,0.304427301746179,0.952534457426882,0.000175309960499,0.001447284503338
51,1670411509.425737381,68.945175349993050,63.521138773878953,38.357106983898923,0.299155892789992,0.954198480315094,-0.001297015753557,0.003054459612194
52,1670411509.528008699,68.925222587175966,63.518729195951536,38.353465573983328,0.293608310800032,0.955893796165567,-0.006524796831207,0.004317094815271
53,1670411509.626698256,68.901982375559001,63.519345778347464,38.350031628858190,0.290933108890841,0.956698225486774,-0.005209991735432,0.007699836860878
54,1670411509.726246834,68.872321561765389,63.525814249024613,38.348971175307327,0.285131332551887,0.958385480393571,-0.007396245436416,0.011945280298680
55,1670411509.826025486,68.835332948185155,63.537041616303355,38.345389723861359,0.275142181607395,0.961224080091227,-0.008638638977705,0.016444502720088
56,1670411509.925917387,68.789908055758062,63.551592461293048,38.337644231265351,0.264495582116446,0.964140173271472,-0.008131951633833,0.020240669148107
57,1670411510.026369572,68.734507895710450,63.570321737715076,38.330903512361338,0.250699842065274,0.967869802387484,-0.008966283254992,0.017240666444526
58,1670411510.125374556,68.669195061092168,63.592849621774967,38.337461748540463,0.232042873321941,0.972571699306296,-0.013646573783647,0.008611949426770
59,1670411510.225386143,68.593969900563849,63.618337985455028,38.355949873449887,0.218048859290903,0.975907007253671,-0.007411667417860,0.002296811095133
60,1670411510.325780869,68.516731834829613,63.646297015598151,38.365045003715309,0.215705153308750,0.976434529878256,-0.006322169627367,0.002631704519967
61,1670411510.426863432,68.439352279855399,63.674491685995157,38.370573735208964,0.203205346004862,0.979106901907643,-0.005320863930480,0.005380557489232
62,1670411510.528529644,68.360095249202814,63.702783266193777,38.368206436086318,0.201751101147899,0.979395181422090,-0.007646321702885,0.004806824026145
63,1670411510.626303673,68.278198387492907,63.732079875965127,38.358919941726654,0.205673890297827,0.978574269571298,-0.008632777446259,0.004015586672173
64,1670411510.726538897,68.187009868830998,63.764681807407278,38.349984713139925,0.210278584339327,0.977510526907633,-0.015954963268907,-0.001235273289115
65,1670411510.826489449,68.089474830799688,63.797998239261794,38.357846078272679,0.219297889526751,0.975338017233611,-0.022576351786962,-0.010700286347179
66,1670411510.926564217,67.984184140930893,63.830517426042213,38.370605985887899,0.237397924909558,0.970828171719389,-0.028914475259046,-0.017286970964267
67,1670411511.025201797,67.875243415272834,63.861871291145675,38.380244108074280,0.247226659418166,0.968426539551333,-0.030726247668066,-0.009214883059792
68,1670411511.125758886,67.763282622141134,63.890909004717948,38.381700983202080,0.254017620121860,0.966736776017851,-0.029690779891528,-0.003675887875018
69,1670411511.224676609,67.650197040832708,63.914324958397458,38.367352898806054,0.246611383894776,0.968669616839903,-0.029325476632120,-0.001419565087577
70,1670411511.324623585,67.530485391525488,63.935146518201037,38.351770316490395,0.240450069475622,0.970482751647408,-0.018456553145538,-0.002519621009184
71,1670411511.425378084,67.402973063566122,63.958374694362355,38.364831935294369,0.232797436589412,0.972441841194841,-0.007318133930497,-0.010424199094509
72,1670411511.524133682,67.273253154478368,63.984568537534592,38.386681881571725,0.216723406099314,0.976161211211166,0.000471157810908,-0.011833553387684
73,1670411511.626765966,67.143158519995737,64.014147447124898,38.401834106378232,0.203651456954676,0.979016450792310,0.000841903261716,-0.007222489679039
74,1670411511.727733135,67.019783649653647,64.044159173136805,38.399633938306202,0.182985161226823,0.983098775373455,0.001315550172592,-0.005612304139190
75,1670411511.826149940,66.898577725413887,64.075474623532116,38.382869088064147,0.183130991139886,0.983052173978264,-0.002464960995257,-0.008086240660815
76,1670411511.925699949,66.769394062335735,64.106421478911656,38.374693928983433,0.187981606769499,0.981991220973805,-0.010484221016597,-0.015691990199070
77,1670411512.025821924,66.631573281633052,64.135957319326991,38.392185058047126,0.198296510162020,0.979783163741392,-0.016749066708589,-0.020564894136958
78,1670411512.125519753,66.491238623318765,64.164431812851333,38.408990559781884,0.208463702399055,0.977882076781292,-0.014224010544442,-0.009338426849117
79,1670411512.226431131,66.352029391537386,64.193525726483685,38.417393849017628,0.221886261004070,0.974874122279979,-0.019657165663037,0.000727134492112
80,1670411512.325424910,66.217914347819786,64.219622772080214,38.399134803636443,0.210307026898290,0.977433396780176,-0.019597472899181,0.003293683642322
81,1670411512.425018787,66.081559280949506,64.244048949322192,38.380098488650788,0.203043612655271,0.979062979682437,-0.014423977472932,-0.000960233880027
82,1670411512.525567770,65.934158129649589,64.270805208817848,38.399521002767123,0.201441742137052,0.979459027477416,-0.003414214480066,-0.008341532069650
83,1670411512.626848936,65.780730120377925,64.302857631378060,38.420888198869591,0.192554160953115,0.981280303363200,0.001621040913677,-0.003038676919867
84,1670411512.727351427,65.633058997140267,64.335561933608986,38.433462131366674,0.169661363773226,0.985476740232787,-0.002944485269774,0.006476581603403
85,1670411512.827307224,65.489604947238774,64.367316252313657,38.420823761741055,0.155160677399849,0.987813213807106,-0.004852007589124,0.011255080597285
86,1670411512.926610470,65.346375794861160,64.399698203008896,38.399746419845144,0.171887791343373,0.985041064766005,-0.005295871073290,0.010983699801389
87,1670411513.027137280,65.197020559799697,64.430386748311093,38.405588022367205,0.176864421131714,0.984111186095656,-0.015548959319532,0.001542661085654
88,1670411513.126230001,65.047469749831350,64.458554009259387,38.425152970710364,0.182112547159646,0.983133808682655,-0.016153669568711,0.004689706987311
89,1670411513.225936890,64.902433990428605,64.486831155110622,38.442913152051183,0.204983165534139,0.978618450431521,-0.013267631580795,0.010573564907266
90,1670411513.326061964,64.762484792741532,64.514715766012316,38.430104626333033,0.208277149322618,0.977962479787523,-0.011488946832121,0.008832966578178
91,1670411513.425472021,64.622743783156409,64.543574564370758,38.406929626511136,0.194994928980271,0.980761960543899,-0.008105543584607,0.004153863895718
92,1670411513.525074005,64.475938049121922,64.573967486853533,38.413174079780177,0.183834254464452,0.982912375372469,-0.002976729814076,-0.008908889086894
93,1670411513.625162363,64.320595392962829,64.608087575356876,38.434386476733607,0.176498345235281,0.984263532548181,0.001759733808007,-0.008398569039280
94,1670411513.725075960,64.168189438659567,64.643664252797166,38.452081765201896,0.155047981075902,0.987906667081158,0.000242979393722,0.000694018659299
95,1670411513.825404882,64.020159643229178,64.677424912258644,38.443064278945528,0.129794028769211,0.991521992803547,-0.000593237059023,0.006107041225613
96,1670411513.925834179,63.876520384677491,64.712272380501545,38.416906644006311,0.150915700579642,0.988536765757119,-0.001775092401909,0.004045134358255
97,1670411514.026951075,63.730022016391203,64.746585266283077,38.416435399846392,0.167209812037740,0.985866211941899,-0.006388871398569,-0.008238521219691
98,1670411514.126410723,63.580854767559309,64.780004470007540,38.439068956962657,0.171315090622521,0.985072829245797,-0.012686251669162,-0.011032670812877
99,1670411514.226636648,63.434158283136135,64.813936217026921,38.456770675834996,0.199027448344477,0.979903440115672,-0.011882138488598,-0.006011459048877
100,1670411514.325562477,63.289733303077938,64.847127457270972,38.443571579414751,0.208484844655336,0.977922505175498,-0.013200786076088,-0.005232845047588
101,1670411514.424655437,63.139987296897921,64.879447581326247,38.420296993710295,0.193708501403280,0.980961041440274,-0.012289608949197,-0.006435617482734
102,1670411514.524499655,62.983583384923008,64.914424821019693,38.428230463554556,0.189906982848597,0.981680849675565,-0.005094692421129,-0.014563356575230
103,1670411514.624555826,62.820614060082768,64.954003965818742,38.450838071383316,0.176903171987242,0.984188351849238,-0.003378058840210,-0.008194177420884
104,1670411514.724979401,62.661807379484571,64.994620883025533,38.469332978167159,0.153219158826598,0.988125617220894,-0.011204603513639,0.002472007362315
105,1670411514.825814247,62.508692350429335,65.032218294788308,38.459469283604797,0.141779438099049,0.989761320685888,-0.014135470562324,0.008444375549824
106,1670411514.927358627,62.360347103490398,65.067800486778978,38.439601906622862,0.168522735675127,0.985540750593247,-0.016614251612839,0.005786460404707
107,1670411515.027037382,62.213354784244906,65.099379759954047,38.458975308744549,0.173822768410597,0.984562045134352,-0.019991696781857,-0.004853506229660
108,1670411515.128358603,62.061461690693925,65.128131768615376,38.490361619427389,0.187239198715735,0.982155795858243,-0.017367817566421,-0.003135927188361
109,1670411515.227882862,61.913638370990654,65.157807224320180,38.510265486631120,0.208868179485840,0.977826087584598,-0.015026062194300,0.002107959250625
110,1670411515.326302528,61.764920070529783,65.190568791465438,38.498961339086335,0.210264864708330,0.977521251240158,-0.013668747898321,0.007352235983446
111,1670411515.424671650,61.612534321600748,65.228106739911766,38.489965969750870,0.199058170322918,0.979876108248749,-0.011004672845884,0.009876967476534
112,1670411515.523864269,61.458000705918529,65.268716712547615,38.517967276670561,0.188581615349682,0.982011472799999,-0.009205861219693,0.002386160197000
113,1670411515.623638630,61.303505097837792,65.309862797168321,38.551434907571192,0.175534824785450,0.984395459713276,-0.008662104244085,0.008835843677527
114,1670411515.724179506,61.155910909024009,65.348769930541479,38.572611080244776,0.163115023014066,0.986418573218017,-0.011389999669621,0.015561349079666
115,1670411515.824699879,61.013752677715480,65.384252495868182,38.563746218989387,0.153419477320378,0.987947630374794,-0.010587556765219,0.017602478726451
116,1670411515.926166296,60.870989077240552,65.420126785067083,38.551563540860897,0.174004286755614,0.984577010923541,-0.010276329584019,0.015000493385726
117,1670411516.026342154,60.723070879190580,65.452277946185461,38.573926509854836,0.182180983550684,0.983180642743440,-0.011490526969919,0.005820717915728
118,1670411516.126144886,60.571911477399006,65.481621199720820,38.601845042825012,0.194619394938484,0.980804888686947,-0.008809166864063,0.008213404941035
119,1670411516.226240158,60.424837071812995,65.509958351736557,38.622324812386822,0.210180240573989,0.977543811617316,-0.008563604508448,0.012610611356026
120,1670411516.325476885,60.281855237048866,65.539350449218276,38.612148531421518,0.215130668268533,0.976516415224799,-0.004482954130212,0.010695302198092
121,1670411516.424500704,60.132821418356350,65.571821066260512,38.592932299373892,0.200088603029110,0.979752105219790,-0.002158904365673,0.006760354072776
122,1670411516.525028467,59.966588099066406,65.608394836825866,38.615616711918847,0.189880953738755,0.981789996513762,0.003078861219942,0.004913935933409
123,1670411516.624500751,59.801024251963987,65.645808496263967,38.647178899358188,0.186976348059848,0.982249646100630,0.006309218298361,0.013626142735717
124,1670411516.725124598,59.644880768764359,65.680019459919166,38.661873316947030,0.158474914475641,0.987121269980730,-0.001112241108941,0.021818862327926
125,1670411516.824104309,59.497756070457072,65.710257633149524,38.650346799071109,0.138747174142348,0.990052622602063,-0.003539693563622,0.023075890356935
126,1670411516.925493956,59.349637712359744,65.738044609553626,38.631883417096468,0.156691582075754,0.987524006199887,-0.002759399939079,0.015377613517700
127,1670411517.026061296,59.197680956166906,65.764793984305300,38.646899893253824,0.171527786949505,0.985163166775979,-0.004879334368705,0.002818728126051
128,1670411517.125743389,59.039800171489652,65.791528937291744,38.678755324949208,0.173120767318244,0.984831927071151,-0.007085490342001,0.009223403443330
129,1670411517.226235151,58.885399252903973,65.819112522268043,38.697144823852952,0.195675897546029,0.980516147398637,-0.002497564194535,0.017111107012271
130,1670411517.325436592,58.737206844434937,65.848075066600188,38.680664513902776,0.195362534778208,0.980553296430736,-0.002721715697484,0.018474445255881
131,1670411517.424744368,58.589514651940817,65.884148503681786,38.664214139316961,0.184650017907591,0.982698253304343,-0.002916318121590,0.014142451270332
132,1670411517.524764776,58.435344715054946,65.926748623849051,38.686560294356788,0.179470905377878,0.983733387138718,-0.005663212430357,0.005171573880170
133,1670411517.625822783,58.279145436270724,65.968973784200514,38.716262359608834,0.172358440764427,0.984913706164141,-0.008725043998780,0.012705625308930
134,1670411517.724360943,58.136591640237768,66.002544306817668,38.729515223221547,0.157087007676554,0.987359102895961,-0.009610999837380,0.018796346183097
135,1670411517.825356483,57.999051911907117,66.029093001875864,38.714595243927867,0.158379029006537,0.987216348367581,-0.009025237737196,0.015443761540274
136,1670411517.925802231,57.865674701785736,66.050335364353600,38.693207168092442,0.177240381244338,0.984152556404502,-0.005055381877663,0.002009002965704
137,1670411518.025886059,57.731379924469550,66.073420224363730,38.700689311640836,0.179268642253701,0.983572974507247,-0.009101399689674,-0.019081987505790
138,1670411518.124679327,57.592159806485704,66.102628453486531,38.721421653082743,0.175445961722560,0.984137928692652,-0.012386108918222,-0.023191294264211
139,1670411518.224850178,57.447022022889236,66.137140885685170,38.736511465871416,0.192771769857547,0.980928639576757,-0.015178273482099,-0.019689307204258
140,1670411518.324889660,57.294478080957823,66.172073425110156,38.718517476111202,0.194763727483312,0.980569091142706,-0.017251458388145,-0.015929065755903
141,1670411518.424012184,57.133938214077574,66.205240244553593,38.695450531192535,0.179128311895633,0.983588830589412,-0.017528536258770,-0.012602009117535
142,1670411518.523842096,56.962553174761993,66.239912093254972,38.715039944699086,0.175369670572161,0.984370972557740,-0.012206036531645,-0.010501414253772
143,1670411518.624819279,56.790184508009013,66.274415970764011,38.744824801394948,0.178754068879018,0.983829831135447,-0.009565786296123,0.005860201338713
144,1670411518.725509644,56.632461968333210,66.301333064181094,38.761251284139988,0.152103464431963,0.988150878162939,-0.011581317406945,0.016977961618747
145,1670411518.826611757,56.487523732081918,66.322789470280640,38.752071962165381,0.147906886073862,0.988793843759024,-0.009920889858971,0.017659658563918
146,1670411518.926250458,56.352028720446839,66.340172465259045,38.745122649555292,0.163264467516498,0.986544482287596,-0.007230816111392,0.004734280601938
147,1670411519.027004957,56.207941848503907,66.359592572963351,38.777226853474247,0.169309316448385,0.985476234013114,-0.010005274063670,-0.008416771947835
148,1670411519.127038002,56.059397686611490,66.383500340485355,38.809572934093026,0.169595786068320,0.985465147543806,-0.009042070957198,-0.003735408563696
149,1670411519.227081299,55.914274462339947,66.414526100583629,38.821803835657654,0.195489654924272,0.980642653164343,-0.010777602418703,0.002761321874094
150,1670411519.326021671,55.770551728364346,66.448307939304726,38.806727423501506,0.191358440373089,0.981403210644291,-0.013503635874857,0.006880207352670
151,1670411519.425216675,55.624099962460093,66.482586038513034,38.796640618243430,0.180683276830504,0.983427281213542,-0.014109850727389,0.005024753843055
152,1670411519.524863243,55.475479586090060,66.516107768207320,38.824226502364191,0.166212447835748,0.985981727265573,-0.012977081978038,-0.006712006121951
153,1670411519.625797510,55.327119142440829,66.546780790860410,38.854879552418559,0.154313818822238,0.987972314801807,-0.008934786714313,-0.004256770140085
154,1670411519.726106405,55.186054809673017,66.573382585789915,38.871507959665742,0.138359975434600,0.990346390828675,-0.008303943842968,-0.001260113886428
155,1670411519.826001644,55.047872301816703,66.596105794218488,38.862377870700733,0.126385220004302,0.991978428328022,-0.002351360073173,0.000212137072320
156,1670411519.927308798,54.907687935768095,66.618831774206754,38.846009923025214,0.151266446153166,0.988462041925061,0.005685191060698,-0.005378898040892
157,1670411520.026912689,54.763510579489548,66.642694433623618,38.863172317170765,0.158947889475231,0.987166692891368,0.004840191197459,-0.014630838200937
158,1670411520.126282215,54.614602578479797,66.668089053796521,38.889013194219331,0.152987497597104,0.988153538588252,0.004151036095696,-0.011409586049688
159,1670411520.226073742,54.468349622052529,66.696378938313444,38.902725282813257,0.172149714717500,0.985053767132676,0.005216672760533,-0.002517519755005
160,1670411520.326020002,54.320433514643469,66.728104750629441,38.891399455494941,0.173373110773346,0.984837937713082,0.005506572496675,0.002382973175796
161,1670411520.425120115,54.169657343264703,66.759731124796033,38.875005908693709,0.159141174583636,0.987211655646617,0.008551890870031,0.003754819590089
162,1670411520.526175261,54.017386604514982,66.790551199773859,38.889693153196021,0.157822990265779,0.987281011791064,0.018134212542621,-0.006265607379965
163,1670411520.625229359,53.869818624779533,66.821132491149271,38.915327388574774,0.155193260789475,0.987524167484744,0.024790774030362,-0.009822828618519
164,1670411520.725387812,53.725472829851789,66.852518024320688,38.936136995897783,0.137573391071729,0.990117010787445,0.026880842369632,-0.004391734493186
165,1670411520.826004744,53.583676607633457,66.883329121371531,38.934188083954780,0.115603157482122,0.992931960795599,0.026696789485602,-0.003051662158947
166,1670411520.925527096,53.446226056853661,66.911833926212466,38.922063706292931,0.138006632400267,0.989998299617400,0.027566044140006,-0.009881770016791
167,1670411521.025385141,53.311976933620691,66.933661691544017,38.931100753585000,0.146334774075922,0.988486070703457,0.028478000138212,-0.025892574795042
168,1670411521.126419783,53.175039723034438,66.952810036252558,38.953114191101804,0.138489720094060,0.989329388953013,0.028901749883065,-0.034823073325368
169,1670411521.226007462,53.036383189284678,66.971306111783079,38.974136717760800,0.124062412243327,0.991451762711479,0.022391047191370,-0.033623817307706
170,1670411521.325064659,52.894250560206032,66.992677738164645,38.973178734099676,0.118350704739714,0.992269931986713,0.022828102395544,-0.029535918873728
171,1670411521.425569296,52.746788057369265,67.015416139669085,38.956551361760368,0.104350233151453,0.993857275261039,0.023271796095105,-0.028586163758863
172,1670411521.526510239,52.594736048817126,67.036340254704072,38.963006204504445,0.103999169720429,0.993489771372910,0.032329612476505,-0.033422193703934
173,1670411521.626201868,52.439440242407180,67.059560393435021,38.982852052613651,0.101983288486724,0.993628802280936,0.037668582040910,-0.029703368061786
174,1670411521.726034164,52.286964591947729,67.087428519934790,38.997566564710588,0.091434601093647,0.994964769828173,0.037100464878073,-0.017560638640081
175,1670411521.825805187,52.141345251910721,67.118311840231726,38.994572632452950,0.085304376656310,0.995874138170753,0.029320503012202,-0.009908196054320
176,1670411521.925786018,52.001495036200318,67.148635843459559,38.981077747343491,0.098193662250222,0.994828880846871,0.023817311407792,-0.010307191865629
177,1670411522.025716782,51.864179972306019,67.172172566173728,38.986874259945118,0.116788334431630,0.992766963861689,0.018707482889288,-0.020597827299920
178,1670411522.125952482,51.727896513734727,67.185488811511519,39.007362561221527,0.127530939769120,0.991295566071339,0.019329614337938,-0.026369036737356
179,1670411522.226195812,51.595996492323742,67.194251027280558,39.025443969722296,0.127695466307997,0.991013347583479,0.028245273756071,-0.028082330854374
180,1670411522.325208664,51.470986087486629,67.210234899700055,39.026683906096785,0.133852176448346,0.989768293427331,0.035656989932731,-0.034218405207230
181,1670411522.425186634,51.344272620694532,67.233556312585605,39.017838456061490,0.115227514571717,0.991686751363430,0.036884058730824,-0.043812934932648
182,1670411522.526180744,51.206510824710463,67.261209061536576,39.029148714947617,0.110599869518547,0.991288868165227,0.044755768352070,-0.055776069361320
183,1670411522.625719786,51.063227148280376,67.291695856430891,39.053600323459285,0.111860080166504,0.991111240774556,0.047379449669929,-0.054231159165538
184,1670411522.725541353,50.923889463241281,67.316034908263248,39.070989276751604,0.109102691271268,0.991563068985014,0.049777773736203,-0.049208294262800
185,1670411522.825507641,50.791182256910020,67.335861592625719,39.068223735088473,0.113539769164066,0.990755565482284,0.055351962162410,-0.049480203807403
186,1670411522.925582886,50.659745779881959,67.359308709810534,39.056073685603131,0.129899296940111,0.988241890683533,0.057143734252434,-0.056909856689227
187,1670411523.026194096,50.525220223236587,67.383669908124361,39.064276300249617,0.148636873626516,0.984958488027516,0.050342047978630,-0.072315522997503
188,1670411523.126354218,50.383196454080419,67.409179448739465,39.082296342187334,0.138884372324021,0.986563878999518,0.046127219122004,-0.072630044979037
189,1670411523.224875927,50.239427476817802,67.442958271382551,39.096641880608153,0.133156652603826,0.988288401516542,0.038601016986041,-0.063759726966678
190,1670411523.325086832,50.092309637895930,67.480378662678490,39.090616740154594,0.133083479823476,0.989189696054086,0.028576876160360,-0.054551762275982
191,1670411523.424507856,49.943087114439997,67.517134678618632,39.078409205116664,0.120987135661301,0.991222631710510,0.027332203760012,-0.045746672305061
192,1670411523.525251865,49.795742594197527,67.557494769297691,39.086159557697243,0.128403922192654,0.989960618290047,0.031704978350203,-0.049851793830743
193,1670411523.625440359,49.649064566978382,67.600579661284655,39.105918664280459,0.124307733348204,0.990306877064966,0.039860878215208,-0.047444568241043
194,1670411523.725644112,49.504055009447264,67.643263215692471,39.117122381717053,0.127917992692144,0.990163198362920,0.042927288443541,-0.037028038838306
195,1670411523.825862885,49.360612591972249,67.682766187458512,39.115823104487831,0.137120743906186,0.988864676343577,0.050293374612118,-0.028550480567804
196,1670411523.926402092,49.218729175000192,67.719779494603912,39.103885643303748,0.162781994856088,0.984347734795845,0.060986739369916,-0.029020282114201
197,1670411524.025792360,49.077174756364784,67.755775125131663,39.105818287676385,0.178228684310974,0.981229767072097,0.063245317221505,-0.037718830177617
198,1670411524.126659632,48.931756924717980,67.796791187863846,39.127671964047913,0.207768530549856,0.975542365812471,0.058087686448456,-0.042132539695905
199,1670411524.224917889,48.794921111559901,67.839590509573611,39.147687222212724,0.213366933582310,0.974957567601016,0.051427332181867,-0.035882064264025
200,1670411524.325642347,48.656741289577731,67.887960918287575,39.153614004411850,0.220671278548757,0.973857625669785,0.042052800107985,-0.033720524188450
201,1670411524.425513029,48.514404735319928,67.935447552476347,39.139706654073400,0.210690221535106,0.976465927005042,0.035481628474297,-0.029410508130334
202,1670411524.524811268,48.369670947228272,67.980383720810067,39.143303279058031,0.202299083084947,0.977953339635120,0.039557819749551,-0.033429408851613
203,1670411524.625839949,48.216128421324100,68.025323088711943,39.171057041994281,0.196589637712897,0.978947693642947,0.043453909843592,-0.033551232084250
204,1670411524.726128817,48.059678481733314,68.065846105797760,39.192850810489730,0.175654843620163,0.983538847041439,0.037327048749276,-0.020084912368320
205,1670411524.826447010,47.902669829320708,68.098673316692000,39.195023523879094,0.146318169008141,0.988361235805910,0.040158022319427,-0.010972429890975
206,1670411524.927212238,47.752142781642632,68.130563931969235,39.180022523101506,0.150153943031182,0.987619507412733,0.043479667009607,-0.013077481667043
207,1670411525.027028322,47.609837549763647,68.158770439867411,39.178597052043443,0.157493130471224,0.986164737577473,0.045128327210360,-0.025267732314584
208,1670411525.126681089,47.464199330484696,68.181534206376696,39.207856629727502,0.156386492322759,0.985946898082187,0.043835057598252,-0.039121182324350
209,1670411525.226516247,47.316266980976962,68.206559646555192,39.234779465780520,0.153820467330761,0.986097903575058,0.047719058466244,-0.040903298817049
210,1670411525.327938318,47.170248914338664,68.242973304037321,39.232376387970525,0.152628238217770,0.986215209463775,0.049499834440001,-0.040422121558296
211,1670411525.425582409,47.028199000558878,68.288230554688894,39.210804661087067,0.142060100459780,0.988196052260632,0.041351569769801,-0.039718230467040
212,1670411525.525275707,46.876914415667422,68.336145387528333,39.217013309921796,0.134789860867199,0.989202310517855,0.039163942711076,-0.042150538132533
213,1670411525.625210762,46.718841372123258,68.381895665187074,39.259303520289521,0.140724857845278,0.988536709035912,0.035135796750702,-0.041918552689344
214,1670411525.725894690,46.561590368550618,68.431106595661163,39.292380324011724,0.137755863099635,0.989600307331810,0.022174037027465,-0.034969500888163
215,1670411525.825759172,46.413191945806908,68.479443022959856,39.297012242608275,0.122907552735046,0.991801622475123,0.003187921345042,-0.034829761611202
216,1670411525.926303864,46.267878092687688,68.523885561749992,39.278069727015101,0.121708842236968,0.991474204149071,-0.011742670196322,-0.045032987075738
217,1670411526.026849985,46.114166079795950,68.562347733824097,39.269746400129883,0.149162917216867,0.987448027933550,-0.021249923166011,-0.047384143159245
218,1670411526.128787994,45.944049209078329,68.599045845533283,39.292440127446859,0.179368676456402,0.982891773994508,-0.025926577246765,-0.032839779421851
219,1670411526.227931976,45.776459196498834,68.631673806206081,39.309884019669873,0.200387182054209,0.979292204682452,-0.025686349943652,-0.013113601455255
220,1670411526.327203274,45.615083587858933,68.653764313948017,39.291474415702993,0.210256724167719,0.977541273587976,-0.013837231973170,-0.003701268104175
221,1670411526.428022861,45.460165888157782,68.665372933096734,39.272316038918497,0.202298993775658,0.979277052988725,-0.004697868209110,-0.008336704466592
222,1670411526.526461363,45.304251670498999,68.678310481383051,39.299739450359567,0.201317521664686,0.979374902259747,0.011548090625673,-0.012755308596830
223,1670411526.626238823,45.147006761125589,68.698449496250035,39.329260308601121,0.191283690735687,0.981303163620381,0.019867437610311,-0.007741811801229
224,1670411526.726294756,44.996795497701022,68.721638503965423,39.337463012934641,0.163884532890062,0.986363901202967,0.014464868778151,-0.004345325568960
225,1670411526.826173067,44.855940777028842,68.743921887531300,39.325261436109109,0.136325793360672,0.990546693071229,0.007714888034015,-0.013153228229539
226,1670411526.927061319,44.719530007477985,68.760199087528861,39.313056891364312,0.137842880336987,0.989929020382547,-0.003768914327612,-0.032026086705140
227,1670411527.029261589,44.576892965392382,68.768010275575818,39.330190902054433,0.164981094128320,0.984910016151233,-0.002789491401068,-0.052208403566130
228,1670411527.127473831,44.424907553288534,68.775214869798845,39.357476115049309,0.173680143595732,0.983613703753443,0.001660893389442,-0.048337676217930
229,1670411527.227010965,44.267298530019886,68.790461783478946,39.365833737607083,0.179848007614906,0.982831449821196,0.005325172169529,-0.040849454594651
230,1670411527.326427460,44.105970377855733,68.812818073478795,39.336411330858176,0.177903358306090,0.983430839281251,0.002638431753611,-0.034745044709596
231,1670411527.426463604,43.940620672043934,68.837858059712630,39.326751154848658,0.163979408680792,0.985917238426417,0.000699299243800,-0.032824738885383
232,1670411527.526423216,43.769946926032894,68.867696152365070,39.355054375535758,0.159368778250081,0.986541441804198,0.005450412315603,-0.036164473279187
233,1670411527.626519680,43.597736236603986,68.898672190648455,39.379432072267690,0.157043753759115,0.987396631020749,0.002396579982129,-0.019478420328959
234,1670411527.726568460,43.435162994255840,68.925282248825582,39.385952108701829,0.144415970382439,0.989462721693244,0.005640271219033,-0.008702713282221
235,1670411527.826731443,43.280216455007576,68.948802687515936,39.361247260781766,0.145276522222212,0.989322664321512,0.009168318433067,-0.007165185825469
236,1670411527.927996397,43.123339679504042,68.974652992238063,39.347156244990195,0.165436420046001,0.986104677220430,0.007132659218571,-0.013322224244681
237,1670411528.027381420,42.959745450374641,69.000236415377501,39.372903265902949,0.171013431849780,0.984999889476653,0.003560907836521,-0.022736397984782
238,1670411528.129871130,42.787360235655015,69.029839797250517,39.397019032826634,0.182126442760163,0.983185085883463,0.005467218699363,-0.012130756924069
239,1670411528.220243454,42.641663932423903,69.056925208104360,39.401922638784662,0.215286552505782,0.976471282398772,0.009179325910794,-0.008442448489393
240,1670411528.328031540,42.470596947063740,69.091228906467535,39.374076563307490,0.208082419052328,0.978017406436633,0.010914647316425,-0.008033060578091
241,1670411528.426575899,42.314604033968493,69.127973463919631,39.366980244147513,0.186873418750380,0.982105388232563,0.012505205477612,-0.019772496177110
242,1670411528.525659561,42.149995699552875,69.171988073201220,39.387275837818521,0.174416087288023,0.984288974983560,0.012624028201948,-0.024390082675260
243,1670411528.625838280,41.984242149148400,69.215831222743304,39.415597340906686,0.164772757767175,0.986218517986344,0.007417947552237,-0.012959441837190
244,1670411528.725447655,41.827066274608192,69.250955742022128,39.416746230244684,0.141543129732066,0.989845775974209,0.010533602371510,-0.007741151900483
245,1670411528.827619314,41.673206162603002,69.286301950958759,39.389571727051084,0.159356183336076,0.987047488592408,0.014507767566644,-0.011505945254971
246,1670411528.927021980,41.521799912752961,69.318701732925064,39.386882332690362,0.172282715729887,0.984647153582143,0.014216167718054,-0.024218781528593
247,1670411529.027966022,41.358935303728948,69.351590172893339,39.408716997597395,0.181791336878047,0.982818590525978,0.020004463643635,-0.024886731142391
248,1670411529.127604485,41.198363081136108,69.386401058933259,39.431390584858455,0.210312234990301,0.977281971008958,0.022136998731920,-0.014094901254465
249,1670411529.229955912,41.035514283660959,69.426496906142518,39.419102487896502,0.216391328099031,0.976063313246273,0.018321292125032,-0.011812362723656
250,1670411529.327086687,40.879215611559907,69.468809034083151,39.393629789733517,0.190728444944159,0.981471669203441,0.013826184301387,-0.012035757884678
251,1670411529.426436186,40.716342695596353,69.509929516359890,39.403623636546669,0.177768580705020,0.983707529593436,0.014571260749264,-0.022483467158779
252,1670411529.526871443,40.549426128021977,69.548241688300678,39.430615244014113,0.175307640866570,0.984291739807229,0.014108723180978,-0.015425496143004
253,1670411529.626053095,40.394294929832569,69.579041530405092,39.446480240312120,0.160118887332274,0.987010061387356,0.008671023208558,-0.009894139483469
254,1670411529.727310658,40.242988235863422,69.604526150794200,39.422933709907660,0.154510516144713,0.987839348408045,0.014378765100334,-0.009652629261092
255,1670411529.827750444,40.095130071138961,69.627259372535406,39.393500302643886,0.182918500620414,0.982793880111197,0.017507794344082,-0.018721337664905
256,1670411529.928021908,39.945300087071409,69.647861013434920,39.398620623821444,0.207143130953279,0.977403444520717,0.016822050758655,-0.038616687405634
257,1670411530.028247356,39.786313752231173,69.673921485098376,39.417349785369751,0.214310581885240,0.975993317009235,0.015226842335795,-0.035723422537626
258,1670411530.127437115,39.626292643443563,69.706141918961492,39.432037756571475,0.215069832728740,0.976046670628729,0.013291532150016,-0.030019976310954
259,1670411530.228014946,39.461929269346491,69.742116999291895,39.406878030507528,0.199330093797625,0.979596558625087,0.003832768926754,-0.025365447342229
260,1670411530.320114613,39.310494063253238,69.773388853528516,39.378791196136220,0.176460000225717,0.983922078520510,0.000285481909544,-0.027552317875250
261,1670411530.419889450,39.142222687106084,69.802463640742403,39.384332125305875,0.155396064423726,0.987165373807494,0.002408820708497,-0.036753033887320
262,1670411530.521301985,38.963894861068660,69.830466850348060,39.409447505153985,0.144063254722785,0.989319230946902,0.004635989259833,-0.021719703517567
263,1670411530.624395609,38.788646681080060,69.853475295946211,39.418393673306170,0.121132515324733,0.992597621661772,0.005793558057751,-0.006581024808352
264,1670411530.725717545,38.624775927057954,69.868637376251655,39.388693942745398,0.125632915799020,0.991986633464240,0.013276450455891,-0.001620296087837
265,1670411530.825496674,38.468927285314308,69.880488002003972,39.359496752618966,0.150140274844394,0.988397795614445,0.020988632951755,-0.009336636491381
266,1670411530.926641464,38.305185032765117,69.897638901716832,39.365750850022607,0.160141126912202,0.986685455290896,0.019190889964760,-0.020936607438834
267,1670411531.026103020,38.139087135645596,69.923056486881208,39.390987572442192,0.172910443446550,0.984724159034995,0.014676823704821,-0.014314328691079
268,1670411531.126593351,37.974841999844173,69.955657478027547,39.396158201860182,0.183287790698277,0.982985235046135,0.006894563912043,-0.009903456502711
269,1670411531.226108789,37.813242097465668,69.984705231957818,39.362231361648199,0.161746410446570,0.986773943279467,-0.003809316755475,-0.010038559567873
270,1670411531.324297428,37.648559111685948,70.004764893647433,39.345542493728651,0.142642874748301,0.989553644876195,-0.004334443293433,-0.020440322823153
271,1670411531.423497438,37.465532397954526,70.018252499349316,39.369816194046145,0.137999410645160,0.990354312441247,0.004708034227334,-0.011503603971289
272,1670411531.523800135,37.284520248858882,70.030677944873872,39.394537337060569,0.134149262721069,0.990907965076558,0.008726409470268,0.005406462520562
273,1670411531.624113083,37.115418096944552,70.036755911827129,39.386135933732326,0.113070417268856,0.993379821584564,0.013361435777795,0.015267050835782
274,1670411531.726625919,36.955875283331565,70.037340990574066,39.351500839349754,0.136034565897618,0.990346203842592,0.024648428160917,0.010072159887984
275,1670411531.825672865,36.810400484469277,70.032880754400622,39.343633655736596,0.157027201881355,0.987117255325746,0.028433099726934,-0.011555991839552
276,1670411531.925439835,36.664833556185030,70.034323069485112,39.371043654677436,0.156722045176703,0.986803865398134,0.030166177124348,-0.027319105926727
277,1670411532.025185585,36.521458787968434,70.045390058789124,39.403886240085946,0.153704366538677,0.986922269827098,0.029278200950979,-0.038758069809353
278,1670411532.125163555,36.374007112219218,70.065476156984275,39.404538502715788,0.147575532661373,0.987041845989059,0.026178353745580,-0.057310995641277
279,1670411532.223654985,36.219128279988219,70.093974212984008,39.375537559185680,0.137689987949754,0.987941946417665,0.020656337383039,-0.067716271698831
280,1670411532.323692799,36.051869958579857,70.131480069386271,39.350994101223314,0.119119716786985,0.990628696933814,0.013923351654071,-0.065356087417468
281,1670411532.423188210,35.872640846964643,70.173854185831900,39.353971679245191,0.106704588828385,0.992944905169101,0.001070299602594,-0.051704936712573
282,1670411532.523993015,35.687128096706921,70.209312558695544,39.365570666545352,0.093274453393835,0.995246941823189,-0.011033410188486,-0.025722849672702
283,1670411532.624860048,35.509510381288877,70.233964905792462,39.340452993856978,0.095728866364577,0.995290572891639,-0.008430543660235,-0.012711632120972
284,1670411532.724106789,35.343613176881220,70.252294292196353,39.300091815238339,0.132447504188897,0.991125993912058,-0.001653533976670,-0.011143996202265
285,1670411532.824303627,35.171221800085625,70.272300611816661,39.308084943754920,0.132015850779034,0.991136452319025,0.000149529740448,-0.014843371193995
286,1670411532.923900604,34.998975855947627,70.300648858360134,39.334849425490340,0.140587625552000,0.990046468312745,0.000139187917364,-0.006564354487287
287,1670411533.023771763,34.835490359707890,70.336658731166125,39.335651477521587,0.169798112318132,0.985467434048158,-0.002651908725959,-0.003937621597718
288,1670411533.122536898,34.676425951911092,70.378254445435815,39.296237357383056,0.162216945069752,0.986674142503299,-0.010069325319488,-0.007642508438164
289,1670411533.222409725,34.512913885461614,70.422359858607692,39.273432849926202,0.135057749376791,0.990563279939114,-0.015093051905812,-0.017776179390074
290,1670411533.325610399,34.332023741740528,70.464385181575793,39.298113733667236,0.133835329012069,0.990729656595507,-0.016983490214275,-0.015950338884232
291,1670411533.425965309,34.158492188844711,70.493266085180110,39.332062221560363,0.128808426830130,0.991526483278481,-0.016722835554884,-0.001992211324160
292,1670411533.525170326,33.995868935900212,70.508138845722357,39.325056640214022,0.121262751145289,0.992596775356475,-0.006275081275148,0.002758639446060
293,1670411533.629090786,33.833650609503643,70.518750964433778,39.291415064582182,0.156540790295094,0.987612993845457,0.010020708866177,-0.003891112337233
294,1670411533.728184223,33.672846252417003,70.533199599457305,39.292188241632076,0.162284836220389,0.986483517240511,0.012171669184571,-0.019124659865588
295,1670411533.826639652,33.497443147430928,70.559263221898306,39.322040423057452,0.161050394999972,0.986824215223457,0.007354158945138,-0.013662169123906
296,1670411533.929462433,33.316523312831833,70.588955704114952,39.341698818105201,0.173179052016627,0.984884393121081,0.003147203936145,-0.001357658472371
297,1670411534.019392490,33.163168192583555,70.612382062065734,39.320492272971514,0.172637900627038,0.984975583016855,0.003507240637000,0.002637307492616
298,1670411534.118223667,32.995416027404481,70.634936426972004,39.289896412493889,0.145891779733779,0.989294510327011,0.003380774800609,-0.000728563447197
299,1670411534.217492104,32.822569635950003,70.656708996177130,39.298978125033820,0.130780173114825,0.991250501544418,0.010130152094058,-0.014709504632991
300,1670411534.319026947,32.637382093932374,70.683264367706485,39.323891061399230,0.116957036685104,0.993078497414120,0.008609420993310,-0.006482855367323
301,1670411534.419805050,32.459842684179101,70.707469347134747,39.339976480772236,0.089783500689574,0.995932197948229,0.005625215385099,0.005131963153260
302,1670411534.520589113,32.292711034150230,70.728174524841819,39.311819127590205,0.095777599698361,0.995317549194271,0.009683645492835,0.008709458760439
303,1670411534.621234894,32.131613363414523,70.746433855948737,39.283441140199940,0.116994118810019,0.993093321498601,0.008661928787965,0.001732613175589
304,1670411534.727611780,31.953711036004744,70.765345814030042,39.306422103331457,0.123828548794872,0.992270405933990,0.003458752402361,-0.007346362553693
305,1670411534.826967955,31.783762784052961,70.783978940094201,39.339311687265919,0.136245547948338,0.990653724342004,0.006291096042869,0.001664698817405
306,1670411534.927445650,31.617442739213729,70.805764383833761,39.342791401437765,0.160818277394910,0.986947920589131,0.007156701935933,0.004479432768194
307,1670411535.026346684,31.453886977321815,70.829843620470683,39.310287293020863,0.139802521313236,0.990176386832006,-0.001086003086879,0.002190568891981
308,1670411535.125326395,31.281137833119544,70.854823103886162,39.305325265079055,0.111800088671271,0.993710810032126,-0.003697838155017,-0.005088437026380
309,1670411535.225904703,31.091505394122642,70.877484443907278,39.334907354596801,0.109869064225803,0.993934779491689,-0.004600679249275,0.001129864328169
310,1670411535.326175928,30.910466544790793,70.892845545607884,39.359671332527277,0.087437226143330,0.996011261313899,-0.010031681357987,0.014685509503896
311,1670411535.426518917,30.742053263831060,70.896402471184700,39.345844936361907,0.065037029496508,0.997679329333038,-0.008760320487536,0.018149308548977
312,1670411535.527491093,30.581413364284959,70.891058535624325,39.313304328812933,0.089192460205167,0.995980478539896,0.003784094563883,0.007298769644348
313,1670411535.628204584,30.419390877950431,70.881653147589702,39.317424681410728,0.101971402011875,0.994651923913193,0.008614287107007,-0.013970593586347
314,1670411535.728239059,30.247119924025284,70.881497921632700,39.343635306555647,0.101809393876485,0.994669297292762,0.009432270426344,-0.013374177216941
315,1670411535.827855349,30.073783301399416,70.891602976772049,39.364708120112425,0.113199280839723,0.993521200492183,0.007833559839697,-0.006338953397740
316,1670411535.927704573,29.901023773214380,70.907509868214674,39.337345109165135,0.104638264079599,0.994485086365183,-0.004309950839081,-0.005627700365733
317,1670411536.029769659,29.724743194358485,70.919490061359980,39.305209779651314,0.077020107128295,0.996916573272950,-0.012213089394158,-0.008722928356693
318,1670411536.129549026,29.545592061197787,70.924958607476128,39.322213516055754,0.075127395168886,0.996961699042436,-0.010547878327001,-0.017663165071890
319,1670411536.222002029,29.375009696677928,70.927938728017509,39.345963175352516,0.063266406572367,0.997917465703492,-0.008158056119227,-0.009567631038810
320,1670411536.321507692,29.197142278685853,70.930044726921750,39.349476164684063,0.044247357813168,0.998990427776769,-0.007136805568336,-0.003059827318744
321,1670411536.421120644,29.024056647960908,70.931072262022155,39.311947153068751,0.051460408396197,0.998648728743340,-0.004109242960759,-0.005971354058883
322,1670411536.521369219,28.848841430431793,70.933262423250454,39.294419483192129,0.085852875373994,0.996172353390493,-0.003082570362330,-0.016137654427652
323,1670411536.620524168,28.666826317303300,70.938225671667752,39.315219754714548,0.089154571571785,0.995811459206392,-0.009028759389221,-0.018151627612393
324,1670411536.720587730,28.483236647588360,70.946338823280570,39.343515250895074,0.110260825090548,0.993848145461298,-0.007337289664299,-0.007387719125142
325,1670411536.820392370,28.306109591222807,70.955394241078636,39.335697938755473,0.116082583213653,0.993173071174589,-0.010292118046612,-0.005114379160205
326,1670411536.919507504,28.131296547257644,70.961126661295722,39.304528828547298,0.090739709467966,0.995721913475450,-0.014961852579562,-0.008962093385187
327,1670411537.019873857,27.949640378955742,70.959550559117019,39.313040845304890,0.073394885653392,0.997008621017472,-0.011399593373378,-0.021378719505304
328,1670411537.119971991,27.760265495830954,70.954332623099546,39.342337635038163,0.069511381550346,0.997516179313251,-0.002797509978443,-0.011036928067914
329,1670411537.221395254,27.576084849996327,70.947260667465571,39.358864740940035,0.046470414411282,0.998917083041066,0.001403193650955,-0.001786852190274
330,1670411537.321987152,27.405955830625441,70.939114849387735,39.326603462288588,0.043556712845370,0.999022384282304,0.006472301649432,-0.003898433065257
331,1670411537.422266722,27.240419465382836,70.928970236814180,39.302211534255250,0.072832916331433,0.997138444059964,0.012299502750834,-0.016093846911657
332,1670411537.521429777,27.066631627372949,70.915989432361442,39.321220040216296,0.072528961631809,0.996937013501570,0.014221261061200,-0.025571401389281
333,1670411537.622854233,26.883498771749604,70.907154332887487,39.349667470589146,0.094476407761452,0.995103853813334,0.023937754050990,-0.016416833840207
334,1670411537.723428249,26.706304434684078,70.906480812032726,39.347950123898606,0.112445287755318,0.993195066795137,0.025948599858032,-0.015693524805932
335,1670411537.821848869,26.536150202525658,70.912142849019673,39.311789648008642,0.084358518785613,0.996078950862009,0.019201309759615,-0.018484416719312
336,1670411537.920594454,26.363454508757620,70.919705404706690,39.306991238351060,0.056965300817348,0.997765066175204,0.012555366736149,-0.032591256332025
337,1670411538.020658731,26.174215900940073,70.922153627504642,39.333191023982543,0.052551884336571,0.998258027705956,0.006780898507823,-0.025946656599996
338,1670411538.120669603,25.985471666890895,70.918400312902634,39.356694136160876,0.021648241351028,0.999692800651977,0.004998528416313,-0.010985111956004
339,1670411538.221313238,25.805752627425530,70.908742510601982,39.336881946217240,0.006806008375732,0.999931299843497,0.007095289738909,-0.006382061328913
340,1670411538.321890354,25.636706319297705,70.894387908471003,39.302926430455202,0.047729447018277,0.998601171983798,0.017757824649033,-0.014221774279200
341,1670411538.422210693,25.464860673898759,70.878039204517208,39.314646738051799,0.060050642962425,0.997660036008402,0.018038300985135,-0.027257889299855
342,1670411538.522257805,25.284191701605504,70.869178788174111,39.345019721699749,0.061361202861060,0.997746663668774,0.018383171459675,-0.019961385932830
343,1670411538.621505022,25.105266895933379,70.869695146920478,39.355895020023183,0.085218873301869,0.996151693253859,0.016078458491497,-0.012689792479246
344,1670411538.720364571,24.927618013469893,70.873429657807236,39.324423959868049,0.076782744431670,0.996990402088988,0.005594091398129,-0.009124387179840
345,1670411538.819149256,24.748398021332608,70.875354213545805,39.303231058154481,0.044901327388009,0.998907176746662,-0.001566096178608,-0.012879067729006
346,1670411538.919554949,24.555148096703352,70.871579153465632,39.324560395216558,0.037839490697141,0.999222854553880,-0.004922031893171,-0.009880965692662
347,1670411539.019438505,24.368052907497479,70.860167918172294,39.350788806631222,0.018131977266891,0.999813615343382,-0.004229458441549,0.005106628602126
348,1670411539.120583773,24.191875913250836,70.841738973112527,39.344400078518703,0.004766887459199,0.999924705587907,-0.001600866095696,0.011193621694194
349,1670411539.221379042,24.025120785830680,70.823158221503974,39.311441512745489,0.024087740505356,0.999672095219657,0.007396366104698,0.004558131737151
350,1670411539.327145576,23.846799367567858,70.810784635790014,39.310167267618269,0.037739100256029,0.999215418179292,0.005896639219312,-0.010466041781126
351,1670411539.427314043,23.665861756331083,70.807581175106577,39.340617056413869,0.046760365780373,0.998890611397298,-0.000591301838563,-0.005537600252351
352,1670411539.525802374,23.492843288196738,70.807709044168405,39.358957417748208,0.068704787850848,0.997618758558086,-0.004602415723920,0.003909279843929
353,1670411539.624980927,23.325678383537308,70.807686444601572,39.333094522648835,0.072468388052671,0.997312451724983,-0.009672415641159,0.004759279673976
354,1670411539.723816156,23.159333685482594,70.803464964180407,39.308120379931744,0.049181426295153,0.998660724539326,-0.015801564325808,-0.002873175076575
355,1670411539.823097467,22.983726480299438,70.795002718143039,39.325530359157007,0.043120693936247,0.998884086347495,-0.012645205909142,-0.014535699628952
356,1670411539.923625708,22.802220391320279,70.782898680807719,39.352918169238400,0.029706847142331,0.999500015295130,-0.009492220519838,-0.005207725751294
357,1670411540.024706602,22.628300060948707,70.768766260720938,39.360078468343275,0.014542154397773,0.999859167669337,-0.008155887486415,0.001911039602251
358,1670411540.126690865,22.460129465523618,70.755520139211143,39.329710471633931,0.024376506257392,0.999685567176214,-0.005843591378365,-0.000636523414340
359,1670411540.227534294,22.295552728253096,70.746367245293683,39.315049314269110,0.044145424978498,0.998893365403768,-0.009898121957297,-0.012855084111802
360,1670411540.327117443,22.124129563433442,70.741793231184374,39.334143665373006,0.053636658458734,0.998169191239714,-0.021952085201411,-0.017305504458012
361,1670411540.429139614,21.945837885293507,70.738841640264141,39.361182292199850,0.080170991080523,0.996514623865848,-0.022389388702984,-0.005471003946447
362,1670411540.526002407,21.779659287077564,70.734659651659925,39.353528342070753,0.093177008260712,0.995304480873826,-0.026179492066198,-0.001292160680068
363,1670411540.624259233,21.609755922803206,70.724697961140578,39.321335700723118,0.074334861002324,0.996860117185302,-0.027216239746094,-0.001873899451788
364,1670411540.724714518,21.429901011330593,70.711824637803488,39.323973035899527,0.058626898998036,0.997905489094184,-0.024987059578426,-0.011098126111898
365,1670411540.823030233,21.246673426311443,70.696025991236382,39.351846070517404,0.047207087459702,0.998690617126448,-0.019620591641203,-0.001890645608136
366,1670411540.923601866,21.070109664240221,70.676496370269717,39.367745145835343,0.028116905403350,0.999374792990983,-0.019094102810401,0.009740534001506
367,1670411541.023005962,20.908067505390964,70.651619437409181,39.346855172462398,0.014871553559120,0.999776412837567,-0.010539962500947,0.010717761840228
368,1670411541.124284744,20.749502363543421,70.625027400125575,39.321140857126245,0.033961408131997,0.999408805844624,-0.005289366215735,-0.000827141433763
369,1670411541.225208521,20.582050948669632,70.598742904803089,39.334132913569739,0.027450434665124,0.999463796486625,-0.008593661474113,-0.015644236373379
370,1670411541.325218439,20.403004484900585,70.578008469845471,39.362029836107659,0.040108756334539,0.999128323523286,-0.010367673046557,-0.005137329505207
371,1670411541.425353289,20.227290039923538,70.557478420294913,39.375665780373957,0.048761922608840,0.998742759249457,-0.011467754574004,0.001914772911145
372,1670411541.523885965,20.062388837016066,70.529845627361766,39.346216085351060,0.030926367117471,0.999366035391636,-0.017477415622276,0.002372143689599
373,1670411541.623792887,19.898602671623777,70.491815824835243,39.332531668213143,0.003872689139569,0.999866355938644,-0.012087634494978,-0.010303476749170
374,1670411541.725476027,19.722796812211481,70.447450505209076,39.355142232366738,-0.004793018935388,0.999828848557600,-0.003925487433601,-0.017432472856042
375,1670411541.825817585,19.548715531637178,70.401856652123342,39.381982783034097,-0.032033361558494,0.999459617064443,0.001795788260678,-0.007149318092095
376,1670411541.927522421,19.379558797898106,70.354480015552980,39.372899626074648,-0.053453732832310,0.998561340532089,0.003671817625181,-0.002113148451251
377,1670411542.027909517,19.216668955784193,70.309346306727747,39.335314001928424,-0.033490478958466,0.999383119926336,0.009637772229885,-0.004345201017353
378,1670411542.127444744,19.052743214429441,70.262989552657615,39.331711772104597,-0.029306474733251,0.999470092798476,0.001780694497211,-0.014053229779017
379,1670411542.226322889,18.881268148915328,70.217282246914337,39.353366671584936,-0.027733703163638,0.999585569090197,-0.003979985972891,-0.006609953639347
380,1670411542.325706720,18.712211928322908,70.172121342055362,39.373403894353942,-0.023460566679581,0.999667957411008,-0.009754361256854,0.004292921295093
381,1670411542.425234318,18.549999082603243,70.124339262106332,39.350833511844108,-0.031426671212591,0.999324254572862,-0.017744884660425,0.006965459588463
382,1670411542.524413109,18.391573590789356,70.065298911735383,39.318383565299307,-0.061016026436829,0.997987636574728,-0.017132061075927,0.002052862669523
383,1670411542.624785185,18.223949478351205,69.998544176258207,39.330803081147927,-0.074009595305870,0.997162142955370,-0.010151860364457,-0.009337033279148
384,1670411542.724654198,18.053231615596506,69.931746165941348,39.355204653230302,-0.098692112311804,0.995097173916737,-0.006427530064820,-0.000410228745312
385,1670411542.825797081,17.889377727364501,69.866170301547584,39.361960922115124,-0.124324862615595,0.992162023329049,-0.008079841108682,0.009621027329763
386,1670411542.927053928,17.732154924648221,69.802094597732335,39.332962094903152,-0.119355955933930,0.992788554152011,-0.003673392895514,0.010561662392525
387,1670411543.027700663,17.577743036330656,69.739592947311323,39.311213677328659,-0.100141094808666,0.994959434719377,-0.005218318237108,0.000503535694570
388,1670411543.127132654,17.415854992631193,69.678434892586509,39.323176552579234,-0.089135337581352,0.995947520461768,-0.011455598587065,-0.003492469230741
389,1670411543.227393150,17.245677321440887,69.618379870604286,39.353615884775472,-0.075683814888481,0.997028431806510,-0.010822909133288,0.009440920043639
390,1670411543.325993061,17.081629877658173,69.561145565723265,39.350721889505579,-0.064715494141659,0.997653258259626,-0.015379843671844,0.016227800546672
391,1670411543.425354958,16.918911780252444,69.500550276855947,39.313422723101567,-0.087208431494577,0.995812420780631,-0.019369595096634,0.019419857905441
392,1670411543.525549412,16.750164247103523,69.435879809935884,39.311180064540380,-0.104085565526539,0.994318219397665,-0.018849262716870,0.011923880153175
393,1670411543.624653816,16.575218105849078,69.368824136886133,39.339016661151440,-0.113758645264448,0.993234762297501,-0.012989849356734,0.019363403758493
394,1670411543.724550486,16.411825377621458,69.304121172483448,39.359895389389635,-0.131312294035750,0.990854529533157,-0.012950667500716,0.028225218333630
395,1670411543.824852705,16.261951251668020,69.239268532882747,39.345053041074920,-0.136359558062877,0.990314990858910,-0.007167458573873,0.025118068050829
396,1670411543.926386118,16.110477117602962,69.178441348213667,39.318658535489668,-0.105324069061549,0.994336926599579,-0.003867929136234,0.013636568520630
397,1670411544.018107176,15.957771109000785,69.126682313069381,39.329345139382148,-0.098226839271855,0.995086436632038,-0.011515582179533,0.004675793481354
398,1670411544.117980480,15.778024987378734,69.076351781962501,39.357963933741637,-0.069611816103788,0.997320971384420,-0.012087625379391,0.018946356068011
399,1670411544.217469215,15.605623074156894,69.030925262569809,39.375108963139610,-0.055608481760590,0.997945403432292,-0.015341985079012,0.027879957289736
400,1670411544.316742420,15.445235324727726,68.986927241781729,39.349859713855317,-0.056873246659769,0.997824936670251,-0.020094027618978,0.026590592837212
401,1670411544.416182756,15.289118160459154,68.942253147247101,39.333620858587118,-0.074297475323832,0.996777345461649,-0.027204831196794,0.013217635737417
402,1670411544.516381502,15.124534881100470,68.894585801442986,39.357554291466514,-0.075471933105948,0.996793468222137,-0.026501805134818,0.002103175582793
403,1670411544.617485523,14.958691953389700,68.846881667176802,39.387086542813194,-0.085076137339910,0.996090070046656,-0.022296968973950,0.008334769603521
404,1670411544.717112064,14.803030650066948,68.802082685103940,39.388213654393418,-0.085780197043993,0.996086719313007,-0.018264457767503,0.010927716403890
405,1670411544.817981243,14.646769998949390,68.761409190657417,39.358887025836545,-0.049523537252951,0.998685557100866,-0.010953561556422,0.007388963751297
406,1670411544.917736292,14.486785147707554,68.726491463313522,39.351230730382809,-0.032059101836877,0.999345601658628,-0.016525464831600,-0.002737050797463
407,1670411545.017648697,14.318210672411036,68.694610142203160,39.372715750513912,-0.005114420416225,0.999782399364136,-0.020223664449719,0.000004660838048
408,1670411545.117568016,14.152471957569844,68.666008242321979,39.400272260590327,0.025287260816116,0.999494553430383,-0.017174209974649,0.008731472680142
409,1670411545.216957569,13.994039070080541,68.640971465868034,39.390226191555570,0.048005507723249,0.998596306573404,-0.020749015484380,0.008388449357246
410,1670411545.315646887,13.838154114110491,68.613862086730592,39.361219177900580,0.027939302287226,0.999346778458925,-0.022840823735068,0.001925757662247
411,1670411545.415573359,13.675711398602381,68.581597965516394,39.367230996332061,0.017940284300619,0.999471319116856,-0.023514171838773,-0.013502302942856
412,1670411545.515075684,13.505918880873976,68.545374339435526,39.393903925122217,0.006285467270995,0.999821664298132,-0.015740525440502,-0.008328767024962
413,1670411545.617424965,13.339886192591221,68.507488106660716,39.413942421550054,-0.006178838038230,0.999928304381542,-0.009558535615486,-0.003720544857958
414,1670411545.716981173,13.184939496139581,68.470658415566035,39.392648629044572,-0.010091521173277,0.999928487544235,-0.000912208156328,-0.006352076368192
415,1670411545.817973375,13.024187969283769,68.441765259166218,39.366955999606326,0.016538322853994,0.999765852504580,-0.000733747368144,-0.013935051408840
416,1670411545.918191195,12.853495325598718,68.418542045641416,39.381588306643884,0.023432342234333,0.999491638791204,-0.008109363469027,-0.020040647395075
417,1670411546.017553568,12.677091276567435,68.398793122597780,39.407797595238719,0.041412469264906,0.999094129397282,-0.008535313690696,-0.004803791572425
418,1670411546.116870880,12.505462115517584,68.382332714562992,39.418338474043850,0.067517665144841,0.997681516175260,-0.007073218850466,0.004788188667581
419,1670411546.216029167,12.340347756229573,68.366297659721710,39.387929184927792,0.059091363670572,0.998172470914661,-0.010341683742192,0.007278641703539
420,1670411546.315176964,12.176137104666420,68.352305387851118,39.375212581947693,0.043663668462472,0.998976710726887,-0.011777995289491,-0.000542502210841
421,1670411546.415327787,12.003327672068480,68.340271519396822,39.401135193814113,0.035811414815006,0.999256224616170,-0.013039758541087,-0.005874081372986
422,1670411546.515596867,11.833811514377327,68.327368715604891,39.427272790172090,0.016477819067568,0.999727235780583,-0.016477081826069,0.001562463371935
423,1670411546.616262436,11.672888300024820,68.311096902787838,39.425568523356773,0.007066147367025,0.999893383168678,-0.012315156300226,0.003410100025476
424,1670411546.719221354,11.511991054241477,68.294111247395364,39.396995868013022,0.039890441449198,0.999180030355786,-0.006549610353040,-0.002263232957906
425,1670411546.819198847,11.350789055195733,68.279238863981277,39.393216415793127,0.056045324378097,0.998295642938147,-0.008469916490049,-0.013892135210900
426,1670411546.918536186,11.180488207060648,68.267801956968810,39.416647337585452,0.069771822032030,0.997420646121945,-0.013947825493313,-0.009455458953469
427,1670411547.018081427,11.011542117570682,68.259312740988193,39.441164798551618,0.095194371615260,0.995399178829381,-0.010885233671853,0.000134485981872
428,1670411547.117214203,10.849071542197660,68.254429987718552,39.425758281447123,0.103985191203732,0.994493924477369,-0.012891066145836,0.001653663069646
429,1670411547.215500832,10.690705855469853,68.249133504476532,39.391116613089359,0.080238425487662,0.996627659760156,-0.017015664084522,-0.002360095764513
430,1670411547.314882994,10.528474068362444,68.243031766559739,39.395836652396603,0.070092259525334,0.997228059417604,-0.016990780796900,-0.018291692998335
431,1670411547.415241480,10.357542526018436,68.237089811264866,39.416230262396368,0.061441426081326,0.997911849447537,-0.013692455610017,-0.014470955485308
432,1670411547.515563488,10.191944027680204,68.233948902026796,39.430968153393998,0.050948944170995,0.998588393828612,-0.012323598210719,-0.008576346879291
433,1670411547.616067410,10.030944883743704,68.231918160360465,39.406827690791978,0.058171845782517,0.998220359374423,-0.009412596166721,-0.009140761568646
434,1670411547.716833353,9.869188024356909,68.233524322858273,39.378927101174035,0.085845404128170,0.996114193867640,-0.011720968338024,-0.015801843775693
435,1670411547.816566229,9.703250856493820,68.236514986315456,39.391212359776915,0.090512041560890,0.995376039922405,-0.020767910004700,-0.024552054800090
436,1670411547.916438818,9.531457858054823,68.242426540281329,39.415514848360559,0.112333182042850,0.993305594711727,-0.022762905168282,-0.014391034528805
437,1670411548.016414642,9.362731103191813,68.249234828946143,39.421926803188235,0.131489356870939,0.990968596593247,-0.024980009672165,-0.008233390094982
438,1670411548.115324020,9.198699709638147,68.251579104626899,39.389511431696661,0.123728304121004,0.991852538418616,-0.029105416434422,-0.008527808984027
439,1670411548.215153217,9.032824184944422,68.250705816350987,39.377325798406183,0.110899617077131,0.993337731122857,-0.024656094657576,-0.019326247853060
440,1670411548.315229893,8.857743849660174,68.249443956672252,39.400363614746013,0.100016785262980,0.994498798949013,-0.021065058592080,-0.022913857404223
441,1670411548.415572166,8.682828275789591,68.245193092640093,39.426912946307553,0.081843661779419,0.996356771083880,-0.018826569895326,-0.014844527874530
442,1670411548.516435862,8.512138743722444,68.237550333083291,39.422466969972312,0.071504511725376,0.997288319225391,-0.013465157533358,-0.011036424788520
443,1670411548.617931366,8.341359654205146,68.231383211052474,39.390261601935848,0.096168884502666,0.995284960834727,-0.005242075148430,-0.011485340128466
444,1670411548.718368292,8.164947656624333,68.229766823496774,39.385254992982389,0.109597930321150,0.993815571485630,-0.007976708061019,-0.015977348669914
445,1670411548.817949295,7.981113658206378,68.235715673064533,39.404201824354175,0.115233242291198,0.993240470549241,-0.013470744781270,-0.003634084371396
446,1670411548.917486191,7.802938943077920,68.245158672823436,39.425978083013028,0.135038942462420,0.990648601733548,-0.016371554411485,0.010573746173859
447,1670411549.016274214,7.637969254684402,68.250992845329776,39.408763063212120,0.134029761280807,0.990715586920715,-0.019967155982657,0.010952698540443
448,1670411549.115506411,7.479061892821673,68.249140777016351,39.376962827956881,0.111398368707219,0.993544323602168,-0.021447319738799,0.000304898840894
449,1670411549.215780258,7.312047176692749,68.242158122280188,39.390927096702974,0.099706414552695,0.994799081968926,-0.014923922508720,-0.014515300471635
450,1670411549.316035748,7.140100183090060,68.232320641382287,39.419789199177899,0.082453311125760,0.996477222427171,-0.008845872354663,-0.012503887815971
451,1670411549.416686058,6.973778188583702,68.222576350225751,39.426654645261152,0.069144921617815,0.997534437301481,-0.004429024817429,-0.011153920891351
452,1670411549.517990589,6.807077929998331,68.213927540451536,39.394305353093074,0.072748811467361,0.997277175354202,0.000635605873050,-0.012059931708108
453,1670411549.619095087,6.634962241572893,68.206770159238374,39.376288477718298,0.093640543841807,0.995410982673949,0.000780713920792,-0.019693009086164
454,1670411549.719274521,6.453754794061354,68.204025828316588,39.395171978346376,0.101050151675927,0.994740941582187,-0.007855903952836,-0.014751635825899
455,1670411549.818794250,6.274614625442443,68.203238849980991,39.424196757800459,0.109402477925134,0.993965302734096,-0.007988776382992,0.000504218663523
456,1670411549.918210745,6.104908002957164,68.201647723254638,39.417960990627201,0.118045486777286,0.992913698008327,-0.012895724091107,0.004620785550996
457,1670411550.016794205,5.942894650837863,68.194252378852141,39.384641251073653,0.093844207965532,0.995465216006948,-0.015563062730539,0.000243782707549
458,1670411550.117201567,5.775976076266152,68.183983961670961,39.391721333507242,0.089052927105146,0.995859892448146,-0.011620104753327,-0.014057878669804
459,1670411550.216307878,5.603197779128120,68.172626143285314,39.422026129261944,0.074991821204358,0.997083222991084,-0.008579144726962,-0.011299179524192
460,1670411550.315985918,5.436550765541059,68.161658737489617,39.440502070555844,0.066748411419143,0.997726432164788,-0.007215401703448,-0.005878274491760
461,1670411550.416318893,5.271924000780712,68.149381347625535,39.420062315069444,0.068991185803261,0.997603022653167,-0.002755850082057,-0.004564073295903
462,1670411550.517384768,5.103511524608055,68.136997718188056,39.394945956190256,0.095038511120886,0.995436117867878,-0.003201348872014,-0.008022967870668
463,1670411550.617628336,4.931360256984624,68.127514477058824,39.402500169135237,0.109628924164516,0.993862694044546,-0.007095313283639,-0.012965373209226
464,1670411550.718141556,4.754212836090479,68.122552422419020,39.424085908840802,0.121236086150561,0.992568989763320,-0.010421093308294,-0.000113090127913
465,1670411550.816628456,4.585099315805608,68.118096146505479,39.428258483108429,0.136696006452406,0.990511814826480,-0.012149072960491,0.007276436993324
466,1670411550.915839434,4.420092808358771,68.110837401827069,39.393081020122693,0.127874783513833,0.991660421545056,-0.014599092822737,0.006671924094722
467,1670411551.015421629,4.253673156762746,68.102284627814029,39.373718223057359,0.107646629771286,0.994032152071582,-0.017082007638893,-0.004526451352709
468,1670411551.115600109,4.075629171719840,68.097094491902808,39.390450846635090,0.089268494890525,0.995813866531082,-0.016378806762376,-0.010844986557723
469,1670411551.215803862,3.894398514030424,68.093172561900218,39.414760556082953,0.065098914050711,0.997737222913782,-0.016789692681270,0.000819525095008
470,1670411551.316540718,3.718910159028294,68.089012002645504,39.414444457367857,0.064031398399397,0.997844596268834,-0.012008366220355,0.007870251382463
471,1670411551.417842388,3.550604582874873,68.085552198034435,39.384285467136550,0.096147544899708,0.995346845317169,-0.004407851018355,0.004569242422842
472,1670411551.517596960,3.383996207398274,68.084875558282448,39.384555019910621,0.100312680772534,0.994892999019382,-0.008803525267824,-0.006912634903337
473,1670411551.617280483,3.212478993922662,68.089445292888570,39.415128323822252,0.111877021485711,0.993669047194864,-0.009796861264824,-0.003062387907345
474,1670411551.716987133,3.047767731813865,68.098218316599727,39.435653982744860,0.127870199579463,0.991731872689980,-0.010821294549481,-0.000065837727508
475,1670411551.815886736,2.887812961030783,68.109317848382673,39.411735135325955,0.128381056781918,0.991638535842993,-0.012845722434339,-0.002511156280274
476,1670411551.915062666,2.724937689208982,68.119479924570868,39.386374745986977,0.110587497820618,0.993624585236904,-0.016810894341358,-0.014070635025060
477,1670411552.014900684,2.551997964844990,68.126590714948478,39.399762631237550,0.098993491568294,0.994664789513338,-0.015962242338634,-0.024237408050948
478,1670411552.115423203,2.374162012601134,68.130516534413118,39.429493238616175,0.087301506123759,0.996007717098786,-0.010442537138048,-0.015428153690824
479,1670411552.215764761,2.202721409953760,68.130846547394000,39.435689186318555,0.072411291293437,0.997299315721483,-0.007101045026922,-0.010012737597896
480,1670411552.317009211,2.033805332558947,68.130810622046710,39.400634145477731,0.089756467047193,0.995907587080860,0.000493007703757,-0.010564637305135
481,1670411552.418347359,1.862617375467203,68.131095207990910,39.380417303701186,0.112579613318680,0.993489260469716,0.002216397931815,-0.017320726790779
482,1670411552.518202782,1.682954946432771,68.133774876445074,39.399357088934259,0.120941526698089,0.992553160185114,-0.000368844119554,-0.014533935478512
483,1670411552.618022919,1.502943155931347,68.139627444952055,39.427546873001923,0.138207723802989,0.990401330728568,0.001841838580739,-0.000660910674834
484,1670411552.717614174,1.331105246232073,68.148933111757117,39.419174414189591,0.142141559850083,0.989831552083266,-0.002648346768447,0.004718233060413
485,1670411552.816582680,1.165929550697671,68.156214977718051,39.382755469289620,0.112962981319723,0.993561267996420,-0.008596514516305,0.001213065075706
486,1670411552.916202307,0.997849713632821,68.159674768006838,39.381937370646959,0.095941253401726,0.995264965896261,-0.006829656040813,-0.014009973361281
487,1670411553.015779734,0.821199496222851,68.158721153632627,39.404542736489937,0.073963995077996,0.997174731524008,-0.006723845639522,-0.011254871920183
488,1670411553.115706682,0.649530185039820,68.150677983855061,39.426384306702104,0.054475904966506,0.998505612600285,-0.003908792714498,-0.001907543793882
489,1670411553.215531349,0.486296298648504,68.137604250262513,39.406457084148947,0.052243631683847,0.998595339346656,0.008827734934960,-0.000149263320400
490,1670411553.316523790,0.322648412038439,68.130606092159553,39.375359817693450,0.083381190862203,0.996370627406901,0.015622310966312,-0.007006657637706
491,1670411553.416403532,0.153717991775047,68.131049061330415,39.384687277949794,0.078872613704629,0.996737707894393,0.004784968760330,-0.016436439480482
492,1670411553.516410351,-0.021185948945938,68.134733260469886,39.410525335468478,0.085075626007751,0.996350641511843,-0.000649647948416,-0.006864034955524
493,1670411553.615870237,-0.189206401474020,68.140678681525330,39.425942481461405,0.103039246739326,0.994672011069515,-0.001516317949767,-0.002864403287689
494,1670411553.714903355,-0.353815375371047,68.147553400393662,39.396256368441783,0.091577169164797,0.995760050869379,-0.007788597332560,-0.003857581102905
495,1670411553.814121246,-0.523557709483352,68.150147180574564,39.374110546472501,0.067652410305495,0.997603837910836,-0.009614825363366,-0.010830009171681
496,1670411553.914543867,-0.707522255466285,68.151180475917457,39.395587562400294,0.070166022755752,0.997459873440319,-0.004867670602882,-0.011262144998362
497,1670411554.015380621,-0.890156836049086,68.150569217078541,39.418818841434856,0.063818183237943,0.997954306139289,-0.003654138333379,0.001043848311974
498,1670411554.116553783,-1.063538154478148,68.147154694099328,39.413970247522009,0.060865665057842,0.998102271848859,0.001704143258969,0.009182681687020
499,1670411554.218087435,-1.231827608146740,68.142995093904261,39.383258198573017,0.085791021288937,0.996273938086668,0.005437684029105,0.006969400826695
500,1670411554.317883730,-1.397085070570851,68.140239916535307,39.376887553921208,0.094684661928169,0.995495074585617,0.000229325896095,-0.004931397465102
501,1670411554.418130875,-1.569554359981544,68.140770291818754,39.399513237702017,0.092589606670686,0.995658175039263,-0.009359167327315,-0.002090263378651
502,1670411554.517246246,-1.736980603909804,68.144470811335509,39.424661839282152,0.116640912695788,0.993150906595805,-0.005084395948078,0.004508118373162
503,1670411554.616763830,-1.900513843323014,68.152494160091109,39.409248719974002,0.125031885870402,0.992109288981405,-0.008917637634676,0.002581079525627
504,1670411554.715404272,-2.062750504170350,68.160639197738163,39.375784373208880,0.107695644679799,0.994119165900925,-0.010827078761478,-0.003392118946041
505,1670411554.815466404,-2.233636426470227,68.167766572963217,39.384423309445282,0.110320860447527,0.993721540268211,-0.010134500574376,-0.015623701712448
506,1670411554.915563583,-2.409499685790054,68.170449517968279,39.412515603161509,0.098075885893078,0.995078549507856,-0.009375888372540,-0.010577978675329
507,1670411555.016440630,-2.581580475639540,68.167409832540798,39.425083014835096,0.074124019463193,0.997176821143978,-0.010604243190230,-0.005618464040484
508,1670411555.116561890,-2.747959894754946,68.162983520355183,39.400619697802533,0.075671146791173,0.997105102438360,-0.005075050714145,-0.005434712038853
509,1670411555.217479944,-2.916151929091674,68.162705621785989,39.380605741464635,0.094506338277062,0.995421964603287,-0.006383987494455,-0.012763585486255
510,1670411555.317126989,-3.090579834990597,68.170759667513067,39.395527034944294,0.101144928025175,0.994694836093550,-0.014782918720435,-0.011547809217026
511,1670411555.417078972,-3.265425944122841,68.184732768415117,39.420543163811097,0.120935568515228,0.992532483363865,-0.015929064576785,0.000350195896197
512,1670411555.516562700,-3.433565206379631,68.199990701130602,39.411375518492534,0.131750141407730,0.991071677376484,-0.020026183675391,0.004216931183262
513,1670411555.615862131,-3.599725257470564,68.211339907989284,39.377959722061192,0.116333920397344,0.992908032721626,-0.024490116521224,0.000540106130506
514,1670411555.714692116,-3.767972265767699,68.220804645771381,39.376374102368430,0.111569883076037,0.993445472940015,-0.021275792733992,-0.012868338234970
515,1670411555.814817429,-3.943050357194854,68.230165877682751,39.403392607366364,0.100805642776495,0.994638740867001,-0.021086166019545,-0.009347253795720
516,1670411555.915446758,-4.110126008196612,68.236815837877145,39.425095724674009,0.087378417132053,0.995971570232775,-0.019602038250224,-0.004626402921690
517,1670411556.016639471,-4.272398051774345,68.241118286090085,39.407088397847630,0.090971136770398,0.995735486157074,-0.013980371465932,-0.006296276352903
518,1670411556.116778612,-4.433532020215394,68.251135643647558,39.383989734556636,0.115075110980464,0.993163153410676,-0.011940555613386,-0.015559327486767
519,1670411556.217477798,-4.602079685980944,68.266422763206535,39.399630881508749,0.124994320439845,0.991704380141960,-0.018327662941696,-0.023726336340194
520,1670411556.318008184,-4.772021277549944,68.284711011555459,39.429601933218564,0.150314713955536,0.988369075068618,-0.017056512232051,-0.015528477290076
521,1670411556.417817593,-4.935049730323757,68.305121316471514,39.436672001548047,0.160824786172914,0.986704826460402,-0.019879289155176,-0.012401107001775
522,1670411556.517003536,-5.095293225717774,68.322901961507014,39.407141965494226,0.149057781635291,0.988445234781883,-0.023049698530247,-0.015050148458351
523,1670411556.616280317,-5.260170394704149,68.336276944831695,39.401320090117430,0.133122187859390,0.990505726556819,-0.020575279748064,-0.027450803648822
524,1670411556.715766191,-5.432824029895166,68.350241722725556,39.424502503098921,0.130122486243851,0.990958562523723,-0.015399030297083,-0.028846764126053
525,1670411556.815278053,-5.601765899334252,68.363740230892034,39.450057146872552,0.108807287470143,0.993748287894978,-0.013733399360017,-0.020897565437334
526,1670411556.915818930,-5.768162826353779,68.375934919837235,39.442008229652593,0.099562292243904,0.994894100894697,-0.006141683370526,-0.015341371954566
527,1670411557.017164230,-5.935738029141841,68.392259514533635,39.409088659289964,0.132828861853385,0.991021094306489,-0.002541128646491,-0.015074042706107
528,1670411557.117963076,-6.107773726264615,68.412844713830154,39.413609444525946,0.142666803650991,0.989558730273128,-0.003699301892935,-0.020149879447518
529,1670411557.217221260,-6.280171764581330,68.438154877971144,39.437114081996214,0.168457880312602,0.985608975354418,-0.005454628646603,-0.012928158713692
530,1670411557.316940546,-6.445404882371510,68.465998434983618,39.456222814640846,0.185744896943076,0.982544714085544,-0.007260624171487,-0.007211200926582
531,1670411557.416558504,-6.603565256079312,68.493542306785756,39.434498449529748,0.186964310722004,0.982235744776123,-0.011990432191081,-0.010654470245450
532,1670411557.515617132,-6.761797401759861,68.518984433115477,39.409618342621876,0.167593591162596,0.985532885746398,-0.013334992114705,-0.021435888106232
533,1670411557.615205765,-6.930505308646030,68.544327261759435,39.425562311631488,0.154648954015623,0.987254081703906,-0.012300462477108,-0.035521511844225
534,1670411557.714795828,-7.106813973793261,68.566988274680725,39.453454426714657,0.133592630027617,0.990566433319244,-0.013927058854782,-0.027151195464516
535,1670411557.815874100,-7.279356052667927,68.582382236819853,39.462908399235921,0.121994149981206,0.992287243347089,-0.008087885641657,-0.020446030589006
536,1670411557.917124748,-7.445227730174314,68.595447228709318,39.434853507171226,0.144561045186128,0.989287256662800,0.001966202021761,-0.020222810608180
537,1670411558.018026114,-7.608405169520497,68.612749310181357,39.418215674671089,0.165516396299770,0.985752452004374,0.001785886983662,-0.029887062936710
538,1670411558.118095875,-7.771849495868390,68.637808675064761,39.434455809157299,0.177192768515762,0.983505803635547,-0.004570871021717,-0.036030044948886
539,1670411558.218058825,-7.934766674594931,68.667646739028541,39.459890261350203,0.202302426633048,0.978934441328743,-0.006234359183460,-0.026874160904729
540,1670411558.317357302,-8.094581458056229,68.697544286656282,39.456681558418573,0.211939442238183,0.976899039404353,-0.012634847465761,-0.024296095656246
541,1670411558.416086435,-8.256798623988749,68.722746304972574,39.424693821520059,0.192911258944776,0.980763165646460,-0.016548946026979,-0.024799021530557
542,1670411558.515169382,-8.424897622166236,68.746176827441431,39.421313435853655,0.176507494614965,0.983551489133015,-0.017413057619431,-0.034181252073590
543,1670411558.614775658,-8.603432185193350,68.772833656721147,39.442045093576539,0.154407559119340,0.987363658382082,-0.021689133540071,-0.028300057940581
544,1670411558.715183973,-8.781349833437863,68.795985376360719,39.462250395894905,0.130316856116541,0.990998855431926,-0.026527110846767,-0.015332903659669
545,1670411558.815773487,-8.954185394107617,68.812681276501962,39.448357637912423,0.129207377569215,0.991349090436506,-0.021879903049555,-0.007328322791851
546,1670411558.917623043,-9.124472778658433,68.828309352348739,39.419482877576876,0.161822961179790,0.986659348677931,-0.015313699515746,-0.009063636609354
547,1670411559.017761230,-9.292939683865379,68.847355605304884,39.425544268154184,0.174266451004122,0.984405552299259,-0.015046229459807,-0.018722276460440
548,1670411559.117464542,-9.463686493641589,68.873484476103911,39.449614669282731,0.202669319695959,0.979103962535992,-0.012899409847573,-0.010685627070042
549,1670411559.217048407,-9.626095342935526,68.903541897934204,39.464945675576743,0.241687890426845,0.970271423899232,-0.009780386885628,-0.008041866571053
550,1670411559.315992355,-9.781918260584222,68.936020782883745,39.434413369350636,0.240277890247559,0.970578657512076,-0.010190758494181,-0.011821737670550
551,1670411559.414431095,-9.940828654431625,68.970014557621880,39.413196400051248,0.215120251005821,0.976215906268353,-0.013993277417710,-0.023021080403862
552,1670411559.514173031,-10.112652082324592,69.007016647148035,39.432913830399919,0.199707219690670,0.979211162166880,-0.016161223043444,-0.031643975112961
553,1670411559.614013910,-10.289872693674578,69.042007474526315,39.457808017525160,0.171594846206750,0.984734435744929,-0.021096308296800,-0.020205088211753
554,1670411559.714896202,-10.465072738764059,69.071891503012679,39.459096767307557,0.156439770439466,0.987454058799181,-0.017660771128993,-0.012213809765985
555,1670411559.816226959,-10.634976655744977,69.099144267670496,39.427470482544585,0.186353357378160,0.982380479130627,-0.009214468522226,-0.010775620020250
556,1670411559.916792631,-10.803624128258676,69.128318625980398,39.419579033759724,0.199605272733282,0.979663878725327,-0.004123572714947,-0.019985393816082
557,1670411560.016544104,-10.977776474751945,69.167806732626033,39.440226989787831,0.219623354204406,0.975467050305852,-0.004433926458763,-0.014489870660752
558,1670411560.116442680,-11.149607841453147,69.213410487982173,39.463605670481655,0.244425470222314,0.969656227687167,-0.003820959720700,-0.002896529113638
559,1670411560.215236902,-11.312793100710101,69.260133923113287,39.444685842473859,0.247165471738230,0.968926361108857,-0.009512707047572,-0.000666883343923
560,1670411560.314045668,-11.475143600484456,69.304935523849053,39.413223405212818,0.220457643188718,0.975289045141040,-0.013504158134369,-0.005229120445820
561,1670411560.414157629,-11.646444242252555,69.350685747036181,39.422815724384392,0.206161423893750,0.978261575642804,-0.014195240966900,-0.017327782687113
562,1670411560.514311552,-11.824028099191011,69.397324483943763,39.446191427120006,0.195242723569891,0.980596966042155,-0.014941704934114,-0.009306693053631
563,1670411560.614859343,-11.994114070079792,69.440493531421666,39.455007082448709,0.181325417315221,0.983150797494263,-0.022803440772951,-0.003950381091667
564,1670411560.715655804,-12.161028930205205,69.477312944778362,39.428995900394625,0.187491555520912,0.982047576419666,-0.020412908859609,-0.003575948615211
565,1670411560.816721916,-12.331104041578254,69.511530588644902,39.413471556777360,0.209015920252988,0.977674172596456,-0.017305749066414,-0.012886751642006
566,1670411560.916255236,-12.505809999502580,69.552009760822258,39.434286691354195,0.223894923557226,0.974298811265188,-0.020732043705622,-0.013530407840661
567,1670411561.016080856,-12.679294167288935,69.596504759464352,39.464359752292310,0.239243648073594,0.970717362832513,-0.021357214530028,-0.003761348089158
568,1670411561.115556955,-12.844390539645035,69.640279122156301,39.458729040062408,0.251243847070340,0.967655314863912,-0.022542535445211,-0.003399267659305
569,1670411561.215153456,-13.008198781925870,69.682017520015137,39.428263876421106,0.236440893974502,0.971284254440970,-0.024235494776758,-0.010735060526795
570,1670411561.314893007,-13.180552702495941,69.724619642042867,39.433516443723420,0.219288583582916,0.975095792815127,-0.022705669975464,-0.024190173529831
571,1670411561.415309906,-13.365880482785688,69.767562424207568,39.464402539543109,0.208765101149737,0.977617844498915,-0.021816156066272,-0.014301678003909
572,1670411561.517106771,-13.547677230132173,69.803894223977778,39.481884849704620,0.190930448687001,0.981305379940984,-0.023807962014511,-0.004300698522086
573,1670411561.617369175,-13.722568431556397,69.832317350691795,39.455450189456577,0.191431952607089,0.981372370568688,-0.016174600291836,0.000678314698502
574,1670411561.717671633,-13.896603072603421,69.858548374898064,39.434479264906322,0.212728029820547,0.977051602778266,-0.010049815364146,-0.003994001531801
575,1670411561.817524672,-14.071373737928432,69.886745395419126,39.453009721631965,0.221091394177508,0.975098180837701,-0.010521597040846,-0.013835792111830
576,1670411561.916790247,-14.245855329240479,69.920255438669898,39.482637376998646,0.229362691686855,0.973302982918250,-0.005890882974403,-0.006273484070263
577,1670411562.015474081,-14.412521984423877,69.958265556586042,39.488093066657704,0.232803061348590,0.972465721856334,-0.007537737691381,-0.007505794538851
578,1670411562.114351511,-14.576416002740864,69.999633423684259,39.454822811462535,0.219170547362361,0.975472835528381,-0.014642037142698,-0.014234783574556
579,1670411562.213436127,-14.745045062149917,70.039651790374933,39.450536045522348,0.194714833891965,0.980386618301859,-0.013208799422804,-0.027454320878089
580,1670411562.313838720,-14.926181893210634,70.077792026792636,39.477000591117857,0.186573552860857,0.982030382867724,-0.009713467646489,-0.026688668828344
581,1670411562.413889647,-15.103861755940022,70.111284469701502,39.503179734366178,0.164385761801372,0.986188215651284,-0.011197696529027,-0.016874128717127
582,1670411562.514805555,-15.277670525820414,70.142876821407157,39.487412779549068,0.154815974951477,0.987854392259231,-0.005326675981953,-0.012138373735895
583,1670411562.616677523,-15.449454546909120,70.182641394337111,39.454944127785531,0.189240239592288,0.981849792964779,-0.001963309623395,-0.012460384801300
584,1670411562.717072725,-15.616958898909731,70.223771142293742,39.463778479582885,0.196596711673824,0.980105032374903,-0.008948715082900,-0.025763908298147
585,1670411562.817145586,-15.785414031298995,70.265780803084226,39.487795934445998,0.226618969530949,0.973764833145475,-0.008453832683639,-0.018826180994900
586,1670411562.917293072,-15.948963781721384,70.309376363795806,39.506540379159034,0.254543155083426,0.966886165282380,-0.008212837893506,-0.016476494755970
587,1670411563.016111135,-16.106586579528685,70.354364871919060,39.478257133888057,0.251876220748406,0.967494345634627,-0.010639469537764,-0.019996556565571
588,1670411563.114999056,-16.266403322781208,70.402251914874157,39.457398717424773,0.230235657512406,0.972599011609707,-0.013229697566794,-0.029456403852841
589,1670411563.214462280,-16.436662859736938,70.453616747852990,39.475056319809177,0.212544012370905,0.976320895307563,-0.015532986360381,-0.037165555637503
590,1670411563.314386368,-16.614515563154406,70.502725595601930,39.500219991277298,0.192613667733085,0.980781999333909,-0.019448978529190,-0.024256587129267
591,1670411563.415555716,-16.791214228844353,70.546144957090860,39.501115344738764,0.183344933643618,0.982821664633621,-0.014535825464660,-0.015327120149450
592,1670411563.516563892,-16.963476370509309,70.587662308453844,39.465780411156025,0.209625239359759,0.977700039502211,-0.006425544696632,-0.010890553525473
593,1670411563.617310524,-17.136767947030862,70.631236187025408,39.453851266418340,0.229703705008734,0.973107280135111,-0.003207306273473,-0.016974758901809
594,1670411563.716564894,-17.314620446305746,70.676331920850402,39.467838279900370,0.240438109999580,0.970570736293470,-0.002617285356537,-0.013232948573321
595,1670411563.816317081,-17.492517603796220,70.724153894695419,39.495783240818731,0.269630121823218,0.962950793214382,0.005017259374445,-0.000440864784544
596,1670411563.915523291,-17.663656123739912,70.773841480547574,39.485053271164475,0.256638262601866,0.966504758011215,-0.000775035475105,0.002180419774208
597,1670411564.013605356,-17.831345716475710,70.820698695715450,39.453370777917669,0.226075994351967,0.974095101209086,-0.005096051726499,-0.001552042213260
598,1670411564.114180326,-18.008059021548402,70.867850838518493,39.462064248835944,0.216909512436154,0.976089049158887,-0.007786199499637,-0.011823985121840
599,1670411564.213912487,-18.189019001427820,70.910285165465453,39.488207477494079,0.187433086367605,0.982201785974946,-0.012071032555269,-0.001667313824954
600,1670411564.314852476,-18.366100851286895,70.946844967449493,39.495035575150631,0.166901873676927,0.985847343534354,-0.014215475734943,0.006833744143396
601,1670411564.415254354,-18.538803796437900,70.980271889820230,39.464637684953161,0.172427912649512,0.984898206312948,-0.011978293926647,0.010032876729923
602,1670411564.516345024,-18.711106711987114,71.010789233277279,39.446219627028064,0.195592307357638,0.980637806399225,-0.009513170132754,0.001625286761136
603,1670411564.616459370,-18.885355492424381,71.046005694526784,39.464421909623752,0.215467020151427,0.976414576637016,-0.013709970931005,-0.000757928025313
604,1670411564.716003895,-19.058561320922646,71.084926861300701,39.493754500599294,0.230065160551596,0.973065199755977,-0.011051952338740,0.009591312409240
605,1670411564.816046238,-19.224120489899263,71.124416760545060,39.490054745374479,0.247754482224063,0.968715616815800,-0.011127104916420,0.009162849515791
606,1670411564.915806532,-19.384975702612103,71.164729066191043,39.457713406831537,0.230313350540517,0.973005118079364,-0.014718427788642,0.000410655078608
607,1670411565.013913393,-19.545460328955567,71.209287836069720,39.457374642596825,0.213058955249860,0.976827012572606,-0.013652687846596,-0.015115330326496
608,1670411565.114197493,-19.719340961239492,71.258746104397986,39.480446807553342,0.202020881861607,0.979184699595399,-0.015836254024885,-0.011580173944591
609,1670411565.214342594,-19.888109894053827,71.307609180803553,39.503214983780907,0.191433406061069,0.981363745314765,-0.016318773526674,-0.003485406177284
610,1670411565.314363480,-20.051322751149307,71.353167259960301,39.484001663047437,0.192277120169242,0.981286550251376,-0.010154451272460,-0.001761384265842
611,1670411565.416169643,-20.216921523808587,71.401715576246673,39.452002417309238,0.230166590388235,0.973131724636649,-0.004253125974226,-0.004460727990177
612,1670411565.516307831,-20.386570480933091,71.450367943102165,39.457976256390012,0.242488865207781,0.970074224347752,-0.002958509679691,-0.012099451509244
613,1670411565.615991592,-20.562157805284059,71.505162285345193,39.481066533178996,0.266005734557507,0.963965834401118,0.000865643840018,0.003173318549824
614,1670411565.716141462,-20.732905282432572,71.565577980073854,39.492665882552942,0.283688225905727,0.958855706277312,-0.000849990408268,0.010770447446818
615,1670411565.815076351,-20.894185472562949,71.626830256899780,39.461397517262263,0.267592722369514,0.963448780982341,-0.006024159937311,0.011148580876657
616,1670411565.913779974,-21.055413307970106,71.687272234846958,39.444220800935057,0.247312151929977,0.968867463386007,-0.011483098997980,-0.000822397185470
617,1670411566.014174700,-21.234110245587619,71.749223795858853,39.472098066861541,0.236057976217263,0.971699178837526,-0.008461830774634,0.002394813276422
618,1670411566.114623547,-21.407865927205446,71.804672834372724,39.499966425189754,0.227025474217122,0.973786976465354,-0.005773464861224,0.012846230048233
619,1670411566.214039087,-21.570772290928442,71.855116033747990,39.489918211563108,0.221760601502457,0.974951959076816,-0.000044317468649,0.017056117656401
620,1670411566.315743923,-21.731797338297163,71.910659833863633,39.455147332004501,0.240764352603737,0.970534109526865,0.003279288281373,0.009236613479278
621,1670411566.416305780,-21.894289060407580,71.971892186014458,39.451016023010773,0.250370927092492,0.968138852385084,0.001471987076809,-0.004403932718009
622,1670411566.516552210,-22.064355668666860,72.042510371841630,39.476514781578999,0.260768614104577,0.965372953048118,-0.006922234231903,0.002621849418434
623,1670411566.616127491,-22.230051270241788,72.112228501100972,39.494841594810971,0.273456353776166,0.961768849355601,-0.011000485063987,0.010064408427922
624,1670411566.715782404,-22.390742173807556,72.179015569190895,39.464583890087575,0.274164050939643,0.961526464954787,-0.014815391141770,0.009024109331794
625,1670411566.814789295,-22.550319502011671,72.244948209039606,39.436450242846938,0.252820243481590,0.967350035187279,-0.017762458047691,0.000573579273755
626,1670411566.915514231,-22.716882206744664,72.314827901578852,39.449982521720884,0.241091972294402,0.970317621126477,-0.014429555983223,-0.012254098937745
627,1670411567.015053034,-22.885078988782322,72.382620094579366,39.476349823539799,0.228217225912496,0.973497785897877,-0.014484359845976,-0.003026874392383
628,1670411567.115227222,-23.048751236721007,72.444811786240393,39.483193638460307,0.217898718330703,0.975896365787996,-0.011944409244220,0.001939814276062
629,1670411567.216436386,-23.208041322920320,72.507066231196390,39.449090651241441,0.241616666482301,0.970361297809410,-0.004334155620082,0.001246309222485
630,1670411567.317097425,-23.363972259582109,72.575259361803290,39.429144138694305,0.264421438269220,0.964330263277555,-0.006214320098992,-0.010479911086730
631,1670411567.416347980,-23.522514393399582,72.653137860799433,39.445458952942673,0.275732341984165,0.961073021221541,-0.013181573971655,-0.011686298458279
632,1670411567.516667128,-23.679869196395646,72.735376530932612,39.474080124766161,0.302284738666366,0.953047026718800,-0.017825103889285,-0.002750873170163
633,1670411567.616193056,-23.828141069123436,72.813678523188244,39.470035660381008,0.309534286345573,0.950584531632740,-0.023910385196031,-0.002422246246516
634,1670411567.714680195,-23.971628609965226,72.882152593816130,39.435747114597326,0.288820322826801,0.956947857707950,-0.026125374862751,-0.012291604397657
635,1670411567.815475941,-24.121378368311468,72.947530436401038,39.434125453551118,0.275844138390964,0.960479854760892,-0.020720404648367,-0.030969739182798
636,1670411567.914501190,-24.275289935246004,73.012851374419384,39.464942404900199,0.277106468913764,0.960266024596870,-0.013811314787852,-0.030173075330496
637,1670411568.015064478,-24.422657746777531,73.075636114687200,39.497042786465244,0.269869199874307,0.962293965856979,-0.009508833433711,-0.032718806842232
638,1670411568.115521908,-24.564560421264083,73.135919482082869,39.498118031958604,0.271024194034538,0.961196817767026,-0.005415240534538,-0.051158957499387
639,1670411568.216803789,-24.711962341494662,73.202698500298794,39.468968598320970,0.290801089726448,0.954814467992344,-0.002785911361188,-0.061288633728412
640,1670411568.316048861,-24.868210097191778,73.277173934480061,39.450656520379276,0.278060209482312,0.958917392198739,-0.008320144759949,-0.055594334536858
641,1670411568.415069580,-25.034732061735113,73.363299632625370,39.463903286285067,0.287092146040165,0.957305463628155,-0.015358246011480,-0.030140890318413
642,1670411568.515991449,-25.201681607425670,73.448712318833941,39.471841235463209,0.331264353158419,0.943338767524978,-0.017167967852409,-0.009008822942430
643,1670411568.615430117,-25.356768617580055,73.524328665813357,39.442164000738813,0.327262961370116,0.944793285348536,-0.015637010707359,-0.004481737578121
644,1670411568.714352846,-25.499206611194964,73.593486123925800,39.418319645970378,0.302518476449086,0.952943316331241,-0.010031463504056,-0.016762368761822
645,1670411568.814358950,-25.641315593929576,73.668766981181676,39.440560270723608,0.289309893155098,0.956782525375787,-0.005348479624006,-0.028954768585302
646,1670411568.914524555,-25.786649700688653,73.747471881266321,39.470067990554497,0.272511429781671,0.961647032399764,-0.012389794621228,-0.028618153405136
647,1670411569.013858080,-25.932889543931452,73.820260845507278,39.477118362350176,0.248438686475775,0.968071823276528,-0.014129600523805,-0.030257535082813
648,1670411569.115001202,-26.080695836881439,73.891052212210028,39.444605886080048,0.274200797198433,0.961113511408494,-0.008805827089874,-0.031578448553427
649,1670411569.216139793,-26.227205584765446,73.961092198480230,39.427243123684171,0.307151261417522,0.950677436448246,-0.006282881242330,-0.042790651328427
650,1670411569.315503120,-26.375739391053560,74.039821918152199,39.442823185375943,0.309436631837253,0.949990904742223,-0.008986755901467,-0.041054719614642
651,1670411569.415829897,-26.521375421042141,74.126253967860762,39.464375788062235,0.341954817406758,0.939059579450136,-0.012930025847710,-0.032662264569728
652,1670411569.514960289,-26.663951320802351,74.210325622246529,39.445770567631712,0.339682047557673,0.939771927751726,-0.020053903820233,-0.032290421465199
653,1670411569.613292456,-26.811795767501522,74.287982922007700,39.409733829271893,0.314556085579123,0.948476645008803,-0.020094514378478,-0.032291382594695
654,1670411569.713316679,-26.971203550999338,74.360322925604336,39.415018132584429,0.317367449758709,0.947540878922993,-0.012114733496076,-0.036019686781172
655,1670411569.813396454,-27.139494326079134,74.427844874909937,39.440516478475139,0.307001545461058,0.951433420466370,-0.009890404690888,-0.020656170972285
656,1670411569.914320707,-27.299639365802921,74.485951935389878,39.447757945779294,0.309312408112891,0.950902104410381,-0.002025799337621,-0.010340123420754
657,1670411570.015278101,-27.451057456910938,74.536679286467276,39.410738524143540,0.320285829361416,0.947219391128696,0.011005135844950,-0.008443906979952
658,1670411570.114853859,-27.600626420024543,74.588745241742572,39.386388970837288,0.318324821060106,0.947644004670861,0.016924718609757,-0.018806982969217
659,1670411570.215692520,-27.762235932616438,74.655603258599314,39.398049722461167,0.314637516917077,0.948912013418794,0.006606789794543,-0.022925402207114
660,1670411570.315418243,-27.925526058351615,74.729609813716095,39.417802332612666,0.317837871582204,0.948126688895925,0.000378828656502,-0.005892849921138
661,1670411570.415865421,-28.081139126868198,74.802427796557225,39.411642645095270,0.326260982809458,0.945229039030923,-0.009785475312452,0.000281676753638
662,1670411570.514562130,-28.225825638652456,74.862156363055021,39.377425115491071,0.303750860429209,0.952647829261296,-0.012964615506521,-0.005426503204000
663,1670411570.614479780,-28.367781566067571,74.911740463706792,39.363577488707463,0.292553279708267,0.955902955977638,-0.003923591918522,-0.025430743434021
664,1670411570.714414120,-28.516986238073731,74.962177657053431,39.380667812076894,0.280064417650316,0.959344085598560,0.005625776245164,-0.034513736901281
665,1670411570.814763069,-28.668026553336421,75.014289125202140,39.410352402648442,0.261047646820840,0.964762558647603,0.011437426748324,-0.030927605636547
666,1670411570.914824247,-28.816437092461936,75.067388119879865,39.402677440097499,0.245890256161012,0.968669032176606,0.017957328017403,-0.029930292307026
667,1670411571.015738964,-28.963298279308336,75.129742089759475,39.365469489723566,0.270194351173252,0.962050985232879,0.018730390808777,-0.033197693694929
668,1670411571.116112947,-29.109853806880867,75.200820622433284,39.356645462971350,0.284420189163965,0.957658840421338,0.008919244902373,-0.043762408859260
669,1670411571.215982676,-29.258528014458587,75.280761679444652,39.376102133064968,0.291894937447531,0.955793732700019,-0.000646211380612,-0.035429767635690
670,1670411571.315967083,-29.403418737619607,75.361628847351071,39.393456430629904,0.314916894082868,0.948730024449000,-0.009130457689928,-0.025599321720947
671,1670411571.414596558,-29.543724115713378,75.435889364953667,39.366295358625933,0.317724036393620,0.947736845510258,-0.016333763311869,-0.024073149691774
672,1670411571.513309002,-29.684719519847608,75.504733590425587,39.330595119021922,0.301333994591908,0.953033843660586,-0.014909329726084,-0.026495819065149
673,1670411571.612865686,-29.829686299628442,75.574992516246482,39.339182679943946,0.294383221022700,0.954866331821779,-0.008124835113784,-0.038765894648439
674,1670411571.712989569,-29.980633181511156,75.649053199001287,39.359180709805614,0.284749165258627,0.957960676846535,-0.010868370216666,-0.033333662101202
675,1670411571.813917160,-30.131006710353741,75.720829258909944,39.369927931148162,0.268959115814772,0.962645501820275,-0.016538254864823,-0.026478632354271
676,1670411571.914503098,-30.277489665930098,75.788609973470216,39.343959482869487,0.276497016906317,0.960584733356872,-0.015607573120933,-0.024140698931265
677,1670411572.015844584,-30.422594882863553,75.855738890720545,39.314768030527802,0.294900429461982,0.954794205279494,-0.019040342203199,-0.032237053783226
678,1670411572.116112947,-30.568597075593377,75.925989296097896,39.327222849854046,0.304119531959913,0.951624192533349,-0.022989385024101,-0.037338915918232
679,1670411572.216113567,-30.714741514053888,75.996066161355429,39.352804676872921,0.316320644828004,0.947674863824522,-0.030382219888128,-0.030504472548103
680,1670411572.316192865,-30.855625110865706,76.061524597198073,39.355270861943900,0.328361080909556,0.943843704307340,-0.026721997862192,-0.024979936220082
681,1670411572.414311886,-30.990359150543629,76.120611047943825,39.321899716381203,0.320879040179271,0.946458123239563,-0.022464749609149,-0.027367819651404
682,1670411572.513490915,-31.124841746371779,76.179935315432331,39.297567301686811,0.308079604619890,0.950367394686398,-0.015317115646805,-0.040671344980259
683,1670411572.613252640,-31.266882095834248,76.243351701678478,39.310968049918984,0.299582826445591,0.952845149361021,-0.006061057131333,-0.047953258747393
684,1670411572.713984013,-31.410647785352932,76.308722960770098,39.333539324312120,0.290334948998995,0.955996292080678,-0.005579803387265,-0.041780051602481
685,1670411572.814135075,-31.548910850082795,76.370937897531107,39.333538554777391,0.288450591416740,0.956829032133157,-0.003077588276686,-0.035566670196375
686,1670411572.914776087,-31.683727897768094,76.430593213145457,39.300938332279564,0.309697803703780,0.950119721463147,-0.000587571428717,-0.036870584856545
687,1670411573.015850544,-31.816958952411408,76.489082912911343,39.273232217245678,0.330095562503491,0.942715417890096,-0.002069267646253,-0.048169270486632
688,1670411573.115370274,-31.949718070219024,76.551962294791366,39.284573928763628,0.340455379746759,0.938448538286940,-0.012255828553336,-0.057046209822101
689,1670411573.215587139,-32.085733863927686,76.615929992936074,39.310612511593504,0.336722331635719,0.939936665126811,-0.019743898858712,-0.052414839367782
690,1670411573.314317942,-32.219413178510187,76.674622825775018,39.316336733559943,0.332003970157065,0.941622014548230,-0.024317159305664,-0.050299316907708
691,1670411573.413476706,-32.355762470650433,76.728555839616433,39.289153117471244,0.315973608033807,0.947023726450219,-0.025006694789132,-0.051782292167906
692,1670411573.513488054,-32.493287528526302,76.783347585335875,39.266040702611846,0.301821028027211,0.951386089643734,-0.019613333384977,-0.058171235387716
693,1670411573.614301682,-32.634334082365797,76.841502568321559,39.279203948154390,0.282926697912247,0.956952352735012,-0.015698686077276,-0.062834938201964
694,1670411573.713828325,-32.773097999547936,76.897520356600694,39.299574402426686,0.269969598395510,0.961234507211926,-0.016405283704374,-0.053623733120632
695,1670411573.814329863,-32.908415304347315,76.948279885589301,39.304255971330242,0.255540059559974,0.965735271862708,-0.014660038615524,-0.042892259303267
696,1670411573.915082932,-33.038109930168190,76.995495571501209,39.279304565909506,0.270175702863525,0.962019537783080,-0.010245874131540,-0.037663252237561
697,1670411574.015575886,-33.162345805854429,77.040696680821227,39.253474799866716,0.268135560233759,0.962337502396410,-0.012916089648695,-0.042930495545186
698,1670411574.115061760,-33.283448041267889,77.086640003182936,39.257110029338392,0.278908965529132,0.958514706214518,-0.023094206443127,-0.054092555372509
699,1670411574.215165854,-33.408354763004745,77.134722301568601,39.273500669453732,0.283139423885908,0.957229522545265,-0.030346390546302,-0.051213322389107
700,1670411574.314581633,-33.532605189759337,77.183218984859664,39.285153952540128,0.293060502235238,0.954411341883088,-0.033373915305072,-0.045833549849029
701,1670411574.413869381,-33.661434969804894,77.228372060499098,39.270185118726324,0.281603873280485,0.958012857868642,-0.034770702271836,-0.041250708785531
702,1670411574.513087749,-33.793171058267262,77.270717450950372,39.250067886241006,0.261032391580291,0.963892658967648,-0.032457068494939,-0.041467713209990
703,1670411574.612801075,-33.925918862514997,77.310518244791893,39.262223726235867,0.232145012092430,0.971240692237258,-0.026299072379792,-0.045919166968272
704,1670411574.714171410,-34.057921026362358,77.345063277134344,39.284207968180183,0.207091000139885,0.977308582352168,-0.022515236419713,-0.038396831260179
705,1670411574.813844204,-34.181820469274896,77.370731449294240,39.301616661633091,0.172429594190374,0.984359483327169,-0.022601543954672,-0.028171134909281
706,1670411574.915810347,-34.302853879783697,77.391974241973813,39.297733794713771,0.164522377354909,0.986003237067275,-0.018228679217307,-0.019942895886406
707,1670411575.016708136,-34.415387801547880,77.412897253634213,39.286322685618622,0.164119906664057,0.986120186485436,-0.015687927342247,-0.019634739066642
708,1670411575.116254330,-34.517499727574631,77.429717217042423,39.294563881478716,0.169048967069150,0.984962282935528,-0.018321812450628,-0.030595083196663
709,1670411575.215980291,-34.616150989875024,77.444171217064763,39.311654691208602,0.183860492359340,0.982175312111202,-0.020320788887740,-0.033377255244016
710,1670411575.315663576,-34.709541268242191,77.455177067242047,39.329020349325766,0.178353063716467,0.983250857269692,-0.021210043223612,-0.030952712446852
711,1670411575.414714098,-34.798525783971698,77.460973202127064,39.333568999041212,0.169995041456004,0.984687622015095,-0.021967566909231,-0.031771039245152
712,1670411575.514371157,-34.885508327143640,77.459723544435079,39.314366406003636,0.144623697152023,0.988703090246499,-0.019912756183835,-0.033965684157195
713,1670411575.613824368,-34.966555814924376,77.457172486761564,39.272201469991536,0.128175741038999,0.990847215621385,-0.014124829483924,-0.039915709895999
714,1670411575.713724375,-35.042579560144503,77.459526446067116,39.222539103360354,0.105133430335676,0.993038931696265,-0.012741593686323,-0.051558643811940
715,1670411575.814607859,-35.126079930362579,77.469312857765189,39.185070236693079,0.081424313239870,0.995306573009080,-0.016866572265703,-0.049501774496905
716,1670411575.914541721,-35.212832653594589,77.476610590699877,39.180493320957893,0.051599773294241,0.997532959743667,-0.027862604770897,-0.038589284476438
717,1670411576.014798641,-35.291416744232549,77.475920690112432,39.168973814863477,0.044290994828948,0.998144460848506,-0.028705406617857,-0.030363509108988
718,1670411576.115022659,-35.355353047866132,77.463946586939969,39.132900173015912,0.045882073266217,0.997872454253289,-0.031375810220878,-0.034072847375797
719,1670411576.215143442,-35.406248015470865,77.442304519021846,39.083760421436843,0.043331928640076,0.997372382076903,-0.030424692630801,-0.049447077860049
720,1670411576.316202164,-35.460804483139846,77.418021168999886,39.043717355172404,0.042786255878890,0.996975532392163,-0.027895898605826,-0.058574251682828
721,1670411576.414983034,-35.528590674660194,77.397290616402287,39.034148440972892,0.045352499925251,0.997327814168578,-0.020289749845409,-0.053560320083699
722,1670411576.515474558,-35.607262791455661,77.383262276489830,39.029520469018337,0.058805858428898,0.997049561999658,-0.013961475395615,-0.047319331520100
723,1670411576.614536524,-35.688238791643542,77.377449612728967,39.000472583277286,0.057713030064407,0.997414505656729,-0.009422629948907,-0.041769894794859
724,1670411576.713925362,-35.768525150416124,77.380218612509651,38.953034873514540,0.051935937862225,0.997662515318805,-0.008488845256391,-0.043590175410732
725,1670411576.813611984,-35.850931399869538,77.390052048654610,38.907601361282545,0.045845347506654,0.997908551319898,-0.009255054729574,-0.044621421722863
726,1670411576.913841963,-35.941914156571556,77.402958415443678,38.883789245423529,0.040690718656419,0.998479030034952,-0.016158970394195,-0.033507904611977
727,1670411577.013781786,-36.031888891468732,77.409241517176952,38.870610781535071,0.035830349420658,0.998856136830036,-0.021216038737691,-0.023504971339072
728,1670411577.115190268,-36.114597487479664,77.411685052902726,38.827702714807131,0.055317326780157,0.998008984687209,-0.021737992960330,-0.021107332933381
729,1670411577.214746237,-36.187736260376866,77.414786450361234,38.768637613603588,0.060936614212072,0.997450847995888,-0.027402212751514,-0.025053016125273
730,1670411577.315040350,-36.263334070934242,77.419544669238221,38.727864538484333,0.083607679282096,0.995860431646498,-0.026761783251787,-0.023570396753082
731,1670411577.415710211,-36.348493423459807,77.431306026513340,38.718010954480221,0.108863460551553,0.993535139505787,-0.025873939493576,-0.019162796743666
732,1670411577.514372110,-36.434177480483406,77.447541346216696,38.683694299341361,0.115076407105621,0.992822188571052,-0.025200061567930,-0.020651375392970
733,1670411577.614285946,-36.521203784702365,77.466738957664134,38.633898275850726,0.125322174743227,0.991321325808104,-0.023852425392172,-0.031740247614069
734,1670411577.714239120,-36.606923806800950,77.486081217965349,38.595630675840965,0.134933434845475,0.989228807941147,-0.014768008609666,-0.054783570729222
735,1670411577.813798189,-36.702587089759739,77.510190204153020,38.588583231832985,0.141874423993680,0.988066721462326,-0.013506579237364,-0.058424088118315
736,1670411577.914456606,-36.809067011150695,77.532320044079370,38.602742276600800,0.133560759492935,0.989374595374919,-0.012681556813679,-0.056023313603953
737,1670411578.015318394,-36.920613289550715,77.554788229183117,38.581672060812132,0.160701962026445,0.985443974117523,-0.009773344835545,-0.054585117083684
738,1670411578.115838051,-37.039521500980968,77.581855466262709,38.547432494837786,0.182413118901355,0.981636938624479,-0.009865352598028,-0.054927676072794
739,1670411578.215006351,-37.164163443059579,77.610014406586657,38.545868523826648,0.186796027203181,0.980441465173869,-0.015332187126204,-0.060055820923150
740,1670411578.315440655,-37.295201821445154,77.642110369125376,38.561001466217988,0.214615134194017,0.975368655251887,-0.014282874657703,-0.048911450791428
741,1670411578.415809631,-37.424497039866374,77.675680073874460,38.569160627338015,0.229726291531089,0.972403441671172,-0.013459537717406,-0.038421588330854
742,1670411578.516619682,-37.555875467280885,77.705628045422031,38.547637004465244,0.215946788481374,0.975767726818471,-0.013328007393770,-0.032660252035244
743,1670411578.615219116,-37.686008911127821,77.731330083057955,38.527746899361809,0.199696865081391,0.979206022463652,-0.006426228965694,-0.035148701666774
744,1670411578.715350389,-37.814084306186004,77.757605020045489,38.536192079183344,0.177334798163576,0.982792122106006,-0.002655075281252,-0.051623295728847
745,1670411578.814292908,-37.944662858757511,77.786548087411944,38.552524415873805,0.138636780073016,0.989117024899951,-0.001733243356107,-0.049237690152208
746,1670411578.914397717,-38.078661564274420,77.815712808761504,38.574518031004033,0.113700852720914,0.992778741642759,-0.006799409216187,-0.037633153828340
747,1670411579.014425278,-38.212219501025167,77.840865111676351,38.573343633856986,0.099844197315066,0.994698170450425,-0.003462108889632,-0.024386466884797
748,1670411579.115205765,-38.338684040888225,77.862069646701713,38.547377158984652,0.121085789771331,0.992423844466200,0.000666527219888,-0.020801446869074
749,1670411579.214943647,-38.456052895338878,77.877961786812705,38.535120716719767,0.125199877476574,0.991670290601151,0.001491274777928,-0.030212605290133
750,1670411579.315214634,-38.573142347246154,77.893560339073829,38.549022120355055,0.138668016487819,0.989690120758330,0.001182921008938,-0.035822433956716
751,1670411579.415185690,-38.687783641892253,77.909345598525590,38.567322035374673,0.140997534095896,0.989480161339070,-0.000153601203903,-0.032383361498690
752,1670411579.513569117,-38.796791401062976,77.921940202467951,38.577371058539462,0.132022977005889,0.990737966881899,0.000152217767200,-0.031752029084385
753,1670411579.612797499,-38.905613756210691,77.926120186785013,38.563789774254225,0.102536472864700,0.994240070955243,0.000662802612245,-0.031185152429929
754,1670411579.712799788,-39.014574138737274,77.925501552762853,38.544682460935654,0.076482017485717,0.996424209828088,0.005444850221059,-0.035491529635340
755,1670411579.814954758,-39.126750508889423,77.925355524569710,38.552801679545873,0.047743162459697,0.998123837819308,0.010057106450634,-0.036989855704538
756,1670411579.913614511,-39.230281884241641,77.925224380513555,38.563204701693429,0.017488476843677,0.999486183045367,0.002974908380513,-0.026695936005653
757,1670411580.013941526,-39.321162813831364,77.920801958673195,38.564313970045362,-0.020160059860367,0.999664141739113,0.000465213626967,-0.016277569957136
758,1670411580.114365578,-39.399527544031123,77.913120482960011,38.551487053639185,-0.026847455995132,0.999571982879333,-0.001373788460414,-0.011540270990477
759,1670411580.215072870,-39.467880323356752,77.901439353322303,38.527582468292572,-0.029130281168130,0.999482533167062,-0.000869564580473,-0.013613833789858
760,1670411580.316143751,-39.527103283167158,77.886526570126463,38.492718752463105,-0.024905593116277,0.999470100045185,-0.001658751475363,-0.020892082010596
761,1670411580.416035414,-39.578371419887809,77.868860662247471,38.459958579802027,-0.018572487030126,0.999263851720878,-0.005036790103388,-0.033188071877198
762,1670411580.515391111,-39.632557658963599,77.847651806589028,38.434541375660892,-0.015338988650547,0.999218292548143,-0.006643614143334,-0.035824316538732
763,1670411580.615695238,-39.694576873216171,77.822162334391848,38.427091247721954,-0.010712890440492,0.999489986119218,0.002196094500394,-0.030002979764694
764,1670411580.713952303,-39.758498938821241,77.798198152178557,38.416852391909138,-0.007287029194853,0.999623896484725,0.004764896782046,-0.026005009918589
765,1670411580.813436031,-39.821051544024336,77.780030485994644,38.394675853149138,-0.014563353891150,0.999360867980745,0.008463286972494,-0.031529938880913
766,1670411580.912034512,-39.887475391703298,77.764888297758930,38.360940113569555,-0.041260992414346,0.998329344449113,0.007443993940025,-0.039757231681895
767,1670411581.013559580,-39.954436259333342,77.750564613074161,38.330003603309386,-0.029387970566426,0.998055632850010,0.012684849019233,-0.053482665675086
768,1670411581.113605499,-40.020481675119981,77.735394356447244,38.312738453605711,-0.045487315853158,0.997475144282729,0.016514759434114,-0.051975988258602
769,1670411581.213198662,-40.089485847109827,77.719677842213358,38.302501944972882,-0.081761217255989,0.995625057803767,0.011851777288815,-0.043650693020399
770,1670411581.315815926,-40.157182609287716,77.704868716238551,38.285475178281345,-0.062733248544620,0.996851498955748,0.007694849256122,-0.047879200616176
771,1670411581.416213512,-40.221873785984144,77.691015545663902,38.253750223387712,-0.050180752169366,0.997519352987221,-0.001097009083982,-0.049354119369525
772,1670411581.515218735,-40.290285903583381,77.673884718630148,38.206257915830236,-0.053315622823283,0.997633894255907,-0.003786314670167,-0.043240273079353
773,1670411581.615153313,-40.373073514658174,77.651825780308073,38.156799191814670,-0.054699451118473,0.998357800433733,-0.004784260611236,-0.016333499651336
774,1670411581.713999987,-40.464243833728261,77.630099640861488,38.119163650297011,-0.052089602698231,0.998524320857927,0.000168327076091,0.015356614599298
775,1670411581.813512564,-40.552343295727425,77.607266463472442,38.079221145924677,-0.054696033042025,0.998037426114664,0.003345447485986,0.030305907427466
776,1670411581.913548708,-40.619079928717333,77.585356122416073,38.029674693277059,-0.054447501938264,0.998108702471781,0.005349007004916,0.028033474755037
777,1670411582.015608311,-40.671867530349360,77.567997832269853,37.988376395502904,-0.062030470939126,0.997879914285022,0.009574419435904,0.017211270553109
778,1670411582.114415407,-40.729045676727289,77.552909091487976,37.964692109401220,-0.073633636295738,0.997116046880658,0.008438740246184,0.016323734928457
779,1670411582.213411570,-40.795260864711395,77.536916791946339,37.946546945644343,-0.090313927864815,0.995655153509831,-0.000996125568240,0.022654303273234
780,1670411582.315073729,-40.860707018387942,77.520202480229301,37.904959348970358,-0.069320031544805,0.997328465927304,-0.004539528146016,0.022584440704366
781,1670411582.415249586,-40.916295703942879,77.504462153611072,37.848712338032740,-0.041104466197779,0.998913030134521,-0.010077511076698,0.019535220924371
782,1670411582.515193224,-40.977509346252170,77.488258888524740,37.822311082939159,-0.038814324482286,0.998753924767777,-0.015974149118190,0.026997639450444
783,1670411582.614399910,-41.040043921224260,77.474470882834467,37.812053300902221,-0.036126696129282,0.998691881845704,-0.018746149215027,0.030951071901912
784,1670411582.713983059,-41.092969092999752,77.462743321900504,37.779139263412326,-0.047956209347318,0.998387529401049,-0.020201583834958,0.022681250672430
785,1670411582.814165831,-41.141606541011093,77.452813336327097,37.733648481714788,-0.057092567974906,0.998105233216967,-0.021304317471488,0.008515172576587
786,1670411582.913693666,-41.200580187306997,77.443837316196380,37.698644032046289,-0.059571297104666,0.998069894290839,-0.015148211166012,0.008847506428958
787,1670411583.013910294,-41.267943697144574,77.431990848633518,37.685453620886264,-0.065774047797697,0.997523682398705,-0.015297232133580,0.019653813347180
788,1670411583.114070177,-41.326180070034980,77.417939031592439,37.670185598175571,-0.063411253907793,0.997596804493324,-0.017386848241350,0.021847792812623
789,1670411583.214462280,-41.371271091969504,77.402916004780877,37.639729971292525,-0.051877866110266,0.998536171392580,-0.011094740554732,0.010540785574018
790,1670411583.315330505,-41.410526482910264,77.385780843707238,37.597773557519041,-0.044971810979395,0.998785199629115,-0.019076144500001,-0.006462347102901
791,1670411583.414681435,-41.456220727867198,77.365394382188597,37.564349849095649,-0.038423576526638,0.999023305766916,-0.016544107683665,-0.014225181981157
792,1670411583.514376402,-41.515501901080363,77.344231451431128,37.559227783003195,-0.037929901087585,0.999147031303963,-0.012914458974407,-0.009987451595011
793,1670411583.613759995,-41.580484118218223,77.324634972284670,37.546223321977891,-0.047317523684063,0.998779071004988,-0.012482486030769,-0.006753281966032
794,1670411583.712951422,-41.646324317252336,77.306985062361576,37.504807309121851,-0.067010854325702,0.997689135291938,-0.007960184026668,-0.007910132314103
795,1670411583.813878298,-41.714278114942871,77.291155282609225,37.446500703706995,-0.077042223524595,0.996951917115660,-0.004078268752115,-0.011607690458563
796,1670411583.913189411,-41.788265866743814,77.277054804448980,37.407638428349024,-0.080538071604069,0.996734904096182,0.002857037177802,-0.004998731562853
797,1670411584.013473034,-41.866063712717633,77.262485410682714,37.396877416537926,-0.094316003665739,0.995521348228046,0.003006477893486,0.005718195992929
798,1670411584.113509417,-41.933715661327696,77.247572793371489,37.377727013244417,-0.090635285491823,0.995841864193689,0.001734624310695,0.009012081976686
799,1670411584.213689804,-41.990208637768525,77.232859884028301,37.331716579870800,-0.070541657402918,0.997506776806002,-0.001743742435168,0.001031580956751
800,1670411584.314560413,-42.040940178452736,77.215086697066738,37.268999623109764,-0.061552009301217,0.998001715240200,-0.010136672828598,-0.010058548233637
801,1670411584.413310051,-42.100421554294115,77.191430424114984,37.234182939488917,-0.053018900107738,0.998554005499189,-0.003839586156353,-0.008009488812623
802,1670411584.513749361,-42.170338088678264,77.165535167267791,37.221845670350099,-0.042099086784796,0.999106937609059,0.003457409161240,-0.001020017267726
803,1670411584.613246679,-42.234550107148543,77.141586101485572,37.182866704306967,-0.050260276167097,0.998694321819948,0.009117529525532,-0.000653344896005
804,1670411584.713846445,-42.293596036508632,77.121676883303337,37.123637384804908,-0.062605572957452,0.997887873628662,0.015670920665064,-0.007399739525560
805,1670411584.814044952,-42.355756628049328,77.106464852902434,37.082231867408375,-0.063207201455779,0.997687925335841,0.023084722998393,-0.009526221038836
806,1670411584.914271593,-42.422711412862128,77.092678325165849,37.064826607984216,-0.081653642598946,0.996493152465020,0.018111384074868,-0.002461200427088
807,1670411585.015079975,-42.486973552895336,77.078422935280685,37.051522703117058,-0.085175534092727,0.996241060999869,0.015764576596459,0.000595730314666
808,1670411585.115805864,-42.540929848328915,77.064260843465320,37.013928098694372,-0.070835540029799,0.997383534033331,0.012406665766619,-0.007381527783974
809,1670411585.215740681,-42.587576379588384,77.047230386438116,36.964566056479988,-0.064709420843276,0.997719526199327,0.002043766037297,-0.019085620637069
810,1670411585.315414667,-42.638470302263421,77.021265230499893,36.933667251238951,-0.066477828351772,0.997559849419026,-0.000869253728267,-0.021314069594463
811,1670411585.415272474,-42.698320073640829,76.990364652634241,36.934005254680137,-0.066177605334513,0.997677744057270,0.003321380807918,-0.015767434620598
812,1670411585.515406847,-42.757581285601788,76.961954242847654,36.915833208364532,-0.073926756164745,0.997085290641897,0.009734890612741,-0.016155179147279
813,1670411585.615401030,-42.815787288009879,76.941390066506699,36.871636489882896,-0.086765685212189,0.996033782389502,0.007692664817668,-0.018145057633523
814,1670411585.714370251,-42.874360729462190,76.926761454058507,36.819735194744062,-0.091595567100828,0.995418433657918,0.010270849180678,-0.025434301221019
815,1670411585.816200018,-42.940463686542699,76.911950474717599,36.785316598044410,-0.098872257712538,0.994829081555379,0.006911375103889,-0.022172235806986
816,1670411585.914101362,-43.006838336791226,76.892619811168601,36.780425266685043,-0.109954157333000,0.993852122753410,0.000833125878594,-0.012936277865037
817,1670411586.014684439,-43.069077547828250,76.869226010712978,36.756360407380924,-0.099698200303329,0.994946260668074,0.000943371503408,-0.011887694860718
818,1670411586.113507032,-43.123962107713382,76.844888528177918,36.710347951888231,-0.083446521056453,0.996365290098769,0.001917562474965,-0.017006168413998
819,1670411586.213869810,-43.175102552304210,76.818730201241181,36.660321309309040,-0.071726543968426,0.997147287462929,-0.005581607535821,-0.022834965578803
820,1670411586.313743114,-43.233674470453593,76.790507359727755,36.639001198482966,-0.065150564112926,0.997686325767391,0.000552125863711,-0.019418921946441
821,1670411586.414790154,-43.297391653020583,76.762441110334606,36.635875241596317,-0.058689976870711,0.998191935789612,-0.002208409837211,-0.012785494339068
822,1670411586.513874531,-43.353849410819130,76.738483829716699,36.605116903258995,-0.064199491589030,0.997748171898009,0.006962109458418,-0.018125666492037
823,1670411586.613682508,-43.406006875703440,76.717344026217077,36.553830221227443,-0.073205532872521,0.997050527172477,0.002216050376808,-0.022940909804617
824,1670411586.714739323,-43.466373591243929,76.698253770576670,36.513171766965662,-0.069570559686299,0.997293502597113,0.006912268676255,-0.022755822205860
825,1670411586.813983440,-43.535628740525311,76.677582263453900,36.500542070190342,-0.086995588840557,0.996153894351502,0.001605073126852,-0.010325213357590
826,1670411586.913590193,-43.602015612002255,76.653868743826379,36.487896311067992,-0.084783859344161,0.996397488919520,-0.001218420731672,-0.001502238498047
827,1670411587.014110327,-43.657440889661252,76.631420532175312,36.450757043140008,-0.066440148677333,0.997779280077464,0.001628001384587,-0.004423177966413
828,1670411587.113775492,-43.702768222960586,76.610782200189604,36.399699704262886,-0.064994351993247,0.997777643781325,-0.006258043151604,-0.013279483238375
829,1670411587.214048386,-43.752592156124898,76.588080457623192,36.364561931481994,-0.063850585726790,0.997796822181434,-0.011242972465488,-0.014078349232705
830,1670411587.315117121,-43.815115156692521,76.563274629215428,36.364777943511839,-0.067630727602634,0.997560500704155,-0.016080643781159,-0.006367496713609
831,1670411587.414222717,-43.874437891663760,76.540970063521428,36.346509769522385,-0.069671751763858,0.997476555590171,-0.012850499601626,-0.004607896929510
832,1670411587.515552998,-43.931500199335922,76.523094157929236,36.302171741748410,-0.079036024602942,0.996778542163086,-0.011532250254011,-0.007269931380279
833,1670411587.614395857,-43.985188663797466,76.511979262562363,36.253902033669718,-0.083163850568768,0.996349016271779,-0.010272712618671,-0.016336557418523
834,1670411587.714072227,-44.046242414029976,76.505889149555173,36.214907054061854,-0.083089948706810,0.996344964365056,-0.011713435689636,-0.015986489065468
835,1670411587.815097809,-44.115218861171726,76.497868739371029,36.198198489671647,-0.089291223973778,0.995764951350498,-0.020210179106663,-0.008413539307668
836,1670411587.914965391,-44.179646926990280,76.485247469960782,36.175095223715140,-0.074571030293359,0.996919575600230,-0.023786541976049,-0.004972086771705
837,1670411588.015545130,-44.235710573651176,76.468476151260347,36.132493459119075,-0.055464940779614,0.998053210424361,-0.027146082741800,-0.008747553813239
838,1670411588.115782976,-44.280181298587344,76.448809184966677,36.085346052965988,-0.039323264316840,0.998546895639223,-0.031204963884166,-0.019596640572448
839,1670411588.215207100,-44.328799816175589,76.426774105537504,36.061909793186466,-0.031583937719189,0.998750070777381,-0.033087097971921,-0.020149316318993
840,1670411588.314954281,-44.390890945768987,76.405806129714094,36.060091397164548,-0.027002453345156,0.999127576890749,-0.029142653454152,-0.012870833672067
841,1670411588.414515972,-44.454692600257431,76.387040453609927,36.033143375434818,-0.028878751656472,0.999239207369301,-0.024238436409105,-0.009976089372911
842,1670411588.515192747,-44.519998238730608,76.370488397865159,35.987785168861002,-0.039086230850720,0.998978284580211,-0.020200046428357,-0.010325290279507
843,1670411588.614161730,-44.584919391576086,76.355791758906179,35.937385581233137,-0.045319193885441,0.998823326197110,-0.012343582372932,-0.012073511681319
844,1670411588.714255333,-44.652592579733025,76.343110541958367,35.908412367945139,-0.051310457190129,0.998624113478582,-0.009768709679757,-0.004657174384723
845,1670411588.814536572,-44.714555797109767,76.326982290590408,35.896242145900075,-0.059526521128205,0.998112591732706,-0.015070202922832,0.000858190456573
846,1670411588.914438725,-44.767390742376840,76.307496622018675,35.875075999517605,-0.042306360287098,0.999045753852595,-0.009901445748546,-0.004440153200955
847,1670411589.016474724,-44.814408264172300,76.284357956484385,35.838582269256385,-0.045962541516576,0.998709382704158,-0.015962544712891,-0.014567458333730
848,1670411589.115133286,-44.861152492739386,76.256511824155041,35.797658794073151,-0.046568258349597,0.998443276154237,-0.019133983052584,-0.024006505560419
849,1670411589.214455605,-44.923843438493627,76.223498024793599,35.781502916854734,-0.043274232294487,0.998795016399477,-0.012132582005823,-0.019714372644412
850,1670411589.317465305,-45.000965225065521,76.191024885009867,35.776124475387213,-0.037981609157898,0.999236983902790,-0.001112002954890,-0.009033870491654
851,1670411589.416218996,-45.073590556311231,76.166488605223066,35.735880650159501,-0.053738279761620,0.998538637689810,-0.000440233090699,-0.005708986220607
852,1670411589.515267372,-45.143456723621405,76.145058317813650,35.681553994113230,-0.080734937921883,0.996703875335922,-0.004878341484552,-0.006281438805275
853,1670411589.614960670,-45.216023862453895,76.120586150931729,35.638534044461025,-0.101678531474669,0.994791509725157,-0.002914836541824,-0.006544627096487
854,1670411589.715840340,-45.293436407967832,76.087363067328042,35.614206020388714,-0.130673749713493,0.991424556769833,-0.001122382152820,-0.000677958596485
855,1670411589.815919638,-45.368481846649765,76.047311559954338,35.586601796875122,-0.142730841755664,0.989744107989492,0.005460056013350,0.002166864124656
856,1670411589.916027308,-45.440147955495497,76.006064709418908,35.542601244442729,-0.146113088963267,0.989264429227765,-0.001914429848534,-0.001785848994790
857,1670411590.015403271,-45.508159492229517,75.962091746039007,35.493276205205248,-0.158976155796962,0.987203415901932,-0.008072511453751,-0.009530586467112
858,1670411590.115749598,-45.584488156667803,75.908118229312748,35.461770370843432,-0.153735523749634,0.988045280084710,-0.003824857919564,-0.010829759999511
859,1670411590.215826511,-45.674353425605979,75.847975105204540,35.450794786026023,-0.170423416357374,0.985312406867708,-0.003368224189534,-0.010196817908266
860,1670411590.315200090,-45.767077873198218,75.789295683657400,35.418123377405003,-0.192299494306494,0.981189221898863,0.001301690991689,-0.016938740199123
861,1670411590.415521860,-45.862709186520966,75.728393563521806,35.375960242268739,-0.219190514123822,0.975194254352504,-0.000250688205915,-0.030848370320371
862,1670411590.514688015,-45.970270529148330,75.656655616140739,35.363418253454846,-0.242895185732789,0.969479749913420,-0.003646968802059,-0.033130693838227
863,1670411590.615277290,-46.088039142723794,75.571140689339032,35.367824739477555,-0.273420875378631,0.961783690789706,0.001015131368340,-0.014564564752110
864,1670411590.714360952,-46.200830479957538,75.478810321052975,35.357528307370799,-0.293968594868887,0.955809349665369,0.001784418695963,0.002787144236353
865,1670411590.814876795,-46.305317267632709,75.382326675102917,35.322695821399364,-0.283351726114627,0.958934575991078,0.009358583856862,0.008288255839889
866,1670411590.915949106,-46.404041304138019,75.284139199582057,35.307769719407190,-0.264561186382530,0.964324243150287,0.009272626845908,0.000388746536995
867,1670411591.015913248,-46.506122597257722,75.185505622915571,35.321419660637119,-0.262552838781843,0.964910213143010,0.003513814797598,-0.001393027449656
868,1670411591.115790606,-46.612278648331532,75.089374291310094,35.343401536803555,-0.250768593640501,0.968024923044028,0.006026496431316,0.002557762681030
869,1670411591.215678215,-46.720664956392568,74.995399401881443,35.332765127574390,-0.250645990231076,0.968062535456883,0.003787028457808,0.004144085102298
870,1670411591.314521551,-46.830099437604659,74.897238744715082,35.304422096995914,-0.267390407433531,0.963567783553966,0.006037785429219,0.001744034557445
871,1670411591.415037394,-46.946879928659669,74.790533533961764,35.304340010726932,-0.272211439773271,0.962188043709620,0.004977722659337,-0.008385873594525
872,1670411591.513264179,-47.067172189938795,74.681998365916613,35.323892180491029,-0.284302220775801,0.958722994930987,0.001544247790626,-0.004481244388229
873,1670411591.613631725,-47.184986896673884,74.574401677014066,35.338084171117750,-0.307943258697579,0.951386141900544,0.005555307991764,0.002120607325962
874,1670411591.714139700,-47.294633182531065,74.468006442667146,35.323400677559597,-0.317504495213079,0.948241360916838,0.005167177371765,0.001586582515701
875,1670411591.815783024,-47.402350536912778,74.360537301233919,35.297339742253570,-0.286425920286994,0.958043920686400,0.006824539835193,-0.008090975195681
876,1670411591.915412188,-47.511719162027099,74.254050429603367,35.303059462717066,-0.264886126398621,0.964199346639240,-0.004494104409002,-0.011608747027879
877,1670411592.016179562,-47.630081247532019,74.144376874678670,35.323021366798024,-0.258213284986006,0.965908803421635,-0.012123406150489,-0.014110490871388
878,1670411592.116549969,-47.750368924484896,74.039024209776358,35.341238222382486,-0.226386828399475,0.973937909803714,-0.007568962095009,-0.011690277464766
879,1670411592.215597153,-47.868654704391780,73.938020979739179,35.324010896220251,-0.219544935271647,0.975477676492063,-0.012706547792986,-0.009048077442199
880,1670411592.314730167,-47.989409322871836,73.837337207727089,35.298774510224554,-0.234454233289899,0.971848723204798,-0.019377626804243,-0.012875530167131
881,1670411592.414812326,-48.117612123017508,73.735402457972398,35.305877077547493,-0.246087114648814,0.968573799448981,-0.026978618926206,-0.024043318107556
882,1670411592.515064716,-48.255833319747481,73.628873293381631,35.326617256746488,-0.265573308914702,0.963650900299970,-0.025204728279852,-0.014576749140043
883,1670411592.614369869,-48.391678873378083,73.523029379527571,35.340336919436147,-0.279057517752910,0.959970728223879,-0.022841430933727,-0.007834013773309
884,1670411592.715301514,-48.523289805751801,73.418869856948660,35.314599350367843,-0.260804476301525,0.965281053462767,-0.014170339014293,-0.003565734022476
885,1670411592.817067862,-48.652009465811084,73.321064711905834,35.290349201811047,-0.215649978165345,0.976316147313416,-0.013064928745506,-0.011453167651308
886,1670411592.916073084,-48.783149571140981,73.227809918299414,35.304254136274118,-0.206361720430395,0.978152907390254,-0.016456546533452,-0.018997688838210
887,1670411593.015935421,-48.919659662272295,73.139201380905362,35.328153588129169,-0.176271133348562,0.984269972368953,-0.003880841845011,-0.011227114830106
888,1670411593.117416859,-49.061080951461939,73.060667995246575,35.326632123494527,-0.137453028111800,0.990404500145667,-0.001187454396561,-0.014289195434486
889,1670411593.215071678,-49.199916810416781,72.991569279552536,35.290674542047249,-0.151625276062656,0.988220172805170,-0.008867631606904,-0.018762484631000
890,1670411593.314230204,-49.345948208956536,72.921000479055948,35.280473831577936,-0.165325059959690,0.985717799100091,-0.012457417003749,-0.029544167752560
891,1670411593.414520502,-49.502601873195132,72.841957732388479,35.304075702257620,-0.163554346915075,0.985951786189517,-0.002878185039526,-0.033775241905308
892,1670411593.515178442,-49.656044854101019,72.761479649407690,35.326250883594419,-0.167615796475556,0.985541273558050,0.000193587585898,-0.024765003720751
893,1670411593.615260363,-49.801361659618109,72.683450034915467,35.310241302515529,-0.172354029521949,0.984760341887306,0.008140392232423,-0.021792006971510
894,1670411593.718245983,-49.952252859191283,72.609999421827624,35.279727673160707,-0.135397461828864,0.990368561044492,0.011597532595365,-0.026516746834084
895,1670411593.818171501,-50.102814926002765,72.539670680328456,35.289705836657973,-0.129917661453200,0.990802940368734,0.001625060042224,-0.037792774164675
896,1670411593.917164087,-50.257879572502596,72.469512626998622,35.310112458202958,-0.127885909998532,0.991269060150208,0.000563761914545,-0.032101815918647
897,1670411594.017787695,-50.415689831936184,72.402272899806604,35.323616978989044,-0.084831908566581,0.996139759426893,0.004615296456888,-0.022086783751780
898,1670411594.117637157,-50.571793359462895,72.337466077889289,35.301027667324632,-0.092991617322376,0.995488380200496,0.000493234955470,-0.018846769294516
899,1670411594.216051817,-50.725796778644074,72.273100727675413,35.277444781592024,-0.113267864220219,0.993345612941664,-0.002110721839511,-0.020746783795492
900,1670411594.316060781,-50.884670392352383,72.205151500615415,35.293485338622226,-0.125499559931017,0.991657128502073,-0.002678625374980,-0.029305714702834
901,1670411594.416662693,-51.048848577746348,72.132976487455863,35.313781368347499,-0.143429615522702,0.989460968335312,-0.001636632285898,-0.019805528690698
902,1670411594.520688057,-51.215724534973361,72.059366213523276,35.320148633613030,-0.169061262675625,0.985541057966126,-0.002186814593606,-0.011060305939096
903,1670411594.618297577,-51.370063711903427,71.992409892242605,35.295151490252159,-0.161405194653497,0.986857597427730,0.000776917184366,-0.007735757088008
904,1670411594.718844891,-51.529507892187880,71.923768583653484,35.280870904708138,-0.130537032639218,0.991326837302457,-0.002982896836758,-0.014909295091240
905,1670411594.818763018,-51.696650465042872,71.855438742557524,35.301136276628625,-0.115854060398121,0.993132019305495,-0.006582452795581,-0.014943233741487
906,1670411594.918252468,-51.866620686813221,71.789385293610650,35.325088557017203,-0.098679365827767,0.995102201329634,-0.005819342055663,0.000356267855826
907,1670411595.017956018,-52.032955945883451,71.727353645864042,35.321353235847084,-0.080975415589939,0.996655080406935,-0.007548745647292,0.008040473135013
908,1670411595.117053032,-52.193032538987289,71.664995808243972,35.289866386413500,-0.097326615262770,0.995087396267534,-0.015849317634975,0.008797890741467
909,1670411595.217553854,-52.359184446354583,71.593720584079762,35.297778327605535,-0.115751387583233,0.993075236902121,-0.019891019468887,0.002745445107894
910,1670411595.317697048,-52.528670161627076,71.516300454206061,35.327151073865060,-0.117277412990899,0.993046980363858,-0.008597460923430,0.005457733783846
911,1670411595.417664528,-52.687723686061844,71.441766585469153,35.341279912990323,-0.130623700460116,0.991281799611734,-0.010180009931932,0.013935926033552
912,1670411595.518124580,-52.836740046330121,71.367843823513155,35.319008026679825,-0.142595635291976,0.989738650550711,-0.005316733096865,0.007457932080209
913,1670411595.618032694,-52.981290195701035,71.297039479293701,35.290514649562624,-0.114289253117796,0.993396069312558,-0.001339423402805,-0.010021079836249
914,1670411595.718623877,-53.140889721025474,71.227942063938670,35.303849171585611,-0.106256592401309,0.994038021147737,-0.013868126816881,-0.020140112773893
915,1670411595.818903208,-53.312969702122267,71.163000245494331,35.330660179780473,-0.101388401392504,0.994682044318685,-0.014783986521145,-0.010462146797757
916,1670411595.920318604,-53.488759562739830,71.103952337791327,35.330696417856338,-0.075707159760836,0.996972692843514,-0.017667706543891,-0.001314469771007
917,1670411596.019067049,-53.658581479854774,71.046500741727030,35.294833423242245,-0.087624364175138,0.995889121654117,-0.022941729781170,0.000710780234637
918,1670411596.118365049,-53.828223100828168,70.984016082538574,35.295379461285201,-0.106987652303217,0.993832720747383,-0.027261788528241,-0.010342161898834
919,1670411596.218342781,-54.002564850011204,70.916423562156268,35.321476303562655,-0.104741442272753,0.994131900509621,-0.023729912071189,-0.012957080413704
920,1670411596.318335533,-54.175333630101427,70.847333789254719,35.347783704329721,-0.125064271736098,0.991893478870831,-0.022259418041448,-0.003282196992256
921,1670411596.418517113,-54.343105420255263,70.778068363073515,35.336111025249501,-0.131536740592523,0.991180864398268,-0.015491241285612,-0.004312930376143
922,1670411596.519458294,-54.510002426527095,70.710834890032814,35.305929812953678,-0.097086712614299,0.995188017583008,-0.008257177102520,-0.010334356257071
923,1670411596.619096756,-54.676295098146632,70.645109581092839,35.320313982195735,-0.089907431697661,0.995545493381642,-0.014743747546510,-0.024257910901770
924,1670411596.718482494,-54.846227085452050,70.582408184304001,35.347135302260618,-0.077799324671223,0.996665212789119,-0.013902904892415,-0.020308321749340
925,1670411596.818754911,-55.017278553305353,70.524884003960409,35.366188740471841,-0.047334794288241,0.998671516794861,-0.007858705056897,-0.018784556081255
926,1670411596.917469978,-55.187697020441156,70.468739785293607,35.335200171782660,-0.056424273449863,0.998134659639055,-0.013531204889484,-0.018984443292401
927,1670411597.018338919,-55.372976453028798,70.401782754843424,35.317063592161261,-0.078974225760261,0.996514167834637,-0.018089977513356,-0.019883100461821
928,1670411597.117722750,-55.572107260366579,70.325988301076208,35.351434074703178,-0.076699208286969,0.997024454020843,-0.004492881499088,-0.006267658927123
929,1670411597.217324495,-55.762368269847954,70.251637402085919,35.378876500270728,-0.083041163129763,0.996415655880348,0.003647044930618,0.015706845828069
930,1670411597.316993952,-55.934876977677028,70.178937027095557,35.367450007674037,-0.101391628199799,0.994570797159057,0.006538939769064,0.022492430639846
931,1670411597.418073177,-56.102961540614146,70.108815690063807,35.343603647545493,-0.078080998108567,0.996729451257567,0.011036172047886,0.017662435751877
932,1670411597.518605709,-56.276314241856610,70.039453992850667,35.367883596750850,-0.070000094408119,0.997530469195724,0.002335999803270,0.005243368567339
933,1670411597.617542982,-56.456910672218591,69.973334786767410,35.404339749291388,-0.082033474071630,0.996474922882103,-0.007007005180383,0.016097797279379
934,1670411597.717614174,-56.634257240567599,69.910247401583092,35.421315545715956,-0.076424660958787,0.996699246161618,-0.010315623400135,0.025366746185958
935,1670411597.817664385,-56.807389776027399,69.846938394820441,35.394180908178335,-0.079544537415624,0.996343688210325,-0.016711103203922,0.026318445252120
936,1670411597.917336464,-56.983525879400965,69.779113969279578,35.394342208917394,-0.101727402185187,0.994475533747675,-0.016565091755329,0.019888342240304
937,1670411598.016842842,-57.167103184708843,69.711214039912662,35.435370489068433,-0.110619240060881,0.993623845777955,-0.016886847415572,0.013779376406164
938,1670411598.117228031,-57.351509264968499,69.647643759498067,35.470669075965624,-0.122728954579595,0.991971725323580,-0.012079611533421,0.027996122080761
939,1670411598.217453957,-57.526613662525591,69.588473834219130,35.471098819787940,-0.141368480984765,0.989324707661549,-0.012467197726301,0.033108071150462
940,1670411598.320511818,-57.700849946101741,69.529660409885494,35.451025379541413,-0.116194581583036,0.992752739978957,-0.006539966400737,0.029967404200116
941,1670411598.419443369,-57.867999805996050,69.471692454837509,35.471488609325775,-0.098249704798070,0.995063318340713,-0.004825874448320,0.013141496705884
942,1670411598.518883467,-58.042420613272007,69.415072960734733,35.504357730941372,-0.088735382080378,0.995987779957151,-0.008027173429032,0.008362931891158
943,1670411598.618234634,-58.220559451882330,69.364545809394102,35.533091280593737,-0.062932654376095,0.997859422041208,-0.002690407503777,0.017573177408468
944,1670411598.718701124,-58.401662683632360,69.319079851020078,35.520378093803842,-0.043790736849775,0.998795977735841,-0.003477429216637,0.021837438286187
945,1670411598.817079782,-58.588757282553821,69.269666806697870,35.499451579878830,-0.057460209911894,0.997903017502232,-0.011008911461476,0.027689272385797
946,1670411598.917049885,-58.795305834785566,69.205543959996675,35.534280573624550,-0.069048897079759,0.996991458626843,-0.014034882437179,0.032300206069997
947,1670411599.015579224,-58.991586159540432,69.137219754840729,35.573023869968246,-0.087102253208003,0.994666142943720,-0.004489013889365,0.055066417368975
948,1670411599.116258144,-59.166383979424189,69.072835488157338,35.588135222423425,-0.101975384289165,0.992720572200029,-0.001235535186040,0.064073083137368
949,1670411599.216949224,-59.327410187928564,69.011960252413587,35.578706508409809,-0.102314007361021,0.993047591565059,0.003167777103125,0.058123058873316
950,1670411599.317362785,-59.490294813616217,68.951448691628812,35.591380754582737,-0.089036910590830,0.995145002234569,0.002750302350623,0.041848403995612
951,1670411599.418632984,-59.668934736622198,68.889576337394629,35.633178626307824,-0.060333516145531,0.997498878376120,0.000465685317179,0.036818984302728
952,1670411599.518473864,-59.849130788320785,68.829465591001025,35.673053132012313,-0.054808169747350,0.997065544846799,0.005558910237277,0.053155078076087
953,1670411599.618423700,-60.021050907097276,68.770775409062395,35.680906480096205,-0.049490382921812,0.997147684503536,0.003970863036587,0.056845664163888
954,1670411599.717860222,-60.187235203479183,68.709036633732694,35.659604591841422,-0.056280863898109,0.996875653766745,0.004588555015410,0.055229887279236
955,1670411599.817293644,-60.367934802843521,68.639989414410678,35.686771641985437,-0.076497842660683,0.995935891806308,0.003795124392259,0.047385403987756
956,1670411599.917898655,-60.553145441157724,68.570916684957751,35.730370234582125,-0.090416567144949,0.994274425294204,0.007952744228054,0.056391182385605
957,1670411600.017789364,-60.716861016590990,68.511925715967593,35.763539254177743,-0.106766464852821,0.992329971206301,0.010682284716474,0.061384354861561
958,1670411600.117960930,-60.869642848941794,68.459915153368868,35.760977061538597,-0.111954238541139,0.992163461890392,0.008834357056433,0.054771046162601
959,1670411600.219067574,-61.031362267215819,68.412143381695458,35.750111197843580,-0.089810544672760,0.994921292553138,0.007757515265725,0.044782905744023
960,1670411600.318308830,-61.210357711117368,68.364560713814612,35.776207748560338,-0.075258135208827,0.996459774785950,0.001949894213247,0.037420959781666
961,1670411600.419051170,-61.406395469817518,68.317366168659746,35.816257296981433,-0.037909125964478,0.997499475727043,0.004272087198331,0.059493221158837
962,1670411600.518637896,-61.590128932912528,68.272252088159533,35.846416988254013,-0.021304118504117,0.996784156005871,0.005300665920702,0.077067397849050
963,1670411600.617797136,-61.759901763812067,68.230031793908282,35.835919361836496,-0.005581293457597,0.996771300591297,0.009056711668320,0.079585171072456
964,1670411600.716837406,-61.935575721341522,68.180211523395883,35.841512292586117,-0.025628768998534,0.996864865875787,0.003653040638291,0.074768045822830
965,1670411600.816265583,-62.123309998958462,68.122834211267403,35.879623074245792,-0.061035334518820,0.995585091051695,-0.000554992830131,0.071307127264543
966,1670411600.916490078,-62.303466506109672,68.068295215638429,35.921751863417455,-0.083456934694978,0.992623760928434,0.001453716171784,0.087925513935956
967,1670411601.017664671,-62.463378263468698,68.021025084278463,35.947393417024493,-0.100417632452314,0.991102666304600,-0.000523869304610,0.087358625776373
968,1670411601.118748188,-62.608838721215243,67.980646450004826,35.940148887494061,-0.096519390150760,0.992652937332286,0.002173869103303,0.072934406308899
969,1670411601.219439507,-62.758259541833247,67.943412838303189,35.949997326911316,-0.078020665023966,0.995745412553781,-0.002363937088587,0.048972043134424
970,1670411601.319085598,-62.923921869521045,67.904699231924056,35.988190005784801,-0.061013720407546,0.997305326780854,-0.006685268674351,0.040183557325304
971,1670411601.418990850,-63.092686106142594,67.865724191609644,36.025593420284878,-0.045776756534827,0.997746002983761,-0.006059916538161,0.048689624178361
972,1670411601.517995358,-63.251905670771343,67.827676718896598,36.025323434486189,-0.029188803586814,0.998403113606664,-0.006790136867630,0.047886642469568
973,1670411601.617301941,-63.413213824672745,67.785607865545742,36.001092601071292,-0.027903343418475,0.998639916669917,-0.003320729200600,0.043916887607713
974,1670411601.717338562,-63.586435064185373,67.737652353434314,36.021900212955039,-0.043240974167515,0.998560581030230,-0.001498114899079,0.031697631100165
975,1670411601.817085981,-63.765377962038947,67.689507895778988,36.057335849031446,-0.052532068453554,0.997900512861893,0.006103502820461,0.037385765570362
976,1670411601.916666269,-63.928540076357585,67.643792004819858,36.084524401397289,-0.076862934890052,0.995936105524148,-0.002815759022758,0.046855463444583
977,1670411602.018251419,-64.079748920410864,67.599325015210709,36.078434537951566,-0.091355301497788,0.995013144844486,-0.001434951589003,0.040012390441846
978,1670411602.118729830,-64.227930518191187,67.556894230784096,36.066550451011189,-0.077402349983990,0.996690304704614,-0.004952210960754,0.024347244841660
979,1670411602.218691349,-64.387885916112268,67.511524273688863,36.101183659386329,-0.075254426232492,0.997005686568577,-0.014721743437585,0.009985116548937
980,1670411602.318984985,-64.556116409806208,67.462272225039001,36.142192401656800,-0.068324892824293,0.997407269073725,-0.016516419162065,0.015416112269533
981,1670411602.418628454,-64.719767790062150,67.414450683156517,36.164553144579472,-0.054931720057087,0.998199711835445,-0.012106464393793,0.020815257459041
982,1670411602.517882347,-64.878554067735251,67.366523174694308,36.145288560653611,-0.047681071961388,0.998640744719295,-0.011426512157786,0.017680870538876
983,1670411602.616980314,-65.038945358977330,67.316765685241521,36.135064451659964,-0.060358433439564,0.998127727521634,-0.007243641702735,0.006740083093122
984,1670411602.716576338,-65.213364677889459,67.264231509580483,36.172776975464252,-0.059898386249251,0.998199183751339,0.001806104038766,0.002703862255737
985,1670411602.816674232,-65.385712276633683,67.215219753346403,36.207609592259942,-0.057943804081234,0.998230675642524,0.005719591580098,0.012054876483085
986,1670411602.916707516,-65.543682394326964,67.168500321987793,36.212705125393271,-0.082941229421317,0.996457396891295,-0.001584932683638,0.013816534699154
987,1670411603.016935825,-65.691391351599549,67.119446757966244,36.185024733835519,-0.082952326456912,0.996540838173504,-0.003745191392760,0.003353047757911
988,1670411603.117372513,-65.836811530086138,67.064969189965993,36.175786835327614,-0.062597657607340,0.997851275994403,-0.007156196099804,-0.017976460046331
989,1670411603.217617750,-65.988123360531702,67.009139428483991,36.197961980096736,-0.047230484076895,0.998374754982876,-0.012718795958149,-0.029246576143533
990,1670411603.317036629,-66.143987847914005,66.955380949571975,36.226367740031819,-0.041427772355442,0.998808094318770,-0.010256503136636,-0.023684056755134
991,1670411603.417174816,-66.304688545362481,66.904714042870182,36.222910151511137,-0.027922901800257,0.999350146464894,-0.011358116880306,-0.019763337182320
992,1670411603.515948057,-66.467045160548352,66.852105930873449,36.187923377997848,-0.055570265587499,0.998143251142932,-0.017970138498724,-0.017293637636136
993,1670411603.616235733,-66.631919980368551,66.795792337825475,36.188346112306867,-0.072919317993599,0.996791463776020,-0.020397212234497,-0.025951966007762
994,1670411603.716258526,-66.800378308021678,66.740910337160244,36.205205940455770,-0.081423158018090,0.995914870847905,-0.025955465155268,-0.029157386558748
995,1670411603.816524982,-66.972463969174839,66.685445262670896,36.224737803048981,-0.115116928509659,0.992787906637611,-0.028899691122457,-0.016884106658011
996,1670411603.916892290,-67.144146278070409,66.628754430848801,36.209228766809723,-0.128513201736084,0.991346134178502,-0.025970961292360,-0.006535166289462
997,1670411604.018221140,-67.311936971745922,66.572202144245551,36.179959872318932,-0.088030725890302,0.995782287177082,-0.025381540528590,-0.004899514670003
998,1670411604.117906809,-67.469277943886667,66.516070563278419,36.185067059846965,-0.085833902590227,0.995675515825593,-0.030028068103956,-0.019003249130503
999,1670411604.218235493,-67.630076136370974,66.461661788245976,36.207029729553987,-0.059452446394766,0.997787287282946,-0.023726357821893,-0.017972086654738
1000,1670411604.317872524,-67.789596313433719,66.413190100728514,36.224987497127564,-0.028086800915530,0.999313136907280,-0.019644194987563,-0.014088705481835
1001,1670411604.417318344,-67.948458740965307,66.369574816902642,36.200063054594423,-0.023663685097148,0.999445189863523,-0.017031719108533,-0.016101646204556
1002,1670411604.515817642,-68.108498471564545,66.327655706224192,36.173141468313780,-0.047509389482227,0.998422311376094,-0.020761459648486,-0.021557083539007
1003,1670411604.617165089,-68.285220510607260,66.279822204519576,36.198122486330284,-0.055681253403305,0.997991187760796,-0.017550829874230,-0.024599909389223
1004,1670411604.716341019,-68.459406193236035,66.231452722265388,36.228042279650111,-0.059303694929773,0.998076969128863,-0.014350711999504,-0.010931263757081
1005,1670411604.816633940,-68.624355478642329,66.179957064369688,36.231579387358508,-0.084066697771876,0.996343114494491,-0.015107408114202,-0.002225925699903
1006,1670411604.916890144,-68.777104545898439,66.129103982138602,36.203732744593530,-0.074433712890935,0.997161238068333,-0.010458668246495,-0.004438911782181
1007,1670411605.018409729,-68.924771556911381,66.077004597121871,36.194701141167776,-0.053201314462865,0.998317204194001,-0.012097871535076,-0.019647428687155
1008,1670411605.119898558,-69.079484057712747,66.024511329672393,36.213883678399746,-0.047225285413727,0.998298494841859,-0.014462936014950,-0.030995339906168
1009,1670411605.218973398,-69.239379542984054,65.973881885139448,36.238538749745423,-0.039003328872058,0.998897306453152,-0.011101774242501,-0.023657178745650
1010,1670411605.318527460,-69.404342723799601,65.926001615675574,36.230380200391686,-0.029165134186533,0.999318973628462,-0.013743967536108,-0.017946789417779
1011,1670411605.417605162,-69.570441495022365,65.877621360616274,36.190502643497716,-0.048288115318207,0.998569396025885,-0.017084214780408,-0.015347600621975
1012,1670411605.518625736,-69.739267650479093,65.825612875568652,36.182356263432041,-0.063765551849771,0.997408587075041,-0.019079072955273,-0.027313985454938
1013,1670411605.617835760,-69.908973138251653,65.775003023166676,36.190511905680239,-0.077402703493201,0.996336700537804,-0.017560552462749,-0.031837519542014
1014,1670411605.717529774,-70.081506666662222,65.722063207511638,36.211990670402493,-0.112549197829850,0.993215105328859,-0.021189090468964,-0.020185516083054
1015,1670411605.818876266,-70.254110009944100,65.666873613864794,36.199800127168196,-0.137228099259771,0.990299963758287,-0.017832140744130,-0.012507809974903
1016,1670411605.919877768,-70.423453580057398,65.615451498199548,36.160733205886743,-0.097255029420136,0.995049724258481,-0.017530951450793,-0.010496249179566
1017,1670411606.020222664,-70.592199573079583,65.562643525323381,36.159876835126425,-0.074379375162843,0.996894477556427,-0.020641606616496,-0.015589523539046
1018,1670411606.119434118,-70.762799838228730,65.512532483450144,36.180683556617105,-0.055254330507298,0.998344290728627,-0.015011363287449,-0.005504098654310
1019,1670411606.218874454,-70.928116847676449,65.468793403622428,36.193292992231292,-0.033563534224520,0.999366953058195,-0.011606681830634,0.002113585205657
1020,1670411606.318043470,-71.087138241985201,65.429517047557496,36.162140399831493,-0.034494617270121,0.999297389235730,-0.014487330523561,0.002228564637473
1021,1670411606.417279720,-71.245700588974188,65.388839848935675,36.136721032180212,-0.061684521680969,0.997887316088559,-0.018946836360729,-0.007545963588732
1022,1670411606.517525434,-71.416338893103671,65.341109654716774,36.160866839264337,-0.071669066275531,0.997191725540754,-0.016258458923172,-0.014417696268531
1023,1670411606.617877483,-71.588648470669895,65.293235559148457,36.191160429238451,-0.078311554650043,0.996838836642981,-0.012039048505859,-0.005890286889031
1024,1670411606.719195127,-71.758082745062666,65.245255824830423,36.190317833680979,-0.099629214790029,0.994970937607310,-0.010234651780893,0.001450786020602
1025,1670411606.820053577,-71.920199884929829,65.198462530089785,36.154566136241250,-0.078409184778124,0.996862686542145,-0.010786439266494,0.000660795245705
1026,1670411606.920819044,-72.078969647994654,65.149287635897807,36.137993221306594,-0.054834829378827,0.998354619318829,-0.010375643247748,-0.013173518852099
1027,1670411607.020449162,-72.243119513791370,65.100363813425801,36.152158510106403,-0.049035764731712,0.998595946514372,-0.012780517942949,-0.015436571619078
1028,1670411607.119781256,-72.408274897941084,65.053356729214102,36.177664154601153,-0.031609988985580,0.999356273068344,-0.016560247490310,-0.003688668911854
1029,1670411607.219316483,-72.568616385485683,65.009357125577765,36.169844548416862,-0.029639413418321,0.999359218941742,-0.020057453635324,0.000596021841388
1030,1670411607.318368435,-72.723572983094087,64.960648274975256,36.133090286510154,-0.050994095450097,0.998427017141691,-0.023303284676935,-0.000224931184181
1031,1670411607.417446852,-72.878805328452032,64.906834141166527,36.128772182139329,-0.059739663089637,0.998018843905575,-0.015950694720531,-0.011624766718064
1032,1670411607.518009663,-73.042974793807403,64.849149770488978,36.148982706056749,-0.069027597805150,0.997526021850140,-0.011389204606540,-0.006878407629265
1033,1670411607.618359566,-73.200897715798533,64.794152289750869,36.171598967726823,-0.082607772950586,0.996550044283949,-0.007050325314875,0.003775976530496
1034,1670411607.718693972,-73.349717652980161,64.740583080938180,36.155543866294273,-0.088968619218695,0.996026083300298,0.000978379561037,0.003958402862490
1035,1670411607.819432735,-73.495805262381083,64.688318571781366,36.123967919318964,-0.062938139983986,0.998009367733433,0.001713495520657,-0.003627173110215
1036,1670411607.921455383,-73.649548909010662,64.631564174544181,36.130846322564210,-0.061438637408654,0.997945869461744,-0.001156513512340,-0.018110713241281
1037,1670411608.021404266,-73.809417491037337,64.573790007510681,36.152098279539040,-0.049442398232727,0.998702852618163,0.001613622809884,-0.012060582521925
1038,1670411608.120870113,-73.968970898402944,64.519987809367777,36.167761812214188,-0.021360471722833,0.999751808539846,0.004172788790751,-0.004758088144767
1039,1670411608.220012903,-74.125946169131680,64.469618857090722,36.143285048481488,-0.029070149644234,0.999560051568128,-0.002635233984099,-0.005261677549265
1040,1670411608.321088552,-74.287044063879108,64.418076135964000,36.120956641952681,-0.055155472681021,0.998388610825710,-0.006005097095856,-0.011916140973962
1041,1670411608.419557810,-74.454041326473373,64.362039508527801,36.145907045367892,-0.064488270042019,0.997700629343407,-0.009010643238578,-0.018802274947058
1042,1670411608.518931389,-74.624212453462803,64.302367629872975,36.175063477996233,-0.083456161291371,0.996464756132926,-0.006210689008070,-0.007381481524944
1043,1670411608.618915081,-74.789948552307720,64.243052472318311,36.175387845910493,-0.099838216556523,0.994997401080716,-0.003402134190387,0.000963244717117
1044,1670411608.719138622,-74.950070172094541,64.184047374420146,36.142577064653707,-0.090990305088853,0.995843950215098,0.000834747447095,0.003859325916112
1045,1670411608.819465876,-75.105535667847889,64.123794276546562,36.132418246945413,-0.085827080344382,0.996259807322722,-0.007161832901193,-0.006986897905880
1046,1670411608.919433832,-75.268983539571323,64.066942105569865,36.154467852630077,-0.084140531296873,0.996267473049518,-0.017626457699069,-0.007797507652523
1047,1670411609.019302845,-75.436648578118096,64.014467362461019,36.181388654794709,-0.090920926577146,0.995604742172870,-0.021889482974249,0.005043114946714
1048,1670411609.121708393,-75.605738274867534,63.964152290514079,36.172239547878249,-0.094876647676528,0.994968791391408,-0.030227988187664,0.011036059664199
1049,1670411609.211707115,-75.753898638507508,63.918639548592829,36.134632984824442,-0.112178222037911,0.992819420077579,-0.039949109174253,0.011389218297037
1050,1670411609.310776472,-75.921313225105578,63.865317897463342,36.121601644331463,-0.133398742977879,0.990080379785334,-0.044093438900624,0.001177107458091
1051,1670411609.411111116,-76.098113503436167,63.807934771134143,36.142636088854552,-0.138343962123832,0.989627734401117,-0.038671904319218,0.001542486407757
1052,1670411609.512999058,-76.271898552355466,63.753340825282045,36.169230947177290,-0.141223165456009,0.989304830428751,-0.034808999618006,0.010968298615473
1053,1670411609.612989664,-76.430134082324102,63.702492093729894,36.161551247635501,-0.151979772536419,0.987953620489838,-0.027444954947956,0.009826848360726
1054,1670411609.713732243,-76.583529584543669,63.661310169121506,36.120301297566904,-0.111297601179783,0.993505361452726,-0.023642877289010,0.000977286964779
1055,1670411609.813732862,-76.742885125710202,63.627293056212842,36.105653980111533,-0.090898591566403,0.995299112172941,-0.031211514382518,-0.011956785895498
1056,1670411609.913621426,-76.916743854888495,63.593677768362795,36.124700028383273,-0.078915130758424,0.996288889124245,-0.034273627329460,-0.002483951416533
1057,1670411610.012937784,-77.089197918542538,63.561427549257075,36.150827983540516,-0.055223802377804,0.997836392436521,-0.034361501450608,0.009599624902395
1058,1670411610.112434387,-77.252726448519340,63.529029418600651,36.127020127729097,-0.045220786623434,0.998250855116336,-0.036170791864427,0.011915726270900
1059,1670411610.212399244,-77.410452315318679,63.494422019164404,36.090000942045769,-0.063946496901040,0.997332451625156,-0.035183112632713,0.000987448690219
1060,1670411610.312105179,-77.571828271494141,63.457425246708404,36.098939788793615,-0.066763444717666,0.997094343430183,-0.033541261347966,-0.014849125770599
1061,1670411610.412039280,-77.738946310356638,63.419371239454726,36.131187070768021,-0.074642364080333,0.996803777147877,-0.025140049789041,-0.013368816134183
1062,1670411610.512001753,-77.900323390298368,63.381317748245195,36.142136938862372,-0.090443808647045,0.995513998862554,-0.025781213516539,-0.010350100275746
1063,1670411610.612725019,-78.058820536799075,63.343601330584150,36.106853761063626,-0.080864071937363,0.996471453304372,-0.019100134950632,-0.011867159055578
1064,1670411610.713483095,-78.216976186975600,63.309457401137387,36.073729669693549,-0.040608443388737,0.998820011948174,-0.019074187132790,-0.018593370932032
1065,1670411610.812304258,-78.374112019762393,63.276214060442165,36.075255229434127,-0.033944304326509,0.998574992095175,-0.031189294156877,-0.026888609036281
1066,1670411610.912533998,-78.537453422004518,63.240768391177134,36.096361603808496,-0.001663517046334,0.999451165385425,-0.028098620437710,-0.017466203086270
1067,1670411611.012125254,-78.696820479711434,63.204255037041641,36.109078439258816,0.016681333264813,0.999348205923848,-0.026493354766129,-0.017972161543078
1068,1670411611.111420631,-78.852116431819738,63.163883218931460,36.067091230365612,0.009301161809054,0.999274387538667,-0.029203516965837,-0.022612859064027
1069,1670411611.210106850,-79.009755909753977,63.118497786676571,36.037589153762653,-0.024813547455707,0.998739409015359,-0.027677119480444,-0.033732147864898
1070,1670411611.310292721,-79.183377994386603,63.067615562664898,36.059162574727956,-0.034656121125075,0.998650399220369,-0.014735787799292,-0.035765765244101
1071,1670411611.410436153,-79.358087916847097,63.017344486906964,36.086972006074625,-0.051841261366831,0.998318479258870,-0.008322134744053,-0.024565008924398
1072,1670411611.510495901,-79.526020699980435,62.967248026527948,36.075859148009719,-0.068081073623715,0.997522976239502,-0.003229160794563,-0.017391141684531
1073,1670411611.612196684,-79.692221734163880,62.922117775364462,36.030545419732746,-0.033695789944286,0.999227477430930,0.004868596305428,-0.019630049848809
1074,1670411611.712861538,-79.861576403646964,62.880612500684855,36.016079988986604,-0.016978211102489,0.999500339952842,0.004346078596983,-0.026304417551829
1075,1670411611.812634468,-80.040122449117376,62.842799052737121,36.036244034870933,-0.008431383224377,0.999858333877989,-0.000323820423015,-0.014564308840091
1076,1670411611.912536621,-80.216444751649959,62.809606605164753,36.060657621556494,0.014116797475358,0.999891986749903,0.004075735209191,0.000345318515057
1077,1670411612.011854887,-80.382765279148600,62.779896497466737,36.037442461387990,0.010715281237604,0.999928180267459,-0.003523820392521,0.004049659843651
1078,1670411612.110766411,-80.540515938315622,62.749832966825565,35.996799237990551,-0.021151844924075,0.999712689065569,-0.010823075995525,-0.003162246605064
1079,1670411612.210385561,-80.697922516822132,62.718082094861231,35.994152167712286,-0.032331398631448,0.998976646437966,-0.017759407168295,-0.026171434640087
1080,1670411612.311007261,-80.870731770317036,62.682034259509287,36.013242012056949,-0.048689503799147,0.998376566018920,-0.020250305448164,-0.021528812631415
1081,1670411612.411211967,-81.044700201512683,62.639131142155478,36.030825520500073,-0.072529175660913,0.997067519791201,-0.022497764550829,-0.009472605005285
1082,1670411612.512436628,-81.215258210998385,62.592919537286434,35.998812635068916,-0.056996282202751,0.998316347413535,-0.010397654999375,-0.002789815850102
1083,1670411612.613527775,-81.382397333407894,62.547547520364610,35.958219683325950,-0.018098832613346,0.999802866566460,-0.005485390360317,-0.006047375969609
1084,1670411612.712917566,-81.553555599938448,62.505140095007299,35.966749534239561,-0.014664260646489,0.999790175148831,-0.013150922529930,-0.005623021623143
1085,1670411612.812685728,-81.725780690175526,62.464637679699521,35.995474469097310,-0.002769045876910,0.999956618309298,-0.005603928007081,0.006905785636470
1086,1670411612.912520885,-81.888180165551830,62.428033407705527,35.999481502613008,0.010527792696549,0.999865720582505,-0.007781056962178,0.009857055215372
1087,1670411613.011549234,-82.042750251968030,62.394284968336684,35.958842401258956,-0.010651520945126,0.999904557234058,-0.008402722665571,0.002610704105020
1088,1670411613.111113310,-82.201357087046190,62.363613447743624,35.932702001546581,-0.033191778653090,0.999264003413038,-0.015662726141563,-0.011155102985068
1089,1670411613.210785627,-82.374977319866929,62.330544280695541,35.951583593893240,-0.046586144234760,0.998673543025872,-0.017606951305076,-0.013072141799652
1090,1670411613.311181784,-82.550678547275226,62.291954382058741,35.976900864629940,-0.066238597509572,0.997620078246494,-0.019130189929960,-0.000814562869440
1091,1670411613.410760164,-82.716218793474297,62.246420675296619,35.965526075785910,-0.087865602328948,0.995963477295421,-0.016587101494279,0.007826613891225
1092,1670411613.512218475,-82.874134595188750,62.197214153613878,35.921154507642818,-0.050743607104391,0.998667847854099,-0.008708059247416,0.003433031406887
1093,1670411613.612721205,-83.027521687451610,62.149457752181497,35.905782001364230,-0.038206829198677,0.999119572094270,-0.012799960793518,-0.011682459690904
1094,1670411613.712360859,-83.188130502375316,62.108796701968082,35.922764440842606,-0.038543930411402,0.999144370911620,-0.009799474017046,-0.011351731720495
1095,1670411613.812424660,-83.351688534134937,62.076017792320606,35.948742570410644,-0.011466905935873,0.999879724771794,-0.007691383567747,-0.007063191725680
1096,1670411613.911958933,-83.512494548404632,62.047882367055522,35.924755656272836,-0.012585536058825,0.999780276476001,-0.014667945143127,-0.008115074673774
1097,1670411614.010594845,-83.672611888498849,62.021647027957876,35.879559458046380,-0.034634611772344,0.999118140269992,-0.018441875890616,-0.014942645831547
1098,1670411614.110930920,-83.841338549610853,61.992912192263134,35.878728297122741,-0.050148263450157,0.998268999592024,-0.015825068386103,-0.026338628230218
1099,1670411614.210446835,-84.017547101631138,61.959243339894698,35.905386855157303,-0.061537750833662,0.997861132285839,-0.017379282184311,-0.013573004321641
1100,1670411614.310842276,-84.189371406527783,61.917968113681574,35.913905083155321,-0.083375345028510,0.996406434296259,-0.014918028218276,-0.000471135299329
1101,1670411614.411903143,-84.350575353204675,61.872706831730248,35.876071507033565,-0.060119373495507,0.998188515981072,0.000132170823509,0.002308684665944
1102,1670411614.512967587,-84.504412280161617,61.824737583109446,35.840865762238728,-0.024613772182478,0.999670237933659,0.004882820295223,-0.005453042689716
1103,1670411614.612088203,-84.659157818023871,61.775855142518587,35.844428092938763,-0.030340319934363,0.999396566622086,0.000516810842163,-0.016902677800312
1104,1670411614.712444544,-84.823172450590548,61.729309484883167,35.870041048213956,-0.002172660986451,0.999842890424389,0.013590044955901,-0.011170706787745
1105,1670411614.812016726,-84.986645080117043,61.690871824578231,35.876501921319857,0.006417007045396,0.999813078682971,0.015944408220794,-0.008854691499223
1106,1670411614.910979509,-85.149259837423742,61.658442696190200,35.834782513146756,-0.032041158759346,0.999407737711606,0.010264294231515,-0.007223725594033
1107,1670411615.010512352,-85.317753583507056,61.622471007777229,35.813426266409749,-0.054039234589380,0.998449968307037,0.006114953054364,-0.011833396038936
1108,1670411615.110805035,-85.496616823827310,61.575021686151743,35.836949897941075,-0.064802936220930,0.997859959935823,0.008116522503819,-0.003194037643559
1109,1670411615.210876703,-85.667992326601933,61.525326818853827,35.858390306817313,-0.085238679916177,0.996255449382442,0.002481629352714,0.014257928941180
1110,1670411615.311158895,-85.827138942616415,61.472143972986501,35.843955497017973,-0.104185425650057,0.994317117022336,0.007302280737729,0.020628731772312
1111,1670411615.412129164,-85.978605486704097,61.417756729595311,35.807444878003643,-0.080554540980644,0.996624163085425,0.008086829750012,0.013632559050628
1112,1670411615.513308048,-86.136881031848191,61.362930418281962,35.805512336424229,-0.075845589005472,0.997107183925413,0.000073034892659,0.004970418357676
1113,1670411615.611928463,-86.303987573849753,61.309243827126870,35.829473527174116,-0.077207594349019,0.996889037211408,0.002370602868656,0.015672112320548
1114,1670411615.712496281,-86.470394302649723,61.259741381343112,35.847619380817335,-0.047951821762244,0.998446402582267,0.008479783214782,0.027083154115454
1115,1670411615.811913967,-86.625697524859433,61.216860678309068,35.820865811074313,-0.057048722162789,0.997904166536180,0.007675530824993,0.029560174828283
1116,1670411615.911052942,-86.775272317304328,61.175020903945942,35.786135432095513,-0.084928160794211,0.996175415624832,0.003090005622682,0.020302725778996
1117,1670411616.011031628,-86.931673353699509,61.129437617994235,35.795712758988898,-0.092997876181826,0.995625366257755,0.008537385703138,0.002939070454714
1118,1670411616.111313820,-87.094651813934206,61.082898728858517,35.822304197165778,-0.100986148474514,0.994789297050635,0.012732274488554,0.005825931353442
1119,1670411616.211091280,-87.249603619783215,61.036492180952230,35.833919277418609,-0.126510329814509,0.991843707597828,0.012904570822324,0.008641076362936
1120,1670411616.311847925,-87.399240495352259,60.991982969209090,35.800136339909599,-0.111041147096567,0.993576559467079,0.021331804938422,0.004520865747747
1121,1670411616.412842035,-87.551848748327927,60.948697548398805,35.764673164350704,-0.071480348167987,0.997137556421728,0.023397346064815,-0.007734183616379
1122,1670411616.512472868,-87.717269983796328,60.904754775613434,35.776522719268698,-0.061436981053395,0.997936903825415,0.016136462894017,-0.009329946819715
1123,1670411616.612623215,-87.887032159353268,60.862753691080783,35.803384388766979,-0.039224108807432,0.999061231476448,0.018081598631119,0.003343776303650
1124,1670411616.712059736,-88.048780007963146,60.825097868770449,35.803171451732275,-0.031236780517631,0.999361904134067,0.014791705749625,0.009014075074120
1125,1670411616.812436581,-88.203264528682183,60.785435612009984,35.764683760761123,-0.052751107515366,0.998574826583570,0.007086545393692,0.003926479832933
1126,1670411616.911537647,-88.355846401071588,60.742052667026812,35.749412451244027,-0.073411815365108,0.997226186250373,0.006565072458739,-0.010370084134045
1127,1670411617.011178732,-88.519200996191003,60.689270763337007,35.774601439801543,-0.076402339011587,0.996919331514851,0.011370437160541,-0.013610371204315
1128,1670411617.110531330,-88.678600038960752,60.632305524222801,35.800845483473104,-0.103569295025108,0.994539625993285,0.012188354553318,-0.003972086406696
1129,1670411617.210962534,-88.833036307964193,60.574056083700093,35.791156571545294,-0.113156383960326,0.993325452372849,0.022341384415209,-0.001020284132037
1130,1670411617.312310219,-88.987326114082634,60.517754130200011,35.753103877106788,-0.082581983249604,0.996192649298012,0.027186450018835,-0.006427943881531
1131,1670411617.412698030,-89.142100482775376,60.463150452938798,35.741920251363439,-0.070662871892278,0.997159696498152,0.019513672683391,-0.017277580677094
1132,1670411617.512588739,-89.298199358326869,60.409188433203788,35.756969622782407,-0.063639444190730,0.997686158797703,0.018751912635655,-0.014856495518289
1133,1670411617.612502098,-89.449736839317822,60.356107545228099,35.778952983418655,-0.042063408034528,0.998729044771630,0.025180406248537,-0.011700939074577
1134,1670411617.712208986,-89.596139829331804,60.305979129405138,35.767005791211268,-0.043441537781455,0.998673560728287,0.024125972436578,-0.013486636031889
1135,1670411617.810929298,-89.738081891717826,60.259410058746603,35.731054855857181,-0.070486191028706,0.996919413963535,0.025896810970850,-0.022643633065540
1136,1670411617.910497427,-89.884036945688521,60.209918263972298,35.726855609634931,-0.093276189415455,0.994607444576530,0.023895540650734,-0.038530336334984
1137,1670411618.010780573,-90.038787987449197,60.152745802654451,35.748841206778160,-0.106894054443909,0.993258966006018,0.026334876283117,-0.036287213510428
1138,1670411618.110131264,-90.189561786725491,60.092545023866371,35.766731719060651,-0.134798172179075,0.990166274159746,0.027854773353631,-0.024986274136110
1139,1670411618.211850405,-90.338973101913624,60.032973312699191,35.743604515780397,-0.137599354659074,0.989711833586795,0.033351803170258,-0.020604884881101
1140,1670411618.312542200,-90.486852132328551,59.977498885565396,35.696599339055972,-0.123213600755953,0.991475877552749,0.034363801319195,-0.024761300019458
1141,1670411618.412368774,-90.643799426940191,59.919586052794237,35.680792312668579,-0.126203282734544,0.991290785153602,0.027420276614431,-0.025757312106816
1142,1670411618.512619734,-90.810926460242129,59.856882883338514,35.692363634283360,-0.121752214756019,0.992172782508239,0.026181307191396,-0.009170987166775
1143,1670411618.613789558,-90.974469612917176,59.795034773193180,35.701325022352350,-0.121553501988952,0.992182798502377,0.027817817972203,0.004920316400345
1144,1670411618.714585304,-91.130932432305016,59.736417901136264,35.670361920040740,-0.138661231625564,0.990039396866956,0.022505715679087,0.009410008351139
1145,1670411618.814078331,-91.277490516959162,59.677413046187674,35.615244806351477,-0.165011638031558,0.986208362645193,0.012800666646885,-0.000606379604754
1146,1670411618.912787914,-91.415691182791463,59.612993874466717,35.582166461122107,-0.198138877312899,0.979790330946192,0.011873417454723,-0.024716687469840
1147,1670411619.013233900,-91.565320100667478,59.534080170636450,35.600010927954322,-0.227492681869996,0.973503807425125,0.008934052482836,-0.021391571485425
1148,1670411619.113770962,-91.715008877776555,59.446815311929889,35.616281145170390,-0.265220515112679,0.964066713508857,0.010306931228431,-0.011279070717453
1149,1670411619.214138031,-91.857278524243767,59.359253354317467,35.579832206012043,-0.271018695025305,0.962374384889219,0.016373108404784,-0.010785711707770
1150,1670411619.314809799,-91.995413557023312,59.271954860560442,35.528771976011640,-0.251219699970988,0.967610109773894,0.015699007051710,-0.019310074765026
1151,1670411619.414715767,-92.142038857120809,59.178703388721374,35.531241116295220,-0.243475252819337,0.969676132798600,0.014497336850570,-0.015421607229920
1152,1670411619.514597654,-92.289658157051804,59.085468906665390,35.557165014145546,-0.231554739457358,0.972664958957834,0.017415013993528,-0.001413342844437
1153,1670411619.613542795,-92.425670124385846,58.996100707164636,35.556671901498611,-0.239954288736613,0.970694884098861,0.012190517487401,0.004977206505055
1154,1670411619.713720560,-92.551994734707620,58.904958374968224,35.517922336133537,-0.276309649247801,0.961043765669634,0.006566448943409,0.002177142246302
1155,1670411619.812397480,-92.667092279765811,58.808205781537694,35.495806195138549,-0.304839486697813,0.952247902949369,0.000999964267902,-0.017199382250719
1156,1670411619.916831017,-92.787499850869992,58.688842365798862,35.509293748662010,-0.328316421782548,0.944190511208254,0.006998722430768,-0.025760893162647
1157,1670411620.017220020,-92.899203686236632,58.563157042357915,35.530418895083571,-0.367289775374140,0.929901871803277,0.003874845325603,-0.019123684165924
1158,1670411620.118434191,-93.003714492316874,58.432824933784183,35.511290348461664,-0.401123722589262,0.915824300370743,0.009367420700675,-0.016669176823957
1159,1670411620.221137285,-93.104435986243459,58.300563895605620,35.463057100415021,-0.389071711602502,0.920694749867809,0.013236631099729,-0.027733957411130
1160,1670411620.313381433,-93.193545856298627,58.175441653831960,35.449163338693772,-0.383330135919548,0.922601969715403,0.010392427948289,-0.041899997786388
1161,1670411620.413075924,-93.295142739870087,58.029729480339022,35.470772660810653,-0.387525546443929,0.921127510636230,0.013764835148754,-0.034038056874094
1162,1670411620.512305021,-93.394059320608434,57.887087472966954,35.494726480695014,-0.391625476087220,0.919725938680857,0.014994042755780,-0.022557989248007
1163,1670411620.610396624,-93.488426054373178,57.750498380983515,35.472790347344016,-0.432283933812339,0.901618385725831,0.008509203517674,-0.011936521451847
1164,1670411620.710126400,-93.575730883660242,57.610443483794910,35.433994173913739,-0.475185775946561,0.879772727201482,-0.000705731462082,-0.014068715422329
1165,1670411620.809947729,-93.650066195599805,57.457921633272264,35.440770180026334,-0.500401429870025,0.865567087148905,-0.001618470038567,-0.019733402730622
1166,1670411620.910132885,-93.712669865844418,57.298352489776157,35.467550798186117,-0.534629321363259,0.845040092445530,0.000725995951149,-0.008843292836385
1167,1670411621.010288954,-93.761183136589182,57.140593098810541,35.469529950285484,-0.577396824322663,0.816454421297538,0.001643888309572,0.003518925550688
1168,1670411621.111664772,-93.802803015556790,56.983473207851645,35.432676835620498,-0.582292170324205,0.812927316099941,0.007685194050141,0.005093614638593
1169,1670411621.212394476,-93.837596493383117,56.823275473526657,35.406233737881564,-0.579691901044634,0.814821235194513,0.003338471580673,-0.003536827229498
1170,1670411621.313220739,-93.875458533757495,56.649576766267323,35.423888081135182,-0.580177274398778,0.814476582341267,0.000550787750608,0.004682277410434
1171,1670411621.411480665,-93.909551232708552,56.481770824541435,35.450301958323557,-0.592965382263668,0.804971780570238,-0.000348208263676,0.020306813474480
1172,1670411621.510044575,-93.932893686477101,56.323762868437072,35.449680459594695,-0.611132315559513,0.791063472174721,-0.004053076278399,0.026822536092339
1173,1670411621.609973192,-93.945696143000475,56.170472402828473,35.416740189582299,-0.634181394728112,0.772972553274078,-0.009550197123421,0.015368285544042
1174,1670411621.709602356,-93.951221736468071,56.016609543356502,35.400454903195254,-0.654245850493246,0.755975393747177,-0.021520421191737,-0.000665306620200
1175,1670411621.809902191,-93.951246756823352,55.847973265619508,35.418780827973187,-0.671628595643046,0.740475743373066,-0.022521338528512,-0.010173116608932
1176,1670411621.910542011,-93.946791417751285,55.673886305765365,35.445714430442131,-0.693281147042058,0.720538606049392,-0.013302862076954,-0.002898656414543
1177,1670411622.010839224,-93.935977269055911,55.504369471544805,35.436974506849737,-0.716195081296322,0.697831069394159,-0.008158565039042,0.005462776918579
1178,1670411622.112672329,-93.921564176094861,55.338150792409103,35.398378574948161,-0.699200665559512,0.714911150254545,-0.001788572259249,-0.004156625089219
1179,1670411622.213479519,-93.901846391913921,55.172873437346226,35.390830919399512,-0.684358001041023,0.728984921213710,-0.009021800760680,-0.012398312998611
1180,1670411622.312942743,-93.880704923936293,55.000643025496892,35.413693126618377,-0.682692681487178,0.730649342932759,-0.007749028635227,-0.004710931010519
1181,1670411622.412021637,-93.857119327908848,54.832399598381244,35.438519033399459,-0.677759400421953,0.735282775914609,-0.001116936198414,0.000432477179185
1182,1670411622.510799885,-93.832462397810303,54.670851873155087,35.420906867722344,-0.682399407787982,0.730939799920723,-0.006020173830367,0.004670615539445
1183,1670411622.609487295,-93.801296722061991,54.507462929369204,35.383408694062091,-0.708891466410961,0.705244614210914,-0.008898087531334,0.004873090857091
1184,1670411622.709439754,-93.757448815547960,54.325884414622621,35.395161780997398,-0.719461682401289,0.694503494358991,-0.006100080868155,0.001604023958593
1185,1670411622.809567928,-93.706880486073516,54.138551205631337,35.422371024910710,-0.726930587664628,0.686607116343142,0.010228713632743,0.006161324689769
1186,1670411622.911131382,-93.652218194945661,53.962382610216345,35.430004945868724,-0.747877575085147,0.663410219249712,0.018959999642417,0.014371224490929
1187,1670411623.010579824,-93.596852088382420,53.804850520421653,35.402977701671929,-0.754756708972530,0.655648569478808,0.017478898387007,0.012718164668107
1188,1670411623.111842871,-93.540278095881462,53.655925533324265,35.375250676513836,-0.746684290794541,0.665136183989259,0.006583263336673,-0.003617633577429
1189,1670411623.213019133,-93.485836428039633,53.501992402936466,35.382058392492297,-0.742899427813172,0.669266180798180,-0.008856604247496,-0.010236208081277
1190,1670411623.312440872,-93.435145585904195,53.340409327809873,35.414655020412880,-0.738754770892666,0.673916215632653,-0.001867641840656,-0.008650705441917
1191,1670411623.411870241,-93.389759064645531,53.181359012651185,35.418690831639466,-0.729238207946612,0.684217728501177,-0.000761547479943,-0.007560166726999
1192,1670411623.510900021,-93.350967708639402,53.024093903444268,35.375324614325947,-0.740024546172710,0.672513215159179,-0.007050512088550,-0.006319555160593
1193,1670411623.609592199,-93.313787640191919,52.862525622967453,35.355821490931731,-0.758594319533717,0.651222185618427,-0.019378865855341,-0.008293544941539
1194,1670411623.709940195,-93.270137169794708,52.688538693822323,35.376659025928184,-0.759142605252062,0.650471833813848,-0.023511327037390,-0.006009642826520
1195,1670411623.810132027,-93.220975379888060,52.516502885503662,35.402312556623208,-0.771823188936527,0.635688677016010,-0.013741570288157,0.000200448251155
1196,1670411623.910840273,-93.166983079968190,52.352227652082505,35.391076304068278,-0.779598290440862,0.626257541334131,-0.005287028491555,-0.000211644856096
1197,1670411624.011772394,-93.113082891197820,52.188039912077826,35.350478046800589,-0.764969077003098,0.644032256629072,-0.006340723634415,-0.002135152005194
1198,1670411624.111989260,-93.061176692335380,52.017236593521204,35.341116007243095,-0.756101830551651,0.654284326374658,-0.014901000331352,0.000047812418027
1199,1670411624.211777449,-93.010790898505803,51.838558464647988,35.362549245945480,-0.749384062980824,0.662053606672260,-0.007557712711757,0.007171403012774
1200,1670411624.311078310,-92.962017391498065,51.667229068194764,35.384025605068096,-0.735108384902570,0.677819976205154,0.001112613546466,0.013210011138384
1201,1670411624.410478115,-92.914395126616967,51.504501700846646,35.361284104833494,-0.731957812108823,0.681216120637982,0.000439346895237,0.013496860750148
1202,1670411624.509781361,-92.865583617599981,51.346368053731510,35.324193230788474,-0.748094907903210,0.663440122546821,-0.009856875798304,0.010200713888959
1203,1670411624.610823154,-92.810070276000943,51.181689884642928,35.331034987935205,-0.759730996730464,0.649956707499201,-0.018687687509040,-0.003982627185477
1204,1670411624.710228682,-92.752035094892491,51.015730751310983,35.361883981583610,-0.767395827231955,0.641039017248306,-0.011898046074608,-0.005573079213078
1205,1670411624.810958385,-92.694029483866103,50.857564247092334,35.376774155521012,-0.779783200343482,0.625967784316351,-0.006218710524040,-0.007988810898549
1206,1670411624.912100077,-92.637625453889555,50.706255739970068,35.346369838740721,-0.777946494780951,0.628115009637085,-0.005300433815342,-0.015578553463156
1207,1670411625.013072014,-92.583557806815222,50.554589457998716,35.316284591199896,-0.760126064202682,0.649244574679832,-0.012941245656701,-0.022855479198615
1208,1670411625.113975763,-92.530407499889506,50.393108621306041,35.324952174057778,-0.752352226204711,0.657804163616194,-0.024088066061367,-0.026068661788410
1209,1670411625.213554144,-92.482335646772583,50.228074888646653,35.353732815037304,-0.736893606113763,0.675584201818774,-0.014513873857694,-0.019056415906113
1210,1670411625.312927008,-92.438967507753517,50.068820958428454,35.358873973484428,-0.724414786766497,0.688963724934734,-0.014550146245173,-0.018452525094172
1211,1670411625.410498857,-92.398197891182818,49.916265625119429,35.319483177633529,-0.741547558244477,0.670308817364784,-0.023686028876132,-0.015240743445047
1212,1670411625.509225368,-92.354228967295612,49.760167955581920,35.302245671327277,-0.761848886021545,0.646616859930400,-0.033846500251998,-0.018092145869740
1213,1670411625.609415054,-92.299429192540188,49.592276076209501,35.329305009340928,-0.768115649908439,0.639208236390516,-0.031091985330226,-0.021082394183010
1214,1670411625.710121870,-92.238016606802901,49.427583582121692,35.354716812148027,-0.778989428790033,0.626502404493144,-0.021969753019998,-0.013694413091746
1215,1670411625.812132597,-92.171781111765597,49.268679006395899,35.338032460808421,-0.790063012457542,0.612639663393729,-0.014217333838599,-0.016460455700061
1216,1670411625.914534092,-92.108681064283260,49.111523907642038,35.297169252201329,-0.773547296964419,0.633244910736920,-0.013697352033873,-0.020924744492863
1217,1670411626.014962912,-92.049661641408477,48.951342134259313,35.291891847765662,-0.766188924094259,0.641801696499476,-0.024973095378208,-0.020529478145019
1218,1670411626.113731861,-91.994867320435660,48.782730903050478,35.310084189976777,-0.766971022710103,0.641312864415698,-0.020493257814852,-0.007299770002212
1219,1670411626.213681936,-91.941958687538047,48.614622643890129,35.325162694647261,-0.754058934134385,0.656692988496171,-0.011371126072768,0.004487783853971
1220,1670411626.312127829,-91.887732630314432,48.457020510879332,35.297988153728383,-0.760125183979407,0.649617305943785,-0.011663004308389,0.008428216247524
1221,1670411626.410902500,-91.829377489208738,48.304789722846309,35.260197598788125,-0.774841389285220,0.631925265025709,-0.016543677105107,0.004193759718925
1222,1670411626.513299227,-91.765741839400775,48.144373124125273,35.270234143872059,-0.779639740625808,0.625586564028323,-0.026073586524584,-0.011112777776295
1223,1670411626.612537384,-91.704814940527058,47.983389127245218,35.293364522050410,-0.787591174172779,0.615767397319094,-0.021391359371757,-0.008547777970920
1224,1670411626.713248968,-91.645508995216019,47.823639461319303,35.300996202344123,-0.802358940044419,0.596519472018138,-0.018679445521729,-0.005977386468987
1225,1670411626.812763691,-91.587583760540909,47.671423404668687,35.268511631812373,-0.796844636344026,0.603831316589999,-0.018381102426375,-0.009407534668442
1226,1670411626.913894415,-91.525557655882693,47.517533660588441,35.240128063935352,-0.773656769753754,0.632899487190318,-0.024851006110087,-0.016609311356477
1227,1670411627.013549089,-91.462260913276864,47.356838975585454,35.256355615461054,-0.772436445814768,0.634040108329920,-0.033760133448623,-0.013976108026312
1228,1670411627.113457918,-91.401930401699218,47.191701697633746,35.284869041776993,-0.760521617709590,0.648750371649349,-0.025255462026773,-0.009590928997485
1229,1670411627.213362455,-91.345561349433893,47.031124975507147,35.288147649237189,-0.746166410367105,0.665363109867335,-0.021305853902627,-0.008583743764735
1230,1670411627.316850901,-91.286849944288448,46.868936861826235,35.251024712961957,-0.762815582935119,0.645991595039916,-0.026678155083190,-0.009773515769591
1231,1670411627.415728331,-91.227545028945627,46.714863948761106,35.239140677538913,-0.777327434688119,0.627774262166342,-0.036933794426519,-0.017246155280317
1232,1670411627.515177727,-91.161879745897366,46.550491784629294,35.256926570371661,-0.784273229354409,0.619195234982123,-0.035307265428825,-0.016314401655534
1233,1670411627.615155458,-91.093621520499227,46.384622451043562,35.280473556320622,-0.802275707877390,0.596376180471471,-0.024429726552467,-0.009608765616033
1234,1670411627.715623617,-91.025080161748321,46.225444929299535,35.262618402804783,-0.810734149211867,0.585146698035448,-0.015491341919404,-0.008573179425344
1235,1670411627.817527771,-90.958899133559854,46.070627119765639,35.219826961908751,-0.788536016720375,0.614662116234667,-0.013692150805567,-0.014627310313337
1236,1670411627.917437792,-90.892332716756243,45.919467656453897,35.218509239268222,-0.782301991664456,0.622023622551475,-0.027238795290177,-0.018661587738043
1237,1670411628.017230272,-90.824711534871966,45.762546582350637,35.241968399529469,-0.777529029464677,0.628168373409558,-0.022539320911997,-0.018576382870035
1238,1670411628.117023706,-90.761198034975493,45.604007325876672,35.260403864956658,-0.764124803505123,0.644686862672057,-0.015891821998339,-0.015478493463199
1239,1670411628.216469765,-90.701518294823828,45.445176267440587,35.229681966235916,-0.774255814723205,0.632574411082482,-0.017307955616358,-0.008830769125073
1240,1670411628.315392733,-90.641389903352902,45.285763254846351,35.195713417934314,-0.794856549902984,0.606372836141980,-0.019882814562141,-0.010941770905314
1241,1670411628.415266752,-90.577703125689638,45.118812851893985,35.206420412105892,-0.798960050013017,0.600604091561311,-0.025292952995502,-0.017257758017145
1242,1670411628.515410423,-90.513617594234489,44.949169211346664,35.229140875763072,-0.805834439201397,0.591775886520468,-0.013469248902906,-0.015834647576596
1243,1670411628.615129471,-90.449686720252373,44.789511228431650,35.234000096005559,-0.820557003004506,0.571453927983970,-0.009682698793706,-0.005732220863384
1244,1670411628.716562033,-90.385090305329740,44.636596130916097,35.200317573226698,-0.814510205984417,0.580035276965369,-0.009215111867924,-0.006876302508766
1245,1670411628.817609787,-90.318570307294564,44.485981935250557,35.176170119314179,-0.797565583753615,0.602823260543096,-0.015184414590262,-0.016207705374215
1246,1670411628.917838335,-90.250147628093757,44.327993580846858,35.193225391873490,-0.788427884896224,0.614542483679575,-0.020375558982446,-0.017431083361575
1247,1670411629.017331362,-90.184355475473367,44.167896676312644,35.220263661434061,-0.772981625266174,0.634274190674680,-0.008877890260022,-0.010809306609389
1248,1670411629.116811752,-90.122287246651666,44.012557960815272,35.219841969013324,-0.763485363737266,0.645738026798247,-0.008520216916713,-0.006317120338674
1249,1670411629.215672255,-90.061168575162881,43.863332104600872,35.183609701227461,-0.778046479203872,0.627985084515900,-0.016122750969916,-0.004297292773178
1250,1670411629.314992189,-89.997360060533111,43.713319042778636,35.173268523030657,-0.790760232051192,0.611320501210275,-0.029020282880061,-0.011971774635527
1251,1670411629.415060043,-89.925509783705749,43.550378505696635,35.194366555941585,-0.799191966307341,0.600281354361064,-0.029119217610427,-0.010323166278307
1252,1670411629.516007662,-89.847871445086099,43.386092558151844,35.218352898968611,-0.811697442780379,0.583790099157370,-0.017740944980499,-0.004651922271578
1253,1670411629.616408587,-89.770186786455497,43.228729757163421,35.203018379575063,-0.815671399518577,0.578428063216651,-0.005941392736736,-0.008114403440004
1254,1670411629.718035936,-89.697140321201402,43.074645577082599,35.163793941815847,-0.793893180396666,0.607859015842324,-0.004479486916166,-0.014865031982354
1255,1670411629.817757368,-89.627702426501429,42.920739574348431,35.159219441748498,-0.789493237553199,0.613273243657446,-0.017415943512080,-0.017118451542938
1256,1670411629.916808367,-89.561810385380625,42.759656290570597,35.178157246164957,-0.786710724241331,0.617047691651092,-0.012491475281197,-0.013503541647959
1257,1670411630.016671896,-89.497757498501741,42.601056004422318,35.195231417640336,-0.774524731444488,0.632449234438153,-0.009050345668908,-0.006123518817703
1258,1670411630.115624905,-89.432858906954365,42.451899160683503,35.168267970726404,-0.779779418682342,0.625907817248019,-0.012871284391182,-0.004218121071127
1259,1670411630.215664625,-89.363498229694713,42.305089502034988,35.135273693830435,-0.794102448851918,0.607316633167890,-0.021234086356654,-0.010813019079054
1260,1670411630.315624475,-89.292354766654000,42.149903435491183,35.146682219623059,-0.801647126468247,0.596543150670460,-0.031974991123536,-0.021811784796586
1261,1670411630.416553497,-89.218042231707372,41.986453652826157,35.172500716207580,-0.813270618109669,0.581126666033409,-0.025365170536404,-0.015469578794220
1262,1670411630.517025471,-89.141367408236889,41.829767540609794,35.172551456173771,-0.827587433885810,0.561031417854957,-0.016237667527587,-0.008895257569144
1263,1670411630.617927313,-89.063741623740441,41.680628834431850,35.133967610863969,-0.817978866656227,0.574934166196201,-0.015123942928997,-0.011512801325236
1264,1670411630.718585253,-88.984678939636950,41.535609686318537,35.113455647768973,-0.810325289061544,0.585228952536063,-0.022011358891871,-0.019887159188797
1265,1670411630.818248749,-88.906926377258159,41.385980436785871,35.131710849411668,-0.809503437893248,0.586190400118658,-0.028327648123550,-0.016809021373311
1266,1670411630.918063641,-88.832011979260798,41.237132476527023,35.158303719652878,-0.793037023572891,0.608607460065860,-0.022519979663072,-0.013494047236038
1267,1670411631.017253399,-88.759991939160599,41.093660780368623,35.151915645911807,-0.791710553885354,0.610216199547263,-0.026160603048564,-0.012091795763093
1268,1670411631.116827965,-88.685972468651457,40.950519866315751,35.112286376236490,-0.811124159510375,0.583768436808047,-0.033540112990422,-0.012925589575205
1269,1670411631.216160059,-88.608432184508061,40.803899314071948,35.104654981007663,-0.823531222130192,0.565065270138429,-0.045885215970626,-0.019801858889160
1270,1670411631.316343069,-88.521957384553303,40.646476914777004,35.125598495045743,-0.830498513660729,0.555099250189917,-0.043463955296512,-0.015745660859259
1271,1670411631.416266918,-88.431859709883454,40.493929879060438,35.145301392930740,-0.848342493595340,0.528308705010268,-0.034256178408304,-0.005607139348408
1272,1670411631.516934395,-88.339295368961686,40.350036936265234,35.122230754485479,-0.854363910507322,0.518960791416776,-0.025151015037882,-0.010460967320223
1273,1670411631.618245602,-88.247433064106488,40.208475993807809,35.082518297547161,-0.839955789345416,0.541846126684726,-0.024003496783589,-0.017345866482781
1274,1670411631.718847990,-88.158820953953452,40.060973238106364,35.088460944441138,-0.833649612957385,0.550828474140305,-0.037051687280899,-0.015604081578348
1275,1670411631.818399429,-88.073558889160182,39.907342478680178,35.112206499225685,-0.829963498447296,0.557084159959020,-0.026455466017210,-0.010859939488341
1276,1670411631.918480158,-87.991439998876331,39.756871854171088,35.125081062591264,-0.810627297086451,0.585265627322032,-0.016647268629021,-0.008390419587602
1277,1670411632.018416643,-87.912100204943798,39.610980345095541,35.092927199235319,-0.813864360510392,0.580766259060047,-0.017443916221170,-0.005573581907377
1278,1670411632.117295504,-87.835328575289566,39.464918345170062,35.063056328408223,-0.829532013547156,0.557912137323586,-0.022504949520568,-0.010208465825265
1279,1670411632.216870785,-87.750845156228394,39.307203289789584,35.084199813718797,-0.838075477986737,0.544829127152971,-0.023974496928913,-0.014694859646814
1280,1670411632.318379402,-87.661338196732160,39.146940453165250,35.109276209140504,-0.841765031997285,0.539668416917697,-0.011444334604470,-0.007658844143646
1281,1670411632.418022394,-87.569013244348113,39.001306328384516,35.106927294481721,-0.855722083115800,0.517405712440456,-0.001578741216443,-0.005343479962743
1282,1670411632.518359900,-87.475622767056919,38.864251937805726,35.072147501447347,-0.853872665816260,0.520391281005292,0.001939554768685,-0.009519629866973
1283,1670411632.618491888,-87.384368551457584,38.729046005197560,35.050517033113081,-0.842454360553974,0.538320895038578,-0.007181628956628,-0.020728930362874
1284,1670411632.718550682,-87.296303662478891,38.579031357862760,35.065834236281781,-0.839990277663005,0.542237521596755,-0.009678250177051,-0.017353244012170
1285,1670411632.818238735,-87.213440003820082,38.426752635754113,35.094664245050367,-0.832826474398870,0.553461131949922,-0.002791845891190,-0.008546610882647
1286,1670411632.918164730,-87.133952702275337,38.282233597191158,35.080906465853275,-0.826019028795559,0.563563108442837,-0.008593553339242,-0.003916338965578
1287,1670411633.017220020,-87.052174646141680,38.145426221372297,35.034620838594066,-0.844104600538470,0.535847184815291,-0.018510616755903,-0.003546116556805
1288,1670411633.116544247,-86.964367995026137,38.008220277008029,35.028740641218285,-0.849052852820794,0.527050274000369,-0.034065566231158,-0.012915068345098
1289,1670411633.217027664,-86.867505278235541,37.857928909095541,35.047448628576156,-0.853613234630428,0.519919689845027,-0.028457047024827,-0.014770181104335
1290,1670411633.317278385,-86.767150088481884,37.707310310111424,35.066024792194668,-0.867761236832399,0.496648805601560,-0.016352829918730,-0.007936290021008
1291,1670411633.417093515,-86.666991342744609,37.562596430830226,35.040678688581721,-0.874842223761428,0.484314309770877,-0.008151683651684,-0.004927771196162
1292,1670411633.518259048,-86.568806170710943,37.421926349414818,34.997732328617310,-0.857964050523281,0.513587338089162,-0.008218301311400,-0.007628478729661
1293,1670411633.618412256,-86.470692913322296,37.279935379294386,34.999306258603255,-0.854226508912652,0.519569258352883,-0.017386488381979,-0.006524359530303
1294,1670411633.717874527,-86.374339551596975,37.133364437018578,35.022375357971043,-0.851541410014007,0.524215943922298,-0.008535544390187,-0.001419736234442
1295,1670411633.818120480,-86.284873306458337,36.987978397585294,35.029682953384281,-0.837921059376857,0.545769137684045,-0.003618122322267,0.003354965758407
1296,1670411633.917353630,-86.199925391326232,36.848807940700688,34.993164749922364,-0.844727148108676,0.535061831031322,-0.008458817336250,0.008563330594149
1297,1670411634.017024279,-86.114754805125358,36.709905356119862,34.965441699493894,-0.852732047293371,0.521933194737516,-0.020227762949118,0.004963200179295
1298,1670411634.116650820,-86.021472421498103,36.561576809437163,34.983815964818135,-0.859075257200793,0.511347938312471,-0.022608776437698,-0.001353394608688
1299,1670411634.217128515,-85.926009464991736,36.413766213035707,35.013123555485265,-0.862221514178830,0.506362509603444,-0.013067416023346,-0.000558563998681
1300,1670411634.317362547,-85.832368694514400,36.276155515350652,35.008564706464078,-0.868684363087979,0.495293915667689,-0.008391423526463,-0.000999219795889
1301,1670411634.417771101,-85.740516513853677,36.143458887192963,34.966888247236540,-0.857348876595317,0.514555778233259,-0.008687298212428,-0.010477868928393
1302,1670411634.518092394,-85.646580016299609,36.009581078317233,34.955412382092462,-0.842990786719404,0.537224327871960,-0.021980652138956,-0.016534992599560
1303,1670411634.612200499,-85.556071758452916,35.875289101044459,34.976334878278116,-0.839378741965739,0.542806944453815,-0.025005663779209,-0.013366576513332
1304,1670411634.711789846,-85.461845803643399,35.730934783685896,35.001435909871340,-0.826860818941081,0.562006215799663,-0.015867075814562,-0.014086710322972
1305,1670411634.811240911,-85.371790947308369,35.585561234114479,34.987141191595143,-0.823004423673726,0.567696271432526,-0.018308143582739,-0.007033768096796
1306,1670411634.910167694,-85.282608373731236,35.438111204638858,34.944679028095450,-0.844621824150696,0.534788681261387,-0.024794548624342,-0.000520501270605
1307,1670411635.008877754,-85.189881490219619,35.286959988732249,34.934883443992462,-0.852717383758492,0.520972367329881,-0.037729894084899,-0.006108273660703
1308,1670411635.109630108,-85.085839225980180,35.122598038509963,34.950761005912845,-0.861102655432721,0.507501264904280,-0.030465898071508,0.004063493812919
1309,1670411635.209452868,-84.978170997317520,34.966181641197686,34.965381815283507,-0.874239723320200,0.485002297627045,-0.017716910386796,0.012797990149027
1310,1670411635.309776783,-84.868860995962407,34.823239026896019,34.940125050402216,-0.872256249048890,0.488894464385409,-0.008757162016911,0.008634280622861
1311,1670411635.411095858,-84.760412463109233,34.690274880004637,34.906231728037731,-0.854229354938017,0.519769158107782,-0.010832356979665,-0.003858948609618
1312,1670411635.512112379,-84.656201398382692,34.553548178904201,34.913493925944131,-0.855758914474505,0.516935788763191,-0.019729445737560,-0.008051059811224
1313,1670411635.612089634,-84.557887507887685,34.408204781727065,34.944365382829844,-0.848905880835207,0.528418212701991,-0.010428493457114,-0.004923869662130
1314,1670411635.711444855,-84.466722745162315,34.264011385985903,34.958621654297588,-0.831946911426762,0.554822356865578,-0.005104599544114,-0.003229853416465
1315,1670411635.810293198,-84.379612686178021,34.123580453333787,34.924446937189671,-0.838040773702807,0.545560690877413,-0.006937644084573,-0.001750221561974
1316,1670411635.908933401,-84.292271333143304,33.981328250849387,34.896766277027389,-0.849419404362979,0.527374488000142,-0.018223899517206,-0.005542055991822
1317,1670411636.008307934,-84.195295489435452,33.828016728270711,34.915736512011506,-0.855383470082295,0.517550693529100,-0.019910321655984,-0.007998614197151
1318,1670411636.108546734,-84.093068813577318,33.677377095137871,34.946442561598118,-0.863286768558464,0.504647281267958,-0.008074287721977,-0.001372085465890
1319,1670411636.208683491,-83.989595538608810,33.539698769008496,34.940809469742440,-0.874645193038848,0.484730752245961,-0.002126590720286,-0.005230844387840
1320,1670411636.309877634,-83.885472613515617,33.409359473214828,34.904414728444046,-0.863562937088323,0.504064670291139,-0.001948020110185,-0.013193447969537
1321,1670411636.410852671,-83.779397821445627,33.274400028511380,34.903616186993759,-0.852268903261099,0.522542654527799,-0.007281435277298,-0.023105658040129
1322,1670411636.510319471,-83.672779327991165,33.131502477781353,34.935955899233235,-0.852680107873100,0.522132480837962,0.002312804316762,-0.017577173484568
1323,1670411636.611042976,-83.575851615361572,32.989812408606973,34.958686446615609,-0.831169852208844,0.555508861751340,0.013309664033513,-0.019734085693881
1324,1670411636.711076260,-83.490832791439942,32.852497257265298,34.939825904523040,-0.831268182830632,0.555552564306063,0.008483862922786,-0.016810133144149
1325,1670411636.809535742,-83.415727319226178,32.717484653846405,34.907671595763084,-0.847316720412465,0.530908837293336,-0.004512871551059,-0.013031338521662
1326,1670411636.908474445,-83.337171745254608,32.580153881489863,34.913440855541971,-0.856656181082051,0.515029423108093,-0.023962706778063,-0.017625817164865
1327,1670411637.009516954,-83.250784151514893,32.432380867999726,34.938831709149007,-0.860289418948141,0.509179261936819,-0.023521305157321,-0.009238130927999
1328,1670411637.108822584,-83.161734231950149,32.292864645127715,34.954089332392400,-0.873227830053031,0.486931883735840,-0.018640656956749,-0.004798263286064
1329,1670411637.209117889,-83.069662836140722,32.157473623703851,34.928415473390743,-0.869190300102895,0.494184462346570,-0.016586529216416,-0.003850510462830
1330,1670411637.310536861,-82.973893176140535,32.022173802999298,34.903750645732494,-0.850879841701129,0.524892994694926,-0.019533972866635,-0.010452894857405
1331,1670411637.410399675,-82.878551075258329,31.886566236306507,34.919778899165522,-0.846356344402384,0.531617796960635,-0.031510183862564,-0.008400271275451
1332,1670411637.510433912,-82.786587110359761,31.749598171922976,34.946418957560702,-0.837603524748861,0.545531772341931,-0.027739721133038,-0.006777061694898
1333,1670411637.609813213,-82.701836321515984,31.615998639406389,34.957173475664646,-0.825338341150150,0.563729719028935,-0.030945967169931,-0.008232473929168
1334,1670411637.709116220,-82.617264615381757,31.485136046996338,34.924723462403882,-0.833452663168618,0.551131942272695,-0.039148464760233,-0.008811252509265
1335,1670411637.807888031,-82.530611871865318,31.356122594949934,34.905931301573929,-0.846103704238342,0.530181455794513,-0.053658411392065,-0.011701303031996
1336,1670411637.907724619,-82.436411404959131,31.217526442996064,34.927000495463723,-0.850982308235175,0.521835340361595,-0.056815027818943,-0.017001212732153
1337,1670411638.008963346,-82.339317995955284,31.073837093571502,34.952346797446417,-0.860819323458168,0.506696489052767,-0.046809564984154,-0.007591111158202
1338,1670411638.110635757,-82.243165729663545,30.932488735663640,34.945094780145254,-0.871258377433840,0.489373441189206,-0.037465389908616,-0.004338129664122
1339,1670411638.212477207,-82.150329020009991,30.795193209143314,34.905273178267500,-0.857835975728948,0.512693208037555,-0.034643698575404,-0.007932674601942
1340,1670411638.313378334,-82.058756209146551,30.659764781846217,34.891967561500081,-0.842395911301248,0.536948137812736,-0.043539716901884,-0.012653812645933
1341,1670411638.415008783,-81.965163821524882,30.512469692377479,34.912490242643074,-0.837661940998533,0.544633741650582,-0.040166704026494,-0.009121181168391
1342,1670411638.513277292,-81.879757792350020,30.366869897248872,34.937615127785598,-0.824043600676612,0.565760462440091,-0.029161669110384,-0.004103702985782
1343,1670411638.612959623,-81.798775878400122,30.222478874086093,34.924701662910785,-0.816834480909607,0.576181161311912,-0.028225731686892,-0.000090648378223
1344,1670411638.711317539,-81.720435758695629,30.082053815216945,34.887708217029662,-0.829292474020266,0.557812601908900,-0.033368113755445,0.002379636394998
1345,1670411638.810439348,-81.638350654184450,29.938854328400637,34.893126565081346,-0.838687983551170,0.542658765938619,-0.045910465627252,-0.004019843620957
1346,1670411638.911343813,-81.548620155449242,29.788331260741085,34.918049532479216,-0.844843067756810,0.533317744335420,-0.042489584920237,-0.002647567477653
1347,1670411639.010431767,-81.458543381293040,29.645812582008485,34.935071619392076,-0.853128832836970,0.520589400980910,-0.034026514458958,-0.000257841698169
1348,1670411639.111002207,-81.366621831968686,29.506803684888730,34.913712382602569,-0.850056472571541,0.526000531946918,-0.025580594224738,-0.008547925473329
1349,1670411639.212069511,-81.278051286218925,29.365764490699778,34.879201929238441,-0.826325601252626,0.562257346434667,-0.024525724312882,-0.021240667166101
1350,1670411639.313369751,-81.190500442611167,29.216943637241947,34.884808450260017,-0.821064776798478,0.569385286407930,-0.032332413310869,-0.024650415260613
1351,1670411639.413255930,-81.105296369977239,29.064291601017931,34.909521921638209,-0.815575571690963,0.577904904681571,-0.024069488525431,-0.016824616728700
1352,1670411639.512034655,-81.026985266804232,28.914466522464114,34.921338163874857,-0.803200362106557,0.595328722045714,-0.016858467629734,-0.012987805376177
1353,1670411639.610837698,-80.952184491844676,28.766477329169557,34.888689007263146,-0.810180861451509,0.585876501767588,-0.016786261446666,-0.008597548540610
1354,1670411639.710255384,-80.876742389523116,28.617821660677230,34.860008421104695,-0.821140967045693,0.570130647858633,-0.025546417127860,-0.005092856122945
1355,1670411639.812676907,-80.787576230529112,28.456974817400514,34.880141258349738,-0.828933703990927,0.558586227283049,-0.027728803945223,-0.009025215196283
1356,1670411639.912288427,-80.695810740159345,28.303816550523223,34.904944979304453,-0.834886300214135,0.550174449930168,-0.015917011492469,-0.004425957968382
1357,1670411640.012016535,-80.602152536704097,28.163362103415881,34.901762410521130,-0.845600117668999,0.533691677888463,-0.008308233583476,-0.008037860753686
1358,1670411640.113659859,-80.508983981488427,28.028917783244964,34.870100693637049,-0.835251771811860,0.549464769739449,-0.009687211405647,-0.018684283114560
1359,1670411640.214361668,-80.419913986812361,27.893985514979182,34.859746463299025,-0.823117563907853,0.566563391115527,-0.022998748545805,-0.030894293961878
1360,1670411640.313942194,-80.333479251707033,27.746685074645988,34.881136615680575,-0.822110849669317,0.568235167788235,-0.024328843182278,-0.025507887683658
1361,1670411640.414298773,-80.249422933844031,27.596356393322942,34.911995635957808,-0.810722730831583,0.584977056219924,-0.014422942094162,-0.017957620961599
1362,1670411640.514666557,-80.169097719515207,27.451718379239860,34.900705003345507,-0.802555658045890,0.596162941226945,-0.014907878516796,-0.016489948583745
1363,1670411640.612780333,-80.090316636813284,27.314367151620189,34.862354008478626,-0.819377895376341,0.572644229295881,-0.019397187381796,-0.017949939956430
1364,1670411640.711131811,-80.008001301968520,27.177975784244811,34.858138205407855,-0.829042548587967,0.557442675508006,-0.034877723269118,-0.027012230059858
1365,1670411640.814882517,-79.916467916246944,27.025554912584678,34.873191169379275,-0.833129333731439,0.551189275687796,-0.036178111209491,-0.027875435642970
1366,1670411640.915426970,-79.826236958130053,26.879717538994072,34.895468290732659,-0.848661809441048,0.527648034076164,-0.030524004631705,-0.020711602377620
1367,1670411641.016116142,-79.739268693774108,26.736745673979371,34.873794599368892,-0.848075196194112,0.528829598534278,-0.023967077162228,-0.023093213866704
1368,1670411641.118099213,-79.656939684592956,26.593127580060923,34.836001845511340,-0.828346825519987,0.559184975021940,-0.028240042013987,-0.018873271781040
1369,1670411641.218289614,-79.575318953081620,26.454575213860153,34.838225438842592,-0.823901800021468,0.564870204776779,-0.042295762620559,-0.017847804939826
1370,1670411641.317213297,-79.489117874562410,26.317706621660765,34.863269244789194,-0.814230919036005,0.579063079821445,-0.038960627845717,-0.014001055365680
1371,1670411641.416544437,-79.402017568595710,26.184083147218129,34.882032385914009,-0.802619820853539,0.595154374005911,-0.037288631815858,-0.014221540421731
1372,1670411641.515230656,-79.313342434157690,26.053966266120998,34.853961953872144,-0.810329007669241,0.584306681598873,-0.041901404708474,-0.014031160043026
1373,1670411641.613955498,-79.220485403084254,25.924670561536260,34.827005906899380,-0.829369857424673,0.556013341470237,-0.050743340608618,-0.020491878546307
1374,1670411641.714305162,-79.121757488136737,25.784600269178782,34.840463203887097,-0.836847820491786,0.543695764683956,-0.056395478670214,-0.030003179638726
1375,1670411641.814951658,-79.022741406702039,25.638202207595018,34.867054582298962,-0.847492623457657,0.528154701196923,-0.048150823339233,-0.022144141441933
1376,1670411641.915402651,-78.926267568159915,25.495928325450883,34.863315120520227,-0.859514687091814,0.509421106584427,-0.037470487409734,-0.017905345934549
1377,1670411642.016119003,-78.832673916352718,25.358161284421676,34.827139620819388,-0.852190906226440,0.521919119547030,-0.032450885307170,-0.017833452806252
1378,1670411642.116942883,-78.738814639803294,25.222712343670473,34.812037827801767,-0.839043201432611,0.542260793487660,-0.040801300612646,-0.017175326610123
1379,1670411642.216662169,-78.643202426767459,25.084476862743909,34.828925066319890,-0.835486614413557,0.547893925012634,-0.040852489416518,-0.010268309427408
1380,1670411642.316238403,-78.548584645989266,24.948038568149880,34.853870169161866,-0.824043216072416,0.565644556964104,-0.031227814280938,-0.004882298346807
1381,1670411642.415538311,-78.457045317885644,24.817617450298705,34.846362490101079,-0.817378116780273,0.575405444443599,-0.027899006159123,-0.004820183474955
1382,1670411642.514058113,-78.365266319449390,24.690980400939807,34.808073915104394,-0.831134196006186,0.555279172819810,-0.029069924459305,-0.005993993128909
1383,1670411642.613620520,-78.270045686522010,24.561835343432758,34.800881595594277,-0.840143830019330,0.540870994262006,-0.037492886161016,-0.014532581800799
1384,1670411642.713180304,-78.171389902366442,24.425335960934202,34.821016043736542,-0.845440303282445,0.532649672826942,-0.033274579411565,-0.020194602942935
1385,1670411642.813489914,-78.076133392240706,24.292158578158659,34.841872836635176,-0.854642589730120,0.518297744490592,-0.026269656598251,-0.016229510700240
1386,1670411642.914900064,-77.986846535331125,24.162416644163955,34.828402088945438,-0.856185409874483,0.515905572516738,-0.022002930159113,-0.017431443676670
1387,1670411643.016323090,-77.904648561626715,24.032644501555279,34.791778279686362,-0.847734400232840,0.529365369074459,-0.029982506666145,-0.014823696588379
1388,1670411643.116633654,-77.824183792513693,23.904882854593126,34.784385223801060,-0.845640516213331,0.531356449866491,-0.049474487851406,-0.010233062863653
1389,1670411643.216887951,-77.740073435542271,23.772910390797026,34.802365430361995,-0.840227252800085,0.539856727827558,-0.050279877461511,-0.006694101418365
1390,1670411643.317195892,-77.656183594228864,23.641302597520092,34.823298402174011,-0.830121212147818,0.555708599325321,-0.045645275275262,0.001798505816823
1391,1670411643.415771961,-77.572273529386422,23.513470162663655,34.804220500369993,-0.833725483000657,0.550358184123888,-0.044462308459424,0.005548989965522
1392,1670411643.514568090,-77.486294019774974,23.385720307529013,34.771942409963010,-0.843213720996963,0.535409252614927,-0.047855119961182,0.006118858576670
1393,1670411643.614283562,-77.396721566660261,23.256134438677215,34.779783991545919,-0.850186495985470,0.523217160607420,-0.058472015495857,-0.002783575705757
1394,1670411643.714073420,-77.302130383218682,23.122692519535182,34.803611775647376,-0.856657038642120,0.513209279559040,-0.052451160421251,-0.001956857140658
1395,1670411643.814227343,-77.205695032828899,22.993709551796332,34.816798649551203,-0.865353576243266,0.499439299273403,-0.041511682833689,0.000595493574936
1396,1670411643.916780472,-77.108426187183511,22.865639223169968,34.791762014313747,-0.865264651993421,0.500261781955737,-0.032483878138872,-0.000170839792500
1397,1670411644.017605782,-77.016162394506765,22.742840247174719,34.762196924437113,-0.855311762699540,0.516887788238032,-0.035619740668831,-0.000192439304717
1398,1670411644.117547750,-76.926686653240537,22.619540551042633,34.773712031007527,-0.852741509903902,0.520089321768266,-0.048150811286265,0.004529242973526
1399,1670411644.217638016,-76.835155419058665,22.493527877111799,34.797531241475191,-0.849358390044553,0.525779115910297,-0.044889464813285,0.011470940776077
1400,1670411644.318471670,-76.744194885354375,22.369381615844475,34.810155944278968,-0.838343064516127,0.543676816822601,-0.038269419037714,0.011483753474767
1401,1670411644.418554306,-76.653301751989076,22.248716944873088,34.785374986520530,-0.840616704681954,0.540411483811986,-0.035439685296713,0.007938052648462
1402,1670411644.518304110,-76.563323186988924,22.129670882734526,34.756592915726273,-0.849126275684054,0.526339337299250,-0.044162947869017,0.001050709204484
1403,1670411644.608942509,-76.476364987403684,22.015621540956808,34.764799753361885,-0.858222126238506,0.510530795954843,-0.052588559098583,-0.006894335958351
1404,1670411644.713044167,-76.370792095883502,21.879762405785510,34.788530451793726,-0.866747815990457,0.496760502770788,-0.044211680371125,-0.004749071640613
1405,1670411644.818967104,-76.261039406812344,21.746537723558475,34.790532137472276,-0.880865270994904,0.472330589515512,-0.030889466733797,-0.005101902381038
1406,1670411644.918602467,-76.158937398591576,21.625283454016749,34.759603882196799,-0.877970640487174,0.478032650923167,-0.025250335532681,-0.003841828913102
1407,1670411645.019525290,-76.055566582743381,21.506597042719271,34.732147225305646,-0.869456992400933,0.493206889382113,-0.026946861782409,-0.008085126543426
1408,1670411645.119144678,-75.952382453060110,21.387385775442819,34.741804474861944,-0.864893187873380,0.500861692848203,-0.032915288206638,-0.003731220943309
1409,1670411645.217526913,-75.850292566267086,21.270356051568264,34.762595131097683,-0.864744108579520,0.501376002284156,-0.028819469550290,0.003028066282250
1410,1670411645.316745996,-75.748186185572479,21.159981424757156,34.768022125863659,-0.864433026528045,0.502089136181765,-0.025273239736752,0.004827559323549
1411,1670411645.415652752,-75.644994984662560,21.056365272957283,34.740415477776359,-0.874853928182222,0.483482945614971,-0.029261363105847,0.004314889661874
1412,1670411645.515115976,-75.539393911635756,20.952935649722555,34.723048775756411,-0.885991399337615,0.462058374329983,-0.038432422599329,-0.006651909835153
1413,1670411645.614655018,-75.425969447295017,20.841332096599896,34.747019918629142,-0.895226726186426,0.443393198501255,-0.042490100662604,-0.012890755991880
1414,1670411645.715607643,-75.311000853825448,20.724473239748136,34.771511229091821,-0.901920524532849,0.430519781603561,-0.033844020270630,-0.006831351720921
1415,1670411645.815690756,-75.200087062029056,20.611996905029475,34.770969659709273,-0.911348559420447,0.410944950483580,-0.023832613027465,-0.000239730280698
1416,1670411645.916522026,-75.093545374411391,20.506651333993918,34.744555664077943,-0.904375440761517,0.426140904324455,-0.021835543126136,0.005674580630778
1417,1670411646.016760826,-74.991389279938275,20.411328894142454,34.726211906521094,-0.900822080575247,0.432836640847903,-0.033807507768744,0.005392022445505
1418,1670411646.116707802,-74.886923071038325,20.316237957623983,34.733098683525903,-0.898666838905177,0.436528772083685,-0.042603820665017,0.005045617903780
1419,1670411646.216011524,-74.780718161813709,20.218940986375067,34.758112863976237,-0.896628037886508,0.441142609809360,-0.036748875627055,0.010043885031480
1420,1670411646.315697670,-74.675944682090361,20.126370902885935,34.768084242653131,-0.902059727333213,0.430271632516997,-0.031864205496169,0.011800126388528
1421,1670411646.417112589,-74.571697966930927,20.043419348321923,34.747642220714440,-0.917224107801754,0.396763037058793,-0.034407868327051,0.009753311660494
1422,1670411646.515556335,-74.475416334723292,19.970259586745527,34.736049562692422,-0.927052369312436,0.372359867461531,-0.043799181194881,-0.001914518970387
1423,1670411646.615936279,-74.377390935845682,19.895952670586755,34.754118015487080,-0.935796453706011,0.348827198279737,-0.049817895048495,-0.011079724928918
1424,1670411646.716329336,-74.278106759692747,19.824757397397740,34.777756874773154,-0.951180004969260,0.304935704601312,-0.047479454114440,-0.004063944263256
1425,1670411646.816092491,-74.178934387255040,19.764316928922916,34.777192085239214,-0.965412699652766,0.257207075364769,-0.042686167817609,0.000854873386592
1426,1670411646.918570518,-74.079600947435225,19.709937077271960,34.759324544665262,-0.969399884021866,0.242040612899515,-0.040492380595647,0.006369747194107
1427,1670411647.019398212,-73.983522756863962,19.668134876589196,34.748098444795836,-0.978931035031190,0.197629679630034,-0.049214218183661,0.014645788154459
1428,1670411647.120110273,-73.883242893872350,19.635804392983829,34.753902585859507,-0.984624201639330,0.165752690954722,-0.050310259687877,0.022585498832639
1429,1670411647.220007181,-73.779328954575647,19.611190062175883,34.762304496099581,-0.990430389074866,0.128260631061041,-0.042654640374409,0.027882549585049
1430,1670411647.318889141,-73.671617964581486,19.595664894207733,34.757186341838519,-0.996176037299988,0.074126435004025,-0.035995129287497,0.029033170864777
1431,1670411647.417845964,-73.560540407889064,19.589282716432660,34.743348077541242,-0.998902424236846,0.020733520033940,-0.031839175521568,0.027392241654541
1432,1670411647.517813921,-73.445937549547835,19.589932181752534,34.746613401264632,-0.999124682356964,-0.027793249419685,-0.022051682200082,0.022161401217851
1433,1670411647.617479086,-73.342326553045780,19.598085057672638,34.749047790689986,-0.995946354790957,-0.085652923528113,-0.013102609347604,0.024140354139429
1434,1670411647.717652082,-73.246281146246588,19.614736215215050,34.741003566544691,-0.990724422253237,-0.132329666588912,-0.006274533731503,0.030242498539452
1435,1670411647.818682909,-73.149046666977767,19.641505289540017,34.730632869732773,-0.986994495194895,-0.157472723824372,-0.002520464981268,0.032215756433545
1436,1670411647.918540001,-73.054773175087192,19.682000341049388,34.718271163074974,-0.983259712224891,-0.179015265457633,-0.005539106523970,0.033514047017249
1437,1670411648.019171238,-72.960140206529033,19.736232435821748,34.721256880779549,-0.985697505333343,-0.165414316977599,-0.018225869108482,0.026577234876857
1438,1670411648.118868351,-72.858454472613431,19.797594563630071,34.732710179712960,-0.987503309667812,-0.155798167651672,-0.015727540795578,0.017798562077410
1439,1670411648.218320608,-72.754779869575373,19.858962274027533,34.746390548321934,-0.987605355110585,-0.155994846844656,-0.008722724509645,0.015006145139112
1440,1670411648.318131924,-72.651731525328827,19.924699496943227,34.736476786695356,-0.983685836698798,-0.179274044217871,-0.004079310621537,0.014364921608087
1441,1670411648.416992664,-72.548890692153378,19.994969887949573,34.711056859078624,-0.979907491270708,-0.198890848606095,-0.006026644931818,0.013690085579009
1442,1670411648.516907215,-72.435930310845023,20.069499614124435,34.715415855037875,-0.976310296004746,-0.215403333687479,-0.015772010408860,0.013071091733630
1443,1670411648.616379261,-72.309980664043820,20.145356704021808,34.747453891468311,-0.971516245303307,-0.236267882057729,-0.009298713064548,0.015722816384600
1444,1670411648.717127085,-72.186518901528331,20.219005771849012,34.774126938931275,-0.966697869031079,-0.254549348387094,0.012863974768146,0.023116604414172
1445,1670411648.817439795,-72.076119592254656,20.287265974236266,34.787248715939704,-0.960800979227094,-0.273268762568906,0.033618165336970,0.032488162147044
1446,1670411648.917511702,-71.976591644625799,20.347412772000673,34.795603999226550,-0.962220367493098,-0.264316949532475,0.048905528570069,0.043321632547452
1447,1670411649.018228531,-71.896852326893310,20.398594403427161,34.820672244362711,-0.968491148315467,-0.237573262487661,0.046734564882975,0.058307126757851
1448,1670411649.118727446,-71.829773624579801,20.452639185488568,34.864125621182453,-0.974755298494269,-0.207833223188513,0.047034903085934,0.066672162767669
1449,1670411649.218395948,-71.767020087101173,20.512070358076741,34.920228274601399,-0.981329789690519,-0.178068864420828,0.051211453528490,0.051582074573808
1450,1670411649.318221807,-71.705463347565214,20.575692374111714,34.971679489580929,-0.986993444445182,-0.148435683336044,0.053250313459406,0.031228074728867
1451,1670411649.416434288,-71.645692668072115,20.636179449319119,34.992464920021398,-0.991715689412393,-0.117058720691498,0.051609971944173,0.011561058744481
1452,1670411649.515235901,-71.582679077360609,20.686973338143666,35.005347117310627,-0.990326612444419,-0.131256975197438,0.044815140997234,0.004050960846288
1453,1670411649.613842726,-71.515562966449778,20.722132225368181,35.037352234608527,-0.986988585150408,-0.156101930966678,0.036784719207894,0.011515396826318
1454,1670411649.714105844,-71.447046806737006,20.746314437567360,35.078382990530514,-0.981984256689863,-0.181932054218363,0.038549592690120,0.033489941244631
1455,1670411649.814389944,-71.384817948269614,20.770783738582956,35.117163400348780,-0.975578862283300,-0.210008488713609,0.038933620948964,0.051249305303102
1456,1670411649.916195154,-71.320401049850702,20.803840960210266,35.137401557560999,-0.976224523957067,-0.205583622362648,0.037706099178529,0.057439560633662
1457,1670411650.017641544,-71.244158854526191,20.845903101776095,35.142711236045287,-0.981820947476941,-0.176442975977108,0.039384882693414,0.057830219946410
1458,1670411650.118268013,-71.158743278762387,20.893362287194240,35.162337581444511,-0.986930571836310,-0.144121533557988,0.038743089806741,0.060794760728002
1459,1670411650.218187571,-71.074070706733266,20.944737802069440,35.194799820687471,-0.990660505880159,-0.114852023543266,0.047999058005410,0.055649485243595
1460,1670411650.317323208,-71.000807719992665,20.992288243399027,35.232442065914057,-0.993395644447443,-0.092862965859441,0.049193729281368,0.046060179808908
1461,1670411650.416517973,-70.930611066451988,21.041916735243429,35.259272836722090,-0.994131625040289,-0.089668221188875,0.043709438285903,0.041849817303174
1462,1670411650.516334534,-70.851227584716582,21.099398924416171,35.255235694734800,-0.994809671416506,-0.087818804405978,0.038022470401662,0.034581309886148
1463,1670411650.615551949,-70.756691507240006,21.160767984782165,35.238453538472648,-0.994473578937732,-0.096377646779745,0.034416746865832,0.023433683687181
1464,1670411650.715217829,-70.647517560270600,21.212897583009621,35.254825694466788,-0.992496122247271,-0.118122477702572,0.017497417850435,0.026312885704584
1465,1670411650.815638065,-70.526414644008625,21.256280606105015,35.285983580825182,-0.991116087427443,-0.128136369975455,0.016174843077964,0.031754470290544
1466,1670411650.916364908,-70.405321813597951,21.295835228087000,35.313102364687495,-0.988454674436669,-0.143131526143433,0.029328479301090,0.040131821663553
1467,1670411651.016908169,-70.290216424615977,21.338075260491436,35.318631683111199,-0.988423749912899,-0.138899921696083,0.040848135535624,0.045351209291585
1468,1670411651.118781090,-70.173936310946459,21.380571433035438,35.310982048648391,-0.992298479634355,-0.104624661420053,0.054069471053260,0.038391403179710
1469,1670411651.219789505,-70.062583797445683,21.416899241235374,35.316901711458613,-0.995088641356331,-0.068058246320005,0.059018888287277,0.041029766959998
1470,1670411651.321142673,-69.964698779900033,21.450398350296293,35.353488211572049,-0.997134312031998,-0.023916001096166,0.051420211750877,0.050071453778937
1471,1670411651.420069933,-69.882769379325751,21.485989358065293,35.400720198609683,-0.997467665177497,-0.002283109242907,0.049216676778657,0.051290964744328
1472,1670411651.518835545,-69.810427342560146,21.518321026038901,35.462441556741013,-0.997517310236861,0.037089975991278,0.045788534344890,0.038561114887040
1473,1670411651.617110729,-69.740474964596302,21.546074062803328,35.512386444290335,-0.995947162866056,0.077438050698431,0.037863451618984,0.025670140525097
1474,1670411651.715561628,-69.667062078730240,21.570885584699816,35.539843803369102,-0.994884191075527,0.095065914092117,0.026825202630289,0.021173729706126
1475,1670411651.814276695,-69.595518785707398,21.594073949872929,35.566122779188504,-0.995761768880930,0.089445748892783,0.009932259926785,0.018955417507327
1476,1670411651.914897442,-69.520550209446043,21.614640634062042,35.607690965656538,-0.995971192466641,0.087755174406018,0.009700630097962,0.015694295691401
1477,1670411652.015164375,-69.445516036845945,21.629826091546363,35.651726205639854,-0.995372363241142,0.093788190629963,0.013231713960527,0.016203565649826
1478,1670411652.117203236,-69.364226783153470,21.640693961794415,35.678883810699162,-0.994365854635776,0.101477565706599,0.022077362784104,0.021247137341869
1479,1670411652.217295408,-69.282452404399052,21.650774152982709,35.688643803634385,-0.991195639375634,0.126701281108173,0.029412612158597,0.024756576788472
1480,1670411652.308983326,-69.209508991047727,21.665120725289853,35.704562096402761,-0.987502604730677,0.152670921241960,0.023905254034000,0.030963434674288
1481,1670411652.408747673,-69.128763662378844,21.693912937613522,35.740865025427304,-0.986579523667484,0.156540493078199,0.014587363288871,0.044080906741502
1482,1670411652.508473396,-69.048093845564892,21.732621278085471,35.785505345692499,-0.985718515871842,0.163751918099100,0.012107154939987,0.037386275363267
1483,1670411652.608810425,-68.965262194376763,21.769230672933116,35.825675450918666,-0.983860179257035,0.177527659196670,0.010603211253741,0.019764862852419
1484,1670411652.708781481,-68.874528390649942,21.798431232746498,35.838184050737780,-0.984533936103354,0.174506643595138,0.012041419689828,0.009765460247759
1485,1670411652.808535576,-68.774475389582889,21.822724925195885,35.828150839362777,-0.986431912877972,0.163794348724356,0.010844067599234,0.002428740367603
1486,1670411652.909257412,-68.674312466221295,21.844734693383000,35.825626127238593,-0.985820247425054,0.167737788863459,-0.004698990323222,-0.000627251101820
1487,1670411653.009319544,-68.574311672057746,21.862934180022027,35.843612460549487,-0.989231566900122,0.145672319410672,-0.014140282181738,0.000731317759195
1488,1670411653.109569073,-68.477857502366859,21.881602211444481,35.875561822334092,-0.989298231023789,0.144733488439695,-0.018258494718542,0.002802639450827
1489,1670411653.210316896,-68.382177018345260,21.899141946879688,35.895726700952231,-0.989176196718760,0.145440312532687,-0.019050053602252,0.003829202678617
1490,1670411653.309766531,-68.286596210809378,21.917044038525184,35.896632531228889,-0.987501331732039,0.156198811413893,-0.019607354095745,0.007655246939234
1491,1670411653.409560919,-68.192056473463822,21.942031876467748,35.896326909834087,-0.980938143309561,0.191974867742310,-0.026857007926438,0.013590816051784
1492,1670411653.509395599,-68.093707624763994,21.971687846854966,35.913055842525580,-0.978629557533562,0.201566049686411,-0.031650584513365,0.025564765507268
1493,1670411653.608388186,-67.988800693040659,22.004856082080849,35.930466492572982,-0.982555677345514,0.182184545123199,-0.024888112783891,0.027815719951269
1494,1670411653.708041430,-67.877361265120129,22.037558213445109,35.934792858611040,-0.986097529961067,0.162097445295752,-0.017847845313722,0.031898809553489
1495,1670411653.807377815,-67.759314324147027,22.069504364399720,35.916751614186452,-0.991720809320934,0.122299626770034,-0.010446186621136,0.037729495581279
1496,1670411653.906734943,-67.634883381899485,22.101343354241930,35.893403186267925,-0.994737122203007,0.094159637332895,-0.002125837667781,0.040342300663535
1497,1670411654.007425785,-67.506789776130873,22.131621515240024,35.891738874463684,-0.996158278072404,0.078039752732224,-0.003492093161078,0.039576347818748
1498,1670411654.108053684,-67.380304845593415,22.159981524121285,35.911376627537365,-0.998022317189409,0.048795566220120,-0.005269117500516,0.039277009940999
1499,1670411654.208538294,-67.261053053564595,22.187110116009432,35.937528619015566,-0.998683643590796,0.034240879054898,0.000541363003838,0.038187028581155
1500,1670411654.309085608,-67.145978434038042,22.213042700949064,35.954042537056182,-0.999243116776676,0.021413481116572,0.012720024016955,0.029880719367398
1501,1670411654.409610271,-67.028391065528027,22.226950531190070,35.952063631818781,-0.998226119647589,0.046821493049602,0.028791244870926,0.022878506522652
1502,1670411654.509974957,-66.909200197598409,22.225189770813962,35.940345661066942,-0.996935573072811,0.062695711451414,0.036213158261127,0.029619555640504
1503,1670411654.609567642,-66.788054152585104,22.222931453198832,35.960711439184522,-0.995235895603734,0.081678342750151,0.036796767005066,0.038472826324514
1504,1670411654.710304499,-66.661941582326705,22.225163428397057,35.998309714948384,-0.992560838860809,0.103001686367457,0.049563021130727,0.041918262151257
1505,1670411654.808664322,-66.544102801966531,22.235665327616704,36.036619297284645,-0.992743092527499,0.089173676244998,0.066036347442696,0.046350927933717
1506,1670411654.907704353,-66.438544275802755,22.254749712736686,36.081591084979870,-0.992902057979208,0.082283176382277,0.073998406771208,0.043580017673469
1507,1670411655.007160902,-66.341162481294589,22.285580237310061,36.117259275662335,-0.994469373539595,0.072843826579348,0.067553571586786,0.034072818887091
1508,1670411655.107292175,-66.248951747186638,22.324479717725783,36.117264627341946,-0.996082751430280,0.068592177820504,0.053357839353256,0.016346449904349
1509,1670411655.207337141,-66.152702321355633,22.360767664782607,36.107817422856698,-0.997919801892126,0.055850949758912,0.032043847083357,-0.003151549889332
1510,1670411655.307655811,-66.038870166498711,22.386867718183726,36.130169962983778,-0.999350089637818,0.033902884106674,0.006677408085832,-0.010266694277665
1511,1670411655.407729387,-65.908096640949992,22.406773803673040,36.160995888635220,-0.999883576096907,0.007410544017368,0.006900553019161,-0.011414922560241
1512,1670411655.508064270,-65.774469421610078,22.424804542182155,36.177736516373074,-0.999826759081333,-0.009077066298835,0.013716784949560,-0.008712548592218
1513,1670411655.608490467,-65.641315579796895,22.444465774573743,36.168503022638426,-0.999519622991316,-0.023288580422361,0.017928113144684,-0.009836057964471
1514,1670411655.709226131,-65.506826366111525,22.466154149382255,36.149414402847853,-0.999709780040889,-0.014437857064761,0.016328417616832,-0.010260933296067
1515,1670411655.809500933,-65.369849446622609,22.493194997982712,36.152733844344809,-0.999951724302060,-0.003829629160927,0.003961056620365,-0.008135910291885
1516,1670411655.909793615,-65.224481151336178,22.521631285053981,36.177704610369041,-0.999969263878046,0.006737072213831,0.000821850178542,-0.003925266802182
1517,1670411656.009554863,-65.082325956753877,22.550213953346276,36.202434892872738,-0.999925975681762,0.008884673383551,0.008115784721219,-0.001799937249899
1518,1670411656.108842611,-64.949441422779159,22.578557809201222,36.206427203719528,-0.999827032240738,0.017628250918643,0.005894271331313,-0.000638698443061
1519,1670411656.207293510,-64.819866278741188,22.609961373836612,36.182275267445370,-0.999959262573038,0.006761058805009,-0.002698800469747,-0.005336455213438
1520,1670411656.306832314,-64.683643005142272,22.644018315950742,36.170717427342105,-0.999811317240635,-0.003937825196083,-0.017450602633522,-0.007569670930696
1521,1670411656.406669140,-64.532268183514034,22.677516056585127,36.196028429533612,-0.999446950928911,-0.011274814182945,-0.029416849966248,-0.010645176471317
1522,1670411656.507099867,-64.367422828441221,22.707003618849907,36.222559619354172,-0.999605939161141,-0.016990834334872,-0.017913750258561,-0.013355728885133
1523,1670411656.607372761,-64.204495799166011,22.735920489584892,36.233346076887635,-0.999552596562876,-0.029130712245170,-0.005412951616854,-0.004087574255634
1524,1670411656.707661867,-64.046675617079245,22.765965470618010,36.206917505699735,-0.999752217030881,-0.021823219123975,0.000956731172571,-0.004282092288670
1525,1670411656.808731318,-63.896264688950481,22.799466673019861,36.184459426966548,-0.999877316609635,0.015465509512872,-0.000626377997559,-0.002403621356834
1526,1670411656.908689737,-63.748829732346394,22.834089522181412,36.204141112122791,-0.999840802236072,0.015561182275137,-0.007146439954407,0.005014796716390
1527,1670411657.008450747,-63.603685080046020,22.869727278929602,36.226409481650627,-0.999628413363723,0.025773325978742,-0.003688258338865,0.008072646056004
1528,1670411657.108496666,-63.463580840132543,22.904387953370126,36.228026878236676,-0.998530697121938,0.053261122377073,-0.008928359319090,0.004470363316280
1529,1670411657.207671881,-63.322636554725406,22.939709876888614,36.198749367371470,-0.999006503806465,0.041333215255723,-0.016359542260670,0.003152149429975
1530,1670411657.307287216,-63.175951961545287,22.972352556118913,36.183271571507689,-0.999355358954347,0.017077798366932,-0.031411276768179,0.003247618198097
1531,1670411657.408434868,-63.016439726018604,22.999871105404956,36.198157066715332,-0.999118750881710,-0.001123836643412,-0.041822023933531,0.003372972260961
1532,1670411657.508062840,-62.854881975175132,23.022154445748679,36.224394003003056,-0.999343791312726,-0.017172664623122,-0.030745106122641,0.008474951560712
1533,1670411657.608730078,-62.695426716899433,23.038793524708712,36.228615378970261,-0.999520140319710,-0.017786358084310,-0.022530305514042,0.011641301250600
1534,1670411657.710031033,-62.541321948386070,23.048752978926018,36.202220607001692,-0.999241902925094,0.029718426561460,-0.021643987273050,0.012805169904047
1535,1670411657.811081886,-62.393384127118416,23.054271049956789,36.188772793859812,-0.997143019368918,0.066818579580557,-0.031370239466053,0.016030733686185
1536,1670411657.909911871,-62.249660907255034,23.057276948882304,36.197299903681206,-0.994785289904088,0.090554632816849,-0.037714191372419,0.027923560571145
1537,1670411658.009491205,-62.106490706357619,23.058094914677046,36.221671096614642,-0.989443466156926,0.138241456353824,-0.032124882230998,0.029307319327893
1538,1670411658.108083248,-61.963975468184685,23.057719927983971,36.226273733996642,-0.987447168503008,0.149928973240333,-0.030859812031111,0.038949510907013
1539,1670411658.206653833,-61.820817379127831,23.065638617021772,36.195754143342867,-0.988449390332332,0.141371586887390,-0.036828371525035,0.040318088042415
1540,1670411658.306588888,-61.675875442320830,23.080474593228580,36.185431464433890,-0.985957161674827,0.154785403476791,-0.054471322941113,0.031029489033671
1541,1670411658.405953646,-61.520924316095659,23.095649416309289,36.206188012909941,-0.989209419421212,0.132882741582071,-0.057379892346172,0.022681478618524
1542,1670411658.506627321,-61.361283709700452,23.106924873754537,36.230123543545496,-0.989186783951840,0.137122341985414,-0.050649863216164,0.011897946866332
1543,1670411658.607944489,-61.195890316463263,23.112606013740791,36.227358452970272,-0.990558212627898,0.130768832384732,-0.040992941970422,0.003676762267006
1544,1670411658.709260225,-61.029027857213158,23.111841111146205,36.197835466796320,-0.987888664135868,0.151577862429840,-0.032771578218186,0.005114934421863
1545,1670411658.810084105,-60.864154823842881,23.112643686320585,36.184892406004373,-0.985275125433811,0.167115518523481,-0.035914607236972,0.003933402729171
1546,1670411658.909864426,-60.696445138722062,23.112567226125375,36.200128153028245,-0.984964220346513,0.169488565453822,-0.031851960819277,0.010225625142665
1547,1670411659.010006905,-60.527707625639920,23.114161051819011,36.220898736026435,-0.982234032727917,0.186712771553059,-0.017513169244862,0.006923495723276
1548,1670411659.109198570,-60.362429929823293,23.119731772549429,36.216836211432067,-0.983507864851356,0.180204113324253,-0.014287179637235,0.005885050089885
1549,1670411659.208534002,-60.200946366163599,23.129647207349915,36.185927205033138,-0.987762348651445,0.155019805347679,-0.016809882545766,0.003439532722235
1550,1670411659.308079720,-60.042635089922108,23.139505960005387,36.177563573167312,-0.990207535175465,0.136872365568912,-0.027459309211024,0.000989526631312
1551,1670411659.408446550,-59.877631995799554,23.150341491815581,36.196858954115598,-0.992628687796155,0.118309536889487,-0.026265112746571,0.001133797816457
1552,1670411659.510149956,-59.715885037941987,23.158843321469664,36.215751163889131,-0.992935546616252,0.116630431471887,-0.021711206060000,-0.002228508915690
1553,1670411659.610091925,-59.560705095416317,23.164895547916878,36.200915272239499,-0.994315284512342,0.105327529299369,-0.015257336599728,-0.003231135514748
1554,1670411659.710890293,-59.403041337775946,23.173017624736737,36.163031360457715,-0.991718024498109,0.126717101199829,-0.020823641857985,-0.002124167801999
1555,1670411659.810966492,-59.238240678777110,23.184817814910861,36.152072176524300,-0.988312785533450,0.148744708347827,-0.033290357982943,0.002145170156589
1556,1670411659.910360813,-59.061627450960337,23.196922989182969,36.162653004948183,-0.989836590003314,0.139880095402313,-0.022003380719381,0.013150484316908
1557,1670411660.010276079,-58.882334734757507,23.212382306809143,36.183595213684157,-0.990866368998689,0.133636919539349,-0.009591105618755,0.015265097981904
1558,1670411660.109634638,-58.707870635462037,23.230199106386262,36.164608941536628,-0.993024574799876,0.116792387232906,-0.002198779204993,0.016028022272620
1559,1670411660.211156845,-58.532425458882187,23.251595982814578,36.127196221682233,-0.996946153329012,0.075006503291811,-0.003609415933367,0.021432777305846
1560,1670411660.310781717,-58.352536531565825,23.274248439199162,36.133407222481033,-0.998077391812316,0.057916124682982,-0.012032782067219,0.018505529188674
1561,1670411660.410644054,-58.162530831949560,23.299648760712309,36.161511459058424,-0.999062497149517,0.039952450777784,0.001580773232072,0.016596072493473
1562,1670411660.510607719,-57.982949971670550,23.327630330148040,36.173370413700127,-0.999474531847691,0.023532801607589,0.016268912650620,0.015237779283858
1563,1670411660.611079693,-57.813973282972775,23.359694817212663,36.146199423894721,-0.999589263153739,0.018517623756657,0.020378288386896,0.007945310603897
1564,1670411660.711312532,-57.652075599362753,23.394283905285338,36.119885765961136,-0.999390652756066,0.033843768956873,0.007895459918311,0.003253336637440
1565,1670411660.811829567,-57.483792817658319,23.425170723625332,36.126756589143838,-0.998532243702189,0.053895205876969,-0.004436883800859,-0.002996520096685
1566,1670411660.911396503,-57.309782956248959,23.451542756348257,36.155498125439372,-0.997929793578738,0.062954406413791,0.008382442918858,-0.010129385553798
1567,1670411661.012063503,-57.137027898252143,23.471426764546550,36.160414996494346,-0.996586737615577,0.080677329875811,0.011525678340806,-0.013160607570911
1568,1670411661.111421108,-56.969672864825228,23.486616027854005,36.122187796413002,-0.998073406370884,0.060684994545664,0.010216079846779,-0.007901812752616
1569,1670411661.210850477,-56.796448527220747,23.499008715239277,36.102509349400364,-0.999495187603732,0.031382328174111,0.004327323959885,-0.002407011154569
1570,1670411661.311141491,-56.607273408835368,23.516385228877589,36.127721035036487,-0.999635745227298,0.024647540899999,0.010255719314818,-0.003961794136924
1571,1670411661.411566019,-56.429785085281608,23.536223084918042,36.150947305462658,-0.999644013841723,0.012791814457386,0.023348675292482,0.001747694304863
1572,1670411661.511405230,-56.271799187652448,23.561801760622043,36.138610475463743,-0.999655399229720,-0.006486840869212,0.025307754792741,0.002553670643746
1573,1670411661.612201214,-56.121630054849788,23.591169785175872,36.103743366503785,-0.999894630918834,0.009639670791461,0.010544907048903,-0.002570747372112
1574,1670411661.712222338,-55.968787957560565,23.621348835171421,36.098423258893952,-0.999706340046534,0.020817205706923,-0.012275015512834,0.001789304747289
1575,1670411661.812286854,-55.797622053472210,23.646940940321624,36.122741696326166,-0.999523847321620,0.028211599112130,-0.008781199515743,0.008892403836325
1576,1670411661.912370443,-55.623142417234092,23.669729286629174,36.145782703013062,-0.999154361176212,0.040877001201523,0.002257152944881,0.003812948453480
1577,1670411662.011753321,-55.453549131034286,23.693932142308793,36.124565377517484,-0.998963901944319,0.044228042829822,0.007416358438065,0.007745996846335
1578,1670411662.111984730,-55.281890091128183,23.720137745744736,36.094258779270973,-0.999749006822103,0.019796588069281,0.006238088699060,0.008432360785460
1579,1670411662.211210966,-55.097380353358488,23.747659567583778,36.113779730699953,-0.999941472944955,0.009616708779599,0.004955949614024,0.000090334631355
1580,1670411662.312668562,-54.909484700993467,23.775848212170605,36.143205312385518,-0.999731032926929,0.005147793202008,0.022398833672892,-0.003107133421663
1581,1670411662.414065599,-54.740004507267145,23.803670121154454,36.146535683994919,-0.999471315178442,-0.009867095411878,0.030400243426632,-0.005962865352378
1582,1670411662.514162302,-54.586112270057711,23.831052194260913,36.117676022422160,-0.999582385379810,-0.003654273361508,0.026613870428258,-0.010649085661966
1583,1670411662.616314173,-54.432382970267653,23.857219605752469,36.098634816087845,-0.999755669402662,0.016486266538252,0.004181894632132,-0.014117941427516
1584,1670411662.716116190,-54.269361101768119,23.877230593054612,36.115732531928039,-0.999225345719055,0.037612463074424,-0.009430846219007,-0.006713436802632
1585,1670411662.814414740,-54.097781662495017,23.891912620713349,36.144501887559088,-0.998478540006559,0.054661736414436,-0.000204403492285,-0.007256578928232
1586,1670411662.914016247,-53.925443406602831,23.903235877849852,36.151792382004835,-0.997730732949766,0.067225734630922,0.003704919851743,-0.000598915477023
1587,1670411663.013437033,-53.756512449477796,23.914392707110160,36.113600323959567,-0.998106378882593,0.061341800546042,0.001823950094451,0.004184871049468
1588,1670411663.111879587,-53.587123115147101,23.927672937760992,36.097980502147188,-0.999278711710765,0.035638592339316,-0.011311809512064,0.006632497516636
1589,1670411663.211788416,-53.409365986403017,23.944189480370994,36.117335133647032,-0.999554604454754,0.020051934785737,-0.020206156841676,0.008956776782932
1590,1670411663.311498165,-53.233690014463455,23.964419623388544,36.149276964431408,-0.999851688630137,0.001397335612535,-0.012061547220021,0.012213405557344
1591,1670411663.411533117,-53.063443570783065,23.983157800887422,36.151169631112630,-0.999964846037140,-0.006499734323477,-0.005297150889382,-0.000018332976430
1592,1670411663.512887478,-52.893993308743866,23.996116004654343,36.115044273859858,-0.999822742928449,0.017797511123813,-0.006053036803759,-0.001045019752427
1593,1670411663.613569736,-52.722814361322094,24.005869795750002,36.108287863120992,-0.999132641084478,0.037221252857265,-0.018641105640747,-0.001026175317012
1594,1670411663.715103149,-52.534777776612778,24.010901280063830,36.138215809400975,-0.998884885026132,0.044371364359722,-0.016032400302685,0.001769359127518
1595,1670411663.814705372,-52.349793746674258,24.011948351827847,36.164232153538968,-0.997867747898379,0.064746422410820,0.008237418006960,-0.000058598596762
1596,1670411663.913297892,-52.176090042832449,24.010834391397896,36.165641750467913,-0.998412217863773,0.053769080198398,0.016542570284161,-0.002876213370646
1597,1670411664.012922287,-52.012024358340739,24.007350013228415,36.127922888991414,-0.998893113640218,0.044309223196744,0.014903321997747,0.005208767155734
1598,1670411664.112459898,-51.854946929069975,24.002044342630601,36.099171441153921,-0.999807244810092,0.016584196965206,-0.004123337624811,0.009666215552353
1599,1670411664.211948156,-51.690413509635029,23.998905739225613,36.105428936807080,-0.999781907547171,0.000627388874659,-0.018912591369640,0.008835021914196
1600,1670411664.312596321,-51.520353284324855,24.003042427370392,36.131883330681418,-0.999885129184393,-0.009749604077288,-0.010108601473048,0.005699985307475
1601,1670411664.412612915,-51.355220018671524,24.014699738413029,36.125811233701150,-0.999859886606197,-0.014157333748082,-0.006810896858140,-0.005778299142109
1602,1670411664.513911963,-51.186933171641080,24.026130544697445,36.085623180488334,-0.999839733665603,0.011018951316523,-0.010191652166419,-0.009758069558042
1603,1670411664.614223719,-51.010588521844127,24.034216198407044,36.072078368167347,-0.999532841872775,0.023587490829466,-0.013320969915882,-0.014152033585503
1604,1670411664.713759899,-50.825301417700580,24.040373080467326,36.094799989229017,-0.999472995509830,0.031717551444012,-0.004499507291576,-0.005242386015656
1605,1670411664.813870668,-50.646271200426050,24.048397916017482,36.116397825368026,-0.998709526682317,0.049379339968780,0.006875695159728,-0.009679200085750
1606,1670411664.914807796,-50.474595785950889,24.057812350080976,36.098528391523779,-0.998774151940888,0.048322380056691,0.010317350880333,-0.002948435386511
1607,1670411665.013960361,-50.306676114987873,24.068747989805072,36.070227242361625,-0.999903229099119,0.013476663069680,0.003400340818442,0.000591330684630
1608,1670411665.113660574,-50.119736742773945,24.087421253230499,36.093164031016563,-0.999980136023698,0.002197756077036,0.005747854243553,-0.001363670725284
1609,1670411665.214428186,-49.931453954460558,24.106573207839105,36.124343833015438,-0.999815094617707,-0.000750383199520,0.018381463999865,-0.005597792498997
1610,1670411665.313626051,-49.763794904863019,24.128075650356891,36.130407555086173,-0.998949430132932,-0.032737977833490,0.032021243005571,-0.001703185498762
1611,1670411665.414404392,-49.606389537288301,24.150892035510882,36.105345876652855,-0.999064200937860,-0.029655885955644,0.031458234977177,-0.001276826026285
1612,1670411665.515320778,-49.449436804335427,24.174549234579590,36.094984546390926,-0.999638510257457,-0.022912545336384,0.013622165529927,0.003507232917177
1613,1670411665.615645170,-49.277426801509534,24.195804959998831,36.119698856309242,-0.999764597554073,-0.012515544775454,0.011448677834615,0.013529168206358
1614,1670411665.716795206,-49.100471729489144,24.216234430569063,36.151445572209340,-0.999609347171019,-0.007066539044966,0.022719470299424,0.014664335769815
1615,1670411665.816440105,-48.937486252982382,24.239603100760185,36.147944854789401,-0.999367415531728,0.004795409847251,0.027204001635368,0.022398998032389
1616,1670411665.915712595,-48.781757423595295,24.268957581268854,36.119725219790972,-0.999520576927174,-0.009275147136351,0.018807854112317,0.022778335506747
1617,1670411666.015808582,-48.617950366265575,24.301125994066322,36.126367896904959,-0.999555439324297,-0.022974760253712,0.001378058872748,0.018952178298012
1618,1670411666.115431309,-48.438944963522395,24.334958122225409,36.154098362928913,-0.999445701075085,-0.030017396610436,0.002834486088114,0.014114254917622
1619,1670411666.217599392,-48.257354011425583,24.368405219936566,36.179292325095496,-0.998990827218234,-0.039500328091919,0.016237862997397,0.013906222338861
1620,1670411666.307427406,-48.106509883133079,24.397805429844581,36.168532128512332,-0.998712915468512,-0.046564633105314,0.019807791181900,0.003449467878635
1621,1670411666.409263611,-47.941874277236202,24.426733471269664,36.138538876332163,-0.999819944922782,-0.006067019171995,0.017656355493740,-0.003394425378707
1622,1670411666.510015488,-47.778331453439350,24.455009125389623,36.149519815963892,-0.999973507310324,-0.005798138262129,0.004083213703760,0.001641230036205
1623,1670411666.610168219,-47.609313262122747,24.480420981657058,36.174971869990216,-0.999829580501647,0.016167489876126,0.008575101689204,0.002426902558051
1624,1670411666.708812237,-47.444921464898506,24.504125241403788,36.196325232446526,-0.999298309773692,0.033243359257717,0.016775810191986,0.004042195085245
1625,1670411666.808270931,-47.284056908350557,24.527432302865122,36.181338053528634,-0.998990083844727,0.042472259825472,0.013840500902700,0.004833224594993
1626,1670411666.906944513,-47.123739708311632,24.549880349884699,36.155983900008856,-0.999638631284915,0.024209575868581,0.007086320888024,0.009289097661115
1627,1670411667.006222248,-46.956620940187761,24.571567425464867,36.166545771468975,-0.999901879173907,0.006723920823022,-0.009478529900372,0.007821661216362
1628,1670411667.106128931,-46.780724964642047,24.595745038311353,36.188044403501294,-0.999879646584480,-0.006911577741608,-0.002015530613517,0.013742637140051
1629,1670411667.206984043,-46.609281812608316,24.623376663874470,36.202117018091059,-0.999783065489945,-0.016347556487254,0.008379151139309,0.009816780664173
1630,1670411667.308044672,-46.444767264806302,24.650980989320249,36.178489474865323,-0.999935374449826,0.001208037666821,0.011280934835880,-0.000726689830666
1631,1670411667.408986568,-46.283931835648644,24.672578740535140,36.148521823014185,-0.999776390940822,0.020846947517444,0.001884656851558,-0.003003492150987
1632,1670411667.509325504,-46.121378875956843,24.687959435426485,36.155199495904967,-0.999419512725044,0.031588195605274,-0.009825843973314,0.008141024078693
1633,1670411667.613833666,-45.945754457486679,24.702899623189754,36.179998298531430,-0.999018048627310,0.042656237575299,-0.000354682353106,0.011969048133853
1634,1670411667.712656498,-45.783912226885974,24.716901833000762,36.188838650959013,-0.997765407742512,0.064885184403230,0.004582058869990,0.015267897494111
1635,1670411667.812471628,-45.625716567265478,24.732203131951646,36.156292491947802,-0.997933376268990,0.061224847117718,-0.000633945241281,0.019495967203937
1636,1670411667.911372423,-45.468433799680071,24.747329869296582,36.127296040671943,-0.998995779258455,0.038612974372574,-0.016112322505800,0.016026986534129
1637,1670411668.012548447,-45.296827779933892,24.763943863329846,36.134705411173471,-0.999201419979175,0.024987914759717,-0.027874871099610,0.013968464079571
1638,1670411668.113080740,-45.119108600191979,24.782674589794034,36.160303939443359,-0.999682228751369,0.015220610981645,-0.015990813188489,0.012168336517866
1639,1670411668.214480877,-44.942664863620962,24.803170693034769,36.156071231848372,-0.999978645063736,0.002557612822693,-0.002921429674014,0.005256736801907
1640,1670411668.314986229,-44.771967887795967,24.818109245192002,36.109404237319680,-0.999303468859501,0.037309099454893,0.000778802158400,0.000041114854083
1641,1670411668.415194750,-44.605190867905563,24.827637687906865,36.086396694794402,-0.998651399079121,0.051205525252362,-0.008507234020034,0.001002132861555
1642,1670411668.514652729,-44.437481724548078,24.833895783179415,36.097323234905353,-0.997818080932427,0.063587077965994,-0.010042277670710,0.014659929715403
1643,1670411668.614841223,-44.270708192834213,24.840779094152680,36.121690690591521,-0.995704712977350,0.091636378379562,-0.002902403563691,0.012902510055169
1644,1670411668.714574099,-44.109066059104926,24.849319625803485,36.110877899493140,-0.994170209330269,0.106380638693055,-0.004830592327600,0.016894376852420
1645,1670411668.813183308,-43.948970807569566,24.861551393326522,36.072072391025706,-0.996699672757329,0.077706910044455,-0.015919418531494,0.017261824074975
1646,1670411668.912901878,-43.781391379595469,24.875200959739018,36.061850989732250,-0.997642625732192,0.057068470854586,-0.032801052657564,0.019402883833423
1647,1670411669.014129639,-43.596920996741197,24.891552757375045,36.082494093657644,-0.998798044515439,0.040894114839844,-0.024324115446195,0.011767542282084
1648,1670411669.114350557,-43.417028388934007,24.910308374106606,36.097383160669672,-0.999651644403257,0.022710541451710,-0.007943993756373,0.010849613450841
1649,1670411669.215014458,-43.244408918093505,24.928567047211704,36.065959579435841,-0.999578740138790,0.028722991421413,0.003776398131773,0.001752382237196
1650,1670411669.314992905,-43.078021520161030,24.943035072411750,36.025786303762814,-0.998853062120865,0.047824917586035,0.002309851381090,0.000046219670503
1651,1670411669.415155172,-42.907950385994184,24.955031470811953,36.032882489639313,-0.998564061675344,0.053116451555214,-0.002464208259742,0.006510374971922
1652,1670411669.515043020,-42.737291981242301,24.964515326187321,36.057237699380558,-0.997707539818211,0.066931005750469,0.007114127283695,0.007021015034489
1653,1670411669.614529133,-42.575021508690298,24.972665957295018,36.070093729156255,-0.996798020144196,0.078318565327163,0.012258656598259,0.010470659010370
1654,1670411669.713676929,-42.418858587767730,24.982534220467592,36.040563865494704,-0.997342303730887,0.071097992777680,0.008644669004851,0.013366910995014
1655,1670411669.813298225,-42.260031927539949,24.994882000730474,36.016457855909358,-0.998857098209720,0.045403681981648,-0.004791595294803,0.014143678202592
1656,1670411669.913025618,-42.089323524992516,25.008379692997345,36.031058429161085,-0.999227456280941,0.034031766907985,-0.016052885782106,0.011341706816345
1657,1670411670.014205456,-41.909602806965161,25.023444881065785,36.057982491936876,-0.999727248241300,0.019187317808083,-0.003757406264497,0.012773326010632
1658,1670411670.114047527,-41.739680521414840,25.041205198968157,36.054681346656942,-0.999934316178848,-0.002880842773976,0.005668315226603,0.009535946483930
1659,1670411670.215240002,-41.575044052730860,25.059392653966583,36.013703955751161,-0.999625639196767,0.026913162556546,0.004779967443847,0.001189559959199
1660,1670411670.316080332,-41.413255909194504,25.080257069587770,35.995932790797326,-0.998620463854139,0.051703891087051,-0.008853008173189,-0.002345434818767
1661,1670411670.415826321,-41.247265343428865,25.099860237859847,36.011159169558866,-0.998160525895925,0.059712703957174,-0.010485714115255,-0.000085608332545
1662,1670411670.516081095,-41.079459910514515,25.115874066154223,36.035239240571130,-0.996328779539565,0.085217211034198,-0.004648418128086,-0.006736632219479
1663,1670411670.614528418,-40.918215120749771,25.126269888923364,36.022295020954971,-0.995323049218563,0.096325399944026,-0.004296698500516,-0.005914676819606
1664,1670411670.714375973,-40.753166150090365,25.135662565554021,35.980459868112000,-0.997826381689637,0.065085654078108,-0.010305739757639,-0.000401703174524
1665,1670411670.813366175,-40.581717526380864,25.149030107353241,35.976549932676271,-0.998605152336405,0.047385035332960,-0.023123511209771,-0.002776937703775
1666,1670411670.914872408,-40.393298513219278,25.167440679982970,35.999197376570280,-0.999073586900721,0.039605094945069,-0.015304991346490,-0.007011537035735
1667,1670411671.014649391,-40.213062953854731,25.185791771859456,36.016470246771831,-0.999902405406115,0.012782331732910,0.000500249912804,-0.005616173836258
1668,1670411671.115360498,-40.038733525127085,25.200759692952417,35.993054466007777,-0.999747855905917,0.015924298721111,0.007039884979225,-0.014180315273042
1669,1670411671.216544390,-39.871983362529633,25.215761926239725,35.954989438134326,-0.998495659398988,0.052817331103240,-0.000149189948219,-0.014721597701039
1670,1670411671.316952944,-39.706701710195162,25.230887843999867,35.958262392994072,-0.998084249855669,0.059366104373187,-0.013577802847717,-0.010915086414111
1671,1670411671.416732550,-39.536678314283463,25.242432474478640,35.985308153341080,-0.997109689604794,0.074612794332971,-0.007923864081890,-0.011933574320794
1672,1670411671.515799761,-39.368877065572654,25.249645838376441,35.999183019844281,-0.995674175177176,0.092426227647921,-0.003014254193759,-0.009013523155811
1673,1670411671.615459919,-39.201198495973316,25.253681627032719,35.964400459171117,-0.996434024409822,0.084222847927633,-0.002976210003531,-0.004109630083180
1674,1670411671.714399576,-39.030814155210500,25.258802310759272,35.940420855456225,-0.998670500475346,0.050033397726256,-0.011433459032362,0.004813170144824
1675,1670411671.806416988,-38.864231769996550,25.268133580199144,35.953240404674006,-0.998949856675303,0.041876208016784,-0.018086417179073,0.004295179175649
1676,1670411671.906257868,-38.683363316388217,25.282686163882438,35.981866997658877,-0.999408614033024,0.033786213513810,-0.006293642315359,0.001141945443397
1677,1670411672.006562710,-38.513514914515063,25.302345925668600,35.987673099567814,-0.999821129736127,0.018847717142588,-0.000766685395336,0.001372692679887
1678,1670411672.109308243,-38.350327175346536,25.323650793197867,35.953642676911748,-0.999065155894101,0.041839258067035,-0.006563517163985,-0.008672427868504
1679,1670411672.209998131,-38.191993879224377,25.343412649641138,35.933531335884048,-0.997628256044074,0.064817807799146,-0.023045569188417,-0.002327289271861
1680,1670411672.309908390,-38.024180108796742,25.357966376455099,35.951702171185879,-0.996491626716275,0.080073902313103,-0.024340510809857,-0.000384169518202
1681,1670411672.409219742,-37.855749264995069,25.369764611382433,35.977814824619472,-0.994449505186014,0.103865085106465,-0.015806690037404,-0.005689840171775
1682,1670411672.508469105,-37.691686449232797,25.376856008486687,35.966567433971662,-0.993610197383964,0.111755695479042,-0.015717401391889,-0.001550314832950
1683,1670411672.607317924,-37.527640761740969,25.383481908679428,35.920068202586712,-0.996101232931689,0.085336252876386,-0.020987360029230,0.007719353340219
1684,1670411672.706943989,-37.355255780302130,25.392489814187606,35.903430637150116,-0.997641341029384,0.058501706930792,-0.034260691468647,0.010747556716106
1685,1670411672.808223248,-37.165710474527515,25.405675921184685,35.916627777110584,-0.998131103472581,0.054470996115023,-0.026842569532127,0.006832812287591
1686,1670411672.908929825,-36.975810374216081,25.421818764412773,35.938959423096094,-0.998890426540013,0.046455474116311,-0.007679179133220,0.000913728176068
1687,1670411673.010734320,-36.790388693033712,25.438083763027901,35.918961311566761,-0.998452628455319,0.054744914727858,0.005356770228084,-0.008163825992025
1688,1670411673.112296104,-36.616096406618283,25.449185414866236,35.877527645970119,-0.995226153912215,0.096692381318677,0.004532768458923,-0.012447488667267
1689,1670411673.209907293,-36.453179351285542,25.452642999411236,35.876909410984389,-0.994367794118829,0.105844997877194,-0.005280842661138,-0.001280290755551
1690,1670411673.309404612,-36.287054714532118,25.452524348474824,35.904721904986182,-0.992211379781508,0.124562651750471,-0.000835154646589,0.000161671526498
1691,1670411673.408501387,-36.127501283674981,25.446671278356973,35.922501873839359,-0.989343457113828,0.145542178479691,0.001127833655812,0.003965619836796
1692,1670411673.507684708,-35.971802495776387,25.440075871946558,35.890335645925894,-0.990305720475936,0.138308173153215,-0.003662139498718,0.012329556599860
1693,1670411673.606939793,-35.816258286163851,25.437425375806828,35.852006537807291,-0.992326568859549,0.121585687842469,-0.016200175552080,0.015570984535008
1694,1670411673.707438231,-35.650664879143683,25.438916627483273,35.854328991599779,-0.993079434892874,0.113653740373527,-0.024836133728219,0.016100613447693
1695,1670411673.808356524,-35.485881034051452,25.445320659860680,35.880556520444316,-0.994842661196946,0.098585224262724,-0.018968335240301,0.014464967260915
1696,1670411673.909254074,-35.328909044532004,25.454901246446113,35.880218564185874,-0.995309668137147,0.094901426133271,-0.014350583630239,0.012101428843946
1697,1670411674.010998249,-35.174753535336002,25.460278475974871,35.839691643620718,-0.992240160505519,0.122941119819504,-0.016217599199835,0.009051763016235
1698,1670411674.111742496,-35.024633867103496,25.454647883553861,35.811003048436746,-0.987623692529347,0.154121733225765,-0.023366520870286,0.017318747200731
1699,1670411674.212222576,-34.874278356881412,25.440120241944804,35.819743357644683,-0.984662763891207,0.169965195281144,-0.021351395525835,0.033093680790604
1700,1670411674.311725616,-34.727935229012509,25.423252107729898,35.843553365194055,-0.980432878826375,0.193467638018137,-0.013353726066081,0.033813032340524
1701,1670411674.410567760,-34.586246203599003,25.407436937232564,35.830356660282476,-0.978231981670050,0.202334656914369,-0.013603518979093,0.044020687416446
1702,1670411674.509006739,-34.446265868926673,25.394746986325021,35.786636052077547,-0.980874371280973,0.188578832011789,-0.019973255243043,0.043869818283445
1703,1670411674.608345747,-34.302134043010000,25.381064596928226,35.766635383048367,-0.981814657874422,0.180880283508628,-0.035366258211319,0.045514046193449
1704,1670411674.708320856,-34.146050324215778,25.365562037035517,35.777545151041515,-0.984544363348289,0.166245694121637,-0.033206845567557,0.043955331787853
1705,1670411674.809690475,-33.989821249844731,25.351709262837886,35.796527147327822,-0.985084856466425,0.165819072309771,-0.022831205035418,0.039882287992050
1706,1670411674.910382032,-33.839504498993492,25.338557238822879,35.780964743929992,-0.983633322506430,0.177503867522334,-0.013277037691311,0.027956826352771
1707,1670411675.011799097,-33.691569676587093,25.318907279117560,35.734447071492376,-0.978623448128946,0.203485565799334,-0.014410019478102,0.026117477331811
1708,1670411675.112239122,-33.542115201837845,25.290253986670539,35.716140277173444,-0.976912880897930,0.209677938592546,-0.023564607800895,0.033482748729431
1709,1670411675.212725163,-33.385295219253187,25.251696980145141,35.730750734883358,-0.972016577797392,0.230205235014894,-0.017182776710559,0.043520965560273
1710,1670411675.310755014,-33.233969244865413,25.211602937342711,35.750963128985539,-0.968923531245417,0.242436130223826,-0.008867880394008,0.048303975595439
1711,1670411675.410454750,-33.081125428232710,25.175881293047841,35.732250155800713,-0.967900917999413,0.245301950069896,-0.004612930130123,0.054529690109291
1712,1670411675.509030581,-32.924196257834190,25.149149571805967,35.694158112893547,-0.974066490982930,0.220666074602054,-0.007565215116679,0.049434018490918
1713,1670411675.609036207,-32.755946945895154,25.122093793599344,35.692563258882572,-0.976818265599367,0.210283167062024,-0.016391893026341,0.036583759850834
1714,1670411675.709505796,-32.576310416864786,25.093452140688232,35.717265037546021,-0.979944581637848,0.197361405363290,-0.005157643937077,0.027027602569741
1715,1670411675.810511351,-32.401593924625260,25.068819243592937,35.729334265289751,-0.984007544506966,0.175873381758484,0.007715593932905,0.027169386310106
1716,1670411675.911481142,-32.236391478052298,25.050246056394720,35.698419115779906,-0.985176078406598,0.170218780609725,0.012910873791540,0.016940206641992
1717,1670411676.012268543,-32.077779562950930,25.032383295506332,35.658979737806987,-0.980333676587981,0.197076347875787,0.005317135009387,0.008861361674502
1718,1670411676.113447905,-31.915022029292267,25.009239934357208,35.663110681898914,-0.978346216338761,0.206571831951075,-0.008169923713266,0.010000578309564
1719,1670411676.213038921,-31.747319818181417,24.980305008532259,35.689078235577078,-0.977023163972979,0.212928848902525,-0.001218441948775,0.009249744023128
1720,1670411676.311306715,-31.584780331519685,24.949471611879567,35.698355640574626,-0.974921319454408,0.222308006004947,0.004372721545333,0.009404820342170
1721,1670411676.410147905,-31.425016110956847,24.919823810280018,35.663043391959484,-0.977665382920079,0.209901018972441,0.002143677751857,0.010361752736012
1722,1670411676.509652376,-31.265208226737144,24.890615603668905,35.636208170035843,-0.981768043050745,0.189425104643350,-0.010887839968741,0.011449642613679
1723,1670411676.609892845,-31.092432711994540,24.864062449518581,35.653152456072675,-0.984111090793325,0.176584016345518,-0.017840198876522,0.005017315308300
1724,1670411676.710245609,-30.915981039520247,24.841565106026987,35.676913505742640,-0.986680748482765,0.162483184818221,-0.007641916599571,0.001384317703299
1725,1670411676.810911417,-30.746357283910204,24.822182894031979,35.671307036131211,-0.989448427816383,0.144798072528158,0.001349352485975,-0.004848312251280
1726,1670411676.911466122,-30.580860827462299,24.799719231989226,35.627075067427988,-0.985595144148238,0.168749197613249,0.001731701710294,-0.011086989919953
1727,1670411677.012085199,-30.408307355839909,24.770050862350498,35.604129859589186,-0.983216657660334,0.182040320243703,-0.004713351335816,-0.011140476829836
1728,1670411677.111614704,-30.223133069224474,24.729346537340618,35.623394289423082,-0.981981958146004,0.188892977203964,0.004597521782115,0.003120870427427
1729,1670411677.210871220,-30.039969268225668,24.687742608918853,35.645412985254090,-0.979386521682186,0.200321302132821,0.025478427918635,0.004926131329388
1730,1670411677.312720537,-29.863513522720062,24.644429070514157,35.630454731515009,-0.975567037918508,0.216974150791763,0.033590170775793,0.007929239708461
1731,1670411677.412008286,-29.700709596128195,24.600552342354145,35.587820848576008,-0.979673861042095,0.197955006668640,0.028867917470454,0.014818389474309
1732,1670411677.511779070,-29.536463501320235,24.551378195071567,35.580605601434172,-0.981487102667615,0.190189599723053,0.011215562313637,0.019626375526450
1733,1670411677.612075329,-29.358353716876415,24.502840992509430,35.604349473916542,-0.981301447545767,0.191008103008554,0.014808355732905,0.018549561454196
1734,1670411677.713645697,-29.186236325681531,24.460060154640608,35.625596836103824,-0.981722515836744,0.187892341113622,0.023826515694914,0.018699390360587
1735,1670411677.813792229,-29.026895913355993,24.422921032507986,35.605448365348778,-0.978261341790828,0.205920662707861,0.023269146085888,0.007744331346041
1736,1670411677.914007425,-28.872948817632306,24.377432263943536,35.562169905975558,-0.971102819038033,0.238377848170097,0.010839349254676,0.004221950486953
1737,1670411678.013992310,-28.712991412276260,24.318362501517733,35.555644133503598,-0.966696473525201,0.255498162638882,-0.002097976238596,0.014636101181563
1738,1670411678.115212917,-28.545512019752973,24.252398128690597,35.581589169994473,-0.961515328721613,0.273648961667024,0.007995100643925,0.023250737141485
1739,1670411678.215009212,-28.389432917210133,24.188182506337519,35.590026267021997,-0.954866611797998,0.295258910925005,0.012942383321495,0.029739265403705
1740,1670411678.314573050,-28.240233172167127,24.130787239331475,35.546007074016075,-0.956316315647076,0.290242838278324,0.006056764089411,0.034373170702017
1741,1670411678.414110422,-28.088508446069845,24.075371126724875,35.506684687999744,-0.960027823125785,0.278034160273713,-0.008684680899315,0.031115283430078
1742,1670411678.514468670,-27.914751674216891,24.011263914767774,35.519625390322602,-0.960128084084323,0.278368534156464,-0.007784916504307,0.024584881923040
1743,1670411678.615156412,-27.741563321147218,23.944830095877009,35.546296609664452,-0.959829084491116,0.279708162158875,0.008253969783925,0.020575338866161
1744,1670411678.715750933,-27.579187041560807,23.878507749222695,35.531995176295084,-0.956059477426639,0.292214858708414,0.018220451614662,0.015125049278687
1745,1670411678.816153765,-27.426796983911206,23.811334970584447,35.476864394277150,-0.945256048909341,0.325746341408482,0.017184829497127,0.009219799045842
1746,1670411678.916260719,-27.276410893302351,23.737614077221497,35.456300725831241,-0.941245707906803,0.337464848967407,0.002015882476747,0.013035692396904
1747,1670411679.017322302,-27.119016486654299,23.652920492377145,35.477073284410238,-0.937241033048090,0.347973418813405,0.004107347505868,0.021837478488295
1748,1670411679.108095884,-26.981323255035758,23.574410066093382,35.495601682072468,-0.928664371526692,0.370189864171654,0.013233252630107,0.019152820845347
1749,1670411679.207345486,-26.837865578868204,23.488667872649216,35.473334416625086,-0.924997512331730,0.379107949608172,0.009202028978440,0.023918348326720
1750,1670411679.305942297,-26.700152886924613,23.404360301171959,35.430200771743721,-0.933728364477755,0.356808655641424,-0.003289022776584,0.028776847607608
1751,1670411679.405404806,-26.552104689005503,23.314325138276693,35.431048920434002,-0.938805764841781,0.343058248888377,-0.013159584529553,0.027957093992184
1752,1670411679.505775690,-26.389828848956075,23.222685571734864,35.461367902323317,-0.938988978041789,0.342990704247912,0.002540492973799,0.025507289370076
1753,1670411679.606418610,-26.233770514818151,23.137523009889712,35.471984554628577,-0.940028767510395,0.340073528619978,0.017300140617024,0.019915233352269
1754,1670411679.707741022,-26.087820792971655,23.057969894485840,35.434230690743135,-0.932319653453550,0.360965800379123,0.018987813225075,0.011100346383832
1755,1670411679.808140993,-25.949029863233051,22.979581443228465,35.399892120477929,-0.924834385556287,0.380287658347465,0.007022401539775,0.003652680925209
1756,1670411679.907571793,-25.804783084594792,22.894144785704352,35.413076853145967,-0.924415058855540,0.381292245326479,-0.003805218478339,0.007651335003355
1757,1670411680.007448673,-25.656544624394041,22.800886996460299,35.439894073711876,-0.918952638907962,0.394292500663993,0.003750644367022,0.006738251335403
1758,1670411680.107210636,-25.513926138041835,22.703278246002597,35.437476099086915,-0.915152976136543,0.402971600223979,0.003564001396396,0.009809055785321
1759,1670411680.206503868,-25.374388386333273,22.604869834548598,35.391389120684210,-0.923962219089940,0.382299513208190,-0.001528689258315,0.011771278788948
1760,1670411680.305955410,-25.232452754607078,22.506252416222232,35.363275470942156,-0.933565824263352,0.357646511061072,-0.018332653714419,0.014413143346162
1761,1670411680.406989098,-25.074610531734525,22.401971767392219,35.378093330124273,-0.934316381685052,0.355922832851487,-0.015450109892904,0.011538200649231
1762,1670411680.507445335,-24.913175067639621,22.302541933374851,35.403628320548009,-0.941010964097937,0.338078172587707,0.002046043466857,0.014047361793562
1763,1670411680.608397245,-24.756487724568633,22.209692277563718,35.383475060135403,-0.939038559027756,0.343374137554282,0.015124638181177,0.008487145445768
1764,1670411680.709831715,-24.606706461489537,22.115893217989161,35.332718351037265,-0.928511300177830,0.370909603383107,0.016659216557468,0.003911785264355
1765,1670411680.809065104,-24.462031025546199,22.019439245492315,35.320031643256435,-0.927312207163568,0.374146653460744,0.003954554486509,0.009524371284797
1766,1670411680.908770084,-24.314391322013666,21.916216169447427,35.340258593668125,-0.921378398737011,0.388149347085177,0.007501608425192,0.018591841468993
1767,1670411681.008028269,-24.170581872029839,21.814468566890842,35.363553810052395,-0.916316092498619,0.399659275883612,0.014122628066674,0.020924464264123
1768,1670411681.107331753,-24.029420442999040,21.718045471655856,35.333034717710376,-0.916347562661149,0.399456834390938,0.012726442427186,0.024071134715473
1769,1670411681.206224918,-23.886593828062441,21.624084880927416,35.285699607509905,-0.927928694348223,0.372022700690476,0.004024640242955,0.023048875180399
1770,1670411681.306611061,-23.729214633295548,21.522239922519351,35.288859955042916,-0.933410919757051,0.358370695223410,-0.000772114973020,0.017717322649145
1771,1670411681.407300949,-23.566741289742559,21.418603457034578,35.317144851695979,-0.936413252659725,0.350191208528354,0.013358966396200,0.017829069788167
1772,1670411681.507887602,-23.415199891241862,21.323663387693493,35.324192026679547,-0.939563863249473,0.341018847151500,0.023967892567110,0.018746543390144
1773,1670411681.608479738,-23.274758554375556,21.238339236540114,35.284391295018544,-0.932638151102981,0.359990331292767,0.023091402428127,0.007734831403470
1774,1670411681.709176779,-23.138432295540326,21.157003219506105,35.248507190094017,-0.926990002551468,0.375057944954836,0.004472496642845,0.001034345041120
1775,1670411681.808560610,-22.998147415595323,21.068836830333797,35.252510590019760,-0.921520927997185,0.388269112838030,-0.006550806759958,-0.001833632997528
1776,1670411681.908458948,-22.853677418457572,20.971112373883376,35.282035382971706,-0.914343109687544,0.404909995285162,0.002299532317628,-0.004391541437954
1777,1670411682.007761717,-22.717413185257037,20.869500811872008,35.284448696185244,-0.914728919551428,0.404066011332574,0.001039183787478,0.000763098365991
1778,1670411682.106387138,-22.586775970761476,20.766214141201999,35.238375552832409,-0.923804031602052,0.382716867859990,-0.005815452113787,0.008949344553998
1779,1670411682.205959558,-22.445453571923736,20.655795616454565,35.220741845203946,-0.931255820808396,0.363990709457333,-0.011184651797956,0.012176337847968
1780,1670411682.306540012,-22.288632553031377,20.540099624683947,35.249245998122923,-0.930300220471569,0.366505150270942,-0.000425293747862,0.014672891352871
1781,1670411682.406399965,-22.141948383212775,20.435289532150588,35.269538133311258,-0.932844258438401,0.359618876195635,0.012209111421500,0.018077360996445
1782,1670411682.506883144,-22.004927267775965,20.343288070264826,35.244070792498576,-0.929273453061581,0.368856727452715,0.014371773450835,0.013748315378907
1783,1670411682.607578278,-21.873910742049322,20.257847407856506,35.197881750275663,-0.919113750213345,0.393933985314787,0.002057910408350,0.006457119134816
1784,1670411682.707592010,-21.743523688468407,20.166118286924405,35.191337032739725,-0.914035977297237,0.405123094997899,-0.019005351532816,0.007232338399327
1785,1670411682.807135344,-21.606802777599587,20.062755893009342,35.217992871601574,-0.910741380961606,0.412446786454649,-0.017021724636839,0.012167425272703
1786,1670411682.907485962,-21.469600286486539,19.954444099072948,35.236098725469063,-0.902527841612456,0.430336564776316,-0.009348584510123,0.012905041593814
1787,1670411683.006455183,-21.336062059346059,19.848210561185454,35.195998086805581,-0.905404818384757,0.424115357911234,-0.008512575597859,0.017199246674841
1788,1670411683.106139421,-21.201456422709331,19.742334275941325,35.150009776771007,-0.913792555646371,0.405670130115205,-0.013956191311267,0.014836964031437
1789,1670411683.206311703,-21.058673410735530,19.632894423797044,35.153871739529336,-0.916216999569022,0.400244422232683,-0.018570182946986,0.002441408953945
1790,1670411683.307048321,-20.912995109103903,19.519708709195815,35.184269745881132,-0.917722405234996,0.397183869755972,-0.003703590747825,0.004104138269786
1791,1670411683.407927275,-20.775370104569848,19.414577137504587,35.188245005094345,-0.920482981696097,0.390770287483235,0.002866907574674,-0.001201527815042
1792,1670411683.509219408,-20.645786065024684,19.314919459350499,35.141401711950614,-0.909928756027513,0.414607707745755,0.000317461566920,-0.011402054647599
1793,1670411683.609568119,-20.518212430811591,19.214322090727045,35.106620105606616,-0.904894422753061,0.425227785790253,-0.013906641129304,-0.012410447003432
1794,1670411683.709348202,-20.382395843900017,19.101811459792884,35.127412893167119,-0.905197533457181,0.424665481538467,-0.016359473760352,-0.003003636300092
1795,1670411683.809585333,-20.243805023675581,18.987096486762670,35.158079383346312,-0.902454636220875,0.430751089153063,-0.005341257611515,-0.000774418507532
1796,1670411683.908257008,-20.113144433464104,18.875889356363178,35.144376023603499,-0.902427618846074,0.430821576000418,-0.002518765237734,0.003289105957207
1797,1670411684.006470442,-19.986013420688195,18.765210887530980,35.093498576796641,-0.910960258197727,0.412431305432412,-0.004803562502954,0.005362095758909
1798,1670411684.105715275,-19.852025035702329,18.653482808317595,35.075194793038541,-0.916906221986950,0.398774155880649,-0.016175738857902,-0.000705801455502
1799,1670411684.206176281,-19.705440093303267,18.538042249729919,35.100006330910091,-0.916902103216431,0.398998578823882,-0.009404685610889,-0.001489665186978
1800,1670411684.306440830,-19.563264475838309,18.432903087216530,35.123141185035735,-0.923232218291529,0.384223119690847,-0.002432304964164,0.002991537413640
1801,1670411684.407256603,-19.425816203434209,18.335976361880665,35.094089697354576,-0.921848048805891,0.387537045159775,-0.001507218885783,-0.002990289757186
1802,1670411684.508064985,-19.287949084167142,18.239147403357727,35.040583998302324,-0.916505442214435,0.399843359275318,-0.010797926632777,-0.005144629742270
1803,1670411684.608071327,-19.144393375737316,18.132550408407781,35.031266075490471,-0.912058290739573,0.409579441081711,-0.019851170025138,0.000535523141537
1804,1670411684.708506823,-18.996514123392448,18.018387716732779,35.057439789499078,-0.908466990930658,0.417714963898627,-0.009733032640093,0.010353907484248
1805,1670411684.807153940,-18.861265781009617,17.911125192764001,35.073127697025313,-0.903493189546033,0.428129316485398,-0.006116681724005,0.019181527946691
1806,1670411684.906320333,-18.729436133194913,17.812109408182742,35.036002332143383,-0.910780209173155,0.411734734736390,-0.012483924098403,0.028250140338844
1807,1670411685.005684614,-18.592239759304352,17.719875478280308,34.996163890750999,-0.923474278586471,0.381767403575443,-0.027233233745817,0.026594310222437
1808,1670411685.105901718,-18.434364996451396,17.623977723293262,35.009733938517755,-0.928098666063145,0.370835340530734,-0.029344114644515,0.015904062405411
1809,1670411685.206682205,-18.270112138083082,17.525958399595801,35.041800210292870,-0.933575238963583,0.357861015276377,-0.012453663073005,0.014753752590884
1810,1670411685.306965828,-18.111740401064967,17.435649734705244,35.033619295442847,-0.938288218870372,0.345744849754833,-0.000105786534486,0.008700919852657
1811,1670411685.408276320,-17.959989251036564,17.348488467245339,34.980096512576281,-0.925428206373643,0.378903301483272,0.002129091688491,-0.003223343252198
1812,1670411685.507944822,-17.814551918705217,17.259840329482980,34.954781034911733,-0.921247302129413,0.388789240678899,-0.010017750663519,-0.006780805501322
1813,1670411685.607375145,-17.666658185848487,17.159730598772168,34.972467819652941,-0.920423962148286,0.390818749645482,-0.008514039374312,-0.002818858337145
1814,1670411685.707110643,-17.521881102292475,17.056048805369425,35.001903190955026,-0.913057906261069,0.407825655500730,-0.001079723452609,-0.001526016650898
1815,1670411685.806571007,-17.382736881376218,16.953677823722597,34.980222131299612,-0.912378556198354,0.409331032543971,-0.002027780805593,0.003060080211080
1816,1670411685.905503750,-17.245433909612775,16.851361102124862,34.927054361772640,-0.924930211810705,0.379996669703489,-0.007280363876035,0.007323291329335
1817,1670411686.005836248,-17.098272479753760,16.745302827636120,34.925548051634514,-0.930342606750931,0.366295574909048,-0.016878551472760,0.002302252400120
1818,1670411686.106574059,-16.944545556929331,16.639532635120137,34.954184927872248,-0.930245692849220,0.366874950197782,-0.006718445916547,0.000764419593809
1819,1670411686.207751274,-16.799990947057779,16.542271657529923,34.966920381610159,-0.935057616341547,0.354483633955387,0.001714172091588,0.002380964822888
1820,1670411686.307570219,-16.665250834572277,16.452578717952882,34.931663686461057,-0.930438477321711,0.366431852317711,0.002755704438130,-0.002084135148559
1821,1670411686.408194542,-16.530402289746025,16.365402148633152,34.889551920542225,-0.916515017606612,0.399780586683842,-0.009162237746373,-0.009579061110187
1822,1670411686.507503271,-16.391895166876843,16.273420620171244,34.895640831333509,-0.917056926918373,0.398219224763926,-0.019834837647533,-0.005883964220152
1823,1670411686.606987238,-16.249295652931742,16.174986821953485,34.926659433696138,-0.914881701501996,0.403587962989018,-0.009393475974695,-0.004471129197431
1824,1670411686.706816673,-16.112081880707226,16.075248184301692,34.930057386974191,-0.906558109602492,0.422021382864035,-0.007026730953759,-0.000985581852120
1825,1670411686.805258512,-15.980457055297830,15.977177445936094,34.885086417934723,-0.916706828347919,0.399469497183278,-0.008194302335745,0.002359044227930
1826,1670411686.905227423,-15.849568353949879,15.875685863140525,34.858753706199359,-0.923422747740299,0.383103583911868,-0.022805498642954,0.001407899600251
1827,1670411687.005439997,-15.716257107625436,15.767163543563450,34.865424597778599,-0.927148351419756,0.373359513281592,-0.031388851990182,-0.003653528773653
1828,1670411687.105525732,-15.580792047250846,15.653746624753227,34.893012945784157,-0.932308729474115,0.360778562976660,-0.024878388605955,0.004508572194065
1829,1670411687.206856251,-15.445135754369849,15.546376600622633,34.883976082720395,-0.935294606365537,0.353224320896130,-0.021362221502800,0.000483656352570
1830,1670411687.308166742,-15.312812867200762,15.443895440005122,34.832722565340980,-0.921957549261867,0.386396289429466,-0.025450390240741,-0.006668021504608
1831,1670411687.408854246,-15.179009978287617,15.341957017034925,34.807536830426599,-0.908562067169708,0.415760451905807,-0.039280676351076,-0.010735231566611
1832,1670411687.508407116,-15.039766596722188,15.232310266728549,34.825376410641589,-0.907420254978242,0.418377291892649,-0.038029760955336,-0.010132115547827
1833,1670411687.607447624,-14.905367882327258,15.119796608690342,34.857266669935591,-0.901722478693743,0.431134761058353,-0.031093332408730,-0.007252165558559
1834,1670411687.706026077,-14.775279454521483,15.007206754328456,34.856229123697744,-0.904445256648299,0.424605147715821,-0.040760074163210,-0.005278504885660
1835,1670411687.805623055,-14.640158094050557,14.889428255902676,34.820735089868151,-0.907699080916310,0.416459220291388,-0.050796134379809,-0.007990561309651
1836,1670411687.905322790,-14.496620793871047,14.761943857729030,34.788393990056932,-0.915172890590297,0.400736229518055,-0.043223069445378,0.000906061793427
1837,1670411688.005944490,-14.341758111162537,14.622241217616928,34.790718141334004,-0.921331743015210,0.388047266790458,-0.017663718267080,0.015972823982995
1838,1670411688.106825590,-14.182217275934553,14.482542815873410,34.808236831963903,-0.923887211501281,0.381372739254135,0.004948442379083,0.031028488461512
1839,1670411688.207996845,-14.028113852478917,14.350833695268980,34.805545371518086,-0.913525326016232,0.405307878551143,0.009242012907403,0.033340478531780
1840,1670411688.309140682,-13.885299550093279,14.230365813874581,34.779603143289080,-0.895618880742768,0.443995268267955,0.004894656185224,0.026665793698438
1841,1670411688.407923698,-13.749403490688467,14.111430536632199,34.762777916395777,-0.899093300683586,0.436314393393154,0.015422911384775,0.031986256240406
1842,1670411688.507204056,-13.613020870942004,13.981465002040080,34.773144170132007,-0.900167404222925,0.431560234066163,0.034899708842539,0.047290792655934
1843,1670411688.607296705,-13.484412898012605,13.857816950168862,34.772814315904256,-0.885177100332260,0.460755362139799,0.037719707762655,0.052375766849706
1844,1670411688.706778765,-13.363636111236474,13.751808354969722,34.732296843200089,-0.889202752842175,0.453637115322355,0.029513433567837,0.051582838027255
1845,1670411688.805461884,-13.239593470938772,13.646303648215467,34.706063927795114,-0.906949678933491,0.418816636537395,0.015691467014202,0.042292820961523
1846,1670411688.905818701,-13.101009374410852,13.518853519759109,34.721290395944813,-0.913382088751197,0.404020814445858,0.022475326991909,0.044667674213165
1847,1670411689.006384850,-12.959045921520568,13.386264152374395,34.738545614898712,-0.921026303781650,0.383764209973772,0.037614053813392,0.054961457779446
1848,1670411689.106699467,-12.825884904740763,13.267624850646108,34.711589804795707,-0.921249404958602,0.382721310210049,0.041294643314723,0.055845187868209
1849,1670411689.208231926,-12.696105175786291,13.158684864606151,34.668352799603866,-0.908337954800072,0.414168540534989,0.036457379335110,0.045359005641175
1850,1670411689.308515072,-12.559487306186437,13.046072208302069,34.667569782366265,-0.901319783195820,0.430668786232298,0.026514305058768,0.038000481737594
1851,1670411689.408560038,-12.416964369145450,12.924975816331957,34.689317909840277,-0.894361988807202,0.444013087637535,0.042634801943572,0.033930585710260
1852,1670411689.508240461,-12.282806524071557,12.803113869492101,34.698118720466653,-0.886159421935879,0.459321598400754,0.051167050583574,0.033572028407938
1853,1670411689.607278824,-12.159371694229520,12.688324180018608,34.661496959840591,-0.894674979403529,0.443307834559100,0.044059801817395,0.033069304674101
1854,1670411689.706302881,-12.034794175184551,12.568817889594570,34.640895466376662,-0.908025480931080,0.416459110536495,0.031567526075613,0.032481171907692
1855,1670411689.806486607,-11.901409722043240,12.441217442672089,34.660521078656892,-0.915279243778056,0.399856800635648,0.031208885472644,0.037475997145498
1856,1670411689.907214642,-11.767708721461188,12.323605269930958,34.690650364179923,-0.923595968846777,0.378882400173954,0.037146623536231,0.045152425497021
1857,1670411690.008136749,-11.639200999263528,12.221784961956738,34.682698397959989,-0.927850989025052,0.369069142152975,0.037563000089874,0.038334468823079
1858,1670411690.109681129,-11.513414907579639,12.125389862334389,34.647228448197104,-0.916303824485663,0.398893950471268,0.028150725380061,0.021873595290897
1859,1670411690.209976673,-11.381494892421827,12.021942918326385,34.648345839295914,-0.904792944864147,0.425371631863304,0.013948203610578,0.014633842491017
1860,1670411690.308553696,-11.242525703235946,11.911663944475961,34.676159698976420,-0.902397831702440,0.430084705434551,0.023171278127758,0.012976569652122
1861,1670411690.407315969,-11.107825459755549,11.799708627976967,34.699989365452353,-0.890648016881796,0.453272119710183,0.033762306653789,0.012272007471344
1862,1670411690.506365299,-10.982558533071824,11.693211430115030,34.679608086149045,-0.894217578146785,0.446405442846650,0.029406436765379,0.015243523442715
1863,1670411690.605146885,-10.864592553115031,11.589602532067110,34.652328285992567,-0.912830400644977,0.407617602783723,0.011658427744151,0.021275117431312
1864,1670411690.705632210,-10.746135714745767,11.478813062319043,34.660746177174957,-0.923431249866726,0.382659378490918,-0.012928051354242,0.026065155106050
1865,1670411690.806478262,-10.620494788637444,11.361983908603667,34.684670370933283,-0.933986001648862,0.354706243383083,-0.016176197626950,0.039899376678925
1866,1670411690.907720566,-10.490867236156094,11.248815495340228,34.691418235136176,-0.942477481483706,0.330679540868471,-0.012998692503013,0.047098536499134
1867,1670411691.009053707,-10.364756265707047,11.142083249847074,34.652973262439176,-0.936348114151485,0.347973012831112,-0.015256304973790,0.043979957079818
1868,1670411691.110062838,-10.237072339318974,11.034679438136457,34.630739040593632,-0.919927914294483,0.389093770964225,-0.023049317542503,0.042513513845214
1869,1670411691.209313393,-10.104176153210105,10.920582020538486,34.645758557564058,-0.918789702139509,0.390871490637789,-0.027163426788945,0.048032377560005
1870,1670411691.308725119,-9.973016193706716,10.801981373702302,34.671809023446116,-0.908524962134062,0.413909816186766,-0.013912199284950,0.055385087835946
1871,1670411691.407906532,-9.848132833544756,10.687431937484275,34.665180290313550,-0.903074159220024,0.424988023736134,-0.010804066811077,0.061036995095143
1872,1670411691.507164955,-9.723963596058649,10.581458920517420,34.628911209694891,-0.912042761266982,0.405088677669721,-0.018393938773972,0.061178655270244
1873,1670411691.606451273,-9.596058176849427,10.474741256169377,34.629426574836749,-0.917895798764103,0.391864749402237,-0.032185616090707,0.053604168718426
1874,1670411691.706258297,-9.458506209826098,10.365608931193183,34.652404873081352,-0.919039027456200,0.390868690052216,-0.027049411764032,0.043095968169277
1875,1670411691.807000875,-9.319258764550403,10.259337232355644,34.673771196844704,-0.919801244397334,0.390241413612149,-0.016462845314074,0.037500461747462
1876,1670411691.907515049,-9.182764494098020,10.157303431766502,34.657962283265491,-0.919128915600624,0.393216816868298,-0.009392175759689,0.022234173546221
1877,1670411692.008700609,-9.049345078311966,10.051426821131360,34.622275665396351,-0.902602018576648,0.430254468666074,-0.009866304919423,0.009661484434166
1878,1670411692.108863354,-8.912386807343392,9.938282948509675,34.622578430043440,-0.896509431999185,0.442717451879375,-0.016054441658915,0.003788276778751
1879,1670411692.208575487,-8.770951538720064,9.816536349467164,34.647161281683260,-0.898260802266717,0.439453870252396,0.000252743395957,0.002786243370773
1880,1670411692.307117462,-8.637639089953570,9.693906263931973,34.660796426530588,-0.891179549880748,0.453423201998584,0.014251722666430,0.001816085002937
1881,1670411692.405788183,-8.514856624685912,9.575882784918880,34.627914073691954,-0.897754451909321,0.440240539810591,0.014042731882211,0.005292718163468
1882,1670411692.505081177,-8.399834825246698,9.460763969854570,34.600382152259655,-0.911222955695779,0.411881088381599,0.002619331447379,0.004453442422018
1883,1670411692.605231285,-8.280310191560039,9.346710318296733,34.615226746829769,-0.916501646789629,0.399785591952639,-0.012541618754054,-0.006238565380313
1884,1670411692.706122875,-8.153173332800804,9.232966450344895,34.640861673444633,-0.920919156403193,0.389560281613151,-0.008919812980581,-0.008433937129518
1885,1670411692.806415081,-8.024355999912693,9.124826262405822,34.645004270300120,-0.926764680218546,0.375347082742868,-0.003576571364485,-0.014456939963556
1886,1670411692.907951355,-7.894247152783490,9.014824514789273,34.607563309044949,-0.915679737093185,0.400964721273406,-0.000463817056188,-0.027526282800879
1887,1670411693.008120775,-7.760885298211189,8.899465391530041,34.586149046902122,-0.908569726993613,0.416625934725998,-0.004892321953401,-0.029999114826019
1888,1670411693.107483864,-7.622813765250535,8.774821855560486,34.605232646106721,-0.913252847257126,0.406943306107485,-0.003919336502233,-0.018735564908585
1889,1670411693.206957579,-7.489217929148483,8.650545621084243,34.628951294866127,-0.909360419423198,0.415772185654056,0.009625132593980,-0.010221254593385
1890,1670411693.307340384,-7.360800575457064,8.530886332785157,34.619146038067193,-0.903091786548026,0.429279393434931,0.011875708847829,-0.001842547419832
1891,1670411693.406035662,-7.232257644059798,8.420900122218182,34.581748514993357,-0.916910274809208,0.399024246830384,0.005924583909795,0.004483045420696
1892,1670411693.505803108,-7.096208408962536,8.311737110315638,34.577726607224569,-0.923773595659509,0.382881364669879,-0.005555121004112,-0.003653105728547
1893,1670411693.605155230,-6.953044653124520,8.199489545730835,34.597397667887385,-0.926371757532083,0.376555288425785,0.000924181560739,-0.006373970029483
1894,1670411693.705678225,-6.811029397199712,8.087590684202812,34.618230953495846,-0.932296885792672,0.361519843297658,0.011088521731476,-0.001721722722469
1895,1670411693.806375504,-6.674779928913924,7.982008482295306,34.597466480868299,-0.933855423067189,0.357285119901930,0.014971272350857,-0.006103516106472
1896,1670411693.907365799,-6.540629158087270,7.878041216494580,34.560346896192620,-0.924075020660214,0.381999753834786,0.007795893873292,-0.010038341531620
1897,1670411694.007107973,-6.402149777226464,7.771789743580281,34.568183596660660,-0.923518538916224,0.383463587110919,-0.002716573364209,-0.007861670765520
1898,1670411694.106600761,-6.261280527754629,7.659836954953467,34.593870155124058,-0.920358686892836,0.390963135823518,0.008104832892634,-0.004693140922517
1899,1670411694.206006527,-6.126963872573842,7.548254567131923,34.606986577488804,-0.910995505104654,0.412190869081922,0.013612724402931,-0.000755552073444
1900,1670411694.305206776,-5.998117918944427,7.440038810933935,34.576699718514227,-0.917797018407168,0.396896758242443,0.008125729433812,0.007454449726238
1901,1670411694.404634237,-5.868536217733566,7.331838814369271,34.553765156976681,-0.928305336155135,0.371683311351451,-0.003056892518166,0.009558992460203
1902,1670411694.505677223,-5.728337300215095,7.217344059316873,34.573899307567572,-0.932560854554119,0.360835180374502,-0.006027665767003,0.009586052513554
1903,1670411694.606255531,-5.587881878860978,7.109500831688751,34.601014032714083,-0.937340062378706,0.348090539430214,0.003592978558540,0.014617603228436
1904,1670411694.706759214,-5.452702980553447,7.012102691388404,34.596960060261523,-0.940118001595334,0.340455889046027,0.008307719431485,0.014103633862332
1905,1670411694.807559490,-5.320812434745290,6.920257619140151,34.563180348180609,-0.930575060116637,0.366019632588293,0.005762790558756,0.005145512008005
1906,1670411694.907811403,-5.189973913430777,6.827759769763473,34.554588927289878,-0.925099391016374,0.379563515904630,-0.011050768300729,0.000731201212218
1907,1670411695.007218122,-5.054973462878244,6.725168206405881,34.576329514739513,-0.928834680516592,0.370174482335119,-0.011580281397971,0.010143272662796
1908,1670411695.107152939,-4.920713192142453,6.618714358334284,34.601602442387389,-0.922973512676469,0.384497260790484,-0.003195164532688,0.016478539555564
1909,1670411695.207214594,-4.792111462084768,6.515048856155872,34.590077843799065,-0.918617951234471,0.394474331916612,-0.002620783888907,0.022895253231466
1910,1670411695.306220055,-4.665009463139117,6.416974204002713,34.553375753938298,-0.927381806932436,0.373290376800092,-0.009153807801339,0.023097328025390
1911,1670411695.404903650,-4.536438783845158,6.316145333208879,34.552445509941755,-0.930619435976537,0.364844432567546,-0.023518177520114,0.016819653186391
1912,1670411695.505066395,-4.398405654259025,6.206312406915285,34.572373093752510,-0.933535570230377,0.357635669522174,-0.017825977967687,0.017038236691851
1913,1670411695.605791330,-4.260035217276601,6.095315884013051,34.593120790385690,-0.938147185846073,0.345620584993628,-0.005208104324043,0.019978602731577
1914,1670411695.706459045,-4.125376738056945,5.989997009093407,34.576717865251538,-0.937056221039807,0.348702300433503,0.001022816019420,0.018201596918130
1915,1670411695.807835817,-3.995853491623957,5.885700104106642,34.542575130905661,-0.924446243511859,0.381044458377994,-0.001690889852332,0.014191704892024
1916,1670411695.907332182,-3.869148471537831,5.779929342155345,34.546263327695343,-0.924621088668891,0.380251574146165,-0.015021162089649,0.016091843822106
1917,1670411696.007031918,-3.740800899575323,5.667794440164987,34.570319539244885,-0.918766244051348,0.394197220593701,-0.008818708367308,0.019984255070210
1918,1670411696.106968641,-3.618400207294523,5.556201565290518,34.588442022420885,-0.908216208007775,0.418008419466227,-0.002336792614921,0.020169783528828
1919,1670411696.206359863,-3.500220222068291,5.450597181250475,34.561564137227549,-0.911221745451685,0.411258048768351,-0.005686544125712,0.022570138571563
1920,1670411696.305778503,-3.379031677221223,5.346055622247889,34.531120512153151,-0.920477739464344,0.390026864165144,-0.014809159318167,0.019505516665941
1921,1670411696.405078650,-3.252217885984435,5.234788762093127,34.546938392601575,-0.923243160528087,0.383415034524106,-0.021891697865455,0.011650382120527
1922,1670411696.505585432,-3.123453939921400,5.119453349336478,34.571468160307198,-0.926893271847308,0.374981123673328,-0.011487873483648,0.011227121434506
1923,1670411696.605238914,-3.001027535266053,5.011836466292964,34.576816060265323,-0.933447128054923,0.358375794371853,-0.006540245454420,0.014158895569744
1924,1670411696.706001759,-2.880970804373130,4.909279256898987,34.545147682718699,-0.928197355875375,0.371969960485925,-0.007094077108965,0.006139308758649
1925,1670411696.807457209,-2.757494779108328,4.804986373213958,34.527469176829882,-0.916129563639913,0.400539670790240,-0.016308514760725,0.002937191598899
1926,1670411696.907390356,-2.627485496830726,4.694643847724108,34.546907905135832,-0.916389773204677,0.399560532383694,-0.023337410935972,0.006043986924719
1927,1670411697.007514477,-2.495068863712892,4.578631737315738,34.571720284235354,-0.907640798651123,0.419536449464302,-0.010059852203025,0.008726257416086
1928,1670411697.106485128,-2.368603873835581,4.464889307717174,34.570594551907114,-0.906464875030962,0.421975712176334,-0.004520811826353,0.015410740696320
1929,1670411697.205621243,-2.243630796543612,4.352961601977614,34.529643925617115,-0.917229476895684,0.397779325513177,-0.006037436735838,0.020621451588399
1930,1670411697.305356503,-2.114094353574048,4.236922277748960,34.517072047762838,-0.922351626384969,0.385674687396227,-0.013006641781429,0.018797342269472
1931,1670411697.405908823,-1.974416242779882,4.114796367391190,34.543087303416904,-0.922919124945046,0.384631861006900,-0.004444465838022,0.016089345308435
1932,1670411697.507104397,-1.837920167269389,3.996511372760858,34.565434686518209,-0.926438968310987,0.375744709870220,0.007773369080529,0.021594576461614
1933,1670411697.605710030,-1.708541168154463,3.892394648561152,34.555091133560715,-0.931011760374536,0.364128216375131,0.014254039653647,0.020605010005474
1934,1670411697.706099987,-1.580446058219476,3.792280836868401,34.525179097075046,-0.918567238579444,0.394850727947859,0.011786821714007,0.013718661795652
1935,1670411697.806092501,-1.450834129598350,3.694918532121636,34.524342645980759,-0.917340349899980,0.397990439045237,-0.004238777698153,0.008504448105952
1936,1670411697.906340599,-1.318263429546247,3.590969276578231,34.541008499620290,-0.916309010228897,0.400232119507606,-0.007684025158502,0.011532737972941
1937,1670411698.007506609,-1.188054532172146,3.483771202634378,34.566880487459379,-0.907724519577787,0.419369314720709,-0.002954036046823,0.012523901109173
1938,1670411698.107589006,-1.065098087470367,3.383404691975883,34.552832534332872,-0.906272454263879,0.422417367751357,-0.006996929811686,0.013595919893526
1939,1670411698.206755400,-0.942008108199347,3.286352241456388,34.513903654634397,-0.915121724381935,0.402699536705762,-0.016562689637019,0.010535179789030
1940,1670411698.306256056,-0.809596000209791,3.181984998909881,34.518193995992199,-0.919831675104303,0.391266258993275,-0.027969449112732,0.006173650828275
1941,1670411698.406479836,-0.667201273553857,3.071089364718302,34.543428415941101,-0.927236434121741,0.373903939558700,-0.018561671131885,0.009159889981539
1942,1670411698.506522655,-0.527120619685598,2.966927671620936,34.555236823459303,-0.938375419147408,0.345215938108797,-0.008073748750721,0.014572007298260
1943,1670411698.607196569,-0.390882375358496,2.867932397859498,34.525227744786477,-0.934852486475090,0.354764608582417,-0.004380223850330,0.013180086028842
1944,1670411698.707836866,-0.256591348662650,2.770121978656154,34.494807241608051,-0.923444659231159,0.383579377400497,-0.007208811235462,0.008053298148433
1945,1670411698.806850433,-0.121122380465608,2.666443483481750,34.509287000901921,-0.921485710854227,0.387906298561639,-0.014710569384595,0.013281090921671
1946,1670411698.906468868,0.016988989240637,2.555332539100573,34.534507308178931,-0.916229072914377,0.400129652416553,-0.000503759300962,0.020501059241838
1947,1670411699.006642818,0.148334364802504,2.446058987033272,34.540640927811509,-0.912398681468077,0.408409516210435,0.007992284808179,0.025815431579151
1948,1670411699.106212616,0.271750401470462,2.342372139299045,34.503450642787506,-0.916579472791542,0.398618036596756,0.005230861135161,0.030957536218367
1949,1670411699.207960844,0.396641121027285,2.236270261630503,34.484575008972982,-0.921546959837441,0.386972724468092,-0.008182216175673,0.030600043636670
1950,1670411699.305604696,0.527577628385825,2.129412514622000,34.510180234754095,-0.925402529174059,0.377900848113641,-0.013829579014207,0.025096827240410
1951,1670411699.405497074,0.665409457751151,2.022017842135684,34.535914433709337,-0.929484264192010,0.367974461270233,-0.004540193924712,0.025163169741600
1952,1670411699.506308079,0.801898035277275,1.922160991015905,34.534323539856736,-0.935364195870809,0.353251238911444,0.001651298546896,0.017454412152620
1953,1670411699.608396769,0.936312420257540,1.825496836124084,34.502251386476651,-0.922963473159659,0.384852045099310,0.002267526305364,0.004710511691259
1954,1670411699.709532499,1.070215016136297,1.722882248782349,34.492602216253118,-0.915654154629682,0.401884274740106,-0.007324268477167,-0.003585236016615
1955,1670411699.809078932,1.201777589285854,1.606692604628992,34.505862323487044,-0.917809310239397,0.396936507487942,-0.008002977772507,0.001852405983864
1956,1670411699.908922672,1.328761940665733,1.483995326440495,34.529552652458946,-0.907060213273825,0.420853134895962,0.004902446979076,0.010018700389845
1957,1670411700.008265257,1.451056020048090,1.368273512287998,34.518969639451875,-0.903615781981733,0.427921501052498,0.006795681529129,0.017763057255805
1958,1670411700.106938839,1.574647073346653,1.261264339026578,34.482792883125292,-0.916699948488694,0.399082340503209,0.002242116719877,0.019734813196994
1959,1670411700.207209826,1.705603309523870,1.152496258939234,34.487666772274345,-0.920481097922122,0.390543609293849,-0.007402314700204,0.011638012927338
1960,1670411700.307400227,1.841976219681638,1.040343900418614,34.512854161860943,-0.923575983288367,0.383328559991605,-0.000161163389035,0.008160405262707
1961,1670411700.405715466,1.970302198717528,0.934181384724007,34.529651063205129,-0.932807300762667,0.360049091649425,0.007870666417890,0.013162213204053
1962,1670411700.506084204,2.096452712340128,0.832522695445380,34.509481309194129,-0.934449907116987,0.355823079301918,0.010785166033362,0.008774253175581
1963,1670411700.607576370,2.222481717522713,0.729914522233765,34.478923120209863,-0.921496985815365,0.388359817809089,0.003339911051040,0.002966822991056
1964,1670411700.707879305,2.352509162948416,0.624730042811677,34.488404251657464,-0.920801653661300,0.389899622028620,-0.010022142849979,0.001468335537039
1965,1670411700.807765722,2.485354087592121,0.514171163890710,34.510987661135680,-0.914486480443155,0.404583295756889,-0.003181622895400,0.004087928196210
1966,1670411700.907544374,2.615327562231507,0.405102847507517,34.525390602464014,-0.907421858724365,0.420175569034532,0.002645729799790,0.005573294317757
1967,1670411701.005963564,2.740784763767196,0.302987210552161,34.499175595803713,-0.911728539006288,0.410683557240733,-0.000645442445434,0.009469444419104
1968,1670411701.105474949,2.870680784646805,0.202319027803968,34.476031251343869,-0.923593588339285,0.383185777505009,-0.009986228267259,0.006619572602490
1969,1670411701.206710815,3.011608656178044,0.094454963701731,34.493371077749018,-0.926295857622790,0.376395150533065,-0.017206397120514,-0.002571906721029
1970,1670411701.307366848,3.154951409362861,-0.015155797421189,34.520258410102521,-0.930502437230007,0.366234590598939,-0.005829763062651,0.001858176653991
1971,1670411701.406427622,3.291761752967783,-0.115453188603976,34.522355895545196,-0.936927978151671,0.349508723763011,0.001327708887641,0.002802313202032
1972,1670411701.506649494,3.424817319295962,-0.209910278100311,34.487286912726979,-0.930108373491077,0.367231711376756,0.000833577123347,-0.006211994064899
1973,1670411701.607618332,3.559957249538563,-0.305370981777958,34.474866338596804,-0.923282007810162,0.383824588928330,-0.011618311289961,-0.009697104248346
1974,1670411701.707538605,3.699136653991518,-0.407691670425659,34.496457599438230,-0.924786930024265,0.380191343234677,-0.014067360239079,-0.005077987949098
1975,1670411701.807670832,3.837055623850047,-0.511199667015428,34.521285660370410,-0.920350830010881,0.391034701714503,-0.006797381007240,0.000085818267642
1976,1670411701.908549309,3.971753066326706,-0.611775033249718,34.513195032758496,-0.917230096573927,0.398287591065810,-0.007056253815205,0.002480730552314
1977,1670411702.006717920,4.103667658485750,-0.707268596143427,34.480875546437687,-0.929994713197659,0.367274051960511,-0.013718827421955,0.005603387821544
1978,1670411702.105755091,4.239620819136572,-0.804622743599404,34.480138532018763,-0.935715678077963,0.351702196719221,-0.027215025684928,-0.001037785595090
1979,1670411702.207066774,4.387776667136329,-0.910448958426625,34.506968504206746,-0.937429806316376,0.347489413244143,-0.021807309844910,-0.000952444334825
1980,1670411702.307171106,4.531279126653352,-1.010779063582388,34.527532780866281,-0.942680596296264,0.333541801086037,-0.010031561174766,0.001589992201417
1981,1670411702.407852173,4.669196329002553,-1.104969490249451,34.504146064976972,-0.940268836230623,0.340382783192565,-0.005208907258888,-0.002635110009343
1982,1670411702.506913900,4.802046466817766,-1.197862285846241,34.473541899318711,-0.931712032099173,0.363005804420302,-0.010495582680009,-0.005414604602878
1983,1670411702.606706381,4.939066016694184,-1.295670384343312,34.483281525440660,-0.931394409079231,0.363154121202850,-0.024911704785390,-0.001716378169622
1984,1670411702.707315922,5.082663428489693,-1.401837022775041,34.507291664788980,-0.924933347434625,0.379668872616170,-0.017507549026314,0.006582985404621
1985,1670411702.808578491,5.226315711506016,-1.506662659328272,34.521880776826436,-0.919668235901806,0.392508709423344,-0.008392492351811,0.008764415109190
1986,1670411702.908432484,5.364740455635812,-1.604815379792505,34.494053079898634,-0.921791286291569,0.387414277772006,-0.008457605485266,0.011809775814344
1987,1670411703.005835295,5.499822998041225,-1.697477785179591,34.469367476716428,-0.930569076080333,0.365628628719124,-0.016022357669675,0.010009223679878
1988,1670411703.106445551,5.645995403786776,-1.796116954709952,34.491050155380570,-0.931883186792308,0.362015139950496,-0.023190201374022,0.000989535581864
1989,1670411703.206796408,5.793404637519592,-1.894723397543961,34.519466756456545,-0.936263498916527,0.351106286649819,-0.011619254374523,-0.000170291916470
1990,1670411703.307430029,5.934835900350541,-1.987446524636888,34.523885923763864,-0.941048780140700,0.338191147531747,-0.006315050923289,-0.003749834489280
1991,1670411703.407871246,6.069474439363017,-2.075643053886348,34.493315182114230,-0.935311690506351,0.353549094457903,-0.010790067069091,-0.008868701302571
1992,1670411703.507017612,6.201781380806567,-2.164803108766166,34.477145152913806,-0.929247442614117,0.368367766447330,-0.026185773017212,-0.010894233760116
1993,1670411703.606993914,6.341746121795176,-2.265325961383408,34.494456520564441,-0.929480953309094,0.367381081169680,-0.032976466857198,-0.002975108036725
1994,1670411703.708185911,6.486041685208432,-2.373059713805156,34.521813650813669,-0.924792793183381,0.379785902144225,-0.022339133412866,0.004682021672302
1995,1670411703.808453321,6.626683577988669,-2.477841678929819,34.518906543609639,-0.918106061488043,0.395771986965201,-0.018813269300293,0.009584106153711
1996,1670411703.906882048,6.767575356500588,-2.577480728491264,34.483572468794080,-0.927370711473349,0.373464019528908,-0.019364830837171,0.011540924805781
1997,1670411704.005372286,6.914904334353791,-2.678199960824065,34.481747702678305,-0.933791892136060,0.356812705964087,-0.025280383423598,0.008848573755048
1998,1670411704.105779648,7.073658781955086,-2.782367333032135,34.509035282007645,-0.935611059308891,0.352663916819719,-0.015610977866612,0.004050289164760
1999,1670411704.205985785,7.225417407903907,-2.879700478767313,34.530238754762202,-0.942590457607214,0.333876972670214,-0.000383972888955,0.007017756993227
2000,1670411704.306830406,7.369364183448581,-2.968664858753397,34.512304787327800,-0.945255677832509,0.326266974370857,0.006382130664914,-0.000912890172611
2001,1670411704.407745361,7.506117288154126,-3.056149615132558,34.481634440665260,-0.934587282416648,0.355649015034618,0.000983323193609,-0.007708613718857
2002,1670411704.507004738,7.640689450443661,-3.147196820732848,34.488377693671808,-0.932824327659655,0.359849826720427,-0.014566354535026,-0.011605914490112
2003,1670411704.607325077,7.779932732156158,-3.251289775670359,34.507966749953610,-0.928786920491658,0.370394463146649,-0.009424082578301,-0.008601433687829
2004,1670411704.708203554,7.917107283164075,-3.361401221574353,34.527745636928358,-0.921112457764064,0.389276605122606,-0.001573102464995,-0.003618038791809
2005,1670411704.809407234,8.048522631612560,-3.471808309679968,34.503678242452693,-0.921035405877166,0.389425932457815,-0.003106039092840,0.005619321240012
2006,1670411704.908324957,8.177887839129417,-3.578878350819646,34.474050610752407,-0.930661479435089,0.365619341497128,-0.009136708416508,0.010403286894503
2007,1670411705.006651878,8.320034113374934,-3.690631625373025,34.497174032119688,-0.931325625023804,0.363893668336878,-0.010685082492168,0.009990361879607
2008,1670411705.107480526,8.466957211456164,-3.803515669208702,34.523842620465146,-0.931142242292824,0.364358600032659,0.001891473980948,0.014606763033318
2009,1670411705.207270622,8.603751889824299,-3.904076338906803,34.527106889644394,-0.937742157600885,0.346689612519386,0.005829869468783,0.020297070014454
2010,1670411705.308434010,8.736067308366843,-3.995868862403337,34.495935387097717,-0.935329059882071,0.353463384928440,0.000872660046669,0.014913876742606
2011,1670411705.409567595,8.868516988000140,-4.083413792978646,34.478179936762878,-0.926310863791265,0.376283551598793,-0.016315579220756,0.009626748836921
2012,1670411705.506978273,9.004885634345355,-4.174504328739983,34.496705601718311,-0.923598331052075,0.382140571026039,-0.027278816917051,0.013804818047333
2013,1670411705.607617855,9.151472415121871,-4.272770848934294,34.524092831065062,-0.917659408996184,0.396823406432149,-0.015472713476612,0.013892023827713
2014,1670411705.708935022,9.296297635804610,-4.369819690366601,34.521688862373338,-0.911759760147240,0.410189281147779,-0.012860790801620,0.016537637910901
2015,1670411705.808358431,9.437579491131775,-4.463519732605622,34.482290622882545,-0.921522620232967,0.387486825450666,-0.015021587980797,0.020600300863515
2016,1670411705.907482386,9.582290702762499,-4.558018612026226,34.479664715760627,-0.930979771415247,0.363690394788213,-0.026276471020701,0.017762573718540
2017,1670411706.007050276,9.738077405438140,-4.656627036404362,34.514496326725009,-0.932088122613401,0.361377887963893,-0.020104322883979,0.014614033500676
2018,1670411706.107259989,9.888802504498674,-4.747324941714282,34.540598851478215,-0.936646545421227,0.349907992368697,-0.009625436761309,0.012845107790267
2019,1670411706.206837416,10.033262178727245,-4.828948670944003,34.526472267610416,-0.938281277056792,0.345829640726933,-0.005257261119272,0.001570326361142
2020,1670411706.310299635,10.179468694883155,-4.914322342887061,34.495737607835814,-0.927326082361979,0.374026280194948,-0.010284017643036,-0.008057150602575
2021,1670411706.409996510,10.320347176693071,-5.005943609274695,34.505200288019822,-0.926850662764186,0.374513085484794,-0.025221390128687,-0.007188825649977
2022,1670411706.507726908,10.461602473723737,-5.105655052589708,34.532731976463658,-0.926822045398904,0.374803664450403,-0.022530506124156,0.003935171016695
2023,1670411706.608156443,10.606249444218857,-5.205896006197629,34.552521094692374,-0.919210980483253,0.393539531498689,-0.011888201507018,0.006039964547691
2024,1670411706.708435059,10.748902561452311,-5.302152614232142,34.530211248157450,-0.917144376822062,0.398404304368077,-0.009861674021720,0.004790585574730
2025,1670411706.807459831,10.887892657874199,-5.401793911102439,34.498542020995210,-0.926968440133351,0.374876454233598,-0.012510260331906,0.006375613258051
2026,1670411706.906738043,11.028012664556435,-5.510432274899912,34.513297340998271,-0.927804242902461,0.372306496190641,-0.023683305073203,0.002502160516264
2027,1670411707.006406784,11.173576874984334,-5.622681558584099,34.538476356479613,-0.930496448161735,0.365984407307129,-0.014494967099232,0.004655050508527
2028,1670411707.106443882,11.314665869562392,-5.725995085216133,34.553291864873628,-0.936035850379937,0.351662283182349,-0.009813914929101,0.008614665649340
2029,1670411707.207881689,11.454270228715894,-5.822972415294622,34.527602899440822,-0.936091070511649,0.351618259240126,-0.009174178232205,0.003733889535361
2030,1670411707.309014559,11.592406281907952,-5.921635324881439,34.498772903051666,-0.923560972940327,0.383024399601586,-0.018030739545504,-0.001526762196184
2031,1670411707.407711983,11.729134700262291,-6.022553845583110,34.504179869777118,-0.918503826779150,0.394195025840164,-0.030992815018269,0.000668739241697
2032,1670411707.507776976,11.869409601147648,-6.129975344412872,34.530694650513830,-0.911260545472928,0.411287859782271,-0.020773480548960,0.003870034364664
2033,1670411707.608256102,12.005788812966887,-6.235027638820727,34.546214723256575,-0.902587744857186,0.430167080534785,-0.015398839909063,0.007383859915591
2034,1670411707.709652901,12.140463923598347,-6.336683699026854,34.512859512657606,-0.909459061559371,0.415262968432270,-0.018701965051335,0.009545622011522
2035,1670411707.806957722,12.272381131770366,-6.435459199434915,34.492053151083304,-0.922774459507804,0.383946525153283,-0.030644434358416,0.011544754031684
2036,1670411707.905342102,12.414226802482750,-6.544035216129419,34.511445048039093,-0.928201111377027,0.370210484050370,-0.034849919722472,0.013129258660735
2037,1670411708.006180286,12.561479415222285,-6.654635477582953,34.538341598802766,-0.935702599317125,0.351523156887197,-0.022308418726236,0.019860771817084
2038,1670411708.106755972,12.704319085004203,-6.757241288592103,34.532153018113064,-0.937681440215937,0.346786178343302,-0.013058226561005,0.017953994087537
2039,1670411708.208567619,12.841478348897223,-6.855765056692641,34.491688531434633,-0.923986374009106,0.382087623317494,-0.010832065044179,0.011869925019592
2040,1670411708.308579206,12.973442813895250,-6.949041521830402,34.483384763644189,-0.919759048860115,0.391531842396009,-0.025732919673138,0.009161073901017
2041,1670411708.408742666,13.108037847948429,-7.046818437708257,34.504298899643615,-0.913973090290298,0.404627450344587,-0.028019120619822,0.012031023752493
2042,1670411708.508579254,13.242159609080472,-7.145921966949120,34.535023795602648,-0.905445066847031,0.423935186733408,-0.018585313070122,0.010137776372169
2043,1670411708.607970715,13.371741397294546,-7.244188291588880,34.524721612310394,-0.899574529063246,0.436195467888755,-0.018932305064421,0.011863737981646
2044,1670411708.706836224,13.503145330052146,-7.344503025997563,34.480775837594656,-0.913820972671958,0.405245680369773,-0.022160747425799,0.014699310189472
2045,1670411708.804479599,13.637111189240365,-7.450418959733605,34.483712508918593,-0.922034139854299,0.385588238309817,-0.031838400593157,0.012691401338820
2046,1670411708.904934645,13.782751487534105,-7.565085965953358,34.511024370293178,-0.924664867703373,0.379736200190648,-0.024272703270829,0.014357457149421
2047,1670411709.005673170,13.923832881567064,-7.673906712788309,34.528236857863845,-0.933951859686916,0.356355786879246,-0.014512058103451,0.023105780978500
2048,1670411709.108239889,14.063288439306938,-7.773604369272369,34.504369425223921,-0.937338396129842,0.347836204026173,-0.010981543662791,0.016914845792410
2049,1670411709.209199190,14.198019572428647,-7.869508230252220,34.469946305122399,-0.921127431582067,0.388936292389968,-0.014662306051097,0.006150774767027
2050,1670411709.307349682,14.333001190024607,-7.968670472972463,34.480920266924564,-0.918583840178814,0.394252511901627,-0.027129259745223,0.005717402144027
2051,1670411709.407606125,14.474466519646755,-8.076289823775637,34.506644895590043,-0.914151433309770,0.404919445725517,-0.017941902973107,0.006744447252165
2052,1670411709.507959366,14.609536714972934,-8.183122556407202,34.523580976880865,-0.904938778028405,0.425414543128601,-0.009767227787387,0.003588283223089
2053,1670411709.607367992,14.736687182646184,-8.288193614354537,34.496800425219107,-0.906844177735838,0.421223270153651,-0.012900100085711,0.006179110409696
2054,1670411709.704295158,14.857495480356109,-8.394031614267838,34.467484968277361,-0.915335303196371,0.401843086125209,-0.024567339829995,0.008936591601585
2055,1670411709.804316521,14.985284880504249,-8.505370947540177,34.475302146111666,-0.922632327553687,0.383448880331549,-0.041104677083634,0.005191324223940
2056,1670411709.906575203,15.122998740831960,-8.620327156117016,34.497663193909858,-0.927982602209848,0.370707329609232,-0.035446641551780,0.012957676201080
2057,1670411710.007809401,15.260482108879316,-8.726274462454668,34.507836528264441,-0.934194417447899,0.355458254819081,-0.027440303367505,0.013313498460304
2058,1670411710.109266520,15.396686123145637,-8.827876218078437,34.476986369762756,-0.925232259031076,0.378584915868278,-0.023902795773480,0.006883653061574
2059,1670411710.209396124,15.533759136809744,-8.930521061964715,34.454919429875304,-0.913286319675602,0.406312838185531,-0.028540434612118,-0.001849164991010
2060,1670411710.309157848,15.675493600099003,-9.048039905583929,34.482274465892296,-0.911613039560138,0.410422959945110,-0.021555112018916,0.007073697736886
2061,1670411710.409262896,15.813025487092318,-9.165797866074278,34.512127897224232,-0.906884287664254,0.421169824961695,-0.004101704526488,0.012650824060583
2062,1670411710.509471416,15.940795088342272,-9.275871099016261,34.506782489660793,-0.903025977033285,0.429199702294460,0.000018804212109,0.018212632973530
2063,1670411710.606153965,16.057798387299027,-9.375142433238478,34.472925227310618,-0.911089550949380,0.411842872751694,-0.005245861567972,0.016545671666603
2064,1670411710.704653025,16.175138446191330,-9.476671098496423,34.471491205371791,-0.917162061759466,0.397743153659231,-0.022802265248428,0.009705301946613
2065,1670411710.805397272,16.304722596365810,-9.586662517245598,34.500977149213135,-0.918254131274673,0.395394960813884,-0.021714245182291,0.000816649340803
2066,1670411710.907656431,16.435485311589826,-9.696124893863363,34.524029589905332,-0.921148203772205,0.389010842778727,-0.012177868468392,0.002872352240202
2067,1670411711.006473780,16.558375420964833,-9.795280641830011,34.507930373851721,-0.924130302375337,0.382019909530327,-0.006608456405333,-0.000548869790614
2068,1670411711.107487917,16.681160325151701,-9.896984624663121,34.472368229775277,-0.910153414028935,0.414104638777154,-0.008325216620137,-0.008294687634004
2069,1670411711.207794189,16.806501867771576,-9.999355023837575,34.468965600738422,-0.909485686482748,0.414974538968815,-0.023726756002576,-0.008304164028891
2070,1670411711.308487654,16.935946433381453,-10.107386934588369,34.486110685564931,-0.904000466564932,0.426840789000085,-0.024218917931709,-0.001881836971732
2071,1670411711.408913136,17.064964872713723,-10.215201441763224,34.510493464660918,-0.898144467502808,0.439413519931492,-0.015531093367447,0.003325527676347
2072,1670411711.507011414,17.190022413117504,-10.315546121572401,34.496249706007092,-0.901278744316122,0.432815588848477,-0.017064741769802,0.008722710704244
2073,1670411711.605484486,17.319383715423914,-10.410375103290855,34.458601241652460,-0.910113973103792,0.413664026864159,-0.022970923618271,0.006853138542496
2074,1670411711.705405951,17.452736866434485,-10.506321778951499,34.458015291334547,-0.915865252048007,0.399787325038919,-0.036764823369080,-0.003046734630389
2075,1670411711.807293415,17.593983748886675,-10.614489862267149,34.469115708583708,-0.924081985925084,0.380771319446682,-0.032914454482146,0.001524552959979
2076,1670411711.906131029,17.733124523146994,-10.721575822114927,34.485531908478308,-0.931502214608693,0.363063983995262,-0.020450639603660,0.008362956677547
2077,1670411712.006580591,17.873583523922317,-10.827278814537722,34.457225984841038,-0.928470610284127,0.371176158836845,-0.010468757784432,0.007809613319261
2078,1670411712.107141972,18.012923883706172,-10.935690234315457,34.418481127236461,-0.917897772138109,0.396678141035348,-0.008280581754443,0.006447037648839
2079,1670411712.207950830,18.152627373125561,-11.048290382301483,34.420672832090354,-0.912727918040846,0.408084708458824,-0.015420730491651,0.012522756166365
2080,1670411712.307756901,18.291777640106801,-11.161936558029943,34.441907828978245,-0.904598789001835,0.425819283265625,-0.005663164872048,0.018625184541264
2081,1670411712.406328440,18.423467520666041,-11.267242200970967,34.457989266984292,-0.897073652156932,0.441427101823039,-0.000029981440269,0.020024372226123
2082,1670411712.505774736,18.548954179482390,-11.363822215650542,34.429818459277676,-0.898212594540718,0.439139197992809,-0.008147072571249,0.017450644778428
2083,1670411712.606303930,18.672826486676815,-11.458329196553050,34.398697193622993,-0.911307273290102,0.410594469717317,-0.027475980698358,0.013278010798996
2084,1670411712.706055880,18.802358913799527,-11.557999584815153,34.401086051463565,-0.920959065330609,0.386788183335438,-0.047005122306262,0.004451931537697
2085,1670411712.811181307,18.950403918690238,-11.675113221283961,34.429732570375144,-0.929273434245558,0.367375590834466,-0.037241381228757,0.009956866408069
2086,1670411712.909109116,19.090909540320524,-11.782844130164266,34.429537608601215,-0.937661367192329,0.346430131138846,-0.025815488723078,0.010530206841410
2087,1670411713.011147976,19.233103610132911,-11.896944234617974,34.384945027287969,-0.922763312320798,0.385005148111383,-0.015126667131783,0.007077379738657
2088,1670411713.112572670,19.373242759314373,-12.012397273108871,34.366672369625654,-0.914755470800999,0.403379479741058,-0.021010503325508,0.008122974423569
2089,1670411713.211690187,19.512521286540981,-12.129543834845483,34.376512998497780,-0.913071334111030,0.407109965582492,-0.017809587675847,0.015653540651946
2090,1670411713.310390949,19.649552742574439,-12.246029944499169,34.406069088885381,-0.904102323844619,0.426981592954090,-0.002702380391928,0.016685455863277
2091,1670411713.409959793,19.781124085551326,-12.359987673282403,34.403439492053998,-0.896922982733521,0.441869245698445,0.002986520719710,0.016486765731382
2092,1670411713.508597374,19.907818371415903,-12.471745203792652,34.364613270640596,-0.909263790810493,0.415783643916366,-0.002122337440785,0.018942435333057
2093,1670411713.607791901,20.035322056485345,-12.585201952269450,34.355869037048294,-0.922091312842449,0.386103852332086,-0.019026857405709,0.017589903128654
2094,1670411713.707854986,20.171270337465522,-12.704823624953033,34.371055911104122,-0.928196129610214,0.371058984606736,-0.018757515047140,0.020379660166287
2095,1670411713.808266640,20.307062128987820,-12.820975822583902,34.394693720295102,-0.938088875956578,0.345113634117871,-0.008288044001684,0.028585812549365
2096,1670411713.909204006,20.439284641709548,-12.927944744990658,34.377772005701864,-0.939313120072919,0.342380994708424,-0.002413780782278,0.021454383787094
2097,1670411714.012768030,20.571471496284829,-13.036176776191185,34.339201350483847,-0.925187930453072,0.379328664720442,-0.003343297943925,0.011219617828858
2098,1670411714.111639023,20.700626097828909,-13.144611560685650,34.345509875294276,-0.922319217970786,0.386137051864578,-0.013349244096377,0.006872773904683
2099,1670411714.211651564,20.833265902032089,-13.262853230228068,34.371037542179430,-0.912571307771916,0.408820307455256,-0.002363156770393,0.008601158859314
2100,1670411714.311945677,20.960091243318505,-13.380532683442800,34.388475192087583,-0.906158881905323,0.422819331005840,0.005852140501423,0.008102254218429
2101,1670411714.411471367,21.078886254136226,-13.496946077757348,34.359538126710554,-0.906254693366464,0.422542081184555,0.004372713997174,0.011895366819904
2102,1670411714.510738134,21.198150517336224,-13.615676746132362,34.333202985380886,-0.918503864198676,0.395001574656657,-0.006962797706181,0.016611048099524
2103,1670411714.609207392,21.326150013642504,-13.736991096594291,34.351343136546440,-0.925234182400605,0.378753301204330,-0.016701502474434,0.014446603732486
2104,1670411714.709885120,21.459611897969999,-13.856201944528571,34.380702507094128,-0.927257606161245,0.374117289683220,-0.005182050159765,0.014238389387177
2105,1670411714.810558796,21.588562879612795,-13.961795393012734,34.387664774794771,-0.934737627788501,0.355092198492124,0.001267579775510,0.013171598531276
2106,1670411714.911486864,21.711955205857013,-14.059822586624321,34.352363037227832,-0.930568411322883,0.366083372679826,0.000121182538625,0.005037996641651
2107,1670411715.011583090,21.833026552637634,-14.157054045852563,34.330882299881743,-0.917957834404578,0.396471937862950,-0.012634074225726,-0.001948566373824
2108,1670411715.111510754,21.959729068317777,-14.264356309765899,34.349017767765964,-0.916056489669218,0.400380072752583,-0.022915327306704,0.003345571994789
2109,1670411715.211596251,22.089273923418819,-14.376262208780190,34.380823191173903,-0.910145131305070,0.413896552788899,-0.014593934807319,0.010606630849761
2110,1670411715.312046766,22.216382673072484,-14.481956561915359,34.386203961566252,-0.907938760786817,0.418572830911923,-0.013090359125789,0.016511643807787
2111,1670411715.410717726,22.343746508978956,-14.576826067586703,34.350367253781570,-0.918136778813951,0.395400484654943,-0.018601505670809,0.018365623064759
2112,1670411715.510179520,22.478188764164287,-14.670532803462454,34.338285903417500,-0.923701257728080,0.382199540447218,-0.026024318510847,0.004715145760644
2113,1670411715.611169338,22.618963789157462,-14.774664446295340,34.354052429024755,-0.929083485403286,0.368184059057370,-0.035197997647715,-0.002340249668662
2114,1670411715.712644815,22.760640150701210,-14.882220018389457,34.374929327855114,-0.940746877376670,0.338068743150155,-0.026289981520119,0.003697902458300
2115,1670411715.811197996,22.895698026949407,-14.980146053271230,34.373996526279697,-0.947263960412223,0.319849047118560,-0.019062496966550,0.004919102651813
2116,1670411715.911516190,23.030750628744155,-15.077642558105637,34.335508876614590,-0.937772027390432,0.346828687601943,-0.017050511240038,-0.001663179727471
2117,1670411716.012894392,23.170119357298155,-15.179868415634139,34.318317508520352,-0.930553521607632,0.365386603347421,-0.023492204703451,-0.003299975157510
2118,1670411716.112183094,23.309717106694237,-15.288015584397021,34.333421469246041,-0.923732169614591,0.382536038680650,-0.019283624507990,0.003633146772579
2119,1670411716.211184025,23.443238277335329,-15.394606585572506,34.360388432953464,-0.915691966515275,0.401820799081700,-0.005444412877500,0.004315814309345
2120,1670411716.309848785,23.566304602817599,-15.493773874735554,34.348227990780821,-0.912347355053077,0.409182174609094,-0.006711226348066,0.012133060237721
2121,1670411716.408786774,23.686622577339079,-15.588491527415092,34.306122020333689,-0.922803584943472,0.384798775966372,-0.013185747496264,0.013768866809698
2122,1670411716.509054184,23.813674286461755,-15.688803945849640,34.301088528919266,-0.927579443740654,0.372493829318841,-0.027940328063091,0.008003795155504
2123,1670411716.609626770,23.954306589184778,-15.796385756995834,34.322385122256449,-0.932126123857149,0.361390582179663,-0.021162979497042,0.009479695865282
2124,1670411716.709455013,24.094020872967722,-15.897900512859310,34.340393995822581,-0.939724119821008,0.341389933757519,-0.008614364230357,0.017241939698751
2125,1670411716.810369730,24.231136863413415,-15.992761950448068,34.316434901192714,-0.937019686356114,0.349042650513453,-0.000559693183396,0.012768016571606
2126,1670411716.912411690,24.366741474321344,-16.086049473523971,34.278616615715180,-0.923317872656662,0.384006194848790,-0.001184032424040,0.004684700390345
2127,1670411717.012235880,24.500036736482873,-16.181782298784146,34.280778813042708,-0.922701094180265,0.385164418289364,-0.015311972646069,0.006050221156659
2128,1670411717.111311197,24.636030286158952,-16.286307977929408,34.298894241481520,-0.919528517779713,0.392754800484281,-0.007571582056136,0.012395274565876
2129,1670411717.211209774,24.769987564673109,-16.392931381871584,34.313967086445167,-0.909238159102223,0.415836136007054,0.002340349747366,0.018994756807721
2130,1670411717.310331345,24.898894360908351,-16.493273404048079,34.286912222638087,-0.910435090391970,0.412901580264782,0.003163436312435,0.024702709740196
2131,1670411717.409929037,25.026660270309289,-16.588867591983210,34.248277044630171,-0.921785171937332,0.386814529266882,-0.004115022543326,0.025878240550158
2132,1670411717.508548021,25.154935671616734,-16.685754893145621,34.252735628012857,-0.928862625914209,0.369614668983354,-0.018466018976868,0.016069374450574
2133,1670411717.608697653,25.289113842796695,-16.789579685231597,34.271020256508947,-0.934123273052402,0.356287659327272,-0.015099193935978,0.015647009153353
2134,1670411717.708795309,25.419310456532738,-16.891140112732710,34.283623149361070,-0.943860339169418,0.329858659498075,-0.006782801752339,0.016580666377228
2135,1670411717.810403824,25.546886242975003,-16.990556971869058,34.255960155915673,-0.940909243421876,0.338530856735910,-0.003639296188389,0.008567975500523
2136,1670411717.910861731,25.671318548827131,-17.091895347972880,34.215554675876092,-0.924813734695062,0.380297252387438,-0.009625756315292,-0.000949084451117
2137,1670411718.010733843,25.801556347343062,-17.205765807222285,34.221582169214720,-0.919453843186271,0.392859513281109,-0.015758356801572,-0.004208000171276
2138,1670411718.111413002,25.935553270451646,-17.327780797560880,34.249918633008967,-0.911145022089011,0.412077739656862,-0.001736172969109,0.001915960627879
2139,1670411718.210957050,26.059014068506141,-17.445440950734085,34.262903093411268,-0.900514273705029,0.434772511416984,0.006593784437585,0.001851533543706
2140,1670411718.309209347,26.170691019338353,-17.557990519918988,34.226560291184690,-0.902996280404264,0.429599493550728,0.004551976851308,0.004612182104727
2141,1670411718.408160925,26.278611289478814,-17.672740524919220,34.191318479476791,-0.918774279056420,0.394494801227465,-0.008987132156295,0.012120536475895
2142,1670411718.509059668,26.396038140658984,-17.797811836782326,34.200381411594087,-0.921693929093124,0.387369126800707,-0.019264647251754,0.007371162785005
2143,1670411718.611231089,26.517551251167944,-17.928957015795863,34.228048953770873,-0.926923972648593,0.374665595600792,-0.011585026423945,0.017419172345725
2144,1670411718.711481333,26.632479323169537,-18.047826955446865,34.228338353854362,-0.934837128641456,0.354474222722106,-0.004977077020375,0.020069804266339
2145,1670411718.811285019,26.741531709916195,-18.157767107399433,34.186117432616150,-0.923705316844001,0.382800974086275,-0.004958313855478,0.014398506743149
2146,1670411718.912713289,26.849480970941695,-18.269409352919872,34.154058329039216,-0.911233135856491,0.411413792750251,-0.018810028640395,0.006248685825630
2147,1670411719.013167381,26.959151491554213,-18.394421168804797,34.159782623611434,-0.907219635932395,0.419772461281508,-0.026671690429399,0.005677486943637
2148,1670411719.112979174,27.068287589455789,-18.528184780935970,34.188032802993966,-0.894433112145366,0.446753846524991,-0.014880061106649,0.013378800190680
2149,1670411719.209906816,27.170877959501471,-18.655679123734206,34.187731662665755,-0.889211963957866,0.456805078808114,-0.012582001797603,0.021746180355927
2150,1670411719.309382915,27.278510255283773,-18.780476210087549,34.140749029665947,-0.898071818990086,0.438835650371091,-0.014014916563210,0.026341260655967
2151,1670411719.410313129,27.392433705616561,-18.908875803823076,34.118169187293461,-0.903418355288918,0.427528315816066,-0.022083606685428,0.023814466576168
2152,1670411719.509657383,27.514879437636417,-19.041563579320265,34.142453249108620,-0.906008239854508,0.422045820662221,-0.016695904220679,0.027343031279324
2153,1670411719.610628843,27.632761632234445,-19.170779287012888,34.165875345778268,-0.910974417823707,0.411239463786465,-0.001924280449629,0.031686126934840
2154,1670411719.711408138,27.743456440139813,-19.290147914090564,34.149151710171651,-0.913574882096842,0.405425466598467,0.005597511129133,0.031301656574627
2155,1670411719.813880682,27.851478168826169,-19.405716102539369,34.107067118902016,-0.895735898854989,0.444005319993202,0.004687516659271,0.022237412343786
2156,1670411719.913296223,27.957710534346834,-19.516891199445428,34.093486878329564,-0.889248815067747,0.456697810437356,-0.015795927544183,0.020350516341156
2157,1670411720.011765242,28.066537744506682,-19.639266945011748,34.110825059071516,-0.885320887949941,0.463886322022858,-0.018731399908935,0.025798066925355
2158,1670411720.111818790,28.172635706230160,-19.767622240984721,34.139365474425119,-0.875386081207480,0.482494308056063,-0.009417282509824,0.028456393162919
2159,1670411720.212620497,28.274855969961802,-19.892162761617566,34.120895679248662,-0.874117812366979,0.484268949311637,-0.011179538427900,0.035730277859399
2160,1670411720.310873747,28.375542575067609,-20.012637815724851,34.077014250509762,-0.885940493711948,0.462021730449342,-0.015118235660719,0.037640419027050
2161,1670411720.410551310,28.481402640476464,-20.141648151049782,34.074354722690735,-0.888332403878141,0.457636629654264,-0.024439918613270,0.028930015502003
2162,1670411720.511914253,28.592030168060564,-20.281234891778215,34.096956204092088,-0.889728702264372,0.455479352876165,-0.016252697590471,0.025636795655852
2163,1670411720.611972570,28.692432026209900,-20.415846820630136,34.116049909054830,-0.898546187753419,0.437558715118570,-0.005029157239061,0.033642634781598
2164,1670411720.713025808,28.786382211521651,-20.543572467071733,34.098923038054288,-0.899193438755065,0.436364862338545,0.000235147919611,0.032199554679527
2165,1670411720.812685966,28.873127306795528,-20.666050398507988,34.057791948278393,-0.884058296937008,0.466625839647804,-0.005651153916703,0.025871177963702
2166,1670411720.913841963,28.962858945852048,-20.795237348564079,34.048310760792752,-0.879362990089586,0.475200922172576,-0.022029937830673,0.020481627528420
2167,1670411721.015609264,29.052311548464932,-20.939822314775459,34.071019239535232,-0.864143367821940,0.502402078615242,-0.015743880386611,0.024505539839218
2168,1670411721.114870548,29.131893171241678,-21.081459923129266,34.092269208722996,-0.858671902379146,0.511356365648274,-0.011321126030229,0.032696536222900
2169,1670411721.211474657,29.205503310718008,-21.213700632840556,34.065426585537907,-0.864334939963973,0.501025487230014,-0.014304412796089,0.041157702535009
2170,1670411721.310920477,29.282102098771720,-21.348376237899032,34.023359353455753,-0.874814891601075,0.482112025516241,-0.022936059039843,0.041723344560905
2171,1670411721.411058187,29.370336527822225,-21.492138566877465,34.025551283036222,-0.875401687490975,0.481122707682496,-0.031693246113518,0.034472653524277
2172,1670411721.510444403,29.465334719216884,-21.635303457365620,34.048738060045473,-0.879306190750750,0.473899280781239,-0.024617525060998,0.040423656963483
2173,1670411721.611551285,29.556970152731537,-21.769087854373733,34.062335791005729,-0.884675401828994,0.463669228416502,-0.017933777434129,0.045151518748502
2174,1670411721.712610245,29.644683831260707,-21.891795565272702,34.037977934778084,-0.879879484717111,0.473130741897434,-0.016531766093462,0.041062076851592
2175,1670411721.814185143,29.731705812254773,-22.010476028631000,33.996948365905851,-0.865584956250564,0.499395864324669,-0.024099667102260,0.028029631707996
2176,1670411721.913183212,29.818015442798000,-22.135328789898971,33.996153862397378,-0.853477120047473,0.519503129588797,-0.036761032373511,0.018491360192007
2177,1670411722.012929678,29.905159247417767,-22.274250691130511,34.019562164175547,-0.842035969604689,0.538064629350347,-0.031032660597031,0.022335051158090
2178,1670411722.112070799,29.986611701654461,-22.412427416243030,34.034385911869030,-0.831193596254779,0.554711867362193,-0.025837485466191,0.027283220069880
2179,1670411722.211624622,30.067709983163077,-22.545628023055365,34.002888931069748,-0.832274017767212,0.552787915926342,-0.028301815675716,0.030732500465972
2180,1670411722.309836864,30.151836161366766,-22.675594596561606,33.976780325179277,-0.838440376770313,0.543170868547156,-0.036316602158278,0.025772981408066
2181,1670411722.410476685,30.245166218349926,-22.817399464487984,33.995751981661762,-0.837861394111276,0.544073009585957,-0.041674046998935,0.015366141503924
2182,1670411722.510100842,30.338406873806949,-22.959909311628117,34.022455998021464,-0.842816108913443,0.537247420388104,-0.028924331291072,0.013769491700667
2183,1670411722.613175869,30.430900154612434,-23.101050366035526,34.026020848360915,-0.843611440810699,0.536353962066982,-0.021201669378540,0.013951828694118
2184,1670411722.712028742,30.513386000677905,-23.233047351139323,33.991405341861267,-0.829051522064261,0.558919843484473,-0.015959802216827,0.005240900249354
2185,1670411722.813386679,30.592296096103382,-23.371867140751132,33.964940892046151,-0.815787878422232,0.577797825062314,-0.025291492339768,-0.000388828805653
2186,1670411722.914130926,30.669007064754471,-23.523826175674401,33.980214043261057,-0.811486345407916,0.583568784725804,-0.030423705005454,0.003432620557708
2187,1670411723.014326811,30.743251611399504,-23.678878763512941,34.006786818255378,-0.795578538908434,0.605464690166133,-0.020488113953421,0.006894532397661
2188,1670411723.113759041,30.812829079944997,-23.827392427805847,34.005776670014036,-0.787252273402544,0.616398250599216,-0.014900012597813,0.008065004980584
2189,1670411723.211769104,30.878540590614211,-23.967450909260283,33.967569215043078,-0.792773810433457,0.609206180696238,-0.018182007878880,0.006850509602401
2190,1670411723.311061859,30.943312866396543,-24.109264507619454,33.951107022274407,-0.801988538023690,0.596399858352667,-0.033396064903364,0.002509319532270
2191,1670411723.410533667,31.012077222991028,-24.259519800215248,33.968578741325729,-0.812498944652380,0.581661544694715,-0.038447130528279,-0.006093481457110
2192,1670411723.510346651,31.081412682508077,-24.411437926668807,33.996555973881378,-0.817841108070032,0.574511095050083,-0.032746503167217,-0.000768209252875
2193,1670411723.611302137,31.150467971852922,-24.561061558823805,33.991620461564196,-0.826501352963459,0.562320528292596,-0.026105771181001,-0.003102534665832
2194,1670411723.712261438,31.214277257433018,-24.706877692109320,33.950477496164815,-0.807811003309672,0.588792396092293,-0.026287150583960,-0.008595519175408
2195,1670411723.813945293,31.276714827579262,-24.854165791676856,33.934097995966411,-0.790349498654735,0.611066715444052,-0.041839630709635,-0.013949356784745
2196,1670411723.913043737,31.338248528341239,-25.006456490573374,33.949972615634650,-0.780518561021346,0.623315717606227,-0.046623958768886,-0.009721036720373
2197,1670411724.012804031,31.400591588724012,-25.160809410966561,33.979116558673653,-0.765562237412226,0.642154929190381,-0.038958840025401,-0.005806578059255
2198,1670411724.113272905,31.460259107503653,-25.311821700941849,33.972511849235524,-0.761422668090017,0.647080055133944,-0.038996794402934,-0.001474039628659
2199,1670411724.212212324,31.518866184451227,-25.456234965996508,33.930247533629810,-0.777129959619396,0.627794185281027,-0.044051334347424,-0.001722420244260
2200,1670411724.311064959,31.578107251521494,-25.601247977884729,33.919865588357865,-0.779643323753862,0.623669944405230,-0.054919949469280,-0.013262251765805
2201,1670411724.411689281,31.640659096368640,-25.759054837974166,33.938989760692955,-0.780701288415113,0.622701684873190,-0.050719312300284,-0.013253727130823
2202,1670411724.512771130,31.703022894243908,-25.915300978320424,33.959886456529389,-0.785282062168158,0.617643286691437,-0.042557615046897,-0.006140247832573
2203,1670411724.611943722,31.763915030244249,-26.065630564962348,33.939259258844871,-0.781407959045141,0.623032245479394,-0.034190276080950,-0.007965403650730
2204,1670411724.712234259,31.823621867094602,-26.219399220848484,33.898798860791175,-0.764070393746232,0.644174214677229,-0.033986651764720,-0.008995668250699
2205,1670411724.812096834,31.883196179786637,-26.377251714333315,33.890627113579264,-0.758162855680099,0.650581942778695,-0.042607944693246,-0.010806620485345
2206,1670411724.912644863,31.943934575543281,-26.542747116099218,33.906708030401219,-0.745915627887195,0.664992600774859,-0.037225226982360,-0.002999910740609
2207,1670411725.011035442,32.001898211932243,-26.701215568844248,33.930520993704732,-0.733502185261007,0.679217262693445,-0.025231899274764,-0.001343702176618
2208,1670411725.110897303,32.059613197031020,-26.854230732113326,33.911938608995293,-0.733648087964849,0.679049377429542,-0.025541714903610,-0.000216420551775
2209,1670411725.210421324,32.118820666359795,-27.003633426503157,33.870502149497433,-0.748614024347488,0.662481026548700,-0.025632463477274,-0.006237694231494
2210,1670411725.310402870,32.177881722239071,-27.158786472866229,33.869646781858201,-0.751313562824508,0.658663520638706,-0.035865721749569,-0.020098430265858
2211,1670411725.410148144,32.234050205754784,-27.324368704174400,33.892225473005993,-0.753030492209250,0.657031327959262,-0.029472864849001,-0.019653552370397
2212,1670411725.510855436,32.286263052591679,-27.485767100885816,33.912398689856438,-0.762775073549082,0.645979769906797,-0.027296103106044,-0.011800288071870
2213,1670411725.612067699,32.337658191698338,-27.640558699927087,33.890031704135687,-0.758981749553375,0.650399369906998,-0.028044701634978,-0.011868368872068
2214,1670411725.712846041,32.388796038235284,-27.793254386933796,33.847083027793133,-0.741133085560271,0.670443338556747,-0.030571784981681,-0.017112721461790
2215,1670411725.812716007,32.433349902580922,-27.950732736019336,33.842982343970334,-0.718405422929641,0.694130952606391,-0.040945221304439,-0.019983938334535
2216,1670411725.912316561,32.471090369363921,-28.112984686539509,33.870427397561478,-0.705163577894612,0.708086457162380,-0.034870927396925,-0.011912850900457
2217,1670411726.012692451,32.500488896862443,-28.270290726436116,33.886633972190182,-0.682090614578666,0.730456892631501,-0.033940624007448,-0.005758085863820
2218,1670411726.110773802,32.528102660308107,-28.418221675495804,33.849565045107838,-0.679135389586617,0.733016835029919,-0.038227806608630,0.000277444855384
2219,1670411726.210009098,32.557039305337845,-28.566572127172975,33.807325124814710,-0.686920045918444,0.725298286103055,-0.045339229080673,-0.005253665172398
2220,1670411726.309939146,32.586221679112356,-28.725502812251381,33.812356561975918,-0.686952780701650,0.724712631266850,-0.052092830277657,-0.013183937280389
2221,1670411726.410634041,32.613763471201800,-28.887077494161851,33.837334018684636,-0.685662606828069,0.726547928862478,-0.041758609723895,-0.015846614064439
2222,1670411726.510773897,32.636072845530727,-29.041018905577651,33.849239947628838,-0.677333889641016,0.734589602938033,-0.035392453143337,-0.018555092551980
2223,1670411726.611177206,32.653941377102889,-29.192529167735788,33.817536283616583,-0.672110842589267,0.739346204705942,-0.033068137267881,-0.023253024717182
2224,1670411726.712087870,32.665922196746145,-29.347007773135598,33.775705958742456,-0.645276549890218,0.762398427952154,-0.043444799763756,-0.021894304998062
2225,1670411726.812309742,32.670937400275307,-29.509445542873305,33.773096659010442,-0.635284396485479,0.769583817780730,-0.061612970123266,-0.018929471854897
2226,1670411726.911566734,32.669404942391161,-29.677558909247111,33.796626109215083,-0.625063171995941,0.778300720304785,-0.059157306322677,-0.006665800482352
2227,1670411727.012368679,32.663636331925090,-29.845565484861407,33.806403808956482,-0.607017972596256,0.793018735771469,-0.051482522134193,0.000124800858984
2228,1670411727.113466978,32.658208193368992,-30.012278532451173,33.764967103330882,-0.608221117939096,0.792114269845844,-0.050715342088578,0.007071723717785
2229,1670411727.211557150,32.652624603698854,-30.173772460654494,33.720579663879342,-0.624721956970231,0.778887357060240,-0.055136669373490,0.004112077503868
2230,1670411727.311839104,32.646330225899305,-30.349511270616397,33.728580690672800,-0.627389129231182,0.777117606990343,-0.049530222479735,-0.004226403820046
2231,1670411727.412595272,32.639119854241990,-30.528677080503847,33.754082307120420,-0.631104501065464,0.774853601375737,-0.035574503593257,0.006592409578851
2232,1670411727.512248516,32.634161314461295,-30.698556793413008,33.751080917863824,-0.646160111747092,0.762807921835325,-0.020103678926236,0.014036611624223
2233,1670411727.612461090,32.630758054146071,-30.860103182386549,33.707299673662895,-0.629790664876784,0.776575459639680,-0.010689159493085,0.013416996266297
2234,1670411727.712840796,32.627394981215829,-31.014374256471978,33.666852577662780,-0.611076944704432,0.791452092301804,-0.013593042122904,0.001944851572400
2235,1670411727.813500404,32.617400386757602,-31.170223238654984,33.667662328580555,-0.600648967092343,0.798916051187837,-0.030870589765625,-0.000983957751597
2236,1670411727.912823200,32.600590788450120,-31.325732636804833,33.693991875813950,-0.588004202825958,0.808458381951529,-0.025416544370042,-0.000318407930442
2237,1670411728.012398243,32.581491484807643,-31.476887850088630,33.693183439219631,-0.567389393783766,0.823097573901493,-0.023600203677881,-0.004763406924618
2238,1670411728.112189770,32.562818004825417,-31.626832093679933,33.646473417591842,-0.573740469370151,0.818572699429858,-0.025579752587250,-0.010309501084392
2239,1670411728.212704182,32.539359588286729,-31.780430022586113,33.611492674224465,-0.595673947813373,0.802040062952127,-0.037935419258158,-0.021568247074989
2240,1670411728.311500788,32.511767906877729,-31.942858882607769,33.620220343751207,-0.603910717969749,0.795587967412396,-0.037954133107066,-0.029851542840623
2241,1670411728.412813663,32.485113121300778,-32.111471182048959,33.648810673771962,-0.610420805624394,0.791229295822752,-0.031363650852527,-0.018946316209199
2242,1670411728.514853239,32.466217144561334,-32.274417146288243,33.641946596608442,-0.622224613737963,0.782283960505285,-0.024819951191883,-0.015884118409307
2243,1670411728.615860939,32.449319006464634,-32.428855446931223,33.589924619302657,-0.600940906346287,0.798683165462121,-0.018599731428351,-0.025085419627792
2244,1670411728.715828180,32.427588897161563,-32.580310628923172,33.554468053754910,-0.576612714424495,0.815815202436923,-0.029760240454426,-0.032827749312328
2245,1670411728.815469980,32.397297824077931,-32.738192959354095,33.562018675008908,-0.571526708664769,0.819097314523825,-0.039149380852152,-0.030068864321215
2246,1670411728.915462971,32.361789147555399,-32.896345229617275,33.587498924957849,-0.552259657822905,0.832566339928277,-0.033113537424377,-0.027313981749352
2247,1670411729.015367270,32.324870167772637,-33.050508251903977,33.575357827615761,-0.544845494334639,0.837490621369145,-0.035169750967638,-0.022714203460398
2248,1670411729.112600565,32.287170778796657,-33.199752829292585,33.526836492166034,-0.570324511239881,0.820116487110041,-0.040672921723092,-0.022013924860976
2249,1670411729.212948084,32.246597714319179,-33.357474620776031,33.493073265353523,-0.588547407610260,0.805969671239836,-0.056666083318361,-0.028527058000239
2250,1670411729.312440395,32.209444916796926,-33.531121908674798,33.504953843376647,-0.591038275293787,0.804628672319869,-0.048997679898062,-0.029080649633679
2251,1670411729.412574053,32.178482802428697,-33.709878763273565,33.528480732260306,-0.597587827855181,0.800898836902474,-0.034520831113027,-0.016067148684734
2252,1670411729.513907194,32.154761149093261,-33.883190522031668,33.506076947627093,-0.594887916527851,0.803465450247122,-0.020225269930319,-0.011940497669177
2253,1670411729.614868641,32.132094303679096,-34.046246177839123,33.454826769105829,-0.563639039197819,0.825723402718819,-0.014020016512969,-0.017185308597451
2254,1670411729.714699745,32.103097333796548,-34.205726004553448,33.443498137562848,-0.545603460692114,0.837203168693512,-0.021563297641956,-0.030704107300750
2255,1670411729.813800335,32.067057359342250,-34.371608824339049,33.464450386490761,-0.543395276134182,0.838880370181530,-0.025400550769937,-0.018870888154503
2256,1670411729.914049625,32.027660359438819,-34.536091188008378,33.490244895098705,-0.518530367141033,0.854824595893606,-0.011492616306762,-0.016403913506967
2257,1670411730.014347315,31.988002463733903,-34.693101232272845,33.468268011038788,-0.504654836079791,0.863136125485812,-0.013298746488287,-0.011944398036728
2258,1670411730.112006187,31.948813922164849,-34.839107027540841,33.417046259197363,-0.529451299500224,0.847891736996425,-0.015499691925795,-0.022818486823510
2259,1670411730.211734772,31.907965341121884,-34.988542179855536,33.402423102489216,-0.544578399343143,0.837489774801139,-0.032788891450364,-0.031146952818134
2260,1670411730.312073231,31.865988335813554,-35.150588489754874,33.420260436705682,-0.551468356419139,0.832966433778131,-0.028015393083866,-0.035562758859121
2261,1670411730.412249565,31.827501881486725,-35.315558565716991,33.439617035297893,-0.567708764002191,0.822496346365668,-0.019513249948671,-0.028735910750716
2262,1670411730.512163639,31.793096543214890,-35.478069114112024,33.415411557849751,-0.567716801964016,0.822802593150244,-0.012108219038387,-0.023386246058372
2263,1670411730.613339424,31.755425355014438,-35.641003154760774,33.362977282199608,-0.545400732318275,0.837605512283322,-0.008297552622280,-0.029769071194175
2264,1670411730.714782476,31.710820152045279,-35.804926382562051,33.348818879491105,-0.531182093109067,0.846476173152530,-0.020872971690180,-0.029799182843484
2265,1670411730.814388752,31.661432647254298,-35.968997941151976,33.369574574298937,-0.519723951413036,0.853875200202383,-0.012758232982496,-0.024927581072479
2266,1670411730.913573742,31.610750461438560,-36.126937081281376,33.387623341998015,-0.501353927113938,0.865004509998603,-0.005866224818951,-0.019417127899935
2267,1670411731.013361692,31.561353128121738,-36.281119717381202,33.354439467193657,-0.502199716997398,0.864520511136725,-0.007104702956349,-0.018688319013018
2268,1670411731.112193346,31.511732458414606,-36.433043450302655,33.303696192355986,-0.525454902362637,0.850444045094852,-0.014192542372501,-0.020991509873799
2269,1670411731.211122751,31.459108483664018,-36.587078602728312,33.291785705611808,-0.538689406202427,0.841328335558257,-0.023396173317363,-0.037854649729649
2270,1670411731.311967134,31.405129751438430,-36.752310108547348,33.310548635193790,-0.547203232626551,0.836076521829474,-0.022091291166438,-0.032506102552940
2271,1670411731.413158655,31.365532268195846,-36.916394457940243,33.326974774418524,-0.567580372704024,0.822431540050037,-0.032803404385717,-0.019565763792710
2272,1670411731.512962818,31.332627988637011,-37.076892701396602,33.293160365722578,-0.558877592638160,0.828252437963391,-0.021283169820847,-0.034652014906074
2273,1670411731.613068104,31.297447512829280,-37.241653011421015,33.229660395737220,-0.538838469857829,0.841089929034521,-0.020031014175710,-0.042656689382449
2274,1670411731.715103865,31.248245177914477,-37.416862483002248,33.221742030812862,-0.510148048822399,0.858663272818306,-0.022650549671601,-0.043969362006163
2275,1670411731.814397573,31.187046219851837,-37.589738934174072,33.246547349200583,-0.503467077344321,0.863337475572053,-0.014253304533224,-0.031082931218352
2276,1670411731.913613558,31.117341290636510,-37.754373995518101,33.240131228679694,-0.492262161959303,0.870201933096242,-0.015577147199631,-0.013561416734177
2277,1670411732.013239145,31.043581287197881,-37.912333913009888,33.188392586153810,-0.509388244973441,0.860288561078854,-0.019961751125179,-0.005360601810437
2278,1670411732.115563393,30.965505361743563,-38.069471836097982,33.155152466229083,-0.531638487912574,0.846358578166506,-0.030837299731206,-0.009313231409635
2279,1670411732.204381704,30.898468510263559,-38.210226240432277,33.167018531528285,-0.539699004660869,0.841128439935794,-0.034277061229584,-0.007281138146431
2280,1670411732.306519508,30.828467966485551,-38.366799985753964,33.192886433553348,-0.549482894915977,0.834696202387414,-0.035870965245288,0.008004484190597
2281,1670411732.408367634,30.771021337127838,-38.514699066115554,33.181665668919557,-0.555911886172505,0.830615462841933,-0.031615354394237,0.006355868668898
2282,1670411732.509166479,30.723597196966772,-38.654145452266647,33.128457491365310,-0.526846758969711,0.849436165466260,-0.029219114800079,-0.006077556366430
2283,1670411732.608232021,30.678419496362125,-38.789949427384272,33.092632744116024,-0.494924828476896,0.867783100394739,-0.037122326266017,-0.024976743562926
2284,1670411732.708163500,30.624326208520962,-38.936547680753094,33.101398821284981,-0.487049705091823,0.872142690637022,-0.036077447693250,-0.029122666538699
2285,1670411732.808423042,30.562835454948360,-39.085634258408930,33.127922522431973,-0.463706688126884,0.885092373471674,-0.032022452744378,-0.023709920474566
2286,1670411732.909858704,30.499775362690553,-39.233458369372300,33.108494404143947,-0.460643306867243,0.886655883542268,-0.035500936431253,-0.019717290148399
2287,1670411733.008455753,30.440511976662886,-39.377300556693648,33.054267323836527,-0.485990035461389,0.872644724263049,-0.044159795546975,-0.018835687015731
2288,1670411733.108543634,30.383329710478520,-39.528500040201564,33.034998949438766,-0.506948519023500,0.859940216556459,-0.049690614177661,-0.032200401726642
2289,1670411733.209235907,30.328524490386435,-39.690802803006783,33.051147751632513,-0.513013332522089,0.856707924969787,-0.042377534792548,-0.032756625184062
2290,1670411733.308125019,30.279519468205716,-39.848622804485998,33.068965756298432,-0.528823145147109,0.847732766505574,-0.030334852069436,-0.027839441435679
2291,1670411733.410089493,30.230521041903454,-40.006609463581185,33.042657001580764,-0.525479468735694,0.850029856308057,-0.017145710887928,-0.032040535580797
2292,1670411733.513193369,30.173211652195899,-40.162593746534057,32.989507585841089,-0.507155803410490,0.860948903376029,-0.023358197368428,-0.031849198708474
2293,1670411733.612494230,30.106042122062544,-40.311781562643063,32.972898259330471,-0.501578485159224,0.863688458939671,-0.029531736050642,-0.039864090176866
2294,1670411733.711926460,30.030302770856817,-40.465415967634307,32.990341326507007,-0.491064178567330,0.870283131842222,-0.026777647027831,-0.027316672171768
2295,1670411733.811829567,29.955939784951209,-40.614698968892981,33.010326067309038,-0.477899103202214,0.877915968257261,-0.026559412414662,-0.013061295863068
2296,1670411733.910898209,29.887770830205085,-40.756731467912843,32.981668303215791,-0.483293051200874,0.874887769472100,-0.030295938809551,-0.009020730609614
2297,1670411734.009118795,29.828547103296359,-40.895027798752253,32.938422899197391,-0.502763830452853,0.863603998612942,-0.035028933395447,-0.013770918389523
2298,1670411734.109077215,29.776603881757339,-41.039322566351572,32.929320173287465,-0.513387699838490,0.856440631693177,-0.042583693208245,-0.033602724774672
2299,1670411734.213051081,29.721668485896554,-41.202301167134983,32.944945935761531,-0.521720810112456,0.851708689274871,-0.038721328366072,-0.030006060035439
2300,1670411734.312315702,29.669661363360085,-41.361639309179267,32.950071022202430,-0.542928988243884,0.838907402631184,-0.032506975161809,-0.020143984236031
2301,1670411734.411456108,29.616352261458626,-41.518860734511151,32.912436468121754,-0.540143619869370,0.841037346691664,-0.023180257227758,-0.019071629692133
2302,1670411734.512879372,29.561203067880729,-41.677509420890168,32.867862443974424,-0.514897622683464,0.856585984510189,-0.028683470773038,-0.017836698126059
2303,1670411734.612949133,29.506213902352332,-41.833257374817308,32.863867912287496,-0.501316818342081,0.864186361256075,-0.036171631838432,-0.023558304618599
2304,1670411734.712322950,29.448345018279596,-41.987557660222855,32.885649485095065,-0.474176445272610,0.879781420526171,-0.029189977254711,-0.017008705813620
2305,1670411734.811906576,29.390961291300371,-42.133101016749798,32.898211281605185,-0.454955234185893,0.889952217990859,-0.027711512034209,-0.015259642223461
2306,1670411734.910899639,29.336111252980533,-42.270046289385846,32.858140570920511,-0.467313354614398,0.883371445575885,-0.029519235048466,-0.020043265760938
2307,1670411735.009338617,29.282012443951832,-42.407366011751769,32.817916818551808,-0.486288315408176,0.872339433493444,-0.038893373561989,-0.032169746078930
2308,1670411735.108924866,29.226091596662947,-42.558722646953235,32.812120138608520,-0.502103459577039,0.862628951186749,-0.044609070520699,-0.042112222483471
2309,1670411735.210850000,29.168338005590652,-42.726731138288706,32.834098884416790,-0.521643585780534,0.851790873099454,-0.039144445107435,-0.028425170812635
2310,1670411735.312074423,29.114991683441929,-42.895008150466666,32.832385442429931,-0.542352295725093,0.839514434901452,-0.025439434737784,-0.020550816870361
2311,1670411735.412423849,29.064141291961143,-43.056720716284453,32.783532736105116,-0.525710259194584,0.850232532852508,-0.016277136445566,-0.021642973129966
2312,1670411735.510982990,29.014302205535845,-43.212870118317532,32.743157289770664,-0.496266518430215,0.867519226168023,-0.015911400279361,-0.029610171481059
2313,1670411735.609794140,28.958730747791222,-43.373321403262075,32.739275471843669,-0.498412024398871,0.866244219730613,-0.017250795660384,-0.030146571397172
2314,1670411735.708725214,28.897157658184284,-43.534866488052273,32.760802919060723,-0.485027214318455,0.874216782067371,-0.004338619746086,-0.021789807271955
2315,1670411735.807748079,28.831840757279096,-43.689188248388234,32.753211281220139,-0.469941792683531,0.882532461219246,-0.000835981941228,-0.017043107635729
2316,1670411735.907438040,28.764810743237920,-43.838084036645483,32.702121520979560,-0.490405081046702,0.871281895284998,-0.000837948615159,-0.019235729107020
2317,1670411736.006587267,28.697891166690191,-43.988670331649722,32.676803825659242,-0.512593596996397,0.858149614646528,-0.007325197891862,-0.027809794608312
2318,1670411736.106253862,28.629725004135857,-44.150740160896447,32.693726243688886,-0.515637726865812,0.856400332724335,-0.002315205072197,-0.026283922229753
2319,1670411736.207060814,28.564407212474336,-44.313626884491264,32.711415605401484,-0.538031657088180,0.842866186992408,0.000105273493951,-0.009925508214629
2320,1670411736.308290005,28.504720689863959,-44.471168327898653,32.688988832466976,-0.543473818412729,0.839368330420869,0.006328468885502,-0.007547520648226
2321,1670411736.409156799,28.446447440484096,-44.619682525256763,32.640621585865865,-0.516672950889154,0.856055863021138,0.004507288250548,-0.014039428736741
2322,1670411736.509841442,28.381488415583664,-44.766963087305584,32.625715632375574,-0.499384198070622,0.866101794806992,-0.010654162546538,-0.019224790503402
2323,1670411736.610462427,28.307330843577063,-44.921035975007662,32.652203667704512,-0.491273146275748,0.870920179843299,-0.011098207064438,-0.005056272342186
2324,1670411736.709048510,28.233431606352269,-45.065805185384406,32.671291347853327,-0.465628669398995,0.884967327884672,-0.004760427454089,0.000330364705791
2325,1670411736.807944775,28.162913455452919,-45.204134169975035,32.638821163345739,-0.463467241693448,0.886012589861571,-0.011711567161600,0.006530365876272
2326,1670411736.907104969,28.092240067292622,-45.340129769661871,32.588759972706335,-0.479142617585887,0.877577335323750,-0.016736582171656,0.000509270285001
2327,1670411737.006999016,28.016039275434313,-45.491224543542224,32.588478463959333,-0.481948002568014,0.875977680756518,-0.018798824518819,-0.005985802690087
2328,1670411737.106108189,27.941346979838517,-45.650373097721221,32.611886739414608,-0.490239038940007,0.871501181668609,-0.011331192879887,0.004793653858586
2329,1670411737.206462860,27.874098239489712,-45.807484802730549,32.614094722109776,-0.495230653637764,0.868656128009145,0.001167483979725,0.013482134505695
2330,1670411737.307318211,27.811790647139691,-45.959562663884263,32.575369650986239,-0.477015872671174,0.878729185820801,0.013051139405484,0.010979206104687
2331,1670411737.407732248,27.749390202135253,-46.103637815949220,32.530840721535121,-0.450785232580603,0.892549822796933,0.012017456827618,-0.001751754495219
2332,1670411737.509109974,27.680333493643825,-46.249524126858688,32.523411125977127,-0.438361316567573,0.898718954174589,0.000660302337352,-0.011965013384912
2333,1670411737.609754801,27.605656231282847,-46.398086880836068,32.548517924432225,-0.419494124223975,0.907712589921273,0.004786500436621,-0.007721609517748
2334,1670411737.708753824,27.532964361224153,-46.537675053494688,32.561774752218653,-0.393143344095920,0.919405857507703,0.005518975344245,-0.010035989475524
2335,1670411737.808459282,27.461722329514217,-46.671449576520438,32.522832864567405,-0.403126912800799,0.915033812676911,-0.003396559479937,-0.013794100817109
2336,1670411737.906626701,27.389251675513734,-46.806124761471438,32.478530262147167,-0.441805706624638,0.896642009474805,-0.018134356727253,-0.022626744020650
2337,1670411738.006548882,27.309952679395153,-46.961957271797246,32.484910510861013,-0.459933225777811,0.887470946791579,-0.016443322770802,-0.024214945028468
2338,1670411738.106359720,27.234131235705902,-47.123072332569762,32.513148726098578,-0.473513935529017,0.880647101278653,-0.011986965818218,-0.010077128549384
2339,1670411738.208378792,27.164646000292777,-47.283291744566824,32.506218484738540,-0.482976082515256,0.875628482722334,0.000836667084193,-0.002857262989184
2340,1670411738.309718609,27.100835133473957,-47.434265004372904,32.453484533097949,-0.459850091538088,0.887914894616476,0.008943728762380,-0.008064920734204
2341,1670411738.409692287,27.038767828620120,-47.577673220539182,32.416483847743443,-0.440741556818548,0.897346525887825,0.003993672148130,-0.022363880543997
2342,1670411738.509087563,26.968325261078739,-47.723913008839475,32.424480138948603,-0.427566672880191,0.903725838353769,0.001741104448213,-0.021524820306851
2343,1670411738.609030247,26.893875662020999,-47.870049818299222,32.452811511596664,-0.412272854050888,0.910920299578003,0.004156661140865,-0.015428019886440
2344,1670411738.707564116,26.820611976870552,-48.009126015956710,32.441733676179503,-0.407872622513391,0.912967432003104,0.000581110170581,-0.011404131561729
2345,1670411738.806144714,26.748748103899946,-48.146003821982163,32.389953253333076,-0.432203743588990,0.901661909633746,-0.007478016360491,-0.012239445028286
2346,1670411738.906497717,26.673313223066966,-48.291201431980738,32.360596462754835,-0.448967383550223,0.893213382250871,-0.015444291042263,-0.018963547933552
2347,1670411739.006830931,26.597179817902632,-48.448722084148450,32.376768112785300,-0.458263098601202,0.888671282201767,-0.013747063393441,-0.008324836235597
2348,1670411739.105496168,26.530528255084551,-48.600907881974926,32.396162110761338,-0.476401624500925,0.879119038785851,-0.010895000948612,0.008515090807011
2349,1670411739.206522465,26.473022113631647,-48.747494259208409,32.378447455246096,-0.473730640212826,0.880576947644363,-0.006284638919897,0.011136566550333
2350,1670411739.307785273,26.424176054116533,-48.883552272039616,32.335454039544530,-0.453438557730524,0.891215090295359,-0.011192158308035,0.001967939405797
2351,1670411739.408078194,26.374124520800930,-49.014012278274663,32.329862543304074,-0.439844782909695,0.897591481652124,-0.027999684541469,-0.009061825326414
2352,1670411739.508273840,26.316769488410770,-49.147950849602957,32.354853234060108,-0.432959818734824,0.900972820134723,-0.027964421743836,-0.003429847828347
2353,1670411739.608949423,26.257426215696920,-49.278992655562682,32.373775171449815,-0.417137880541051,0.908432107589522,-0.027331694079802,0.000270216407745
2354,1670411739.707803249,26.204139327317574,-49.402873873868415,32.347499524726629,-0.426180477169814,0.904030449784177,-0.033150880766181,-0.000407242870278
2355,1670411739.807025671,26.156769227185308,-49.524303547387895,32.317636604336840,-0.443686107465374,0.895104223119053,-0.042479747308471,-0.011248949518544
2356,1670411739.908130884,26.106672476028102,-49.650136399936883,32.327351772416790,-0.450368908017431,0.891332071580968,-0.044965673891239,-0.025943651128436
2357,1670411740.007467270,26.055557534155621,-49.775461856462954,32.348340400983830,-0.469885400945532,0.881546706161182,-0.038415660416340,-0.024644509924191
2358,1670411740.107554674,26.003900342299247,-49.897663693579105,32.353470641476925,-0.473914309781862,0.879657815741364,-0.035767501438349,-0.018111875385303
2359,1670411740.209306717,25.951699026277382,-50.014490898687832,32.327111679208635,-0.456558074969360,0.888842354181557,-0.032716934203158,-0.021061714308350
2360,1670411740.310602427,25.897191547447797,-50.125029834290466,32.296642810907464,-0.440878667898489,0.896307182498644,-0.040661280205562,-0.024618998465424
2361,1670411740.410602093,25.834674234359497,-50.237051006216035,32.293987137806518,-0.417360584424593,0.907578827938989,-0.042683457562939,-0.016998120370372
2362,1670411740.510346413,25.764935164511545,-50.349847681398671,32.301441693813992,-0.398206128546853,0.916599489285485,-0.035629384121818,-0.002793280582879
2363,1670411740.609688282,25.692114016504771,-50.458207076515386,32.284958847883907,-0.385862016241221,0.921919749915465,-0.032012406252260,0.012234581480605
2364,1670411740.707894802,25.626091187175376,-50.563039638040621,32.236122089861091,-0.397626898914974,0.916699200120153,-0.031312590701652,0.023978061261975
2365,1670411740.807910204,25.566191697546646,-50.661406926955877,32.173605646138782,-0.397354582028478,0.916963288542039,-0.030958229415182,0.018145292464410
2366,1670411740.908254862,25.508753289173388,-50.749443068899808,32.116495236234769,-0.406154689679781,0.912843431017907,-0.041827294505471,-0.002390801733484
2367,1670411741.007915258,25.439538771448916,-50.843320719047838,32.099818112851707,-0.425566147200132,0.903508524219379,-0.050649899185988,-0.000623484246267
2368,1670411741.108730793,25.369803134664480,-50.944275127501292,32.099118284493592,-0.441442484031798,0.895818050893792,-0.051084290657366,0.005380356188691
2369,1670411741.210250378,25.306140742736261,-51.044889574159214,32.076238958503296,-0.407558849309536,0.912218758413761,-0.041775547979313,0.002743125693886
2370,1670411741.311573744,25.247058263363360,-51.139468317301585,32.029754841527208,-0.391268637377346,0.919147860053315,-0.044807265701573,-0.008268839376557
2371,1670411741.410377026,25.183135196364915,-51.231083766595475,32.007473489903191,-0.382049471557662,0.922992320315687,-0.045077690564543,-0.009559274770732
2372,1670411741.510034323,25.110827081929902,-51.324921911764726,32.016247724907956,-0.362022288495697,0.931306283688004,-0.039230262068995,-0.008333974656579
2373,1670411741.609720945,25.035122590127003,-51.416710348571328,32.018957459528494,-0.354111753227994,0.934393948866478,-0.038769234773387,-0.003124257126411
2374,1670411741.708558083,24.966117755105142,-51.507132522034965,31.986706815567754,-0.370606308663982,0.927830893256145,-0.041853759645488,-0.005390760753325
2375,1670411741.809505224,24.902912019916474,-51.603908278833316,31.953355988364915,-0.375854658567796,0.925826923914485,-0.037583189274485,-0.012856378645878
2376,1670411741.909341335,24.842027576568206,-51.704163629586084,31.957105585291650,-0.379069535264683,0.924836637136172,-0.027732236025159,-0.014642579346497
2377,1670411742.009581089,24.778976813516728,-51.804546280566946,31.959009274863764,-0.395805199218661,0.918137293196406,-0.017379727003624,-0.007752432052760
2378,1670411742.110522747,24.713633233202874,-51.903771743634010,31.938348524979428,-0.399503521508254,0.916616564078532,-0.013749535230133,0.004686260804343
2379,1670411742.212889671,24.655098284333292,-51.996954557582555,31.878283251278148,-0.399740527158311,0.916507207163534,-0.013162192746411,0.006986189705513
2380,1670411742.312777996,24.605613778521221,-52.085789556336728,31.803263477423837,-0.396052730493877,0.917974740743586,-0.021435643656121,-0.002263450052111
2381,1670411742.411036253,24.552657264668007,-52.186429479480111,31.760249735422850,-0.413653865087237,0.909700071036487,-0.034695751264726,-0.011509365698318
2382,1670411742.511664152,24.484188413806251,-52.301020889499689,31.768151764588374,-0.393058630812520,0.919101733375656,-0.026320610310270,-0.008008865247080
2383,1670411742.611700535,24.406385707756346,-52.411024615642965,31.773273542413815,-0.375802960976725,0.926619599430767,-0.012123683202264,0.001126400240927
2384,1670411742.709643126,24.327115363249789,-52.510858470389373,31.752991412406981,-0.378344186397133,0.925525147339754,-0.014308608092564,0.007358124467053
2385,1670411742.808994770,24.254320308754902,-52.605297488696259,31.714786486098046,-0.394470354512490,0.918633917906653,-0.022281353157143,0.002899238477725
2386,1670411742.908603191,24.190588894293025,-52.704317831388359,31.697103512410564,-0.409643029515836,0.911916763807837,-0.023134255883404,-0.008075299378337
2387,1670411743.008637190,24.132938241553010,-52.813620443049025,31.710654523319388,-0.428963581484733,0.903117909372831,-0.017612124069417,-0.007622375981321
2388,1670411743.109123707,24.079548091094040,-52.925069366968181,31.716837914207886,-0.440576487749254,0.897637567085657,-0.011184675211211,-0.003749618579888
2389,1670411743.210855484,24.026050751150407,-53.035483019959571,31.690672104457452,-0.440426651291467,0.897774334163901,-0.004408605078314,-0.002484743449923
2390,1670411743.311179161,23.968111278593870,-53.141794547024887,31.656033296448719,-0.428856732144356,0.903364909445768,-0.003354539194683,-0.001578208887937
2391,1670411743.412641048,23.904798034454359,-53.243201305723538,31.641893992163237,-0.396703634386287,0.917877480571377,-0.010999545769595,-0.002483368179644
2392,1670411743.512442827,23.836087395333198,-53.338256478102466,31.648982544825966,-0.362315302116952,0.931984834147771,-0.009638712455390,0.006243876412642
2393,1670411743.612386227,23.764775835147230,-53.429006563428537,31.659145418350143,-0.325729916462505,0.945255023197144,-0.010989190770549,0.016498494722384
2394,1670411743.710834980,23.704104148122550,-53.518436603835994,31.635324408132835,-0.317332875770930,0.947993040705294,-0.014819234340451,0.019734006761045
2395,1670411743.811045170,23.659399380157097,-53.612259551136702,31.585818218946486,-0.316309931878320,0.948357551464086,-0.020125213958835,0.012686896361477
2396,1670411743.909846783,23.625682259853342,-53.704709413324395,31.537935027162959,-0.315712644992753,0.948414880015729,-0.026904959337680,-0.010529212670871
2397,1670411744.009686232,23.584553289726749,-53.806469064988271,31.505912342415101,-0.333294338229620,0.941870628555227,-0.036620338120165,-0.021296807390461
2398,1670411744.110256433,23.533799654537418,-53.925068086917626,31.511904303795440,-0.369403156711618,0.928445104145659,-0.036696702247563,-0.013577497692966
2399,1670411744.211525679,23.479116814787652,-54.051865652562014,31.504437533675269,-0.369763387551964,0.928611277806107,-0.030672564615571,-0.003914809996429
2400,1670411744.311482191,23.425586124047935,-54.176962784115730,31.458094463270506,-0.361881374902103,0.931655786403840,-0.032544333487007,0.000482200262409
2401,1670411744.414125443,23.365957298106924,-54.308908375359728,31.421569080837820,-0.351405117340834,0.935412633590937,-0.038731902872360,0.004181880561255
2402,1670411744.513503313,23.303579974733221,-54.446840822646813,31.430575665738392,-0.356965548436154,0.933103869503037,-0.039590608837223,0.018037451040357
2403,1670411744.613060236,23.245147721642944,-54.583151996940970,31.451260125068679,-0.351585379847649,0.935335678763557,-0.028337667109627,0.027053009667758
2404,1670411744.711803198,23.193624308037521,-54.710439858321521,31.441207573484967,-0.358425536792193,0.932970468647680,-0.020229411716397,0.026229946781572
2405,1670411744.810971498,23.143635062658284,-54.830375359637429,31.396275903535297,-0.377754104869026,0.925489158010710,-0.019991306583109,0.019287361673599
2406,1670411744.910508871,23.084537501948997,-54.950591577584071,31.357730295100559,-0.395000127882697,0.918339843011715,-0.024792645701867,0.003486607086089
2407,1670411745.010549784,23.011726123687410,-55.087691892587287,31.356559804105682,-0.416139318276195,0.908898234710760,-0.026925717132310,-0.002659413694466
2408,1670411745.112021685,22.938729433607453,-55.232378030014246,31.376141941500620,-0.422550653633888,0.906276983653660,-0.008841636587070,0.005899108039405
2409,1670411745.211419582,22.875180263221974,-55.361180914587713,31.386963041275891,-0.418234330908788,0.908191105156278,0.009124038899987,0.013627651244733
2410,1670411745.312843561,22.815194027073183,-55.473767205214479,31.370889793420023,-0.395118890981456,0.918353047707956,0.019405244992944,0.011496878787620
2411,1670411745.413008213,22.762351418275948,-55.566646955588965,31.326239428720612,-0.375194639893591,0.926832438196800,0.013354544165387,-0.005680655897832
2412,1670411745.512426615,22.715489680249672,-55.651822462730792,31.278302678580111,-0.353867180869755,0.934613269961344,-0.003764458192555,-0.035522989316402
2413,1670411745.611221313,22.659529343844941,-55.746794297566680,31.246953170681145,-0.333813099909716,0.940323130773803,-0.025543377809035,-0.060899588754978
2414,1670411745.711566448,22.588517508050618,-55.858369873493409,31.258706786631823,-0.327143243972913,0.942981813490215,-0.029066797744897,-0.054015910789705
2415,1670411745.811578512,22.510424178912640,-55.978457511543546,31.267476490364594,-0.326643337087270,0.943647179044806,-0.025566869406235,-0.046695470937091
2416,1670411745.901955128,22.437683546640454,-56.091286436114551,31.238538302947415,-0.342187281342508,0.938142388643287,-0.030696617583378,-0.043063218493639
2417,1670411746.002644539,22.356016368266353,-56.219035203030927,31.188099707680824,-0.371615275343181,0.927117118105937,-0.026355225582283,-0.040759520741314
2418,1670411746.103147745,22.270780424648141,-56.347398503574055,31.173097840642786,-0.378593381160783,0.923881816617420,-0.027075607500331,-0.048747842448976
2419,1670411746.203548193,22.176243352798195,-56.481423806616526,31.179929626361908,-0.375485462156726,0.925923697017165,-0.013870876252084,-0.038517188410033
2420,1670411746.305223465,22.076208013781997,-56.614590081302651,31.186558761524878,-0.362323823179806,0.931655329915627,0.002548774725433,-0.027079459809438
2421,1670411746.406383276,21.974136417208463,-56.736483593523751,31.151507118333562,-0.316305368351278,0.948330401114126,0.014084420803801,-0.020542477102445
2422,1670411746.504717350,21.876443223734313,-56.842834597111406,31.104225897129727,-0.282269445242693,0.958919732955055,0.015099115889737,-0.023852101189116
2423,1670411746.604447842,21.778778631054376,-56.945770542654429,31.089947675859598,-0.256313980187753,0.966109152953121,-0.002333070678904,-0.030509095721155
2424,1670411746.704078674,21.676518180152808,-57.054288339530054,31.099238472685489,-0.242716570695114,0.969832591855083,0.000323576176037,-0.022656243821816
2425,1670411746.803180695,21.569053055356338,-57.160961034082561,31.114333483504229,-0.223436623251457,0.974646466611791,0.001979030343936,-0.011680066354028
2426,1670411746.902888775,21.457648934114044,-57.265562206288095,31.095157307135942,-0.231707067202325,0.972779965865279,-0.003224038779337,-0.000760653398512
2427,1670411747.002027750,21.350709842224877,-57.364107397358467,31.040536270439816,-0.254649212961413,0.966952759373360,-0.012495377553629,0.000070839041883
2428,1670411747.101811647,21.246884092559718,-57.454152570358033,30.993568541039085,-0.262617864871328,0.964388606848914,-0.027388910807480,-0.015372689914752
2429,1670411747.202416420,21.132209695920569,-57.545421826510626,30.979207548081117,-0.277221497653701,0.959746170294550,-0.036065239554296,-0.027107717341661
2430,1670411747.302344561,21.010263268583405,-57.643847236940076,31.004274317968637,-0.297764611805018,0.953628224365307,-0.040274835455687,-0.017532349514433
2431,1670411747.403233051,20.887898222646495,-57.745166047846340,31.012427329990171,-0.276131559954828,0.960633032706544,-0.028934298642087,-0.009916876122633
2432,1670411747.505026102,20.768867518383864,-57.842135230204455,30.976885932850454,-0.223174880076279,0.974519773240486,-0.020051305425052,-0.010105919898790
2433,1670411747.606535673,20.650477802891913,-57.929002239912641,30.945220391371315,-0.178119404270437,0.983517848331448,-0.023995876456382,-0.019756460941002
2434,1670411747.704530001,20.531638937809827,-58.005332232907854,30.944572904024806,-0.137874015495527,0.989636446182506,-0.029905910823816,-0.026759983860171
2435,1670411747.804026604,20.406219140282822,-58.079371052252689,30.971247580784482,-0.093154336454616,0.995124726670895,-0.021867146507632,-0.023893008841292
2436,1670411747.904123068,20.278793625596311,-58.149159134811327,30.975501633940819,-0.057002020051995,0.997842056797770,-0.021462179481081,-0.024522933093546
2437,1670411748.001583576,20.149898727333362,-58.212312122401748,30.939261574492942,-0.051569533893560,0.998077190321290,-0.021957969352399,-0.026464181761013
2438,1670411748.101232052,20.010772174521790,-58.268776776263152,30.911248044854386,-0.045909246307786,0.997845900338154,-0.033056400885974,-0.033214072954946
2439,1670411748.201367617,19.858888746951589,-58.322592563424834,30.910129044936529,-0.051814767715996,0.997566312508649,-0.037475756649595,-0.027789380309296
2440,1670411748.301762581,19.701901595025525,-58.378437638731015,30.927245720754435,-0.047237015979799,0.998058854155317,-0.038838542776249,-0.011779454932976
2441,1670411748.403345346,19.541845623588898,-58.435143560301910,30.917079968241605,-0.029888720281710,0.998888988655794,-0.035735027572879,0.007103558720253
2442,1670411748.505834818,19.386255352487041,-58.493783679913790,30.872290696872291,0.003540447376037,0.999393689567938,-0.033028896543626,0.010431226067587
2443,1670411748.606583595,19.239398963592205,-58.551723579618560,30.843641029657476,0.015163882639242,0.999341609699265,-0.032956940450761,-0.000493824979418
2444,1670411748.704955578,19.088273969274962,-58.603948778592468,30.854109459912213,0.025458323604890,0.999128944233922,-0.032967525030971,0.002523657379484
2445,1670411748.804963112,18.932435986285942,-58.651703858370588,30.884181947927022,0.035846024367516,0.999060750068060,-0.023182762897172,0.007432342493669
2446,1670411748.904231787,18.781327204171973,-58.692389532703622,30.873651931556445,0.043429502187404,0.998868753040736,-0.018170567931468,0.006702462207837
2447,1670411749.002598763,18.630280385733123,-58.727062551385615,30.831639815743831,0.019581550157933,0.999632035049810,-0.018676080020673,0.001887175309831
2448,1670411749.102641821,18.465111507041911,-58.756596559257716,30.821106632303444,-0.003667101385394,0.999805653333152,-0.017875789779908,-0.007460835760355
2449,1670411749.202566385,18.286891439680982,-58.788381725016052,30.846018540531773,-0.013790856179520,0.999831138077204,-0.011992554277415,0.001919963276050
2450,1670411749.302500248,18.116298725813781,-58.816863629241027,30.868324323567400,-0.019181238230896,0.999663931403018,-0.001896711453783,0.017335133038231
2451,1670411749.403562307,17.955981848701391,-58.842875261335088,30.857959969244998,-0.013866420591363,0.999638386680430,0.008518865049488,0.021406709069787
2452,1670411749.504811287,17.803170346002663,-58.860853153467509,30.821988657143383,0.026662052698683,0.999439754945209,0.017364970598643,0.010381183798623
2453,1670411749.604264736,17.645686227352456,-58.869541389859485,30.820457628290278,0.043081513979080,0.998938225517744,0.015874779440730,0.003794223298418
2454,1670411749.704403639,17.478829025490345,-58.871820153658902,30.848005201176377,0.055301200585541,0.998308575100233,0.012914362089569,0.012449311103834
2455,1670411749.804224491,17.322994364901128,-58.866805961256254,30.872124565681645,0.089614760411301,0.995654055051075,0.016348747074756,0.019362743758641
2456,1670411749.902814627,17.181379584452330,-58.857156909188483,30.855886349435824,0.105614350693161,0.994141687364931,0.015592137961386,0.016876006774784
2457,1670411750.001731396,17.044782816982966,-58.844497968830979,30.817882345548760,0.091747135294054,0.995750508230080,0.007024245004096,0.003748133801558
2458,1670411750.100365400,16.897838755743056,-58.835214035646651,30.825291084424791,0.080647998885167,0.996621736508914,0.000488697873746,-0.015516950994432
2459,1670411750.200301170,16.735360590242298,-58.832148618511368,30.855440322538630,0.080714634795609,0.996691141124379,0.002009472291251,-0.009374377585029
2460,1670411750.301100016,16.575624096362038,-58.832179574178383,30.871342947338281,0.070874618885458,0.997473430485042,0.004236198651876,0.002366113950067
2461,1670411750.402390003,16.422397406594737,-58.832395171689491,30.846343281366739,0.086396252346148,0.996214835144776,0.006988369626256,0.006546182702451
2462,1670411750.503042936,16.273178042523927,-58.833025327491733,30.816610251946567,0.115175091823872,0.993215184921218,0.015926461086483,0.002154646730742
2463,1670411750.603510380,16.117545769446835,-58.831851033751349,30.835059348074015,0.133313367187670,0.990971284162399,0.009996838256567,-0.010174641000226
2464,1670411750.704168797,15.951959396772555,-58.826043716186398,30.865728567973399,0.146946461923008,0.989124230003677,0.005638544260561,-0.002863872651777
2465,1670411750.802860022,15.789871631860400,-58.816977250262873,30.884894331281735,0.170444714617548,0.985310195520435,0.007928872543598,0.007039235939581
2466,1670411750.902774334,15.628638640783574,-58.805830669439459,30.867069307261232,0.177519334355133,0.984055332035845,0.005254879611134,0.009714713696591
2467,1670411751.001139879,15.470346137792871,-58.792221807300720,30.841650392142725,0.156191217957806,0.987712292216327,0.001908009668086,0.005009065455007
2468,1670411751.100567102,15.297339257236580,-58.771801894743305,30.862362654575502,0.145925626977560,0.989289091192124,0.001384407379454,0.003299826612838
2469,1670411751.200981617,15.120280125310487,-58.749221534917758,30.892370282647182,0.131141341534251,0.991193366014494,-0.006714096896626,0.017104987936757
2470,1670411751.301278353,14.960243676881777,-58.728216950356334,30.903165921675811,0.113364554241597,0.993096276657576,-0.012820366942275,0.027274554477189
2471,1670411751.402253628,14.812097442736993,-58.707741791295973,30.881741282496254,0.124085116180653,0.991839280841084,-0.012884686600208,0.026300375934378
2472,1670411751.503751278,14.667703396002429,-58.684013492854206,30.864416292936639,0.142973387115653,0.989608528924943,-0.011948243171076,0.009529404011449
2473,1670411751.604206324,14.519579599384624,-58.654020507472659,30.881851653185503,0.165641449145373,0.986012053332663,-0.016895342500265,-0.007595288640095
2474,1670411751.704291582,14.363389967063029,-58.614943669238087,30.907602512067857,0.200741350880511,0.979425095418461,-0.020404851030384,-0.003610341484489
2475,1670411751.804185152,14.210491446932579,-58.572683264026139,30.922131836692369,0.232520561798045,0.972410517577979,-0.018759753041602,0.000212863021791
2476,1670411751.903793573,14.061461649920782,-58.531201876541594,30.898394916812791,0.252566996285189,0.967400568813211,-0.018595157438023,-0.000521504754069
2477,1670411752.002556086,13.913080611018801,-58.486409009974096,30.873162872027301,0.243799369425562,0.969620088625166,-0.017328490932914,-0.009923437116835
2478,1670411752.102047443,13.753945913401637,-58.432523267926456,30.889672983503019,0.233462841111269,0.972004078011984,-0.019182523764910,-0.018308602631987
2479,1670411752.201750517,13.591329459043649,-58.377138264257418,30.919121644792749,0.224539078378286,0.974223889157036,-0.020717866110128,-0.006386399659601
2480,1670411752.301564693,13.439438299932014,-58.326260768888872,30.934421666856533,0.220419413204845,0.975115445109860,-0.023659034537584,0.002324021381247
2481,1670411752.402804375,13.294530038766814,-58.278520715694057,30.916268702236490,0.241784322349783,0.970138599399487,-0.018852494948790,0.004002855888453
2482,1670411752.503345966,13.155808048595583,-58.231201966441219,30.899396748767057,0.260806072194683,0.965206511984547,-0.017330053974706,-0.007500077215682
2483,1670411752.603681803,13.014490843340241,-58.178801494265741,30.916794625733349,0.280427370365616,0.959476484600292,-0.015676757959830,-0.022794839520388
2484,1670411752.703868389,12.868464232694460,-58.119651384721436,30.946606027125213,0.296989838690255,0.954662389144798,-0.012946312062348,-0.015784532652780
2485,1670411752.804257631,12.728195691831443,-58.058138858433807,30.962645595228757,0.323081431404566,0.946206608518554,-0.011912937298959,-0.013020161377799
2486,1670411752.902803183,12.595297526311283,-57.996714481725384,30.938557097510163,0.332132682692882,0.943000922018387,-0.012566398090924,-0.016710110673515
2487,1670411753.002077818,12.462624209712265,-57.931504000218517,30.925036498808282,0.322055461357010,0.946244509558178,-0.010634380036527,-0.028080560933968
2488,1670411753.101979017,12.325222143179289,-57.859963412819639,30.950048335375339,0.317668478884899,0.947417891978570,-0.009855237438326,-0.037268616514051
2489,1670411753.202098846,12.186991232979851,-57.787979629442646,30.978160118728642,0.313250036927605,0.949176589386256,-0.011711342410634,-0.028303020772873
2490,1670411753.302659750,12.055235109405709,-57.720485779080640,30.984253765860313,0.312846504070322,0.949362820329982,-0.014899887308003,-0.024805112865887
2491,1670411753.403723001,11.929272017842983,-57.654759296454721,30.959753226614865,0.343102472908745,0.938901632572628,-0.013588122870693,-0.023659677791748
2492,1670411753.503361464,11.808709502085366,-57.591355069666811,30.948999081455341,0.358867377915455,0.932437393591453,-0.019476372310816,-0.037354825954271
2493,1670411753.604058504,11.688484664693606,-57.528033378120909,30.967638168489039,0.386172673931103,0.920724328226927,-0.024167235863775,-0.050530406991053
2494,1670411753.703597784,11.566692611701798,-57.465032695561078,30.987963041225644,0.403250248811259,0.913710009338172,-0.022162263441583,-0.045078706148709
2495,1670411753.802668333,11.446917569285992,-57.402603497787922,30.997806721821288,0.425270517229043,0.904074263961920,-0.018692726182734,-0.038017027833762
2496,1670411753.901769400,11.327904123428338,-57.341169407600809,30.978248706663980,0.429017544020485,0.902435755459586,-0.014523411352519,-0.036643208284808
2497,1670411754.001340389,11.212497588893559,-57.278408130041925,30.958857744818090,0.427526614926881,0.902885793911155,-0.010478199726813,-0.043685741530524
2498,1670411754.100573063,11.104971315081897,-57.210789985715742,30.966368231100610,0.416761606609047,0.906901996522532,-0.008647592337883,-0.061349418145973
2499,1670411754.200918436,10.995588460433590,-57.133914329844416,30.987084730413141,0.399346996966301,0.914969975194902,-0.015308068629487,-0.055835325204328
2500,1670411754.301698685,10.890860183256164,-57.056764082737949,31.007283795777759,0.391742311693663,0.918764523659691,-0.019945561346385,-0.044854050830044
2501,1670411754.402436495,10.795078483932791,-56.978342897728325,31.007364185227036,0.423768982278520,0.904706653053687,-0.026712608193549,-0.034816061559588
2502,1670411754.503381729,10.710759601219802,-56.902035876893869,31.001144831620174,0.438983448391150,0.897344913491878,-0.032471911915727,-0.031799578698552
2503,1670411754.603669167,10.637492948361793,-56.836807328705653,31.009173102684457,0.463888523653795,0.884223673950013,-0.035076680725939,-0.041539842535754
2504,1670411754.703678608,10.570120907720165,-56.775370506213008,31.043243517767607,0.494279841429166,0.867302483678643,-0.035653941363262,-0.046932255719072
2505,1670411754.803229570,10.506621994523734,-56.719510917015221,31.080999307482465,0.515241420642602,0.855200081705201,-0.036673520924303,-0.042592858188040
2506,1670411754.903008938,10.446279630454558,-56.668467505122678,31.132657094229515,0.535466566106926,0.843394275099243,-0.023741790089020,-0.037389580297837
2507,1670411755.002226353,10.387415289507320,-56.621022302563738,31.168378003382241,0.554241125067662,0.831501472578088,-0.010026154311393,-0.036353165115666
2508,1670411755.101447105,10.329685100827920,-56.572874932499680,31.186174317293393,0.550369944149072,0.834155650023927,0.003324001416192,-0.035584085278288
2509,1670411755.200689554,10.280024055306798,-56.521371351357217,31.216078464533684,0.533759839791116,0.844610067591787,0.012945601844883,-0.039581290297720
2510,1670411755.300202847,10.238148585150675,-56.463889688264786,31.257171169688291,0.525005617697664,0.850354808125137,0.012804769419608,-0.033193968796551
2511,1670411755.400431633,10.201789016108075,-56.405305254106956,31.296609155768653,0.499139091467978,0.865907407473264,-0.001886333852880,-0.032572546662004
2512,1670411755.501174688,10.165732945551298,-56.344807092259771,31.316563836464166,0.482877860151097,0.875000044679621,-0.017556936513936,-0.029927378214682
2513,1670411755.602251768,10.127007689446115,-56.283608964406959,31.316966703062331,0.486290597123134,0.872799319373945,-0.031241361747329,-0.027690802916781
2514,1670411755.703535557,10.086064567845915,-56.227359997153002,31.323317316114707,0.502563188205648,0.862959467008553,-0.041205426496883,-0.032145186079688
2515,1670411755.803181410,10.039976201484860,-56.178258118822619,31.357576492762643,0.504716442560574,0.860643682761866,-0.053505386230505,-0.041121011361781
2516,1670411755.902418613,9.992152988580507,-56.136303036601646,31.398592838671142,0.511875752233704,0.856880264096947,-0.050090589796215,-0.035076489137220
2517,1670411756.002077818,9.945651830679232,-56.097193718204203,31.444807882327300,0.518312179711651,0.853220785317815,-0.046621934905793,-0.034542308114093
2518,1670411756.100893259,9.894441545271665,-56.057281440696357,31.475966119342413,0.522573494704439,0.851007506255049,-0.041243446141549,-0.031656675130547
2519,1670411756.200215816,9.833488545430509,-56.011285134698724,31.491726979366753,0.526484058765887,0.849253648291116,-0.032041461866645,-0.023582227440918
2520,1670411756.299586535,9.770927114042708,-55.959297029708516,31.512976518259837,0.507506153522857,0.861129569300189,-0.022327427521898,-0.019870958546584
2521,1670411756.399829388,9.716661861438881,-55.899667863459506,31.551070879961888,0.501890319687556,0.864733226128076,-0.015298311152805,-0.010417116199989
2522,1670411756.499825001,9.672824098772004,-55.841995815310533,31.592496272136675,0.479468034916460,0.876968165692854,-0.030796035810181,-0.009425711274890
2523,1670411756.600615978,9.630873400642251,-55.786876701629673,31.632588329169398,0.460435311776816,0.886819681376445,-0.038238818842134,-0.009379185781595
2524,1670411756.702378273,9.586180571499181,-55.733580443214393,31.648781502607257,0.468754920304178,0.882298130391295,-0.041507743339356,-0.009794949796883
2525,1670411756.803339005,9.539552846827970,-55.680016972660589,31.664264753236530,0.495941292366217,0.867158333457760,-0.042872406864115,-0.015511801009686
2526,1670411756.904038429,9.488018723717113,-55.624500111760419,31.702726691166774,0.509416340756834,0.859363491013474,-0.042840589181615,-0.012412332642354
2527,1670411757.004828691,9.438614855404586,-55.572500533501611,31.750864249390730,0.532570256619487,0.845543988833588,-0.037734772198917,0.000609654603329
2528,1670411757.103273392,9.395011469353939,-55.526288978936087,31.793767791528005,0.548728557615518,0.835493529389544,-0.027705874295369,0.008939627225221
2529,1670411757.202633858,9.350843713178456,-55.479206518694539,31.814848889614677,0.559808570192602,0.828333189077006,-0.016918877985783,0.013865214752540
2530,1670411757.301978827,9.302753504482737,-55.426584923521304,31.832316372947595,0.556133819432965,0.830954799455807,-0.005815726338791,0.013981182761604
2531,1670411757.400773287,9.258273468759457,-55.368825525828917,31.866052243251051,0.546419920764350,0.837351628279549,0.004911208067221,0.015601309072975
2532,1670411757.501073122,9.218781292195528,-55.309830861394296,31.908688633458315,0.529163676590653,0.848317146699208,-0.000826802228442,0.018523995013283
2533,1670411757.601657391,9.181713418647997,-55.255894844291227,31.952947002926123,0.502053594286858,0.864565726180787,-0.012293473012794,0.017809101561279
2534,1670411757.701547623,9.143510641524102,-55.204536733515241,31.976031039542775,0.500041993846163,0.865668638153300,-0.013983306069427,0.019500780998027
2535,1670411757.802716017,9.101560700588580,-55.146351440113669,31.985469452562267,0.515179787952433,0.856701975430982,-0.016356177892901,0.019595581713135
2536,1670411757.903474331,9.057711041148982,-55.085239887392717,32.012813666943117,0.523822381307815,0.851440713462083,-0.021750821160130,0.013628135567603
2537,1670411758.002632380,9.013504820251914,-55.029179100292652,32.056112707336517,0.537329293902833,0.842758993776813,-0.024193389160037,0.021194061506193
2538,1670411758.102797985,8.975365402028531,-54.981279785152900,32.107699991287035,0.549920816260757,0.834572875940544,-0.018830732434390,0.026844256432554
2539,1670411758.202475548,8.939250398024846,-54.937899337807409,32.145052347067768,0.554961907782098,0.831349819996663,-0.013843506913996,0.026136469132096
2540,1670411758.301074505,8.896873010641990,-54.891281086335219,32.155578962908315,0.554576658221773,0.831638425623983,-0.007093540321034,0.027783823835968
2541,1670411758.400243998,8.846085390983355,-54.836475567487426,32.167704075878348,0.538051521021527,0.842382855706304,0.003644530042274,0.029637856523108
2542,1670411758.500197649,8.793990682396631,-54.769586126248619,32.202419172984293,0.523074935383934,0.851537336796597,0.003264815373525,0.035582537782319
2543,1670411758.599178553,8.746278783995812,-54.702540308422329,32.241633890225025,0.492108101436603,0.869405331180805,-0.011230114206138,0.042870399459001
2544,1670411758.699508190,8.701322400372945,-54.639398562807173,32.278153913790483,0.461986000657065,0.885210487335773,-0.026565570327392,0.047598306491244
2545,1670411758.801011562,8.656867269663969,-54.574874396241150,32.292369709046817,0.458534057220815,0.886541508557438,-0.033728017593979,0.051508181898609
2546,1670411758.902420998,8.614020652289245,-54.503684923406013,32.301082023263177,0.477935541962293,0.876022008591059,-0.038088386399941,0.052080063505581
2547,1670411759.003197432,8.571538967760850,-54.432327158815852,32.332151755190360,0.496583532092059,0.865226368394987,-0.042751966219370,0.054409525575730
2548,1670411759.105005264,8.533858413003639,-54.365989670455583,32.378194615287796,0.525926728081135,0.846871089329988,-0.037099777829777,0.069527269699685
2549,1670411759.204163313,8.504423492387696,-54.308110457614120,32.424498024931708,0.559457460684146,0.824454735680562,-0.030201507128123,0.079809820610829
2550,1670411759.303587914,8.473702951838071,-54.251759148234115,32.449074362069695,0.581874901011643,0.808667079908743,-0.017035658774877,0.084787615691576
2551,1670411759.403049469,8.435577866306343,-54.192594796335996,32.469723205157521,0.577852446820068,0.811467427340285,-0.008799271473107,0.086774056556908
2552,1670411759.500647068,8.402098973929904,-54.136975022863460,32.504346190846348,0.563712105163258,0.821700401329989,-0.000894084698408,0.083882736955197
2553,1670411759.600129604,8.376464435807032,-54.085322157260933,32.553060489236458,0.542081977206173,0.836333757881247,-0.007963572764882,0.081422091138069
2554,1670411759.700290442,8.355636939126693,-54.041724844894489,32.602989542259515,0.511399060586300,0.856236924934808,-0.020213865226642,0.070147907041003
2555,1670411759.800595284,8.335886454235274,-53.998580326214260,32.632031998126187,0.503612904179377,0.861767290121805,-0.022869930591444,0.056640504013262
2556,1670411759.901943922,8.313746477107903,-53.941690733143233,32.643677257824969,0.511649925049148,0.857410049064860,-0.027821410832680,0.047836503416070
2557,1670411760.003180504,8.289485678465432,-53.875820842905959,32.669725017552835,0.526620282434146,0.848527937034305,-0.039225131379193,0.033657202343213
2558,1670411760.103720903,8.260804547832590,-53.810461195706957,32.717760590212450,0.546496374121490,0.835347936797786,-0.049618044897076,0.032765640240010
2559,1670411760.203136683,8.229614010806243,-53.754344296640582,32.771075656451139,0.568458594531913,0.820241480699297,-0.047441428848106,0.042521176746159
2560,1670411760.303599596,8.196332512366613,-53.704579199709741,32.813508915246949,0.593677839380334,0.802298615165243,-0.037865023210521,0.049292952334987
2561,1670411760.402324200,8.158875442152096,-53.653644714994279,32.830945214189889,0.610794942816573,0.789351109986736,-0.028484981046233,0.055163111290086
2562,1670411760.501157522,8.117767104420770,-53.595872722772576,32.846457896409014,0.602093967345826,0.796125626184520,-0.018932410260859,0.057518741813292
2563,1670411760.600816488,8.085966209032550,-53.532278514024249,32.883859598612332,0.591857513824942,0.803884884201541,-0.019658642436567,0.055563603723893
2564,1670411760.699948549,8.067977187918670,-53.473753600219688,32.927499085608723,0.571497791734604,0.818425509163384,-0.033200765420571,0.049675639589386
2565,1670411760.800196171,8.054891479987772,-53.423504202003578,32.973841712562347,0.545617194516001,0.835826656172450,-0.048243202311747,0.036990151537647
2566,1670411760.901320219,8.039790182439486,-53.372708906405158,33.001620906885940,0.545550261528935,0.835924602191948,-0.054526443039405,0.025136400009039
2567,1670411761.001952410,8.020470980885115,-53.312903855229479,33.019830601109746,0.559303592762472,0.826554888241800,-0.060840405878651,0.016880546765345
2568,1670411761.102759838,7.997870118784944,-53.251587273336590,33.058302797654761,0.574845694739012,0.815465100844927,-0.067549663307180,0.002477807716963
2569,1670411761.203610897,7.969541778514706,-53.192872815314061,33.108043054903334,0.592434815042763,0.802563739513958,-0.069783589828371,0.006533340132388
2570,1670411761.303172112,7.937505462099480,-53.139367906442580,33.155079032151086,0.618609210133618,0.783204878296693,-0.059926398266833,0.017932945683558
2571,1670411761.402961731,7.899240029572711,-53.086732433457350,33.182391731991395,0.640140950087568,0.766468727486217,-0.044215976292665,0.028110518442953
2572,1670411761.502871275,7.860209572042770,-53.031074335040167,33.190499072397479,0.650048636033848,0.758568205581781,-0.025616040969243,0.036808514178534
2573,1670411761.600100279,7.826842206762048,-52.972626931649472,33.212083610149868,0.627118922380195,0.778132137678133,-0.012927732414693,0.032635980754018
2574,1670411761.699368715,7.800825694374681,-52.907572349990836,33.255609827727348,0.612779434737659,0.789410372386460,-0.012783647247516,0.034193664534771
2575,1670411761.799507618,7.779045366005903,-52.845229319091452,33.302810678820052,0.584129212407428,0.810630350282977,-0.025638993940774,0.031845571153323
2576,1670411761.900150061,7.755308696284945,-52.785768420093682,33.336273920145118,0.565274851558079,0.823564815200595,-0.033810399885810,0.032591321224570
2577,1670411762.001051664,7.730215054601042,-52.724020918682498,33.347463501176655,0.569723233288582,0.820384647728393,-0.034546884062371,0.034510578441191
2578,1670411762.103491783,7.707085273901153,-52.656490114589047,33.364613192711339,0.585645437553431,0.809101783620236,-0.036392140864359,0.032393476175165
2579,1670411762.204074860,7.684605995291028,-52.589702007406537,33.410042377893404,0.596470245833289,0.801152568173359,-0.039577980787227,0.028484939557818
2580,1670411762.303097248,7.662669968918001,-52.534473849440239,33.459745909701816,0.610801584759336,0.790189244904340,-0.038528505167698,0.032217007659566
2581,1670411762.403782845,7.640298730723726,-52.486671782686429,33.511243542794801,0.628860833713702,0.776301417833055,-0.029442582713533,0.031988979578183
2582,1670411762.502665520,7.610018944930783,-52.435535592708213,33.540739635727881,0.643260579368209,0.764742924004032,-0.014893892034522,0.034091922748715
2583,1670411762.601017475,7.570535158264343,-52.375763757681526,33.557923593397952,0.629610190886431,0.776031574245517,0.000321359425476,0.036958084827226
2584,1670411762.701244116,7.533438709733607,-52.307359673902099,33.587042439606954,0.612254950611769,0.789523809066878,0.007026981236854,0.041792964750121
2585,1670411762.800353289,7.507044561916992,-52.238211955070824,33.624556626378897,0.592089703402193,0.804453353377632,-0.002325858997956,0.047740713699186
2586,1670411762.899874926,7.483458575747525,-52.174874236344650,33.660841410295355,0.558801415201544,0.827690023569036,-0.020323746864298,0.047509457652529
2587,1670411763.001091242,7.455667853417096,-52.113863413715023,33.680602785475031,0.544725695228752,0.836885616954311,-0.029021325553347,0.045322662716149
2588,1670411763.102535486,7.422961187710778,-52.046249188095899,33.692558409474501,0.557978160351204,0.828148798314183,-0.028603287856345,0.044853008212023
2589,1670411763.202612638,7.390186022200580,-51.979382367489457,33.720996980770451,0.577198050443111,0.815160745526507,-0.030132283095024,0.038044908106374
2590,1670411763.303397655,7.359707182262607,-51.921972422438124,33.764865187688727,0.594286355826781,0.802549451471594,-0.029910257855760,0.042935785724380
2591,1670411763.403438330,7.334503015655463,-51.878242896411365,33.820881371021535,0.611058662401054,0.790245169876013,-0.018729434707777,0.042060561905351
2592,1670411763.501983166,7.308609158083739,-51.838915845118883,33.858920193062204,0.623869877970641,0.780694057516692,-0.005905754193919,0.035613003052580
2593,1670411763.601612568,7.270910469677475,-51.789473224429564,33.874181640998103,0.625035718666684,0.779872079819617,0.005953123297217,0.033082470156491
2594,1670411763.700461626,7.220127614257269,-51.731343065364790,33.887999628924881,0.609622644708160,0.791661304058823,0.020767754970823,0.034659934627511
2595,1670411763.799912214,7.168526734015876,-51.665296867826065,33.916727886986628,0.599527077562704,0.798744395955500,0.027075946569804,0.042913474762076
2596,1670411763.900136232,7.126886587796389,-51.599300108456930,33.955496956684001,0.573224800732703,0.817718486933098,0.017457314995780,0.049447407474373
2597,1670411764.000557899,7.093121160002038,-51.537892787606410,33.996625489093496,0.544671403716416,0.837463138213436,0.002884709812471,0.044499804006210
2598,1670411764.101071358,7.058204176729520,-51.475718217829559,34.020087123039175,0.532438715254760,0.845567950582354,-0.008296968618160,0.038144668796146
2599,1670411764.202800751,7.018268033022609,-51.408508987768528,34.041207020681661,0.544864983235983,0.837887373754723,-0.014883821019489,0.029075261263205
2600,1670411764.303363800,6.976356474171237,-51.343353284055596,34.076279900415848,0.553460214313821,0.832156280894043,-0.021292220661901,0.027282900864424
2601,1670411764.403165102,6.934049080139828,-51.287437319400262,34.123063290494208,0.564388461102032,0.824438869721011,-0.020057423914868,0.036931217336042
2602,1670411764.503070116,6.895947864259035,-51.237899522147558,34.169747198471413,0.582678066306923,0.811544726065172,-0.008928483667072,0.042446564290142
2603,1670411764.603308439,6.860900381733271,-51.186134324245856,34.189643135916164,0.594664037024856,0.802595722404437,-0.000249034709364,0.047060890653648
2604,1670411764.700969934,6.823283935202733,-51.124361684614058,34.198350069916287,0.586624354853951,0.808493337809239,0.006177598362725,0.046607148472419
2605,1670411764.800299406,6.784620057164322,-51.051688991899809,34.222420774223835,0.568578234059098,0.821171429457020,0.008110062518699,0.048275274040591
2606,1670411764.900227070,6.751367529698403,-50.974656840762506,34.262100199902704,0.550193643984441,0.833365232465192,-0.007044633885960,0.052342301924643
2607,1670411764.999496698,6.718915276152748,-50.904996104675753,34.306403293056171,0.515703315869444,0.854700596536191,-0.026174687036376,0.053402865470760
2608,1670411765.100594044,6.683599705464213,-50.840265747143185,34.326593862767815,0.506532719419977,0.859805927043688,-0.034571449880303,0.054435161713002
2609,1670411765.201568842,6.643922358573849,-50.772055907769925,34.320440403783095,0.510202846762171,0.857128635765659,-0.038679783074114,0.059392182041215
2610,1670411765.301925421,6.596592904472995,-50.694829875624343,34.320186707686744,0.520440952049917,0.850865826026594,-0.041551526781294,0.058668834585331
2611,1670411765.402385473,6.538052712954922,-50.603128924085745,34.347002707057769,0.540100390966154,0.837650833307679,-0.043634276666250,0.068765536695141
2612,1670411765.502285004,6.482283247245465,-50.513500837455638,34.381054648671196,0.558813103654308,0.823455807352734,-0.048053349839582,0.085669855202925
2613,1670411765.601228952,6.434935656034733,-50.440581130867749,34.424783639570109,0.554888946640593,0.825527174072361,-0.052740767212157,0.088439545668598
2614,1670411765.700917959,6.386677379031735,-50.386300524378541,34.453303940340085,0.551650765707161,0.828885318366550,-0.047037075854733,0.080112890261949
2615,1670411765.801597357,6.325024710512218,-50.337063701644112,34.452688604940874,0.555147514321158,0.828000274146293,-0.031899395638684,0.072174870381519
2616,1670411765.900194645,6.247063056400107,-50.277132247282225,34.440103581171947,0.549486300801710,0.832479576385773,-0.011000405132800,0.070153768385818
2617,1670411765.999940634,6.162050625848404,-50.196361050372175,34.455026300268969,0.535185170882718,0.842579978902870,0.004892647998347,0.060098868665230
2618,1670411766.100501299,6.079509797813639,-50.100879259258427,34.480387565534507,0.509518975773141,0.858384430967250,0.007893964781769,0.059196852282394
2619,1670411766.199509859,6.003927039494064,-50.007084773726135,34.497859501841937,0.484946319737499,0.872785204085751,-0.003460738188818,0.055327007810281
2620,1670411766.300246239,5.926705368229198,-49.917456562463045,34.491779754032216,0.458200074795406,0.887512163697215,-0.010406159894256,0.047608429749656
2621,1670411766.402010202,5.842802848879391,-49.827763752074219,34.472568961987633,0.464016849010004,0.885058738879464,-0.004444859018307,0.036601035452956
2622,1670411766.501780272,5.750256361910976,-49.737995851832217,34.472007617956052,0.468713234495107,0.883243998023604,-0.001941467233108,0.013571089469790
2623,1670411766.602587700,5.648921495757905,-49.637526231651741,34.486832409363288,0.483311381794618,0.875409667108762,-0.002174703323042,0.007955729115525
2624,1670411766.702919245,5.543521346655426,-49.533184348373503,34.508840761398261,0.485949190573056,0.873851425214684,-0.005082573374791,0.014534038652317
2625,1670411766.801110029,5.438927893491281,-49.432763908269948,34.502016246341292,0.488774665469893,0.872270159457554,-0.006659685054374,0.014133078562896
2626,1670411766.900508165,5.325545229682691,-49.333853883882327,34.471415521497690,0.469679713564054,0.882708872879219,-0.004790612195422,0.014249997946699
2627,1670411767.001321793,5.206745499639479,-49.230591499001939,34.466472859104286,0.462002263928701,0.886815149488139,0.006692224722394,0.008246992867088
2628,1670411767.099375963,5.090155655826115,-49.119134036405036,34.485504219190588,0.451124126990193,0.892306812268914,0.012735235337732,0.010648408647206
2629,1670411767.199962139,4.976909778004973,-49.005725350054142,34.502121407825790,0.432621913309584,0.901163523717927,0.011676086939491,0.024622198082720
2630,1670411767.300882339,4.870227368511051,-48.897455929076322,34.497486671607014,0.427798316560684,0.903158979859415,0.015098437889835,0.032626593760807
2631,1670411767.401154995,4.768281362892659,-48.793194877017875,34.468582179394659,0.449361227575992,0.892562902033786,0.020948409993699,0.031098507732044
2632,1670411767.501766682,4.666493678836328,-48.688747762678027,34.455169832346527,0.456780400068224,0.888941996745346,0.027792404475963,0.019009860319185
2633,1670411767.602411509,4.564092950430631,-48.575541778357028,34.479849711189111,0.471536646868976,0.881343275418018,0.028257548461892,0.009419792456586
2634,1670411767.702272177,4.466409218971855,-48.460106634868794,34.507296208857895,0.483878995967488,0.874712241958256,0.024850685597633,0.011047825812523
2635,1670411767.801184416,4.374406070859952,-48.346253291113328,34.512158283313632,0.495873753035624,0.868129824998904,0.020509948831399,0.006258593825272
2636,1670411767.900683641,4.278523213352766,-48.231284499393084,34.490469080626312,0.494241073085485,0.869088010111654,0.020281129352677,-0.000684213164461
2637,1670411768.000110626,4.174402601510995,-48.112429698345501,34.475902631716806,0.485122132487946,0.873923542808426,0.029190209984979,-0.007879691399382
2638,1670411768.100966692,4.060527935705045,-47.986693954935788,34.502790186149447,0.483565271045101,0.874312860733930,0.041323103737498,-0.005835348475441
2639,1670411768.200634718,3.952787503113850,-47.865215427955704,34.543220982346028,0.488292125118272,0.871215244254711,0.050162993859584,-0.006202642399029
2640,1670411768.301762104,3.853399772372870,-47.745487549019558,34.569181332834070,0.464979544920247,0.883645811203021,0.053889495446688,-0.007747607993229
2641,1670411768.403028727,3.763251756198941,-47.625206988486639,34.571439468863140,0.454892210828547,0.888715874450318,0.053619314454781,-0.019548405175939
2642,1670411768.504895926,3.676914643088663,-47.503072050606995,34.560142375932656,0.477253637463446,0.876844127079425,0.046065683425812,-0.035373650430005
2643,1670411768.604182005,3.586741075325660,-47.381227871245194,34.556145595946234,0.479737962492880,0.876097454573085,0.037950602420546,-0.029402197361075
2644,1670411768.704279423,3.491310469481828,-47.253203413314701,34.559424104500117,0.465965173336826,0.884337242947938,0.028209171447536,-0.005323590767926
2645,1670411768.804980278,3.399749507542484,-47.121681290116818,34.555853623069211,0.495932989539307,0.868154921516665,0.018780035741852,0.002193716146862
2646,1670411768.903075695,3.310943443903354,-46.993089835091837,34.526372003795764,0.501586392750667,0.864994041600752,0.013591244569311,0.003417114810361
2647,1670411769.003334999,3.219655197509065,-46.861395407941188,34.503821523631174,0.495855920673331,0.868348436486606,0.009543903125000,-0.002610114482117
2648,1670411769.102296114,3.122521664223061,-46.723615362432945,34.521954817135715,0.493933727169892,0.869460440629315,0.006978135606240,0.004395562329964
2649,1670411769.201683760,3.024445484620161,-46.591184017471271,34.542363932427051,0.491281651666653,0.870861850287514,-0.002981845479380,0.015267123076432
2650,1670411769.302919865,2.927627657695258,-46.468824917111540,34.537843659105192,0.484980133665696,0.874227399133579,-0.004120497646416,0.022444287756301
2651,1670411769.403251886,2.836015792755833,-46.356768822455997,34.507863351274949,0.509961854083381,0.859943999597360,0.005523696579437,0.020117497668312
2652,1670411769.502687216,2.744901257576748,-46.245482713441419,34.502349763896738,0.530762145911243,0.847433144263725,0.010802674964044,0.005649131314564
2653,1670411769.603200674,2.651623130430545,-46.123136475685797,34.527992278904435,0.546943448358471,0.837089707515181,0.011557457135508,-0.000333248336501
2654,1670411769.703732967,2.561441241289991,-45.995550510382806,34.556204065605144,0.564775867541091,0.825073228102493,0.014564692072601,0.008381972116982
2655,1670411769.802780390,2.478371915908961,-45.865611998620189,34.550794846216078,0.583043144148442,0.812318582988789,0.009632047018667,0.010316756409581
2656,1670411769.902740955,2.395301526568936,-45.730473180319542,34.520483455082505,0.566816703674400,0.823779807128376,0.005032062045874,0.008962820693882
2657,1670411770.001825333,2.311243181496499,-45.594256035502497,34.517969844081357,0.553664334307574,0.832697912819295,0.008148843547555,0.001894003954289
2658,1670411770.101299763,2.219861647481263,-45.455140694573835,34.544981571886183,0.541903763727978,0.840378902707945,0.005600199150130,0.008499912371421
2659,1670411770.202133179,2.130123352299187,-45.322954122744903,34.564409449338918,0.530198677860269,0.847711058410860,-0.002121127365054,0.016456739101751
2660,1670411770.303959608,2.040537242103947,-45.199559597055014,34.552950499995106,0.512390031940542,0.858541309703890,-0.003237871281809,0.018782728488234
2661,1670411770.404847860,1.952917054234744,-45.083383323412995,34.523042603919286,0.526294455100124,0.850238625028450,0.000863414781964,0.010376972367155
2662,1670411770.505401850,1.865059465962646,-44.967234867716293,34.519071946331330,0.541962675428212,0.840331630132816,0.005947888302986,-0.009156007085693
2663,1670411770.605522871,1.778024438113610,-44.839913357710188,34.543844061052155,0.552007774413336,0.833642977841660,0.002377514444221,-0.017920655891797
2664,1670411770.703934431,1.696464448035980,-44.710311815798093,34.567569415718211,0.564724210557647,0.825099856538685,-0.003302075483259,-0.016908253824259
2665,1670411770.803888321,1.617883302177721,-44.578488284587735,34.559444637517458,0.583513401897834,0.811809481407977,-0.003559104145808,-0.021559417418099
2666,1670411770.903328180,1.540045893880475,-44.446905518532994,34.528405321082111,0.567291791573224,0.822949879250510,-0.004613367957273,-0.030203249681180
2667,1670411771.001623392,1.463892818543993,-44.315335755245620,34.529112211742245,0.551325460454580,0.833052001837675,0.001600444121327,-0.045409662709634
2668,1670411771.102246523,1.384319057837597,-44.177567493424895,34.557144127869158,0.552816907862986,0.831969643070325,0.005332293126850,-0.046813951342015
2669,1670411771.203564167,1.306584394502712,-44.044439650248137,34.579650689115347,0.547284159933012,0.835731271444215,0.002454972051202,-0.045025141075628
2670,1670411771.303119421,1.229237525580844,-43.918907777698628,34.567825086110382,0.546258038896632,0.836596833724905,0.007147465163018,-0.040703887824298
2671,1670411771.404694319,1.152182558242621,-43.793526495535751,34.534396376214040,0.580532030394046,0.812892922133384,0.015770489570784,-0.044033515538872
2672,1670411771.504976273,1.080696795409666,-43.666403691789043,34.533067787917730,0.591781488229464,0.803748723471069,0.016289820912613,-0.059306841445000
2673,1670411771.604575396,1.014287544953569,-43.528290087658569,34.554345229658388,0.600182849446722,0.797502409228857,0.010786830743827,-0.060449142150126
2674,1670411771.705004215,0.953152846148384,-43.382220936805538,34.574217601605675,0.628314943310027,0.776141496895618,0.002373880458790,-0.053094947984843
2675,1670411771.804149389,0.893894076616384,-43.235636061472995,34.555871086369365,0.635360764316138,0.770378930984602,-0.004387216381934,-0.053044831935387
2676,1670411771.902539730,0.831140213040471,-43.090516228313795,34.523480209053581,0.619042977385672,0.783551689285252,-0.006623909645868,-0.052807823177189
2677,1670411772.002525568,0.764593185212696,-42.944182344030786,34.529654268115841,0.606781863114444,0.792285207163878,0.001874388076381,-0.064003185655052
2678,1670411772.102263927,0.692795270646536,-42.788131231719568,34.550590440687699,0.596164272674392,0.800817351615895,0.003722905128122,-0.057147784864542
2679,1670411772.202666759,0.618256923989998,-42.628229072958156,34.570586741888746,0.586301163509590,0.808853273407938,-0.006321037998420,-0.044355070095626
2680,1670411772.303567171,0.538919915826351,-42.471322848470102,34.554870743274272,0.577320357174913,0.816019508980852,-0.003475475164607,-0.028307017265347
2681,1670411772.405205488,0.461497721852246,-42.319872648661097,34.524269546517786,0.607133018402233,0.794275184753248,-0.000281691531091,-0.022723325039886
2682,1670411772.504954815,0.387929072901618,-42.174235606710582,34.528717880345617,0.612127177439900,0.789986971247901,0.006591312055527,-0.034314115221242
2683,1670411772.604893923,0.316268863616502,-42.020902997601411,34.549961861638337,0.617508685064382,0.786138928379974,0.004935176212219,-0.025382143160076
2684,1670411772.705796003,0.250550036279469,-41.863615155679717,34.568240550316553,0.637797007631699,0.769984823836218,0.001691585175558,-0.018316294864217
2685,1670411772.804154396,0.189720399257627,-41.711522294287114,34.550375730705710,0.643680601586202,0.765123891653385,-0.000015721193092,-0.016146619325666
2686,1670411772.903445005,0.126887119910482,-41.560020464102728,34.521641239251998,0.631398863651154,0.775213256921801,0.002599011344582,-0.019316480340801
2687,1670411773.002943754,0.060060986203445,-41.406065658432837,34.532005308652927,0.620301655809849,0.783794455648763,0.010782819485925,-0.027853866836625
2688,1670411773.102481365,-0.012008290992452,-41.245977151279320,34.558340010978220,0.606085507149426,0.795075326342723,0.007561447188638,-0.021410464283813
2689,1670411773.202953577,-0.087330454193046,-41.087400145591573,34.570269671931591,0.584290149932382,0.811436093985947,-0.000882277925713,-0.013255476396057
2690,1670411773.304557562,-0.163919423398562,-40.932438031437478,34.542709626329852,0.592992642575263,0.805204758832541,-0.000039314673935,-0.002240682796052
2691,1670411773.404949903,-0.239065476838318,-40.785166226819918,34.517879861704024,0.607718403041689,0.794101910306030,0.006623400648657,-0.006052207582376
2692,1670411773.505399942,-0.313156019319558,-40.637038770869118,34.533349209260209,0.616083497528370,0.787495698650280,0.009067657221829,-0.014471567745920
2693,1670411773.606177092,-0.384496505450177,-40.483284865387922,34.560910838637447,0.628910107634185,0.777422852320835,0.005667101515135,-0.007325924195110
2694,1670411773.704421520,-0.451822673571130,-40.334962420334037,34.571256175106697,0.634838003021974,0.772641552053390,0.000457606301188,-0.002352138617094
2695,1670411773.803864002,-0.520615308114242,-40.187373180845057,34.542747599702217,0.622486570541772,0.782619582770548,-0.002478707345169,-0.003303659954349
2696,1670411773.904087543,-0.593844027331906,-40.036954607555153,34.519395471341412,0.604774964711889,0.796317413538838,-0.002679709653470,-0.010892112225005
2697,1670411774.002722740,-0.673481278390659,-39.878694006104645,34.537295421041591,0.585210319306139,0.810804320406677,-0.001640125593531,-0.011070057611041
2698,1670411774.103305340,-0.757048639158210,-39.720016426092428,34.560126548313782,0.574543908248044,0.818431712754138,-0.007609602974952,0.003304995605853
2699,1670411774.204180717,-0.838633196507430,-39.571890357752409,34.559409408149762,0.555661566230752,0.831290608857416,-0.009815464050285,0.009990200445075
2700,1670411774.303672314,-0.915688176736236,-39.432565259827335,34.528549624090616,0.560129775417078,0.828316289277108,-0.004494329176454,0.011249916207242
2701,1670411774.404411793,-0.994180000225637,-39.288584393348984,34.511593369008764,0.570057084111428,0.821587952834881,0.002822285328086,0.004493474879527
2702,1670411774.505638599,-1.073028267915494,-39.125239953090279,34.531094236198783,0.579063077953512,0.815198230670385,-0.005516754998609,0.010361557661134
2703,1670411774.604212284,-1.144331425105440,-38.963178554185085,34.547753429571358,0.584209185233460,0.811042420978436,-0.015037384672002,0.026147587355613
2704,1670411774.704701185,-1.207759558552340,-38.803775478462349,34.539080105330775,0.596321309557833,0.801732363825449,-0.021756742331375,0.033952271282113
2705,1670411774.805037260,-1.264782004975501,-38.657206945144054,34.504876016775562,0.584099485716886,0.810934082964332,-0.022698626776814,0.026428700583155
2706,1670411774.902949333,-1.316639723415243,-38.516353125460220,34.499142164542334,0.578666789601399,0.815387305260565,-0.014843052058365,0.008244564143544
2707,1670411775.003415108,-1.372215055590750,-38.362731314285632,34.516081854117409,0.580012604128083,0.814421135310877,-0.016066504083013,0.006742466763118
2708,1670411775.103943110,-1.427245564308903,-38.206349332301755,34.533107805727553,0.568279687985113,0.822296746310396,-0.028617144596634,0.008204649048793
2709,1670411775.203905582,-1.482231382267240,-38.053637945452166,34.520129043409788,0.572236991174281,0.819392253599618,-0.031241065555482,0.012851322721930
2710,1670411775.305123568,-1.541265616016222,-37.903830514188520,34.488721459269151,0.594039437617139,0.803923062726572,-0.026682614272540,0.010625152583602
2711,1670411775.405261517,-1.604107933404646,-37.756559170654683,34.488200570767042,0.613608771829344,0.789394450081407,-0.018456851812000,0.000148107889761
2712,1670411775.505437613,-1.669071382986995,-37.601222700259491,34.507513088195125,0.635500074488481,0.771734542870147,-0.020007063831262,0.012851772756795
2713,1670411775.604375601,-1.730478886220661,-37.446792774903365,34.524714517514418,0.644593152929653,0.763883807259047,-0.024190537306206,0.019900103227570
2714,1670411775.705147028,-1.792783739003615,-37.291684197544591,34.505453968367910,0.644269709403463,0.763925193274032,-0.029920395318587,0.020966892244416
2715,1670411775.804054260,-1.853900762825500,-37.137648104704212,34.478476143666057,0.636751817810887,0.770426378001887,-0.024259765272424,0.020044510030225
2716,1670411775.903112411,-1.926439759095423,-36.963962783911391,34.499958801633561,0.631572095642002,0.774318320902551,-0.027222971934779,0.028403093494574
2717,1670411776.004832745,-2.002296802945073,-36.791625159147507,34.523530304866988,0.623693964175194,0.779554097435319,-0.030923141202344,0.048425278124319
2718,1670411776.104691744,-2.072438829185653,-36.642956735228644,34.528212085328910,0.599176667530263,0.797936541889285,-0.035049697283801,0.055282139298438
2719,1670411776.203339338,-2.138234411708766,-36.511315663995198,34.506373653300145,0.598529108935211,0.798932933496152,-0.027834261234336,0.051906911235340
2720,1670411776.305889368,-2.206870620013597,-36.376088738640050,34.490151759241918,0.613664803410736,0.788647794539121,-0.012219889667576,0.036067152922777
2721,1670411776.405383348,-2.275400268066350,-36.224942396707746,34.509602468481191,0.625588015376409,0.779493164803050,-0.009271932290642,0.030725759784402
2722,1670411776.504686356,-2.343318575020688,-36.067708685081989,34.538966695787941,0.630834020480360,0.774653958396449,-0.016344388947926,0.041140543205165
2723,1670411776.605672359,-2.405075499270531,-35.914839805423632,34.542617349771916,0.644078093932211,0.763443553805028,-0.018093711961450,0.044609042330626
2724,1670411776.705515146,-2.463110802501241,-35.771424423044685,34.511374068636343,0.633357302403117,0.772674382186131,-0.018723187313433,0.038500244970044
2725,1670411776.803532124,-2.524805711135425,-35.629425786600891,34.498647128392541,0.617199342453133,0.786232867949480,-0.009761557599114,0.028417618207649
2726,1670411776.904156685,-2.597036232856667,-35.471190994701644,34.521291199948642,0.611131540952246,0.791066943084650,-0.003003611050460,0.026875816874985
2727,1670411777.004954100,-2.668339539715659,-35.317312985506085,34.549476349949934,0.596129116474524,0.801990851162480,-0.005635073282403,0.037536610023893
2728,1670411777.103488445,-2.733436759084209,-35.180955379613678,34.549129013169669,0.590478095175430,0.806122412570678,-0.000595713970643,0.038754615132784
2729,1670411777.204900503,-2.797791337691531,-35.051017073778652,34.516872339889531,0.611290954930066,0.790746786742523,0.012834913272773,0.029633640990320
2730,1670411777.305076361,-2.865123729665483,-34.923826351405722,34.509062648166775,0.614128682699338,0.788743579769130,0.025346033309727,0.009333008861894
2731,1670411777.404790640,-2.932635605439068,-34.785244902283843,34.533722074844263,0.628499073243439,0.777334046300278,0.027099004583522,0.002517805623644
2732,1670411777.504265785,-2.999492578617825,-34.644140518838277,34.557620481225165,0.637824150928940,0.769542876374167,0.030205777116038,0.008469057938547
2733,1670411777.606064796,-3.061410347904967,-34.501431848091059,34.543697848531934,0.647947596336239,0.761062879160253,0.030153074159886,0.006164291127538
2734,1670411777.703515768,-3.116565586674396,-34.364766501227479,34.508073253968909,0.630923369180279,0.775431145943249,0.025096913454137,-0.003519241171098
2735,1670411777.803335190,-3.171959509667159,-34.221069050213252,34.508754424714333,0.615493519739549,0.787311737584527,0.030422765325941,-0.019555315650166
2736,1670411777.904010773,-3.231866743873479,-34.063805193190689,34.535077825562837,0.601295371138960,0.798358276400984,0.024106821266647,-0.022063551784089
2737,1670411778.003149033,-3.293862177249833,-33.907239221402357,34.554838887095634,0.585459216943174,0.810449664184691,0.008236483567245,-0.018466387238832
2738,1670411778.103407860,-3.360520339788601,-33.752811308933580,34.539453894455967,0.571263814327366,0.820647123084427,-0.001447214148647,-0.013923339563888
2739,1670411778.204817772,-3.430203772646572,-33.602867354913123,34.508471474212861,0.589082118366242,0.807983904552499,-0.001153444295947,-0.011955641827006
2740,1670411778.304903507,-3.501753120061211,-33.461813000654253,34.510738778343345,0.591870657800440,0.805675893877820,0.002792388101183,-0.023826057746557
2741,1670411778.405471563,-3.573899827612299,-33.315879788443127,34.533294995233611,0.603292311136367,0.797118718078591,0.001041343393167,-0.025279482123305
2742,1670411778.505679846,-3.640064692167078,-33.166568010436031,34.556033047249812,0.622518270351698,0.782396408173929,-0.002246597081093,-0.017939240686814
2743,1670411778.604585886,-3.701367452760354,-33.016826255416689,34.543189272145490,0.629739139980784,0.776621373345480,-0.006731049714987,-0.015574049215856
2744,1670411778.704196930,-3.765447517799550,-32.867224361983482,34.513247266290776,0.619978906291045,0.784356553522738,-0.008084742718056,-0.018590041293007
2745,1670411778.803633213,-3.831166849709122,-32.719955775785984,34.518617520914617,0.613025500654447,0.789479038011238,-0.001603341481679,-0.030331722409204
2746,1670411778.902896881,-3.901517178759873,-32.571074574573899,34.539755281503872,0.601457846712103,0.798425100353394,-0.003979270901295,-0.027385820367610
2747,1670411779.003200054,-3.973957107856136,-32.426566169568510,34.555761505077648,0.589340386454218,0.807670257388206,-0.003927270268591,-0.018200021228003
2748,1670411779.103776693,-4.046038251335449,-32.285052682791083,34.538158586666064,0.592216601391478,0.805706286966756,0.000469016975582,-0.010800750050252
2749,1670411779.204248667,-4.112507142441745,-32.141571775882134,34.508026750905643,0.604708555278953,0.796331859360521,0.007048158479641,-0.011552333180008
2750,1670411779.304632425,-4.173920167616202,-31.994726643903714,34.511055305626094,0.610244004482554,0.791788169741515,0.008798275336469,-0.024420065552366
2751,1670411779.405169964,-4.232324717675019,-31.840123501877169,34.530953203791739,0.631612118829051,0.774975924868725,0.000295248067319,-0.021871443727379
2752,1670411779.504598856,-4.289531063160910,-31.689061917413593,34.546747373233785,0.642849149037806,0.765803322025286,-0.005614188321756,-0.016084913611640
2753,1670411779.604488611,-4.350164144184091,-31.541558232343849,34.524441870311364,0.644032906092113,0.764666922039254,-0.013794943556473,-0.017771149142241
2754,1670411779.702939272,-4.412457132406832,-31.398383490943676,34.496679920535819,0.632157088276497,0.774485791575111,-0.009881678135104,-0.021249160625509
2755,1670411779.802890301,-4.474343642844778,-31.249493672793491,34.508543493709467,0.621910166124572,0.782327258762575,-0.004947683801457,-0.034166151274966
2756,1670411779.903234243,-4.539781871892525,-31.098698491872430,34.531902931615697,0.608583930841793,0.792809065508925,-0.010703396516184,-0.031061585133965
2757,1670411780.003852606,-4.605628806507927,-30.954387118167649,34.543532199201564,0.597404663033093,0.801442515355989,-0.012613187664878,-0.025267977028504
2758,1670411780.103965998,-4.673741079812021,-30.814595160384293,34.519186887224656,0.600460259273773,0.799284025467842,-0.011911273004605,-0.021228406445244
2759,1670411780.205883265,-4.744352792391269,-30.672690570623825,34.489339283157179,0.621279191786548,0.783225120390292,-0.006133427216697,-0.023085876921698
2760,1670411780.306659222,-4.814758004057344,-30.527273564571317,34.502805130146250,0.629519433515060,0.776135840502743,-0.007616225228880,-0.035502577754894
2761,1670411780.404774904,-4.882075668221044,-30.376871464477585,34.525284855575919,0.642222195952631,0.765751264944312,-0.016945397727280,-0.029807796930175
2762,1670411780.505830288,-4.948594578616401,-30.222136551749131,34.537296786342104,0.654482990970951,0.755329005178806,-0.024118729001688,-0.023417843125627
2763,1670411780.605295658,-5.014315943565812,-30.074330390375234,34.509294461985334,0.653441914661931,0.756061176955456,-0.028255686674995,-0.024223481050520
2764,1670411780.703596830,-5.081658577085344,-29.931505190367233,34.480010966331960,0.639805358668694,0.767523145730199,-0.023960233199002,-0.031356514670669
2765,1670411780.802196741,-5.154784051573222,-29.781738222781268,34.494093636895698,0.626340723233650,0.778302731173278,-0.015737588964585,-0.041164127112649
2766,1670411780.903320551,-5.237628701953698,-29.623054931521192,34.518384433625052,0.607278194965146,0.793681998149609,-0.019101396835724,-0.030285580265894
2767,1670411781.002709866,-5.321186586968560,-29.471520941098248,34.524464814975246,0.590961606123463,0.806209888323705,-0.021656003937092,-0.017916851021677
2768,1670411781.104026556,-5.405174937749331,-29.321132887565724,34.495285491469922,0.598050158175831,0.801165079500496,-0.020061557453308,-0.008249703471960
2769,1670411781.206006765,-5.484906052931967,-29.173145571655418,34.473776726015288,0.600317164538286,0.799583161542197,-0.013239026907971,-0.010526058399351
2770,1670411781.304700375,-5.558102414869936,-29.026224555150957,34.490662232655247,0.606558252300238,0.794573882830128,-0.015986013717224,-0.021997242012729
2771,1670411781.405401707,-5.629108646213039,-28.870583561864482,34.516397823444201,0.616323437258616,0.786927185826084,-0.024381464611829,-0.017221181055493
2772,1670411781.506006241,-5.699699515043924,-28.718036017184495,34.521196866932996,0.618077627117045,0.785309288103301,-0.031612146027651,-0.016432927297850
2773,1670411781.603734016,-5.772454313026434,-28.574870411303614,34.493287641680077,0.614016657311172,0.788557004260347,-0.029990378829569,-0.016185572403259
2774,1670411781.702898502,-5.850146594438326,-28.429058468898496,34.478547152715052,0.596182698181256,0.801962819729797,-0.025470196112062,-0.027804590814547
2775,1670411781.802750826,-5.935203081269942,-28.272467691878393,34.499130767120874,0.578743948279972,0.814807389047881,-0.019771275832220,-0.027449184582618
2776,1670411781.903107166,-6.022284960768301,-28.116611454634029,34.526108221330382,0.558478246110271,0.828987572715373,-0.025488893146772,-0.015230536143616
2777,1670411782.003459215,-6.107121981442537,-27.970929994131790,34.528661770606973,0.541922248238096,0.839912630476797,-0.028694123402414,-0.006610394260686
2778,1670411782.105553389,-6.189796460639036,-27.829425076365222,34.498132413849092,0.558510533638798,0.829214852890948,-0.021644646745507,-0.000469922133348
2779,1670411782.205030918,-6.268937533731397,-27.692795692794014,34.483803955480127,0.562307662496173,0.826809174552177,-0.013081527122499,-0.005055217362359
2780,1670411782.305416107,-6.348201768330854,-27.549418699989300,34.501947110698964,0.569958295538329,0.821553130458664,-0.008231852478331,-0.011411914185955
2781,1670411782.407273293,-6.421838587307967,-27.399684535498775,34.530900672673546,0.590578832747912,0.806935365452997,-0.007910067199926,-0.003064168442662
2782,1670411782.505815029,-6.486229130247438,-27.254896640084020,34.531482185104167,0.594553461343581,0.803986244233588,-0.009993570469449,-0.003525512276062
2783,1670411782.603586912,-6.550461381159389,-27.110783729508537,34.499999526616101,0.583353574348594,0.812125012326083,-0.010148993913904,-0.006969187299377
2784,1670411782.703284502,-6.620445700835752,-26.962264387687846,34.494078499229524,0.567528656256480,0.823044013565169,-0.005895372831631,-0.021794968259396
2785,1670411782.802843571,-6.696122521650938,-26.806593151762403,34.515417339409318,0.563802886467212,0.825552557600616,-0.007548976215890,-0.023071471743555
2786,1670411782.903057575,-6.775500447442563,-26.654027340339855,34.539017514304177,0.539315542023902,0.841831291583793,-0.016120739458748,-0.014104765192344
2787,1670411783.005268812,-6.857702687456372,-26.507255763707015,34.530094137924870,0.534861994633017,0.844847482335681,-0.012096275171178,-0.003009720125607
2788,1670411783.106422424,-6.937345795032495,-26.366639348437207,34.496068391724720,0.561487705822722,0.827467244458534,-0.005185719493831,-0.001619836864953
2789,1670411783.205321789,-7.012394546361997,-26.229415227732687,34.492407731652868,0.564057380589608,0.825636427276905,0.002176619251294,-0.012610459327587
2790,1670411783.305624962,-7.078781713067143,-26.083087791554171,34.515611903545057,0.590519218013366,0.806904463018427,0.004394904230070,-0.013150115384907
2791,1670411783.405391932,-7.135876059455190,-25.940670292728409,34.543462889865218,0.615492624108769,0.787970366308957,0.000275685425409,-0.016475906171604
2792,1670411783.503644228,-7.191157810303813,-25.805310926606602,34.535355458470079,0.626498653706916,0.779023281295826,-0.000918923120976,-0.024926284978015
2793,1670411783.603423119,-7.251158999876005,-25.665363351754092,34.505603736671198,0.618236392468729,0.785213062037333,0.002658152087275,-0.034887597519594
2794,1670411783.702115059,-7.315315880508668,-25.517011978654125,34.511810358394243,0.603579805891364,0.795714710064612,0.003616694943021,-0.050164106935364
2795,1670411783.802488804,-7.386467187475288,-25.355949614768409,34.537587929927845,0.596170854795467,0.801568679688920,-0.003088721246746,-0.045369851611659
2796,1670411783.903953314,-7.459756697042808,-25.195176511494214,34.546303270675210,0.580587636191285,0.813218874394310,-0.014511272114904,-0.037181742996717
2797,1670411784.005577803,-7.534805299688075,-25.036922898842953,34.516132321993027,0.583748643979116,0.811297202235104,-0.018829676919067,-0.026073234650878
2798,1670411784.105336189,-7.607796540740253,-24.883271749708996,34.484611191786016,0.605874492696528,0.794879048666018,-0.018957193709626,-0.026907655010903
2799,1670411784.205826759,-7.680390904031295,-24.725356802581821,34.495226328732201,0.611669826586828,0.790041350198944,-0.022886010254355,-0.034218690122593
2800,1670411784.306015730,-7.752673223351530,-24.562120871087320,34.518203061898163,0.626764706959128,0.778295418057616,-0.031430846701207,-0.020840974463888
2801,1670411784.403995037,-7.820643856669194,-24.406894941292300,34.526030268667604,0.643088152117655,0.764785217194214,-0.037883178356462,-0.010298784623031
2802,1670411784.503927469,-7.890297095302041,-24.258976078675367,34.498293598238163,0.648056374809616,0.760792470874544,-0.034003092049548,-0.007844811042596
2803,1670411784.602567673,-7.959270402015325,-24.121120588009131,34.478488592307265,0.634823802045483,0.772113799936568,-0.023626898356195,-0.016756789015103
2804,1670411784.701480150,-8.035599778220735,-23.974591863190348,34.500249797064114,0.618115791856373,0.785494041104955,-0.010078915290439,-0.028816570110707
2805,1670411784.802046299,-8.118445897538301,-23.820022527229899,34.533433026838118,0.603341690334832,0.797203058702648,-0.008794023584788,-0.019202943738940
2806,1670411784.903587580,-8.203039921906701,-23.669883509074150,34.539915361933055,0.585760139729535,0.810435073681810,-0.003124406673987,-0.008383801842243
2807,1670411785.004518032,-8.284987085340269,-23.524906745818718,34.506230013517282,0.597793525373848,0.801624336738618,0.005388035013198,-0.003506115824328
2808,1670411785.106028795,-8.365074250524179,-23.375917827708662,34.487601578730079,0.616636923571982,0.787064411063289,0.016082225287057,-0.005466201157629
2809,1670411785.206566334,-8.444127197099982,-23.215028580352865,34.513707917082300,0.623082780429961,0.782109338964771,0.007097697617809,-0.004738493883604
2810,1670411785.305076122,-8.520670504666839,-23.059594811184478,34.538459781079681,0.629440065047650,0.777000414878053,-0.002038581458535,0.008450087442131
2811,1670411785.404314518,-8.594167916578288,-22.912761033708918,34.534324606183191,0.632545723437887,0.774433667032190,-0.008478665146183,0.008155695240443
2812,1670411785.503328323,-8.669398948145304,-22.772082048339300,34.498225940239095,0.615220123474052,0.788296821900528,-0.009569972901957,0.000857830260151
2813,1670411785.602117777,-8.750292092017364,-22.627841728220599,34.484945913143058,0.599286880390486,0.800378808717726,-0.007116662770192,-0.014083701872988
2814,1670411785.702404261,-8.842833768850017,-22.463879548098095,34.504591057302747,0.586095347291475,0.810239066058152,-0.000749799102985,-0.002082670834407
2815,1670411785.803378820,-8.940666731581262,-22.301996387549494,34.525397417120345,0.575071592826619,0.817921684040554,-0.007550662542978,0.015484488860858
2816,1670411785.902947903,-9.035943918072865,-22.154074383777054,34.511409615368677,0.570330849570260,0.820818468857201,-0.003362154256219,0.031120075998335
2817,1670411786.005113840,-9.126871471318514,-22.012160515263137,34.474286144797887,0.592854170596525,0.804497206825998,0.009069918070907,0.035013043307593
2818,1670411786.104213715,-9.212609527052953,-21.875167139397174,34.472261440422606,0.595235131001784,0.803135008748830,0.014463030971852,0.021450344482368
2819,1670411786.206178188,-9.297346582472580,-21.725620887182568,34.497752688284919,0.596436928168488,0.802343039236110,0.010203681730472,0.020112756783770
2820,1670411786.304671288,-9.370804870881596,-21.583070439859565,34.525207857487544,0.600694843127905,0.799176285179723,0.006882085225596,0.020871213400915
2821,1670411786.404439926,-9.436796581436937,-21.442959378468121,34.506021462376140,0.600453150017172,0.799622372858749,-0.000698686846775,0.007719280723547
2822,1670411786.503271103,-9.504488250966000,-21.303510165922610,34.473173137441762,0.569615050355934,0.821880110219040,-0.002946696855810,-0.006564740054596
2823,1670411786.604873657,-9.581005064932604,-21.153484769489818,34.485960970221377,0.558334841661769,0.829221890787520,0.001253567927498,-0.025528199951208
2824,1670411786.705004215,-9.663286355792625,-20.997534866436865,34.512274433409630,0.550335122399837,0.834738695963319,-0.001395099646005,-0.018455790733338
2825,1670411786.805717230,-9.747591607016242,-20.846255217979181,34.523201758143017,0.533643220658750,0.845614274520138,-0.010143149158720,-0.007650378937059
2826,1670411786.906474590,-9.831842789089713,-20.701473765613340,34.493990400607991,0.541055408051520,0.840952934725037,-0.005594554600041,0.005089985695300
2827,1670411787.008197784,-9.916442135501407,-20.557268649030000,34.469645973627898,0.573782426112933,0.818989141484162,-0.001719565235995,0.005249448579687
2828,1670411787.106997013,-9.999218063372684,-20.416286239362215,34.489286276245146,0.578889554801886,0.815378845733796,0.001340173578637,-0.006513463431709
2829,1670411787.207075119,-10.081224296793655,-20.272003229336669,34.513059543759603,0.598776176170953,0.800892346041671,0.004240020256906,0.004534658772326
2830,1670411787.305516720,-10.155975672158709,-20.132563687302632,34.522582380442387,0.612936844143796,0.790044969175057,0.008199653326790,0.008374810896191
2831,1670411787.404063463,-10.224660443969396,-19.993873255648726,34.495601585038692,0.616468141475286,0.787261276159111,0.013238816930507,0.003383390698067
2832,1670411787.502955675,-10.288655762990839,-19.849861132508618,34.474279258643563,0.592764760643207,0.805175786806951,0.013651505162757,-0.011641618710467
2833,1670411787.602673769,-10.356582012222768,-19.695824587652833,34.493879823591641,0.565959035869625,0.823890657366071,0.015080111536879,-0.025829143587507
2834,1670411787.702738047,-10.428052560571215,-19.537831689397674,34.521763409708633,0.551019430510789,0.834232021449143,0.001905495317112,-0.020757906350070
2835,1670411787.804581404,-10.504710012618258,-19.388022170648529,34.523377069051087,0.523113154567699,0.852224475604285,0.000647136796673,-0.008102586821391
2836,1670411787.907360077,-10.584917671607528,-19.245014756716223,34.489821730757384,0.539730708569776,0.841829828116076,0.002736206399975,-0.002411616752595
2837,1670411788.006779194,-10.666799233964598,-19.107852526450248,34.474787114950821,0.558237119909104,0.829592339461632,0.009984724980987,-0.006940715324658
2838,1670411788.107932568,-10.753701592214577,-18.959911911582484,34.496947756160914,0.567682995242386,0.823039538167361,0.015146800626590,-0.010607071069297
2839,1670411788.208676100,-10.836607231184654,-18.809324141902181,34.522165241427579,0.584363233707030,0.811399998068079,0.012032930434471,0.002205178392712
2840,1670411788.306155682,-10.908031531767501,-18.668208274211739,34.520889471886164,0.605532876391351,0.795763434067765,0.008237754789120,0.004757310787547
2841,1670411788.405640841,-10.976463264463858,-18.528600550560082,34.484650630553297,0.591252733313194,0.806469707355071,0.005163052097594,-0.000399200878608
2842,1670411788.505076170,-11.045141891065171,-18.387255195087810,34.474286032485004,0.571302909907151,0.820612155529806,0.006544810505130,-0.012877918457543
2843,1670411788.602741480,-11.119798204766385,-18.239138932507171,34.499091137511428,0.559994607427270,0.828225242387373,0.007207386203613,-0.019925890415921
2844,1670411788.702817917,-11.198028957345963,-18.086916542495128,34.522868015394486,0.537957004931876,0.842911552381606,-0.001299885488293,-0.010034241579468
2845,1670411788.805325508,-11.277893646426332,-17.939663659531348,34.515776553280340,0.524565964735637,0.851351052741768,-0.004873173103448,-0.002861087268522
2846,1670411788.905356407,-11.354014542035438,-17.800669882792192,34.481335035130407,0.551581148524446,0.834095987467447,0.003128610500280,0.005686130450132
2847,1670411789.006409645,-11.432355319317551,-17.661294021836799,34.468447630702947,0.561113969403126,0.827689718861166,0.007821756142989,-0.004434271420505
2848,1670411789.107141256,-11.515014032230145,-17.515384130998950,34.481596318022838,0.571112434238857,0.820755434974033,0.009043312792974,-0.010455711935613
2849,1670411789.206844330,-11.598677417697184,-17.363423230521668,34.505322748742216,0.591483775426898,0.806266867081039,0.006403656715899,0.006298859796407
2850,1670411789.305414200,-11.676679403640760,-17.211528115552710,34.502477122647946,0.600209199313275,0.799691911193634,0.000370520091726,0.015544354153572
2851,1670411789.405215502,-11.751956254987300,-17.056756163777713,34.466694437565138,0.582545480225525,0.812563449421040,-0.005122539379959,0.018845787966955
2852,1670411789.503915548,-11.825745941700188,-16.899765952112968,34.457995280307578,0.564502855648274,0.825306753780893,-0.004877582076139,0.013472094183132
2853,1670411789.603438377,-11.906078450270945,-16.732690198518124,34.480628667803124,0.554838927466485,0.831743551970030,-0.009983077501437,0.016023934838842
2854,1670411789.704997778,-11.986799497097913,-16.564850905996895,34.500112390112491,0.540836944557670,0.840204516475978,-0.019809853534670,0.034049076313858
2855,1670411789.805309534,-12.064544874221308,-16.413205610835078,34.492886544902177,0.526112869653884,0.848898349875447,-0.024013603873316,0.044723447902784
2856,1670411789.906690359,-12.137552011724777,-16.277465066806556,34.463187644273795,0.555167029010498,0.830608688924778,-0.009956826864149,0.042185748554647
2857,1670411790.008486986,-12.209898100830488,-16.147747645950552,34.461088264899978,0.566875220140892,0.823356420229053,0.012322555289115,0.024183562371200
2858,1670411790.107952833,-12.281702405025737,-16.004347634322155,34.484972200568940,0.585141974474317,0.810528035166573,0.017986767644172,0.018156269083344
2859,1670411790.206243992,-12.351651854065198,-15.853286027585813,34.510748640807059,0.613179023039423,0.789307731495768,0.017929382726374,0.026140542084570
2860,1670411790.307126999,-12.420699400756780,-15.696894713593460,34.499901941757265,0.625581048966458,0.779636677377548,0.012825663631019,0.025504995866438
2861,1670411790.404954910,-12.488930524449222,-15.542991785171028,34.464835200933990,0.612464792397949,0.790138655461632,0.007359573929004,0.022663183576110
2862,1670411790.502978086,-12.566507776667606,-15.380887590392371,34.471418596783991,0.593337091309257,0.804746550966333,0.007694201086552,0.016579627682861
2863,1670411790.603755951,-12.653199639695107,-15.209204857968560,34.496667315217927,0.584425572398677,0.810913805569094,-0.002014963167785,0.029351153084031
2864,1670411790.704716206,-12.738271789622798,-15.053374202617261,34.511402894475580,0.556349486584576,0.830022755732271,-0.014107256624830,0.036584956665383
2865,1670411790.803519487,-12.820845878372580,-14.917437138941009,34.490222467895826,0.554591491142042,0.831189965736730,-0.010886177442819,0.037855117911631
2866,1670411790.905546665,-12.909757959463661,-14.787660397594356,34.463499881887159,0.568299437597506,0.822446768419221,-0.001811036827068,0.024774633978115
2867,1670411791.006344080,-13.003543433449714,-14.660497878081342,34.473449578964782,0.578413915528313,0.815695789165139,0.008793051937799,0.000635687884586
2868,1670411791.105540276,-13.097665794116656,-14.526491007341633,34.500049472098496,0.599128675295935,0.800394541524647,0.019491964951060,0.005785467831873
2869,1670411791.205654860,-13.185887765907419,-14.387213820485050,34.523480571878579,0.613649925055081,0.789220694997710,0.022114902703092,0.008683037812730
2870,1670411791.305678368,-13.266956496473435,-14.243661987014555,34.500506048801014,0.613397763378000,0.789599818443901,0.016391530518790,0.002574553063421
2871,1670411791.402725697,-13.345682945573861,-14.098108349589618,34.472068743900060,0.586135603506387,0.810155575450970,0.008956032920357,-0.003575939350794
2872,1670411791.502577782,-13.432483430647132,-13.942319288847253,34.484756658991209,0.568029315724426,0.822726473020152,0.005405192622095,-0.020847804732886
2873,1670411791.603548765,-13.527758834293095,-13.782304749693456,34.511058167473578,0.544297411148688,0.838745391495099,-0.008556741343622,-0.013163534485377
2874,1670411791.703130960,-13.622298623161429,-13.636504310438649,34.521322552095867,0.524152996819008,0.851445600202005,-0.016263955814200,-0.006285663336029
2875,1670411791.804693937,-13.718491441787689,-13.498561090785557,34.491982115580498,0.538611568087461,0.842523962458457,-0.006991333078244,0.001439676163912
2876,1670411791.905882835,-13.813757473878619,-13.363717964391570,34.473722618650683,0.569034404020677,0.822293129577207,0.002904211524805,-0.005041988335441
2877,1670411792.005437374,-13.906666132078799,-13.222209236209366,34.493383717640178,0.570166139035702,0.821400520304857,0.008072669229609,-0.012107483286776
2878,1670411792.105474949,-13.994668945508204,-13.072470853319281,34.523177314598058,0.592791351025905,0.805344634940460,0.003996794781001,0.001568041127884
2879,1670411792.205385923,-14.074789776928757,-12.923904878511790,34.525886500267916,0.616957010831268,0.786946899247864,0.001388089717659,0.008757725575435
2880,1670411792.303487778,-14.150178680128461,-12.779539400579781,34.486345349414556,0.602008806484243,0.798433102998331,-0.005841419145311,0.007473605170310
2881,1670411792.402824402,-14.224333371479657,-12.631901244912749,34.474644821765523,0.577689634131979,0.816229553033857,-0.006357523300680,-0.001893480417836
2882,1670411792.504291534,-14.301905580601181,-12.474311606285056,34.496493950673688,0.571568815357302,0.820379929359858,-0.009390777746825,-0.014059662438152
2883,1670411792.603334665,-14.379112319866334,-12.321657511710635,34.518284793847407,0.550198219125981,0.834838255551888,-0.016763520893624,-0.006781674198078
2884,1670411792.704392433,-14.458911064121285,-12.176476492120063,34.516459038690819,0.547658349335885,0.836564729158490,-0.015136710430907,0.000816289169211
2885,1670411792.805831671,-14.538525602958558,-12.037648575200688,34.483620511297843,0.578037341770237,0.815999411329164,-0.002889085806069,0.003073339041008
2886,1670411792.905676126,-14.615488346378447,-11.900729855191294,34.475128333986120,0.591621788947221,0.806093748891031,0.012867351281166,-0.005564001500729
2887,1670411793.005845070,-14.689674022189660,-11.753379658858247,34.503205769906700,0.598983519972209,0.800593552995838,0.014243038363945,-0.008114281321655
2888,1670411793.105783224,-14.753249258700393,-11.606762309495698,34.534484252128145,0.621799647172211,0.783003258045612,0.016213845167440,-0.002864941772113
2889,1670411793.204849720,-14.805994511426563,-11.464608382606722,34.530783221308425,0.638284380353971,0.769586383886307,0.016957314940206,-0.006503614607489
2890,1670411793.304036140,-14.856188744700756,-11.322454951585799,34.496991936336009,0.628273705877527,0.777641332497635,0.016763917356556,-0.016281264357657
2891,1670411793.402924776,-14.912640452569944,-11.176723974914147,34.496401545731061,0.611282919908675,0.790397590694651,0.023240946892696,-0.032629723252681
2892,1670411793.502527237,-14.974453020261642,-11.018901977129236,34.516249016510400,0.608971114466461,0.792212818733241,0.026099177168411,-0.029527352257529
2893,1670411793.603359699,-15.037226295946931,-10.858491109642324,34.540091011957152,0.591774997062277,0.805604506220164,0.012358501792169,-0.025514698570844
2894,1670411793.704222679,-15.102141691151301,-10.705678312617108,34.522383821242911,0.577076837466157,0.816385546477361,0.013659978409445,-0.017617268595711
2895,1670411793.806734562,-15.167846368221229,-10.557501605938757,34.480608364669678,0.607582778947335,0.793876691228764,0.018627894220577,-0.015998981442927
2896,1670411793.907220125,-15.237476494140665,-10.409300597335148,34.490755607135938,0.606563943803429,0.794239378894374,0.020634722984378,-0.028951671773283
2897,1670411794.007804632,-15.309259718324656,-10.248505398216148,34.519604371667697,0.610875810073407,0.791274036078001,0.015227164429702,-0.022006316352821
2898,1670411794.106886387,-15.377188115109051,-10.085272893509922,34.536046810714346,0.628903882231482,0.777402661994047,0.006776364264053,-0.008893195494339
2899,1670411794.206933498,-15.442306069386412,-9.920645556962425,34.511115264906323,0.630191084497229,0.776437845109388,-0.000172452036580,-0.001854713560706
2900,1670411794.306982994,-15.504198906519552,-9.755989259802416,34.476133254906735,0.614957360260569,0.788532209461741,-0.005655453957820,-0.003523569677038
2901,1670411794.404569387,-15.565398148990246,-9.592074853095978,34.487583644016226,0.598262236032386,0.801151570612019,-0.002114508529215,-0.015296623715858
2902,1670411794.505125284,-15.636030852588110,-9.415441324860959,34.509746876659719,0.588842645183596,0.808108209723714,-0.013110335558101,-0.007319815016383
2903,1670411794.606267929,-15.712393904176132,-9.245848392366863,34.519544400018454,0.569423283020857,0.821653246443257,-0.025257089766655,0.002268651477091
2904,1670411794.705960989,-15.790697716584468,-9.088687314875475,34.495479031688426,0.568912338512291,0.821959017368673,-0.023748820741704,0.012574512641867
2905,1670411794.807322979,-15.871343162023585,-8.936928487444506,34.466009993659910,0.594640564268515,0.803746588548651,-0.014627330096082,0.013418715925448
2906,1670411794.908682108,-15.953441069179524,-8.778892674898625,34.479465842289883,0.606385266197199,0.795033763157755,-0.012480194758617,0.007903740693997
2907,1670411795.007332325,-16.032130376307798,-8.619909331233213,34.509273246458861,0.608135405964561,0.793359786976019,-0.017754234233754,0.020889317568021
2908,1670411795.108255386,-16.106222194643152,-8.462876151612194,34.522176099890942,0.629014513924670,0.776609147012116,-0.019393464959377,0.029032181559323
2909,1670411795.207874775,-16.177078386924673,-8.314283033226683,34.488785390901832,0.625766571491603,0.779293437803230,-0.020843645872796,0.026143416517281
2910,1670411795.305336475,-16.246287350362252,-8.167630478420197,34.464942168497466,0.597751129762031,0.801378935358451,-0.015510602500367,0.015646406681619
2911,1670411795.406146765,-16.325266078876727,-8.003752339456444,34.487690479962005,0.584769401537704,0.811089171343057,-0.012499866945787,0.004780845281621
2912,1670411795.506598949,-16.410042589952567,-7.836838393862363,34.517442853125580,0.572043855833235,0.819774145819421,-0.021970431193673,0.015920961109429
2913,1670411795.606337070,-16.493517789537698,-7.683809002331488,34.519846063807265,0.552216527913201,0.832986089297354,-0.021288381689298,0.027164059741524
2914,1670411795.706789970,-16.573355667277959,-7.541895814959653,34.484153990232421,0.575787309058247,0.816926655286459,-0.005954148805372,0.032624572364176
2915,1670411795.807948828,-16.653528357669416,-7.403118007718180,34.464949396044034,0.585883050224044,0.810096654576273,0.008361164839983,0.020360565488728
2916,1670411795.906882048,-16.731348238818107,-7.252720804018471,34.489321092456038,0.581557744045093,0.813238513607673,0.011822301226961,0.017144781131986
2917,1670411796.007038593,-16.801139435703121,-7.093180038155167,34.518452914036573,0.602571211744937,0.797475404593205,0.009744373770351,0.029085409142131
2918,1670411796.108112812,-16.861510306515544,-6.934228697870007,34.513177695070247,0.613569459908947,0.789096784007366,0.004721742982877,0.028922110564046
2919,1670411796.206381321,-16.914426411209199,-6.782631540398804,34.476645511710103,0.598013613667595,0.801205874247287,-0.001432789178969,0.021137929298621
2920,1670411796.305278301,-16.969905546235921,-6.627716920337521,34.476115985637833,0.582867221627470,0.812546341866250,0.001686932289229,0.005603439256421
2921,1670411796.406212330,-17.038823635899021,-6.461407041224666,34.510056820440255,0.582172103778484,0.813018566583402,0.001550473358693,0.008605115058406
2922,1670411796.505498886,-17.107542384276989,-6.306083963698466,34.533162867735506,0.571030559004310,0.820719865351470,-0.006297217245666,0.017416898565776
2923,1670411796.604953766,-17.176255619623259,-6.164191989387398,34.516054017120609,0.558474542628444,0.829225103661448,-0.006900953980742,0.021078176575963
2924,1670411796.706788063,-17.246115102739310,-6.026256694208406,34.482894366786738,0.582526219255673,0.812601352455402,0.001902857842722,0.018401766202563
2925,1670411796.807511568,-17.320168715332219,-5.890485086928070,34.487452049513941,0.591724937126805,0.806052175533766,0.011894276842775,-0.000123603999954
2926,1670411796.906646013,-17.396980298987025,-5.748777947994951,34.509664933073068,0.601954935418673,0.798359329297074,0.015942789843142,-0.004297034028900
2927,1670411797.008075953,-17.474222454493844,-5.600213512121482,34.533732616311049,0.620864116730452,0.783743787836948,0.016423675047981,0.001920021204926
2928,1670411797.107260227,-17.546995738367176,-5.456585050251296,34.516748246998667,0.629487705803954,0.776900924115241,0.012388063138956,-0.004088794715494
2929,1670411797.204669476,-17.620501904392412,-5.311830777151823,34.479486167736241,0.603334819477158,0.797377027654546,0.008852197935443,-0.009930255131607
2930,1670411797.305831194,-17.700802983542509,-5.153663354834696,34.484950583574914,0.586484343849070,0.809538528399567,0.013433097127992,-0.022428494335076
2931,1670411797.405313492,-17.784267842839228,-4.982111074716073,34.516981216338365,0.574288043629250,0.818335260420862,0.000535125863425,-0.022811359817382
2932,1670411797.505090475,-17.868354430038952,-4.805071185128096,34.548202518306056,0.551078206384890,0.834258056418919,-0.015543460431901,-0.009203618067980
2933,1670411797.605744839,-17.948850124410100,-4.636141135407911,34.559435603248382,0.551250492120963,0.833820189256077,-0.027926092092610,-0.009323106016311
2934,1670411797.706842899,-18.025268929483570,-4.486535398783504,34.549695049118839,0.571246168585795,0.820054078699938,-0.029623945585573,-0.017650629778827
2935,1670411797.807152033,-18.103935780181530,-4.345080162755734,34.548204534721691,0.574099038157007,0.818102857714642,-0.027724262734427,-0.018691544670503
2936,1670411797.906708002,-18.190288799191475,-4.195923764911766,34.569332866000153,0.558127973807947,0.828960891701192,-0.035895190920133,-0.005342298363743
2937,1670411798.007772207,-18.276326498743945,-4.043232632195270,34.566669598391456,0.577428387869951,0.815582919327264,-0.034409631339793,0.014728742464499
2938,1670411798.106284380,-18.353853938350763,-3.899021364805415,34.525044177929168,0.601719630831019,0.797490408481650,-0.034658255067164,0.027227552369856
2939,1670411798.205376387,-18.429780620364113,-3.754421324636979,34.503532094833304,0.586657496513820,0.809068718838356,-0.027148891165978,0.022443878672273
2940,1670411798.304051161,-18.506286194397511,-3.600736396855088,34.526600978989563,0.576750286651397,0.816279231350326,-0.022203203426619,0.023544448841476
2941,1670411798.403434753,-18.584460766105892,-3.452437092885285,34.550311922612394,0.569441432931872,0.821154990811830,-0.020757188781381,0.031781671435177
2942,1670411798.503894806,-18.662117964102286,-3.314499646066603,34.552659621238938,0.548815109867678,0.835218882182353,-0.014451640525784,0.031662977009459
2943,1670411798.604894638,-18.732685143329846,-3.184268745164137,34.524066235128835,0.537779373320422,0.842838856037158,-0.002689553599607,0.020218177131100
2944,1670411798.706379175,-18.802379795516725,-3.047471205686448,34.503663208898750,0.549684908432762,0.835350147650943,0.005623257126104,0.002238579931011
2945,1670411798.807187319,-18.877044603343798,-2.893726605363518,34.520975005433691,0.578374055050467,0.815744272280590,0.006648296759107,0.000731324888684
2946,1670411798.907301903,-18.952637251533130,-2.728903553230055,34.544427042181873,0.595182910983628,0.803404988983943,0.001867962307799,0.017153333949444
2947,1670411799.006752014,-19.022627489825517,-2.559570865516010,34.527879071535793,0.613006240158560,0.789576413021049,-0.002162878120569,0.028067053384985
2948,1670411799.105653048,-19.088235936651387,-2.385615216853000,34.485186120781059,0.601331413202343,0.798233706843402,-0.010620734842969,0.033326877239095
2949,1670411799.205007315,-19.156009811382678,-2.205387422524831,34.485453014568279,0.584821270857255,0.810358072182997,-0.017481588507832,0.031595412072076
2950,1670411799.304587841,-19.227116990204106,-2.026877644733354,34.512419562997373,0.585854086801305,0.808916524309867,-0.023478865148806,0.043333457835466
2951,1670411799.405293941,-19.298341524158278,-1.866072289737150,34.531326384554035,0.567981051089751,0.820924962479258,-0.034234529609116,0.048038823506120
2952,1670411799.505386114,-19.368451741590782,-1.725416560102759,34.513247856930043,0.564125910163744,0.823936717447635,-0.025295037159019,0.047438425550046
2953,1670411799.606358290,-19.440545190027752,-1.590687641816395,34.485837616016127,0.593327401828989,0.804155801863873,-0.008107500690680,0.035075760862506
2954,1670411799.706757069,-19.517033111269729,-1.450772009586065,34.497044086472542,0.605394521176580,0.795829181146877,0.001110126316183,0.012335144264791
2955,1670411799.806798697,-19.594892520076648,-1.302387030498535,34.524451221418509,0.616408007604955,0.787297960465143,0.003667696076085,0.013770897334963
2956,1670411799.905876875,-19.668005725278853,-1.155678435722728,34.545936117873183,0.633871603928851,0.773240289865408,0.003397048386238,0.017166942761808
2957,1670411800.005558729,-19.739120406510949,-1.011739682597216,34.518754876934445,0.631685492572484,0.775159211377131,0.002496869987835,0.009767350250044
2958,1670411800.105725765,-19.814012917362088,-0.864584064586780,34.491935440647822,0.596164139266747,0.802862168339927,0.000810922352751,0.000010285272436
2959,1670411800.203948498,-19.891942884302011,-0.710798470677312,34.511483589050499,0.574444391458864,0.818481027612514,0.000808703602070,-0.010089328932235
2960,1670411800.303880453,-19.973967242330538,-0.556031556564705,34.540697813309230,0.550347222981378,0.834898626037921,-0.007188929787057,-0.003246180092747
2961,1670411800.406169891,-20.056857882067437,-0.410497718157528,34.546379519655410,0.530610076979145,0.847565292754381,-0.008707790305020,-0.003192978917889
2962,1670411800.505733252,-20.133971141500258,-0.278893089846320,34.513939023691904,0.539829165695542,0.841744527343841,-0.000842836314242,-0.007064855136261
2963,1670411800.606931925,-20.212111086004395,-0.146135145448151,34.495647318300072,0.570262736836855,0.821053540436127,0.011695023474966,-0.023124038111040
2964,1670411800.708242416,-20.293336835430985,-0.000362463088359,34.519509239542636,0.582383731630550,0.812239054082576,0.016620868790300,-0.028647074471466
2965,1670411800.805799723,-20.369685866896191,0.146197663798529,34.550176925088671,0.588650048376949,0.807924662939057,0.014162224612720,-0.023415613480033
2966,1670411800.905313253,-20.441719242896408,0.294958828337635,34.543979991631801,0.604341777369677,0.796293053830570,0.012920029344989,-0.022835529084497
2967,1670411801.006240368,-20.511640537956211,0.445931722626722,34.505037225128909,0.584969846717778,0.810548916524183,0.009840643861940,-0.026905279794754
2968,1670411801.103867292,-20.577606695093234,0.594955835287595,34.505517895787563,0.555924480370534,0.830187228369823,0.011447053247257,-0.040076214246572
2969,1670411801.204660654,-20.650456198853949,0.755399135973121,34.534668135332467,0.551958674660006,0.832844335530484,0.012172705727511,-0.039544398814839
2970,1670411801.306155920,-20.724520601692507,0.911307585017900,34.558119748273732,0.545466433581098,0.837539318357696,0.003358151035754,-0.031352557517123
2971,1670411801.406614542,-20.798135691308556,1.058994510491959,34.545380862272467,0.534615902195140,0.844745053423945,0.007155234311540,-0.023247246241219
2972,1670411801.508802176,-20.868185800180534,1.207047455860802,34.511328300813659,0.563958552975216,0.825394671988651,0.012100506171833,-0.022977461331345
2973,1670411801.610316992,-20.936404263694971,1.354802102921121,34.515030418105759,0.586919746715034,0.808551857937231,0.011980481937297,-0.040318382839122
2974,1670411801.709308863,-21.003924141025031,1.507342550918443,34.537740058118132,0.580546060479838,0.812853556727066,0.004208877401490,-0.047091956091443
2975,1670411801.808469772,-21.070580281307340,1.661117543079504,34.555403812893523,0.592036463293055,0.804921466907552,-0.003912932096046,-0.039735968658845
2976,1670411801.910038948,-21.141648382887666,1.812676208434649,34.540070065261091,0.615476131144222,0.787203976432444,-0.008665889923721,-0.037735047800658
2977,1670411802.008092403,-21.217574192643141,1.950612332507098,34.507025430061859,0.608161455446087,0.792721717286169,0.000290750525520,-0.041615363950062
2978,1670411802.106755733,-21.298979492638399,2.091118435670614,34.513461670126588,0.595735980699750,0.801481152620032,0.014007375405398,-0.050303048901870
2979,1670411802.206855059,-21.384870225156842,2.241587758193036,34.542385897662435,0.584744186716064,0.809958336502107,0.019269538825126,-0.040870699846910
2980,1670411802.307719231,-21.470206615255325,2.390403415224201,34.562884380565691,0.572952649299106,0.818685529941410,0.022396339134946,-0.031267694495131
2981,1670411802.407047272,-21.555202798621057,2.530583929640152,34.539272087088015,0.566527815202435,0.823197948108936,0.025644409564784,-0.027087581827595
2982,1670411802.508602381,-21.641508866165644,2.670782965607423,34.506413401749406,0.597002042868468,0.800882948347634,0.036710956670860,-0.028764031657382
2983,1670411802.609151840,-21.725762768937287,2.815767691359423,34.513207492169556,0.606743076250453,0.792594818657363,0.046508868234891,-0.038642179482375
2984,1670411802.707703590,-21.802436913537537,2.974464181950215,34.537652386776024,0.602068599929283,0.796990912992087,0.039252569264362,-0.027894827358838
2985,1670411802.807584047,-21.871308419995149,3.139353552922724,34.552689126251991,0.613089123017236,0.789345128980355,0.024678854641635,-0.021141161900903
2986,1670411802.907305717,-21.936333093260991,3.301518304818309,34.518896845653295,0.606949897046254,0.794358722681913,0.010392938099556,-0.022316563632440
2987,1670411803.005875349,-22.002118461961636,3.459607095401122,34.488688496209186,0.585096214622571,0.810613775997972,0.005792573765645,-0.023112158830736
2988,1670411803.106318712,-22.077627973664264,3.626011987840080,34.509575062586912,0.583202486574541,0.811922702577369,0.010514109500569,-0.023363180308850
2989,1670411803.206659794,-22.158273300199195,3.787748248089929,34.534209293893220,0.583811677175566,0.811850831058646,0.006935555687119,-0.003748569080243
2990,1670411803.306579828,-22.236870286524756,3.936377691811997,34.535623438876520,0.577388078960774,0.816378723060430,0.009268615436819,0.007929664311446
2991,1670411803.407732964,-22.309074097659060,4.078981920384219,34.505942716018701,0.584172642697261,0.811329511199583,0.019667832415200,0.009996206722093
2992,1670411803.507374525,-22.376062610838229,4.226034162584918,34.491336065097123,0.593644450401094,0.804463364177207,0.020399001400915,-0.002973709219044
2993,1670411803.607475042,-22.445269811208394,4.392713106225225,34.517038128075768,0.597501206283711,0.801706969193570,0.015119963583895,-0.005443412274658
2994,1670411803.707704782,-22.513060311157993,4.561460906169541,34.540584156783261,0.608454457225036,0.793545787365214,0.003262616027149,0.007590268412180
2995,1670411803.808005571,-22.574689536823623,4.722958498645034,34.535851358177915,0.637484771699861,0.770318813021410,0.001097950742315,0.014862256229427
2996,1670411803.906940937,-22.636376374355670,4.877540546916114,34.499753985113522,0.630301567312385,0.776264566404440,-0.004108347719303,0.010787894488523
2997,1670411804.006566763,-22.697953052490313,5.036575343232789,34.489872485220964,0.609942192670395,0.792445005951358,0.001174084178726,0.000235943902841
2998,1670411804.106734037,-22.763106418997513,5.210167816588720,34.516412069047249,0.601308715535496,0.799016213638291,0.000883664236809,0.000371620366569
2999,1670411804.206393957,-22.827389019195170,5.377415449785955,34.540934672076901,0.583551796014177,0.811918542995193,-0.015182704439634,0.005006635106530
3000,1670411804.307034254,-22.894982950312151,5.531736613605073,34.528624410730679,0.567949080088900,0.822782696583318,-0.020630674321444,0.006070577097649
3001,1670411804.408460379,-22.965756677293463,5.677111503333472,34.495098081838684,0.590684104145917,0.806749799512874,-0.015644957685558,0.001511752059574
3002,1670411804.507812262,-23.039135540896819,5.817561699702432,34.499357446599888,0.607845877831991,0.793970687458158,-0.001506722625493,-0.011474582641923
3003,1670411804.607362747,-23.113312093548942,5.966933491197413,34.525948098239404,0.610332032768630,0.792064210165853,0.000298347989279,-0.011358157391582
3004,1670411804.710163593,-23.179899564014029,6.124459223979835,34.547128866198008,0.622339222505015,0.782724391408780,-0.000136751191511,-0.006033284737160
3005,1670411804.806772232,-23.236850437124392,6.273741067558908,34.526893588043109,0.624852197551312,0.780649601168991,-0.005060011123503,-0.010969398225148
3006,1670411804.906230211,-23.299514816856515,6.427514970829014,34.493772166102133,0.599259960937709,0.800339463992243,-0.004977446799069,-0.017873629091663
3007,1670411805.007139444,-23.370936551258175,6.591124232767258,34.508189077760910,0.590247351702769,0.806784145740888,0.002952240167922,-0.026432749894860
3008,1670411805.105483770,-23.443234034783167,6.754649024659930,34.535935808241035,0.584505016382180,0.811303904773984,0.003567083219694,-0.011275452977897
3009,1670411805.206986427,-23.513534933395004,6.916166397337665,34.548476517029911,0.572869068491217,0.819646788707614,0.000039708809677,-0.000412977615482
3010,1670411805.308277607,-23.577253043651837,7.070767235512473,34.523401773658570,0.576615927704774,0.816961866060665,0.008399593282436,0.004102213125812
3011,1670411805.409453869,-23.636955750840936,7.224591274801012,34.502032160261194,0.607464964811203,0.794213755678514,0.014308196800887,-0.002470287890262
3012,1670411805.508909464,-23.696411391057847,7.382530041419677,34.520655290438455,0.614923907795662,0.788281877702308,0.016582075118293,-0.014328422530321
3013,1670411805.609388828,-23.754965257292159,7.543478057774712,34.548765308372339,0.627704567823660,0.778309947719703,0.013130185044602,-0.006942553893248
3014,1670411805.707651138,-23.808038103143542,7.694719396513690,34.555097694951897,0.642249653632819,0.766356855192153,0.012628974005169,-0.007284361611974
3015,1670411805.806761980,-23.857275183127154,7.843729375385060,34.520896632027927,0.631117204313119,0.775403562648018,0.013853779801791,-0.015762684985638
3016,1670411805.906318903,-23.904777839696504,7.995342562409574,34.504346369131490,0.604091146225826,0.796169504424732,0.017717474807981,-0.029565154524745
3017,1670411806.005404711,-23.955728184143087,8.151941138348112,34.526577872114103,0.588015878979328,0.807556710621925,0.024713113636194,-0.038454482340407
3018,1670411806.105743170,-24.009851767224536,8.308780773649984,34.555953819446451,0.578097713310636,0.815041565673351,0.017926231890993,-0.034480868607646
3019,1670411806.207305431,-24.068702605699276,8.458448367155663,34.552543881995319,0.547773781727185,0.835781443350659,0.020958723060250,-0.031208891852663
3020,1670411806.307931900,-24.123336887125511,8.602513114544273,34.518812979539092,0.568314929302830,0.821679374888503,0.026191905006036,-0.034280171039730
3021,1670411806.407809019,-24.177911398433160,8.744667023053120,34.512322775620348,0.594058293611865,0.802234381811567,0.036455193286839,-0.046752104902257
3022,1670411806.509037256,-24.234135677761156,8.898235245616441,34.538289003797289,0.591531178217097,0.803659847781941,0.031462019234175,-0.056849411658424
3023,1670411806.608463764,-24.286347744800789,9.053842133010082,34.561064286593215,0.605250971849535,0.793961892750801,0.023842964113229,-0.052223433409286
3024,1670411806.707278490,-24.337088115966623,9.211099156808912,34.549368154721300,0.612864461280538,0.788125271544651,0.009217271502218,-0.056309416246668
3025,1670411806.807076216,-24.393288696681214,9.373036656721224,34.513312057582212,0.590744387083158,0.804966068834035,0.007895541302165,-0.054665872198016
3026,1670411806.907549858,-24.456908993897745,9.541011660385848,34.514797999051318,0.588117086409268,0.806489465795291,0.013766974516210,-0.059190410096319
3027,1670411806.996423244,-24.522439595044020,9.695781913612397,34.539335395001380,0.580858966867965,0.812380000787701,0.010120039521327,-0.050390274154267
3028,1670411807.097943306,-24.598137725533583,9.864208780829420,34.559070929890410,0.576434335610446,0.816473371320266,0.003512107526167,-0.032899175597375
3029,1670411807.198538303,-24.673883110752787,10.018560937951593,34.545456326293056,0.564608839279800,0.825002837249941,0.008897782164278,-0.022539001957113
3030,1670411807.299196720,-24.746804371152905,10.165340518133014,34.514990925514248,0.585766840753166,0.809964804417976,0.018023859011858,-0.022569102430655
3031,1670411807.401199579,-24.819092070505590,10.313232022925412,34.518869571294388,0.593040611214069,0.803967404388553,0.022940019704359,-0.037589913907058
3032,1670411807.500459194,-24.887760830274839,10.464532310866657,34.543421945377133,0.596726788172572,0.801366269600526,0.023188544908734,-0.034518598013239
3033,1670411807.599585533,-24.952548713088312,10.615840087682770,34.565969951895937,0.619063362280074,0.784683788381877,0.019059049824539,-0.025858429050129
3034,1670411807.699735165,-25.015440613413418,10.765414999683792,34.545986578232053,0.622155925181361,0.782318077952545,0.017047081299898,-0.024694669253001
3035,1670411807.797818422,-25.081379769997476,10.909804913718766,34.510701697740309,0.595368794458462,0.802853187172749,0.016702314606662,-0.026149399962860
3036,1670411807.896709204,-25.155644458152828,11.059015361639746,34.525937582215121,0.589400348357669,0.806712573242580,0.028741066719754,-0.031559540744516
3037,1670411807.998169422,-25.236896693354971,11.219658899659962,34.552723752854654,0.585326674915566,0.809898678618729,0.034038268908628,-0.017268765260664
3038,1670411808.097556829,-25.316706887520169,11.372433935493312,34.564754974104730,0.569051354806824,0.821742967528656,0.029795890137558,-0.005590692320886
3039,1670411808.198400021,-25.398553360331981,11.521654991052259,34.540937631840990,0.558753807617791,0.828643899871865,0.033558822258349,0.004156335693815
3040,1670411808.300243378,-25.483887962166445,11.667985006132964,34.512510071531381,0.579501193892760,0.813875846159044,0.042045091085419,0.004084560121369
3041,1670411808.400896549,-25.571272908463975,11.811291774662621,34.526354313747277,0.587752101326053,0.807838421885249,0.043202414735501,-0.008837583028271
3042,1670411808.499830723,-25.652937520282087,11.956056319409743,34.552919833780258,0.588648090953504,0.807241847835449,0.043048222208643,-0.000935245786079
3043,1670411808.599524736,-25.726038060748156,12.102043869097827,34.565445077081051,0.599212870524959,0.799558048344529,0.040508742329228,0.003147208228009
3044,1670411808.698406935,-25.792079390865435,12.250319579150020,34.539302970548938,0.584919292390818,0.810396232017197,0.033555757363490,0.001174593170508
3045,1670411808.796985626,-25.859665102338433,12.399040257403742,34.515558869423437,0.560290443123538,0.827746340472138,0.029478853079147,-0.006450767438919
3046,1670411808.897611618,-25.937555815865750,12.557568453091955,34.537741590424162,0.560526862675613,0.827351008509872,0.034768030062434,-0.009546152225364
3047,1670411808.998300791,-26.016931098252879,12.716343801816942,34.563525486687858,0.555753935782557,0.830789458838287,0.030437390618315,-0.000056548498981
3048,1670411809.098449707,-26.094112656939544,12.864352174126109,34.570031411538402,0.539241674902277,0.841799628224947,0.023873345014572,0.004676041781526
3049,1670411809.199820757,-26.168317694595576,13.004424042297867,34.546909850123342,0.543957525364837,0.838758517628489,0.024375545321956,0.000438742384654
3050,1670411809.300752401,-26.240559399370930,13.139337020210956,34.526567904925450,0.569294716955063,0.821377763810739,0.031737346900593,-0.015324332808806
3051,1670411809.400346279,-26.315327665287931,13.281594066292651,34.540385795940821,0.581772078081885,0.812459052396796,0.025325339607098,-0.028463389056299
3052,1670411809.499743938,-26.392378289541192,13.426005196615769,34.565183070687304,0.590302817260816,0.806586819714536,0.021190281194858,-0.022611018986704
3053,1670411809.599130869,-26.467628499550621,13.567040296418586,34.563368524340511,0.599312309314750,0.799978246946623,0.019281642757356,-0.022085709601617
3054,1670411809.697305441,-26.544330904196713,13.704983418494299,34.527879915531571,0.578267219613562,0.815262802187571,0.014816006374170,-0.027093763946552
3055,1670411809.796641827,-26.630711579878081,13.849748302457337,34.520944796171818,0.565394897105547,0.823875636164583,0.022176540089913,-0.032645788871656
3056,1670411809.897071600,-26.730595378496851,14.005742561340629,34.551009921517640,0.561119101496592,0.827132479004303,0.025355436083719,-0.018823335858925
3057,1670411809.996400356,-26.828307985710421,14.154619808392638,34.570114836951028,0.542279812585609,0.839879011893836,0.023134904221102,-0.000791485331952
3058,1670411810.097203732,-26.923539555012383,14.296710783549534,34.554837863020907,0.527683809749550,0.849085435661117,0.022731923969938,0.009326280555348
3059,1670411810.199203968,-27.015613846715972,14.435231004866106,34.523533670715203,0.543968332491411,0.838494488037285,0.030515002063461,0.009709862340537
3060,1670411810.298888683,-27.106068835942992,14.570701778804798,34.524567332613863,0.548312515620759,0.835322471416267,0.039833475706657,-0.001745901996860
3061,1670411810.398671865,-27.200405621627574,14.716175781833060,34.549658979687493,0.543069760834068,0.838955292265260,0.034298028187662,0.007273081202533
3062,1670411810.499171257,-27.292298544785581,14.861062848760223,34.569297950050391,0.555987773451023,0.830423165214389,0.031121472274879,0.017504753975238
3063,1670411810.597718000,-27.378328874673851,14.999164160398536,34.548447283816479,0.547758771956414,0.835999736620421,0.026871517854115,0.018511878446099
3064,1670411810.696805477,-27.464511633672512,15.134563137355928,34.516845507759776,0.524022241868470,0.851155389713495,0.027078229011191,0.014211337109132
3065,1670411810.797636509,-27.556570683211113,15.274792201255247,34.527251591398709,0.517064827549525,0.855098854467660,0.037835143073864,0.004291287435832
3066,1670411810.896941423,-27.652174312236721,15.417387078318013,34.550414173660485,0.507113608723440,0.861002501541371,0.036699544564676,0.012791544697042
3067,1670411810.997750759,-27.751381197308564,15.552298998194939,34.561518079208774,0.485256585787974,0.873615348666961,0.030954763149565,0.019080648868862
3068,1670411811.099303722,-27.851320478260273,15.678060408183972,34.535483466912261,0.490712652537946,0.870139079417734,0.040061952869869,0.021309975163846
3069,1670411811.199882507,-27.951034938035694,15.795855144412762,34.510785825858896,0.520779581434430,0.851998275971734,0.052602773140371,0.010977866829020
3070,1670411811.299696684,-28.056696032502110,15.913942799460392,34.527281022666266,0.529880036240381,0.845858466357221,0.061223421376383,-0.001514846748619
3071,1670411811.399330139,-28.164353999050352,16.035724728466100,34.554621592798540,0.529170702232949,0.846027125923585,0.064788725870780,0.004346389283984
3072,1670411811.498759747,-28.263976707543911,16.159588235412325,34.562211056878986,0.542813954105126,0.837266966010120,0.065795423338310,0.002828625938377
3073,1670411811.597848654,-28.357405727599367,16.285893955474091,34.529898583497825,0.525673598651995,0.848408360198772,0.062197999955697,-0.001389541868039
3074,1670411811.697398901,-28.451797881854343,16.413008984565998,34.509652401918700,0.493349091815317,0.867216760353177,0.066809085045220,-0.008849312005091
3075,1670411811.797254801,-28.554613845758233,16.544502554526858,34.538650286420442,0.481734324095437,0.873305417413296,0.071996112333324,-0.009287018562951
3076,1670411811.898004293,-28.654280655268092,16.676750143323208,34.561955986455729,0.478305192471314,0.875298059314883,0.071193413986498,-0.002991324042262
3077,1670411811.998597860,-28.749718499868052,16.807743998162461,34.564881282857989,0.465785611378673,0.882429132934651,0.066047018614508,-0.000617181440705
3078,1670411812.099269152,-28.844219126832400,16.939185137640813,34.539435185619183,0.480086883884249,0.874714539553322,0.066177918880214,-0.003397244326686
3079,1670411812.201602697,-28.944763647341382,17.074776679292842,34.525862811896239,0.511471457822592,0.856550037873367,0.067645670974966,-0.011960085715063
3080,1670411812.302075863,-29.042108485904549,17.221082595117892,34.555331319915311,0.526747070764561,0.848099919940209,0.056381299904093,-0.009230290325376
3081,1670411812.401602983,-29.133058264681221,17.360373497534539,34.588760171565937,0.530437168938815,0.846632081411357,0.043014625126180,-0.000520152382823
3082,1670411812.499796152,-29.216978468335444,17.487326961106938,34.584798319238921,0.544473959030774,0.837938942877385,0.037419455124737,-0.002494057949175
3083,1670411812.599853754,-29.303264571923517,17.613809349753993,34.547159844311402,0.521780414231091,0.852428657975230,0.030673812111252,-0.013026881359072
3084,1670411812.697717428,-29.392148626409917,17.744833402524851,34.543582116449464,0.488847084578030,0.871362395664793,0.034872818357276,-0.023237681913096
3085,1670411812.797935963,-29.485671549117896,17.889720223889690,34.572706737655309,0.490628554286977,0.870633436877249,0.030973364424824,-0.017935746591304
3086,1670411812.899656534,-29.570086760002798,18.031016360527673,34.595276470672587,0.487591135516596,0.872661505965471,0.024052284913062,-0.011758748325129
3087,1670411813.001483679,-29.646108314426677,18.159924782907254,34.576995377839680,0.485584425555383,0.873811451521858,0.020257090186016,-0.015841816326045
3088,1670411813.101428270,-29.715983340987254,18.275329877402946,34.541780780952067,0.530916599894795,0.846646959668904,0.023095551768254,-0.027983658232457
3089,1670411813.201731682,-29.784559796982006,18.382235841320142,34.540278752640809,0.559204742986442,0.826758583155793,0.031017904941664,-0.052897922196642
3090,1670411813.301105976,-29.851451024394091,18.492499394332562,34.556876346106499,0.575622079467138,0.814913034828023,0.029430722768390,-0.060908126343205
3091,1670411813.400113583,-29.914816004289893,18.601677592006329,34.578120495182802,0.593846420913804,0.800936107196516,0.029818223945240,-0.070417711390730
3092,1670411813.499561787,-29.984994718335177,18.713265721895663,34.558520798645418,0.592261255765674,0.801104794286189,0.030146106357639,-0.080925433344685
3093,1670411813.598981857,-30.065419753938180,18.828911731145190,34.543284207478074,0.581217025247221,0.808394250156909,0.037572338624056,-0.085286723740213
3094,1670411813.698457718,-30.151474445377811,18.947789673638315,34.576023466555625,0.569281666050270,0.817327828542250,0.040992418608529,-0.078824025563673
3095,1670411813.799217224,-30.233081272317829,19.061805494291200,34.597508170765728,0.565038285213538,0.821713907828463,0.038987384700738,-0.063229532327995
3096,1670411813.899896383,-30.306012452527959,19.173395623891036,34.601127489110809,0.556153400774081,0.828980146008061,0.031492526081815,-0.049935289454088
3097,1670411814.000440598,-30.369390658238633,19.285327903181724,34.606615523791710,0.570570003056779,0.819900178434027,0.019944995155477,-0.042611808033533
3098,1670411814.100993395,-30.429291175402689,19.384824033212642,34.627568465720955,0.587040510265059,0.807993904770350,0.009614833430361,-0.049364401544104
3099,1670411814.200593472,-30.491773219634734,19.469679720747234,34.665465270332234,0.602860571008540,0.796272699706107,0.005946825570922,-0.049734845849100
3100,1670411814.300334692,-30.555582530849613,19.545328656633021,34.707858836599073,0.619151010528487,0.784263278693812,0.013790972438172,-0.037322177498051
3101,1670411814.399647236,-30.617970411333285,19.617725491004535,34.750174334026667,0.633938256363222,0.772609143121669,0.023139759202784,-0.025728401193941
3102,1670411814.499484539,-30.678078087080358,19.694069674133420,34.772779519400551,0.640766079908816,0.766930304604318,0.030059523523496,-0.018252774127694
3103,1670411814.598206758,-30.729647654893423,19.767946314192169,34.793336834577303,0.619299415387279,0.784139537048399,0.035671760437587,-0.017914967088450
3104,1670411814.698731184,-30.770154086612987,19.842509319897040,34.824046868796529,0.603969945663506,0.796208313522407,0.029651372678581,-0.019834876135295
3105,1670411814.799179077,-30.809717641592854,19.914148678221480,34.861408984746184,0.575283799063210,0.817600473464303,0.013931575656368,-0.019594068645366
3106,1670411814.899611473,-30.854217817567289,19.982555082413867,34.889315055680143,0.559476637039252,0.828724318672243,0.003492830581200,-0.013773031002927
3107,1670411815.001428843,-30.902553484636552,20.053236981569089,34.898590877678366,0.570791673091752,0.821059878155487,-0.003244042214388,-0.006857011194857
3108,1670411815.102776527,-30.949947579660702,20.125491848424243,34.913372047940953,0.589962498280593,0.807318022419227,-0.009809863660126,-0.009253533087414
3109,1670411815.201991558,-30.998507541100430,20.198127358315645,34.942568371682164,0.592647466716099,0.805213258242979,-0.019287644808284,-0.005345624609467
3110,1670411815.300938129,-31.044185470521292,20.266392620876832,34.977989975344187,0.603155717058557,0.797359475101536,-0.019653498620118,0.005898172375330
3111,1670411815.400562525,-31.087179442419973,20.329766057221683,35.006806026077790,0.612025895081987,0.790534495346138,-0.018054301489390,0.012391836613238
3112,1670411815.499015808,-31.131931645406226,20.393321673930430,35.013006864734393,0.612297095835468,0.790399917666819,-0.008900139900178,0.016763773247538
3113,1670411815.598797798,-31.180013133483349,20.465137609090508,34.999490350466203,0.607627159591483,0.794017773969834,-0.000616789100768,0.018017467024561
3114,1670411815.698786020,-31.231508251302245,20.548710664717905,35.002057640166107,0.592596236036180,0.805338574953346,0.013309291180364,0.009074331718726
3115,1670411815.798257351,-31.285435533703026,20.644881522022413,35.025341649948267,0.581466410852106,0.813289384142688,0.019680537709208,0.008358655816228
3116,1670411815.898752928,-31.335505628390329,20.744459820010871,35.035187498914105,0.568508255581688,0.822432948905968,0.016979836611799,0.010681434264029
3117,1670411815.999617815,-31.382499808017808,20.847945033053147,35.027230881008286,0.552163870452013,0.833569198582198,0.011706882743394,0.011849060676559
3118,1670411816.101235628,-31.429282393042381,20.959224222660144,35.010126605119474,0.555049129108674,0.831777924444312,-0.000356639803753,0.008113044488056
3119,1670411816.206466198,-31.483639154576814,21.077388581628668,35.001263856172791,0.565041594425590,0.825051390828884,-0.003825202406383,-0.001888620359343
3120,1670411816.306400537,-31.544496212961924,21.193431704302352,35.019185817331248,0.577016822836265,0.816564103324241,-0.009998108882005,-0.013217002118635
3121,1670411816.406602144,-31.610853692765591,21.312801909922158,35.037902708244161,0.581411567355793,0.813435318689097,-0.016322718435044,-0.004140110739804
3122,1670411816.504776001,-31.675050173398368,21.426451022370653,35.046672912696671,0.586118738709813,0.809988437304876,-0.019277248342982,0.003455902479146
3123,1670411816.604905128,-31.741684233661701,21.540608721295666,35.031546371227577,0.585663710694571,0.810275053327415,-0.019697975844784,0.008021575801537
3124,1670411816.705317259,-31.807356356908144,21.653851812020939,35.011561752069746,0.579101643023637,0.815149887540784,-0.010293908426603,0.008123012918599
3125,1670411816.803592205,-31.869734697570365,21.769169327149740,35.021035682836072,0.567856456062406,0.823125610016305,-0.000627467527126,-0.001697565324809
3126,1670411816.903646708,-31.934772601201793,21.890533310996275,35.042348652787425,0.551929614344631,0.833886803203074,0.000794476627656,0.002422614297325
3127,1670411817.004424810,-31.996394054364728,22.002054484388939,35.058761069670631,0.537117535267148,0.843474567474006,-0.001868165777172,0.007205365342040
3128,1670411817.103561163,-32.052452674908928,22.101777440964732,35.057470949551217,0.539241103186202,0.842092436769979,0.004198943772223,0.009040433646941
3129,1670411817.204728842,-32.103467485051212,22.203674815947704,35.035856956350976,0.559737349199496,0.828527676690384,0.014388418393963,0.005381661943724
3130,1670411817.305003643,-32.153081991768580,22.310536961116338,35.018878519834644,0.571265403129108,0.820474638829993,0.019782986324066,-0.009264970406382
3131,1670411817.405530930,-32.205239884299203,22.427579758594057,35.034460209762365,0.598808992425860,0.800466904760730,0.020151712706778,-0.016566032949554
3132,1670411817.505242109,-32.254717307392305,22.542247332499528,35.063127590927849,0.616967193226974,0.786861616056022,0.013081695795831,-0.005398971609614
3133,1670411817.604897499,-32.301008807858601,22.642618277443717,35.084655793089077,0.620649733753115,0.784043957722629,0.008302361716385,-0.000226143212762
3134,1670411817.703047752,-32.351037976029971,22.733150125827585,35.084873482613695,0.611712663681185,0.791051757479719,0.006415622946603,0.001890466218851
3135,1670411817.802515745,-32.407938504111627,22.821642906062888,35.071213969726124,0.598715116828407,0.800861461336322,0.012243308125691,0.003351124220081
3136,1670411817.902028799,-32.468104823525508,22.918032883820999,35.065228856046325,0.588401435180422,0.808265977970025,0.021533566628482,0.005115216714462
3137,1670411818.002335072,-32.531394331488791,23.035383507043754,35.093657826636381,0.573844933910396,0.818098219900518,0.034090451319196,0.015972963088651
3138,1670411818.102938652,-32.585096671478070,23.157831866135556,35.126273151764110,0.557101743579326,0.829089276944006,0.027692472770230,0.038493442418289
3139,1670411818.204482079,-32.625673226136797,23.263646877765765,35.159138801669329,0.537512968255068,0.841427671591155,0.011089128184693,0.054371993474737
3140,1670411818.304195642,-32.654819340551718,23.345819681223819,35.184960208494289,0.527410898545356,0.847699784277253,0.002431248742039,0.056893838519065
3141,1670411818.405273676,-32.675004431159813,23.418830950132143,35.194181715698640,0.533241567983371,0.844513331077268,-0.001940700908303,0.049466124645033
3142,1670411818.507247686,-32.689414187761265,23.489544929227790,35.209776514531924,0.555246668502446,0.830968250583094,-0.007946310413573,0.033611899538981
3143,1670411818.606431246,-32.703551890509146,23.555445893685423,35.251017204264230,0.575018295457051,0.817634540996768,-0.018687253608805,0.021874729969383
3144,1670411818.705397367,-32.719027934770921,23.611128461918174,35.296395535721338,0.588078482799745,0.808332130178146,-0.020642866201159,0.018350407750561
3145,1670411818.806027412,-32.741380321132532,23.661720849042098,35.344932679109348,0.609645322402225,0.792327507709694,-0.017486976633870,0.015617523742237
3146,1670411818.903554440,-32.778127527858629,23.716308015593519,35.366270325825511,0.631120490355360,0.775361608341467,-0.003323332402036,0.022141780088548
3147,1670411819.002471447,-32.829907001571272,23.785247244496528,35.361071177489983,0.633390111799356,0.772868874804918,0.008102914198948,0.037749323359022
3148,1670411819.101580858,-32.882539193595292,23.867324989089859,35.372529642542972,0.610698469864549,0.789900925185021,0.016691963603421,0.053153416146185
3149,1670411819.200118542,-32.922940387590764,23.954732688988123,35.403453202004009,0.585426362356653,0.807675296053076,0.010893980256916,0.069411177756864
3150,1670411819.300302744,-32.949607758951416,24.033653068332878,35.438589390080551,0.551929137379219,0.830815702313515,-0.009830048456328,0.070872182472948
3151,1670411819.401581287,-32.972973494063460,24.099098722187996,35.476076635890685,0.518392411055812,0.852466425583772,-0.030993936453312,0.060080590171010
3152,1670411819.503878355,-32.999548813667147,24.160573838415718,35.494289415430650,0.504020922079793,0.861609969367806,-0.037312198376966,0.046893183343873
3153,1670411819.605002880,-33.033123566333359,24.224645545913095,35.499545321268542,0.512467636787622,0.857290427478483,-0.037423890753055,0.032085769430919
3154,1670411819.707150221,-33.080844381447598,24.301407763650520,35.524425208781551,0.520778184394513,0.852591797829815,-0.037367767839097,0.021930774240812
3155,1670411819.806442738,-33.137860645901206,24.384240728063794,35.562723783519495,0.522627853765019,0.850595359972468,-0.051302003384363,0.026753775640616
3156,1670411819.904426336,-33.198512086058251,24.458446510053150,35.606274528063246,0.496805250286012,0.865069021313737,-0.063027071746192,0.029457085372570
3157,1670411820.004057169,-33.267399800993701,24.520557853089901,35.629471225530551,0.463966144478268,0.882566223409723,-0.071048173569384,0.027648419606252
3158,1670411820.104044437,-33.347162298982219,24.568754557213584,35.625537121503974,0.433010640877220,0.898339490640114,-0.068213843413605,0.028893182765212
3159,1670411820.202933311,-33.434383249155637,24.608339839644355,35.616091623362969,0.411627949307066,0.909390668637196,-0.051786930274970,0.029818735679898
3160,1670411820.303473234,-33.530591522892138,24.654628106384163,35.637196596439722,0.376609522178014,0.925493529592381,-0.036721529010898,0.016689032164497
3161,1670411820.403272629,-33.629677485679750,24.710133553301464,35.671883218501947,0.337825851781100,0.940616152672991,-0.031085113576828,0.012192740173947
3162,1670411820.502592087,-33.723137097131371,24.765741835643801,35.686548442487990,0.287449152708607,0.956765934367607,-0.043728342392887,0.007730686408968
3163,1670411820.602971792,-33.819212433474334,24.814598726254903,35.686210222969621,0.225618800984914,0.972472758155857,-0.058187146533686,0.002673436952131
3164,1670411820.704579592,-33.919973928711549,24.854338443386098,35.677536665034069,0.216453355765743,0.974292024892470,-0.062436700263603,-0.002157190040787
3165,1670411820.804746628,-34.025755789469216,24.880506885596589,35.676885973310277,0.219442036661013,0.973784200409334,-0.057497252303656,-0.016840117480333
3166,1670411820.905899048,-34.145303259363274,24.899844433777190,35.702528236217411,0.246188252403815,0.967522984101472,-0.050084929436126,-0.027966398715557
3167,1670411821.005034685,-34.271989354029678,24.912272652950875,35.731058443951397,0.243708427136806,0.968705087164573,-0.040551425754740,-0.023921507336280
3168,1670411821.103785992,-34.397957010648632,24.919950547763140,35.748088839276129,0.238368940404213,0.970232953544509,-0.033639349869803,-0.026394284366304
3169,1670411821.202821016,-34.529111189863848,24.923288155150757,35.736481147076624,0.211266141015691,0.976672318772483,-0.026568244353225,-0.027783588607443
3170,1670411821.302197456,-34.669401722781629,24.927529819852463,35.728431488232189,0.185054457432471,0.982052540272939,-0.018730376636782,-0.031254262411482
3171,1670411821.401825428,-34.825146519526179,24.936889538448945,35.756466669445864,0.147376931510882,0.988147831479573,-0.016586367317591,-0.039608024690215
3172,1670411821.502160072,-34.991729472216164,24.947004457329310,35.783996925533593,0.107107437670162,0.993707918992536,-0.020688650166895,-0.025387955442077
3173,1670411821.603226185,-35.153990338951644,24.950175921590080,35.798316570942028,0.071680143736252,0.996959614901399,-0.028442937234419,-0.011157175766442
3174,1670411821.704056501,-35.307768217985995,24.939546530194448,35.785755182020345,0.051256714687901,0.998309170911149,-0.027226984789145,-0.003199964591728
3175,1670411821.805475473,-35.455408013731649,24.913833576376682,35.772748877172049,0.068557593920918,0.997389484440628,-0.020765978161062,-0.009102021426385
3176,1670411821.905771494,-35.603460028794323,24.880143393649856,35.793498591695126,0.094223767830494,0.995221425651255,-0.013958852694172,-0.021478964871960
3177,1670411822.004464865,-35.754201813741354,24.845357707858120,35.822017434317729,0.089103672710266,0.995880044629843,-0.006114721345589,-0.015687013752433
3178,1670411822.103375673,-35.903072446572374,24.811731752628678,35.836291062128097,0.076752197642554,0.996945482606036,0.000498834095242,-0.014441469211993
3179,1670411822.202614307,-36.055062106777811,24.779591785995006,35.812502621776417,0.060548877640721,0.998071512205718,0.002929414625946,-0.013360706186039
3180,1670411822.301517487,-36.213337525175106,24.748092873568570,35.797863957258720,0.031820149848576,0.999348333659566,0.004610031812474,-0.016405294332960
3181,1670411822.401707888,-36.388790547103689,24.711496724415699,35.830408928826316,0.004064078438377,0.999748486159598,0.009392020923267,-0.019955892137805
3182,1670411822.502841234,-36.566625760086481,24.669083787119153,35.858600016714902,-0.016215299318582,0.999721184173848,0.016673761816707,-0.004074757529939
3183,1670411822.602161407,-36.729073692512792,24.623748132564696,35.860268723593144,-0.042127177348095,0.998917883220410,0.018217736465896,0.007515157296823
3184,1670411822.703160763,-36.882450176002202,24.575146467224489,35.832959692102364,-0.045643210918634,0.998565191894747,0.026583146270053,0.008808584882369
3185,1670411822.804233074,-37.026601089996674,24.522375496759039,35.822718846378983,-0.035886879121388,0.998777099693118,0.033513079740664,-0.005771526819425
3186,1670411822.903770685,-37.172816199706020,24.470935202885766,35.843657530370933,-0.023940684344457,0.998985528775789,0.030858999419475,-0.022416045246781
3187,1670411823.003476620,-37.329496946673196,24.425103333336097,35.873844150372165,-0.022731457293942,0.999195209239895,0.030603601156488,-0.012475346792378
3188,1670411823.103222847,-37.485799489274122,24.381936362942163,35.885403264848549,-0.025563865138861,0.999352026315149,0.024668203216526,-0.005787577130112
3189,1670411823.202412128,-37.641464268683919,24.335023236297232,35.855240196366140,-0.043143708414215,0.998928335992620,0.016692969840417,0.001464490761963
3190,1670411823.302298069,-37.799826927723124,24.279436602642757,35.841399984403182,-0.054382579103252,0.998382412334933,0.016574275200008,-0.000622279642336
3191,1670411823.402648449,-37.964238615281502,24.218331394890409,35.860956661698694,-0.070392109314778,0.997399163974074,0.014424277591834,-0.005639048323021
3192,1670411823.502535105,-38.126334392097128,24.153961234752309,35.883696641357339,-0.097948014586519,0.995043849673741,0.013403951498626,0.010689141651340
3193,1670411823.603884459,-38.280585853733648,24.089944782132342,35.887367067988770,-0.108515964639131,0.993747871591084,0.019097443515459,0.018020565412975
3194,1670411823.706158400,-38.427964831201997,24.026872261913482,35.861143527277484,-0.078760195430974,0.996401588913649,0.026619447956947,0.016495763592444
3195,1670411823.805912018,-38.561334879376005,23.964590817962005,35.859974760538570,-0.065680714451471,0.997418015659408,0.029035562954640,-0.000530915341918
3196,1670411823.905405998,-38.698095331956054,23.909713438154391,35.889124805567839,-0.054773309427136,0.998133765621221,0.024676270912335,-0.010952267119732
3197,1670411824.005558729,-38.843250555431851,23.863365973219501,35.918257557260432,-0.045130768452440,0.998587416809099,0.026718649679631,-0.008514604437062
3198,1670411824.105942249,-38.995782053055969,23.826491630458406,35.915073589036474,-0.026800654899734,0.999392111905182,0.021478810461981,-0.005982663268506
3199,1670411824.203604221,-39.151314676525345,23.792117628796642,35.885869479039961,-0.034723459633184,0.999287077884923,0.014725589612573,0.001665633175670
3200,1670411824.303621769,-39.314509108076678,23.752635846876746,35.886000718168276,-0.037148082533837,0.999238653593865,0.011331827179466,-0.003704432582053
3201,1670411824.403424978,-39.487025118934483,23.706993695493555,35.914105259430386,-0.046095176442712,0.998858368904649,0.012431459592722,0.001628616054766
3202,1670411824.502379417,-39.650616751218365,23.659072151974129,35.931651489928932,-0.058307982141601,0.997996655807487,0.017137835469303,0.017582628104873
3203,1670411824.603014469,-39.806843965955494,23.611216678034342,35.922278438520351,-0.059493945903433,0.997644216711053,0.024188717560561,0.024112096686191
3204,1670411824.704129934,-39.960031589634099,23.567157193580471,35.898019968865462,-0.039905073896166,0.998524837324538,0.031460960199748,0.019129618570596
3205,1670411824.804154396,-40.114425751976441,23.528009821493097,35.905390064254078,-0.038561456868204,0.998842904939907,0.028406478738815,0.004351696344076
3206,1670411824.904786587,-40.280989740815976,23.501264240165007,35.934079039688839,-0.016806154950322,0.999546144698547,0.024339030779811,0.005715711220514
3207,1670411825.004411459,-40.443923011119189,23.481885915381721,35.957866518316841,0.002790665099984,0.999563895901394,0.023622972030106,0.017498153936681
3208,1670411825.103842258,-40.601408489227147,23.463252054803984,35.952405066722115,0.021817528116319,0.999353422649999,0.018704210208450,0.021607513163355
3209,1670411825.203455210,-40.757632144986886,23.441255056813674,35.927009191582052,0.018860371064622,0.999493353350249,0.017705980183808,0.018542418335004
3210,1670411825.302907944,-40.924470437330939,23.413720635960896,35.940917821724241,0.013674382556490,0.999640326130592,0.019594310611378,0.012177546012573
3211,1670411825.402147055,-41.096137649907455,23.379868449652086,35.972279559087134,0.006913270698905,0.999394784860215,0.027225565953737,0.020519240749761
3212,1670411825.502285004,-41.253905305712543,23.347464080288791,35.988539148901388,-0.007132678665675,0.999091402553428,0.029068372677987,0.030340137585895
3213,1670411825.601855755,-41.395188898190675,23.318781540908571,35.977720370608601,-0.029297372466521,0.998853802666707,0.024094763601819,0.029192246090169
3214,1670411825.702648878,-41.532048394038142,23.292272074973674,35.957429269382658,-0.012985560727768,0.999532104851570,0.025165220583242,0.011561066411585
3215,1670411825.803019762,-41.673701709190375,23.265119479208064,35.964869487082083,0.000835776975988,0.999799158725040,0.016871246554475,-0.010784467035800
3216,1670411825.903253078,-41.828925811163806,23.239193217555762,35.990137054453982,0.014423734328176,0.999823956875418,0.009180049985885,-0.007729025052951
3217,1670411826.002986431,-41.982353894438930,23.213894189022547,36.014712919447213,0.025720680599865,0.999632768594949,0.008499011599354,-0.000735759819333
3218,1670411826.103272438,-42.133581013972858,23.189327906774690,36.001587131575491,0.033054605125029,0.999434342736125,0.005720782852648,0.002379134966912
3219,1670411826.203274488,-42.287483566141979,23.162825544835680,35.974678095914769,0.014871269311406,0.999880771194071,0.004038321848437,0.000990304026521
3220,1670411826.302284241,-42.448784314998129,23.133378548759541,35.988176357184493,-0.001814374676630,0.999921105024928,0.007486396297150,-0.009921977662845
3221,1670411826.402653694,-42.620140577530790,23.102508683097810,36.015136285022940,-0.013768837049107,0.999849704286272,0.010528996244779,0.000358054531720
3222,1670411826.503430367,-42.779664839490913,23.073361827561463,36.032538507341151,-0.026903160103377,0.999512427482216,0.011499928585594,0.010903161357456
3223,1670411826.603321552,-42.927564918698266,23.048077679096753,36.021154168430797,-0.023724711666239,0.999486753231584,0.014845588169925,0.015587709351564
3224,1670411826.704266310,-43.073592252214510,23.027529315684333,35.997733266744795,-0.006351500020516,0.999838130896521,0.013934172091677,0.009445067546629
3225,1670411826.804738522,-43.223341329770406,23.010305471194933,36.009692496985735,-0.004178000687189,0.999984714914154,0.003478302932565,-0.001007798107605
3226,1670411826.904306412,-43.379930383895910,22.994827712062925,36.037389532967936,0.012078624052640,0.999915305910601,-0.002634401220074,0.004067895882997
3227,1670411827.003818989,-43.533107627625107,22.976717883252540,36.060531317867309,0.023503505273200,0.999618971066956,-0.003602177164364,0.014018639113307
3228,1670411827.103582382,-43.681636823340824,22.953274238038436,36.054839159246143,0.034775273538780,0.999261225914426,-0.000502416205665,0.016353296678609
3229,1670411827.202360153,-43.826294849457327,22.928276138358317,36.032877863697273,0.022603313252273,0.999644551048118,0.006614981062872,0.012494151246283
3230,1670411827.301332235,-43.974513556757373,22.905544902156318,36.038038081598472,0.003227678824012,0.999969502830773,0.005993681704908,-0.003827698708974
3231,1670411827.402121305,-44.136959001407604,22.882394141490813,36.060196525661183,-0.023842447689585,0.999692802594095,0.006647166362751,-0.001285810670371
3232,1670411827.503136396,-44.295953627652459,22.858200181803912,36.078302891726608,-0.045538111146718,0.998870447744265,0.008713852947574,0.010400856847821
3233,1670411827.603537798,-44.443803025123003,22.833921112510215,36.066833340893226,-0.050045118344414,0.998533011713213,0.012989416615669,0.016080600263035
3234,1670411827.705653667,-44.587667833743581,22.812008153136880,36.038190911780845,-0.029088149148287,0.999309137008425,0.020684685706010,0.010357222013975
3235,1670411827.806303501,-44.730741818978309,22.789330317250084,36.036826371753882,-0.030098708201263,0.999330589857181,0.020365866553888,-0.004203738791013
3236,1670411827.905556202,-44.882738256733262,22.769882180134420,36.057660570318014,-0.010484258589534,0.999748579401432,0.019363627331264,-0.004231813231040
3237,1670411828.005212545,-45.035224178710465,22.753596394102537,36.081882322540189,-0.008408697122773,0.999801516940815,0.017310505606256,0.005154311903475
3238,1670411828.104767799,-45.182933892806865,22.735984365559723,36.079030616582735,-0.007413604223128,0.999795827223166,0.017824272814662,0.005969726810851
3239,1670411828.202967882,-45.328072755949350,22.714709104054325,36.051527877818586,-0.021377782456121,0.999628303073959,0.016563086001226,0.003451129213979
3240,1670411828.302370787,-45.479142194239813,22.688742549504358,36.052633006462351,-0.040934020266215,0.998967367901107,0.016854961312754,-0.010223215380922
3241,1670411828.401797533,-45.637415886715800,22.658231238647140,36.075179340939087,-0.059455935458165,0.997897037407264,0.019843001859050,-0.016515136990687
3242,1670411828.501468182,-45.794268074114761,22.624969163118642,36.093929205532184,-0.086778170434631,0.995974810454963,0.021717123518836,-0.005665034976607
3243,1670411828.601544857,-45.945493710323866,22.593348878016045,36.090221562841727,-0.108148686341209,0.993795936020769,0.025916031470045,0.001363269642352
3244,1670411828.703317165,-46.097934290126055,22.565820472249410,36.061506316419610,-0.088859135128162,0.995711768351948,0.025506538649419,0.003397786902805
3245,1670411828.802777767,-46.250189996404451,22.536668670031446,36.051890463092363,-0.087573214664494,0.995953690117916,0.020096993230829,-0.001813856916187
3246,1670411828.903437376,-46.417060592885555,22.505280500268444,36.076247175420725,-0.074205867575445,0.997164748810669,0.011777719580948,0.004151899348900
3247,1670411829.003387213,-46.583839397059521,22.471140269649524,36.099391721040625,-0.072729859337447,0.997057151500186,0.008569359104388,0.022670912809806
3248,1670411829.103152752,-46.745409718400794,22.434841555461453,36.100340638718933,-0.065203708570707,0.997302490028634,0.010470605491589,0.032040383767258
3249,1670411829.203361034,-46.904020154356481,22.395665064155864,36.070807861133410,-0.069304701851683,0.996903327476272,0.012662529585599,0.034932424944173
3250,1670411829.302745104,-47.059651537815895,22.354113618810796,36.068749636756912,-0.090927781723437,0.995479379592650,0.013282175293674,0.024010979491803
3251,1670411829.402620077,-47.219645461946300,22.303607553679242,36.097299974047552,-0.098181334697860,0.994749864243015,0.022598445235403,0.017956708450967
3252,1670411829.502759457,-47.373168822764789,22.251240289225549,36.118615104676962,-0.116087764508396,0.992504713616773,0.026246013109204,0.027733935454638
3253,1670411829.602516651,-47.512313539048790,22.199125751633538,36.114422859929057,-0.138724144185126,0.989458181863120,0.029256544818325,0.029532570994202
3254,1670411829.702964544,-47.644184775273430,22.148494223004235,36.089130561261349,-0.120376167043547,0.991952420806970,0.034625804747861,0.018466913891043
3255,1670411829.803317547,-47.774957255738592,22.097844031393290,36.073806591914703,-0.107931662419004,0.993607032582926,0.032786319983236,-0.004569274688482
3256,1670411829.903738260,-47.915010168120460,22.045780132223260,36.083902134500256,-0.091992324651788,0.995162268033555,0.027118352174659,-0.021308858786944
3257,1670411830.002801180,-48.059456026807403,21.992178676855104,36.110083428699689,-0.077986641188536,0.996492509645150,0.024926905166293,-0.017303508779212
3258,1670411830.102386713,-48.201054476766167,21.935661274431453,36.116340651509681,-0.071899633089418,0.997076104514159,0.019223811017146,-0.017324250588527
3259,1670411830.202007055,-48.338269895372562,21.873349099742441,36.081652414524193,-0.098912746692273,0.994761191654738,0.016158470934466,-0.020133155154998
3260,1670411830.300182819,-48.470884725375001,21.804653441614992,36.064336575608870,-0.132881957973555,0.990555253751557,0.009204632009893,-0.032526131953626
3261,1670411830.400415897,-48.610869767823964,21.730118431182014,36.072326141444982,-0.157782014529235,0.986400900435724,0.005958112150598,-0.045635516982827
3262,1670411830.501026630,-48.754841876525404,21.649952288726997,36.093748439763651,-0.198649084328690,0.979403561512237,0.004745913796950,-0.035842451014825
3263,1670411830.601502419,-48.901134671958673,21.572001363786761,36.087371145010003,-0.209094787649769,0.977401398204339,0.012868229078367,-0.028289313287672
3264,1670411830.703988791,-49.055336805178911,21.497141989874027,36.042552202726547,-0.179108977551669,0.983453548936121,0.013765028252779,-0.023443874307466
3265,1670411830.804669619,-49.206720165304013,21.421558781894671,36.023734880596649,-0.171474352787248,0.984691467595778,0.010601104931288,-0.029442767439608
3266,1670411830.905002832,-49.358332146006113,21.345480633728229,36.044491706095883,-0.152897612869523,0.987877746398888,0.009094091551513,-0.025242338392245
3267,1670411831.003507853,-49.498573179601266,21.273858890170988,36.072693404459216,-0.147460480052950,0.988821792200983,0.009458513931462,-0.019935059698889
3268,1670411831.103456497,-49.634489642935179,21.202679798413548,36.062149483429643,-0.142128821800350,0.989560147519813,0.010173125503210,-0.021601388189337
3269,1670411831.202097654,-49.769742200710255,21.131242818041425,36.025020530230726,-0.162141250831891,0.986326512090881,0.010748593233213,-0.027471695776104
3270,1670411831.300723314,-49.908903817300519,21.058001977929660,36.016057461750847,-0.188350321709368,0.981078989857108,0.007380228875496,-0.044200726178198
3271,1670411831.401140928,-50.058911601527917,20.979860390282727,36.036209256516436,-0.208261468787592,0.977139606860475,0.009192787529427,-0.041723398476507
3272,1670411831.502195120,-50.202952555178690,20.901797004687232,36.060141457638245,-0.231757101654050,0.972320088442831,0.005644296629531,-0.029162190572700
3273,1670411831.601768017,-50.333070541589770,20.824582049839140,36.042788367793385,-0.239570442961963,0.970449446229856,0.010726982650123,-0.026810576539833
3274,1670411831.703749180,-50.460647612159860,20.745900048332103,35.997668662743159,-0.200750570256195,0.978909040807953,0.016758394895674,-0.033991977976972
3275,1670411831.805005789,-50.587461604627158,20.664199308973568,35.985954304053934,-0.182224749069469,0.981826488559186,0.011660030291218,-0.051719733987288
3276,1670411831.904320717,-50.725184278538265,20.581971458106125,35.998821664113848,-0.173749404930013,0.983457387911212,0.009197515562687,-0.050379719697488
3277,1670411832.002903700,-50.865259701030986,20.498351660841877,36.024505320257880,-0.168324227408322,0.984824855281330,0.007822046068145,-0.041542441945633
3278,1670411832.102577925,-51.006241205999970,20.411960164721584,36.009883666570872,-0.174971119862500,0.984020670161007,0.001397012643555,-0.032961739420414
3279,1670411832.201044798,-51.140583938358446,20.322089505263246,35.966195011574847,-0.215645914294288,0.975943879578548,0.000784606204058,-0.032089997732289
3280,1670411832.300396919,-51.274370528165726,20.222927440308805,35.961902413610147,-0.246343450950154,0.968318320874890,0.000551096098593,-0.040917354815452
3281,1670411832.401195765,-51.412794180876361,20.113965647080811,35.986526981562058,-0.269402399112972,0.962577777440993,0.002374835476793,-0.029338198400586
3282,1670411832.501119375,-51.537670172420192,20.002881690509088,36.003460831362766,-0.303845984399707,0.952664368407390,0.001689869901018,-0.010264661262789
3283,1670411832.602290392,-51.648393851118328,19.891718479154736,35.986985321595824,-0.305937163038214,0.952010769738023,0.008171063970555,-0.003343693845889
3284,1670411832.703647852,-51.746432808086752,19.781939577674699,35.966504359624878,-0.293351410032179,0.955880785666188,0.011311040705084,-0.010437154041756
3285,1670411832.803383589,-51.837965727353406,19.669310492465666,35.989578117071311,-0.291242042972037,0.956343664244149,0.002599172490113,-0.024043971550368
3286,1670411832.903072596,-51.931841483375003,19.551735309677316,36.020257260353219,-0.287466490571394,0.957529395021416,0.003702747370149,-0.022062731707581
3287,1670411833.002571583,-52.023009476850703,19.437986655641517,36.046187819895998,-0.296092381899190,0.955012148668506,0.004238896083250,-0.016221252628041
3288,1670411833.101138830,-52.110257717498456,19.327412300180494,36.034793077039389,-0.317460217598932,0.948177141086107,-0.000002499853166,-0.013383548018625
3289,1670411833.201004267,-52.194000695624581,19.211768177809493,35.997397972852688,-0.346340816613184,0.937944144268533,0.001444631645755,-0.017513823668495
3290,1670411833.301417112,-52.273726050151438,19.090462940064977,35.973542088842912,-0.375836140818823,0.925957159507587,0.000272642257258,-0.036748601024461
3291,1670411833.400681257,-52.353813339075707,18.961344203998582,35.981026015238172,-0.399972703009626,0.915266995518589,0.004508351884914,-0.047831355038623
3292,1670411833.501494884,-52.432625069120192,18.828233085771497,36.007150840018589,-0.429374593086237,0.902079268492202,0.011843711324817,-0.041835136795010
3293,1670411833.602568150,-52.505128096340940,18.698108824675646,36.001278522785420,-0.456020592367351,0.889160072678771,0.015763226602902,-0.034512391656884
3294,1670411833.703696728,-52.573276494406329,18.570238423102492,35.966383511184659,-0.447566370266089,0.893288355158912,0.019604435143864,-0.036550305977023
3295,1670411833.803829670,-52.636140790588364,18.439590624858720,35.946905407830585,-0.455043296834850,0.889309110217751,0.010515514882772,-0.044207787053115
3296,1670411833.906053543,-52.703502722254086,18.294788897100396,35.956559356724171,-0.463474151175887,0.885129718844730,0.003238007057402,-0.041552464667400
3297,1670411834.004654884,-52.764833617822099,18.151510199912767,35.977119797659739,-0.474792859958200,0.879591932370026,0.003468471351043,-0.029626716807005
3298,1670411834.103406668,-52.816936904255101,18.010917731947647,35.977766281158068,-0.499399007221319,0.866101070592198,-0.000063024535983,-0.021669405467571
3299,1670411834.202906370,-52.857147177064192,17.871683650147020,35.945960909380673,-0.531748354668970,0.846557141204123,0.001975145469907,-0.024099642808945
3300,1670411834.303550720,-52.888927709307048,17.730498638482523,35.931394890992941,-0.553136755302405,0.832236047325105,-0.002137493118309,-0.037660623858114
3301,1670411834.402330399,-52.920407574693002,17.582858742208028,35.948535612373568,-0.570290191477825,0.819952506551415,-0.003420587193640,-0.049348597624327
3302,1670411834.503228426,-52.951471813048393,17.429459408459977,35.969297920304989,-0.598973055164713,0.799671487356465,0.002368935614152,-0.041847098343909
3303,1670411834.603576422,-52.977025094838702,17.283420364501190,35.966618535345916,-0.617500190508855,0.785506482069109,0.011199390555058,-0.039340246569327
3304,1670411834.704488993,-52.996926176989533,17.143552608584301,35.933644719799695,-0.604109102737594,0.795637418983183,0.010362703053016,-0.043656659157480
3305,1670411834.805471659,-53.010232882250747,17.005050314209434,35.906694830171077,-0.602439825141783,0.796233364537023,0.001066826441531,-0.055475653781935
3306,1670411834.905396700,-53.025629347551735,16.860521673289821,35.916198432460249,-0.600518726734170,0.797169235010991,-0.009854666293288,-0.061655130733862
3307,1670411835.004260540,-53.044210710291026,16.711460987670140,35.938931611604296,-0.597968787745104,0.799589792383262,-0.010736561631998,-0.054536401086475
3308,1670411835.103622437,-53.059288657047325,16.563839518563363,35.945636457616793,-0.607143536856092,0.793068412259215,-0.010922483430805,-0.047957465385781
3309,1670411835.202987909,-53.065245538184236,16.417791837674180,35.915067176728215,-0.627086481150721,0.777565936790743,-0.012668198333882,-0.044646117991546
3310,1670411835.302144289,-53.064545005603300,16.264890741424903,35.891563694268946,-0.648237402940869,0.759551467650251,-0.016112344257610,-0.051090407919215
3311,1670411835.402013779,-53.055682957948186,16.105856519742758,35.907982172610595,-0.669232892944641,0.740491595262425,-0.014348734491394,-0.059947027992637
3312,1670411835.502186298,-53.040241534468947,15.951879939979667,35.923226819914063,-0.690771409636453,0.720856173141387,-0.007529240879706,-0.056076267748457
3313,1670411835.602581263,-53.019453827965066,15.798586959713262,35.919828467708093,-0.706315700614300,0.705678409661928,0.004593968917125,-0.055812262562376
3314,1670411835.703881502,-52.999596568764758,15.642680596169178,35.891733644077235,-0.704745598560732,0.707422996743663,0.010077337027094,-0.052771130989716
3315,1670411835.804493904,-52.980459716926397,15.491238492467870,35.867408118368346,-0.694712302320909,0.716985617340483,0.002818833185447,-0.057432531812047
3316,1670411835.904860497,-52.958752650041127,15.331963125490015,35.880231008473118,-0.685170477005885,0.725910011831801,0.001499292185034,-0.059948513616498
3317,1670411836.004664660,-52.934018399604348,15.173297839759559,35.900939604583279,-0.677910845390138,0.733030361016627,0.011260213467872,-0.054558071107025
3318,1670411836.104619026,-52.913218076231139,15.018942884958234,35.906282448524266,-0.669965001982381,0.740363375998737,0.016509759036760,-0.052310567336339
3319,1670411836.203125000,-52.900363416154228,14.866806874077655,35.873612530428112,-0.683191964268296,0.728763344278918,0.011516784780313,-0.044945429833957
3320,1670411836.302923918,-52.889890395550914,14.711809678214465,35.837633256301132,-0.694479904563863,0.718070922227613,0.002385435947538,-0.045454620265628
3321,1670411836.403159380,-52.866609413145085,14.548014203415100,35.846680502241419,-0.715171566381643,0.697514301589813,-0.008166386419245,-0.044008406580496
3322,1670411836.501873970,-52.835474720562665,14.382150608993969,35.871721064128657,-0.722311306155892,0.690674693220475,-0.003742510039164,-0.034940503184406
3323,1670411836.602793694,-52.797307224835009,14.216564904345290,35.888576936236063,-0.724464823236403,0.688622393332154,0.000680944642380,-0.030813237560158
3324,1670411836.703558445,-52.760927081243771,14.061237602677737,35.884224655882093,-0.721941605791841,0.690954795894965,-0.009933371347043,-0.035820608455578
3325,1670411836.803779840,-52.730951142783802,13.915464457701493,35.858236549595084,-0.714829274880290,0.697419041534849,-0.026420017202135,-0.043906388712473
3326,1670411836.903820276,-52.699729600042609,13.763769629429254,35.823061710057779,-0.738912465323062,0.671392218689244,-0.038158072321539,-0.042247115764682
3327,1670411837.003492355,-52.668835204637062,13.588494247867441,35.811575944572887,-0.749313877000254,0.661817818268908,-0.014195735113901,-0.018010282096799
3328,1670411837.105273247,-52.642910399228398,13.399165003649211,35.812464878317819,-0.689872501983754,0.723908856343376,0.003514879673229,-0.004420897554041
3329,1670411837.204144716,-52.619748143198606,13.213374358416432,35.770646910722363,-0.692836474762213,0.720874305475317,0.013814261035784,0.011270365414853
3330,1670411837.304629564,-52.598993980480166,13.039209104342078,35.718042527977346,-0.713584591270986,0.700248443162244,0.005172135496366,0.020552322590923
3331,1670411837.404582739,-52.576450655748111,12.871887554254203,35.699081426244867,-0.717597452089067,0.696083922663157,-0.006734258823893,0.021810986296887
3332,1670411837.503449440,-52.550165992617956,12.700279276943311,35.716484224435085,-0.739083354570585,0.672674363722207,-0.001605700563754,0.035530509612363
3333,1670411837.604699373,-52.521603408737626,12.531080477195864,35.713226698123911,-0.739879309145859,0.671293879440012,0.003682668630741,0.043926908336253
3334,1670411837.705813646,-52.490128703333291,12.376030747119199,35.662872626015229,-0.712932179035590,0.700436789783972,0.005180093912835,0.033002700491677
3335,1670411837.806577444,-52.459561585832120,12.220460552099579,35.631724971237226,-0.685290524235066,0.728001712602915,0.003714471318035,0.019406353178234
3336,1670411837.906010151,-52.432353232257597,12.056361888173543,35.647326012894951,-0.689001395229071,0.724482317322544,0.007141176388877,0.018747076015556
3337,1670411838.006472826,-52.415243658160037,11.894319307058723,35.665814217813285,-0.663964646243315,0.747378471535724,0.020715231340254,0.012134579285477
3338,1670411838.104842663,-52.405526109975078,11.741962193016155,35.647960994195834,-0.652336849743232,0.757661146718702,0.018358821012293,0.008317145605105
3339,1670411838.203975677,-52.399718835672822,11.590159960430293,35.595825472391610,-0.676707373264603,0.736235612061646,0.003078579883480,0.003844066523288
3340,1670411838.302780151,-52.393698955848471,11.425671064313319,35.570917793197367,-0.702790506803735,0.711368471790966,-0.005152276039158,-0.003722222447816
3341,1670411838.402760267,-52.384903290289039,11.244781568950053,35.591467947425024,-0.709433205045170,0.704713860388105,0.004467198372962,0.007933895318804
3342,1670411838.503052711,-52.372074683270633,11.071726664995088,35.596807797456798,-0.723173769245841,0.690277763398234,0.013754981058025,0.018630870317524
3343,1670411838.603775978,-52.358296503274659,10.913098679189320,35.551791171753450,-0.713382726066861,0.700379945021665,0.017185648713438,0.016052172412522
3344,1670411838.704475641,-52.343311272813033,10.765817726793438,35.495926894959929,-0.691738873241455,0.722073761164065,0.010050738760024,0.002407765644961
3345,1670411838.804545164,-52.328430056736288,10.612725848824370,35.484885234225700,-0.682718644649585,0.730639395178882,-0.001774585176011,-0.007627405058371
3346,1670411838.904134989,-52.315637903231867,10.448783179413256,35.505480412976837,-0.669579419686462,0.742727381920895,0.001775487064615,-0.004035408648077
3347,1670411839.003424168,-52.307129209258541,10.284839160987918,35.509800753026575,-0.664792876259564,0.747022634039694,0.001757328125780,0.002127840405645
3348,1670411839.102331161,-52.299758721700556,10.127571780005853,35.464726974754932,-0.684248971939107,0.729191341473503,-0.007833195928611,0.004687532601667
3349,1670411839.202037573,-52.293222283593458,9.970187625030418,35.417873489109283,-0.705514501649017,0.708257503266397,-0.024743669486981,-0.002889264630973
3350,1670411839.301312447,-52.279335687629491,9.799799492897856,35.418877326087070,-0.720241058617580,0.693065398689583,-0.029982869629260,-0.003768043188650
3351,1670411839.402622938,-52.254423031606692,9.624989606660874,35.445312358315569,-0.732552661144226,0.680244298827080,-0.024347397413500,0.006441801219823
3352,1670411839.502703905,-52.221578300685877,9.464075955028971,35.431070197349683,-0.737730521482355,0.674773888732895,-0.019886599719144,0.006196766033215
3353,1670411839.604313612,-52.188234071083436,9.308407486772895,35.376723950223337,-0.708260427546673,0.705720542739117,-0.011612680600334,-0.013814049974030
3354,1670411839.704906225,-52.161710394084146,9.154863019124008,35.341581931718501,-0.686693077701642,0.725961903607733,-0.028816485477218,-0.024526347294789
3355,1670411839.804193258,-52.141086459549818,8.989770646017178,35.340809459067820,-0.685960950702861,0.726583577969986,-0.033260584385835,-0.020678778045949
3356,1670411839.903715134,-52.122933012819445,8.818477298892203,35.370136372128208,-0.667009357296566,0.744453655090508,-0.025116393238298,-0.016013728232520
3357,1670411840.003979445,-52.104581956809511,8.648459923234174,35.349026915613265,-0.663658376104421,0.747477683899420,-0.027961657156878,-0.007267573724602
3358,1670411840.102974653,-52.084817923523133,8.481795271604533,35.288709343323490,-0.695647206319607,0.717694219130494,-0.031409380122077,-0.001850136952717
3359,1670411840.201239586,-52.064124972750086,8.311401793960721,35.271235709649609,-0.722132035764813,0.690407514595778,-0.042678383099137,-0.006429799988350
3360,1670411840.302368641,-52.038126175752453,8.126927485998300,35.293251452192806,-0.735868212996197,0.676287815583640,-0.033236139952487,0.005303074198039
3361,1670411840.403875113,-52.006463323117273,7.950797808069463,35.308960617034735,-0.752839119883674,0.657674334174197,-0.021792703962010,0.014926747647293
3362,1670411840.504974127,-51.972453974016574,7.788023560115106,35.270831243767702,-0.740624852920329,0.671847115151879,-0.007632534365002,0.006166483439291
3363,1670411840.606025457,-51.941036146870786,7.630015131248044,35.221228775669523,-0.707763336953668,0.706404811617091,-0.004040224967273,-0.006854018576307
3364,1670411840.706311226,-51.915018525652535,7.465297096268633,35.217834657775221,-0.695219286205760,0.718515733107703,-0.010571706882082,-0.017132553162113
3365,1670411840.805628777,-51.896492340856859,7.292714874191649,35.241680176197924,-0.674828529871940,0.737857665961821,0.001707465307591,-0.013023233641245
3366,1670411840.904066563,-51.885150098492474,7.125408628201682,35.254350255479004,-0.658264165056495,0.752707427617114,0.006174755246867,-0.009038241540520
3367,1670411841.004240751,-51.877298339820037,6.963188373332534,35.214343929004876,-0.666158359645792,0.745806863722952,-0.001292346668536,-0.001868619236366
3368,1670411841.102175474,-51.869982979723666,6.808517515322982,35.179706084075370,-0.694565957250665,0.719247564454922,-0.015236713035290,-0.005377232560568
3369,1670411841.202181101,-51.860379866340018,6.644439154584333,35.185827420029042,-0.692177077394864,0.721193981240920,-0.025551025988536,-0.010829590108117
3370,1670411841.303192377,-51.844522495639112,6.476493066943207,35.213279543138341,-0.712178447049909,0.701454835602444,-0.027401808194090,0.003480528009219
3371,1670411841.404040813,-51.822876341859640,6.316449076894249,35.203401069451431,-0.725466172203303,0.687823408255628,-0.023756679165030,0.005780332114119
3372,1670411841.505093813,-51.799400524617035,6.161521214917226,35.151206375666447,-0.702026610963175,0.711649910362184,-0.026684295068192,0.000995478663322
3373,1670411841.606294870,-51.777522588556018,6.002722683260920,35.118450797327611,-0.677443956242389,0.734570425773617,-0.037821379374809,-0.006746776386803
3374,1670411841.705816269,-51.762237021321148,5.834966237502802,35.124993473595175,-0.673499857667035,0.738323108390430,-0.035623845741367,-0.002805522014228
3375,1670411841.805022717,-51.752564013870305,5.667209813454104,35.144390673667964,-0.655665618835321,0.754565893759605,-0.026571704791421,0.005181964544597
3376,1670411841.904541731,-51.741933802254671,5.505739546000679,35.119530261638417,-0.654879047491410,0.755025228451013,-0.028815670624396,0.015491761865739
3377,1670411842.003628016,-51.726377685474191,5.350397470899871,35.061174038109932,-0.672433447461914,0.739304193587019,-0.033489527222523,0.011875169284895
3378,1670411842.102988958,-51.706476798046275,5.187931651078439,35.041532110028086,-0.684592965820914,0.727936387091106,-0.037869043764267,-0.002650098423037
3379,1670411842.203607559,-51.681930225406425,5.013712860326301,35.058357281368153,-0.686595115974015,0.726537553861760,-0.026474442183137,-0.005425261310799
3380,1670411842.304251671,-51.657540004199262,4.846134797396084,35.077937451072145,-0.694051837629843,0.719775167267222,-0.013125006155865,-0.006594655524712
3381,1670411842.404666662,-51.634323907455475,4.687836366557463,35.045411155153673,-0.687596753075068,0.725934384714560,-0.005031241058693,-0.014305972987756
3382,1670411842.506117344,-51.622436998770155,4.527575559590304,34.984741593897695,-0.649252739366692,0.760151326182383,-0.005483410254129,-0.024713841061145
3383,1670411842.606224775,-51.626135806256521,4.359605455147324,34.962927539139528,-0.646877405291617,0.761898311004198,-0.020984484471025,-0.024904570335982
3384,1670411842.704318523,-51.637544935175576,4.181032063382560,34.980177982524872,-0.636281895244985,0.771152295497119,-0.020638692678211,-0.006597825210513
3385,1670411842.804477692,-51.650610522425623,3.999624560616026,34.995137250591064,-0.616261211108572,0.787420833781935,-0.012278925776964,0.006306995395690
3386,1670411842.903520584,-51.658575177413496,3.827310867599691,34.950789806219973,-0.623530661603090,0.781389755527026,-0.016681996822023,0.019007234945075
3387,1670411843.002085924,-51.659826541855352,3.660055595561557,34.902644495310746,-0.649302164529249,0.759950502853994,-0.023249692322643,0.018476584005075
3388,1670411843.102270842,-51.657881934920255,3.481278884097954,34.902255838212646,-0.659656269326443,0.750808404962165,-0.029592148203272,0.016268071219583
3389,1670411843.203275204,-51.650017398352830,3.300323362508652,34.927055148573672,-0.676384600575022,0.735601956283254,-0.023273277925594,0.029188842933827
3390,1670411843.302385092,-51.635210914688138,3.134900941040786,34.921301584606887,-0.682368720688470,0.730163671876923,-0.015727063004137,0.031410201948644
3391,1670411843.404013872,-51.616142627997704,2.974713645071432,34.872919381981689,-0.658510395847856,0.752364896054787,-0.006862904087244,0.016248762791653
3392,1670411843.505367994,-51.600331476662610,2.812669045972034,34.835455774002227,-0.649122720326022,0.760525081951793,-0.015237757488254,0.003017354054814
3393,1670411843.604934931,-51.596118520068913,2.638942657318113,34.847340671003430,-0.638408168587649,0.769579921284548,-0.011649963204481,0.006784791342992
3394,1670411843.704840660,-51.598773313404621,2.465528446860833,34.870873048991108,-0.620271015951483,0.784150277904412,-0.004824351900057,0.018679776810583
3395,1670411843.805916071,-51.601564146499925,2.298310926244649,34.851837273083305,-0.621170223914276,0.783218784354983,-0.006415602830470,0.025975542267921
3396,1670411843.904059649,-51.597344593537258,2.143144113395488,34.802175774353117,-0.641643489690398,0.766522277605369,-0.016052376080456,0.021898659657119
3397,1670411844.002887964,-51.585036965392753,1.982765352562667,34.781632659631434,-0.656298669045842,0.753995793215222,-0.027268620964994,0.004338563480269
3398,1670411844.103804350,-51.566160823276611,1.802595803740904,34.797283831014077,-0.659678562793551,0.751369216017033,-0.015973017879342,0.003654820434708
3399,1670411844.203704834,-51.545632642349872,1.626748634351338,34.811666223604512,-0.673184657011727,0.739385924417202,-0.004188913291734,0.010645437668668
3400,1670411844.303822994,-51.527045406629078,1.459965878441974,34.780175258559552,-0.660789390848615,0.750517676124437,0.007707481440024,0.004603639488782
3401,1670411844.405626059,-51.516855844283981,1.295100142351101,34.729296314059731,-0.635690022012921,0.771888091140174,0.008586117196499,-0.003639953389766
3402,1670411844.505475283,-51.515243888517965,1.124143097130505,34.725524816370140,-0.630297277567821,0.776349742903062,-0.002498193502967,0.000421442954179
3403,1670411844.604532480,-51.513490068317516,0.949952389439604,34.751040026718904,-0.620801661979074,0.783848990965285,0.006536419867964,0.011972095139703
3404,1670411844.704961538,-51.513292480636515,0.782665605296768,34.758476291208289,-0.601876663194803,0.798307468918731,0.016008886560098,0.013906218794691
3405,1670411844.804498911,-51.513144982408768,0.626661891431041,34.716186563760196,-0.611177313823443,0.791266010525355,0.016979059430453,0.008491360062243
3406,1670411844.902618408,-51.516167412235959,0.474179787898126,34.673363524778850,-0.624102454037019,0.781327460246139,0.002860536247802,0.003917149813771
3407,1670411845.002733946,-51.520406528400343,0.302501137069429,34.681541017629861,-0.635337565065525,0.772216149114230,0.003933612510328,-0.003595018277926
3408,1670411845.103012800,-51.521465643320504,0.134903249176953,34.708398611813585,-0.643837303101396,0.765111935775221,0.007646132831482,0.004334688240061
3409,1670411845.202722549,-51.518968708967648,-0.020237194818938,34.704447169259353,-0.646688018894298,0.762650436103847,0.011840357193146,0.004327178147302
3410,1670411845.303973198,-51.518181732272907,-0.169667099654029,34.655428216270323,-0.625361781142753,0.780239766696279,0.010638968381975,-0.005946553915229
3411,1670411845.404700518,-51.524571168972400,-0.321384623078882,34.618869452849971,-0.604971733230746,0.796073214535164,-0.001080666133169,-0.016597326656630
3412,1670411845.504415274,-51.540571750127015,-0.484492782416080,34.628973909380264,-0.595593339480662,0.803193032296911,-0.009302988158524,-0.007936072535523
3413,1670411845.604207039,-51.559146685171100,-0.650076198466266,34.658049482925570,-0.584768243808982,0.811191049931730,-0.003891408432518,0.000196172442361
3414,1670411845.703947306,-51.577465996501317,-0.809757827725523,34.640153265561729,-0.583157504650150,0.812279334160355,-0.008973274800726,0.007006311837945
3415,1670411845.801912785,-51.592978018193897,-0.964935941601773,34.585084483239619,-0.606812319782785,0.794537866955539,-0.019555377980507,0.010294354065044
3416,1670411845.901144743,-51.609333124687232,-1.128752971465124,34.562770335144130,-0.622764694627592,0.781945831948219,-0.026923057470533,-0.000000805030022
3417,1670411846.002351046,-51.626872229469420,-1.308953532797619,34.583024793649017,-0.625111044323083,0.780263284151944,-0.017234620248089,0.011329498428073
3418,1670411846.102411032,-51.641333839376287,-1.481627265987794,34.594901235520908,-0.633479311712309,0.773444828109333,-0.002129389825900,0.021966456300300
3419,1670411846.203129530,-51.653192401133204,-1.644559669520759,34.556366456477953,-0.620072349499188,0.784237500015318,0.010525762382003,0.019262224237031
3420,1670411846.304644585,-51.667678206551990,-1.803158578697773,34.506327694889400,-0.596081242319453,0.802763347694773,0.010837356476091,0.011862202889355
3421,1670411846.404173613,-51.685957163406975,-1.968195690793096,34.508981271457003,-0.598499428681578,0.801057474303829,-0.001438706777536,0.010163013952689
3422,1670411846.504607201,-51.707278268147540,-2.138607463187435,34.534314631718637,-0.591838154994574,0.805890556721344,0.003969102855533,0.015882540807541
3423,1670411846.606420994,-51.732896785405195,-2.302695187707227,34.545220113470194,-0.583647888273936,0.811706213162757,0.005845296363215,0.021307241416449
3424,1670411846.703715086,-51.757789983029930,-2.452809269000904,34.511011507397953,-0.594168394670820,0.804015585443164,0.001563751095868,0.022812536494137
3425,1670411846.803775311,-51.781384123345987,-2.607065700632112,34.467517295865051,-0.609915793063447,0.792267095790031,-0.009733374462632,0.014860542445911
3426,1670411846.904642582,-51.802418026789326,-2.773269256183686,34.463116836890990,-0.620084187108427,0.784392707483523,-0.014467722052827,0.003790298583487
3427,1670411847.003865719,-51.819824278660931,-2.940913526944830,34.488277360990402,-0.630550998241247,0.776032345155819,-0.004841221578232,0.012482005550283
3428,1670411847.104085922,-51.831514848546128,-3.102886141181069,34.491393599100796,-0.640946440534301,0.767310605908702,0.001878608883021,0.020458867395236
3429,1670411847.205158710,-51.842528875331361,-3.256704621152879,34.445991672870534,-0.623833548238642,0.781376262771401,0.006747217397837,0.015405035760092
3430,1670411847.304902554,-51.852374991073461,-3.406040761322222,34.405366195595839,-0.604050714712475,0.796915438946495,-0.002144852650964,0.006626977528966
3431,1670411847.403743982,-51.863724862486755,-3.566026386119313,34.416731573316255,-0.602819020943269,0.797693438699403,-0.014429294760121,0.009284465393695
3432,1670411847.503466606,-51.873076178042140,-3.729752922993368,34.445809405900029,-0.602447815555837,0.797864704365140,-0.013395110154098,0.017003355089119
3433,1670411847.601379156,-51.882477317462076,-3.884020503932182,34.447879375702868,-0.606019643671830,0.795006620708832,-0.015491043881125,0.021556717571652
3434,1670411847.700906277,-51.890595488166994,-4.038740392644931,34.406182785021151,-0.625606432189711,0.779351886036019,-0.025114122916984,0.024423565773075
3435,1670411847.801487446,-51.898812501075213,-4.199236983963199,34.378236337847532,-0.644038094450639,0.764100285759387,-0.033736116041475,0.015085114293541
3436,1670411847.901313543,-51.904381719637840,-4.372169496493564,34.399983975732930,-0.643752466122748,0.764576679673962,-0.030475836751138,0.008745663722006
3437,1670411848.002916813,-51.907597717577644,-4.540755903647881,34.424231754493086,-0.649568120905836,0.759932050921248,-0.020350134709213,0.012264024739182
3438,1670411848.104447365,-51.903039635358567,-4.699271731638249,34.412602402747751,-0.657937076169989,0.752811706071358,-0.016812610815036,0.010520224351200
3439,1670411848.205368042,-51.893284669059902,-4.852123000632294,34.367795182483455,-0.635911699850616,0.771603274097002,-0.015589389240537,-0.001291641975761
3440,1670411848.304512978,-51.882767477287068,-5.007770803229550,34.346628569517371,-0.610900184404657,0.791245346402322,-0.022271235887979,-0.015354430730197
3441,1670411848.404649734,-51.876160951404486,-5.176696656762449,34.362785147521066,-0.607335117449697,0.794053894670971,-0.020292781034866,-0.014514493036160
3442,1670411848.504890919,-51.876211551621736,-5.345327251144114,34.386307778427707,-0.587896667935856,0.808782227919696,-0.010472354518515,-0.011795991777279
3443,1670411848.602836370,-51.881750044315787,-5.505688456331820,34.366908322012115,-0.582156031779015,0.812932378943702,-0.012739825615937,-0.008543931853634
3444,1670411848.701893330,-51.890463489608138,-5.668192342225779,34.319095183887676,-0.608643470491760,0.793186277226291,-0.018226584397705,-0.008743401445481
3445,1670411848.801929474,-51.898606454345320,-5.845970128442895,34.317142066214863,-0.624130857775180,0.780836614982058,-0.022993433998479,-0.015038453016778
3446,1670411848.901349306,-51.901540226499101,-6.036603234955001,34.345068320186769,-0.632991465111349,0.774092802440260,-0.008671519396014,-0.005190670258983
3447,1670411849.002869844,-51.898046131695892,-6.222878156425498,34.354931033241130,-0.645099479384420,0.764020861433060,0.007359803469337,0.008038549989178
3448,1670411849.103630304,-51.891844148790149,-6.396213747913300,34.326243085924602,-0.643021705055983,0.765513071114921,0.020732602692550,0.009109553484706
3449,1670411849.204756737,-51.885462508428169,-6.560996647368873,34.299313114565024,-0.632058825200651,0.774696843327516,0.018496562783979,0.002078362223649
3450,1670411849.304834843,-51.878578629995005,-6.725461341871124,34.312594847934378,-0.626694465828532,0.779186565895257,0.006897565016242,-0.008646711808142
3451,1670411849.405092478,-51.873753991060902,-6.894398810668928,34.343700314298957,-0.618444229256448,0.785682730222986,0.013610071618452,-0.006644447252657
3452,1670411849.504194736,-51.875894420799206,-7.057577547037377,34.359466202640377,-0.611444536668821,0.791053898823789,0.018728601203128,-0.004306649568816
3453,1670411849.603591681,-51.882818204215901,-7.215927437685130,34.330142795495441,-0.618876625441803,0.785365416418477,0.013849575605963,-0.001036547699330
3454,1670411849.702749014,-51.885013703969669,-7.370889347029105,34.305594531010414,-0.642350557151202,0.766396782983236,0.000718534212617,-0.004606133853023
3455,1670411849.801998377,-51.882428002054283,-7.522068032391803,34.310745707733375,-0.659241205320124,0.751400441241213,-0.017430928675591,-0.022238993594291
3456,1670411849.902922869,-51.875753724319821,-7.684740062120621,34.326087630324402,-0.682833842205968,0.730147684554520,-0.016029226705218,-0.019114564319931
3457,1670411850.003196001,-51.861434593178799,-7.847349336156721,34.340004591002916,-0.712549250673739,0.701376779906568,-0.012271072980849,-0.013913976429685
3458,1670411850.103897333,-51.840593010712858,-8.007614439152004,34.307578633194197,-0.719647456124868,0.694022681945641,-0.006947364363866,-0.019793685012701
3459,1670411850.205184460,-51.818440544710732,-8.168752935443553,34.261420897359521,-0.702361224203655,0.710960108007373,-0.007881315166004,-0.034092820777149
3460,1670411850.306380749,-51.795907038780761,-8.339217992784167,34.252011295388925,-0.690810251801751,0.721375661868551,-0.014275322342277,-0.046846191321545
3461,1670411850.404774427,-51.774851852265364,-8.519208580531664,34.277208963925219,-0.683738341166336,0.728797940074118,0.000914722329288,-0.036804981264629
3462,1670411850.503924131,-51.754730282321852,-8.700436116900304,34.292112260427785,-0.679383845350529,0.733254784922196,0.010794479668934,-0.025661065334650
3463,1670411850.602752447,-51.736340729173541,-8.875969841700332,34.258098819239173,-0.709461490020675,0.704543865866734,0.012840175285602,-0.010838133872434
3464,1670411850.701114893,-51.717970691010891,-9.044420127300027,34.227012731577574,-0.736491111730198,0.676440581774993,0.002485482938385,-0.001674528258879
3465,1670411850.801674128,-51.687846928920258,-9.218765855980275,34.245532610150839,-0.747613485296559,0.664129730483617,-0.002342768989760,-0.000537702473796
3466,1670411850.903357983,-51.649585315932825,-9.385495466841363,34.273189258374465,-0.769251106478728,0.638809466808267,0.001005124438108,0.013198106767808
3467,1670411851.002454519,-51.603613759323622,-9.529057621315085,34.270683786648895,-0.796794137749459,0.603802661294544,-0.000816571496147,0.023254708613845
3468,1670411851.104253292,-51.549195788756059,-9.666780815020523,34.237938491491228,-0.791700113975967,0.610751429834719,-0.002051830073830,0.013762647951449
3469,1670411851.205903053,-51.484824266608136,-9.805289251848535,34.224028970960653,-0.787863692332863,0.615686881469164,-0.014157841645302,0.000147683271990
3470,1670411851.305230618,-51.416057332506739,-9.952471609997982,34.232941500944378,-0.783844034345666,0.620519314530829,-0.023324926667191,0.000507849259450
3471,1670411851.405359268,-51.342110308018306,-10.105995757579795,34.258638461762061,-0.776113715187172,0.630494904390703,-0.010331202156681,0.004116175132531
3472,1670411851.505308867,-51.267349540203675,-10.253986486955380,34.261286873060889,-0.781457566296419,0.623910340763757,-0.004742460585692,0.006121097428092
3473,1670411851.602955580,-51.189336962418203,-10.390713264502216,34.225911827030970,-0.798841340554943,0.601395658997671,-0.007312808198413,0.011058788152024
3474,1670411851.702424288,-51.101406656397181,-10.528638764169676,34.218391828333985,-0.814722425466721,0.579712939423751,-0.012651160180744,-0.000474818258296
3475,1670411851.804351330,-51.003561855191201,-10.678275529451403,34.241344510192867,-0.824518098864285,0.565574150660435,-0.017159392925552,-0.001157576942852
3476,1670411851.903066158,-50.907052253123084,-10.818140348698497,34.266593228415836,-0.842168612064721,0.539170051776072,-0.005757327451402,0.003812781319001
3477,1670411852.003201723,-50.809209929132592,-10.948591046338517,34.255130025759279,-0.849687423555513,0.527269016754576,0.003660713439143,-0.002294645805471
3478,1670411852.105327845,-50.709348236784599,-11.076314547155940,34.216952702967681,-0.838966386639599,0.544059480962649,0.004510907999673,-0.010692753273410
3479,1670411852.204323053,-50.608103684268777,-11.202149481430407,34.211872427561083,-0.838798035523211,0.544050472009368,-0.004465118255825,-0.020174296214440
3480,1670411852.304107904,-50.503087326374576,-11.338024303672167,34.230620563323114,-0.845612536689209,0.533447627648053,-0.003270520251847,-0.019036019751725
3481,1670411852.404889345,-50.401645657779916,-11.476960560131580,34.251246425656326,-0.843357016176890,0.537194104172549,0.003906530683988,-0.012497068675486
3482,1670411852.504024506,-50.307093280617970,-11.612355854202393,34.236562745574375,-0.847429166057567,0.530853000397965,0.004565220136690,-0.006169217823905
3483,1670411852.602386951,-50.210601481238037,-11.743163263858619,34.205662859300332,-0.863908402365527,0.503613661746643,0.001861658873973,-0.005664472668904
3484,1670411852.703880548,-50.107856502591275,-11.876085627504290,34.213034123161464,-0.869931910490036,0.492761966307928,-0.012098970114280,-0.016053989961200
3485,1670411852.804997921,-50.001301409294229,-12.009306958409745,34.237186215454976,-0.875515316119188,0.482765941547259,-0.011182987038993,-0.016879506023367
3486,1670411852.902364016,-49.901441724259847,-12.129981772667392,34.252816314383011,-0.887809444460992,0.459936511336726,-0.007947316189746,-0.013770839867122
3487,1670411853.003649712,-49.800603621389101,-12.249064505633015,34.231192941277179,-0.895034576030734,0.445457961989234,-0.010355677443899,-0.019315065481645
3488,1670411853.104797840,-49.698872789223067,-12.368523264323811,34.200127444507814,-0.887740690928499,0.459093801474226,-0.021010755447983,-0.026606301382198
3489,1670411853.203800678,-49.593158591350083,-12.494181240019801,34.208623499240055,-0.876985803710945,0.478207203045195,-0.032977473120287,-0.033559757325695
3490,1670411853.304185152,-49.482339283542053,-12.627887627066574,34.237832907857744,-0.877827878054717,0.477699740019867,-0.023733855990468,-0.025649151540127
3491,1670411853.403917789,-49.378939121742405,-12.754776652969081,34.253246631487855,-0.876111863786267,0.481429282867422,-0.016476936579183,-0.019553984035962
3492,1670411853.502135754,-49.282866682116371,-12.872129228168337,34.233334958758135,-0.885245661189929,0.464536119443964,-0.017203820654961,-0.015822187940385
3493,1670411853.602363348,-49.187581107634202,-12.984414116652516,34.222991882604553,-0.892871319392580,0.448886097959154,-0.027096868917461,-0.023405934290862
3494,1670411853.703737736,-49.087349881078701,-13.097944311979839,34.248454885170240,-0.894815855703436,0.443053257326843,-0.035367183239645,-0.041923238227683
3495,1670411853.802593946,-48.991953519522674,-13.207334796175061,34.272926699892217,-0.896453309250921,0.439577516635707,-0.033249168675462,-0.045139383955133
3496,1670411853.902934313,-48.902587434539065,-13.313752112164730,34.277751638936692,-0.902119731006887,0.427024989864088,-0.032898681152481,-0.052414938119443
3497,1670411854.003599882,-48.819781584580525,-13.422616543568481,34.259553245328512,-0.896799516894191,0.437131814465183,-0.040094819602410,-0.055306498006771
3498,1670411854.103153944,-48.733792276300470,-13.541078679615357,34.254048076883656,-0.890841291146955,0.447673615215810,-0.054277124954957,-0.055173561910179
3499,1670411854.202977657,-48.646090310528649,-13.666420496553139,34.277055583018019,-0.888957028575387,0.450929368492402,-0.062310418378786,-0.050353924761849
3500,1670411854.303231478,-48.563924032152556,-13.796441012477713,34.301230724727859,-0.882233434599081,0.465314964909284,-0.059602956832646,-0.039920393833075
3501,1670411854.402656555,-48.488587281668465,-13.924722161581744,34.300339903161706,-0.878637393504199,0.472600212939516,-0.063217514238953,-0.025473817128942
3502,1670411854.502327204,-48.404337994646994,-14.052379057901552,34.274247606485794,-0.881779809913541,0.466523101480486,-0.064705854800650,-0.025173695961933
3503,1670411854.602249384,-48.313026818730997,-14.176610462146687,34.272429309030478,-0.881880627321200,0.465264918274367,-0.068155837560375,-0.034203753962934
3504,1670411854.701915026,-48.218944056698405,-14.301229460249894,34.299675063105212,-0.883661306554099,0.461647326002725,-0.068403522113761,-0.036679692693221
3505,1670411854.802713871,-48.121415930509144,-14.423363512503228,34.316206199472298,-0.888910453229446,0.453087795270125,-0.060254188427943,-0.030316475612583
3506,1670411854.902161837,-48.020099786998422,-14.538079985724023,34.311155661815889,-0.895252614338588,0.441167156538471,-0.051948421923129,-0.034578287571533
3507,1670411855.002183437,-47.918321765744437,-14.656053814842629,34.284218616378901,-0.890594017490481,0.450819375312755,-0.048099576498274,-0.035925166575385
3508,1670411855.103237391,-47.814199505735786,-14.777930171503376,34.278134421468408,-0.882923078281648,0.465075871662569,-0.055884603327005,-0.032065285683189
3509,1670411855.204450846,-47.713597940717605,-14.896759252606573,34.297878645335288,-0.876642614105426,0.475816533171514,-0.068449208233713,-0.020274609422266
3510,1670411855.302863836,-47.614244901579802,-15.011386079612793,34.316498641214871,-0.873009912545038,0.483000717858100,-0.065230917955255,-0.017576304770343
3511,1670411855.403820753,-47.517738908113635,-15.125864326039473,34.315674078283671,-0.861639429663502,0.502784520384922,-0.067445282664223,-0.015373781473711
3512,1670411855.501989603,-47.420181058782546,-15.236578011714748,34.286903267213631,-0.867296882323939,0.492247432096743,-0.071478064933664,-0.019479983025581
3513,1670411855.601448536,-47.313878369766933,-15.348977127937820,34.275796402681451,-0.878862950537201,0.468826209420163,-0.084463253368025,-0.025842955795646
3514,1670411855.701862812,-47.200235136709118,-15.467750272984802,34.302816054925358,-0.887401427501840,0.452181306500768,-0.082617474052739,-0.035001792812655
3515,1670411855.804779768,-47.085193379564245,-15.589797012665032,34.329132568234158,-0.894306013863010,0.440005917970858,-0.074344323223903,-0.032931251471149
3516,1670411855.902399540,-46.979328145750237,-15.703813980451972,34.324218885719823,-0.897722876953039,0.434179177828975,-0.065256669619280,-0.036381929650783
3517,1670411856.003772020,-46.872044014988127,-15.823726028129400,34.290401680976700,-0.891142041890556,0.447636537393009,-0.064362508121686,-0.036672320818484
3518,1670411856.105798483,-46.761273072091171,-15.950120970526644,34.277499116192523,-0.882788909020793,0.462775885293401,-0.071818717683184,-0.036936349185206
3519,1670411856.203573227,-46.646982092493381,-16.083231014762017,34.291070896390139,-0.878796194619517,0.471717040678531,-0.065667954440479,-0.029799355955267
3520,1670411856.303861380,-46.529582270563189,-16.225665097682924,34.310550074045416,-0.872694047513697,0.486102053253086,-0.039508484966674,-0.023430170143092
3521,1670411856.403321505,-46.421909021677308,-16.368891931312405,34.294721607434070,-0.868292612559034,0.495253355980375,-0.024954427048223,-0.013012645245215
3522,1670411856.502655745,-46.321219900494974,-16.508348906482052,34.250178322088686,-0.876626989757831,0.480703681007383,-0.020252068345999,-0.006240642738060
3523,1670411856.601880789,-46.225442101352378,-16.646875078414659,34.243192164220986,-0.878109921968440,0.477829183700370,-0.021528734072404,-0.011779208549706
3524,1670411856.702641726,-46.124370882334198,-16.790223447196514,34.265133662015529,-0.875558876382853,0.482732201169046,-0.013945015915803,-0.013107725691068
3525,1670411856.802542925,-46.027595091930515,-16.927546720075153,34.278847147434618,-0.878399983772525,0.477889589685854,-0.004092575534873,-0.004273102363195
3526,1670411856.902475357,-45.936315915397245,-17.055599890564849,34.263645593420186,-0.883167544039143,0.469053588517906,0.000304760669147,0.001930641157380
3527,1670411857.003735065,-45.848206559647011,-17.179340342096445,34.228676185510437,-0.869465164004859,0.493959088508116,-0.004934418305641,-0.003224744675184
3528,1670411857.104582787,-45.757986152061136,-17.304708198883294,34.219840309384992,-0.868580937291534,0.494974320261601,-0.023611293678033,-0.003175604852099
3529,1670411857.203123093,-45.664133400211206,-17.435476865866583,34.228437726500609,-0.873246170486945,0.486104865516511,-0.033532743664341,0.004329036082213
3530,1670411857.304562569,-45.565801549620076,-17.574911134920182,34.244698255919744,-0.864365005957521,0.502182352347853,-0.023551048869561,0.011461656231810
3531,1670411857.404631376,-45.467773402224573,-17.710242288037595,34.231622303224995,-0.855597701188854,0.516997112350727,-0.019279070439642,0.017171982539634
3532,1670411857.502172709,-45.366504457333491,-17.841981145237821,34.195234065694933,-0.869020339678516,0.494178956691648,-0.017963159747522,0.016374763512064
3533,1670411857.603094101,-45.254310079039925,-17.983441908525485,34.194593528292202,-0.868466939895975,0.495299967800914,-0.019933214852214,0.006766324688484
3534,1670411857.704719067,-45.132506067863488,-18.129603269537153,34.218052794851957,-0.870902730792494,0.491385089961439,-0.005142136373897,0.006533398447777
3535,1670411857.802763700,-45.018299267656900,-18.261292587278302,34.235416280941649,-0.880054571210214,0.474747523917817,0.007395791279944,0.008002655637477
3536,1670411857.896059990,-44.916087626988684,-18.376584708904495,34.217796207230975,-0.880444268704247,0.473953082833784,0.013648885821414,-0.000269988945353
3537,1670411857.996339560,-44.810564078255119,-18.498400961052642,34.188123830148854,-0.872630008074981,0.488239137893507,0.007183951821320,-0.009370382718549
3538,1670411858.096129179,-44.703934554964938,-18.632945319476988,34.199624085410953,-0.873248225829699,0.487247948741773,-0.002853839004629,-0.004339139909458
3539,1670411858.195114374,-44.599664467266869,-18.779132622534728,34.223460739389225,-0.875107638168014,0.483771544208243,0.004503233982726,0.011464533050649
3540,1670411858.295528173,-44.503716940966797,-18.925248602497337,34.234931313458638,-0.868257882812556,0.495256868231828,0.013690418249754,0.025718784014904
3541,1670411858.400349617,-44.409167901170747,-19.068251161113636,34.210944966460723,-0.869430703017381,0.492854377787830,0.012319164726534,0.032141143827105
3542,1670411858.500601053,-44.315087072051135,-19.197572967781902,34.186368089868644,-0.872489462569500,0.487900514520857,0.005432023242863,0.026186232240586
3543,1670411858.600397110,-44.207796946515870,-19.333013311866306,34.208022574074619,-0.871717782547790,0.489702907009424,0.006752091448249,0.015924186558734
3544,1670411858.700832129,-44.098369198216915,-19.471778309214319,34.232552615612249,-0.869938718227913,0.492612320217268,0.020186116682310,0.011499964844469
3545,1670411858.800787687,-43.995659584898988,-19.601951500747308,34.233322699123065,-0.882865505516815,0.468569030988429,0.027930925088820,0.014540487983091
3546,1670411858.901925564,-43.896883218518539,-19.724245288311835,34.206262272457380,-0.872643661183527,0.487603764033699,0.025536647579712,0.009137260353567
3547,1670411859.002090216,-43.797414887851190,-19.842132613438253,34.189660692870440,-0.859166799593011,0.511550361694301,0.011984675958928,-0.002237290703478
3548,1670411859.101739883,-43.692300545825177,-19.968061718248354,34.211221788691880,-0.861314589479611,0.508071905554683,0.000307289822390,0.000149360525378
3549,1670411859.201372147,-43.588113892081353,-20.098092475636903,34.241928380262472,-0.857277859675916,0.514777930803311,0.008092903932755,0.003585829510299
3550,1670411859.301280975,-43.493063510320695,-20.226197897616668,34.243447137079073,-0.852188343581792,0.523170152763271,0.005492517142864,0.006152282211774
3551,1670411859.400002241,-43.402023783423715,-20.349845392650501,34.210874843055272,-0.865799923416364,0.500327515334783,0.000635532608611,0.007903550432772
3552,1670411859.499914646,-43.304306755238684,-20.476587409467818,34.203759259231035,-0.868000210221338,0.496437809189023,-0.011184631131175,-0.000201717066220
3553,1670411859.600039959,-43.195851954973989,-20.610975577553031,34.225985921367474,-0.868488402216570,0.495549248731026,-0.008156984641435,-0.009607335686037
3554,1670411859.700292826,-43.087903704412291,-20.740255542994166,34.244411084050867,-0.877447776840082,0.479613354484017,0.002376476160146,-0.007126112548020
3555,1670411859.800534010,-42.984192037933681,-20.860188085035347,34.230739038232059,-0.877131267157230,0.480011682450625,0.006172107450535,-0.013835822190621
3556,1670411859.902068853,-42.885411236681172,-20.977344317351736,34.194482771243280,-0.861414665683429,0.507299036315762,0.000323370035702,-0.024745846730813
3557,1670411860.001379013,-42.790917713119548,-21.094201034839760,34.186660769836749,-0.861602875199239,0.506151569581267,-0.016866327217148,-0.034155542230070
3558,1670411860.101205826,-42.695574722244380,-21.223373033051139,34.200232423913128,-0.866381233018579,0.497815415395971,-0.022760801099945,-0.032331365585629
3559,1670411860.201995611,-42.602152967529065,-21.360556075739837,34.221620239659941,-0.851493671550898,0.523413003888857,-0.015469472117778,-0.027532709659813
3560,1670411860.301997423,-42.511728615483982,-21.494966714078391,34.205918030464105,-0.852638868762820,0.521801652576063,-0.014243355855730,-0.022959130160246
3561,1670411860.400748968,-42.421854159458988,-21.624002088973278,34.163286584203810,-0.865733513454241,0.499788554382821,-0.019814745971198,-0.018007232774698
3562,1670411860.501658916,-42.325040108858595,-21.757809444951285,34.159798324675783,-0.865682278313030,0.498814254554214,-0.030270244824290,-0.029364004266487
3563,1670411860.602014303,-42.223957742209876,-21.899262183750963,34.180051033793639,-0.867316738831807,0.496468839525236,-0.023369074460963,-0.027097089907636
3564,1670411860.702053547,-42.128091665223238,-22.036677202006391,34.197101373882631,-0.876284804988204,0.481147632640271,-0.014788922040962,-0.020079440637492
3565,1670411860.802919865,-42.035472099769038,-22.168109632238263,34.169620320094666,-0.873090150170683,0.487047989128451,-0.011944893490858,-0.018845834562539
3566,1670411860.903518677,-41.942148153727103,-22.295434270139435,34.129414049907254,-0.857017311718390,0.514493798375673,-0.016382985283700,-0.023431957689253
3567,1670411861.003003836,-41.844091259877324,-22.428343976401035,34.138779060869645,-0.847569544513593,0.529221238349921,-0.029108156661646,-0.026522882727151
3568,1670411861.102221966,-41.743751493722932,-22.568332849912270,34.165795916310195,-0.847300595083776,0.530327226438863,-0.021255321198395,-0.019569000717849
3569,1670411861.201681852,-41.651385543113946,-22.708196276395913,34.182685081856121,-0.844296675146772,0.535527320922326,-0.013154232690680,-0.014162593130599
3570,1670411861.301313877,-41.564805373564134,-22.843763491310515,34.154378324000433,-0.852656481823333,0.522289542692511,-0.012141800010691,-0.006567670150419
3571,1670411861.400081873,-41.477999422655039,-22.974574857440135,34.122197333395505,-0.859753242789634,0.510255696756509,-0.019397878841434,-0.009338508269075
3572,1670411861.500834227,-41.381415405811381,-23.113888311955915,34.130231421456024,-0.856474907576705,0.515218497970322,-0.021555267639641,-0.023151727314894
3573,1670411861.602528095,-41.280044230315454,-23.259613144927123,34.155858297027443,-0.857134534072185,0.514351189767291,-0.006760982727089,-0.026786810157149
3574,1670411861.701618910,-41.186615854636955,-23.393813624483645,34.160083884631156,-0.862686602656728,0.505023321405785,0.007857602843682,-0.025720196546936
3575,1670411861.802669525,-41.099701693985416,-23.525023835339798,34.125935015771319,-0.855651180731129,0.516549989410539,0.012601911203707,-0.029637091412802
3576,1670411861.903484106,-41.018394030040596,-23.657679496491482,34.093606076364800,-0.847348077061958,0.530263987933884,0.003449057952015,-0.028450718780017
3577,1670411862.003566980,-40.934876426558851,-23.794247701518394,34.100112510083129,-0.843767607559008,0.535994518670855,-0.009833270969885,-0.025872904185247
3578,1670411862.102669001,-40.852610925487518,-23.936396377497065,34.121681151855917,-0.845625975067081,0.533558996688254,-0.008399632590926,-0.012686745729677
3579,1670411862.203778505,-40.773264778896930,-24.081629118118695,34.134734117324371,-0.835622147485444,0.549267653525993,-0.006328060549291,-0.000791878494740
3580,1670411862.294461727,-40.703577552669366,-24.209044116802325,34.111286834159614,-0.840330078409762,0.542033267335984,-0.005684128948225,0.003603761787536
3581,1670411862.395267963,-40.625368988589152,-24.346907094902477,34.075234637690166,-0.845705436426293,0.533503218124777,-0.012107300890947,0.003169276677268
3582,1670411862.496047020,-40.537565865066476,-24.491812255773958,34.086741045651742,-0.851806583703055,0.523608408432238,-0.015354184399613,-0.004901795651814
3583,1670411862.595022440,-40.447450913826287,-24.641012476052666,34.115364589248827,-0.851281936027963,0.524702891522796,-0.002428278059091,0.000210916495241
3584,1670411862.695116758,-40.358952066488790,-24.788296277100503,34.127100364749893,-0.862200117503409,0.506281481298782,0.009718447945327,0.013984664477686
3585,1670411862.797661304,-40.279176286633628,-24.929895521570398,34.099954055327281,-0.865432418102153,0.500650666067477,0.011354126445026,0.015707452903725
3586,1670411862.899382830,-40.206966753632216,-25.062741259051293,34.062088357273161,-0.834312131964009,0.551201544065588,-0.000421127774908,0.009997346086801
3587,1670411863.000376225,-40.129863037087851,-25.200368407950513,34.059576531019523,-0.810475341740076,0.585489038344530,-0.012201767135276,0.013543385414356
3588,1670411863.099774122,-40.047770218678728,-25.341127987186901,34.074696031623880,-0.805467126230141,0.592267584528651,-0.000766416943825,0.021005463199484
3589,1670411863.197713852,-39.969320067011196,-25.468134077332632,34.077914101461772,-0.800300648881615,0.598872983100557,-0.003187022780063,0.029323444506166
3590,1670411863.295869112,-39.888080759606453,-25.578315172768438,34.047041684210605,-0.810590769716180,0.584644355455897,-0.017091829261962,0.029007775801839
3591,1670411863.394753218,-39.799350501778044,-25.683826304941320,34.024529752671995,-0.818904860979093,0.572924570051729,-0.032342847654596,0.010305624747922
3592,1670411863.495954990,-39.697581355951534,-25.806116046903401,34.033984101095250,-0.836290425041869,0.547025855081440,-0.037074487842029,0.002553665397179
3593,1670411863.596739292,-39.591254853634979,-25.935452979674473,34.056066107155026,-0.843334869218105,0.536596589622262,-0.028442936439359,0.006434107035704
3594,1670411863.699231863,-39.484187419209782,-26.061378119977974,34.049379641456696,-0.844533138406854,0.535174821666441,-0.018559996713656,0.002686058255686
3595,1670411863.799822092,-39.382246226976740,-26.177300836224774,34.013758364470711,-0.834174387657421,0.551091048237532,-0.021050232506311,-0.002938577930853
3596,1670411863.899785995,-39.279826978306041,-26.294564249039109,34.000620614118986,-0.817394879789598,0.575225799074390,-0.030706730093755,-0.006163383805021
3597,1670411864.000898361,-39.168837658662568,-26.423538655734934,34.015567140973054,-0.822171701860496,0.568820795267905,-0.021751619242097,-0.001860803845420
3598,1670411864.099695444,-39.062217523038129,-26.551967723753062,34.039446707680241,-0.816884880984052,0.576733833787860,-0.008732085608689,0.000962738256982
3599,1670411864.197682381,-38.960593966719813,-26.676107195475144,34.027428323012685,-0.810621608897872,0.585568624696167,-0.001321873070409,0.000495591415104
3600,1670411864.297781467,-38.862475729772470,-26.798996368464760,33.990564575650239,-0.826798353450555,0.562495929657443,-0.001675199692678,0.000074540246398
3601,1670411864.396131039,-38.765907860221638,-26.920586179277450,33.987848572870867,-0.840415001205905,0.541769694979971,-0.011672199006994,-0.007209932019712
3602,1670411864.496022463,-38.665371905572520,-27.052089423850855,34.005087489517742,-0.835121341473220,0.549844592032722,-0.004559552578451,-0.014915767114818
3603,1670411864.597589254,-38.565712599176429,-27.183597281481632,34.015869807875575,-0.833775776029878,0.551754795353008,0.007519835237390,-0.018112238645098
3604,1670411864.699473143,-38.474116015657572,-27.315540680827262,33.991641261962833,-0.821650605558396,0.569504336331689,0.012155016960383,-0.020182885017161
3605,1670411864.797864199,-38.388341430714028,-27.442872562884940,33.960856828582685,-0.807365408743544,0.589518392828292,0.007284687415533,-0.024001970976909
3606,1670411864.898568869,-38.293962174692524,-27.575727899276284,33.958284678677501,-0.801959803750236,0.596954983644835,-0.003483899587282,-0.022205474868656
3607,1670411864.998615265,-38.199487882930413,-27.718525322994701,33.975765305758031,-0.795707161696377,0.605423198658285,0.005605277072213,-0.016776299365787
3608,1670411865.098085642,-38.109411101268051,-27.861127416508758,33.989953045815838,-0.791717992979921,0.610693106422586,0.011477405021884,-0.010238092290177
3609,1670411865.197227955,-38.026723455041967,-27.997977340283615,33.965698801559107,-0.799694460504873,0.600241935996000,0.013428359517297,-0.004250561170905
3610,1670411865.296608925,-37.949278517308478,-28.127827907012108,33.935833106451689,-0.820316456256721,0.571879730631079,0.002312831318187,-0.005397786493779
3611,1670411865.396426916,-37.859742011100032,-28.258527281764032,33.941640349815763,-0.831872009458972,0.554720669579991,-0.009448114082748,-0.013589398798276
3612,1670411865.498379469,-37.761453197620121,-28.394432332793901,33.965716737847764,-0.837308938190561,0.546507324636077,-0.001713618607221,-0.015509663329102
3613,1670411865.598262548,-37.669302781235260,-28.522669444130116,33.973361829269123,-0.843489458101763,0.536797329466081,0.006355303748616,-0.018269407859602
3614,1670411865.698420286,-37.583261071028893,-28.649351722416096,33.944889873443046,-0.839032590150911,0.543521384157837,0.004731640575154,-0.024216300404290
3615,1670411865.799254894,-37.493337449430264,-28.776776869328256,33.914684196958653,-0.827227042209994,0.561039843197364,-0.003005327916526,-0.030342758373224
3616,1670411865.900042534,-37.393686298284678,-28.917324336624997,33.925005318203503,-0.822206398690969,0.568138439291823,0.000921195251710,-0.034561584888249
3617,1670411865.997478008,-37.295291116986732,-29.066257889575816,33.954625348018197,-0.834257141212603,0.550711800664320,0.017183881964702,-0.020886578117553
3618,1670411866.098106861,-37.200036245884924,-29.221286231467403,33.975648460472456,-0.832243227663136,0.553397224339407,0.031618873773622,-0.011089135384422
3619,1670411866.196468592,-37.109570127548047,-29.367970229314789,33.963715231613847,-0.844257969232543,0.534711330874254,0.035902361847911,0.004826430955527
3620,1670411866.295374632,-37.024525871790111,-29.507208298604883,33.928215107903647,-0.870654705868155,0.490338002694955,0.035899838417979,0.015499285929410
3621,1670411866.398468018,-36.929484809599145,-29.657101003198960,33.927936248389955,-0.862801458254986,0.503773147443647,0.039985075785517,0.013691357208759
3622,1670411866.499541759,-36.833391618740059,-29.804647065477596,33.943194903529211,-0.858897438128544,0.509278491113790,0.052332150212188,0.013854794089167
3623,1670411866.599425554,-36.749801785942488,-29.942594515839673,33.944038736683396,-0.866167919732308,0.496053879519015,0.056233870564367,0.022834956581763
3624,1670411866.700425148,-36.677144712562551,-30.070470529394239,33.918381203191736,-0.862138406257926,0.504589603344329,0.041201385860622,0.020227368959415
3625,1670411866.804179907,-36.603123732750753,-30.204740686836278,33.903498261110173,-0.842217989380890,0.538434061828615,0.023678391240383,0.014034002074142
3626,1670411866.902041435,-36.528691682538295,-30.349318374985877,33.917894918493431,-0.837688087437201,0.544853661948552,0.028021885698443,0.025058514500287
3627,1670411867.001148701,-36.459356388593172,-30.506483355181029,33.929821639700158,-0.830717066872096,0.553759293905998,0.041172136187279,0.039555712886110
3628,1670411867.102856636,-36.394246021284658,-30.666355479978414,33.901345295027411,-0.829179089171903,0.553653167250340,0.039923787901910,0.065850585671539
3629,1670411867.198595524,-36.327547000840717,-30.812011230605243,33.861731691663643,-0.838419621734149,0.538288036399231,0.039144701998385,0.075935631070569
3630,1670411867.298729420,-36.246050209032752,-30.966745412614465,33.859495515186012,-0.841184414231386,0.533681400878766,0.034991385385410,0.079803173865999
3631,1670411867.400739431,-36.155026795611676,-31.126555365364780,33.874435231728228,-0.840284184861655,0.533423221989465,0.048354591579464,0.083928471849216
3632,1670411867.499651432,-36.063633082238212,-31.276538876151708,33.879475259437186,-0.849307755738007,0.515894655773664,0.063753023935325,0.092003218022764
3633,1670411867.599789619,-35.969909484043356,-31.411579827151716,33.852981636156720,-0.846469074102911,0.519920359423563,0.072637509617571,0.088863483168235
3634,1670411867.701247454,-35.873613940080112,-31.538732563747836,33.824322328036970,-0.842076605246448,0.529329798179265,0.071319744104722,0.075036322917324
3635,1670411867.800823689,-35.780705428470753,-31.673952429975426,33.827930657144805,-0.837484785663691,0.537637166626383,0.069697442406069,0.068613244828166
3636,1670411867.900397539,-35.693065500868869,-31.821286130277201,33.841246340717895,-0.835308931193850,0.538743447123359,0.080774270087481,0.074094567555675
3637,1670411868.001503944,-35.611289229678540,-31.977594017698770,33.840080453381866,-0.833423626908254,0.537700784716978,0.089231256086720,0.091217910319323
3638,1670411868.100420475,-35.535777392868333,-32.116502381714021,33.809687076217671,-0.842880439104476,0.520667982799467,0.088647498019419,0.102951630183676
3639,1670411868.199672699,-35.454623442665834,-32.239025170542668,33.788789133402837,-0.853891794341446,0.505883699984815,0.073016662722358,0.098076768966500
3640,1670411868.301784277,-35.356161868135416,-32.367140915894829,33.804021375998410,-0.852548087483208,0.510928032437858,0.074444122992730,0.081070196433379
3641,1670411868.401396751,-35.257111413866177,-32.492831271847528,33.824630365424241,-0.855388443224191,0.506534320758257,0.081158185250364,0.071742191626216
3642,1670411868.500394821,-35.160446116029370,-32.612456892681166,33.825256743819196,-0.861993623170428,0.494870648613880,0.086513789709984,0.067715573866081
3643,1670411868.601844072,-35.064623906148697,-32.724439091023200,33.794874732686111,-0.855482458417698,0.508369173446974,0.084028690928422,0.051475488626216
3644,1670411868.703204155,-34.964850850341733,-32.838419399855461,33.776034062030746,-0.846098052076560,0.526372572921326,0.078859729086171,0.028829566019786
3645,1670411868.802238703,-34.867262309263140,-32.972435532557363,33.790409803171478,-0.846694541447173,0.524025003681864,0.085781795833494,0.033876725098001
3646,1670411868.902896643,-34.778699032632382,-33.113668180697765,33.811600723324460,-0.847365027150615,0.520153982993936,0.095067719834686,0.048728568448242
3647,1670411869.001464128,-34.705886486201948,-33.238955114795431,33.808378248764910,-0.860084563370546,0.498767904951564,0.086775418852993,0.062889963625458
3648,1670411869.099546432,-34.640457413003496,-33.343528611452093,33.780413319769643,-0.875973060605436,0.473990013537825,0.061583883104250,0.064900612491398
3649,1670411869.200547218,-34.561425902235619,-33.446532923133645,33.771198968364615,-0.876367967168393,0.478072614855794,0.039290560020506,0.043382173059415
3650,1670411869.301080942,-34.464283409318078,-33.567331614106621,33.789763324266062,-0.863467954271385,0.502074075173111,0.044102929921668,0.019991161991729
3651,1670411869.400950670,-34.364359684982844,-33.704563231174440,33.801476087422991,-0.859879741818879,0.506587918722458,0.059720594012079,0.020222780837232
3652,1670411869.501430750,-34.272874089734678,-33.841724713107340,33.785873691646621,-0.861809038728055,0.501826368279372,0.067655908437504,0.029633678807366
3653,1670411869.602240086,-34.185766581781571,-33.960874039114593,33.752204403298016,-0.856939229944350,0.511155924011356,0.057805680153116,0.032144686536303
3654,1670411869.702542782,-34.093211459205129,-34.075987087427436,33.746247759207606,-0.849665481583164,0.524880744589665,0.043362450919143,0.026238735017804
3655,1670411869.801913023,-33.998686063745851,-34.201775896658603,33.760332513331520,-0.851957499602148,0.521055590950015,0.043732752562783,0.027512476527376
3656,1670411869.903283358,-33.909327105511430,-34.341542223572723,33.766070020850584,-0.838362503237560,0.541338259569890,0.054830824873044,0.033087498165249
3657,1670411870.001131535,-33.826777188619097,-34.472941158084851,33.735521643951834,-0.842454246653967,0.534248042730049,0.053222429070513,0.044913741523546
3658,1670411870.100628853,-33.741335457798073,-34.597474689201526,33.697630350120953,-0.852092351341783,0.519385031030304,0.045845431099449,0.045563261228628
3659,1670411870.200321436,-33.646482721990786,-34.729093495548220,33.700244800424166,-0.860878771184028,0.505484706066057,0.039950041503633,0.042153854412708
3660,1670411870.300110579,-33.548683201230915,-34.868030208376467,33.725201460688332,-0.867299844650011,0.492644749814866,0.049272041054174,0.051617786859483
3661,1670411870.400677919,-33.454199111680602,-34.998900893697851,33.736728943437839,-0.879178615576237,0.468465726720517,0.059879200449194,0.063240067640967
3662,1670411870.501057625,-33.363978674634133,-35.108749365414035,33.714626365040537,-0.876161546590880,0.475024586509964,0.055783631160167,0.059839560335127
3663,1670411870.600994825,-33.271255896927237,-35.209425188897065,33.692411240840343,-0.871160850400097,0.487023211874032,0.044890251462848,0.043266952165404
3664,1670411870.701689959,-33.173587677329017,-35.326600549168674,33.704391059740061,-0.866749995729046,0.495814152315099,0.039584535228577,0.036685635315442
3665,1670411870.801551342,-33.079007526930440,-35.457808200922756,33.725447625913418,-0.866306796216669,0.495375852959116,0.049323646125921,0.041018009053149
3666,1670411870.899900436,-32.993798090393881,-35.591612117146624,33.722211056107248,-0.860192792152447,0.504009408502619,0.058212055095854,0.051519249910441
3667,1670411871.000109673,-32.911783386706382,-35.722600560599410,33.685228670952348,-0.863206150718951,0.497820305206060,0.060045948417610,0.058690452069703
3668,1670411871.101585865,-32.827153901685698,-35.849006142731113,33.660261696976121,-0.863308725642406,0.498690341912445,0.053062270027262,0.056483472029329
3669,1670411871.200484753,-32.737285296080032,-35.976318366305698,33.671514663719492,-0.863635497612603,0.498851600812757,0.055024828038134,0.047466576971118
3670,1670411871.300926447,-32.645161947520315,-36.105338167306499,33.688483496890598,-0.870442348213683,0.485475641068649,0.062446149350716,0.052383191927382
3671,1670411871.402747154,-32.553986235623725,-36.227508135787261,33.684927755305331,-0.875341494521830,0.475709053544786,0.067594043524777,0.053937089500494
3672,1670411871.501715183,-32.468999850786091,-36.338037213433573,33.659316032258666,-0.867592935427693,0.491030620421063,0.064678063012371,0.044588971392421
3673,1670411871.603162050,-32.380656357325662,-36.454503022140166,33.646285227160071,-0.857214811605667,0.510633316732772,0.054132410569081,0.038808049839298
3674,1670411871.704410553,-32.285224295769559,-36.584951552448338,33.659109802159364,-0.854577676349694,0.514320214394678,0.055463290780819,0.045777019622658
3675,1670411871.802178860,-32.191612349586713,-36.717484956782563,33.678872605467021,-0.846958018920438,0.524712217196053,0.068557688229371,0.051371652652147
3676,1670411871.902451277,-32.100476954875255,-36.846490386837608,33.673704231608795,-0.838216843219013,0.537004817632320,0.078586454673972,0.053315276660701
3677,1670411872.003994942,-32.010342781981556,-36.963653050609359,33.642294659374421,-0.839292431846128,0.536549845556838,0.074012501195176,0.047165949005392
3678,1670411872.101025343,-31.917053703533078,-37.075434645481579,33.628453724013795,-0.850338571442677,0.521106685257423,0.064999610361620,0.033870151308871
3679,1670411872.200564623,-31.807286327213344,-37.201211354677909,33.638547443043166,-0.855983166075971,0.511486379074398,0.071228841263680,0.024514395528983
3680,1670411872.302440405,-31.691937055553893,-37.334345572616535,33.646781134256521,-0.860399999118199,0.500660999293809,0.091446472787643,0.026228761278950
3681,1670411872.401531696,-31.587079466087676,-37.455458473230053,33.622026653544914,-0.855392462774854,0.506485890243515,0.107076901912749,0.017615751161136
3682,1670411872.502461195,-31.488639713796196,-37.572596440647992,33.583536235576325,-0.841611707890202,0.529190561626209,0.107849908939153,0.003934433846339
3683,1670411872.603617191,-31.392575305466110,-37.699847987353976,33.575315176682196,-0.831656161899856,0.546421986635993,0.098806750211178,0.002875240421456
3684,1670411872.703296185,-31.300010984023068,-37.831580417777410,33.584136439927477,-0.828511417738519,0.550090644676175,0.103674602830391,0.014855640161917
3685,1670411872.802225590,-31.212318750257399,-37.960991595559157,33.593080663266754,-0.827207208357596,0.550327526681569,0.109525641833516,0.029529334546096
3686,1670411872.902979612,-31.131375421391773,-38.076559673422729,33.567326140277032,-0.831422216348037,0.544561374219050,0.102933224794148,0.039934435078714
3687,1670411872.992449045,-31.056545232950040,-38.168359276480352,33.537426545250646,-0.839891093187762,0.534731114885313,0.086914370414949,0.033037532788474
3688,1670411873.093470335,-30.955591053913761,-38.274869291923586,33.537002072844302,-0.841291386324497,0.535610084098704,0.070115921515896,0.020842232557021
3689,1670411873.194484949,-30.840045243957618,-38.393470186569310,33.552244571076379,-0.838365184600645,0.539682407616617,0.075577318610132,0.013220630482699
3690,1670411873.293777466,-30.725814305589687,-38.518475317980979,33.555837555241226,-0.840733833764983,0.533428851827889,0.090790090644859,0.019427821316666
3691,1670411873.394299984,-30.617181978852663,-38.635671071812617,33.527196694941203,-0.844188430710526,0.527099942233059,0.094317202512181,0.024815512541185
3692,1670411873.495828152,-30.503544929410381,-38.746071465634586,33.498912013211253,-0.843505609015509,0.529792252488528,0.085784208526250,0.021436565257330
3693,1670411873.596942902,-30.381649993296822,-38.862957796582400,33.504965082569797,-0.841538571642560,0.532847936312698,0.085544033388239,0.023835426507004
3694,1670411873.696471453,-30.266420417949618,-38.981079821630615,33.528500221017168,-0.838218034274176,0.535643269010721,0.098713510296910,0.027063966189513
3695,1670411873.796705961,-30.167059276274252,-39.090252727007119,33.531952861233691,-0.841477805642280,0.529749557637225,0.100669212580448,0.033855847841262
3696,1670411873.895527124,-30.077696664122236,-39.187117693157894,33.501357126361881,-0.855024035007346,0.510057206876092,0.084787927188731,0.039831553780310
3697,1670411873.994592428,-29.982248638479053,-39.291341699198988,33.482195665316929,-0.866415872260650,0.493607411420232,0.067888542448135,0.032655864559111
3698,1670411874.095610380,-29.872871158905411,-39.415331744215038,33.493801765735327,-0.872620048373426,0.483007375753133,0.063972953179497,0.033846527241729
3699,1670411874.195821762,-29.759728504682244,-39.537114240799035,33.509876835356224,-0.886683457376749,0.454694216252322,0.071342580050145,0.044225019987452
3700,1670411874.296126366,-29.651384902704841,-39.647165790127360,33.503040647873348,-0.889197056424898,0.448839046518447,0.078501652477974,0.041347257755930
3701,1670411874.398856401,-29.549026064140705,-39.754443274895905,33.467358389829869,-0.881489486021165,0.465532801263849,0.072863534167608,0.030763653394581
3702,1670411874.500753641,-29.446982588524410,-39.870572706763149,33.447948843700424,-0.878818912384825,0.472810719413412,0.058171265042963,0.027266220233587
3703,1670411874.601710081,-29.344869469404113,-40.000295551934535,33.457734126396005,-0.872786555622623,0.483915483503061,0.054759967633201,0.032722761118333
3704,1670411874.702878475,-29.254825688110095,-40.132491593004119,33.477313355572612,-0.861049430671114,0.502959598626051,0.063203875409434,0.040383043769646
3705,1670411874.800111771,-29.183458428654035,-40.247578162819273,33.467554068296742,-0.856747552254178,0.510257481171899,0.056568041707979,0.049203569706957
3706,1670411874.901979446,-29.110477549630254,-40.359672205392783,33.431795011832541,-0.861627981970164,0.503491024109093,0.032790825949254,0.054943344102494
3707,1670411875.001680374,-29.030030273528084,-40.477580297602792,33.417075159081783,-0.865749242882381,0.498235904830154,0.014222601501975,0.045132573527089
3708,1670411875.102621078,-28.936057707114454,-40.605145782645529,33.431297907548213,-0.866033544915516,0.497999158196400,0.010326538958664,0.043313971301161
3709,1670411875.201086283,-28.842126984616492,-40.719444884604393,33.452607212220059,-0.875678417851564,0.480846027068607,0.013712669115566,0.042265464235532
3710,1670411875.303076029,-28.746703551801485,-40.820333176728184,33.446851580822688,-0.871515453357660,0.489164508096910,0.011492102691350,0.032354754717526
3711,1670411875.403778076,-28.654017561951356,-40.912009761671193,33.407529255714863,-0.856599916581586,0.515817134714330,-0.003219486540785,0.012605608035024
3712,1670411875.502882957,-28.559586443106490,-41.016907241797860,33.399500253484760,-0.854211582575761,0.519453232388289,-0.022072771611547,0.001924657932296
3713,1670411875.602886915,-28.462763169834858,-41.138363757905097,33.422510756030384,-0.853742385474630,0.520167457598452,-0.023296045717538,0.002655099541925
3714,1670411875.704386950,-28.371990174381459,-41.266268969651186,33.437733546348461,-0.837017199745194,0.546825066717695,-0.018047442492661,0.007670955571364
3715,1670411875.803487539,-28.287715182464474,-41.389068114957013,33.409710909384117,-0.840564591777702,0.541065222299828,-0.022084827206239,0.014555159720604
3716,1670411875.902062178,-28.203505017097850,-41.513648020827510,33.367830445968629,-0.854216617232643,0.518622191232040,-0.031882052502547,0.018125350576535
3717,1670411876.002444029,-28.111124201579937,-41.651378931849095,33.366834436729775,-0.861805455668942,0.504931938626827,-0.042826342439773,0.022382991914263
3718,1670411876.102023125,-28.007268058362353,-41.790973559195663,33.385312193357954,-0.872511261954530,0.486446682092500,-0.034651462453427,0.029883095447929
3719,1670411876.202130556,-27.894674129601981,-41.922152219408751,33.388835766130462,-0.883339598456255,0.466784584641157,-0.017977262512006,0.038731426169183
3720,1670411876.302782297,-27.779657652392089,-42.045148764824695,33.354631427093032,-0.875705789427003,0.481585969122724,-0.003380426100665,0.034682811701670
3721,1670411876.403070927,-27.666064850964815,-42.168173462065624,33.319743640850533,-0.869392397060017,0.493225976100704,-0.000169813075372,0.029748404953291
3722,1670411876.503294230,-27.554739540397271,-42.300504015516509,33.319089534642004,-0.865934737034372,0.498938380655158,-0.003190957829338,0.034746817042049
3723,1670411876.603905678,-27.446832520454752,-42.436802464803513,33.336588600246472,-0.855845487346201,0.515678210392916,0.010284776191016,0.038713156598295
3724,1670411876.703473091,-27.350175629483235,-42.565498255511031,33.339593282563534,-0.850241192987471,0.523983959695438,0.016100060194960,0.047660379675902
3725,1670411876.804142952,-27.257508353380665,-42.683720261585670,33.305795169958337,-0.854830054473243,0.516459529678617,0.010921496028328,0.049151328546825
3726,1670411876.903633118,-27.164036118109610,-42.799283931668320,33.276964911317577,-0.863568264867865,0.502641972161399,-0.001094996676529,0.039996258788576
3727,1670411877.002679825,-27.060838390208080,-42.926587474385599,33.286231488389205,-0.865486289604025,0.499622169200864,-0.006924137952816,0.035541902932888
3728,1670411877.103457212,-26.950416474695405,-43.054767383620636,33.306861488498221,-0.872221202686758,0.487742869165190,0.003810394496852,0.036366853808838
3729,1670411877.203899860,-26.841745972740021,-43.173948232780880,33.303006216336520,-0.871836529207768,0.488554914633297,0.017211852816237,0.030313591823413
3730,1670411877.303537846,-26.741135509122326,-43.288952554648482,33.265836172568683,-0.860224549644563,0.509080522624679,0.020860599891174,0.020385804992003
3731,1670411877.404119968,-26.644953005489775,-43.412797027320643,33.243502474531503,-0.861345212325185,0.507515615292750,0.009213210424543,0.020674675140767
3732,1670411877.504074812,-26.548197400236244,-43.548231065519360,33.256196733185106,-0.858547836477755,0.512082357192296,0.010703243196644,0.023509838723837
3733,1670411877.593887806,-26.464705254512470,-43.672737020551658,33.273483822772725,-0.847917061552731,0.528788130852334,0.022388449558214,0.030307205807453
3734,1670411877.693419456,-26.377791880120391,-43.806330302716169,33.263942689153382,-0.844684283951294,0.533215724436978,0.027079296983447,0.038159708249949
3735,1670411877.792466879,-26.295200074752206,-43.933012607735371,33.228363064968441,-0.848247451866050,0.527794357536452,0.022691149152538,0.037342848118130
3736,1670411877.891565561,-26.214210560655278,-44.060852819834210,33.212587524730139,-0.853500397591959,0.520094102767647,0.005903576055502,0.031691376846715
3737,1670411877.991892815,-26.125375194180215,-44.196839467245859,33.225981650659712,-0.856361570761759,0.515156962097754,-0.001057929887371,0.035454834776385
3738,1670411878.091719389,-26.032583109969988,-44.327959188136575,33.246916115442012,-0.871267800220539,0.489103547707427,0.006174871069107,0.040398154489437
3739,1670411878.192556620,-25.938845455548542,-44.450468533704850,33.234890836552857,-0.871538071714961,0.488785018674844,0.010340932937655,0.037465453105212
3740,1670411878.294361591,-25.844417433953616,-44.569770546350220,33.195905415709852,-0.860940829404131,0.507779514517975,0.008268772031985,0.029537777673694
3741,1670411878.394873142,-25.751205744860453,-44.693946443370059,33.188103632500656,-0.857946331803374,0.512799343835067,-0.002374499123408,0.030972349949139
3742,1670411878.494829655,-25.658834213490959,-44.825115762270123,33.205668641482951,-0.845782099148901,0.532597875338929,0.004582873550623,0.031163138701929
3743,1670411878.594390869,-25.575784958563570,-44.956738472347666,33.225331762738314,-0.838291351422684,0.543762806239517,0.010374105782358,0.038496735052102
3744,1670411878.693612099,-25.499322301774985,-45.080036040788009,33.203998185852221,-0.837898159028612,0.544213722004432,0.008935960077108,0.040966431331596
3745,1670411878.791844606,-25.422098375416834,-45.195987828402082,33.165839879595339,-0.847183954728225,0.529736195655079,-0.004724925637339,0.040454727061874
3746,1670411878.891870737,-25.337353647878512,-45.317802637002806,33.164521282606373,-0.850416050946870,0.524918954607756,-0.018026340282683,0.030457879792341
3747,1670411878.992353439,-25.243393777427048,-45.444515842265822,33.184745896150623,-0.853819707378951,0.519637998905900,-0.014911558614203,0.027311221211981
3748,1670411879.092279911,-25.147433594884021,-45.567021052398772,33.197213033225097,-0.861696284542332,0.506713979924976,-0.006274084081411,0.026097732151884
3749,1670411879.193949938,-25.050077911575240,-45.687907933200499,33.167173505569508,-0.853443009299289,0.520848012666373,0.000055411650092,0.018771641089992
3750,1670411879.295879602,-24.950418218414601,-45.811790306114489,33.125306745652757,-0.844331151943876,0.535678672689992,-0.000501391358907,0.012369886374640
3751,1670411879.396243095,-24.854016903977943,-45.945141377723289,33.127202127263587,-0.836818000955543,0.547338513343559,-0.002537103493240,0.012237164438562
3752,1670411879.496180296,-24.762737850745228,-46.085146867695236,33.142959089380753,-0.823283319009349,0.567269212438347,0.008762792455243,0.018260085676511
3753,1670411879.595855236,-24.683793528006728,-46.225021121222113,33.149480561711563,-0.822718237758036,0.567360121876324,0.018054024278524,0.030186844355525
3754,1670411879.694206715,-24.611845937338234,-46.353956449478794,33.117540966097685,-0.829055958324499,0.557454915127807,0.013177614540472,0.041672365441849
3755,1670411879.793078184,-24.536357151424966,-46.476271904243859,33.083778843300742,-0.838391350877560,0.543288439549337,-0.002648739187535,0.043938575380439
3756,1670411879.893187284,-24.450585317753607,-46.604601299590257,33.093429438127863,-0.841194552233714,0.539628109332190,-0.009959865456530,0.033076124183086
3757,1670411879.992658138,-24.358009291052625,-46.730841523960422,33.119267567282478,-0.847041216930990,0.530728774265206,-0.004172013980499,0.028822548228200
3758,1670411880.092607260,-24.263301177719097,-46.851350950339658,33.127091295327126,-0.853609830650258,0.520206149446727,0.003241177654872,0.026931651684531
3759,1670411880.194090128,-24.170711987623715,-46.971367109239630,33.095873675259618,-0.841178998609931,0.540503916548742,0.008582537050534,0.014133242757403
3760,1670411880.294158936,-24.084730146049225,-47.090391677661898,33.063650969244918,-0.835674662012833,0.549178463469724,0.000155415213400,0.007130945020263
3761,1670411880.394406080,-24.002878668370506,-47.215220330899086,33.066702164853922,-0.827050366219130,0.561922119527770,-0.014103501227961,0.005684591043735
3762,1670411880.494515657,-23.923270481620396,-47.347824626138831,33.089002171538390,-0.812855498784542,0.582339434259752,-0.010670819814003,0.005731928668748
3763,1670411880.593806744,-23.851586981506198,-47.482780899417165,33.094266720066159,-0.807328394544555,0.589933956299646,-0.009085206478440,0.010781910313293
3764,1670411880.692862034,-23.779791896833899,-47.611930786211936,33.056727473865145,-0.814820810986730,0.579277979171679,-0.017705318788282,0.013805452412312
3765,1670411880.792426109,-23.703578229256792,-47.737641036900072,33.025027327798590,-0.825055885801982,0.564134983820298,-0.030923526260485,0.008845386209515
3766,1670411880.892563820,-23.621199402359434,-47.865327509111943,33.034349884953443,-0.824954979790988,0.563964448181856,-0.037089391369858,-0.004214208442695
3767,1670411880.992344379,-23.535024923152346,-47.989409832827498,33.059645826281496,-0.836662216968701,0.546582426427576,-0.034955031561834,-0.004704421970135
3768,1670411881.093610525,-23.448451696964408,-48.111647830657489,33.057720665592399,-0.842206608036868,0.538217890870966,-0.029801493496011,-0.011018271681549
3769,1670411881.194459915,-23.365811067915555,-48.233655452582028,33.013164339260747,-0.827496385318821,0.560342676786936,-0.025814516994471,-0.024483209917772
3770,1670411881.296753168,-23.284752020100104,-48.361943250906172,32.984352093940835,-0.820238280797910,0.570360628150090,-0.036367199066836,-0.023986316973589
3771,1670411881.397221804,-23.209322174179178,-48.492966432860634,32.996689104833315,-0.812239357821538,0.581312216170852,-0.044379383149343,-0.019333993055549
3772,1670411881.496682644,-23.134784008177590,-48.625658328071282,33.017387254021102,-0.795893643087580,0.604062007347288,-0.036267536740400,-0.018629706147146
3773,1670411881.595248938,-23.062374132218189,-48.757899345226377,33.010106292028830,-0.789438403921923,0.612864169080345,-0.030874549749063,-0.015207854827619
3774,1670411881.694738388,-22.989675363587278,-48.889266285150505,32.967879244145649,-0.797332856197583,0.602527275987183,-0.029234468391557,-0.019145338261123
3775,1670411881.793691635,-22.921096324881990,-49.019418559830342,32.943761469840105,-0.806440290151422,0.589379226690112,-0.041377775503003,-0.023959659035134
3776,1670411881.893372774,-22.848905804507218,-49.154336520854415,32.962948008978280,-0.811273572091358,0.582114312190673,-0.043267309412615,-0.033257460893787
3777,1670411881.994198322,-22.771631372465379,-49.290025171858048,32.983869692168660,-0.818214967223960,0.572804024835088,-0.036815329856146,-0.032625879773602
3778,1670411882.094733238,-22.691930448052087,-49.422976835361247,32.977667991417192,-0.822527274436710,0.566809084623775,-0.025828273553826,-0.038848998454327
3779,1670411882.195943832,-22.615829927147260,-49.558170396202847,32.940300754336391,-0.808523262760688,0.586292018228041,-0.022413015338823,-0.045270958464831
3780,1670411882.296603918,-22.549854997171373,-49.700654513292939,32.916643550705089,-0.803324103715900,0.593070234683875,-0.031379029275479,-0.044197710831994
3781,1670411882.396889448,-22.486184988204108,-49.849822625607189,32.923149690246632,-0.800015767878173,0.597921113284156,-0.036476336701145,-0.033683679968168
3782,1670411882.496506929,-22.420761782865885,-49.999295088559528,32.944488583907109,-0.786877022898090,0.616070981887279,-0.028807871421885,-0.021241531386014
3783,1670411882.596335649,-22.355334255385362,-50.144029439375878,32.933697335804247,-0.778836695835619,0.626500748702670,-0.027068483144594,-0.013323299707694
3784,1670411882.695230961,-22.284735620439513,-50.280613420259897,32.888695131556474,-0.797495085434176,0.602393514832085,-0.027719589900406,-0.018848510082673
3785,1670411882.794714212,-22.208482000642050,-50.419557369111182,32.873576429535220,-0.812127214807619,0.581755163024164,-0.038591556742129,-0.022825621826516
3786,1670411882.895223618,-22.121861764662537,-50.565667510062120,32.892505677212803,-0.825090354392141,0.563576793856883,-0.032228874757290,-0.023841227882094
3787,1670411882.996906281,-22.029468506156796,-50.704855932173416,32.911391031438313,-0.834981612145503,0.549320880920002,-0.020589135072331,-0.025067203297186
3788,1670411883.096757412,-21.939798219422073,-50.831590099271551,32.893516875013795,-0.832390607786878,0.552830892654396,-0.012165193825107,-0.036822387949901
3789,1670411883.197672844,-21.856055820574547,-50.958990670014202,32.852937853238821,-0.824310975596868,0.563827010556580,-0.014380278868780,-0.049027800858560
3790,1670411883.298839331,-21.781347938166792,-51.095578868552231,32.847303155687328,-0.820134936891148,0.569359898225545,-0.031396905553045,-0.047140491139184
3791,1670411883.396858454,-21.711854590828040,-51.236080858331206,32.867000155711956,-0.814735000504260,0.577420508479527,-0.032873520649545,-0.041373505781744
3792,1670411883.496693611,-21.644733277655661,-51.380960288664362,32.881743723885592,-0.806318315797134,0.589997450721009,-0.028870207430672,-0.030336329304892
3793,1670411883.596775293,-21.575906642576108,-51.519903709215257,32.853546384958932,-0.809514498357304,0.585765265665760,-0.034602773108691,-0.019182767840767
3794,1670411883.694556713,-21.505856040258664,-51.651437014385387,32.813442517725186,-0.821679537195487,0.568173923156067,-0.041773034259011,-0.016617605376497
3795,1670411883.794691324,-21.433091567220920,-51.792838253315402,32.816671964118427,-0.834605317867227,0.547874466606849,-0.053698851524097,-0.019595039499789
3796,1670411883.894970894,-21.353164503863376,-51.939925332818376,32.838489577788920,-0.843460553666724,0.534748963105568,-0.049993321799757,-0.010886167423368
3797,1670411883.996333838,-21.264336713583972,-52.080010678019413,32.847524083521279,-0.847753711446622,0.528831691933731,-0.039204234182650,-0.010663693409748
3798,1670411884.096557379,-21.174536263092069,-52.211635748030012,32.814257803504937,-0.837403787746121,0.545408296753547,-0.032428182415119,-0.015267582850505
3799,1670411884.197367668,-21.090251717768570,-52.347950637070134,32.775295073445470,-0.827962568732123,0.559422296181755,-0.035305409003244,-0.016679550604022
3800,1670411884.297006607,-21.013753344263023,-52.489971448745365,32.773763109052851,-0.820567040584478,0.569776705110259,-0.043077515572069,-0.012983292042710
3801,1670411884.396281958,-20.936546021148054,-52.634457758724182,32.792306228063225,-0.808772960071366,0.587016822126328,-0.035812602431786,-0.003873900511098
3802,1670411884.496343851,-20.860716034323143,-52.777309040685893,32.797345590611968,-0.802192342636156,0.596379007703620,-0.028410987447896,0.003512887501364
3803,1670411884.595072746,-20.784892317580255,-52.912199718404132,32.759994461265876,-0.812291380202615,0.582580854947398,-0.027804998226120,0.003023767672168
3804,1670411884.694398403,-20.709933228638825,-53.043946868746751,32.725759651055121,-0.820436023244633,0.570415877289112,-0.038862545047671,0.000401611058169
3805,1670411884.795259714,-20.631214995094982,-53.182776108539805,32.737774417247678,-0.823146031949909,0.566155600386350,-0.041703340459664,-0.012620524188636
3806,1670411884.895639658,-20.550392159296706,-53.318522772122236,32.759487037498594,-0.824952906164849,0.564010579847619,-0.033980582429536,-0.013787256720325
3807,1670411884.996664286,-20.468027369456255,-53.449006246411898,32.759564044957799,-0.819565072788480,0.572116602653913,-0.024324387113187,-0.020099965784206
3808,1670411885.096440792,-20.391636162033201,-53.577631335517978,32.725527262544837,-0.810077558526610,0.585188529484569,-0.020785342434716,-0.029945010788542
3809,1670411885.195878506,-20.327237155249264,-53.718438109685955,32.697754041443979,-0.812182056177814,0.581881217706865,-0.034603638235262,-0.024023828246910
3810,1670411885.295437098,-20.267712042342040,-53.872348298348129,32.700368290993197,-0.808941780935158,0.586302953060643,-0.042878102420062,-0.004848775379380
3811,1670411885.395962954,-20.204133005971411,-54.025283871378591,32.717479997044606,-0.797800814130300,0.602053786218082,-0.031747673085295,0.006097928104872
3812,1670411885.495842695,-20.133784012351121,-54.164203561869058,32.712904117347186,-0.791283000982182,0.610726775374222,-0.027394715320939,0.011556287038718
3813,1670411885.595239162,-20.057025166771005,-54.290881113925060,32.679527663678620,-0.796518372148502,0.603804704845629,-0.031147561321489,0.002861932897071
3814,1670411885.695288897,-19.980805835341378,-54.421538588973974,32.663872507982511,-0.805705722906238,0.590706210922535,-0.041506477744039,-0.013478603746750
3815,1670411885.795925617,-19.904168794400114,-54.565949141774489,32.681327596712016,-0.812744058326321,0.580931126680431,-0.039898315989052,-0.019345441072868
3816,1670411885.895225763,-19.824967548676394,-54.704296139639816,32.701702543553253,-0.818681532338793,0.572959163365134,-0.034933765910828,-0.016061684924682
3817,1670411885.995593548,-19.741697052475033,-54.832130270528197,32.685868500578600,-0.815663860583551,0.577444344217607,-0.028397114183802,-0.021073674930291
3818,1670411886.096342087,-19.663023260512674,-54.960032167561614,32.643996546042622,-0.810105565523982,0.584752523435134,-0.030628665996076,-0.029246262369973
3819,1670411886.195183039,-19.597408857801845,-55.102069279213914,32.633768952560288,-0.811925587255967,0.581477310885402,-0.048697813682524,-0.017014717954649
3820,1670411886.295325041,-19.534018235908320,-55.256479180187966,32.650042604574509,-0.806785558759555,0.588961548905135,-0.047005290806912,-0.003443649873983
3821,1670411886.396032095,-19.466553045805533,-55.403182504471850,32.660813307069120,-0.789681812899632,0.612255440759270,-0.038642873987332,0.007255199943587
3822,1670411886.494987965,-19.397338832777322,-55.537294111466849,32.635609318648250,-0.788149038228421,0.614383467152275,-0.036504495283704,0.004633643668490
3823,1670411886.595362186,-19.327811625551305,-55.669493012043809,32.595748420485634,-0.799784139699858,0.598531808523151,-0.045879403777314,0.000290481673888
3824,1670411886.695386171,-19.255253955758306,-55.802906544258050,32.594763485961380,-0.803895630508160,0.591741428652910,-0.058456012425158,-0.013296295613848
3825,1670411886.795485258,-19.173293934507516,-55.935340409365537,32.620970677518343,-0.809444684154729,0.584379770315070,-0.054406605399602,-0.018425759931359
3826,1670411886.895405531,-19.087639592886806,-56.062439583024073,32.641486684310884,-0.818212943259660,0.572570102720540,-0.045787482541956,-0.024383670671666
3827,1670411886.996364355,-19.004117948775406,-56.190019874620525,32.621019154222829,-0.811712495428182,0.581590822571610,-0.042600955844269,-0.032559152743676
3828,1670411887.093298912,-18.933724134832666,-56.321249874987863,32.584537569715579,-0.805494062859497,0.589921936724700,-0.043803679518126,-0.035392950283258
3829,1670411887.193165064,-18.870579606796532,-56.470488539200367,32.584138808794798,-0.802292010388303,0.593806812339903,-0.056119446123796,-0.023908313461585
3830,1670411887.293860435,-18.805560467473381,-56.624232595848014,32.603283951014326,-0.791605856643471,0.608530561457221,-0.054710946654617,-0.007578642125830
3831,1670411887.393454075,-18.739622653944121,-56.769118881088694,32.616801572911065,-0.784363983633335,0.618452853892107,-0.047717175958667,0.003504255995574
3832,1670411887.493203163,-18.669645206645917,-56.905094781450835,32.585744477585017,-0.789900600095414,0.611449001835685,-0.046536564279937,0.004637705043421
3833,1670411887.592290401,-18.597432994555284,-57.038641799052840,32.549999040107892,-0.799406803512173,0.598729683486062,-0.049705925323316,-0.000921736883869
3834,1670411887.692177296,-18.522542756110035,-57.182059987816331,32.561273574788366,-0.805663538055251,0.589922592770454,-0.052949699304728,-0.009691611363426
3835,1670411887.792609453,-18.444833775187103,-57.325442172573879,32.580362070546549,-0.809677511475928,0.584906353235752,-0.047718057876178,-0.005465556433467
3836,1670411887.893166780,-18.364119244555297,-57.458047955259900,32.583513724851180,-0.820128887953176,0.570942900109787,-0.034958436340084,-0.013810129889668
3837,1670411887.994782448,-18.283679969057154,-57.582616961443414,32.549654149217311,-0.808193343910291,0.587450348932314,-0.031914680205739,-0.026590592053774
3838,1670411888.094641924,-18.213200874708722,-57.712547908640808,32.516446906441260,-0.807103971066430,0.588116510056456,-0.043590081495768,-0.028320580555595
3839,1670411888.194717884,-18.152667273225273,-57.862395822404473,32.522981813876598,-0.810053661052893,0.583249004162806,-0.057695292423238,-0.017461918282278
3840,1670411888.295829296,-18.090354047111003,-58.018524045506560,32.541553767777650,-0.795312184187662,0.603861853343513,-0.052672507205201,-0.007416113800755
3841,1670411888.394352436,-18.022011601415311,-58.160121583394179,32.544252923223446,-0.784729434401270,0.618084695010483,-0.046236147024288,-0.005765699125826
3842,1670411888.493255138,-17.948957953659786,-58.293075615219777,32.510348521759276,-0.792118203948010,0.608401736640521,-0.048066321576306,-0.009257783595443
3843,1670411888.592873812,-17.878269804997156,-58.426698034126794,32.483687499119526,-0.797162327559015,0.600622061383020,-0.057732126119958,-0.021268862554785
3844,1670411888.692222595,-17.807820265040927,-58.567159283901390,32.491966990665219,-0.801884026278826,0.593308228544031,-0.061791387833269,-0.033899538793938
3845,1670411888.792396307,-17.731763714869786,-58.709622872456997,32.519303483634374,-0.807978343609051,0.585745789606264,-0.057064077601302,-0.028575466134824
3846,1670411888.893409491,-17.652598650657129,-58.848980419312824,32.519860795111704,-0.815239383296217,0.576180104685746,-0.048185042657126,-0.032854779732291
3847,1670411888.993993282,-17.579026080470157,-58.988682704169641,32.481758658166285,-0.805753233905612,0.589468389879149,-0.044957569205428,-0.035602813864520
3848,1670411889.097673416,-17.511721450995385,-59.141010834567922,32.457875384749045,-0.797296789909553,0.600163075638113,-0.055848376046868,-0.031671285629890
3849,1670411889.198036909,-17.448659448595738,-59.300315387390867,32.476821809892236,-0.794688354866192,0.604197521543351,-0.054400535358157,-0.021362475364143
3850,1670411889.297884464,-17.385906146394923,-59.457301997537343,32.500187776732801,-0.774658513235346,0.630764534551445,-0.043411677527445,-0.012478624858366
3851,1670411889.397218704,-17.323179116959398,-59.605702404118595,32.486801596017784,-0.771140298764332,0.635433282497612,-0.038926847981119,-0.007203028683957
3852,1670411889.495808601,-17.262250761610400,-59.748882558284812,32.448724761443920,-0.790314987778830,0.611307557151197,-0.040476563439560,-0.008181593616599
3853,1670411889.595212460,-17.202450213691829,-59.893575852259936,32.438973629132555,-0.796341173442873,0.602400452333808,-0.051863980578159,-0.016265239815025
3854,1670411889.695106030,-17.134406801221761,-60.041556060142113,32.456765908128624,-0.800905809603575,0.596125428215481,-0.052930488742196,-0.019563265056300
3855,1670411889.795207262,-17.059676374571740,-60.182739011745340,32.472935667099172,-0.810934451987907,0.583035499039579,-0.046036504891270,-0.018318342068509
3856,1670411889.896195889,-16.983178692777322,-60.317083374121445,32.456701206278893,-0.817864030556917,0.573500258672984,-0.039094707627250,-0.025835724467382
3857,1670411889.997155905,-16.915356015804200,-60.455570531290896,32.418655812536649,-0.815011651260214,0.577160234462969,-0.044804286747418,-0.025192220104706
3858,1670411890.098439455,-16.852984649308130,-60.603148487157171,32.408885036743314,-0.804286608942790,0.591137974150175,-0.058179526338256,-0.017149020613165
3859,1670411890.199796438,-16.786862770964742,-60.755344725229641,32.427325014036377,-0.793458137821716,0.606000719872738,-0.056024633644613,-0.006967888001730
3860,1670411890.298446178,-16.720563891850507,-60.897687165935253,32.440958837315698,-0.778773568000289,0.625454896197752,-0.048120490721745,-0.001523475978138
3861,1670411890.397665024,-16.654068162610074,-61.034007331491864,32.421944952374588,-0.778892314346328,0.625505085906254,-0.045459999099490,-0.001881127190009
3862,1670411890.496882200,-16.587911947678389,-61.165975323433479,32.387377730513080,-0.790635432483514,0.609753300874324,-0.055340987434451,-0.005822377886539
3863,1670411890.595156193,-16.517929295542285,-61.297600060353581,32.381640531113547,-0.799757522276593,0.596215372979218,-0.068245348769886,-0.016053253767813
3864,1670411890.694918871,-16.438554197441558,-61.438091188416692,32.400764580151652,-0.805684911374726,0.588463400939729,-0.064897076707017,-0.019261847586133
3865,1670411890.794738054,-16.355384859328357,-61.578373888102355,32.413744465592416,-0.819713584221132,0.569794047133526,-0.053635573881167,-0.022969738983703
3866,1670411890.895503044,-16.270777518813617,-61.716423633714754,32.387187086245532,-0.818188144628171,0.572327440769931,-0.048810018079019,-0.025040820010082
3867,1670411890.996174574,-16.189392206675084,-61.855671838513260,32.346963955900279,-0.803739878598363,0.592172933539629,-0.046934116454670,-0.033624589906492
3868,1670411891.097449780,-16.111617581556576,-62.005745665490785,32.349421695176780,-0.803006536178783,0.592811749886154,-0.055058277192109,-0.026894574986510
3869,1670411891.197277546,-16.036809558892323,-62.159722307283054,32.372814876369027,-0.800659171561384,0.597213979677066,-0.045838202317090,-0.013387034072437
3870,1670411891.297014475,-15.962932164138346,-62.308795660350206,32.380943399193050,-0.789910868247778,0.612046001649063,-0.037923512399588,-0.001522923739311
3871,1670411891.396729708,-15.885939971881143,-62.448593475867391,32.343851810786973,-0.796966446387660,0.603137047117386,-0.032393608219183,-0.004565071005726
3872,1670411891.495769739,-15.803599295108267,-62.582060994104417,32.306896485200880,-0.809433838263301,0.586173386099875,-0.032330331057032,-0.013129074464351
3873,1670411891.595353603,-15.713932273296191,-62.720888451031257,32.316213329501529,-0.814622784753658,0.578328097929576,-0.035565797006222,-0.025717771844896
3874,1670411891.695801735,-15.622765541770459,-62.861887141322853,32.337440021997821,-0.818994600745894,0.572520014230362,-0.023204256083948,-0.030499832037758
3875,1670411891.795994043,-15.534053417181925,-62.995538535374791,32.334444052273625,-0.824194511982282,0.564926744841964,-0.011690537337333,-0.037742690912491
3876,1670411891.896631956,-15.452589102089743,-63.127914992167568,32.295737592014341,-0.818862614097411,0.572580581514108,-0.012092698461496,-0.038330973773690
3877,1670411891.997154474,-15.380214167862743,-63.263818344642459,32.268532623640340,-0.818826440638728,0.572087788012241,-0.026254639186330,-0.039363902745653
3878,1670411892.097738504,-15.311470597522378,-63.406849954337083,32.276847340991665,-0.809547931110092,0.584921494669311,-0.040436915119593,-0.029391294711187
3879,1670411892.197595358,-15.244764982996186,-63.551486798337187,32.297143052371581,-0.802375017303274,0.595165781732555,-0.038790668009510,-0.021617306437752
3880,1670411892.297431707,-15.177328741380162,-63.692266175628340,32.293620833565441,-0.803192643890696,0.594328334542866,-0.038901836994758,-0.011918667618921
3881,1670411892.397626877,-15.105423250775566,-63.828042568695601,32.257252326724192,-0.811027941902320,0.583191716694208,-0.045198170662490,-0.008844455987483
3882,1670411892.496314526,-15.032759776088026,-63.961563166532834,32.238733672641942,-0.817553620391177,0.572829215409622,-0.055995139057827,-0.018366060012171
3883,1670411892.596196413,-14.956179227379959,-64.101249375646020,32.251970511939675,-0.824798458756079,0.561447694679688,-0.063794659055009,-0.020352642298139
3884,1670411892.696698189,-14.876497338350591,-64.242037790085064,32.274483217652843,-0.831787043300183,0.551600366117010,-0.060872311024509,-0.012724482231312
3885,1670411892.795918465,-14.794699451743620,-64.375436602249863,32.265447168066011,-0.838609739350937,0.541831146848504,-0.053489599717291,-0.017075599335690
3886,1670411892.896220922,-14.711194160321108,-64.508129767917168,32.222883417353486,-0.830519371992646,0.554179070119688,-0.052765416271868,-0.018410372942308
3887,1670411892.998655319,-14.630388481666586,-64.647204348613400,32.205197043440343,-0.817545564006891,0.571978004409852,-0.062855036814217,-0.022575597247062
3888,1670411893.096615314,-14.553550506440597,-64.789033691571291,32.219402158163874,-0.810021364936148,0.583028143085403,-0.059110922053483,-0.021200745537703
3889,1670411893.196373463,-14.478940203627390,-64.937655760250934,32.245671453564555,-0.794259177768176,0.605495414183859,-0.046121919853237,-0.020010758166295
3890,1670411893.296766043,-14.405196344553911,-65.085966135734012,32.230300281459577,-0.789625412228183,0.612145743388834,-0.040352986155352,-0.011871550983340
3891,1670411893.395230055,-14.333604451342620,-65.226389469098564,32.189070816493654,-0.801342335931734,0.596705824229283,-0.039713002559873,-0.014679829767514
3892,1670411893.494771242,-14.265404095809547,-65.364726635964715,32.181351612697327,-0.805403316642733,0.590015896248938,-0.050351682796851,-0.025912308927864
3893,1670411893.595252514,-14.192065347808969,-65.509624504479589,32.200178681835041,-0.807372229842837,0.587347964134658,-0.047693099742706,-0.029963640339735
3894,1670411893.695648670,-14.117122412909815,-65.651608100090286,32.221054691928835,-0.812894433044378,0.580172490357077,-0.042002364135299,-0.028953817803053
3895,1670411893.795757771,-14.040508921549717,-65.787665059811857,32.200199051956524,-0.811653734128576,0.581984783797803,-0.036316588023137,-0.034540305981876
3896,1670411893.896502972,-13.964129623011592,-65.925573844961136,32.159289156156973,-0.800890105081341,0.596247920474265,-0.038071616549710,-0.040174729945643
3897,1670411893.997145414,-13.889030484547281,-66.069719191078093,32.155695294771533,-0.789292459268712,0.610257619993569,-0.049319641444389,-0.046589955453193
3898,1670411894.096368313,-13.811408269232013,-66.219408018960451,32.173703288871927,-0.782402002080533,0.620174998488435,-0.043986443283968,-0.035989876319173
3899,1670411894.196113110,-13.738439569559100,-66.370235378859036,32.190227377993850,-0.768869177754471,0.637650477512751,-0.033551129037761,-0.033412239781510
3900,1670411894.295147419,-13.668768095258669,-66.517050862013534,32.158685162942767,-0.779115373847995,0.625506143875003,-0.031621588875901,-0.026858393944665
3901,1670411894.393773317,-13.596283156777362,-66.657226661562902,32.117299987413780,-0.799225040961307,0.599458161307119,-0.036350687067425,-0.023830113143082
3902,1670411894.493657827,-13.518447651247005,-66.794784110128532,32.118511017359218,-0.806624120723548,0.587970983399859,-0.044323136372856,-0.041025725207961
3903,1670411894.594567776,-13.435798789228961,-66.939406578894577,32.138702753860223,-0.812734339050262,0.579851283852306,-0.036049452898385,-0.043997950964708
3904,1670411894.694355965,-13.356919767214041,-67.080331344646908,32.148252240325412,-0.826075283619628,0.561546150548218,-0.027873247459550,-0.038582750981329
3905,1670411894.795500994,-13.282538690522397,-67.219868945070786,32.111352635336097,-0.820778817919802,0.569317613736536,-0.024723966397055,-0.039853635080196
3906,1670411894.897430420,-13.213570674908119,-67.361925267394156,32.075497051940410,-0.814028860173890,0.578622266248379,-0.034101416394257,-0.037287815777974
3907,1670411894.997295618,-13.146286729361631,-67.504303227194328,32.082417363517465,-0.807687214768173,0.586892132866928,-0.045241017056718,-0.033944629245487
3908,1670411895.097210646,-13.078486376271023,-67.647665678154226,32.107372731646635,-0.793489087040532,0.606477325784982,-0.040476745777164,-0.030363713665683
3909,1670411895.197323561,-13.012691698474038,-67.789590305666906,32.110684730612192,-0.788654693212394,0.613100472235089,-0.037883835159312,-0.026389407966038
3910,1670411895.296176195,-12.945778397271827,-67.926591982453118,32.068978468182102,-0.795181216938686,0.604350291097840,-0.043179916469517,-0.024146484041213
3911,1670411895.395123005,-12.878479441062806,-68.062318210859402,32.044422557202601,-0.805938042566438,0.588620711412533,-0.056766965394933,-0.027695510109623
3912,1670411895.494607687,-12.807924911440892,-68.203594132171105,32.058668258039113,-0.817796151718228,0.570415343565997,-0.067631468933630,-0.035521464908173
3913,1670411895.594407320,-12.732882854155090,-68.347415240077822,32.083874163962001,-0.829137769605658,0.554239996337824,-0.066817754162368,-0.029731686825686
3914,1670411895.694451332,-12.653477490809095,-68.486006790697587,32.084612791538625,-0.836950469110265,0.543114346002589,-0.061357237818553,-0.027856934317403
3915,1670411895.796095133,-12.571915608529663,-68.621179562422839,32.044625498968323,-0.827276400744150,0.557364725723215,-0.063420589917274,-0.030596536827469
3916,1670411895.896707535,-12.495214085442996,-68.758687596974454,32.019581829658314,-0.819397569794102,0.567311490938411,-0.073826664804337,-0.035984975039948
3917,1670411895.996138334,-12.419544616900980,-68.903536013183796,32.031008904963279,-0.815912991993859,0.572163878879842,-0.078686739151350,-0.026886470250480
3918,1670411896.096389532,-12.345749625122092,-69.051831352592743,32.053171110820571,-0.798899011572096,0.597252728509052,-0.067898130463741,-0.020961666850436
3919,1670411896.196222544,-12.274416810197128,-69.197704064339177,32.043833406453174,-0.798955055391316,0.598297534047821,-0.058215983282740,-0.017938213606131
3920,1670411896.298757315,-12.197834786441975,-69.343063366297855,31.997137791868262,-0.816801018730262,0.573740224530802,-0.058922110480558,-0.013654136848156
3921,1670411896.398688316,-12.121164777610883,-69.481518347055484,31.983203778548578,-0.827341804399233,0.557220921229261,-0.067064699864364,-0.022643093206038
3922,1670411896.500755548,-12.033431739335867,-69.628946697776868,32.004784599455697,-0.835484534978188,0.545116946125368,-0.063033870722023,-0.028979958609934
3923,1670411896.600752354,-11.940101074797875,-69.773201566949723,32.045645263696194,-0.840823795323805,0.538537775378683,-0.052034884528860,-0.016875440720756
3924,1670411896.701727867,-11.838651253811442,-69.916676418926912,32.057297081696063,-0.847239006349374,0.529794931680215,-0.031089000979721,-0.023170466205193
3925,1670411896.803094387,-11.742660733701770,-70.057298219819558,32.006564890734658,-0.828242099364284,0.559302823298194,-0.016853080839796,-0.030188579918907
3926,1670411896.903134346,-11.659813092829086,-70.204892418262673,31.975464973068153,-0.821107407814501,0.570072092671093,-0.019891271493631,-0.020118929099680
3927,1670411897.001332045,-11.578046584748629,-70.361464613540647,31.984798219150022,-0.829465507598313,0.558426830598673,-0.011068346353208,-0.004892676282015
3928,1670411897.101350069,-11.494488640591848,-70.528501690469042,31.994507461500543,-0.807756238709903,0.589199089194332,0.017472035842618,0.008307832528066
3929,1670411897.199906826,-11.416102846425421,-70.688024302117526,31.966068825356952,-0.813656376768945,0.579811209457130,0.033377792316958,0.025849272932504
3930,1670411897.298622131,-11.341804592138791,-70.833420327880305,31.916063711015294,-0.826820001788376,0.560359010368368,0.032488064672648,0.036207593063874
3931,1670411897.398586273,-11.266923330347344,-70.977862102751303,31.911433669172261,-0.827611923058720,0.559847479200751,0.024253360627968,0.032265761138730
3932,1670411897.498733759,-11.183985357071116,-71.124189045744814,31.928125020416676,-0.825856640278971,0.562490957074308,0.029322214482213,0.026550718533016
3933,1670411897.598887205,-11.098847177785219,-71.257617911386944,31.944285487297758,-0.838277310712381,0.543121942746137,0.034148773885079,0.033816665930070
3934,1670411897.699431658,-11.014031355975277,-71.374430647504383,31.927169343190229,-0.838231816799598,0.543517207458581,0.033868422359686,0.028449893991670
3935,1670411897.801716089,-10.928816960544834,-71.489220159066278,31.887926952365873,-0.827655802055390,0.560675664797511,0.022595927211470,0.010867212217178
3936,1670411897.901582718,-10.846896695333568,-71.610794055293979,31.881686231159012,-0.829006223057560,0.559149261191760,0.003009657275151,0.009577463319389
3937,1670411898.001283646,-10.760455762986801,-71.738712190237294,31.905279953013117,-0.821129041344868,0.570663356230190,0.003666200495430,0.008774411095978
3938,1670411898.101278305,-10.677460085836413,-71.864837875251524,31.927103735880991,-0.809451802318940,0.587040398198144,0.007932110590089,0.010413079639194
3939,1670411898.200139761,-10.596656012967230,-71.982768478170385,31.904568526726415,-0.811277758016366,0.584606250544219,0.001776716343601,0.007795797047299
3940,1670411898.298919201,-10.513205539391432,-72.098444922569485,31.866038303458573,-0.825697937344257,0.563980182743024,-0.011489143325396,0.004155637644573
3941,1670411898.399224520,-10.424907204400142,-72.226240102647139,31.871339533548017,-0.839711538997180,0.542309118562434,-0.027638123648756,-0.004635226013832
3942,1670411898.499040604,-10.331422165310288,-72.362643306211083,31.891298089157726,-0.842218535650346,0.538669070707854,-0.022324019769010,-0.002282238172809
3943,1670411898.599456310,-10.232526806071855,-72.497487068664270,31.900635096128372,-0.853139726318979,0.521547883228085,-0.010494180876802,0.005503184932895
3944,1670411898.700800419,-10.134199414841790,-72.625790162077251,31.869519051545868,-0.845881877129295,0.533359680984485,-0.001337054425088,0.003084303780929
3945,1670411898.800875187,-10.042896108008071,-72.751055595791740,31.835334385980897,-0.838525597929195,0.544846138963415,-0.003756388351213,-0.001842829536295
3946,1670411898.900782108,-9.955979495057752,-72.878622084895540,31.841103784695363,-0.830813223195534,0.556330119285374,-0.015663120314437,0.000923689008880
3947,1670411899.000910044,-9.869902856271899,-73.008098803362017,31.863772263203291,-0.815629704522269,0.578528178246377,-0.007302727046061,-0.000047471406193
3948,1670411899.100291491,-9.789874290462109,-73.136711970568982,31.873877695691640,-0.800593183256271,0.599198062646545,-0.003438288030782,-0.000644064931057
3949,1670411899.199349880,-9.711588023416676,-73.262804763741826,31.838972071799663,-0.805775430058275,0.592172962158456,-0.006716660940145,0.003467804593369
3950,1670411899.298783064,-9.631934058470975,-73.388942009341321,31.802767728157690,-0.816804064278516,0.576704226152724,-0.015592207709055,0.000489054643626
3951,1670411899.398478508,-9.542143335514595,-73.521976847424909,31.811439436571778,-0.821490177310060,0.569797230943390,-0.019337750687771,-0.010538291639004
3952,1670411899.490996599,-9.452788535662153,-73.646666933511639,31.830029945035875,-0.825230983749821,0.564564841385294,-0.007212599229886,-0.014434048054871
3953,1670411899.591253519,-9.355479147776402,-73.775733148782621,31.832230413014766,-0.835396081103445,0.549323823065887,0.005739517395653,-0.017993972028142
3954,1670411899.692300797,-9.262036260820766,-73.905246697585596,31.794108848545964,-0.826614874646064,0.562143562315332,0.011120979867943,-0.024058016711193
3955,1670411899.792543173,-9.175848358243634,-74.041578189923143,31.757321316512371,-0.824202759659296,0.565724184127741,0.006764723171570,-0.024498918004973
3956,1670411899.892769814,-9.090319030440943,-74.187480663199352,31.767190349482483,-0.820359925754558,0.571689448000101,0.005697102492188,-0.012178270998376
3957,1670411899.993794441,-9.006132429715278,-74.333278329568572,31.788183494870850,-0.804773085629915,0.593223820410980,0.019695117107367,-0.006154827766311
3958,1670411900.093096972,-8.931164393800193,-74.470624509878832,31.788043001411612,-0.799878307015279,0.599636595133753,0.025094348926804,-0.000959893072733
3959,1670411900.191861868,-8.859727171691082,-74.597992094860913,31.751694635980225,-0.807629389223455,0.589311317105410,0.020986969708957,0.002547213471952
3960,1670411900.291907072,-8.784546959600153,-74.725611356810049,31.723441396412859,-0.817997505587414,0.575121141705063,0.008929189276049,-0.006001899324844
3961,1670411900.390991449,-8.699435588874435,-74.863322176840398,31.739590042372569,-0.826213697611841,0.563106710474804,0.007289288394435,-0.015120342969570
3962,1670411900.490571737,-8.609766330154955,-75.002353534795816,31.760971845064613,-0.830765749837600,0.556157137535556,0.017519537689911,-0.014511135867278
3963,1670411900.591500759,-8.519355483033028,-75.135908988001290,31.758391503359771,-0.836011566969685,0.547991956210977,0.026339458937339,-0.009783083555134
3964,1670411900.692450285,-8.437104011547323,-75.266630369576148,31.720828985969995,-0.826732219534038,0.561608466487991,0.027525693867653,-0.018764427261043
3965,1670411900.793104649,-8.363252200924883,-75.400783720911420,31.692885385813376,-0.827064681863614,0.561566881748732,0.013801095363181,-0.020400468220632
3966,1670411900.893833876,-8.288614525328191,-75.544649611179679,31.703256218922011,-0.820041579775176,0.572203648980728,0.005587782924525,-0.009141565235897
3967,1670411900.994204044,-8.216290196290094,-75.690793633776195,31.724643200953640,-0.809556284849667,0.586894270429523,0.012898125920309,-0.002715758668633
3968,1670411901.093727827,-8.147677086858925,-75.831134337530543,31.718537281125073,-0.808338329357736,0.588477115578015,0.015988053582809,0.005311485174336
3969,1670411901.192911386,-8.076764434195240,-75.962286578369103,31.678965604071777,-0.821986396276539,0.569404876741123,0.010095172531097,0.003812895396140
3970,1670411901.292385101,-8.001025715045845,-76.088540127411363,31.658608134229969,-0.832666836349484,0.553710239566202,-0.008169327371973,0.002042629082773
3971,1670411901.391902924,-7.914472730389904,-76.221585450754390,31.673704788123462,-0.839455988912844,0.543297572285161,-0.009400001086319,-0.007282211682322
3972,1670411901.491779089,-7.821443236845523,-76.354832127899741,31.697652509645469,-0.854012991537755,0.520221529890891,-0.005134592210878,-0.002237428332301
3973,1670411901.592144728,-7.726050063007058,-76.478151354781517,31.685664645081054,-0.859655598185333,0.510802298044668,0.001222279381114,-0.008471768057326
3974,1670411901.693370104,-7.631696930697824,-76.599293706441273,31.639512988120003,-0.848019732003519,0.529715216140316,-0.001916708043164,-0.016144663278491
3975,1670411901.792836666,-7.540604651918604,-76.723678768897884,31.618016886924742,-0.847634894951052,0.530100868997336,-0.014352967264316,-0.017382343924164
3976,1670411901.893728256,-7.442370796800700,-76.857371588232752,31.627100031242531,-0.840894585253840,0.540746333940047,-0.012686405601057,-0.018131572852249
3977,1670411901.993135929,-7.343999848899926,-76.993139002476440,31.651449884885135,-0.832749942549720,0.553528302420981,-0.001596456325109,-0.011463111688661
3978,1670411902.091965914,-7.245107018870668,-77.124498255959566,31.641524246380815,-0.840083383175372,0.542446922379404,0.002248855425740,-0.002487642057737
3979,1670411902.191488981,-7.143778477560882,-77.246947447353577,31.598915707810871,-0.853097695029522,0.521721890558601,0.002852115611374,-0.004738890567969
3980,1670411902.290972948,-7.039751728892111,-77.366250864507720,31.586289898454776,-0.865206903470174,0.501130026963741,-0.010247139827712,-0.013442707622536
3981,1670411902.390785217,-6.924230620943396,-77.489280965832705,31.604264576735233,-0.875606058084406,0.482743045124195,-0.007134841449957,-0.014908972720861
3982,1670411902.491256475,-6.804501767168854,-77.607875763611105,31.624654930709390,-0.887167987396125,0.461194330929600,0.007254423662162,-0.013421050452067
3983,1670411902.592474461,-6.686585712326752,-77.720575510436831,31.604393971988937,-0.885257871742527,0.464396171518576,0.016785913821691,-0.019311382497152
3984,1670411902.692601204,-6.575172142164787,-77.833502223869630,31.555518324666156,-0.879882794889831,0.474316832498561,0.015400327649744,-0.024344189731270
3985,1670411902.793118954,-6.463303249639653,-77.955119761605744,31.541378060075985,-0.879325519889851,0.475754390604832,0.003951455528155,-0.020706904401146
3986,1670411902.893854380,-6.348230265858222,-78.083830326429364,31.558578317785859,-0.868936574013492,0.494435411549349,0.014458342991212,-0.016547219273012
3987,1670411902.993083239,-6.241437945674098,-78.206564577510946,31.579071674053587,-0.862073796022356,0.505879430341114,0.026307427003848,-0.014922850055962
3988,1670411903.092445612,-6.143386621857660,-78.320359151499517,31.562482528607099,-0.866501013416100,0.498534574016751,0.024306415825830,-0.006962069269243
3989,1670411903.192436218,-6.047258903710619,-78.424025871246670,31.522678890842467,-0.881344000940239,0.472401595375090,0.008151153060218,-0.001744533608488
3990,1670411903.290677071,-5.949486201442101,-78.520402500859532,31.514603159568058,-0.891793310206933,0.451975156675117,-0.016609971913885,-0.012135009340130
3991,1670411903.391101360,-5.841170513675805,-78.624242793538400,31.527768501034899,-0.896799194535227,0.441526369689787,-0.024793945461204,-0.013817735631899
3992,1670411903.492225885,-5.727186656363864,-78.728029103488467,31.549043216151851,-0.910428594107487,0.412870784818468,-0.022427227245850,-0.012430187163150
3993,1670411903.592026711,-5.615295029397727,-78.823555766535463,31.527673590449250,-0.907922820337519,0.417834588044710,-0.021970426103804,-0.024651769118884
3994,1670411903.692642689,-5.501939265147407,-78.922761932793364,31.473219474173838,-0.895940621433508,0.442189802132548,-0.028862832849967,-0.030422337766722
3995,1670411903.793172359,-5.386260968859203,-79.037351388700642,31.463781406558837,-0.884066506985497,0.465371399320491,-0.034279290816805,-0.026092185459392
3996,1670411903.893057346,-5.266968607185227,-79.158707012135039,31.487969795406119,-0.877375032525633,0.478884713929163,-0.022681428140316,-0.019184261339561
3997,1670411903.991840839,-5.152848837514168,-79.277101226571602,31.497103994093134,-0.867428251880865,0.497288392670036,-0.010937332675135,-0.012363539481550
3998,1670411904.091780424,-5.041638298170279,-79.390303925046638,31.458329352437925,-0.870043244564156,0.492878979018314,-0.007411084235257,-0.006335649974379
3999,1670411904.191277742,-4.934600460972986,-79.495568996859447,31.412340795381137,-0.882154597855125,0.470517463839104,-0.020037186933579,-0.003884951128268
4000,1670411904.291389942,-4.826840793697748,-79.598391499197632,31.405807560238930,-0.888212143348549,0.457500456998244,-0.041083782670102,-0.009200166090344
4001,1670411904.392405510,-4.709424354908911,-79.702992757787854,31.422338372877700,-0.891487208301232,0.451035526006709,-0.042326330404832,-0.005098379113764
4002,1670411904.493567467,-4.588443818680743,-79.802369918029456,31.429681785409180,-0.899134358351994,0.435894083761813,-0.038900277242947,-0.006365673791577
4003,1670411904.592816114,-4.469936729022908,-79.895619188347638,31.394314284477534,-0.893766431601888,0.446325808240970,-0.042970714932240,-0.011329443847153
4004,1670411904.693103075,-4.351221657428303,-79.992840862541939,31.351009317030361,-0.885143459584655,0.462231933534442,-0.052625603707571,-0.009656159170872
4005,1670411904.793764591,-4.228990765109069,-80.098750426161303,31.354311577986980,-0.880889060380473,0.469500603995200,-0.059920681718363,-0.003627403004267
4006,1670411904.893582821,-4.103835481382625,-80.202670050456518,31.380295226841476,-0.869046581548834,0.492250513069244,-0.049369527628807,-0.003181386971161
4007,1670411904.992770672,-3.985625317263104,-80.302941016777766,31.383343664014419,-0.858518390127165,0.510695813978476,-0.046033972047216,-0.004102781480898
4008,1670411905.093176842,-3.869890767812967,-80.400309442651292,31.338774388311762,-0.865142763272996,0.498826600279146,-0.051683020947747,-0.005374695901041
4009,1670411905.191015959,-3.758074874660752,-80.492394647496837,31.301591111954853,-0.878803688271639,0.471880086154048,-0.070244780858074,-0.009946483479746
4010,1670411905.290141106,-3.637253312874633,-80.586218216932792,31.304750819735183,-0.884541517725475,0.458690096590572,-0.083028459498795,-0.017203883948139
4011,1670411905.391463518,-3.504490439190422,-80.682108797709247,31.326135268484119,-0.891006772739557,0.446823609068891,-0.078553378670496,-0.016880758583060
4012,1670411905.492359161,-3.369181536139946,-80.773320694420647,31.316467076083299,-0.895571787283537,0.437592839267904,-0.076135347271357,-0.025828080437685
4013,1670411905.592528820,-3.232935031427480,-80.863094489065276,31.263054724696623,-0.887340471249018,0.453883384619179,-0.072240781278933,-0.037390249670446
4014,1670411905.693743467,-3.092925719627162,-80.967310863193546,31.235738137470182,-0.867872702054216,0.489282699283660,-0.076094580888273,-0.040112690887646
4015,1670411905.792370319,-2.955406458994247,-81.074744630219868,31.254634444616126,-0.880003838406076,0.469103096413700,-0.070089097561556,-0.024960924034549
4016,1670411905.891486645,-2.826276774338198,-81.181474787792183,31.278852125533668,-0.884077499909671,0.463552660239620,-0.057109463543151,-0.016260827532746
4017,1670411905.991600990,-2.703656359257558,-81.286866189115457,31.274080240836941,-0.892661762777795,0.447146928920896,-0.056580061749787,-0.003646620824934
4018,1670411906.093626022,-2.580724584335090,-81.386927983748166,31.243868964350941,-0.907483342646234,0.414847757989291,-0.066058053731231,0.003413802589143
4019,1670411906.190853119,-2.467011483909465,-81.471258537269065,31.234362591663977,-0.914448766653747,0.395079921801669,-0.087704126369965,-0.001815150767861
4020,1670411906.292346001,-2.336617855124122,-81.565738659772208,31.262195390949856,-0.919635146636844,0.380831704006016,-0.095976312457380,-0.005192084474351
4021,1670411906.394015312,-2.198681896797020,-81.662190435245435,31.299735765556992,-0.924810249264675,0.369062489380397,-0.091563845296673,-0.011616540872479
4022,1670411906.494438648,-2.057944263508418,-81.759545383886916,31.313507806183328,-0.928580288980974,0.360356214433378,-0.087890835341923,-0.012539804550090
4023,1670411906.594218016,-1.916823455876390,-81.860663675315934,31.301446649784573,-0.927441343515760,0.364904860927740,-0.080500209661992,-0.014721177037342
4024,1670411906.695534229,-1.781116197730999,-81.961405055014865,31.296737960423258,-0.917440305981461,0.388356353813998,-0.085152777671999,-0.015219456878715
4025,1670411906.794650316,-1.642878571720924,-82.062143612234138,31.316174066875146,-0.916196501655629,0.393619091241488,-0.073679041289347,-0.014811490097032
4026,1670411906.893913507,-1.510163076617079,-82.164624252616775,31.332991930657826,-0.911187635806099,0.406449175292942,-0.065211247641363,-0.016842014096793
4027,1670411906.993956089,-1.380995716958470,-82.266757723425869,31.317794009388571,-0.907406261770607,0.414666456981362,-0.066007743845314,-0.017566539399322
4028,1670411907.093062401,-1.252172808842162,-82.364941534629693,31.291192923511179,-0.909845082012994,0.408518335280133,-0.068295590682097,-0.025107942370906
4029,1670411907.192304373,-1.120522652940436,-82.459761524276558,31.297585567463290,-0.908715381914380,0.408853722597655,-0.078569099784579,-0.030031396059505
4030,1670411907.292470217,-0.980565131764498,-82.559537310515296,31.320562702462823,-0.913974519173172,0.399006162531096,-0.065856067517031,-0.033281209947493
4031,1670411907.392251015,-0.840060402439107,-82.658121775297715,31.327058475013921,-0.924995372488538,0.374710052001275,-0.053998720463093,-0.032558808214402
4032,1670411907.492339611,-0.699172551669931,-82.756358128981219,31.304235808569775,-0.927112619687101,0.369929648413232,-0.050018292401977,-0.033352901927320
4033,1670411907.593283892,-0.557155664178484,-82.855301100128756,31.281184976357959,-0.920546610949310,0.386037526221155,-0.049484753815421,-0.033469755879266
4034,1670411907.695839643,-0.411178559126064,-82.956858006404730,31.290342066037649,-0.909834136613032,0.410548295980527,-0.047859356796832,-0.036897459100847
4035,1670411907.793692112,-0.267869412879143,-83.055907731703826,31.308080207747334,-0.912723362470181,0.405726548953259,-0.032398184115459,-0.035670558470906
4036,1670411907.893907547,-0.122043823265658,-83.160852203292421,31.311790030753816,-0.904395320346519,0.424593057067309,-0.021929010676003,-0.036179537259696
4037,1670411907.994961977,0.023401351893419,-83.267160217181512,31.286424426982382,-0.907754205635136,0.417854278404275,-0.013817203280078,-0.034484620695077
4038,1670411908.093322277,0.160658022094622,-83.367709848286495,31.272678089779919,-0.909577247948986,0.413554780148448,-0.014001793514267,-0.038021357265379
4039,1670411908.192443609,0.301515186190438,-83.470102972447705,31.294355891022757,-0.909906600762800,0.413077991891949,-0.014078138299980,-0.035190290206371
4040,1670411908.293289900,0.442609423365680,-83.574647421882673,31.318922117489532,-0.918572204997458,0.394491393970527,-0.003692074224497,-0.024248976828298
4041,1670411908.393567085,0.575364956211893,-83.674214791052023,31.315080033072928,-0.920744540479643,0.389729985440039,-0.005960171880438,-0.017450099627043
4042,1670411908.492902756,0.706647728216178,-83.770844323074058,31.288485158917172,-0.910630487806452,0.412848630123210,-0.012294920117491,-0.012528296854602
4043,1670411908.593392611,0.839161330699255,-83.869148713684638,31.283450152373195,-0.904625245583074,0.425837314005765,-0.017759952164785,-0.000575459141062
4044,1670411908.692833900,0.972897832310980,-83.967406208900087,31.299274161678103,-0.911482679215458,0.410740331664752,-0.016359278604675,0.014969283138267
4045,1670411908.792109013,1.107000160915251,-84.064822917576706,31.312906092897610,-0.906874968720407,0.420560074247888,-0.010577882661537,0.024395152292411
4046,1670411908.892699242,1.240138936026421,-84.162965562057295,31.300954736345780,-0.904571655869404,0.425338400120070,-0.005139782215444,0.028477138545878
4047,1670411908.992773533,1.369827231056498,-84.257860507341164,31.277208274372033,-0.911445687054200,0.409490529946304,-0.012171028015830,0.037896325832866
4048,1670411909.091859341,1.495858152277768,-84.343546467053486,31.285638338363626,-0.916620813587347,0.397739951548102,-0.019575765878217,0.035014346077918
4049,1670411909.192313433,1.627056699625870,-84.427086761090194,31.314805712385912,-0.924567677074980,0.379196188577798,-0.018358907519903,0.032369917993748
4050,1670411909.292671919,1.758374605984475,-84.506439232014898,31.330846646177847,-0.930950329058801,0.363181587155928,-0.025814675904101,0.027644566992036
4051,1670411909.393023968,1.890110151749957,-84.582268082698562,31.315480332910084,-0.930686447177615,0.363929605196676,-0.031336687872668,0.019899535031511
4052,1670411909.492717028,2.022669452485260,-84.658500320127033,31.296058059385931,-0.920946533587497,0.387516466688866,-0.039743506736561,0.010436665675926
4053,1670411909.594453096,2.158976764955153,-84.740511287054190,31.311202912798073,-0.916553588550919,0.396711939774285,-0.050278983354107,0.004602172077845
4054,1670411909.692587614,2.290690099045347,-84.821761161135470,31.336901481889043,-0.921565069316591,0.385551769055826,-0.045427980143314,0.001988721581583
4055,1670411909.791987658,2.420422958735587,-84.907223778194819,31.343979034779039,-0.916335419215954,0.398214767337063,-0.041364694496012,-0.006584877695314
4056,1670411909.892138481,2.550694062134964,-85.000432196026878,31.312781917038798,-0.914353946971593,0.402351433347847,-0.043482687608244,-0.013395507409811
4057,1670411909.992982864,2.687964002812801,-85.104813195496988,31.295255961822431,-0.910753845405348,0.410324771429996,-0.043225539570651,-0.017104612217722
4058,1670411910.092181921,2.834567999053595,-85.217065007458174,31.322444751794045,-0.912406140247320,0.407563339340687,-0.034942323633464,-0.013645280632891
4059,1670411910.192400694,2.983168336654373,-85.329609070448669,31.349506668859348,-0.924036282662920,0.381861762602373,-0.017713309674617,-0.004978076442948
4060,1670411910.292612076,3.121774937598128,-85.424980919988073,31.340687109239891,-0.932545942922550,0.360940982313064,-0.008407520340784,-0.002997536870781
4061,1670411910.392432213,3.248233249804191,-85.506708539393372,31.305831089689150,-0.926440028000207,0.376105726525709,-0.012297616589634,-0.010105722129532
4062,1670411910.493730545,3.378232446308332,-85.600477246242932,31.293653044360962,-0.917953593345334,0.395650165286979,-0.026255978425015,-0.011522619915651
4063,1670411910.594107151,3.513058628459015,-85.709510548453395,31.313657683212835,-0.918509132523791,0.394495874895545,-0.025799571288479,0.006954155744800
4064,1670411910.692849159,3.647189550334974,-85.814926980929812,31.330575154789628,-0.921010371280201,0.388374090861997,-0.014560798395605,0.026333338024372
4065,1670411910.792207003,3.779107622681427,-85.909390745237403,31.316509879259534,-0.921263887046855,0.386928214348275,-0.012663558123897,0.037403765321389
4066,1670411910.891561508,3.910475536958620,-86.000312067717331,31.280439153868361,-0.929892025816658,0.364928703131140,-0.017364548856375,0.042735633804004
4067,1670411910.991156340,4.040247316762198,-86.094979185124089,31.269698325039727,-0.933695360792798,0.353325063468839,-0.033145904098265,0.047704525993420
4068,1670411911.091038465,4.174911991683178,-86.194284038882415,31.291983391727477,-0.938577905629966,0.338333510394104,-0.031049379831050,0.060314897162939
4069,1670411911.192750216,4.314468484531440,-86.290861255503771,31.308646174229558,-0.944783566220735,0.319162081984052,-0.030023157161493,0.067957254630332
4070,1670411911.292815208,4.452042097516562,-86.376188142233190,31.294802385215228,-0.944339451888898,0.320475609434605,-0.027903526069259,0.068846035445738
4071,1670411911.392271996,4.588441400622268,-86.458625057487936,31.271067060688374,-0.934981504192492,0.346948878436534,-0.029668238124954,0.067497097834917
4072,1670411911.493941545,4.722543331887786,-86.551398612079723,31.278309973315260,-0.920432529335492,0.380877126112586,-0.039200265062832,0.078739526060866
4073,1670411911.592965364,4.855794345916167,-86.646936865501104,31.300755882912370,-0.926073605472183,0.364641260561361,-0.039081860458962,0.088865271771594
4074,1670411911.693016768,4.992103592693339,-86.743186417776428,31.307738728626731,-0.919486256852433,0.379599487112216,-0.035227782230515,0.095959659246810
4075,1670411911.793208838,5.135425990111750,-86.837725042141940,31.276414456333651,-0.919511402825812,0.379202479907518,-0.028238734731235,0.099533075739042
4076,1670411911.893043280,5.278522443316454,-86.937836062417105,31.249834696430629,-0.922224867948857,0.374076804993439,-0.023964525881412,0.094834268078010
4077,1670411911.992778063,5.416391828795710,-87.046085855639319,31.263354002223821,-0.920482750588158,0.378764091377547,-0.024938272702473,0.092883537331528
4078,1670411912.092700481,5.556913096841728,-87.155381949740772,31.283239986069670,-0.922729786590498,0.372901089867010,-0.014355505133344,0.096480244542684
4079,1670411912.193694115,5.701183458048327,-87.256839103177626,31.289024017285513,-0.923827440780185,0.370891189588658,-0.005404901204905,0.094622260541639
4080,1670411912.293989658,5.839368954575423,-87.346053679460212,31.267111417181276,-0.915273579245046,0.394616042369867,0.006476533931455,0.080687723654476
4081,1670411912.393255234,5.967177954809927,-87.427242116140206,31.246968368470348,-0.908160960989133,0.413193518103657,-0.001158673456607,0.067182162872581
4082,1670411912.494673967,6.092951408811208,-87.521379554385121,31.258640709545784,-0.906135503708752,0.416916136517065,-0.015795480655784,0.069641128803479
4083,1670411912.592972279,6.211404512496880,-87.623911633255659,31.282319035732773,-0.910550625944538,0.406841078721960,-0.014541599770497,0.071877925209879
4084,1670411912.692784548,6.329066067616612,-87.736019985072815,31.282148966157742,-0.905309922082252,0.417391160943903,-0.017301401723976,0.076806414079253
4085,1670411912.793054581,6.450332646194588,-87.843570401423264,31.247670130743373,-0.909913028987824,0.405821186869562,-0.022395346636008,0.082860680754117
4086,1670411912.893550873,6.574262483836263,-87.945786307502459,31.232137268239011,-0.912844167776550,0.400025769622164,-0.033936154273698,0.074452981321410
4087,1670411912.993227243,6.711424573239192,-88.052752208790253,31.256261947199640,-0.912102411870353,0.404144548356717,-0.032400015432470,0.060717487545236
4088,1670411913.093819857,6.854594841793742,-88.165582508682149,31.278654732742439,-0.909626337799407,0.411964629092867,-0.015847797142873,0.051126483193486
4089,1670411913.194083452,6.992484680315630,-88.279050867942772,31.267746426594357,-0.908088771206263,0.416322684393942,-0.004547096008680,0.045050305060114
4090,1670411913.293511391,7.115165011265647,-88.379238820145162,31.233864138873596,-0.895539696697449,0.443220088736582,-0.007488071710706,0.038839842448614
4091,1670411913.394032717,7.234629299287315,-88.472281808648802,31.231911830097207,-0.882345957984148,0.468784176197705,-0.027397426325700,0.030925517075765
4092,1670411913.495230198,7.362116416738236,-88.567884796477813,31.258304467842272,-0.881142373771298,0.471470855415276,-0.029607982780680,0.020657129382575
4093,1670411913.592263699,7.485632695175261,-88.666906356997686,31.280234017229553,-0.868298801218287,0.495398724891360,-0.023879248041370,0.008190036134215
4094,1670411913.692333221,7.610214641597606,-88.767009440529037,31.261219681903086,-0.865776240804972,0.500062177077830,-0.018794426662185,0.004011164448494
4095,1670411913.791610718,7.731784260077079,-88.857400971057061,31.226221249822192,-0.875894077847416,0.481534127258678,-0.029961875795569,-0.006060913780842
4096,1670411913.890944719,7.858927521141077,-88.947635439122678,31.231395201131626,-0.880665112039410,0.471204122097805,-0.044237110558156,-0.020945496034132
4097,1670411913.990467548,7.995276961888275,-89.049654112200415,31.262028063413435,-0.890918937197291,0.452021092965880,-0.036899806469006,-0.024057912206402
4098,1670411914.092015505,8.133640213790592,-89.161568210113543,31.279377612518008,-0.902272088226698,0.430060707026685,-0.025071041873367,-0.018008607334414
4099,1670411914.192223310,8.270936995483387,-89.271130089680199,31.264582230630417,-0.908539496883873,0.417255849548169,-0.019613980770726,-0.008296407545427
4100,1670411914.292473793,8.412580340353776,-89.367308524807910,31.242440701444025,-0.903957263962019,0.427151263406893,-0.018578333005731,-0.007609772856243
4101,1670411914.393620491,8.560416588377791,-89.462194612767291,31.253879078811757,-0.889745610365722,0.455787760329409,-0.023107563332182,-0.008735381255487
4102,1670411914.492620945,8.710346567607202,-89.560557085433885,31.273553320006890,-0.900407054684586,0.435009229275998,-0.004482822445781,-0.003743076522247
4103,1670411914.592175961,8.854331188017111,-89.660692583316731,31.274443232565201,-0.901559360137122,0.432613017829339,0.005577382551892,0.002364266821838
4104,1670411914.692256927,8.994107101730085,-89.756566454283899,31.240167788595848,-0.907099460034282,0.420779085147134,0.007971336567995,0.007210332972496
4105,1670411914.793066502,9.133879035307601,-89.852003735153104,31.216317442136884,-0.911331584388027,0.411663091450669,0.000846118280744,0.002743450006984
4106,1670411914.892486095,9.271039619144149,-89.948966186285389,31.227993513977573,-0.912283741795815,0.409413904736698,-0.010825647901739,-0.001197668896203
4107,1670411914.992425680,9.415108074725524,-90.049309681757777,31.251830621342918,-0.923029673544558,0.384533363401784,-0.006472934250562,0.010412267251986
4108,1670411915.094613075,9.563841760786771,-90.145704624284505,31.255808875744876,-0.931148508789099,0.364435972112839,-0.002024943105669,0.012032307153035
4109,1670411915.194322109,9.708982226781192,-90.231001719327764,31.223570461930784,-0.925820905556088,0.377789700912702,0.002835649251305,0.011070312232268
4110,1670411915.294439554,9.855487959849480,-90.312694157492118,31.209597079227478,-0.915562082950808,0.402164664029322,0.000241677319935,0.003097880087098
4111,1670411915.394015312,10.006936527665250,-90.401729058559766,31.227666892952620,-0.914504374511231,0.404472376209063,0.007685963789433,0.004977132130400
4112,1670411915.494057178,10.156678658551602,-90.494566985953739,31.244973965369670,-0.918323717550224,0.395169816878843,0.019869161820648,0.011295221167508
4113,1670411915.592084646,10.296853997134656,-90.585077132382310,31.236130448755990,-0.916078200020828,0.399839003118519,0.026471468692392,0.015124958745599
4114,1670411915.692306280,10.433892619324668,-90.673849146889253,31.206442146600274,-0.919049523441071,0.393353130468156,0.020871486039290,0.013626051671452
4115,1670411915.792231798,10.570621311561228,-90.761912802244510,31.205287289929792,-0.921940347089360,0.387182492468449,0.009016189144357,0.005867049342100
4116,1670411915.891923189,10.714036775748429,-90.853976954111786,31.230279276282857,-0.921891550808503,0.387342570826548,0.008929942714777,0.001399105601501
4117,1670411915.992506742,10.859201305937878,-90.950617602424884,31.249576638069325,-0.927277952444224,0.373860928690479,0.018056905381523,0.007586374468977
4118,1670411916.092644453,11.000040243192210,-91.042798484564898,31.234639957467891,-0.929048486243209,0.368932532405527,0.024398380351486,0.012744244907834
4119,1670411916.193286896,11.140343893029270,-91.123942896694885,31.205360787657831,-0.920890724041824,0.388908512400658,0.023754050607612,0.012090840986661
4120,1670411916.293273926,11.285065947288670,-91.198572709379519,31.209387713078247,-0.909825366666475,0.414732469845238,0.014467673453307,0.002338172605198
4121,1670411916.392374992,11.439029193375889,-91.276419341711474,31.228808055422423,-0.909492501817823,0.415003918540861,0.024349738546170,0.001492302121504
4122,1670411916.491212368,11.592839457102292,-91.361245635961055,31.240695693947696,-0.907096481973844,0.418918526975927,0.040988813300443,-0.001776888071204
4123,1670411916.591007233,11.740669286649791,-91.446559961863130,31.218727304549788,-0.904916873409200,0.422571417067635,0.050465869491549,-0.003470693479851
4124,1670411916.691333532,11.884368241190174,-91.530266170886506,31.195371272288146,-0.908919126007750,0.414259333174582,0.046889915160132,-0.007520845120991
4125,1670411916.790203571,12.023531291404995,-91.615703748777463,31.203665323835438,-0.908669420234715,0.416215272070961,0.031843526290916,-0.008409628919372
4126,1670411916.890247345,12.172078970755727,-91.707180169383790,31.225017263765100,-0.919121135735265,0.392329755863843,0.035814852482341,-0.003316149906495
4127,1670411916.992065668,12.318130569177308,-91.794827544279826,31.231761458078726,-0.930081930373267,0.365028666469549,0.040071396313268,0.009795848411724
4128,1670411917.093699932,12.450232625391672,-91.872128209123630,31.204400568445042,-0.926319659489067,0.375343503668896,0.031447256961599,0.007759686025101
4129,1670411917.194047213,12.574781487871087,-91.940546729027176,31.178016494727878,-0.919828139461344,0.392155487067942,0.009395935354260,0.006479522853333
4130,1670411917.295419216,12.708001307236659,-92.013979245694514,31.185386029617458,-0.916065367890098,0.400919550570759,-0.005060745671498,0.007883183098730
4131,1670411917.395485640,12.848637248110965,-92.090799799293194,31.208023467828827,-0.913206254476422,0.407379227342903,-0.002848632633166,0.009401447056969
4132,1670411917.494075537,12.990859584784012,-92.167862514499049,31.210473584370103,-0.907448747122365,0.420005297054487,0.002682051500041,0.011186080277473
4133,1670411917.593063831,13.135500376750540,-92.241257967460371,31.181606064977839,-0.918348681934973,0.395457766795480,0.001672778939692,0.015686136555828
4134,1670411917.692031622,13.282550222237584,-92.312442806750525,31.168263241969314,-0.926519021675336,0.375950564246001,-0.007039832375906,0.013195320269351
4135,1670411917.791710854,13.438727919649795,-92.387861948155233,31.180888809689737,-0.927720969226915,0.373150849146670,-0.004216269103675,0.008629606748768
4136,1670411917.891484976,13.596781885465454,-92.460262603991907,31.197981287145158,-0.940287865701769,0.339900867874806,0.010967273646672,0.014347422790357
4137,1670411917.991504431,13.748207330876109,-92.527473723685517,31.188987301014969,-0.944055395266785,0.328813257216527,0.021354935547390,0.013609528797834
4138,1670411918.092442989,13.892646215184644,-92.592314114329596,31.167328600208378,-0.936658835071956,0.349458356765823,0.019608791579395,0.012828829290777
4139,1670411918.192867517,14.033000068140314,-92.647818617852806,31.164319119475657,-0.935330910599052,0.353614530964064,0.005129977461506,0.009302392179347
4140,1670411918.293589115,14.181896323774811,-92.699839583791359,31.183731510817271,-0.930498867319242,0.366267007968205,0.003764522287947,0.002482974742096
4141,1670411918.392595768,14.333777062046012,-92.750625360050691,31.202000455069108,-0.923952702988754,0.382281398883050,0.011108478032311,-0.006995457354621
4142,1670411918.492118120,14.483130729283950,-92.801505971505833,31.187284223399178,-0.922338637681974,0.385698999532313,0.015532461040751,-0.016925183979823
4143,1670411918.592218637,14.629473716353440,-92.852367764291600,31.152953570788082,-0.926704543307471,0.374980984129288,0.008125195709548,-0.023279436191735
4144,1670411918.692169905,14.783832661722707,-92.906158193836660,31.146939511949196,-0.926451091550034,0.374042450775892,-0.000889104502469,-0.042188025273757
4145,1670411918.791188955,14.952873815008386,-92.966604677649357,31.165913972194843,-0.926492496012756,0.372136217761573,0.008098717335600,-0.055323602916684
4146,1670411918.891817093,15.126882015019326,-93.030307916610496,31.181858088234250,-0.937004663826241,0.344101836461971,0.028242601486978,-0.053089938525296
4147,1670411918.991365194,15.285943568642899,-93.089379861465048,31.165028213949231,-0.941926524835034,0.329134581662960,0.039712000834517,-0.053551899643843
4148,1670411919.091911316,15.436092246960339,-93.144392577671397,31.137215700546268,-0.939134639688802,0.337618544031314,0.033438889071029,-0.054052640642770
4149,1670411919.193336725,15.587542504535943,-93.199918546458903,31.146750122191214,-0.940119839896035,0.336766406189655,0.017184694146753,-0.049676559694093
4150,1670411919.293134689,15.738654663735218,-93.260701045569775,31.169444509728564,-0.940984960524057,0.335335981819838,0.016420443860741,-0.042748712119556
4151,1670411919.392532349,15.886010058107976,-93.332933156207133,31.183073000410879,-0.938717698072502,0.342413866636460,0.020057203003616,-0.034051958360757
4152,1670411919.492770910,16.028014023322186,-93.411117620652803,31.156408930426316,-0.944244138250875,0.328269570256936,0.017429040035221,-0.018393618068231
4153,1670411919.592592716,16.167124472268529,-93.484760123690165,31.122693521947820,-0.950126332659123,0.311760671858224,0.003095748894583,-0.007460014009076
4154,1670411919.692732096,16.316027849486478,-93.556513314307409,31.125097777777114,-0.954644485006507,0.297345914325514,-0.015399018427239,0.001478077150593
4155,1670411919.792773008,16.483066595347360,-93.625964415062498,31.141778611634301,-0.960790411262654,0.277048551572670,-0.009245496940798,0.006356609437635
4156,1670411919.894965887,16.661695813324339,-93.694981367044960,31.147308239437969,-0.963751150717175,0.266523916514790,0.007098765907985,0.009916094973427
4157,1670411919.995360613,16.832023348890644,-93.757153989290387,31.115893513479843,-0.961600669572418,0.273559127070426,0.019663020785800,0.010145042529291
4158,1670411920.094990730,16.989397953023737,-93.813365220345560,31.094834732347557,-0.955971666379965,0.293151122264647,0.012568011126719,0.004757908154762
4159,1670411920.196744204,17.142961955663111,-93.870288310070990,31.104205200344538,-0.950950891716521,0.309328838394965,-0.000023391472707,-0.002840903661378
4160,1670411920.295591593,17.289877137330315,-93.931898445326851,31.131882304522524,-0.937476791891324,0.347833455436163,0.002787989261826,-0.011890292694727
4161,1670411920.393385887,17.428735186432231,-94.000563516632241,31.139324516703009,-0.929582638437563,0.368394031649529,-0.000037099271449,-0.012726129973768
4162,1670411920.494999647,17.567482553076680,-94.073299465977158,31.104086082675519,-0.938201804146248,0.345836945092368,-0.011755447495774,-0.005999296631897
4163,1670411920.593691826,17.701060693932263,-94.140537547469719,31.086689572327742,-0.948387511059095,0.315419250009534,-0.032231026315116,-0.005743390395309
4164,1670411920.692431450,17.848699850485797,-94.208447778349409,31.106775238581250,-0.952025102225172,0.303424494652917,-0.039427793604325,-0.005218224723757
4165,1670411920.793278694,18.005626083372700,-94.277145533734881,31.133782532722378,-0.955121093914611,0.294752153614488,-0.029388188685256,-0.001094652811391
4166,1670411920.894363642,18.160602712373048,-94.340337924069942,31.126192431142055,-0.961761778952359,0.273185758056178,-0.019581935159029,0.000608240982482
4167,1670411920.995172262,18.305045013488922,-94.397775040097812,31.092182838186449,-0.955434595411051,0.294322487724076,-0.022749576651962,0.001209906520562
4168,1670411921.096692324,18.445409744749018,-94.454370985054013,31.091016126462840,-0.949681973053480,0.310170612180222,-0.043314709800132,-0.004709279342564
4169,1670411921.197154999,18.591281458926474,-94.515505166532805,31.113083692489074,-0.948116206928618,0.314373280387065,-0.047380230382799,0.000460984640726
4170,1670411921.296587944,18.733053271541813,-94.579050848407476,31.138896092886419,-0.945099240575972,0.324016891439656,-0.042431660320279,0.000183649032650
4171,1670411921.396821737,18.870071435448985,-94.642177370655972,31.125763258105437,-0.946136503529769,0.320409706008325,-0.046463978004778,0.002106117777743
4172,1670411921.495866537,19.000978864441517,-94.698746963704465,31.088960903505935,-0.952721461595074,0.298294776178919,-0.057774699799171,-0.002031547102803
4173,1670411921.596559763,19.137423407386951,-94.756508424046558,31.094920235002181,-0.953107575101987,0.292800136958933,-0.075591013815878,-0.011833372736794
4174,1670411921.697112799,19.285192899075653,-94.822072429178419,31.119690943308175,-0.952445432521843,0.295079432416143,-0.073149220352644,-0.020615969418096
4175,1670411921.797013521,19.429863860382863,-94.886737079981614,31.131067061354887,-0.958924377546160,0.274656691923186,-0.068499508313718,-0.018318217443337
4176,1670411921.897703171,19.569930687076049,-94.951872778126457,31.112696991077677,-0.960012524228875,0.270287110930038,-0.070584039816128,-0.018404464459251
4177,1670411921.996498108,19.706802979911416,-95.014955695172716,31.082209389725584,-0.956838458133511,0.280026277860598,-0.075330805921616,-0.019254049533147
4178,1670411922.098264456,19.847961591700138,-95.087877339723548,31.085620300808070,-0.942869892196856,0.321812696069370,-0.085370495023158,-0.012034683907529
4179,1670411922.198203087,19.988033319334992,-95.165076537921536,31.109124601207565,-0.935187773036980,0.345474499809322,-0.077720897756516,-0.005537255236618
4180,1670411922.297859192,20.121701379838317,-95.247038912647554,31.120751365512866,-0.924945422688456,0.373282377003686,-0.071654184935640,0.001381972272422
4181,1670411922.396068573,20.252827372482074,-95.331435736052811,31.098422852908044,-0.922842133259645,0.377631423162738,-0.074522534067999,0.014258234005528
4182,1670411922.494602919,20.384105773339694,-95.416749033527793,31.067409729256738,-0.931024044105332,0.355204229136678,-0.080869763530680,0.022006050251298
4183,1670411922.594711542,20.516991268929054,-95.503267193727069,31.074422105220982,-0.933974291423583,0.343104836291764,-0.097468474777866,0.021702320094745
4184,1670411922.695340872,20.663545559563701,-95.592923050580112,31.098873859866568,-0.935023986352241,0.342277003350064,-0.089601308926977,0.023413743020667
4185,1670411922.796175480,20.818339850965717,-95.680436314716118,31.116308914787929,-0.932062722327946,0.353377849123715,-0.075494027828520,0.026150127294935
4186,1670411922.895944834,20.976690687640946,-95.766135566769933,31.107577729761203,-0.937649399722151,0.341782459049377,-0.060183269513406,0.019399174145487
4187,1670411922.996494532,21.132518233461919,-95.851916958799208,31.086730433656079,-0.939067090084152,0.338729952760419,-0.053777543791918,0.022869088471464
4188,1670411923.097446680,21.283116292478056,-95.937425602454780,31.089379853734609,-0.931868227976014,0.357848888343249,-0.056765056175328,0.018533947171523
4189,1670411923.196825266,21.433650662588896,-96.025366257046429,31.115433300403524,-0.938281382944156,0.342352532068166,-0.043353803940994,0.023307464271417
4190,1670411923.295846701,21.575397657312617,-96.113273518358653,31.140419124446119,-0.936560191543938,0.347547894573298,-0.036946815442810,0.026465098176374
4191,1670411923.395676136,21.717246105599873,-96.199452769697146,31.139921917381955,-0.942123987106380,0.331614810849172,-0.037646853691942,0.031886118474072
4192,1670411923.495208025,21.857143467486438,-96.277270803792291,31.124616333203498,-0.950638708453740,0.306912835315080,-0.039568175612482,0.022911066910207
4193,1670411923.595057964,21.990499240387791,-96.347791810328133,31.131973885098461,-0.946643771437749,0.318020833344792,-0.051742497516842,0.007143774038914
4194,1670411923.695837021,22.129583883571616,-96.419121017447949,31.158249445709391,-0.949174332875933,0.311092122173270,-0.047734358797619,-0.003347883128016
4195,1670411923.795041800,22.263381822624819,-96.490453517104100,31.167462496527495,-0.953843199237989,0.296067570411400,-0.049441008958690,-0.009095694106276
4196,1670411923.895695686,22.397586532228082,-96.562259414250221,31.141750231427945,-0.954110965435622,0.294058008551152,-0.053698372326262,-0.017850435623437
4197,1670411923.995641708,22.528169999048362,-96.627593605468419,31.116472552528769,-0.944020811882996,0.322276034580915,-0.066063147188267,-0.024464767527027
4198,1670411924.096721649,22.661040492456920,-96.690054210009990,31.123070383371239,-0.933242693585118,0.349512187172684,-0.076037034290184,-0.033431651232219
4199,1670411924.194453239,22.790214065852041,-96.750553228787709,31.139846890271343,-0.937936137719500,0.336546856648667,-0.072391251153670,-0.042089447562732
4200,1670411924.294767857,22.916746587454380,-96.819950841378954,31.137893386360204,-0.935124442781551,0.342436480931791,-0.077354391508706,-0.047914832295048
4201,1670411924.395926714,23.042799726782558,-96.894741603497124,31.109426900975837,-0.940396297645501,0.324958962442833,-0.084780765613764,-0.053560226704679
4202,1670411924.494085550,23.164020022999779,-96.965820005905400,31.097271215491304,-0.941766070977054,0.314484685377714,-0.103600815866444,-0.058676410687179
4203,1670411924.594331741,23.301751077131740,-97.045675912930832,31.125305658293474,-0.942432929755427,0.311763112566574,-0.102834472973888,-0.063631798054019
4204,1670411924.694646597,23.449835304994235,-97.136012648176873,31.161060449995119,-0.950797906702971,0.291367652507476,-0.087337451491375,-0.058825175295300
4205,1670411924.795515060,23.600487835770934,-97.232996751478836,31.161991855147459,-0.958072264233250,0.273137491151988,-0.068503957768033,-0.052921216957734
4206,1670411924.895368576,23.742617614211060,-97.325109858691519,31.129451637277185,-0.953217761671920,0.293246798564514,-0.060110026753563,-0.042059465623377
4207,1670411924.996264458,23.874860035798164,-97.406385868294933,31.109995291065186,-0.947526483770058,0.310031389568228,-0.066871971618773,-0.040027983318692
4208,1670411925.096282959,23.999538392247747,-97.483125609050219,31.120259065014110,-0.943988364601632,0.320315844275010,-0.071714803760508,-0.033774462611794
4209,1670411925.195427418,24.120544007772413,-97.563668916561099,31.132073685286624,-0.939929776254414,0.332361454109736,-0.071869720461811,-0.030043681750591
4210,1670411925.295925856,24.243727387955193,-97.655449920509241,31.121624662396620,-0.933823778600019,0.349340225635623,-0.072690229218526,-0.025508583853140
4211,1670411925.395486593,24.370185033698210,-97.754317167795236,31.087790266564951,-0.935281315608614,0.346040993348924,-0.073072816593862,-0.012839589968139
4212,1670411925.494578123,24.500357480794712,-97.852700649594112,31.072462803242406,-0.934130074491649,0.348278365593203,-0.077811343610047,-0.006969849033767
4213,1670411925.594664097,24.646106837069830,-97.954116253272119,31.088010407756169,-0.936280893392200,0.345158826294665,-0.065086016411435,0.002698845546353
4214,1670411925.694355488,24.800683172049176,-98.048125020392149,31.103180975753798,-0.945072591876452,0.323709044563495,-0.042410238437528,0.015862604684797
4215,1670411925.794401646,24.951935316361897,-98.125854936005581,31.086226482800445,-0.947515456592128,0.318241003106272,-0.027550393441138,0.013345384301814
4216,1670411925.895242691,25.087893002779769,-98.188413342983537,31.045607997187361,-0.943420359913288,0.330159919073848,-0.030147095802129,0.006603404646866
4217,1670411925.996022701,25.211876013656649,-98.242520967001028,31.037488908138378,-0.942327383157167,0.330478787179540,-0.052896316324720,0.002203155868602
4218,1670411926.095067978,25.342144950111795,-98.301110602102497,31.059359418466531,-0.946217402258296,0.317833728208146,-0.060443899560848,-0.000940150386925
4219,1670411926.195370674,25.477092794078676,-98.379230866276586,31.076712416825970,-0.938064287764894,0.341530646823370,-0.058224438935730,0.001457398769321
4220,1670411926.295806408,25.612511605832569,-98.467977392677980,31.063233079633726,-0.939527626703879,0.337492942691388,-0.056880505008491,0.012286596097507
4221,1670411926.394558907,25.740438459983373,-98.547466117934945,31.027914067884012,-0.947815349125691,0.310721191178665,-0.067765044169238,0.022501202256723
4222,1670411926.494331598,25.872371738500025,-98.619586311710478,31.015447198089614,-0.948823915966181,0.303954532278109,-0.083506913049162,0.019272111228342
4223,1670411926.594996214,26.024256990222597,-98.696586090422997,31.032327830206981,-0.950824431399300,0.299634603010459,-0.076065415277765,0.019132640476011
4224,1670411926.695381641,26.187748351413727,-98.778952187973502,31.047767473016599,-0.954756045199616,0.291746293367816,-0.054258339181230,0.019519915220716
4225,1670411926.796337366,26.344913844189374,-98.856699695409333,31.023698180996771,-0.956623888163676,0.288286813385574,-0.035533511281155,0.022334265124110
4226,1670411926.896132946,26.485059957870874,-98.925937210094091,30.985836496647252,-0.953955614067094,0.296411807397876,-0.038846061913239,0.024488983213506
4227,1670411926.996474266,26.621769149934959,-98.997629290612352,30.980372081621720,-0.951405058667741,0.302241565590540,-0.052961625556721,0.025952198157396
4228,1670411927.095684528,26.763302239381648,-99.080048291861743,30.989931126715074,-0.949246954214049,0.309859788044071,-0.043985877064993,0.031342850659420
4229,1670411927.195587158,26.905947147044635,-99.171844005376727,30.998831520336076,-0.946679908799809,0.317498595029887,-0.030850135402345,0.045167040798459
4230,1670411927.296188116,27.044997916208388,-99.257561672525370,30.970966411854150,-0.952286552722666,0.298436939988667,-0.026548835827775,0.058145280719697
4231,1670411927.393817663,27.172986021418350,-99.329854754956571,30.938741498835725,-0.958488557209539,0.276357470910404,-0.035013071995229,0.060830245436276
4232,1670411927.494425058,27.302509530915298,-99.407076539966639,30.951273895554145,-0.956965496389842,0.280463303938037,-0.050226326759645,0.055088020147188
4233,1670411927.594837189,27.436130335123426,-99.484237556889497,30.972026579841454,-0.960946586112651,0.264250823130412,-0.055723200557547,0.060399387686996
4234,1670411927.695681334,27.575620592647660,-99.558692167943164,30.978305744885382,-0.967499311112884,0.238656804974977,-0.054146569704304,0.063688000631889
4235,1670411927.795280695,27.716542640336389,-99.623987264654986,30.951417895796570,-0.966076937147692,0.245910309010718,-0.052814974045138,0.058600767488137
4236,1670411927.896330833,27.864775947808496,-99.682011025560868,30.921738126127412,-0.959642647283800,0.271136940705982,-0.055938116031187,0.049413318787779
4237,1670411927.997312784,28.021981928328426,-99.743594830525339,30.935449623067385,-0.952726940459412,0.295874627964600,-0.056472240899958,0.039755093477383
4238,1670411928.096053362,28.180173460064520,-99.807383731575982,30.959339370142750,-0.949741021317186,0.309330413160638,-0.039787297760984,0.026900908128480
4239,1670411928.195159197,28.332658870389036,-99.879622032783445,30.961332453205699,-0.945011501775180,0.325390090882898,-0.025233623582392,0.020924017509545
4240,1670411928.294584513,28.479790549842914,-99.957276386022386,30.928632209428013,-0.950547862265311,0.309394101168942,-0.020386217209520,0.017845275357810
4241,1670411928.392917395,28.618307012009975,-100.042286128029104,30.909489148879931,-0.955921750625070,0.291799878156436,-0.027052661958193,0.018291836178078
4242,1670411928.493263721,28.759089402226738,-100.132189191548647,30.926529803662479,-0.956686591113719,0.288469215946588,-0.035178444079387,0.017284527952060
4243,1670411928.593920469,28.899299556758436,-100.212739070697808,30.949607132061242,-0.960360879766190,0.276263607777086,-0.032252698003489,0.018578565719513
4244,1670411928.693777561,29.036641855695773,-100.280819756501472,30.949510400488503,-0.962638687311727,0.268746012686046,-0.031347040471975,0.010940813943883
4245,1670411928.795047283,29.174680212379204,-100.344206313911187,30.919508731242246,-0.955624486764407,0.292132690437286,-0.037852948596634,0.002736011088465
4246,1670411928.896049023,29.315363495693308,-100.405061412593412,30.903454876723124,-0.954187940616582,0.293865350911974,-0.055538767059577,-0.009163780266443
4247,1670411928.996575832,29.460803441525702,-100.466154800059087,30.918271977699145,-0.949001671905988,0.308404621099753,-0.062878726640288,-0.018129592936788
4248,1670411929.097191334,29.605196501297918,-100.529154832665341,30.949906531383764,-0.936143056247646,0.345291445596856,-0.059020823208130,-0.030439091063703
4249,1670411929.197655678,29.744394837832054,-100.594697501522063,30.946971645875358,-0.932819666398254,0.353058286487031,-0.061956090406873,-0.036861350829660
4250,1670411929.295099497,29.875220481442806,-100.662447167104389,30.905189921561771,-0.947521631135992,0.309665736186545,-0.070016580420209,-0.037517580248409
4251,1670411929.395267010,30.008512363474427,-100.736728163885473,30.890154650440586,-0.949970856741043,0.297319370961142,-0.086329946131082,-0.041275942084512
4252,1670411929.496041536,30.153041975933540,-100.811273284090746,30.912955733250211,-0.950866786016549,0.293949062510573,-0.087832019369860,-0.041615385053210
4253,1670411929.595105886,30.297962331094180,-100.878935415557663,30.930641532906822,-0.954118470016445,0.285849907991332,-0.079919826800286,-0.039504386579683
4254,1670411929.694708347,30.446828637134328,-100.950414629848680,30.911783263648445,-0.956135284858136,0.281830472085882,-0.070230720479486,-0.038007209237611
4255,1670411929.795194864,30.596454795352969,-101.026037517412931,30.879750979994842,-0.952522299156416,0.294926760463822,-0.069702505103184,-0.029343420973538
4256,1670411929.895667553,30.742543720957290,-101.095950061336225,30.881026866364046,-0.948967022967611,0.303546884810477,-0.082705111967058,-0.021925840835883
4257,1670411929.994855165,30.886709506606032,-101.160953708752743,30.902549969451684,-0.947196342409975,0.309104846113043,-0.083878053174799,-0.015419313545127
4258,1670411930.095234871,31.031846368698101,-101.226498114144306,30.924311877992405,-0.944578180077241,0.318009542240482,-0.080557840648584,-0.012346136075837
4259,1670411930.196119308,31.181422640710355,-101.291103365622845,30.901797634578127,-0.947016717594648,0.310890679845828,-0.080073790201359,-0.009721620443485
4260,1670411930.295575619,31.337850418297180,-101.354096609152037,30.871223890287279,-0.953062565489646,0.292400398933659,-0.077381209920375,-0.013634563322278
4261,1670411930.394195318,31.487803364120861,-101.415412743088041,30.882324454949970,-0.954559134385974,0.284467539868003,-0.087393942017689,-0.016042961707735
4262,1670411930.495360136,31.643628553756038,-101.476941464444351,30.903006480545852,-0.959222807537409,0.269647856334897,-0.082541439394966,-0.019197652373472
4263,1670411930.594717979,31.799064439772540,-101.533646332512504,30.913049964177702,-0.964728867586875,0.251910139826274,-0.073383346130025,-0.021316144304584
4264,1670411930.695815802,31.959256352018521,-101.590599538458818,30.885843502997968,-0.964361579846022,0.254924388413506,-0.066129919641028,-0.025438813595665
4265,1670411930.795581818,32.115109679875353,-101.649081068119784,30.858881149993262,-0.959086892649840,0.273261509906346,-0.069235899681970,-0.026208199980274
4266,1670411930.895588636,32.271335514575789,-101.707812442470242,30.868378334585913,-0.959040275144155,0.271307170511825,-0.078724628568560,-0.020895040967503
4267,1670411930.995381355,32.431946570396434,-101.769119912467616,30.890636652784931,-0.957167786348767,0.280340573078415,-0.069893933855743,-0.018810366089902
4268,1670411931.095772505,32.592494696011777,-101.835159245517175,30.896141278430630,-0.951229074732185,0.302523577987875,-0.059281613220981,-0.011332364249530
4269,1670411931.195357800,32.749967299393873,-101.897258367385504,30.863351938622550,-0.957207285689949,0.284450223568792,-0.052560288787163,-0.008927405914044
4270,1670411931.293820381,32.907010221167035,-101.953535558475394,30.840378744839867,-0.962838114819028,0.264196697684960,-0.055470418391290,-0.008118021162588
4271,1670411931.394483566,33.068039661132701,-102.009425320518218,30.859348514204534,-0.962434848093921,0.264027361043800,-0.061924364434714,-0.013194274668767
4272,1670411931.495538950,33.228896639915042,-102.058588880111600,30.876345564871706,-0.966698337130863,0.249388940000842,-0.054575268338305,-0.017917077872332
4273,1670411931.595544100,33.389507454942482,-102.101607578737870,30.875006407330520,-0.971773220290679,0.229971528523325,-0.047606560727788,-0.022439246203908
4274,1670411931.695811272,33.551489292664094,-102.149112152668877,30.846411508959768,-0.971320692452688,0.232527261405939,-0.044326787463163,-0.022412519480856
4275,1670411931.797179937,33.710734687986132,-102.199547906465526,30.826250053844792,-0.967459531526535,0.246176942434581,-0.053784847878141,-0.022938134421628
4276,1670411931.897463322,33.871116611160147,-102.254055184276623,30.851056712830410,-0.964468245378875,0.258003759817511,-0.054752379162172,-0.015402615099520
4277,1670411931.997229099,34.027187794286661,-102.309075304208903,30.876900767250202,-0.960564096873705,0.273817579535415,-0.046210729189394,-0.014321921740948
4278,1670411932.097387314,34.177771349032184,-102.364336354363786,30.868960671654683,-0.955068956966751,0.293159622866619,-0.042156585258981,-0.011115092372398
4279,1670411932.196396589,34.326065217893714,-102.415816107158776,30.833674676018937,-0.961050344972245,0.272750630444648,-0.043684998444110,-0.008997162425678
4280,1670411932.295145512,34.476703674426702,-102.467307086117813,30.828392767419388,-0.962969428598100,0.262668123542578,-0.058274343116252,-0.017304259430540
4281,1670411932.395277977,34.632529616422644,-102.518584633159080,30.854715966073996,-0.965056250822327,0.253769404078615,-0.062134460980551,-0.020170053569483
4282,1670411932.495194435,34.786266429173679,-102.565951089259684,30.873471550346629,-0.969967153378749,0.235662025958859,-0.056786923243420,-0.020059317930534
4283,1670411932.595053673,34.939491562277645,-102.610811468716392,30.864233942335066,-0.970795740348962,0.232281873766619,-0.054732868258456,-0.024598267662195
4284,1670411932.696322441,35.094700333383464,-102.657174774701545,30.833172203662031,-0.965072655660062,0.253231917310542,-0.060643292031399,-0.028822846564095
4285,1670411932.797544003,35.249407529041981,-102.706285048385823,30.837052212857198,-0.963555138094644,0.256080191771370,-0.071175105273941,-0.030307352622644
4286,1670411932.896906614,35.401171313614739,-102.755638751149135,30.865139109145861,-0.961073160304607,0.265578025285869,-0.071405151721987,-0.026608219311610
4287,1670411932.995700836,35.546689915710886,-102.807441222271962,30.880275663354450,-0.955766408430172,0.285578341601732,-0.065415560069741,-0.026007457108630
4288,1670411933.096308708,35.693223232977267,-102.864326045644773,30.857157839499060,-0.955612062942077,0.286203300921167,-0.065728237120333,-0.023938557735768
4289,1670411933.194717646,35.840489737760151,-102.919857879504079,30.832106271911780,-0.959647426032399,0.271210516544731,-0.071809650440923,-0.019106217011336
4290,1670411933.294306993,35.989917084325711,-102.976372732287956,30.844196623414600,-0.960662130132748,0.264285300770678,-0.081139552607113,-0.026418261261513
4291,1670411933.394637585,36.142306883133330,-103.033320491774219,30.867847257181928,-0.964336914198619,0.251974848136723,-0.078138999102219,-0.021384308257783
4292,1670411933.494970560,36.295468182492272,-103.084520047763291,30.874562588455284,-0.970866441725397,0.227299496527132,-0.071515068977698,-0.025276196689642
4293,1670411933.595560074,36.450622491664213,-103.136637842755235,30.846152348522264,-0.968919208433039,0.236659781703733,-0.067093109078980,-0.026195991440492
4294,1670411933.695898533,36.602357621972757,-103.190386734682136,30.822931892235975,-0.964618916310765,0.252279466188337,-0.072647853920850,-0.024242659834836
4295,1670411933.797459126,36.752299833363402,-103.242793705411245,30.834343221034491,-0.962966993062561,0.254031423676750,-0.087261091820372,-0.023411704575486
4296,1670411933.896413803,36.901654655642751,-103.296684432741699,30.857693079438157,-0.959004089033089,0.269937642500172,-0.084897012534835,-0.015405312133317
4297,1670411933.995342493,37.049563597536029,-103.351463529836082,30.863864524134105,-0.954598799132149,0.286698564968739,-0.080036281361582,-0.011800813791241
4298,1670411934.095737696,37.203178290701281,-103.404229587275395,30.833909179195711,-0.955735134733823,0.281908177636304,-0.082630306951665,-0.016442748863051
4299,1670411934.195016146,37.362143856010782,-103.457094168767881,30.812722693098078,-0.958954340026445,0.270527680318634,-0.083410720768165,-0.016248064093884
4300,1670411934.293302059,37.523700382390423,-103.509187628113580,30.828766725855093,-0.962273627932369,0.256432955671916,-0.086784717018076,-0.027203255748788
4301,1670411934.394510984,37.693852156595206,-103.560971219922280,30.850030506655479,-0.966849299060517,0.243366629099765,-0.074016825568476,-0.022285113407186
4302,1670411934.494379759,37.862060878252251,-103.608746829375846,30.847027031127517,-0.973730859950276,0.218310517888766,-0.061390828748587,-0.020491371481594
4303,1670411934.594372034,38.028612653488459,-103.658599539185218,30.816525091872670,-0.972618217017995,0.224678547944612,-0.054168590798968,-0.024476882748659
4304,1670411934.695292234,38.192656647091397,-103.712649843126670,30.808553492348572,-0.969297586816417,0.238526205225199,-0.058250762974598,-0.013201750854091
4305,1670411934.795594454,38.355163936411138,-103.767603352083583,30.837315668353575,-0.968430785816518,0.242284445356858,-0.058476281717752,-0.004537080271234
4306,1670411934.894859076,38.511541842232901,-103.820702303048336,30.859560880074643,-0.964542293517079,0.259762193798012,-0.046376683900336,-0.005565058891418
4307,1670411934.995696068,38.664041962588804,-103.877587157868959,30.848328259169556,-0.960271040699751,0.275913543109166,-0.041815622103273,-0.001642823934430
4308,1670411935.095228195,38.812224233744693,-103.934436096635608,30.818806011884103,-0.965517385781693,0.256430051462457,-0.044939963653174,0.000454012222076
4309,1670411935.194525242,38.957980999858357,-103.990249670782987,30.818955479339078,-0.966621978445849,0.248544941336936,-0.061659129091624,-0.008094116438190
4310,1670411935.293377399,39.109670998983262,-104.045820167789017,30.841560174842627,-0.969286081096914,0.237497977343923,-0.062928413138865,-0.010918725619577
4311,1670411935.395168066,39.266250330877263,-104.100608151028680,30.865470902935588,-0.972850779036905,0.223936079904746,-0.056237589418884,-0.015853308188966
4312,1670411935.495016098,39.415930366505890,-104.152840614163821,30.853492511256626,-0.975784833942181,0.211152301188244,-0.051473976600939,-0.024679815319941
4313,1670411935.596440792,39.564376642807787,-104.211059216853585,30.821859046023476,-0.968926271641754,0.239692213724431,-0.054607177255388,-0.027341890836059
4314,1670411935.697000504,39.713212262052110,-104.272362892353982,30.824609728005314,-0.967571663469746,0.242535017758370,-0.067694483844174,-0.019982444004861
4315,1670411935.797448874,39.867797154319817,-104.333556008696405,30.849900951930465,-0.962664605532541,0.262492559299276,-0.063625980727144,-0.018062340487970
4316,1670411935.896540880,40.018956404579498,-104.394755354048755,30.865695514236254,-0.955328996293968,0.290379205505674,-0.051526000364810,-0.019274260978306
4317,1670411935.995921373,40.167596083743035,-104.458134809214101,30.842791486903170,-0.957969288018039,0.282607995428674,-0.047943365175774,-0.011357722906451
4318,1670411936.094777822,40.315484920092018,-104.520321652469121,30.811477328463159,-0.963782966359978,0.261777436924374,-0.050611235293703,-0.005785337821871
4319,1670411936.194091082,40.469968836448217,-104.581028929608038,30.823045356291871,-0.963800894865526,0.259583016509705,-0.060476792307554,-0.006859313983400
4320,1670411936.293582916,40.631445419937037,-104.638238064921467,30.847360102104876,-0.966023386684351,0.252954120538924,-0.051676054953667,-0.011942136563530
4321,1670411936.394169092,40.790076871018556,-104.688982922208680,30.856826947103627,-0.969132673650356,0.242600454684127,-0.040999419000292,-0.015682088254002
4322,1670411936.494116545,40.941803995166183,-104.736148187512356,30.835151794389105,-0.968231072377819,0.246028369800194,-0.038761156170448,-0.022275648315772
4323,1670411936.594172478,41.090603134992179,-104.787566748700698,30.812216664751780,-0.966450378921259,0.251947393592374,-0.047643654198518,-0.015041880187557
4324,1670411936.695380449,41.243483528464871,-104.846705206598898,30.823294893730186,-0.965832031667331,0.251984077302994,-0.060107657716187,-0.007718864876922
4325,1670411936.795759678,41.400009170733583,-104.908443168046531,30.849120085316905,-0.963258387767513,0.263397668401812,-0.052273023716996,-0.004741061854070
4326,1670411936.895477772,41.551227371893198,-104.968503250288208,30.860779684200907,-0.957762748737089,0.284434339583166,-0.042280294263243,0.000017733531578
4327,1670411936.995135546,41.698417037130042,-105.023236160995936,30.833689284965889,-0.961385510259778,0.272046432192226,-0.041396580208079,0.003868144400362
4328,1670411937.094683170,41.843171911162152,-105.074570709572356,30.815399990604153,-0.964648180608591,0.258831469047705,-0.049572330290387,0.001656003841712
4329,1670411937.193915129,41.991563698129596,-105.129849406041899,30.840388231226946,-0.964040835571009,0.258850432534623,-0.059379819621952,-0.009785599105529
4330,1670411937.294149399,42.143662074927086,-105.186320676112501,30.865524364234552,-0.966410122171757,0.251119759227084,-0.053444075576022,-0.011578992854542
4331,1670411937.394726992,42.293924784868288,-105.239738798748391,30.867851192203339,-0.971149526062087,0.232846501104264,-0.049037241836273,-0.015698849192738
4332,1670411937.493902206,42.440005566554184,-105.292038848945381,30.841554586368435,-0.968044251416825,0.245337032623779,-0.048710588108274,-0.018092714786434
4333,1670411937.594724655,42.588228805279684,-105.348842623510563,30.826875521190246,-0.963357219874281,0.261033309499755,-0.059505860216075,-0.016233633223835
4334,1670411937.695298910,42.742197140030164,-105.412543100263832,30.847612749622574,-0.962677211856260,0.262125054541428,-0.066413923331259,-0.011499232237915
4335,1670411937.795628548,42.898971176476813,-105.482441456491102,30.872113547494241,-0.958763397011122,0.279063755237673,-0.053611459814503,-0.004688330289062
4336,1670411937.894340038,43.052367924466736,-105.553628074086546,30.866263048024486,-0.956253412946871,0.289726844532758,-0.040468661644801,-0.000230671261906
4337,1670411937.994120598,43.208536225307888,-105.623697625153397,30.832369094437212,-0.960402493239913,0.276489824015970,-0.034340546611596,0.001074733731131
4338,1670411938.093809605,43.365385220841027,-105.691019742379083,30.823687716965146,-0.962165198081169,0.269714749681975,-0.038561687869195,-0.002254248010746
4339,1670411938.193423510,43.527330786701789,-105.756474735464181,30.849320901473462,-0.963319344949260,0.265472570079005,-0.037646898707542,-0.011084457581703
4340,1670411938.294051170,43.686472087931335,-105.818375929343702,30.870133825855390,-0.967384226085040,0.251798711116264,-0.025479915087907,-0.010767642692293
4341,1670411938.394295931,43.837677380947014,-105.875447931968324,30.862577195139412,-0.970827191118160,0.238555071361272,-0.020197720571535,-0.013345223758166
4342,1670411938.494691610,43.984224511587080,-105.932321702191473,30.834711343433057,-0.965671351484951,0.258098608854293,-0.022925643442708,-0.018394670463082
4343,1670411938.595343828,44.128998229543370,-105.989725961414507,30.824089005706789,-0.962990347943697,0.265997254139888,-0.041096301783130,-0.014357734398807
4344,1670411938.696844339,44.279162870365852,-106.051107942453129,30.836212009078206,-0.957976629053703,0.282453108736560,-0.048970397360435,-0.010144936388126
4345,1670411938.795912504,44.429601098371101,-106.116222714231242,30.860262906327474,-0.955207423385592,0.293149696510235,-0.040297951563223,-0.004255448839298
4346,1670411938.894841433,44.578479990206567,-106.175113963965771,30.854381635168508,-0.954406998108326,0.296052625334025,-0.037885718128437,0.004979694426136
4347,1670411938.994767904,44.728365011941172,-106.224196758518843,30.824711008450755,-0.959224398680442,0.279240099172830,-0.043432049368008,-0.005213163894206
4348,1670411939.094076872,44.879101127934952,-106.271884964364048,30.826270591243382,-0.964459105145344,0.258037950228331,-0.055537633708641,-0.012272814927686
4349,1670411939.194711924,45.039036951938130,-106.326659058741583,30.857081515413402,-0.968870946541213,0.242261493226270,-0.047552379340026,-0.018363797733964
4350,1670411939.294311523,45.195137468965832,-106.381563538332230,30.875467245423540,-0.972886304121330,0.227888687171121,-0.034698796419605,-0.018840887441772
4351,1670411939.395977974,45.351526832905201,-106.435010823602099,30.856791753171482,-0.971870792115485,0.232899036356751,-0.026335507890193,-0.023057391896795
4352,1670411939.495527267,45.501383719058630,-106.490768738127429,30.834406621003929,-0.967448402618683,0.250051480732416,-0.028824905288273,-0.026210114253968
4353,1670411939.596268654,45.652252374254225,-106.550443462700514,30.847370196685340,-0.966407557845838,0.252834457010155,-0.041885402516664,-0.019410887224455
4354,1670411939.698501348,45.808405750552829,-106.614192992407524,30.875296833582894,-0.962146911534654,0.269025336499597,-0.040759217507394,-0.015406983280003
4355,1670411939.795706034,45.951965972611539,-106.676077316525635,30.891837352347284,-0.957427853915917,0.286660282217661,-0.031417438734785,-0.013066433644947
4356,1670411939.895494461,46.093606794393303,-106.738186101222496,30.871471257223977,-0.955492982756006,0.292900270923991,-0.032554043177848,-0.013521296885209
4357,1670411939.994628906,46.233775488334821,-106.796761880954392,30.852255692225565,-0.958917319819500,0.280480432786413,-0.040011030921612,-0.014402013009380
4358,1670411940.094784737,46.379573662146036,-106.857858169534921,30.877911647129768,-0.960640850118195,0.272073527314365,-0.052803094306413,-0.018894074483254
4359,1670411940.192993402,46.527270965817678,-106.921237190268400,30.908948069330183,-0.963417275468220,0.263233622208433,-0.046045310476827,-0.020372600509309
4360,1670411940.294396162,46.676646433616177,-106.984657221087502,30.920976451837046,-0.967735458063029,0.248076224313413,-0.039048111802880,-0.020530832973130
4361,1670411940.394969463,46.821162850771827,-107.045699689821049,30.897934836567320,-0.964144391384129,0.261559783649047,-0.036158424820848,-0.026545064597137
4362,1670411940.495698452,46.963921410997521,-107.105925037586587,30.881770838208446,-0.957474339905134,0.283161348232408,-0.045648248321006,-0.031285407391576
4363,1670411940.595641136,47.105646541466889,-107.168455693978871,30.901071046460036,-0.955988192845844,0.285947815466331,-0.060903628247682,-0.024721853402177
4364,1670411940.695841074,47.247170110475302,-107.235724575859180,30.925131562913151,-0.952180162569464,0.299067280560306,-0.059699827184035,-0.018644847589837
4365,1670411940.796018839,47.383076551058593,-107.305284589957822,30.937346088815413,-0.942475676465652,0.330043945928718,-0.051550603123433,-0.012374503788999
4366,1670411940.894744635,47.518216635953472,-107.370153263256199,30.919466664087899,-0.944520081172035,0.324303421301139,-0.051303436118262,-0.008778646684319
4367,1670411940.994596481,47.658576534729519,-107.431859854447396,30.898256948959784,-0.949585341125282,0.308214271531181,-0.056464178064240,-0.010170513262101
4368,1670411941.092902899,47.801667795591840,-107.494738931095668,30.918828506210826,-0.952385792751675,0.296802971678249,-0.067166889211467,-0.018918423860854
4369,1670411941.193844557,47.950834444844077,-107.559776031218561,30.941728138744331,-0.955240522819821,0.289351136429340,-0.058370285815605,-0.019605436587043
4370,1670411941.294379473,48.091781584402000,-107.617144038590851,30.951181117327437,-0.958869225893356,0.278473188731346,-0.051189610264441,-0.020052795152964
4371,1670411941.397234440,48.228619071642605,-107.670550453231797,30.925752032943254,-0.956330073053809,0.285978989693796,-0.053737395242560,-0.027588062258125
4372,1670411941.496019602,48.355445411526063,-107.725563849380762,30.882905826112069,-0.955151883699364,0.286694150020532,-0.069357413668262,-0.026093918425787
4373,1670411941.597955227,48.487215934634904,-107.792658248338910,30.854824184806152,-0.951660625094052,0.293151790452846,-0.089882551138941,-0.018033563171049
4374,1670411941.697247982,48.625111173342589,-107.868875328587094,30.871433197190516,-0.946507902515933,0.309388341768020,-0.091500196561709,-0.005418346804339
4375,1670411941.796395063,48.764614897390871,-107.945245048625083,30.886468791914687,-0.941617277010578,0.326762876875403,-0.080941000478302,0.005610737283729
4376,1670411941.896730661,48.907554344715457,-108.015280108209510,30.858642875917436,-0.940494950014634,0.330952223759024,-0.076901989494861,0.005094958062741
4377,1670411941.995502234,49.054958081293520,-108.079069905134872,30.822046495235547,-0.945572880297942,0.316881544512141,-0.074013611062615,0.000013043234231
4378,1670411942.094624043,49.210989915251801,-108.147931230031844,30.827360521376324,-0.947393760341755,0.310888357558603,-0.076109369499692,-0.000925134791284
4379,1670411942.195091009,49.374121168609491,-108.216109455098049,30.847504820847412,-0.951056234628762,0.302995994645597,-0.060469093191829,-0.005380945181315
4380,1670411942.296012640,49.535882041777697,-108.280487269833927,30.853525422217505,-0.957985252256370,0.283503582906227,-0.041967029304860,-0.011346514440887
4381,1670411942.396905422,49.693374361262059,-108.345049514926359,30.827587693660394,-0.955692125926934,0.292248822042000,-0.031153831375609,-0.016511367203848
4382,1670411942.496690512,49.845499070110883,-108.410533649391439,30.799889384173127,-0.951066557519084,0.306794721330628,-0.032816089760872,-0.016507767422299
4383,1670411942.597979307,50.003982716794219,-108.479042272111073,30.817264742825710,-0.950308123635700,0.309329723920864,-0.034198951525521,-0.007747500602956
4384,1670411942.697166920,50.163154581025843,-108.546279137575425,30.841932496730834,-0.949937753189327,0.311556535450729,-0.022708079344539,-0.005927344770923
4385,1670411942.797073364,50.319526542203093,-108.613952517429752,30.844234030425401,-0.947623789701631,0.319145348200691,-0.010192749051165,-0.007176892096064
4386,1670411942.896466732,50.473229069710030,-108.679349987460512,30.810592724554166,-0.951990990000252,0.306068876634059,-0.003483863253967,-0.004781256229645
4387,1670411942.996504784,50.626656301231115,-108.744384725175635,30.788975618590612,-0.956784453482993,0.290350020887454,-0.012223052427604,-0.010534321679966
4388,1670411943.095978737,50.781913014593066,-108.811261610006937,30.806928066447991,-0.959906464556752,0.278841559920802,-0.025390014031440,-0.013502257239982
4389,1670411943.196319580,50.940274057764924,-108.874786642099309,30.831113496274327,-0.965188462818969,0.260645103265599,-0.019174498905764,-0.010377859920731
4390,1670411943.298244238,51.095361115288632,-108.930935763657260,30.838675568704922,-0.970430742920787,0.240327701839252,-0.017133844296069,-0.014601380157726
4391,1670411943.392261267,51.233086835364468,-108.981513786733544,30.815136035893179,-0.968336123728914,0.247320767890180,-0.022011927875792,-0.025943482477578
4392,1670411943.492790699,51.377542756745292,-109.040588663948753,30.793263238457421,-0.964796794868775,0.259182140100101,-0.037812889786586,-0.023705447265521
4393,1670411943.593011856,51.525606420494107,-109.107393069966932,30.801303784057161,-0.962865469261981,0.264692718470717,-0.049348629513717,-0.019813269710097
4394,1670411943.693571806,51.678818803964475,-109.179758210230716,30.826597001549402,-0.954420083105504,0.295351173346112,-0.039517568478637,-0.016980905438008
4395,1670411943.791675329,51.828387018613398,-109.246645782417175,30.829531481601840,-0.950788912841109,0.307807883925266,-0.033897931060601,-0.010280081793600
4396,1670411943.890899420,51.981323931977421,-109.305650895044181,30.795828553205254,-0.956172095494612,0.290909681577802,-0.032073145522319,-0.008820107598506
4397,1670411943.990448952,52.141862900460339,-109.360384081346425,30.794585049651499,-0.958579473302649,0.281972237324443,-0.036377807684827,-0.017137848438752
4398,1670411944.090471745,52.311185059785835,-109.413547447638834,30.828644146867049,-0.958816580069243,0.282123479725934,-0.026775311545753,-0.018978689714499
4399,1670411944.191173792,52.470319252578875,-109.459792185182408,30.845988185727759,-0.962114672984810,0.271291182816051,-0.016660305020539,-0.021421587014569
4400,1670411944.299496889,52.630206618643960,-109.504147081157569,30.829533156111349,-0.966006457690903,0.257088612750083,-0.015337089016650,-0.022399611474462
4401,1670411944.399658203,52.774324525396892,-109.551339941431408,30.811517709496474,-0.960535725787631,0.276446608319494,-0.022720690904088,-0.020788517001430
4402,1670411944.499943256,52.919487744172336,-109.607746678106992,30.821442194977003,-0.954747281822056,0.294421307917079,-0.037857304795054,-0.018453882286555
4403,1670411944.600733757,53.068490541113846,-109.672962241982475,30.845034542859842,-0.944930044518064,0.325249786984509,-0.034657421203551,-0.010892666759874
4404,1670411944.700489998,53.214262997702129,-109.741620444246692,30.856143037570202,-0.935382345084236,0.352804411267428,-0.024013664152212,-0.003501403853316
4405,1670411944.799325705,53.357013875976349,-109.809285183808626,30.830191094614534,-0.930369192872162,0.365898908621494,-0.023045821522429,0.000209127611920
4406,1670411944.899526119,53.502576919954976,-109.876123070830985,30.805249340921552,-0.934238417536944,0.355286852928783,-0.030726665934264,0.005069845618175
4407,1670411944.999370813,53.652573620937424,-109.942663521124629,30.820174656887577,-0.937247698604394,0.346126178339465,-0.041816835260296,0.003843490301355
4408,1670411945.089738369,53.792972838352853,-109.999449565563751,30.842671457390761,-0.941776539447660,0.334037255960765,-0.038222656187616,-0.003884575929944
4409,1670411945.190748930,53.947387463030481,-110.059500905578332,30.856809665625541,-0.942528606512224,0.332596729515960,-0.031146828478261,-0.007008316285536
4410,1670411945.290499926,54.095043054705911,-110.120130641178918,30.834806258778226,-0.940591739818157,0.337971247312841,-0.029996818044740,-0.012759540855596
4411,1670411945.389952898,54.238169198303034,-110.188657426751334,30.810786315219787,-0.939037562926616,0.341606730118428,-0.037845299222109,-0.009001704140137
4412,1670411945.490326881,54.387476745858308,-110.265476563638146,30.828025419862769,-0.939391824263428,0.339681006015159,-0.046467272346359,-0.000779269047190
4413,1670411945.591109276,54.538408436597003,-110.343986633770882,30.853964291595855,-0.938858575510142,0.342172122724544,-0.037143640867006,0.009119405923057
4414,1670411945.696281433,54.687827503153258,-110.419026252804258,30.856705348598254,-0.940780524771827,0.336781182282794,-0.033872161253576,0.019055607108160
4415,1670411945.795429468,54.827616898769115,-110.479310031736375,30.825963696620221,-0.947430190542507,0.317448968721832,-0.035908632673766,0.017684920286377
4416,1670411945.895863056,54.973527809379810,-110.538529817373146,30.817043879448349,-0.953457674145119,0.297305922022937,-0.048821004373265,0.012006742932880
4417,1670411945.995463848,55.125607188148408,-110.602318170090470,30.841022070850311,-0.959457810779652,0.276657293261326,-0.053646412048463,0.004849112657143
4418,1670411946.095583439,55.280002755321924,-110.665330141134945,30.861859765733367,-0.966107655266170,0.254222775766896,-0.044529515321942,0.004888863126677
4419,1670411946.196162462,55.432820728925329,-110.726260427264535,30.855550014170866,-0.970708102585641,0.237751149086191,-0.034568216043010,-0.002282350188724
4420,1670411946.297294378,55.583659090862312,-110.790475308290226,30.820947188837362,-0.965863717799830,0.257241344979530,-0.029546975654673,-0.007819546065784
4421,1670411946.396761656,55.733747969392788,-110.859262802808757,30.808236464167230,-0.964923507368914,0.259706614664628,-0.038185531182223,-0.004118790434511
4422,1670411946.497219801,55.893304827391795,-110.934589539625776,30.833493335597868,-0.960754351724185,0.275213144798795,-0.034428780057501,0.004843519046153
4423,1670411946.597003937,56.051406862775927,-111.007119319968410,30.856374013138627,-0.958915619699623,0.282904473871544,-0.019475703660405,0.008160265098901
4424,1670411946.695953369,56.202593084991975,-111.073514217824581,30.853815958815922,-0.958376878548260,0.285133682361457,-0.011668344258549,0.008740228220869
4425,1670411946.796711922,56.354581186567287,-111.136184504571006,30.825539126216228,-0.961656385486965,0.273843123706333,-0.013282984225572,0.007106488652450
4426,1670411946.896340609,56.508606491694501,-111.196298897889477,30.824016630050565,-0.965749658455405,0.258310149001757,-0.024288185501425,-0.003680782662291
4427,1670411946.996835709,56.672045817601578,-111.254043661032966,30.855473352405401,-0.968573238057044,0.247286593024903,-0.024223445609779,-0.011333495163367
4428,1670411947.098413229,56.830845114976086,-111.305768622727413,30.879350123207850,-0.973609767010588,0.227330282992154,-0.014261479164184,-0.014197683907815
4429,1670411947.199143171,56.979841193665038,-111.351536088129819,30.865668390107999,-0.977378973664314,0.210337798520708,-0.011754913065264,-0.018712946619456
4430,1670411947.300231695,57.126746670552308,-111.401564054647025,30.834872018099862,-0.973999441614252,0.225009830497088,-0.014175236596386,-0.022242450005177
4431,1670411947.401243448,57.277879402539426,-111.451937158355690,30.833514191211687,-0.973141084304958,0.227742224334787,-0.028630831853565,-0.017612062916851
4432,1670411947.501402617,57.438430758445534,-111.500673796844239,30.857399915640297,-0.969681963236107,0.242546973313527,-0.027815464394566,-0.010684374175892
4433,1670411947.600679874,57.596986045080740,-111.546106140344932,30.878312684579615,-0.964830088747036,0.262044476396395,-0.016829671627525,-0.012343192108825
4434,1670411947.699922085,57.748851286297395,-111.588390585018203,30.863317216697972,-0.965079983455796,0.261316347428714,-0.014702951342420,-0.010872686940155
4435,1670411947.798305988,57.897946507237343,-111.625982169295654,30.831764968122219,-0.971541108666979,0.235619432406276,-0.019573560884001,-0.014430279172686
4436,1670411947.897713661,58.051588702197520,-111.659437344948671,30.830445081680029,-0.976136236752002,0.213094220256818,-0.035576345143189,-0.021982362453382
4437,1670411947.997591734,58.215094011251459,-111.687787026182249,30.853381202771018,-0.981486720793209,0.186068558767971,-0.035425519115070,-0.028413745617780
4438,1670411948.097542524,58.378699580233679,-111.708441663772248,30.874970695444766,-0.987112904995711,0.155193817489649,-0.025853861672975,-0.029233023116191
4439,1670411948.198881626,58.541956095449045,-111.725950127011600,30.854732404139579,-0.988686619773228,0.144812250547951,-0.017035957958028,-0.035184600453593
4440,1670411948.300483704,58.708012602958803,-111.744855054502921,30.817493411100678,-0.987123045750829,0.154513605560295,-0.014589512768709,-0.038739958202547
4441,1670411948.393187284,58.868852760820126,-111.761009867677728,30.824790104760776,-0.987384881777211,0.154274157337629,-0.016259098648594,-0.031720991893439
4442,1670411948.494386673,59.051707579139041,-111.776019737905258,30.848468620882276,-0.988380428578567,0.150448665627307,-0.000455047321465,-0.021659186174606
4443,1670411948.594066620,59.224320982273582,-111.785207102320797,30.858457572560098,-0.989547456830937,0.142372772661497,0.014947638303878,-0.017389433378890
4444,1670411948.691429377,59.381548521633036,-111.787414429696412,30.840192252885586,-0.991616233949083,0.127406068741198,0.017022894050856,-0.013234775958995
4445,1670411948.792089939,59.535910095547528,-111.780280023741000,30.813742556719646,-0.995372607091516,0.094437097162697,0.005618242950767,-0.016835767801556
4446,1670411948.891913176,59.698300887848831,-111.764368969985313,30.830320799023141,-0.997189116194946,0.070694463060743,-0.005324806169684,-0.024244708167973
4447,1670411948.991496563,59.867175535828025,-111.744727430617047,30.862253133394962,-0.998389557922801,0.048692011675352,-0.000711518291921,-0.029101071654519
4448,1670411949.092294455,60.029715050358995,-111.719490744347979,30.875929820878458,-0.999617116137475,0.010169347180779,0.010177142163437,-0.023635381957999
4449,1670411949.193381071,60.180459222444526,-111.687749815680547,30.853883116535311,-0.999481674971103,-0.001473212851176,0.011213797732496,-0.030140699747485
4450,1670411949.293756723,60.325900659141048,-111.652053259105713,30.825754234367142,-0.999449875679381,-0.007769449176474,-0.000989417980272,-0.032227359743298
4451,1670411949.393759012,60.481020648199291,-111.615657107510089,30.839826076703094,-0.999655490692132,-0.003710498580839,-0.007842961809343,-0.024771356026922
4452,1670411949.494988203,60.640690217329386,-111.579448124895308,30.865153354641123,-0.999740878522201,-0.013392068121241,0.001429698487862,-0.018351683446712
4453,1670411949.592843533,60.786079074779920,-111.542550006684394,30.871504576512990,-0.999571081025700,-0.024510177419658,0.005840833115185,-0.014926146471603
4454,1670411949.691418171,60.925963122117068,-111.496066204407370,30.846152860486900,-0.998577663909749,-0.052586987517091,0.003384781755143,-0.008111789993303
4455,1670411949.792629004,61.069245387110286,-111.437850095192672,30.827707835462803,-0.996382672643413,-0.082939880822202,-0.010883761666220,-0.014969621142859
4456,1670411949.893183708,61.221108387898056,-111.378541080268832,30.844768073007387,-0.994495245822171,-0.100722467927107,-0.023818161852944,-0.016336635446746
4457,1670411949.992966413,61.379741137359176,-111.320615987172360,30.868621331400689,-0.992785611690665,-0.116670367699446,-0.012256449133182,-0.024789795794109
4458,1670411950.094357014,61.539066185571642,-111.271642634189618,30.872395307163192,-0.994373249847848,-0.100206530144356,-0.005788451437441,-0.033867168960729
4459,1670411950.195282936,61.693069543751214,-111.234382632354723,30.842156833878441,-0.995747414902169,-0.086205637375913,-0.007250429645938,-0.031671834020305
4460,1670411950.294251442,61.842409429245336,-111.199987277480943,30.819009149590045,-0.996105057457290,-0.084407542948612,-0.017087593033329,-0.018923407877958
4461,1670411950.394442797,62.005464175869477,-111.158073137429142,30.837650170920959,-0.996374022187727,-0.082922777510140,-0.017064612666648,-0.008451027984385
4462,1670411950.494185448,62.170589730912248,-111.109312590910335,30.861162315146174,-0.997238280088824,-0.073882830213768,-0.002771877065046,-0.007032554487790
4463,1670411950.593773127,62.329464267865333,-111.058708212024854,30.858195428952804,-0.996748530752287,-0.080262251090169,0.004963611391197,-0.005069522171972
4464,1670411950.692759752,62.480321858720856,-111.005500280267412,30.825176610337838,-0.994715859781950,-0.102532559454993,0.003951224190865,-0.003438077552505
4465,1670411950.793297291,62.631793171499822,-110.947670893389571,30.819481492761547,-0.991087016480369,-0.132869440452932,-0.009576065026675,-0.000732486430393
4466,1670411950.892411470,62.784994383471123,-110.880246142353371,30.850374791006207,-0.988021427563192,-0.153689607106809,-0.012598510035463,-0.005868635977286
4467,1670411950.992823601,62.933043454644050,-110.806491151946361,30.876621386530825,-0.981071547241923,-0.193587724214663,-0.001402054757741,-0.004521777104506
4468,1670411951.093425274,63.067236029297767,-110.727590307681766,30.868549929474181,-0.972095432593796,-0.234404610946248,0.001705942497632,-0.009057486274566
4469,1670411951.194655418,63.196306934005349,-110.647395736731795,30.838238620072648,-0.973372969381576,-0.228730035755160,-0.004607509014591,-0.014366770041211
4470,1670411951.294985294,63.327876385940776,-110.564786033399102,30.836093612820331,-0.971798680177155,-0.235042757456848,-0.017342187418137,-0.007840657407061
4471,1670411951.395912170,63.470280486622748,-110.477467243774115,30.864871778819630,-0.973551635876698,-0.227893462837184,-0.015650772881115,-0.004103070326778
4472,1670411951.495930672,63.605085028289380,-110.392624409708844,30.890228875303769,-0.971838694265648,-0.235567760170456,-0.003580841920692,0.004955831661285
4473,1670411951.594029665,63.727475029183744,-110.307620838038687,30.884704038200056,-0.967479204659709,-0.252660606135335,-0.001372936562371,0.012030033397182
4474,1670411951.693179607,63.849380629783923,-110.209739767988765,30.860763120331427,-0.959103986471055,-0.282465125337897,0.000351635377677,0.018244792564958
4475,1670411951.792773008,63.976464814338044,-110.098924785365710,30.872674248469519,-0.949323921467226,-0.313586547871862,-0.006751731852822,0.020049519717039
4476,1670411951.892891645,64.108541359551950,-109.979123639719788,30.906474094518849,-0.948281001816520,-0.317043923112347,-0.005364434062045,0.014748398509114
4477,1670411951.993761301,64.232621771081313,-109.859996095082437,30.927264101236659,-0.941061556403078,-0.337807852899227,0.010352155083832,0.013484601030513
4478,1670411952.094742775,64.338748290320567,-109.744383075623219,30.918879833831255,-0.934529612167798,-0.355372979385433,0.015878850092420,0.010597717865986
4479,1670411952.195947170,64.434688855458361,-109.626695114257615,30.902278460747393,-0.937696496527480,-0.347215709257149,0.011196814589868,0.006415838852783
4480,1670411952.295856237,64.522516258281868,-109.507247526791602,30.909517088472182,-0.942437516778396,-0.334171941638494,-0.006299166380264,0.010047929788962
4481,1670411952.397306681,64.606142100247951,-109.380650946849499,30.929681427346996,-0.954755913459536,-0.296565948091524,-0.018784549172549,0.011701489606288
4482,1670411952.496071100,64.683518886668381,-109.254684583053702,30.955480172931207,-0.955473102478871,-0.294072043335362,-0.024256680755872,0.002096951757901
4483,1670411952.596166134,64.758902156288258,-109.127173597951554,30.958353193821129,-0.959006710369916,-0.281286217728939,-0.034352221825765,-0.002029294668869
4484,1670411952.695649147,64.835558262539649,-108.994967289291012,30.937635949267687,-0.947946094312668,-0.315313607566207,-0.044357072422356,-0.002825117176467
4485,1670411952.794938326,64.916093634401463,-108.857953413911218,30.949951404617160,-0.935047774079854,-0.349613634762496,-0.058631524220372,0.004279128890716
4486,1670411952.895154715,64.996833148321699,-108.711594277003840,30.979514620105810,-0.929670999782087,-0.363394550459713,-0.060342668285814,0.003872369365901
4487,1670411952.995192051,65.067134375252067,-108.565915311679149,30.997582999006866,-0.916695626542728,-0.395246819625169,-0.058728743924317,-0.000120377307397
4488,1670411953.095031261,65.128213842201731,-108.420522965485105,30.980141350975234,-0.902709011880759,-0.425653073495459,-0.062674544341720,-0.002793274904315
4489,1670411953.194929838,65.193762626400414,-108.267877722860504,30.963050451665467,-0.900792072234806,-0.429042222337436,-0.066973376955738,-0.003313733517141
4490,1670411953.295575380,65.265641720508881,-108.111562223911889,30.985949293257104,-0.901605864935153,-0.426745996698265,-0.070168545193109,0.008431718805962
4491,1670411953.396719694,65.341758309439086,-107.950759159579817,31.014423157415749,-0.898851815578395,-0.434619313868535,-0.055127131409550,0.011509345177825
4492,1670411953.496262312,65.416167508491768,-107.795328807417377,31.022488400825239,-0.897804685569933,-0.438441171510463,-0.040359140145285,0.009339459295954
4493,1670411953.595894575,65.484606702995706,-107.639730758589010,30.995812592039609,-0.890228495097518,-0.454275863685963,-0.031251891277647,0.012246855937381
4494,1670411953.696397305,65.543246615417004,-107.480774484898248,30.976313816609064,-0.881701921870740,-0.470296838222331,-0.036340606576450,0.010097783973599
4495,1670411953.797061443,65.599319807559738,-107.315520688461348,31.000952325748745,-0.875779834553748,-0.479973440575187,-0.050620871815577,0.008526726690696
4496,1670411953.897147894,65.655225374523141,-107.150019036724956,31.031012867000818,-0.871404579582468,-0.488356893324189,-0.046487006396712,-0.000749440939311
4497,1670411953.997585297,65.709763772979571,-106.990784153678945,31.036613131554258,-0.859316522878488,-0.509755942113796,-0.040971147524293,-0.006734839140179
4498,1670411954.097579718,65.765310453258536,-106.836342771835248,31.008847379811645,-0.860597551978236,-0.507534026971221,-0.041385670220932,-0.008263854778919
4499,1670411954.199288368,65.826137988082735,-106.678592756300887,30.999117131747656,-0.867460879103187,-0.495367054088754,-0.046067158267943,-0.000960144817801
4500,1670411954.299284458,65.889400328305271,-106.516173076779282,31.028511647596261,-0.869003885086232,-0.492881473812431,-0.041511278504957,0.013300911036656
4501,1670411954.400187492,65.953026605228814,-106.352257694807392,31.056448943384723,-0.873084303361251,-0.486680995400860,-0.028657117656964,0.006646619247535
4502,1670411954.499033689,66.012205514349361,-106.197935090286080,31.057116279738679,-0.880936396701567,-0.472723610424066,-0.020952750551161,0.006665985181176
4503,1670411954.598659039,66.068271087988919,-106.042273657102911,31.027595086500593,-0.872764255295455,-0.487727291599677,-0.017504209965372,0.009911929222004
4504,1670411954.698232412,66.126158436636160,-105.884568477782693,31.023109947517717,-0.861179973571633,-0.507388182158067,-0.027711865439436,0.012583252336333
4505,1670411954.797351837,66.188174458875608,-105.725258751964773,31.050170819862490,-0.856784391453170,-0.513949151681048,-0.037014162836211,0.020167493599514
4506,1670411954.897343159,66.247047086492145,-105.566987170978408,31.078997957456497,-0.849282982139252,-0.526835364886481,-0.029584071388433,0.016961641243479
4507,1670411954.998142242,66.301217671733312,-105.414545885020331,31.084821496703455,-0.841160849058106,-0.539928158287894,-0.027100897468077,0.013840204337841
4508,1670411955.098797560,66.362135974473247,-105.266389586894604,31.058042750268513,-0.853574669393356,-0.520015204088886,-0.030098577880411,0.009409936024964
4509,1670411955.198476791,66.432865961914160,-105.117488583456009,31.049342635157782,-0.864488921132365,-0.501303959615511,-0.031382456366219,0.019193403701078
4510,1670411955.299685478,66.508930158419460,-104.959636712807125,31.074697628156756,-0.876615844683269,-0.479881848729938,-0.024894894370639,0.025264923195002
4511,1670411955.399335384,66.579351143644033,-104.806333098482327,31.098352240085781,-0.892797924828389,-0.449903551559297,-0.010814412954170,0.019537353682353
4512,1670411955.498524427,66.641600469745470,-104.658864240160383,31.090557095334042,-0.898105760693607,-0.439427308301176,-0.005079744619722,0.016848724662120
4513,1670411955.599166393,66.695622965951202,-104.507249904414905,31.058841407125975,-0.893613549949136,-0.448432963829060,-0.010633852124845,0.015799414159258
4514,1670411955.697494507,66.752410567779862,-104.348241736688848,31.073323966206040,-0.883436221519364,-0.467853780235073,-0.020271915424504,0.015567025161039
4515,1670411955.797052622,66.816429018915599,-104.179427565483721,31.106740571486707,-0.878060769328334,-0.478034534652597,-0.017785116477965,0.013264941683819
4516,1670411955.897905588,66.877873175122403,-104.015185602407982,31.123208876594333,-0.871064957956241,-0.491081277368075,-0.008152423032494,0.004307671985051
4517,1670411955.998318195,66.929071489209008,-103.859143912743406,31.111378947254924,-0.859526744107475,-0.511069209594488,-0.004686014664726,0.000283610701142
4518,1670411956.099521875,66.977215805052978,-103.706488256655987,31.087161749726544,-0.866377650998511,-0.499263245420315,-0.010224368772991,0.004630324596655
4519,1670411956.199167013,67.037929908978555,-103.552114352523034,31.100104059762547,-0.863978251703032,-0.503055473139970,-0.016487877551812,0.014315076735045
4520,1670411956.300237417,67.108873568385505,-103.389217161402669,31.131120048898868,-0.866156715408928,-0.499328248651183,-0.001467823960361,0.021016420812795
4521,1670411956.400804281,67.171204880894209,-103.234909875501131,31.150232930405465,-0.876879343502164,-0.480439471306738,0.006631626827994,0.014715735636707
4522,1670411956.491085768,67.218498390735860,-103.102179137445233,31.133525606867444,-0.880038455819317,-0.474733245734581,0.000869952751379,0.012645349171649
4523,1670411956.590377808,67.268669195031578,-102.956914059149426,31.106938407846680,-0.871557121045804,-0.489978820310716,-0.010679948492980,0.013959910510293
4524,1670411956.689904690,67.324362158774491,-102.811394823416109,31.117909437604830,-0.867375537186639,-0.495995841803302,-0.034023102723596,0.022141158169392
4525,1670411956.789529324,67.386623034973411,-102.660073014093030,31.147359199420432,-0.863545196200461,-0.502530774983282,-0.039110729540623,0.014928668681733
4526,1670411956.889614344,67.450737009588678,-102.511195567935971,31.172096407340156,-0.856038102136445,-0.515535698525676,-0.036743957590951,0.008461253856903
4527,1670411956.989744186,67.515656959640154,-102.366487487678697,31.154761317807150,-0.858761088944264,-0.510898889007576,-0.038818900596949,0.002193235630296
4528,1670411957.090701103,67.589582459329009,-102.220523393726026,31.126342659522390,-0.878158573035808,-0.476620595812815,-0.040638894500042,0.004336877282856
4529,1670411957.190339565,67.668592121173134,-102.075027371519369,31.129337745844776,-0.879788099465715,-0.472848756928401,-0.043331624527991,0.022568194999502
4530,1670411957.289874792,67.748390209011077,-101.924686016071689,31.149271597749436,-0.887356214519780,-0.459258140743355,-0.028820311673090,0.029159875671017
4531,1670411957.389283657,67.823027241894238,-101.776957357411419,31.171433243869821,-0.896118122840233,-0.442468577457784,-0.016120218625076,0.030561518798348
4532,1670411957.488723040,67.887307089590564,-101.629223364508803,31.155080235580876,-0.895629731703791,-0.443536061848536,-0.012126810680513,0.031242374922608
4533,1670411957.587919474,67.943394786144069,-101.476490057899937,31.129059244227133,-0.886921761810935,-0.460529472798914,-0.016534279711355,0.031764928839334
4534,1670411957.687304497,68.001501262642464,-101.312739943351886,31.150607086683614,-0.878707148711133,-0.475583800249553,-0.024847240888890,0.032808693426489
4535,1670411957.787514210,68.060338503870867,-101.142667093120991,31.182834789659925,-0.871160967354014,-0.490211203879314,-0.016181763293237,0.022576427678759
4536,1670411957.888628244,68.114118955225010,-100.981553633356739,31.194967003525445,-0.864374704573448,-0.502570199976183,-0.012922793428659,0.010609693655553
4537,1670411957.989437103,68.164650483146985,-100.829737718515261,31.170453266439988,-0.866836851849550,-0.498210791646105,-0.019311098349323,0.002638341044304
4538,1670411958.089324236,68.219518557671492,-100.683752189874610,31.154287094261750,-0.868503189809837,-0.494724102828851,-0.028098425902683,0.012678715712506
4539,1670411958.189860582,68.279913297704809,-100.532641009146985,31.172227849510936,-0.871283734103632,-0.488797129206161,-0.037750487269894,0.022735916017002
4540,1670411958.290134668,68.345619745734467,-100.375651278037935,31.207491042704849,-0.879797076367633,-0.474198005063521,-0.029242177379696,0.015435396685440
4541,1670411958.389480829,68.407133940437859,-100.226582134709417,31.225633054185206,-0.881888765629767,-0.470726863052290,-0.023094157256378,0.012453327168839
4542,1670411958.488968611,68.462637138611896,-100.083068020314670,31.200094243116236,-0.880324669964360,-0.473574569510040,-0.025661642470711,0.009853053903504
4543,1670411958.588391781,68.518780907732094,-99.938006927956437,31.184579552885143,-0.867890151448850,-0.495337577038742,-0.035586059115623,0.011874434222294
4544,1670411958.688146830,68.579568606814689,-99.786017068146606,31.207956217654726,-0.864114037187673,-0.500497972879869,-0.051896173587673,0.010746955165101
4545,1670411958.788733959,68.646636993554040,-99.623331380008267,31.227410539146465,-0.862522293921123,-0.504114563796057,-0.043716666708619,-0.003556980410765
4546,1670411958.890580177,68.719419376417889,-99.458044343223889,31.233320067507961,-0.862649830995920,-0.504597299248068,-0.030099954590451,-0.017630298009955
4547,1670411958.990103245,68.794335545826002,-99.300611477236302,31.209997684411874,-0.870171726049052,-0.491586704077110,-0.022930286944528,-0.024857222291703
4548,1670411959.090906620,68.871659737593788,-99.146736345665772,31.184495402659891,-0.879661664497564,-0.474932331450082,-0.019434176770007,-0.016029639111255
4549,1670411959.190907955,68.947080854132111,-98.988593800585008,31.211242482500772,-0.880097407573596,-0.474624841292021,-0.011781703596018,-0.004583085329307
4550,1670411959.290523291,69.015118626044782,-98.830741739442743,31.245054348584738,-0.885105043091112,-0.465310560722891,0.000286124350177,-0.008663885230405
4551,1670411959.390007973,69.077948556360298,-98.684584607107055,31.261497572731148,-0.895745816314639,-0.444334798932176,0.003731991970213,-0.013859698721759
4552,1670411959.489207268,69.139381253211113,-98.546621549616560,31.243339512239512,-0.889168109578040,-0.457515291821472,0.004986965111851,-0.005912769055251
4553,1670411959.588646889,69.202507760910180,-98.409338538959886,31.227576632399728,-0.875740056075440,-0.482737895003530,-0.001309330738682,0.006462551010514
4554,1670411959.687269688,69.264980271478464,-98.262580214325567,31.254445917674527,-0.867551139101794,-0.496965701897467,-0.014370502557041,0.013175767036357
4555,1670411959.788013935,69.322998011928291,-98.105089073761491,31.285644072641208,-0.866036342174993,-0.499779863203156,-0.011764593311940,0.007920651046383
4556,1670411959.888174534,69.372012198797577,-97.952957855966758,31.289849046196029,-0.855072400165832,-0.518306624062173,-0.013186339765553,-0.005962748653447
4557,1670411959.989030600,69.417912726849266,-97.804131270644831,31.261115012412006,-0.856781399099211,-0.515110147929427,-0.020056514816169,-0.013598009823195
4558,1670411960.090087175,69.469455372286035,-97.652983186676593,31.243550496290769,-0.864306230919594,-0.502083625597619,-0.028052751092921,-0.009990758551518
4559,1670411960.190818787,69.520975819936041,-97.500777835564350,31.262555055389132,-0.870537039976180,-0.490322878677354,-0.041779704265029,0.001786892999088
4560,1670411960.290586710,69.574627420845047,-97.346188377173505,31.288216019991406,-0.877359153125025,-0.478462495943019,-0.036237392881586,-0.001186490986319
4561,1670411960.390044451,69.629305126611683,-97.196180065578872,31.303441869806488,-0.886568378302898,-0.461467853849831,-0.032289143702850,-0.001158298552633
4562,1670411960.489790678,69.680562122166933,-97.046137972319883,31.282873986268893,-0.878745077696479,-0.476280028383303,-0.030723652906508,0.004525498811151
4563,1670411960.589106560,69.726882414824814,-96.890298653162631,31.269772790398648,-0.863932522898726,-0.502071812601196,-0.038260182373334,0.008980496308725
4564,1670411960.688162327,69.773202090923562,-96.724067964565279,31.291328060013029,-0.856520962746002,-0.513984009234483,-0.045235027217446,0.012085981157745
4565,1670411960.788980246,69.818649139351336,-96.555739405892368,31.319642736637693,-0.850874515721709,-0.523939588946564,-0.038722386946723,0.000665115780518
4566,1670411960.889348984,69.860895734223561,-96.399369379855798,31.327535609418565,-0.845575730080588,-0.532692150945795,-0.035221681485920,-0.000436087981887
4567,1670411960.990195036,69.907960242536717,-96.248833880285957,31.301705561332561,-0.851278659669955,-0.523365007523523,-0.037590823099078,0.000801566691527
4568,1670411961.090661764,69.964282665768721,-96.096623664858470,31.285404583514286,-0.853675775907393,-0.519037230697759,-0.038605769778586,0.018644498339058
4569,1670411961.191010714,70.029996291896694,-95.930509168083717,31.315353554619719,-0.859982703790651,-0.509001094990824,-0.026042939967669,0.025872760906099
4570,1670411961.290650845,70.091380643702109,-95.766198875505140,31.344838532285802,-0.873089857179164,-0.486960179713469,-0.014018995827076,0.019681270799774
4571,1670411961.390710592,70.148906606870867,-95.613718940894174,31.341355978613404,-0.883691811520323,-0.467517863768133,-0.007598034654349,0.021403251598826
4572,1670411961.490621090,70.200569359529680,-95.466169724608434,31.311252277201191,-0.877776229089792,-0.478273108434775,-0.011835637057121,0.024972847024239
4573,1670411961.589428425,70.246153599362742,-95.316899412198595,31.311065115753586,-0.865883006506524,-0.497933136738402,-0.027403489932761,0.039474790950482
4574,1670411961.688632488,70.292987741026892,-95.158012390948628,31.333148289181782,-0.857179238479398,-0.512441141762289,-0.036214635189412,0.036555841494047
4575,1670411961.788664103,70.341245234137460,-95.000433870122734,31.364765134788012,-0.844489441363794,-0.533646937036285,-0.033800733136155,0.030266160250647
4576,1670411961.889113188,70.393270109433743,-94.849144618464578,31.364557805867232,-0.838771680202625,-0.542744916953029,-0.033004874773254,0.028296675651336
4577,1670411961.989703178,70.451817218123978,-94.700364304352675,31.336274919501552,-0.848770586481118,-0.526799689805537,-0.034978916046374,0.029104188315596
4578,1670411962.090801716,70.513448280069298,-94.549498344303217,31.339793359948477,-0.864178324047865,-0.499907292924475,-0.041823313517444,0.039234336660225
4579,1670411962.190998316,70.575050378964008,-94.393699442701603,31.365177380242173,-0.881300599920848,-0.469572076608683,-0.039116666434654,0.035793908079482
4580,1670411962.290537119,70.634176298135728,-94.238863447318607,31.391677747906961,-0.896689173662524,-0.440715887674661,-0.031665082200125,0.026746116667922
4581,1670411962.390017986,70.689313066200540,-94.087281623664794,31.382208308437590,-0.901756060241134,-0.430451244619640,-0.032100673045364,0.022743803855693
4582,1670411962.488952398,70.742557419241408,-93.934088808449516,31.354163377723587,-0.891288970513009,-0.451538567810109,-0.033210801504706,0.024777721551256
4583,1670411962.588222980,70.797384156062250,-93.772838251935354,31.372268963392703,-0.880672833453897,-0.471021344733309,-0.041092780518685,0.029421703063453
4584,1670411962.688987017,70.853787914050002,-93.600468867252658,31.403305083950126,-0.879736517329709,-0.474124553715226,-0.032281110598893,0.015083021561792
4585,1670411962.789642811,70.903281237954019,-93.435564833014723,31.417872949365883,-0.876399949233643,-0.480964968820143,-0.024110309918793,0.003810604509417
4586,1670411962.890110493,70.950419923028051,-93.278182631279847,31.396335428349801,-0.878265388068118,-0.477715833896902,-0.020723820309065,-0.002830801572690
4587,1670411962.989989519,71.003040788266659,-93.124483914397558,31.375370731036554,-0.875882796737223,-0.482045988299970,-0.021453624571437,0.000856467415731
4588,1670411963.090502739,71.060887907391177,-92.967986740545641,31.393185003200781,-0.875682456726732,-0.481957790287493,-0.022644112707448,0.019600191884867
4589,1670411963.190351963,71.118488235980081,-92.807248992177605,31.418971114220643,-0.884031883880517,-0.466953945730397,-0.012393637409717,0.016971700010152
4590,1670411963.289892912,71.173203677455504,-92.650852982068145,31.431828415601633,-0.892618897755004,-0.450623227098194,-0.005021489030712,0.012041396022271
4591,1670411963.389295816,71.223886342078359,-92.495811590761377,31.410032076531426,-0.891830824281497,-0.452284271188326,-0.004645431179546,0.007425554941295
4592,1670411963.488266468,71.273931011263556,-92.337886967373365,31.395341012437214,-0.882567859193968,-0.470021901912245,-0.008834426569997,0.008679778093514
4593,1670411963.587942362,71.327227417163570,-92.176803226967351,31.416264222447058,-0.877065033882708,-0.479683612749378,-0.021574212662518,0.013968226373511
4594,1670411963.687982082,71.381122915063841,-92.013103384471606,31.441734660285817,-0.869051886016063,-0.494406757753725,-0.016827062972451,0.005256163153277
4595,1670411963.789120913,71.431578077828306,-91.857711941767690,31.458397143291670,-0.860057485387379,-0.509978321794568,-0.014866012304664,-0.001494927052408
4596,1670411963.889096022,71.480861810294911,-91.710867585086831,31.441320237890658,-0.867246002088989,-0.497407240526943,-0.020920532950841,-0.005721908168696
4597,1670411963.989674807,71.535030639389561,-91.562022587017779,31.424143463401204,-0.875570568181684,-0.482255621958472,-0.028334723691441,-0.001684831380268
4598,1670411964.090282679,71.594218001926123,-91.406311519126419,31.446069256993290,-0.879728113333211,-0.474164222584828,-0.033691604710708,0.010564677171270
4599,1670411964.190447807,71.656750732107994,-91.247239529009519,31.478226113782213,-0.886877612450619,-0.461356866484341,-0.023802153812097,0.005603548477978
4600,1670411964.288926125,71.718402618368515,-91.100186670828037,31.485481379565122,-0.892852320164876,-0.449998915068957,-0.016578364540452,0.006392858681580
4601,1670411964.389231920,71.774600726929307,-90.954766285147514,31.461074130004832,-0.893343103717953,-0.448915612536204,-0.017595099749488,0.010162889629656
4602,1670411964.489047766,71.824752236220576,-90.805407303938296,31.453248137732157,-0.887720542431427,-0.459145759620887,-0.030181701236530,0.015049082293643
4603,1670411964.588511944,71.882159517840932,-90.648495447062629,31.482404491933565,-0.883230255265798,-0.466681703307439,-0.041636083170756,0.019466395644278
4604,1670411964.688337564,71.945418339850946,-90.490111489130541,31.512830145306278,-0.873093444584236,-0.486189891713009,-0.033628388101657,0.014012770383133
4605,1670411964.788719654,72.005648628170007,-90.338498771454482,31.517498912381111,-0.862750235108715,-0.504777507926318,-0.026069534789952,0.013493652855628
4606,1670411964.889648914,72.067299709754039,-90.188995514567466,31.491118999820451,-0.867072797511118,-0.497425404297417,-0.022772956739529,0.015301092024280
4607,1670411964.990723610,72.133694466721138,-90.038941685596882,31.486532341362150,-0.870142935283083,-0.491576734585866,-0.022675954351618,0.026256185653698
4608,1670411965.091671705,72.198034182734688,-89.887896093943596,31.512067018342766,-0.880208493280069,-0.472403644859262,-0.022036608472335,0.039776784288721
4609,1670411965.191612005,72.258479799984840,-89.737995845015533,31.536396114387554,-0.890383827352766,-0.453592357997004,-0.014916292847628,0.035328698858590
4610,1670411965.290667295,72.316368921312161,-89.592836321315005,31.543528322378510,-0.895463156746824,-0.443660281808366,-0.013857971869306,0.033455132198272
4611,1670411965.390328884,72.373022468667244,-89.447822880288555,31.518865543707573,-0.893880381385884,-0.446556534114167,-0.017220035812333,0.035617355039228
4612,1670411965.489678144,72.431221435805384,-89.301959768945977,31.510990849120866,-0.887918981270509,-0.457088197879720,-0.029184400195826,0.042644259212945
4613,1670411965.589007139,72.496044403482728,-89.150522242488265,31.534602527588042,-0.881802506808111,-0.467725690233079,-0.036201758992641,0.048440172674742
4614,1670411965.689439535,72.562269150363250,-88.995457405021412,31.557006128546657,-0.874874882410070,-0.481383039557510,-0.026322513484028,0.046598654897128
4615,1670411965.789710522,72.623912592328679,-88.841775044122784,31.558339757191224,-0.876038710219457,-0.480351095833507,-0.020312290137930,0.037502183908832
4616,1670411965.890560150,72.685899454115258,-88.687982880583704,31.531097567155367,-0.893018009004518,-0.448820197336623,-0.020585666782688,0.025602663522226
4617,1670411965.990510225,72.754840973925170,-88.536412965779888,31.526135847747799,-0.893951287842233,-0.446474980236283,-0.020732287120622,0.032884027414111
4618,1670411966.090842724,72.827218824820804,-88.385936981700127,31.547580496726940,-0.901340893911525,-0.430601894847615,-0.014602716201562,0.044196852783350
4619,1670411966.189927816,72.895246489499243,-88.236981565479383,31.569881451329000,-0.906238068509044,-0.420915254997658,-0.006025300525847,0.039071819113353
4620,1670411966.290078402,72.958978855107091,-88.087527234349764,31.570801352813604,-0.912010031976075,-0.408776446113736,-0.003123661423709,0.033611923731497
4621,1670411966.389683247,73.016108541712981,-87.933621001988513,31.546591717275472,-0.907725635687825,-0.418251893906745,-0.007155639708703,0.032377776003215
4622,1670411966.488253117,73.073457914155995,-87.777233766886923,31.550647610049403,-0.900265466069534,-0.433721845487286,-0.023667890764025,0.029108113928770
4623,1670411966.587952614,73.137168948630617,-87.610147040226607,31.587673710579132,-0.895593903446222,-0.443556767793436,-0.029153093455741,0.017861998672050
4624,1670411966.688637018,73.203264961955426,-87.445968909637784,31.613402451850956,-0.884996800800194,-0.465026402096966,-0.022037353759765,0.006742623038525
4625,1670411966.788810253,73.268040835484314,-87.289467601568759,31.602510812323978,-0.873196445223097,-0.486995706306227,-0.018995934641210,0.001518076464499
4626,1670411966.890131950,73.334292818914520,-87.134614638218494,31.576158462143532,-0.883802987393432,-0.467422866425113,-0.020186045730920,0.000816685450170
4627,1670411966.990898609,73.401704693479218,-86.978875075455875,31.582304052950644,-0.885374519931620,-0.463912702724379,-0.028187675173857,0.010120211218592
4628,1670411967.091167927,73.473166860577990,-86.820972863940867,31.605854198750681,-0.894655664201851,-0.445930641049267,-0.023135748813033,0.014207146504339
4629,1670411967.190440416,73.546574771574384,-86.667527312135505,31.628396532161588,-0.899402093104807,-0.436865063834870,-0.012357803816486,0.008489735218498
4630,1670411967.290402174,73.618838446989955,-86.520650544236560,31.618643948636940,-0.902805786396205,-0.429780104602442,-0.005506140908375,0.014158253767370
4631,1670411967.389243364,73.682457770855009,-86.373319474016597,31.586587847328463,-0.893703503444258,-0.448302076669572,-0.005925596944982,0.016857736682414
4632,1670411967.488011837,73.742701437553322,-86.218746576776496,31.592651731466251,-0.888105046744053,-0.458803437840354,-0.018784510067729,0.020395429760903
4633,1670411967.587744236,73.807211063233282,-86.055031243615829,31.622733821383012,-0.887523499039740,-0.460141473593721,-0.018695843139126,0.014910680084174
4634,1670411967.688213825,73.870605594547797,-85.898630055065126,31.642570863739817,-0.878574114795638,-0.477307254549506,-0.011462256630542,0.012406701350846
4635,1670411967.788443089,73.926603896650448,-85.752401828921379,31.624416851407883,-0.873702171479156,-0.486143481936989,-0.012616839934841,0.012241154882093
4636,1670411967.888678312,73.977309667384887,-85.609988254093281,31.600701591530662,-0.879686794324306,-0.474599900518385,-0.022834727321240,0.019612586456916
4637,1670411967.989644766,74.031669826545411,-85.461647026682741,31.616809677503554,-0.883013653424281,-0.466884417851142,-0.033929993327906,0.033979166953790
4638,1670411968.090600729,74.093829052330818,-85.306624686815027,31.649727669174169,-0.889486815167156,-0.454844277869419,-0.029979545406854,0.032110985510189
4639,1670411968.189699888,74.160447257369952,-85.157766327577946,31.661026751958556,-0.898688288668205,-0.436934650345895,-0.024401581037243,0.029189621111058
4640,1670411968.288881779,74.228104812333797,-85.008673517014927,31.637473680257756,-0.898048740862642,-0.438558970742846,-0.018813984878802,0.028644758490501
4641,1670411968.387681961,74.291799128537875,-84.858542470124561,31.617522698249193,-0.895045950557630,-0.444288820055850,-0.023920813144260,0.030462853810618
4642,1670411968.486852646,74.351471834210130,-84.699175163682938,31.638732101262402,-0.893441221893238,-0.446800513817838,-0.035619033696123,0.029383129727586
4643,1670411968.586686611,74.407562576256112,-84.536631581069273,31.669682702585373,-0.891051599076785,-0.452111478676199,-0.034025842787176,0.021552277247376
4644,1670411968.687673330,74.460004584998231,-84.377968471547518,31.676153275714537,-0.876461415202982,-0.480153259499748,-0.031514491510276,0.016585290983371
4645,1670411968.787804842,74.511228195976713,-84.224109647383116,31.647197230274600,-0.876961154915280,-0.479167578385518,-0.033403289985157,0.014892441437989
4646,1670411968.888419390,74.565633850374326,-84.068570566915270,31.624363439918632,-0.883193265514896,-0.466795802467349,-0.040188937460711,0.021358460941206
4647,1670411968.989663363,74.625037923329046,-83.904401398518104,31.642300088247968,-0.890854809970555,-0.451816115112270,-0.037613082325618,0.028725628194144
4648,1670411969.089930058,74.687527347926050,-83.737237828172169,31.673341507381828,-0.895665128134517,-0.443641532460472,-0.025535990123210,0.017722362380099
4649,1670411969.189310551,74.751145488092405,-83.577621419788073,31.677186263272961,-0.900395078793205,-0.434614432278469,-0.015494937106513,0.012605723474151
4650,1670411969.289165735,74.812902106724835,-83.421026670777280,31.644954555385326,-0.897283765765693,-0.441173649112827,-0.011095538711387,0.011159930219961
4651,1670411969.389055490,74.870672169673554,-83.263459886600856,31.634589514783553,-0.890040659439403,-0.455284366419927,-0.018998520762877,0.013521333037137
4652,1670411969.488698006,74.927734606779254,-83.101960391037906,31.664321071012722,-0.889269194366342,-0.456250329291135,-0.030733661059977,0.009559239018759
4653,1670411969.588817358,74.984720862020978,-82.943047230440172,31.691903632535588,-0.881642587866551,-0.471029834055591,-0.028816726338282,0.002615142955367
4654,1670411969.689423800,75.043002784299873,-82.791399790053504,31.691881460317621,-0.866270460185566,-0.498950964929071,-0.024962389927395,0.000550904119477
4655,1670411969.789285421,75.105757791036481,-82.642162737841048,31.662622127004813,-0.871984274638074,-0.488950233823648,-0.023888032507866,0.000674930081891
4656,1670411969.889930964,75.168270329689136,-82.487731362195490,31.651317687380196,-0.881624430156031,-0.470998710037532,-0.028395625043958,0.009605611557756
4657,1670411969.990756035,75.226658115789718,-82.327223510620726,31.672301787705177,-0.888408879526033,-0.457869336195631,-0.029272046129771,0.015115590178642
4658,1670411970.091020346,75.282443628887648,-82.165277077332078,31.698736569744099,-0.894885481935733,-0.445693765870919,-0.022362812609268,0.006078313635566
4659,1670411970.189432621,75.335529552479827,-82.009336628769475,31.698771388788792,-0.896883410906791,-0.441878996517219,-0.018073021336894,0.004057779798319
4660,1670411970.289321423,75.384755558295325,-81.848829131111771,31.669197760828666,-0.889430082092826,-0.456711012304951,-0.017849433169794,0.003252390390447
4661,1670411970.389364243,75.434897225602356,-81.682001617309723,31.670628462226272,-0.882026397397526,-0.470304745632141,-0.028756665298605,0.003991833004109
4662,1670411970.489162445,75.491404251967992,-81.506241550594353,31.704713285034952,-0.879338966435406,-0.475523700045247,-0.025298775062494,-0.000405935866522
4663,1670411970.589151144,75.545489430239869,-81.337854799465745,31.729908263051545,-0.867153862643654,-0.497828514921959,-0.013532210648082,-0.005275178457938
4664,1670411970.689508915,75.592279814969046,-81.179871552190590,31.721473429799559,-0.862132574458165,-0.506524116494822,-0.010572970796777,-0.006996838986809
4665,1670411970.790116549,75.638693783854762,-81.025320081579537,31.696876680468886,-0.870844164465116,-0.491329976202253,-0.014523761745154,-0.003788937439186
4666,1670411970.890800953,75.688458809249454,-80.865760203102823,31.705805255545332,-0.875241966177205,-0.483250968629286,-0.017975115885924,0.009843636015465
4667,1670411970.991541147,75.743299003227463,-80.698372345108680,31.737521878898178,-0.879778733233405,-0.475241653638651,-0.004767869565595,0.010583884770271
4668,1670411971.090735912,75.793629411954100,-80.540348745745604,31.754135678130464,-0.882508326273537,-0.470188407067532,0.005024912265092,0.008755922218967
4669,1670411971.190070391,75.837556899492270,-80.389243045366868,31.735597295895648,-0.885970649403313,-0.463674130944901,0.002978911949723,0.007309909162071
4670,1670411971.289750576,75.880125613661704,-80.236194856026032,31.703370461948776,-0.878424254643224,-0.477792565731525,-0.006221898080137,0.006810357586983
4671,1670411971.389935255,75.929943559333850,-80.076037964733146,31.711256031500149,-0.872055285734598,-0.488676225826380,-0.022408971888482,0.014593248895810
4672,1670411971.489961147,75.990304878959748,-79.907951743194062,31.739596333132738,-0.869594848237035,-0.493298791000341,-0.019938895124434,0.007971397520373
4673,1670411971.589538574,76.050452864370243,-79.747373843957973,31.757942021475525,-0.862587019925225,-0.505759592362068,-0.011521466891847,0.004257181101935
4674,1670411971.690720558,76.108817474341805,-79.592773509538958,31.741259884406489,-0.868711375650463,-0.495224349418707,-0.009594916533442,-0.001152013461181
4675,1670411971.790535688,76.171768430676281,-79.444132533294123,31.719211255927142,-0.881371905245890,-0.472354827250478,-0.007751779408443,0.002095646058974
4676,1670411971.890784264,76.240000670625207,-79.294132211143733,31.731479835233280,-0.885714437699319,-0.463773668115647,-0.011869623555824,0.016823544518883
4677,1670411971.992445469,76.308542191495704,-79.139857552754322,31.756236313737162,-0.898430802325757,-0.438561968467402,-0.005795448027890,0.021258081485639
4678,1670411972.090705872,76.370875639484666,-78.997908427476133,31.777652209536871,-0.905765759394592,-0.423191919307133,-0.003872607686830,0.021954303705360
4679,1670411972.189271688,76.428218968037854,-78.859889909616527,31.761817948265730,-0.907164407998429,-0.419789372270669,-0.009075586747895,0.027335938151798
4680,1670411972.288203239,76.485073167175187,-78.716860786879906,31.731194602084589,-0.896442330084892,-0.441228881308866,-0.019178512365496,0.036611580057981
4681,1670411972.389674187,76.549235303666862,-78.559560978473840,31.743550692755825,-0.888646918112282,-0.455269401096344,-0.034367127067678,0.043073517757823
4682,1670411972.487784386,76.611371905836634,-78.398389906867479,31.772621717542247,-0.887689677833535,-0.457593831025577,-0.031594673062408,0.040208187091814
4683,1670411972.588967800,76.668682614347574,-78.233219793732275,31.783661074974763,-0.880710659676200,-0.471993080801719,-0.027039030590216,0.028985452088193
4684,1670411972.689993620,76.723194812389053,-78.070545460652596,31.758466863290174,-0.887508096412969,-0.459686431545572,-0.026177906750116,0.018234052004661
4685,1670411972.790412188,76.783223424258750,-77.912872303450186,31.732024155892589,-0.895328224051306,-0.443930701160056,-0.030269819332147,0.019915868604589
4686,1670411972.891034126,76.850149252249565,-77.758657211183746,31.736426352986285,-0.902144718042206,-0.428713815415465,-0.034429804749737,0.033969997429470
4687,1670411972.991048098,76.921410762841504,-77.600906435568120,31.761120262830985,-0.907725102769057,-0.417740611493786,-0.023343360775718,0.031352939565493
4688,1670411973.090235710,76.988572237202902,-77.444524901927110,31.778537511951299,-0.914828233225252,-0.402741905318598,-0.016721595049888,0.024670825954901
4689,1670411973.189189672,77.048734760227049,-77.286349053699908,31.757725287290075,-0.911147138942921,-0.411257047541769,-0.014825052338792,0.021418446874347
4690,1670411973.288913488,77.106809291341065,-77.123309783187125,31.738149259396000,-0.900132427576694,-0.434687489458115,-0.021039250242944,0.019124572745669
4691,1670411973.389140844,77.172150968002327,-76.952222699101014,31.760506380269170,-0.896338907243821,-0.442078134477243,-0.026804748909105,0.020615329587304
4692,1670411973.488458872,77.240153512034979,-76.781166209453545,31.787994956762951,-0.886814029422614,-0.461753386323411,-0.017765105244371,0.005393373132540
4693,1670411973.589457273,77.302594463367399,-76.618419704110224,31.792877356028082,-0.879596217385803,-0.475582282333164,-0.011315632320202,-0.001985839006766
4694,1670411973.690656662,77.363589722810445,-76.464327785378828,31.767303045900697,-0.883906033986876,-0.467497276532107,-0.010887039224248,-0.006155639169425
4695,1670411973.790679932,77.429595951092466,-76.316270633367679,31.754511353566862,-0.883672115229927,-0.467799769669077,-0.016397438906955,0.004253499725881
4696,1670411973.891116858,77.498397885778388,-76.167750385341478,31.770128574089355,-0.894175118042099,-0.446706718727465,-0.025977894619793,0.015136535576596
4697,1670411973.991707325,77.568884112760955,-76.018448091151143,31.798332682473827,-0.905906775873596,-0.422860285052669,-0.020050313916458,0.010957995406713
4698,1670411974.090311050,77.634968141798240,-75.880121823444497,31.809984095515542,-0.911169597018632,-0.411337795971177,-0.021028103715002,0.011357901594497
4699,1670411974.189048767,77.695118123030539,-75.744547851844558,31.787896120807794,-0.908209556913386,-0.417338309335142,-0.025652246903072,0.018058198174266
4700,1670411974.288404703,77.752230575195952,-75.604430658638108,31.778225683378199,-0.899881478631714,-0.433158608797168,-0.043582211712377,0.026220886002569
4701,1670411974.387400389,77.812189245536175,-75.454087080846776,31.803541965018137,-0.891200244321678,-0.449433766910388,-0.054099401054654,0.029063180955434
4702,1670411974.487424374,77.876126634331882,-75.296789417259646,31.832140888292983,-0.885251586585750,-0.462302960312072,-0.047805668856992,0.017894674046839
4703,1670411974.588665247,77.940183538074166,-75.140850063977283,31.830131757117144,-0.882686937571689,-0.468012265987477,-0.041301574693282,0.011066573698963
4704,1670411974.690332413,78.006619306631734,-74.986692196380076,31.798158177223591,-0.893570050206998,-0.447183238927982,-0.039058854225426,0.005841412632143
4705,1670411974.789541245,78.074378706741115,-74.837421564258932,31.795375542992410,-0.890156970727677,-0.453367704521161,-0.042041793738985,0.017628940448824
4706,1670411974.890761375,78.143819307404556,-74.682693377495951,31.820092136501518,-0.900619631240933,-0.431868880958996,-0.042720698127610,0.023419893982689
4707,1670411974.990601301,78.208253777465373,-74.530099131959446,31.841817430110012,-0.906502423791130,-0.420436519200318,-0.034331358630454,0.017545563488094
4708,1670411975.089088202,78.267244600976682,-74.384381868203221,31.836886763150478,-0.908124131974214,-0.416956962120411,-0.034872566625194,0.015535660989163
4709,1670411975.187993288,78.327052616147355,-74.237115967109432,31.804694601495260,-0.897713838072598,-0.438851147734407,-0.033862624407190,0.019309524422341
4710,1670411975.287573099,78.392156473460616,-74.087630956677231,31.792881309494597,-0.891019390090351,-0.450868604263849,-0.046345849166441,0.025573627768231
4711,1670411975.387392044,78.462647528065744,-73.928892084971977,31.816287758362687,-0.887101020666704,-0.457814477746384,-0.051761226473855,0.027900869732313
4712,1670411975.487520456,78.529659331235791,-73.765638195838775,31.841443313872489,-0.879926010669703,-0.472816342738886,-0.040749602532310,0.022680204571078
4713,1670411975.588900566,78.592726669769320,-73.602276113517419,31.834141765839824,-0.876875341014252,-0.479136285484078,-0.036638436790781,0.013254478608685
4714,1670411975.690280914,78.659225051791793,-73.443227836531420,31.804236514064922,-0.886614217889517,-0.461034830929022,-0.035477122278665,0.010172861015085
4715,1670411975.788448811,78.731089303965604,-73.292727320079436,31.796754906979778,-0.885846125628476,-0.461724953696271,-0.039576426382305,0.022812613133992
4716,1670411975.889291286,78.813820904232472,-73.130150471345601,31.824706279880033,-0.891666222213707,-0.450923244459266,-0.026370358601610,0.030069585243020
4717,1670411975.990111113,78.895120719035461,-72.967360748576212,31.849650023676922,-0.893493267599859,-0.448220187284453,-0.009918390185971,0.025885710354087
4718,1670411976.088610411,78.967899353687358,-72.812994704313809,31.841183439507638,-0.894971543726554,-0.445396240538097,-0.002723132838019,0.025312237787012
4719,1670411976.188305855,79.031245688202830,-72.657355424549351,31.809845895623820,-0.889107866226679,-0.457098653973649,-0.004928003319772,0.022885312595662
4720,1670411976.288124084,79.092714453421920,-72.500452626125494,31.816174644669676,-0.882058844118215,-0.469985864209639,-0.022034516326391,0.024494143100325
4721,1670411976.388360500,79.161322222991231,-72.336694204114039,31.849408824544444,-0.881330857727807,-0.471536286944473,-0.026477636484210,0.014435514455575
4722,1670411976.488975286,79.232983786070790,-72.180452166808720,31.871517036213852,-0.872040227883120,-0.488982821732626,-0.019381891039577,0.008123010752555
4723,1670411976.590822458,79.303562388678344,-72.031232168044866,31.857870451061252,-0.870925778637952,-0.491079444937746,-0.017660489515747,0.004168209876832
4724,1670411976.691182852,79.375512689419551,-71.889396337661140,31.828547641562604,-0.884391788196410,-0.466183963506688,-0.022038091317343,0.006164387320768
4725,1670411976.790396929,79.451726475796804,-71.747957596482095,31.832210729647748,-0.890964761044996,-0.452921536174527,-0.027968919402410,0.016174553867168
4726,1670411976.891158581,79.532366408400790,-71.599199548357177,31.863256770271931,-0.903936992101547,-0.426669742152736,-0.023919336874006,0.016694632827166
4727,1670411976.990156889,79.610035950678977,-71.459529979316514,31.887417630536923,-0.915316634014199,-0.402017396071440,-0.020523968740600,0.012499578392510
4728,1670411977.088934422,79.686467911606144,-71.328258495694470,31.874116371681104,-0.918870981052790,-0.393635331326267,-0.022445934633542,0.014950790252368
4729,1670411977.188497066,79.763612072669702,-71.197170026012486,31.845772574554360,-0.909204547573169,-0.414584678500479,-0.030711919373145,0.022878221813327
4730,1670411977.288424253,79.839297112823530,-71.061585964402582,31.851147665134505,-0.904281054382802,-0.422499905581314,-0.050955932990058,0.034250508919152
4731,1670411977.387507439,79.915050314348832,-70.916747297748827,31.876415346852308,-0.900408547082018,-0.430570809048247,-0.053458153047071,0.031866167168069
4732,1670411977.487716913,79.988909326624892,-70.767337281955292,31.900282679572108,-0.886280261161017,-0.460059152696714,-0.046158094602905,0.026875732529019
4733,1670411977.589084625,80.061266165508954,-70.616460805120013,31.882785830190493,-0.884175241000353,-0.464907359372880,-0.042022045292384,0.018150430087134
4734,1670411977.689982176,80.137853000291372,-70.469442743654142,31.850649229342608,-0.898645687668611,-0.436194964607783,-0.042525681023942,0.019011768430986
4735,1670411977.790471077,80.217307748373528,-70.327131584570537,31.853536014047922,-0.900667711422547,-0.430315453767509,-0.051709802820282,0.030860656863089
4736,1670411977.891502619,80.296878678067117,-70.180393229580091,31.872045683126984,-0.908102104822324,-0.414685087632596,-0.046966690098358,0.034365321671950
4737,1670411977.990462542,80.372062258605567,-70.037520355676421,31.893804154249093,-0.918471319590995,-0.392189766063100,-0.043271404143071,0.026929687477471
4738,1670411978.089160919,80.440952971587507,-69.894837767166408,31.879865163488390,-0.918208665251255,-0.392685936730072,-0.044101892753363,0.027306138641448
4739,1670411978.188937902,80.505365371468883,-69.747822542590413,31.852631122338618,-0.907008254733689,-0.416793157250648,-0.053597164921750,0.027328260580111
4740,1670411978.288704157,80.571994300793804,-69.597133634852725,31.863130867285832,-0.894824029440848,-0.439597342892089,-0.069228428406969,0.035377353741627
4741,1670411978.387200356,80.641370792919687,-69.439177004063467,31.892793554173714,-0.886541590632206,-0.457281885175814,-0.063658091372406,0.029747822982454
4742,1670411978.487696171,80.706682224632885,-69.279736073733048,31.911199024370063,-0.875686647179054,-0.479016890595084,-0.056418736275401,0.023079009381078
4743,1670411978.588050604,80.770038117872218,-69.122245318634043,31.891118940720748,-0.874582727545026,-0.481783477611459,-0.053307203856063,0.012168623486692
4744,1670411978.688653469,80.836265683525284,-68.966447707819299,31.863516313604190,-0.882853929965205,-0.466157994735090,-0.055750808086981,0.012550286339406
4745,1670411978.789787054,80.907474210264610,-68.808326251448037,31.871731222176710,-0.886943046105070,-0.457493015059717,-0.060399993256725,0.019596299447005
4746,1670411978.891093493,80.984634687908937,-68.646603955192774,31.894799105240573,-0.894876638265749,-0.443374576390356,-0.049022808632903,0.014544811123063
4747,1670411978.989534616,81.062854475749091,-68.494847005601969,31.911955546455566,-0.899428378801014,-0.435428950555781,-0.035951226703440,0.011735830766878
4748,1670411979.088911057,81.140636949146028,-68.346032905478069,31.891602113945126,-0.892701068828881,-0.449635937438640,-0.024727765074175,0.017345406016712
4749,1670411979.189099550,81.210888489576220,-68.194449243092876,31.867177520352847,-0.885003839491388,-0.464437164518880,-0.025788303304615,0.020032166928067
4750,1670411979.289641380,81.274231583494071,-68.033045370654008,31.891802683194559,-0.882380444265662,-0.468847660225803,-0.035759028958235,0.017547504845032
4751,1670411979.392889738,81.338565872683660,-67.865087193558651,31.922874338275381,-0.879535646786327,-0.474813864459965,-0.030838027466648,0.004225660979992
4752,1670411979.492958546,81.401432135453732,-67.711440241533580,31.928830642915390,-0.869567594081831,-0.493257686907683,-0.023091701710413,-0.003978308853725
4753,1670411979.593472242,81.465376159160712,-67.563865080596727,31.904320309592418,-0.875636350868603,-0.482548400970841,-0.019261579062886,-0.006083858151321
4754,1670411979.693544865,81.529152357343108,-67.420349605286290,31.883454743448780,-0.881768540412552,-0.470958107662542,-0.026094809270320,0.001327740479449
4755,1670411979.793662548,81.595449747668965,-67.271815858709886,31.896868843973895,-0.882904843319863,-0.468403881242517,-0.028241746767731,0.016710637892734
4756,1670411979.893677235,81.664595940162982,-67.116424484966117,31.917949931662744,-0.889197996030052,-0.456961349361567,-0.017123921219589,0.014833083558765
4757,1670411979.993097305,81.732041690531148,-66.964289020195793,31.929679470004228,-0.894903381909653,-0.446020222005608,-0.007636224574863,0.012473439099794
4758,1670411980.092927217,81.792336435876038,-66.815445756474844,31.906158835257312,-0.892820621926005,-0.450207189640661,-0.005216234648127,0.012554455608087
4759,1670411980.192767859,81.845830677690060,-66.665241961914518,31.887230201401056,-0.884983178102464,-0.465125478134170,-0.014470415270024,0.015927057105303
4760,1670411980.291233063,81.901896438248755,-66.507000461467612,31.911829314403708,-0.878432915590181,-0.476769224190022,-0.026815550982640,0.018100991643426
4761,1670411980.391146421,81.961100434921505,-66.345477069148302,31.937429409670536,-0.870905569421863,-0.490774909062826,-0.021924614928099,0.013519949874494
4762,1670411980.491605997,82.016045691492266,-66.191363118258153,31.942352430455653,-0.858595223020100,-0.512267031577783,-0.016226051530394,0.011551909681302
4763,1670411980.592252493,82.069288541325164,-66.042321466864223,31.918645912492657,-0.862967407020004,-0.504861227338180,-0.018170750215017,0.008498199125799
4764,1670411980.692670107,82.122524040591088,-65.896333979195958,31.903486910146743,-0.874876360689396,-0.483183821765709,-0.028318989825190,0.017966154458938
4765,1670411980.792882204,82.179398314149154,-65.745909384061690,31.922409432100032,-0.880121271048056,-0.472602649919858,-0.033862886585479,0.029775635166734
4766,1670411980.892759562,82.238716146746299,-65.591913243588223,31.953892117914975,-0.889978797200267,-0.454522489652817,-0.027261268309177,0.024573770242806
4767,1670411980.991988897,82.298387423408911,-65.442215671089926,31.962401940715694,-0.896902793587335,-0.441199528353889,-0.021492861228384,0.021128463071380
4768,1670411981.091557264,82.355280694443820,-65.292176293865168,31.933517422834282,-0.890274744517189,-0.454563800531049,-0.019365024943071,0.020189758061349
4769,1670411981.191434145,82.409300111143835,-65.139591580681156,31.926464037258871,-0.883834609687649,-0.466541105303179,-0.027704603905395,0.020204818811728
4770,1670411981.290937185,82.465055469831057,-64.984639856593773,31.953099689748640,-0.880663085570247,-0.471438241366676,-0.041934003396610,0.020495210419032
4771,1670411981.391331911,82.524400999183257,-64.828675574974994,31.976333750322706,-0.869788735482684,-0.491833700211083,-0.036541162170705,0.015228605691992
4772,1670411981.491846085,82.585462116123111,-64.678690585260483,31.981104604919160,-0.860570918608170,-0.508094837286753,-0.033179397621139,0.012508314911984
4773,1670411981.593000650,82.648846864838063,-64.529706971457131,31.955396316938138,-0.867172357172339,-0.496920896932225,-0.029841379399328,0.013828131608708
4774,1670411981.692623138,82.713674082765849,-64.381416665736438,31.939261968922271,-0.872551901079792,-0.486899988101109,-0.033902091121724,0.020790135323154
4775,1670411981.793361425,82.782145152331736,-64.224861195295134,31.963097329985498,-0.879125953897788,-0.474747968925273,-0.030820077540663,0.028320416752252
4776,1670411981.893070698,82.848217774677181,-64.070673863108809,31.990856614886098,-0.887344024403209,-0.460102144960941,-0.022401166283931,0.020610344669088
4777,1670411981.992642164,82.912294156843231,-63.922565065178858,31.991661570703734,-0.894662360848353,-0.446081778639021,-0.018267096706796,0.016019364076098
4778,1670411982.091741085,82.972976127329218,-63.776308934238124,31.965744684609533,-0.889980829035325,-0.455280649764248,-0.020182518950627,0.015694579594461
4779,1670411982.191759586,83.033007907517558,-63.627463772260022,31.961536015718949,-0.885549132530489,-0.462898731035960,-0.033827715533563,0.019575094931492
4780,1670411982.290874958,83.093779558115827,-63.471628865939920,31.990727718608909,-0.881847454766758,-0.469742757540476,-0.038144744137526,0.015224544470776
4781,1670411982.391034842,83.151893599040108,-63.319546494999088,32.014814257913315,-0.874183786297795,-0.484636386000670,-0.029631264954039,0.007229749337543
4782,1670411982.492552996,83.205562729607223,-63.172284325103448,32.005836558193259,-0.868680373698161,-0.494749685981594,-0.024775520075534,0.001824877454691
4783,1670411982.593143225,83.258863823426751,-63.029909358886890,31.981404759185153,-0.877024285164649,-0.479791704023816,-0.024914590211293,0.002754482884942
4784,1670411982.693247080,83.310410985561617,-62.889607541393225,31.974529036355452,-0.880984875734486,-0.471903010402848,-0.030464523853469,0.015655998409623
4785,1670411982.795097828,83.364079464832642,-62.742001651526358,31.994273416605953,-0.892505013003810,-0.450023791487922,-0.025812526515739,0.015719488947780
4786,1670411982.894313097,83.418084700882531,-62.599493536132030,32.016642919867678,-0.898259022570601,-0.439102537716609,-0.014419573740745,0.010571926715469
4787,1670411982.993592978,83.468776983893648,-62.461403243272834,32.009653705017101,-0.901758103319925,-0.432066394877195,-0.007672260444912,0.009596350053080
4788,1670411983.094139814,83.513017256010343,-62.320338862597808,31.983664881753203,-0.895836778984398,-0.444271630646279,-0.008486569491339,0.005211694544327
4789,1670411983.193006516,83.555294178438686,-62.180553488569032,31.984823958313541,-0.891183948215127,-0.453181911001586,-0.018978272385491,0.007559838748995
4790,1670411983.291856766,83.598850118684325,-62.036607309826735,32.013673912681185,-0.888207138135185,-0.458795909305071,-0.024036597264359,0.004078647151675
4791,1670411983.391965628,83.640183402134724,-61.898267671628858,32.032159614523266,-0.878880320739746,-0.476628063191027,-0.019848343365809,-0.001055680256724
4792,1670411983.491893053,83.680238833534830,-61.768054733786165,32.025908768117759,-0.871340390915874,-0.490322569381033,-0.018646423423695,-0.001418452557312
4793,1670411983.592096329,83.722154662777541,-61.640391448209584,32.006060937909446,-0.876669305999000,-0.480575428467529,-0.022005697810482,0.003732925977828
4794,1670411983.692454338,83.763291640546882,-61.510425324414101,32.008361165575700,-0.878473462393964,-0.476889363506615,-0.025616686492280,0.014307208566788
4795,1670411983.793519735,83.802787011031256,-61.375912293623095,32.028177582491963,-0.886573006338929,-0.462039169640057,-0.019180130301385,0.011841991010869
4796,1670411983.892784119,83.841181872094253,-61.250125675692779,32.043708551359103,-0.896132416602018,-0.443424719531706,-0.017866181368947,0.001417598867073
4797,1670411983.992946625,83.882703750060301,-61.128969850412467,32.044046301813317,-0.899456949534176,-0.436664698875689,-0.016825312448342,-0.004248005590111
4798,1670411984.092833519,83.926662595307604,-61.005984135918105,32.044487863021722,-0.893781544196649,-0.448078343489895,-0.017659861582724,-0.008275182033328
4799,1670411984.192607880,83.975735876386452,-60.879926971095728,32.077617062065102,-0.885481499632669,-0.464277878113513,-0.016650721047252,-0.009556107539150
4800,1670411984.291340828,84.024249375040867,-60.765726576376096,32.108945744713722,-0.877920711294506,-0.478623854179791,-0.001272575041745,-0.013145776621925
4801,1670411984.391997337,84.065401542061196,-60.661920606030897,32.138350533924751,-0.860714020823873,-0.508550793545931,0.018435196971124,-0.014408617339676
4802,1670411984.492908478,84.098615404087113,-60.568792731209435,32.153241430002474,-0.859568041475112,-0.510087564346256,0.028076108754380,-0.012852660859012
4803,1670411984.592929125,84.128589972152596,-60.487807949436807,32.170205143319890,-0.865720663244089,-0.499768539798724,0.026802836870087,-0.006383399986007
4804,1670411984.693855286,84.156272796801517,-60.415227619443392,32.199369063624147,-0.871078200109557,-0.490443360996638,0.025093909618504,0.007640330377274
4805,1670411984.794251204,84.179764465340710,-60.345763887778432,32.235423360195902,-0.876426670510191,-0.480871539273097,0.023603783840055,0.009039652868083
4806,1670411984.894092798,84.200567316651217,-60.276099177716645,32.273877302127580,-0.887406973262361,-0.460605377950289,0.018500110137037,0.003048857740913
4807,1670411984.993951559,84.216070718481831,-60.201235468296900,32.294324456923903,-0.891852364224207,-0.452137068417697,0.013021730441740,-0.001366135661319
4808,1670411985.093275547,84.230992530670150,-60.119625755207480,32.311826960314605,-0.885220226192110,-0.465106346378292,0.002690956070231,-0.007348227980548
4809,1670411985.192414761,84.254261249687474,-60.034763704984734,32.345709013906024,-0.878336641768211,-0.477874465184329,0.001760619504376,-0.012555455829791
4810,1670411985.290647984,84.279695444650088,-59.959101626746836,32.375626888564234,-0.866437866252557,-0.498953731928048,0.013761776948953,-0.011883215642114
4811,1670411985.391424179,84.299324141467508,-59.891434034714408,32.399414173676071,-0.856658967787845,-0.515385753564229,0.021029027721196,-0.008409395031632
4812,1670411985.492331743,84.315567220684883,-59.828743734003680,32.418087378686714,-0.858017564316587,-0.513216838492575,0.020191832290310,-0.002574086377156
4813,1670411985.592191458,84.333665500075355,-59.770513047158026,32.442037468612227,-0.866650399127100,-0.498621149779923,0.013065128659523,0.011105723663769
4814,1670411985.693139791,84.351142589924820,-59.711682589865205,32.478677932205862,-0.871499493844972,-0.489745348351841,0.009096060327812,0.023566664638938
4815,1670411985.793756485,84.365932061829426,-59.655125478858835,32.511678992071779,-0.879712863477919,-0.474963178385886,0.004470465928869,0.022254706096363
4816,1670411985.893571854,84.380950271548286,-59.598584083806472,32.543458028586528,-0.892300087359855,-0.451151030649231,-0.004611334446862,0.015557545961718
4817,1670411985.993846178,84.399468723743936,-59.538368473548239,32.567418354983140,-0.895400097102246,-0.444710996510412,-0.015062131107354,0.016245857887775
4818,1670411986.094044685,84.424196708245873,-59.475159135655545,32.591403128326910,-0.878094847733432,-0.477318142944470,-0.023870771428016,0.023388353329675
4819,1670411986.191867113,84.455394378079205,-59.410059702998915,32.623589717624590,-0.873390376855289,-0.485886549813499,-0.021385677277989,0.025419739067732
4820,1670411986.292164803,84.483376230569874,-59.345087763036375,32.655155225604538,-0.870834341853802,-0.490825722050307,-0.010800209041946,0.024920174688375
4821,1670411986.392892599,84.505124783217155,-59.284520698653260,32.680016080513546,-0.869504827270841,-0.493081201175874,-0.005900854673897,0.028239410648594
4822,1670411986.493226767,84.527079340792952,-59.228279304328794,32.700344384971807,-0.875085659861757,-0.482727659172613,-0.007854422264563,0.033725406223382
4823,1670411986.593335629,84.547753035704346,-59.177224847128322,32.727008292303218,-0.888509352952428,-0.456174028912029,-0.013993594680216,0.047545392733164
4824,1670411986.693782568,84.566886971979500,-59.122739686617081,32.760232749195190,-0.891632350712435,-0.449724654654041,-0.015374666006532,0.050031048405046
4825,1670411986.793971300,84.588022331385957,-59.066892650047080,32.800484277996411,-0.897785407528456,-0.437434031601435,-0.018825523836166,0.047732899327116
4826,1670411986.892088652,84.608758085623080,-59.005293315324032,32.829355826794441,-0.897875930363875,-0.437314713385441,-0.024633652385852,0.044360323487871
4827,1670411986.992837429,84.626091055196468,-58.934134018333737,32.847181763636399,-0.889559337800944,-0.453569033427170,-0.034487749117378,0.042070317421020
4828,1670411987.092308521,84.646555126533059,-58.857093536371025,32.869987711396242,-0.880322074482593,-0.470923126087767,-0.043267703490236,0.037314344816314
4829,1670411987.192035198,84.670139202888450,-58.778004887420501,32.900684611555299,-0.884399134804009,-0.464575599639715,-0.036421157011036,0.026099461666825
4830,1670411987.292610168,84.689663554418786,-58.700700679807596,32.934130653137622,-0.880659818777996,-0.472369869409497,-0.031022742678319,0.018508903281301
4831,1670411987.393707514,84.708565414358674,-58.627763019086103,32.954371494106830,-0.887443352741633,-0.459772136014593,-0.030184176729524,0.011949648297276
4832,1670411987.494208813,84.732037662226901,-58.560589004116402,32.968785606924392,-0.897273098426492,-0.439807296668372,-0.034388466764105,0.016969442860492
4833,1670411987.593458652,84.762735741248278,-58.495293893041591,32.990507958014852,-0.897893117300016,-0.437862078131736,-0.035450499431295,0.028425561199196
4834,1670411987.693954706,84.796469388702846,-58.430294614545041,33.014867466256355,-0.902616878769654,-0.428135388261490,-0.031080299747579,0.031888468854920
4835,1670411987.794813395,84.829991463454860,-58.366830631374043,33.037269612184261,-0.915852069258919,-0.399138207197604,-0.031433590507896,0.030259018110649
4836,1670411987.892230034,84.861677690640931,-58.299640503248931,33.046418855348556,-0.914765796767798,-0.401555249293711,-0.033582236443467,0.028795003453662
4837,1670411987.992475033,84.893813182743145,-58.220504466371665,33.039462027488845,-0.911699970606855,-0.408449275567178,-0.035777653580885,0.026311829817646
4838,1670411988.093780518,84.931634755463151,-58.138119638783188,33.031534475521433,-0.907101134352310,-0.416637666439732,-0.051155185733786,0.031044064375480
4839,1670411988.191733360,84.979047272726987,-58.053309405006566,33.041623401571705,-0.897709313209208,-0.434209463821946,-0.063211609718386,0.039804810032470
4840,1670411988.292600393,85.033928868867449,-57.958368242698455,33.062620599176725,-0.894516783409904,-0.441867670294437,-0.055256972060512,0.039234591692407
4841,1670411988.394690514,85.087503915250153,-57.861498313161320,33.068104928743026,-0.898101404634301,-0.435537614369038,-0.051942349147515,0.031981960988345
4842,1670411988.494085550,85.148224405466706,-57.769431313264178,33.060028307791903,-0.908664091933231,-0.414042142310583,-0.046001110668074,0.027974456908465
4843,1670411988.594565392,85.213571014159257,-57.679349975701641,33.050960057496560,-0.914603892995899,-0.400578766921546,-0.040366701768063,0.037508662955748
4844,1670411988.694898844,85.271802087852521,-57.592516727563456,33.054519785988717,-0.918752247450302,-0.387657769165218,-0.045497265514704,0.059546289905839
4845,1670411988.794498682,85.326204861961415,-57.497816719951452,33.081257074461035,-0.922364592971040,-0.375544880288388,-0.048571227198262,0.076488145558658
4846,1670411988.892813206,85.378697010723755,-57.392553611811948,33.102512087314736,-0.923421375080298,-0.372714399791845,-0.049030137777863,0.077285094436769
4847,1670411988.995137215,85.431884219942432,-57.273333370540755,33.117669157791546,-0.929940280987975,-0.357600517129679,-0.049193621906490,0.070092307055151
4848,1670411989.094509363,85.487992588678225,-57.152316335852774,33.107487739289667,-0.930976816162351,-0.356537367989731,-0.048785369933309,0.061508216326260
4849,1670411989.192807436,85.551703847892071,-57.031385187901137,33.093996766038302,-0.922526725569710,-0.377288249494977,-0.053361515464525,0.061241865337152
4850,1670411989.293088436,85.623203618321156,-56.898210256928976,33.114461181713047,-0.907851603511380,-0.410559197612234,-0.057321019936974,0.062935776242128
4851,1670411989.393149853,85.693349838553701,-56.755838668546950,33.135339868380171,-0.902354819528198,-0.425359041250235,-0.047448867094868,0.050735300455684
4852,1670411989.492664576,85.759227537888961,-56.613765780535900,33.145173027934625,-0.897475740286115,-0.437786642780550,-0.038079644234281,0.037816553198509
4853,1670411989.593603373,85.821872017642292,-56.474771647915055,33.131107950498254,-0.898086977734552,-0.437509583177216,-0.033534351683908,0.030009870190593
4854,1670411989.694743633,85.883241185761094,-56.342387139772477,33.112874384187556,-0.899965080005274,-0.433029201382234,-0.037195107270047,0.034133407631455
4855,1670411989.793869019,85.944089148345071,-56.213103623248166,33.121863648234772,-0.902822218196251,-0.425000470408907,-0.045542341503598,0.047037619133820
4856,1670411989.898374557,86.007782889162485,-56.068072860509695,33.147608654908005,-0.903198504381467,-0.424336656842585,-0.040246596547920,0.050508165766025
4857,1670411989.995317459,86.061617897471223,-55.928676445578141,33.166579250514914,-0.902631916814389,-0.426672482694948,-0.035820855600808,0.043852953867861
4858,1670411990.096064568,86.114172951759173,-55.783378481445283,33.153258430328357,-0.903344925746569,-0.425750084822366,-0.035095259235305,0.038381417129662
4859,1670411990.193527460,86.168198886185209,-55.644365437878534,33.135816009984872,-0.896334049266165,-0.439893593977331,-0.042455699381384,0.035726904342025
4860,1670411990.294337034,86.231144866686719,-55.496115703588792,33.157165032187763,-0.886858670222949,-0.456735363195662,-0.056789181224636,0.040613987156461
4861,1670411990.394472361,86.292186479319753,-55.340808470704310,33.192608945237644,-0.880877542408168,-0.468988986529636,-0.056055861716331,0.031013322332364
4862,1670411990.494223833,86.348422958279258,-55.188912952800642,33.207130573129447,-0.875459121013186,-0.480273444218767,-0.049249839409959,0.021981799998098
4863,1670411990.593717337,86.405308679414333,-55.041058609935867,33.190249515920769,-0.870595175313238,-0.489861512570834,-0.043507649283132,0.014381365616072
4864,1670411990.694844723,86.469598835693461,-54.894571870166331,33.168913228262447,-0.879710733768628,-0.473329061792782,-0.042624585353767,0.015867226539236
4865,1670411990.787141323,86.529364396191454,-54.760608590972836,33.178393576821797,-0.881491028270474,-0.468867408756400,-0.049085389266224,0.026973035522636
4866,1670411990.888836145,86.593854565812592,-54.605688221256244,33.205375801645275,-0.890106344430523,-0.452880435048367,-0.039694887089292,0.032160893860418
4867,1670411990.988434792,86.649244960658336,-54.452226749326115,33.227845261538491,-0.899378117797480,-0.435361839204448,-0.031748088456494,0.023898306863464
4868,1670411991.087722301,86.696394382516615,-54.300341360606176,33.217000011880607,-0.903096859276799,-0.427853135588910,-0.031917197313135,0.018413300811993
4869,1670411991.187079906,86.740361082497614,-54.145535856956009,33.191952764358625,-0.892218520171819,-0.449827290453711,-0.037702003704147,0.013419386803203
4870,1670411991.286711693,86.790717457953207,-53.986389755615804,33.202494247978954,-0.883585919374483,-0.465350389495001,-0.049479764276875,0.016634031595089
4871,1670411991.386133671,86.848526695340325,-53.819864888966656,33.231429019239748,-0.878585431968195,-0.475442897193151,-0.042645200845043,0.014935765354643
4872,1670411991.485673428,86.903335157922186,-53.657175519855727,33.246888095100601,-0.864259272562683,-0.501962015553952,-0.029782567189897,0.014249330581328
4873,1670411991.586696863,86.951580126388819,-53.495936778349318,33.231826715251785,-0.859225202866829,-0.510886220478980,-0.023660214428188,0.012942748408779
4874,1670411991.688371658,87.001394317575603,-53.336144831969641,33.208949217241425,-0.866287369999483,-0.498637438382245,-0.024755820650856,0.017147797726654
4875,1670411991.788424015,87.056361761143449,-53.176195314454048,33.221452929670875,-0.869990021840969,-0.491511552746816,-0.023330835566156,0.031455166910211
4876,1670411991.889324188,87.111927558380444,-53.009372574754480,33.252180990315296,-0.879392308646185,-0.475363717315264,-0.011961757866116,0.023567352479650
4877,1670411991.989120245,87.164961382285128,-52.848396541145384,33.271080298415484,-0.890584692532845,-0.454587608744650,-0.005324370570027,0.013441074362987
4878,1670411992.088633537,87.215488986329078,-52.691511374528659,33.253418870074320,-0.894181631182942,-0.447617952452195,-0.003715110068886,0.007973522100949
4879,1670411992.187833786,87.267850693275335,-52.537937884364645,33.243320274709937,-0.885906095217732,-0.463666375941388,-0.010415773049122,0.008682968918478
4880,1670411992.287298918,87.324396363667276,-52.379137617902586,33.275109771279872,-0.878464462608542,-0.477200770111926,-0.020625571761988,0.012417678042255
4881,1670411992.386881351,87.378173819725433,-52.219582798943044,33.306515719924221,-0.875871045212160,-0.482154806784603,-0.019320340017671,0.001838182543074
4882,1670411992.487629414,87.429214752900180,-52.067676961478263,33.320528977410433,-0.867824809308420,-0.496531582238293,-0.018160012782769,-0.002588846166213
4883,1670411992.588713408,87.480867715250213,-51.921788436064418,33.303311974796962,-0.869162312675684,-0.494004002572483,-0.022542349779039,-0.002960090042896
4884,1670411992.689073563,87.537090136645006,-51.778858986368704,33.291564960520390,-0.876777536707033,-0.479919724928491,-0.030186947358273,0.005192009215919
4885,1670411992.788536310,87.595471952300102,-51.631356244406128,33.320460484179826,-0.884628993196055,-0.464715379434560,-0.035281433954581,0.015045960655136
4886,1670411992.889075041,87.651512498022555,-51.479309992294652,33.353618715618246,-0.894335230386476,-0.446160871077238,-0.032605563632520,0.006469159866274
4887,1670411992.989767551,87.706137306259279,-51.331057257943989,33.368167533142980,-0.899546030948552,-0.435640350027616,-0.032097309969216,0.002046051138977
4888,1670411993.091854811,87.760964568960418,-51.181572025336543,33.342961571119254,-0.895639381425557,-0.443481948496106,-0.033940098347985,0.001389072305853
4889,1670411993.190062761,87.816319380406725,-51.036060585395610,33.335363205014232,-0.882610293446909,-0.468255745431065,-0.041325876300283,0.005272449181677
4890,1670411993.290056467,87.876269322372821,-50.883278550679172,33.362086788620296,-0.881670259410242,-0.468361166128609,-0.057028541364366,0.006566369162588
4891,1670411993.390487432,87.938874948388673,-50.727843138405120,33.391250730173290,-0.882781173765807,-0.466883226196872,-0.052103863908352,-0.001624717354952
4892,1670411993.491044521,88.000827226040300,-50.578527628603382,33.399320993184674,-0.875767141830715,-0.480426019186235,-0.046713860430768,-0.006369350216614
4893,1670411993.592708826,88.067327930188725,-50.431279470107228,33.374891000273649,-0.882718886468545,-0.467769399005586,-0.043792384956423,-0.009021299546811
4894,1670411993.694035292,88.133346723607104,-50.285857181593627,33.370099180078860,-0.889725544944099,-0.454273193033177,-0.044970929446643,0.001391499217529
4895,1670411993.791804552,88.192962970783029,-50.142199976150721,33.401491222120598,-0.897804325700756,-0.437805696048751,-0.045706414149550,0.013582671529167
4896,1670411993.891718626,88.247183272805785,-49.993434606998768,33.429973578887804,-0.903013188257000,-0.427799882730365,-0.038325380387457,0.009252426058676
4897,1670411993.991078854,88.294928088848195,-49.847988591375838,33.437361903741220,-0.907406154063223,-0.418379161387164,-0.039409032259770,0.004458369826678
4898,1670411994.088700294,88.342220547058076,-49.703465560649953,33.417878308305511,-0.901303777197930,-0.431116836136996,-0.042119699799256,0.003963041356230
4899,1670411994.188194275,88.395472785627788,-49.556183812457135,33.411759379186172,-0.892172910637678,-0.448487918420805,-0.052964093705715,0.008993849720793
4900,1670411994.287439108,88.454990600650078,-49.400236964682080,33.439830578180150,-0.873589538559974,-0.482709421957379,-0.059484901744316,0.017160376936818
4901,1670411994.387753487,88.516862659221346,-49.238190749384081,33.466509577412616,-0.867815406354590,-0.494381973152738,-0.048553001481984,0.011202283799002
4902,1670411994.488336325,88.574969496965025,-49.078111013891380,33.470397892624696,-0.856782447480158,-0.514089264763378,-0.040074029936314,0.005489778649736
4903,1670411994.589705467,88.631607072087448,-48.919467506475122,33.445871150201050,-0.862402689560817,-0.504881597749591,-0.036816956029481,-0.000827671923201
4904,1670411994.690648794,88.688401499275230,-48.762980168955863,33.436900598543644,-0.870332544131501,-0.490897254472270,-0.039131068368117,0.003147644444136
4905,1670411994.791164875,88.745923099659123,-48.604133192364863,33.465937295124832,-0.874555609806466,-0.483394214558970,-0.037535358355031,0.008579951055584
4906,1670411994.892898321,88.804043583571300,-48.445828365598125,33.489075229269552,-0.883542154887040,-0.467372592074225,-0.030162389216631,0.002520117483437
4907,1670411994.991241693,88.865676395087235,-48.297928064275240,33.492186268481632,-0.889608880991179,-0.456059138255529,-0.024615248246385,-0.000436839805755
4908,1670411995.091443539,88.932304167001035,-48.148262223067462,33.469237017782476,-0.885844293038949,-0.463540681527996,-0.019755334570136,0.004433036759048
4909,1670411995.190826893,89.000026775993277,-47.994007550783714,33.474616919412369,-0.875618710523051,-0.482265226042815,-0.024656500792526,0.010206982927908
4910,1670411995.291148663,89.069077192611289,-47.826733543656871,33.511656050911668,-0.873351493105847,-0.486331957667402,-0.026940038165386,0.003553981545770
4911,1670411995.390523434,89.134068893246592,-47.666622657251501,33.534305588540320,-0.866720654052247,-0.498561931400124,-0.014968366061188,-0.002693773427937
4912,1670411995.490803003,89.191526109158318,-47.515954460790574,33.533546010479874,-0.855137535404507,-0.518311921456849,-0.009098699154127,-0.003124306597798
4913,1670411995.591398954,89.247605894473068,-47.370991709217343,33.514130611040990,-0.868972855517413,-0.494592407609393,-0.015447149632221,-0.005090410327020
4914,1670411995.690937757,89.304844560901003,-47.224862402909835,33.522981571496878,-0.875614549161130,-0.482415638015167,-0.022996684980031,0.006742846260944
4915,1670411995.791376591,89.362861562893769,-47.070079514428841,33.558265554231092,-0.887083932100398,-0.461095600286237,-0.020075651382396,0.008361401051448
4916,1670411995.890869379,89.417812256193443,-46.917154215993378,33.588287276110449,-0.893061767182146,-0.449759988657605,-0.012503638822350,-0.000540015196476
4917,1670411995.989928722,89.471989740764684,-46.766290947555156,33.585662271992639,-0.898798066071839,-0.438267971514908,-0.007656128590491,-0.004960369415225
4918,1670411996.089151621,89.525435410841354,-46.610809865199371,33.566278504825391,-0.890861599058778,-0.454191766391079,-0.003193347474198,-0.008077945091231
4919,1670411996.188314199,89.577594068527233,-46.456413734278577,33.574363653629334,-0.882001320749291,-0.470995044465260,-0.015378731906340,-0.000912628416941
4920,1670411996.287708521,89.630590967215937,-46.298911832866878,33.602519268307162,-0.869587199320119,-0.493342857922259,-0.020433324871461,0.003661495648958
4921,1670411996.388059616,89.679387273894918,-46.140839597183415,33.629925227508672,-0.856288117282771,-0.516344043715668,-0.011959489999866,-0.004057008580685
4922,1670411996.489098787,89.720438221864555,-45.988205759476664,33.631949869544556,-0.848774175623029,-0.528436764035650,-0.014903380999087,-0.010717949700152
4923,1670411996.591415167,89.755842017005264,-45.840203014227022,33.614080964512183,-0.862509189732302,-0.505095609108492,-0.027042856939215,-0.015000239171933
4924,1670411996.690594435,89.782253186126979,-45.702146624493793,33.622843671788424,-0.861841510449479,-0.504865202375873,-0.048337129311257,-0.001964745804627
4925,1670411996.791152716,89.807454777151776,-45.562845213445094,33.651298474611202,-0.844561503726725,-0.531931562029372,-0.060456815475279,0.010471542504998
4926,1670411996.890842438,89.836878244355802,-45.420907061178561,33.677569639963679,-0.839338035404164,-0.539525562024176,-0.065913845554160,0.008899169098115
4927,1670411996.991495848,89.878679530330984,-45.274530462709343,33.685151957982022,-0.841868500906789,-0.535667312222346,-0.064776333357403,0.011044656364679
4928,1670411997.090769768,89.922770928587752,-45.125408000567752,33.672968841940481,-0.826330446639391,-0.559873351481452,-0.059888186693931,0.011542458671516
4929,1670411997.191000700,89.967375215229310,-44.972821231877518,33.681734222879570,-0.819942270902908,-0.568175098743377,-0.068026774091368,0.015623301867983
4930,1670411997.290585041,90.016848243161320,-44.816745843727375,33.711721861919138,-0.812308355621026,-0.579120008396797,-0.067853568963182,0.013078395991740
4931,1670411997.390752316,90.068670565191127,-44.664799126002407,33.738326268579279,-0.808332940347751,-0.586247888043466,-0.053207635491551,0.008956497012400
4932,1670411997.491827250,90.115928304700532,-44.516256668193122,33.739889969100247,-0.800106657820767,-0.597948750514713,-0.047157835067277,0.007922528671043
4933,1670411997.591579199,90.157600303562916,-44.366555407536872,33.718518906417671,-0.802818134908447,-0.594588888745932,-0.043921295189814,0.004244463552677
4934,1670411997.691262960,90.192153401154926,-44.215023632461936,33.715887196522239,-0.813318928748644,-0.579706875994712,-0.049052879109455,0.006787717928990
4935,1670411997.792512894,90.228083085559462,-44.055392168162328,33.742228173607273,-0.828588041968999,-0.557547411169807,-0.050463736081107,0.006012681977542
4936,1670411997.891424179,90.265394519389119,-43.901223721061157,33.761535780882873,-0.832180622553463,-0.552892697351009,-0.042100728721303,-0.003550394850056
4937,1670411997.990934372,90.306174668317411,-43.749373885423942,33.762905694149332,-0.846564861926112,-0.530924410384815,-0.037389561431089,-0.007016103302453
4938,1670411998.092018843,90.348392902259846,-43.589159750451863,33.739943035087244,-0.843548708672666,-0.535853392244199,-0.034101994101317,-0.011125291698443
4939,1670411998.190368414,90.391676204960802,-43.431067225760870,33.737946136738600,-0.836592441647668,-0.546539535013809,-0.036851752247797,-0.007040710273135
4940,1670411998.289761782,90.433850386685393,-43.263660422248400,33.765317967078914,-0.828929574024321,-0.557937194029271,-0.037989104828502,-0.011776108904515
4941,1670411998.391209126,90.473771639912314,-43.095310450012228,33.791253141696650,-0.829771702119993,-0.556883234216799,-0.030069388644340,-0.021349887018040
4942,1670411998.490479231,90.514491934890515,-42.937467275469508,33.794523347453982,-0.821572173387287,-0.568798488966809,-0.026470378977209,-0.028049276310924
4943,1670411998.590733290,90.561615471700904,-42.783452043875769,33.777315622876898,-0.824577002654135,-0.564669969715596,-0.024577830468642,-0.024829865983636
4944,1670411998.692610502,90.609795119123064,-42.626858812676453,33.776253439987556,-0.840692464820416,-0.540292152606421,-0.033202269476843,-0.014770874303178
4945,1670411998.792684555,90.659240642701690,-42.465535000283218,33.803040236138109,-0.856003369826447,-0.515754277842141,-0.033101750751248,-0.012650289739849
4946,1670411998.892804623,90.712811854436126,-42.306775201241756,33.835350606486344,-0.862521707845015,-0.504895151588973,-0.024756756391241,-0.022897432411776
4947,1670411998.996475935,90.772103208599958,-42.149413357742560,33.845027790115822,-0.871659469073320,-0.489345819749917,-0.018072657107075,-0.020586833976838
4948,1670411999.096604586,90.832373729292740,-42.001943102519434,33.825106658609890,-0.866405527251466,-0.498779446700471,-0.014246671325006,-0.018909210809486
4949,1670411999.197029114,90.890110416019823,-41.841869400360544,33.840315376824016,-0.857454614693333,-0.514211655923952,-0.012329689847632,-0.014350449516163
4950,1670411999.296211243,90.942510173168699,-41.678965084080929,33.873785401575958,-0.855568818639787,-0.516956417242429,-0.014934206409157,-0.023130687886858
4951,1670411999.395986080,90.996250230015917,-41.524322531391519,33.895930676764365,-0.852614681633065,-0.521880079216164,-0.006220012932401,-0.025508802798215
4952,1670411999.496685982,91.047245782552551,-41.370024770517666,33.892135464884980,-0.838594226148796,-0.544126812526867,-0.004309490574586,-0.025829518970378
4953,1670411999.596029520,91.098100441157555,-41.214718948701822,33.869411652241844,-0.843882737987358,-0.536110889710164,-0.007988355484662,-0.019576124176852
4954,1670411999.697709799,91.150201850937847,-41.049149578302533,33.869454662051155,-0.861931555728594,-0.506595142931068,-0.017830213838294,-0.010836875583759
4955,1670411999.798429012,91.212431001451492,-40.874262871225554,33.899274752750841,-0.861419756043321,-0.507509401097493,0.000873826909238,-0.019734440008848
4956,1670411999.897410154,91.281847199593514,-40.715839920923813,33.929613881966070,-0.862993061557311,-0.504223887375496,0.014104082590009,-0.028325288315876
4957,1670411999.994762421,91.352033817350033,-40.578138022276221,33.922516000666064,-0.867864401739667,-0.495799441438041,0.019838665081811,-0.024509619143271
4958,1670412000.094773531,91.420894477668924,-40.446995104173773,33.911985120387712,-0.864121737631630,-0.502953000160570,0.014798696182543,-0.010625477554978
4959,1670412000.196862698,91.485091178752597,-40.307983520269950,33.943212548017108,-0.856361346799174,-0.516343087851999,-0.004494431390815,0.003854792113825
4960,1670412000.294800758,91.549350791155348,-40.159970215759358,33.983283163396806,-0.863667565578429,-0.503990708896294,-0.007419043116094,-0.004081582203314
4961,1670412000.395764828,91.616306370488104,-40.000800095970909,34.016679847853112,-0.863054003566673,-0.504986804994247,0.001204765910328,-0.011165224957048
4962,1670412000.496313095,91.680506733835685,-39.844542533419080,34.019385345573490,-0.861818951679155,-0.506805197537050,0.004892636874011,-0.019815357188126
4963,1670412000.596829653,91.740138581351658,-39.694362541455199,34.009228572193521,-0.874363025886955,-0.484734441249617,0.003696665344962,-0.022542295658546
4964,1670412000.696065664,91.796830766857099,-39.550711435787328,34.032934087311510,-0.873427602599842,-0.486784817753643,-0.000881047927351,-0.012805778999919
4965,1670412000.796009302,91.858789602864491,-39.411012156362624,34.062925971872637,-0.865820129175233,-0.500195633158648,0.006127922880805,-0.011058076015682
4966,1670412000.897205353,91.927383827080163,-39.274581651679085,34.082093226750359,-0.873609456833860,-0.486468628892873,0.011304607834359,-0.005195755503035
4967,1670412000.996909857,91.996170904711221,-39.139228728880695,34.066583858366897,-0.874873213190798,-0.484163631913460,0.013489087009239,0.000694913831651
4968,1670412001.097561598,92.063559440063784,-39.000509569246908,34.048960297865506,-0.861881416391804,-0.506871548314886,0.011726100392544,0.010205692377897
4969,1670412001.196893454,92.135708795575212,-38.863634496701600,34.066572417491869,-0.851529090416038,-0.523580445934284,-0.002723092721651,0.027464696912958
4970,1670412001.288312912,92.210848568585277,-38.722660548465655,34.088537933731892,-0.848984287167349,-0.527573266637742,0.009203859762572,0.028415091722567
4971,1670412001.389464617,92.295501605953461,-38.562237267162594,34.106386726861984,-0.842723907876686,-0.536974262785380,0.030026460606642,0.023947189033014
4972,1670412001.488341093,92.373311392378923,-38.405651715634924,34.089631915892930,-0.855661962045432,-0.515643433897177,0.043773804652470,0.006189492187383
4973,1670412001.588825464,92.449628716121182,-38.259828355947718,34.069322012087127,-0.872132971060286,-0.486835497578686,0.048685581043721,-0.002234566021871
4974,1670412001.689679146,92.525586207874426,-38.124751693613241,34.086346438170800,-0.876990465803022,-0.478053088031342,0.047892320700823,0.007700229359241
4975,1670412001.789511442,92.611297784583883,-37.989822273099776,34.119283719610969,-0.886031641408851,-0.459502761235135,0.061333577584589,0.006582940095338
4976,1670412001.887323380,92.699327865553357,-37.863134617413436,34.145483260253421,-0.889662749291892,-0.450200798074409,0.075757208657038,0.008959870091198
4977,1670412001.988066673,92.785638749400832,-37.735127598064395,34.142726710224728,-0.897352931757372,-0.433096180689170,0.084108274440129,0.010545724707540
4978,1670412002.087471485,92.864097280477850,-37.612220292059000,34.126742698947758,-0.890506687910552,-0.446945821481491,0.083112603428128,0.018153969213711
4979,1670412002.187681913,92.945181236470503,-37.487984477805369,34.144101139064489,-0.884182869326061,-0.460670361435290,0.071023295466280,0.030970359806162
4980,1670412002.287940025,93.031476345317287,-37.350720798232551,34.180227099401975,-0.886223418638541,-0.457296831637696,0.070409579245705,0.023025012077841
4981,1670412002.387716532,93.119368322411717,-37.215406867837359,34.203003378165292,-0.880768879035482,-0.466333921071099,0.080220499934993,0.018534485998124
4982,1670412002.487968922,93.198825749201717,-37.083207018310532,34.197781180113225,-0.885045531065909,-0.457180243373519,0.086985468515023,0.010684628042876
4983,1670412002.589257240,93.269296979203915,-36.958442147036635,34.174287056061033,-0.895804580678869,-0.437273527335565,0.079459039984752,0.003503782380684
4984,1670412002.688684225,93.339045599264182,-36.841823311112442,34.177849651114677,-0.895474550702525,-0.439889996259598,0.066453363731667,0.014355162262713
4985,1670412002.789415121,93.422166437584650,-36.719829635288107,34.210211931963897,-0.909037006507151,-0.411562607670728,0.062655354946790,0.018499926061491
4986,1670412002.889001608,93.511618509816529,-36.592210613793426,34.238734844687990,-0.917175312890433,-0.392039583907728,0.070239211655983,0.012683186497807
4987,1670412002.988696098,93.602492397681573,-36.460949967076026,34.243891445871519,-0.925796051674882,-0.370284064370935,0.075795420307426,0.006814443231942
4988,1670412003.087871790,93.687911842241235,-36.326814756992057,34.227338688869750,-0.928931807321715,-0.362147133427755,0.076932060137373,0.004075440968931
4989,1670412003.187150240,93.774498247169575,-36.195609082084758,34.226560544728436,-0.927414675933739,-0.367795210164945,0.067579389962512,0.007856735628564
4990,1670412003.286179066,93.872906760199868,-36.058693416996618,34.253500718645682,-0.923108374009278,-0.377808118800922,0.071343218100185,0.006488484658553
4991,1670412003.386665821,93.977498910354726,-35.925888144625624,34.280392145040501,-0.913037557610587,-0.398436080249974,0.086440842788652,0.011793601889076
4992,1670412003.486528397,94.071676837544857,-35.806559525397070,34.281751521958341,-0.909476274867372,-0.404587028862474,0.094264824779400,0.016624810943703
4993,1670412003.588158846,94.152352072412896,-35.694352072195507,34.260914774675221,-0.916591965383786,-0.389689662024023,0.086279221748115,0.023601529612105
4994,1670412003.688429594,94.223052502955724,-35.581926288264256,34.261690803669069,-0.921525487702514,-0.381225930065812,0.064993296217103,0.035120324698617
4995,1670412003.788618803,94.297383823669719,-35.452375070670946,34.288579452986085,-0.931331281764325,-0.357947687211624,0.058480692857553,0.032794898840681
4996,1670412003.889335155,94.378514917972723,-35.316449028206293,34.318646682777505,-0.939373506191843,-0.337245504054372,0.059672342583757,0.016795755134057
4997,1670412003.989737988,94.460359526519298,-35.184906514228402,34.324020051015111,-0.942960275239707,-0.327581764502680,0.059032419784960,0.005592879356689
4998,1670412004.088673115,94.537159632985649,-35.062341124211372,34.304229710158772,-0.940886958261189,-0.334487971182871,0.053277695037719,0.003319053998182
4999,1670412004.187366962,94.618038516443988,-34.944614514648087,34.305835681367761,-0.937633240409594,-0.345649086493225,0.035757416548213,0.009592843540984
5000,1670412004.287051201,94.712428238174923,-34.815312203223897,34.343962938226142,-0.936379062622271,-0.349652807807096,0.030065077901449,0.005766815935311
5001,1670412004.387554407,94.809962336807914,-34.692172099745228,34.375863927726108,-0.934636349831664,-0.353937960012405,0.034261887748621,0.002989495526132
5002,1670412004.487078190,94.903379771787456,-34.580231057218825,34.377446962344045,-0.930527610492741,-0.364064737908002,0.039304264342617,0.005514302053230
5003,1670412004.587806940,94.998069708426641,-34.471949900609062,34.359252290811270,-0.938585684945007,-0.342849389393119,0.037258827155384,0.011089995855843
5004,1670412004.688050985,95.094174904865639,-34.361466206159598,34.358641850069937,-0.944539099563524,-0.326675333683196,0.026772650887002,0.020306179433408
5005,1670412004.787518978,95.193208098911811,-34.243497607725097,34.389035580514090,-0.950558804393332,-0.308382070604357,0.024836857167122,0.026862398369263
5006,1670412004.887581587,95.291517481422503,-34.120815448874133,34.419145035273495,-0.957363433133361,-0.286887085609483,0.029527613559221,0.016708592014232
5007,1670412004.986897230,95.388761400514795,-34.004501547012815,34.424735542909062,-0.966424661617407,-0.255100930813247,0.030222604388558,0.005786423754672
5008,1670412005.085529089,95.484406695809369,-33.888846137454550,34.397610252610690,-0.965965393911208,-0.256931257972870,0.029871178414143,0.002213400685432
5009,1670412005.185229301,95.583654085040934,-33.775169600391557,34.394499443395119,-0.961798848771885,-0.273081733936817,0.018415333774129,0.005496960353358
5010,1670412005.285168886,95.689603269648728,-33.658126670871710,34.428341678653872,-0.955122258900437,-0.296012221109118,0.007544803175104,0.007830162962666
5011,1670412005.386845112,95.800330242517276,-33.539445032137778,34.460228656726564,-0.952070777339932,-0.305529000224996,0.014212302733298,0.003357887411757
5012,1670412005.487300396,95.906498736741639,-33.425058060721220,34.465007042299682,-0.949657890977902,-0.312544189764632,0.020781028093566,-0.005845375877305
5013,1670412005.589016199,96.012167715513414,-33.312403642641002,34.438818493055315,-0.956647115540182,-0.289915320165267,0.020872613775901,-0.018431968323580
5014,1670412005.690295935,96.118865568893554,-33.201630980986046,34.432548320247697,-0.958384480204989,-0.284224488008487,0.013650907574262,-0.023006113120790
5015,1670412005.789089203,96.222365225304600,-33.095730768261589,34.460825580965285,-0.964376726925535,-0.263853330243005,-0.001122751832924,-0.018912644246381
5016,1670412005.889223337,96.330768260997175,-32.987446227890089,34.490135583183822,-0.970763927555010,-0.238518088217298,-0.000374880421129,-0.026951400998962
5017,1670412005.988820314,96.440843570466484,-32.884340947167161,34.506832714393276,-0.974111547669777,-0.223764852767827,0.001250271570038,-0.032162403255750
5018,1670412006.086190701,96.549050798376328,-32.788435270992224,34.492990601433085,-0.975629090755329,-0.217177427953026,-0.001498582272936,-0.031298503331793
5019,1670412006.185221672,96.662405604160369,-32.693853376914163,34.479360973326877,-0.972553681874874,-0.231445902887717,-0.008624718010252,-0.022310180352478
5020,1670412006.285167456,96.777920833930835,-32.599295684227123,34.500769757144120,-0.967002950436349,-0.253457432323847,-0.025371633994921,-0.004572093133975
5021,1670412006.384888649,96.892657126750024,-32.496478717556435,34.531182191906908,-0.961757261377667,-0.272779469212824,-0.024757341512608,0.001185497586425
5022,1670412006.484638214,97.003281661372796,-32.392909423242692,34.554824620841501,-0.959976687657519,-0.279233311237484,-0.021680226535851,-0.001866769081425
5023,1670412006.585712671,97.118289214857015,-32.291019303912073,34.545843318521065,-0.963439242235500,-0.267092345262334,-0.020379893528185,-0.005582612536321
5024,1670412006.688491821,97.244174878852647,-32.192626697606684,34.524274621346152,-0.968690800503104,-0.247472119425598,-0.019708477530103,0.002694260771371
5025,1670412006.787641764,97.371283575498481,-32.099424656108518,34.538930361370518,-0.974475733519106,-0.222829557030547,-0.022376279813199,0.015599211444545
5026,1670412006.887713671,97.500321928076389,-32.001705568381233,34.566311815064687,-0.979926299663027,-0.198485680600380,-0.009360344361137,0.016132754841401
5027,1670412006.987209797,97.625572582727926,-31.910257728485277,34.592566040838470,-0.983614620979909,-0.179834580827467,0.002091245712160,0.012547016558946
5028,1670412007.086320877,97.746051186875945,-31.821759728513371,34.580983260146077,-0.985071686360092,-0.171383675971118,0.007774166842439,0.014176412529899
5029,1670412007.185741186,97.866422821946998,-31.734479094176990,34.555840675787444,-0.982929276905292,-0.182615709965953,0.007001504089800,0.021272470861455
5030,1670412007.285477638,97.993783205216772,-31.653463970939935,34.574964782942423,-0.980898325946192,-0.191752959547866,-0.007737205376830,0.031771249795215
5031,1670412007.385453224,98.128528913913243,-31.570192466500593,34.607369956190631,-0.979566453923745,-0.197837324602962,-0.003880302810470,0.035984699405444
5032,1670412007.485833883,98.255339315348735,-31.492896787418033,34.631960018972627,-0.976501900675522,-0.211430019850249,-0.000459396435129,0.041727372768144
5033,1670412007.586688995,98.373527146394224,-31.417453552133225,34.627583336492300,-0.978288402156825,-0.202239012275664,-0.001944290063617,0.045248246986573
5034,1670412007.687712431,98.491799513623477,-31.343538610048000,34.605130204970429,-0.981847575037355,-0.182841168701335,-0.006560312817152,0.050014085185448
5035,1670412007.786777258,98.612630798809960,-31.273951788692418,34.609666045477056,-0.982708075707113,-0.172955183976411,-0.018695855487455,0.063417720420253
5036,1670412007.887389183,98.742027870731917,-31.200356816980452,34.641736739609968,-0.985272753665315,-0.155244874160010,-0.015450829375599,0.069985011276815
5037,1670412007.987767935,98.866644417890441,-31.125296980315177,34.673441085231310,-0.987185168372893,-0.145180262141788,-0.010946933817808,0.065332223818059
5038,1670412008.086692810,98.984523531987819,-31.046848302528883,34.676063488589648,-0.989248405937284,-0.132727087531846,-0.012168143031981,0.060191759245006
5039,1670412008.185789585,99.102654134735744,-30.965145480227037,34.653895262010749,-0.989407930606623,-0.136276540340618,-0.019750044777171,0.045941126856144
5040,1670412008.285100222,99.228358655881024,-30.886952962961470,34.667616217046181,-0.987860013120263,-0.146612925423581,-0.034214693374856,0.038296205217198
5041,1670412008.384665251,99.359925290018921,-30.807977790286230,34.706766410679556,-0.987991205547630,-0.146228216502796,-0.043062611720307,0.025224946596163
5042,1670412008.485141754,99.489008186607577,-30.732265141346431,34.731089254987694,-0.989334112276022,-0.138835660929394,-0.039980496815663,0.018553528389140
5043,1670412008.586304188,99.616179511225297,-30.654555462270061,34.732226459454388,-0.986538691447397,-0.159125319889554,-0.035821774300234,0.011719357204523
5044,1670412008.685904026,99.744327142639349,-30.575948926540665,34.711168061378089,-0.987810707635286,-0.152002730834271,-0.033030726117014,0.005843529086309
5045,1670412008.786377192,99.878626908305094,-30.496237904727082,34.702816518158549,-0.990598328289172,-0.131253213272946,-0.038187585128567,0.005408727971821
5046,1670412008.886785507,100.017020966923099,-30.416478087584434,34.726945683020176,-0.991855627227823,-0.121550900948638,-0.036656506812948,0.010202633157586
5047,1670412008.987402201,100.151947559051550,-30.337453458943415,34.753269296477342,-0.993199379168108,-0.112281533818915,-0.030504875750322,0.004159680133651
5048,1670412009.086133242,100.280609299213282,-30.265050223582382,34.762239020389430,-0.994358551495765,-0.101820890316328,-0.029424771040319,0.004214286613312
5049,1670412009.186164379,100.409876273293108,-30.192431681015300,34.737548708087061,-0.992958192294550,-0.113441499163253,-0.033890078042004,0.004064139889399
5050,1670412009.285813808,100.536302482740467,-30.121404111930346,34.728028505254201,-0.989661433952514,-0.134409217185627,-0.048896355528267,0.010656214086334
5051,1670412009.385354042,100.667598108203507,-30.045528528609616,34.757457279962779,-0.985665892916824,-0.155766106709214,-0.063321248492679,0.013787205317308
5052,1670412009.486257553,100.805741498959989,-29.959592377818172,34.790966438453623,-0.984319971975332,-0.168074181019968,-0.052249413318347,0.011630187136775
5053,1670412009.587033749,100.941774090820445,-29.869550964117042,34.801204121513862,-0.982830383712013,-0.179003291852376,-0.044744486923499,0.000435026967447
5054,1670412009.687174082,101.076966450634359,-29.779274107429661,34.778903498289537,-0.984903508911010,-0.168694930770508,-0.038146570049946,-0.007206778790723
5055,1670412009.788010359,101.214307751640305,-29.689635987862601,34.768437882836558,-0.987616751729337,-0.151471310599430,-0.040371065822765,-0.006306410485951
5056,1670412009.888034582,101.351793642730271,-29.599925814929492,34.794409317622936,-0.988633769190459,-0.144279291684167,-0.042137403153079,-0.003345992064607
5057,1670412009.988389015,101.489716564844201,-29.507590870820920,34.823002722377375,-0.990230143392113,-0.135749736327855,-0.030265038417229,-0.010014971500584
5058,1670412010.087386847,101.622373050917403,-29.420550629341587,34.834209378801830,-0.991783332421225,-0.125237113405142,-0.021762970222146,-0.014417353588901
5059,1670412010.187124968,101.755238126846493,-29.331046999235475,34.810592198007456,-0.989879490663469,-0.140377464869431,-0.014407003888293,-0.015006650513217
5060,1670412010.286986113,101.882966005845276,-29.240119676299795,34.791292196924317,-0.984942868479704,-0.170893968649221,-0.017508740070444,-0.019396941290760
5061,1670412010.386024952,102.010607354875702,-29.149401065473349,34.816854328349137,-0.982008771132076,-0.185488307956447,-0.029841462846973,-0.019035443947458
5062,1670412010.486767530,102.145535252132589,-29.058798854134984,34.841236895445128,-0.978736027498946,-0.202075126865957,-0.028666209833868,-0.020486092635027
5063,1670412010.587306976,102.279557307536066,-28.971834199946787,34.855289876362264,-0.974106413684769,-0.224283482488011,-0.019180127301420,-0.021112484883330
5064,1670412010.687633276,102.410569491598835,-28.886095076217178,34.837307110342429,-0.973925829117804,-0.225202599991715,-0.015465613032394,-0.022651338761819
5065,1670412010.788552046,102.542909738620992,-28.800912107949070,34.813225614908575,-0.978869030817904,-0.202337956579790,-0.019808758553554,-0.021963262901924
5066,1670412010.888232231,102.672721576019967,-28.717403194540179,34.825527846026638,-0.980714906496794,-0.192577846448377,-0.032439605196261,-0.007727693511040
5067,1670412010.988918304,102.801872672206031,-28.628074051702448,34.853655421637853,-0.984255532721172,-0.173493093030162,-0.031659258967611,-0.011784918337024
5068,1670412011.087030649,102.924183710980515,-28.545035714482275,34.875910456998113,-0.987338611482156,-0.154890059030769,-0.031051498507072,-0.014399317011560
5069,1670412011.187067270,103.050291619296047,-28.461395810488533,34.859399846046756,-0.987369920856693,-0.154756768295843,-0.031045871685315,-0.013679762621271
5070,1670412011.285647392,103.178251772034287,-28.378345530311979,34.827255751388719,-0.982594944077328,-0.182007323039568,-0.035097051616101,-0.012194556223976
5071,1670412011.384743214,103.308830701492795,-28.298340753080570,34.833478425473807,-0.977870777567903,-0.202192565611886,-0.053717320933778,-0.001165427700541
5072,1670412011.485423803,103.449408733424022,-28.213470763588607,34.855557314899720,-0.973507053919726,-0.222102643193670,-0.054311947861671,0.002155034661384
5073,1670412011.585626841,103.587364182792285,-28.130495111154190,34.882331922762994,-0.969034159147657,-0.242563563465399,-0.045868140637772,0.005641786808606
5074,1670412011.685605526,103.721310184237254,-28.047758569449709,34.873290079319816,-0.968290140475119,-0.246360337347499,-0.041138309185218,0.005331750001913
5075,1670412011.787035704,103.860298676441431,-27.963296678307000,34.842911046775235,-0.973291691926566,-0.226220797300681,-0.037901811311286,0.009533414639628
5076,1670412011.888669968,104.000135537632744,-27.874155360905526,34.837889070449251,-0.974921923652547,-0.216996029716286,-0.046513799579994,0.016626253866070
5077,1670412011.987359524,104.140024173530094,-27.774719172876193,34.849815889501265,-0.979041052235608,-0.199421505488664,-0.039809684646308,0.011174533296254
5078,1670412012.087890863,104.285261899913607,-27.670394589615348,34.882967620561637,-0.985718192131382,-0.166571295841279,-0.024304160106465,-0.004791336401951
5079,1670412012.187196970,104.426327189376522,-27.566550108923643,34.883220172839117,-0.985516603900551,-0.168838948535107,-0.011057485543389,-0.011320994096871
5080,1670412012.285175085,104.561340528663663,-27.461277901727925,34.853353675838854,-0.979502227227987,-0.200678684545633,-0.000412419969695,-0.017415003135704
5081,1670412012.383985281,104.693914078125090,-27.356458592350755,34.861356163410115,-0.972350328862670,-0.233078328432584,-0.006057706202918,-0.013139062800987
5082,1670412012.484992027,104.828532580073002,-27.241356470812338,34.892516969893585,-0.965778398292131,-0.259079341511247,-0.003761208009674,-0.011654763347818
5083,1670412012.585401297,104.950669002466057,-27.128278575504762,34.923687028810768,-0.956855766213760,-0.290262898590348,0.005846410725661,-0.011845330178391
5084,1670412012.685552597,105.057907007381914,-27.017516231015453,34.924887763271364,-0.949543121994437,-0.313344432293367,0.008427517272200,-0.010587878750324
5085,1670412012.786107063,105.161908962483253,-26.905744525817688,34.901809405518918,-0.947229630559375,-0.320466807140187,0.003026371955604,-0.006920519092531
5086,1670412012.886585236,105.264535250381073,-26.790104312281503,34.895836990997545,-0.943550013418966,-0.331025264898104,-0.011292427948195,0.002850832728141
5087,1670412012.986536503,105.361718668032552,-26.664377590891750,34.918989949450626,-0.945229435419451,-0.325845341533028,-0.018807682203667,0.003521208311894
5088,1670412013.087271452,105.452867670800956,-26.533023868077091,34.961302396491533,-0.945451296260051,-0.325404226410827,-0.014527097408025,-0.004785318699848
5089,1670412013.186439514,105.532770824540563,-26.402383199949089,34.977289034854621,-0.936863584109032,-0.349331869913980,-0.014560671774247,-0.006469642205255
5090,1670412013.285763264,105.604046626919981,-26.268909880129925,34.959619026199583,-0.923545645612759,-0.382876934140550,-0.019333529438827,-0.009742094861119
5091,1670412013.384851694,105.670699218177191,-26.135843552040907,34.953896744780472,-0.907437770006906,-0.418802091341641,-0.033829807090155,-0.004128680782569
5092,1670412013.484937191,105.737410364571474,-25.998911759303017,34.976775744674264,-0.883720976952826,-0.465488153615890,-0.047833660969581,0.008363887556607
5093,1670412013.585919380,105.800898167258921,-25.854706252584492,35.011073591014650,-0.866489522122972,-0.497562731349274,-0.038598628609520,0.011721019273828
5094,1670412013.685478687,105.851957747409045,-25.713315609374543,35.024439031564576,-0.843146735450554,-0.536670590027063,-0.030455029414924,0.012678780793631
5095,1670412013.786857367,105.893078905094185,-25.569163179185537,35.004082888733627,-0.840028014617102,-0.541571805766553,-0.030343202526929,0.011497996243510
5096,1670412013.887375593,105.923384745365908,-25.425019084732416,34.986932161169129,-0.838595317031107,-0.543118806606440,-0.037995202682403,0.018336322887001
5097,1670412013.986915350,105.941858727187139,-25.281310828582054,34.999635130645480,-0.844306086693429,-0.532504025554389,-0.051533667116201,0.030511897586928
5098,1670412014.086545944,105.953907417685784,-25.131126719543552,35.027293556534303,-0.845962958564231,-0.530181834495802,-0.051150418959955,0.025249351440011
5099,1670412014.185658216,105.962332442734890,-24.983966964754174,35.047733152048373,-0.835241755871195,-0.546935557203722,-0.050254192787381,0.026593638764687
5100,1670412014.284846544,105.967388141500322,-24.834934636704482,35.025296141923384,-0.820212201680973,-0.569278516457645,-0.048887696378773,0.027998358098482
5101,1670412014.384528160,105.969462133008335,-24.679779269689977,35.004896360573809,-0.795943470803670,-0.602518318476847,-0.049783278135544,0.031101324777563
5102,1670412014.485712051,105.970824145418433,-24.513439187277108,35.031252374380855,-0.783615041653948,-0.617549293140924,-0.054848770913077,0.039647816637882
5103,1670412014.587203264,105.968712129375490,-24.335597122270169,35.064976180855162,-0.774285037755607,-0.630839666250232,-0.040486394771379,0.029746388545673
5104,1670412014.686310530,105.958152566227938,-24.168129168790141,35.080854613015461,-0.761346493960954,-0.647590904835889,-0.025496668721131,0.018095745116508
5105,1670412014.787226915,105.939944505260527,-24.002990764923492,35.060948792820582,-0.758522714261637,-0.651386431565769,-0.017261669577299,0.006406518912509
5106,1670412014.888120413,105.920090469239483,-23.840017081327730,35.045467346921100,-0.766773223009673,-0.641772885379233,-0.012444242677295,0.005615059355047
5107,1670412014.987294436,105.893884032469842,-23.678720506081078,35.065573223493040,-0.772141343397312,-0.635278808671213,-0.007916981450605,0.012486091245445
5108,1670412015.086255074,105.853083832644927,-23.511847193702366,35.098003770586971,-0.773960082662742,-0.633165720228164,-0.003139024847489,-0.008781098771764
5109,1670412015.186066151,105.814643272900980,-23.346381181138820,35.116950273629058,-0.789011710594357,-0.613491701503808,-0.002665483898913,-0.032883855104192
5110,1670412015.284645796,105.783592994133741,-23.187387808970303,35.098518693689833,-0.782349214818699,-0.621032903969249,-0.000533681443396,-0.047408368925781
5111,1670412015.383677244,105.758786320318066,-23.037090365483920,35.071604314952260,-0.765510474082614,-0.641726197822828,0.000334228517411,-0.046702134736713
5112,1670412015.483531237,105.740785118204315,-22.897773503054133,35.078203393492664,-0.746015877246950,-0.665548387192080,-0.009207255245120,-0.020515400369879
5113,1670412015.583529472,105.714956284629963,-22.750217987418882,35.099460762627061,-0.726398490006860,-0.686880040573802,-0.013934990626833,-0.018624167452932
5114,1670412015.684213161,105.687059115070113,-22.607690805761258,35.125611925688119,-0.715028845928036,-0.698701611763466,-0.013847274940555,-0.018922478343917
5115,1670412015.785983324,105.656294170595856,-22.470396384624060,35.123886825546521,-0.707065888624044,-0.706738492831264,-0.016758073410456,-0.017253952314019
5116,1670412015.887804270,105.627796849560085,-22.332800687014082,35.095397025060066,-0.711365101547119,-0.702333615038187,-0.024316687080658,-0.009792048696303
5117,1670412015.987440348,105.602164560455350,-22.196668162342206,35.072948057181392,-0.718608766379048,-0.694445328363480,-0.035902822736249,0.007623261565212
5118,1670412016.087665081,105.572780803308220,-22.053358741091397,35.074018994136473,-0.731514774436226,-0.680622210601701,-0.036167360887248,0.018206131484283
5119,1670412016.187509537,105.541655576790006,-21.906733666007035,35.105269398751403,-0.739012565112597,-0.672813069036886,-0.031665474229960,0.013427601448408
5120,1670412016.286110401,105.509208896725539,-21.764027621156096,35.117825457692348,-0.738680969746985,-0.673292072465915,-0.027741310713492,0.016081970280525
5121,1670412016.385238647,105.471677490169014,-21.622307604590183,35.092169135308325,-0.717749827117627,-0.695519384951053,-0.027202635879396,0.018654421222266
5122,1670412016.485362053,105.431340773642788,-21.484030103016927,35.082436050650706,-0.704046248687156,-0.708420403495600,-0.037225926497984,0.032766477031281
5123,1670412016.585627079,105.382953313371800,-21.339607804454488,35.109067139449458,-0.695538049050936,-0.716152637736579,-0.046754587244401,0.034150115035886
5124,1670412016.687083483,105.331844770454381,-21.196997579218159,35.145179438206775,-0.696614635811195,-0.715128899102795,-0.053414083055140,0.021578752814712
5125,1670412016.787682056,105.282038855154141,-21.061716802099436,35.151086414293147,-0.701814765219545,-0.709856455984570,-0.058254145587403,0.012895803144523
5126,1670412016.889193058,105.238428721022302,-20.923500883107604,35.130031644597643,-0.711592379635617,-0.699968180376481,-0.059837178347464,0.010017174869750
5127,1670412016.987708330,105.202514393060397,-20.787018632577372,35.121893421624812,-0.718965590900106,-0.692188593295839,-0.059474554946887,0.020644799022022
5128,1670412017.087284803,105.168431869212696,-20.647265966572608,35.143077610920415,-0.726267055150878,-0.684083079160044,-0.055308626061663,0.038826038847109
5129,1670412017.186710358,105.131268906499372,-20.506418968468950,35.167771754231367,-0.735174389896731,-0.675193849948347,-0.050306070948465,0.033184042213485
5130,1670412017.285849094,105.096696194629146,-20.365213442746821,35.183530169722211,-0.748416900566203,-0.661063934112446,-0.044945095054412,0.029095642168589
5131,1670412017.385006189,105.062324847211158,-20.219328340006168,35.169539472366260,-0.744124374026940,-0.666267715978217,-0.042246965768050,0.024113077521926
5132,1670412017.484385729,105.028570559170618,-20.069443104233958,35.158530320867861,-0.738337141268201,-0.672618195885364,-0.041721141357956,0.026502353699398
5133,1670412017.583925009,104.995037016443703,-19.915249488033833,35.190358984457838,-0.733036623717268,-0.677942378191590,-0.048543040679426,0.026363105710723
5134,1670412017.684320927,104.962388181456333,-19.762036090451641,35.225176788041153,-0.725548517351544,-0.686714943282479,-0.040711502336822,0.018560959538697
5135,1670412017.784900188,104.927974637617993,-19.616783404992649,35.243139654812317,-0.709753414528312,-0.703669381860383,-0.030809785306499,0.012257598745125
5136,1670412017.886870146,104.892419725300343,-19.474081712169507,35.231328280437900,-0.716312553154720,-0.697159942733241,-0.028311890607993,0.007923212186463
5137,1670412017.986806631,104.863228438407248,-19.333696742005873,35.219858353893024,-0.728546097675398,-0.684147277205625,-0.030180539294083,0.015881489287758
5138,1670412018.087471962,104.839401137309309,-19.190980082415585,35.237884108911622,-0.748981714851897,-0.661490462064517,-0.027675335461996,0.026283744448816
5139,1670412018.187139034,104.816507635403383,-19.054818115918781,35.268349788146239,-0.757621315275924,-0.651901064840153,-0.018942476614086,0.026002439877388
5140,1670412018.285987139,104.791315572452149,-18.928037623229816,35.285972364036787,-0.767093780361234,-0.640697087608438,-0.017204437307832,0.027899487416387
5141,1670412018.385118723,104.761575262619644,-18.799939686358762,35.270639333352115,-0.765356856774527,-0.642575475671771,-0.019392770251633,0.030814936562980
5142,1670412018.484283924,104.730443391910967,-18.665665730477123,35.261598379076077,-0.755380231648316,-0.653825246567490,-0.026187595700048,0.035035159730592
5143,1670412018.583797455,104.702677203929440,-18.526736077037885,35.288009401388670,-0.748385261927202,-0.660868733046401,-0.037373419675396,0.042133655354894
5144,1670412018.683937311,104.675026115783410,-18.387791937132103,35.318796935144036,-0.744876043319321,-0.665062410046770,-0.037948590977931,0.037570936567044
5145,1670412018.784763098,104.648850589004837,-18.259871773847042,35.339741335054406,-0.743930801502972,-0.666238605921665,-0.039063621376047,0.034163080067390
5146,1670412018.885353088,104.626089550292562,-18.137825797367793,35.329476385413372,-0.750016962428824,-0.659235664058779,-0.043140237187148,0.031965844857560
5147,1670412018.985792398,104.610656722710061,-18.014097930421869,35.313114556916098,-0.763787718792873,-0.642819475101043,-0.043299076104396,0.039199911485928
5148,1670412019.086481810,104.599182873457067,-17.889622696882025,35.324790676750666,-0.773962718834946,-0.629215430991374,-0.041567917666707,0.057807953404462
5149,1670412019.186542034,104.585637156293785,-17.766396456783632,35.347580044361699,-0.785847901394815,-0.613688095720616,-0.034102118372940,0.068315756357143
5150,1670412019.285723686,104.570252290661898,-17.648716029687264,35.367633509188252,-0.798033132761846,-0.598170300410029,-0.036680779559540,0.063165901660578
5151,1670412019.385451078,104.554453032349045,-17.529489746279502,35.368416827820823,-0.807405889533640,-0.585407365373585,-0.036781099122406,0.063569622148461
5152,1670412019.485253096,104.540264186217129,-17.402850730949726,35.352424967293651,-0.803019791390941,-0.591672319886593,-0.038115553009404,0.060251847550548
5153,1670412019.584010839,104.531005762271235,-17.274454301627415,35.354433978238795,-0.799242992168663,-0.596198012813510,-0.041967496137717,0.063224190421350
5154,1670412019.684017658,104.523922174085072,-17.144281977360990,35.386719345523169,-0.799753094433128,-0.595538528031227,-0.046477507453701,0.059738520871603
5155,1670412019.784550905,104.515108653416604,-17.022373134448870,35.406559558915490,-0.800709091244489,-0.595204520272093,-0.042986991865666,0.052427557414338
5156,1670412019.885004282,104.503967235416340,-16.908166140211506,35.415520638561119,-0.800012168843012,-0.596766363442881,-0.039688042484695,0.047700067609945
5157,1670412019.985257626,104.497358293470285,-16.793319442310061,35.417128110672110,-0.811569712087764,-0.581373829245439,-0.037500175378422,0.044190609147948
5158,1670412020.086365223,104.491612807957466,-16.680429284517295,35.425029913960756,-0.829031874636788,-0.555952294225597,-0.034701530434628,0.049183342373237
5159,1670412020.186653137,104.479312548368398,-16.573107481169551,35.458937063391119,-0.846159088521124,-0.529017528804726,-0.033168968079813,0.055272693863811
5160,1670412020.285933971,104.461037360232510,-16.470618694626648,35.496786938958735,-0.853829776148584,-0.517623663187534,-0.032733664251865,0.044373008631647
5161,1670412020.385874510,104.447572579412167,-16.376793444240025,35.543942111188301,-0.858583880802237,-0.510504832308899,-0.035804213392511,0.030603825237654
5162,1670412020.485623360,104.441904362949714,-16.287220782889076,35.578093620799685,-0.862239669277035,-0.504638370743819,-0.038474223429814,0.020064935323265
5163,1670412020.584601641,104.441705194384141,-16.199498610686454,35.592203806014702,-0.855549425001273,-0.516041622424207,-0.039381188437880,0.013614231634726
5164,1670412020.683655024,104.445837226472733,-16.116132702470953,35.615073154394821,-0.838812038224103,-0.542600460755545,-0.042960377610269,0.011554673244176
5165,1670412020.784386158,104.451859397182986,-16.038912633045179,35.647696810417706,-0.835817916252487,-0.547564310099785,-0.039440398162211,0.005117828553552
5166,1670412020.884518147,104.451920320867416,-15.973997343708808,35.685917905197712,-0.825030029746512,-0.564012509139717,-0.034793606255800,0.002178190558017
5167,1670412020.985006332,104.448675818124784,-15.921066747010503,35.720608851150409,-0.827365154060594,-0.560562847659254,-0.034909012289293,0.004190051482313
5168,1670412021.086067915,104.449097165082833,-15.872401042246709,35.734573019965268,-0.830810528059406,-0.555174444372058,-0.037926860308838,0.009836465266570
5169,1670412021.187408209,104.455542811171753,-15.824511091043284,35.744381557180233,-0.841408874804857,-0.538482724130952,-0.036525391777819,0.027080564388688
5170,1670412021.286369801,104.460571462298020,-15.775177163536002,35.773746964556516,-0.847635025227061,-0.527519103053249,-0.034078339283107,0.045575505635378
5171,1670412021.386443853,104.454266084028362,-15.720553944390613,35.811454078506081,-0.857559891404356,-0.511057930345814,-0.031586939203770,0.049123209961688
5172,1670412021.486042023,104.439243410629885,-15.663267630056975,35.848592121531844,-0.865449952651878,-0.498163606787137,-0.039027769367996,0.036141853104835
5173,1670412021.584682703,104.425756837379083,-15.600572144654260,35.880772896791420,-0.867365832509340,-0.495181011182318,-0.042602241651893,0.025638404124875
5174,1670412021.684121847,104.415262648196020,-15.527457075683142,35.898257547321045,-0.866834117015418,-0.496341567934703,-0.046004363438395,0.011280960191849
5175,1670412021.783497572,104.404260028436155,-15.445806213446087,35.906291367129192,-0.856172731680458,-0.514560109840793,-0.046733907703624,-0.003476889155833
5176,1670412021.882714987,104.398192010458132,-15.363928393983619,35.932529076904224,-0.838311783860024,-0.542862200495661,-0.048606587881343,-0.013091368491000
5177,1670412021.982758760,104.399441078076606,-15.288207303744930,35.967329792335725,-0.824913660462788,-0.563561739460805,-0.039689434103394,-0.018449049253231
5178,1670412022.084372759,104.399652119649346,-15.224203415909891,36.004331603166492,-0.808292807405211,-0.587783888844312,-0.029856014513567,-0.016776647740998
5179,1670412022.184785366,104.394859587121275,-15.172025404023884,36.039093724437691,-0.800150061875468,-0.599097423305124,-0.027623670474344,-0.008893182746960
5180,1670412022.285847187,104.389200175727268,-15.119763447393398,36.065892834128967,-0.799638983829788,-0.599676238999061,-0.030994621621854,0.002288525753347
5181,1670412022.386714935,104.384691596748453,-15.064325181687394,36.092972965092166,-0.807516738489195,-0.588427781781349,-0.035421572619808,0.020366022704322
5182,1670412022.486810207,104.374694698250764,-14.999626931114967,36.129023088112177,-0.812165805680494,-0.581983557038954,-0.031511800329968,0.026245949394237
5183,1670412022.586272955,104.358764107942534,-14.931932423260477,36.175661623213038,-0.817924978027255,-0.574070192898982,-0.033960330436684,0.016995290543909
5184,1670412022.685965061,104.343538923934972,-14.864120629228871,36.218365929030611,-0.815337967984767,-0.577759335142506,-0.035946443490430,0.011225053164710
5185,1670412022.785691023,104.331475682957361,-14.793150975810414,36.235073916931221,-0.805472296921525,-0.591695433547121,-0.031799555997242,0.009984039754847
5186,1670412022.885179043,104.319353580044734,-14.715204485016084,36.233672352303067,-0.795302822674066,-0.605360483551023,-0.031908029497364,0.003739365605357
5187,1670412022.985006332,104.308401804028932,-14.629898282595221,36.238814577404760,-0.786184632429280,-0.617062565130198,-0.033550382761792,0.004678275698957
5188,1670412023.085405350,104.300918664582326,-14.535810830293041,36.264642357164419,-0.777465207761608,-0.628147432574699,-0.031217908461175,-0.002023823441894
5189,1670412023.185868025,104.295934531130868,-14.445999483647389,36.287035307360199,-0.770100477315494,-0.637548979889759,-0.020637416661484,-0.007116889314605
5190,1670412023.285933018,104.291362889683668,-14.371360085320871,36.311409249984024,-0.761743983489504,-0.647719849509535,-0.014007118295855,-0.002983421849834
5191,1670412023.386237144,104.288870230854201,-14.307302475642835,36.326719640667910,-0.762770790683157,-0.646436476946603,-0.015615597957941,0.007533608290282
5192,1670412023.487533569,104.289181432763669,-14.244633059538746,36.322667090881900,-0.765852944203306,-0.642212368181553,-0.019663936339847,0.025414004355730
5193,1670412023.586359501,104.287050411409950,-14.180480293365376,36.300499059883606,-0.773159046188804,-0.631754933759059,-0.025830820628834,0.049432394976849
5194,1670412023.686632872,104.277148291569375,-14.102147422232040,36.302423878434730,-0.791428424811978,-0.606321985811085,-0.031016874478183,0.071082004891100
5195,1670412023.786617041,104.262346218225716,-14.002856520188761,36.318642716237377,-0.803552312211493,-0.589924278597709,-0.031438540118386,0.072832995652796
5196,1670412023.885706902,104.248595682908103,-13.892427188078040,36.331440451061432,-0.810681597519439,-0.580717189536199,-0.029198177329979,0.068632060009264
5197,1670412023.984710217,104.236547497845308,-13.775603817036595,36.315838944875971,-0.815628237232384,-0.574722814862447,-0.027069279829676,0.060922235639226
5198,1670412024.084043980,104.228592600568632,-13.650827278334090,36.288636809033740,-0.806145049336636,-0.588152426935048,-0.027396015157442,0.058790649545141
5199,1670412024.184371710,104.227918430075462,-13.516432961813999,36.289262051817616,-0.794545029708907,-0.602708108610511,-0.032367750169713,0.066283182851798
5200,1670412024.284001589,104.221515256224777,-13.374909980126530,36.313801710385690,-0.788383588495826,-0.611694059454733,-0.036879802131496,0.054051597691248
5201,1670412024.385656595,104.212283589735549,-13.234133938568077,36.332253015587952,-0.795366049127328,-0.604273117507726,-0.032545304128875,0.034462305962279
5202,1670412024.486741543,104.207441118813179,-13.100521354599449,36.335225177061012,-0.801148333655886,-0.597376085213795,-0.031160972934696,0.018225094260427
5203,1670412024.586906195,104.217128526620570,-12.971951196638093,36.322302024008671,-0.818769176533344,-0.573269646528745,-0.029198689713631,0.011242083735871
5204,1670412024.687024832,104.231634092149207,-12.849202832401494,36.303496618901036,-0.828883666385620,-0.558441020591398,-0.026961194712911,0.019198648380083
5205,1670412024.787558079,104.237885722111542,-12.731516544644878,36.306514988392983,-0.842194274638152,-0.536346079621202,-0.038489646676567,0.039499794181713
5206,1670412024.887321711,104.241676672417867,-12.609864160646804,36.325285262998861,-0.857848356501718,-0.509947257612927,-0.043509770318371,0.046442346917438
5207,1670412024.985860109,104.251347610987068,-12.487338856235390,36.360608051202689,-0.857767181764541,-0.510593074522508,-0.041230289576075,0.042781273459800
5208,1670412025.085206270,104.261272677060248,-12.367088754643580,36.378267436508736,-0.859843914737907,-0.507515490160342,-0.037330694265175,0.041266073246410
5209,1670412025.184049129,104.269186449789871,-12.244505401991551,36.380795606479651,-0.851830723279186,-0.521432905217326,-0.035534708612890,0.035063210321868
5210,1670412025.283099413,104.277061262608413,-12.119311013228534,36.388642772944912,-0.845059156112512,-0.532299439647812,-0.039031278114001,0.031763005994745
5211,1670412025.383085251,104.289356861000044,-12.001978868553444,36.410805142130577,-0.830330596597051,-0.553618130735638,-0.049502947715870,0.040093937733824
5212,1670412025.483359098,104.304424482746867,-11.893723764763031,36.450744994731032,-0.818842714074234,-0.570007021375692,-0.052358229717609,0.042979308635577
5213,1670412025.583642006,104.313792514122071,-11.802739225083368,36.497783897841096,-0.801724821234747,-0.594304112422031,-0.047421183170974,0.042322149768657
5214,1670412025.684551954,104.313547028644180,-11.731061103240489,36.540320696433085,-0.791944983977771,-0.607086330071076,-0.049576710717589,0.042561484322149
5215,1670412025.785707235,104.315124958050276,-11.665857247325624,36.561598878734792,-0.796229057517552,-0.600941234668038,-0.055830998811033,0.042092992434942
5216,1670412025.886248350,104.329345971239164,-11.595091476381366,36.571539070243205,-0.809448846650929,-0.582602717057370,-0.057785405965783,0.045027609199471
5217,1670412025.986437082,104.346998300908012,-11.524333169331870,36.589097479056690,-0.822374182570525,-0.563427398910334,-0.058813622065616,0.052832072248955
5218,1670412026.086752176,104.356155367625647,-11.459094307749311,36.621140715248863,-0.832982261580066,-0.547754753478228,-0.057973610122904,0.052386472149608
5219,1670412026.185419559,104.364354532833488,-11.397407957215716,36.656892195927185,-0.846686733353168,-0.527048059445743,-0.059731456782219,0.042119730161675
5220,1670412026.284261703,104.377248964905306,-11.337324245249874,36.690847072062127,-0.850507029255394,-0.521463596063387,-0.059146577904083,0.034859625500586
5221,1670412026.384956360,104.391746437435103,-11.273804064759441,36.707441292401768,-0.849967024602817,-0.523053821006497,-0.055549352105804,0.029749401657223
5222,1670412026.484010696,104.403354137859509,-11.204499291971207,36.716223986387384,-0.848049645691689,-0.526632555964236,-0.055456707031669,0.019862101751320
5223,1670412026.584075689,104.416199417252500,-11.134932891466795,36.730388960707998,-0.844543082859374,-0.531711772209459,-0.062198017371805,0.012687754855710
5224,1670412026.684751511,104.439641714468522,-11.064643190605301,36.758450769324128,-0.839730025287731,-0.539488721346350,-0.060643230690558,0.011304987472716
5225,1670412026.785573006,104.471647951924112,-10.996663319416752,36.783343730484034,-0.831841193377859,-0.552748823075831,-0.049430391248031,0.008099630179777
5226,1670412026.886043787,104.501198614680789,-10.936596187202163,36.803364155022564,-0.826199204102613,-0.561940372393259,-0.038695637359174,0.010979101242925
5227,1670412026.986665964,104.531683349507063,-10.874362052571241,36.815754112048474,-0.832581272555760,-0.552748445193060,-0.033742731787485,0.011790206851661
5228,1670412027.087500334,104.568210769996668,-10.806544449207195,36.816380081813740,-0.840994072271365,-0.540154588500023,-0.027290701674050,0.014737996096350
5229,1670412027.187992096,104.606890294243442,-10.734502763322746,36.801494093012465,-0.852766573936349,-0.521291027753380,-0.022106458566203,0.023582604825302
5230,1670412027.286927223,104.640061805881672,-10.656828026517873,36.788766818029558,-0.866711991798041,-0.496860991204397,-0.024812838088179,0.036384086615813
5231,1670412027.387339592,104.668813250189501,-10.563347336932273,36.799242285824796,-0.883135340525545,-0.466930811026268,-0.025846181136072,0.037142468279078
5232,1670412027.486739874,104.697037814164872,-10.457676076586232,36.809393486836072,-0.889183406079697,-0.456352619013330,-0.019527407476073,0.026717743719229
5233,1670412027.585403681,104.727270146353732,-10.345243519006015,36.808673592228175,-0.892211157046956,-0.451179743269506,-0.012388116348385,0.015576426982276
5234,1670412027.685293436,104.758928446673906,-10.225141649305751,36.795199496367538,-0.894855814105688,-0.446298774302212,-0.006690766813061,0.002389488866454
5235,1670412027.785115004,104.793967553283565,-10.106891552992925,36.778943102224730,-0.895723676496267,-0.444431195218824,-0.011835860939110,-0.004463236069217
5236,1670412027.887757778,104.836590621635366,-9.989687221780320,36.784134295137775,-0.886770590627925,-0.461296924690692,-0.028068304816662,0.007432168797140
5237,1670412027.988099813,104.882092726600078,-9.868756623354454,36.806951239974850,-0.880753001636338,-0.472069131207095,-0.035804244192870,0.011955817317787
5238,1670412028.088610888,104.922399710868902,-9.749943259664002,36.831312002030302,-0.872858630163893,-0.486587274952779,-0.034857011486218,0.011645786907277
5239,1670412028.188966513,104.955034266062839,-9.636113694379114,36.839704108311160,-0.871211023213568,-0.489319294021599,-0.038884719005120,0.006779392101438
5240,1670412028.288660288,104.992851213032992,-9.517477931662903,36.826624102707818,-0.877493036298815,-0.477713102124204,-0.042342316133204,0.001814268566537
5241,1670412028.389300108,105.036823782296722,-9.391633472676670,36.807297849074423,-0.882356532972977,-0.468470582805098,-0.044322474155352,0.004216639765054
5242,1670412028.489262581,105.075766879926960,-9.263141617837460,36.812977894748599,-0.889454942722807,-0.453929605647167,-0.051644692855087,0.012273698826293
5243,1670412028.588399887,105.114675261767005,-9.132941791410849,36.833040440498699,-0.895550626412245,-0.442237682456039,-0.048386410266380,0.008582718105597
5244,1670412028.688199997,105.154520803347083,-9.009789367853568,36.860579018816416,-0.900244846881925,-0.433218347143390,-0.043341542209577,0.001609372481370
5245,1670412028.787300587,105.193860347596683,-8.891987985566411,36.872565274243847,-0.897473386322461,-0.439618143495394,-0.035616738567022,0.002976018549455
5246,1670412028.886371136,105.229936073715123,-8.771065883149493,36.872082412402833,-0.890856548349452,-0.453201840763782,-0.031331808586173,-0.001009733598100
5247,1670412028.986796379,105.262088650916738,-8.645401110035756,36.878389936044570,-0.883382222158509,-0.467473322302186,-0.033180163384276,-0.001902437343213
5248,1670412029.087238312,105.292414136905009,-8.521056365229194,36.907124940491833,-0.867452623433298,-0.496105209063978,-0.037471765915703,0.001197663322845
5249,1670412029.188773155,105.322359979272903,-8.402973156624416,36.941576431856255,-0.858107625955930,-0.512578301060286,-0.029537437422768,-0.006505947196603
5250,1670412029.288508654,105.346708632711398,-8.306792104505936,36.978426466298643,-0.842245786447658,-0.538807468867209,-0.015668362711092,-0.007940347223654
5251,1670412029.390213728,105.363938902520061,-8.229057088568636,37.006881581535396,-0.837285637110539,-0.546599172697384,-0.012221212982634,-0.005722608510765
5252,1670412029.491348743,105.379030266658972,-8.161079150328094,37.023324681756989,-0.842207958713776,-0.539004696182814,-0.012486706595049,0.001942660664222
5253,1670412029.590907812,105.395726870397326,-8.098187256543003,37.043194578624536,-0.852177982426741,-0.522784411621233,-0.015145071257895,0.016117445502408
5254,1670412029.690875769,105.407265810293268,-8.035473598948053,37.080474484672301,-0.860442063708879,-0.508575707489679,-0.013848787776995,0.028256252916584
5255,1670412029.790266275,105.409416505487656,-7.976352707240969,37.119852492517104,-0.869289789508906,-0.493387420226991,-0.015065753521297,0.026021884792471
5256,1670412029.889351130,105.407968780679838,-7.919616696964915,37.158999833284064,-0.873999664452946,-0.484966056661333,-0.020072459614580,0.023013187252415
5257,1670412029.988548040,105.407585986215267,-7.856847806661693,37.181299059119787,-0.872721786727511,-0.487242906678916,-0.025522362880688,0.017310166238633
5258,1670412030.088855982,105.410901279581935,-7.781770004542951,37.190647780279207,-0.867976822739972,-0.495813146397618,-0.026071189043504,0.010288447277145
5259,1670412030.187958479,105.419504927510147,-7.702493859027852,37.202350035661198,-0.859854136907421,-0.509731171447554,-0.028395596760908,0.004322751726615
5260,1670412030.287638664,105.432439112153233,-7.621657745451670,37.225993495774190,-0.858097391986487,-0.512685963359099,-0.028370671963681,-0.004132047055675
5261,1670412030.388473511,105.445872584683599,-7.541899660403505,37.250504057436636,-0.851698867655039,-0.523593409065610,-0.016764687783447,-0.013338892821412
5262,1670412030.488753319,105.453717606275660,-7.470627740879484,37.274787551332437,-0.845077217243533,-0.534270338638846,-0.008777526251255,-0.017962660704018
5263,1670412030.588626623,105.460001401222996,-7.404990399978009,37.288786343907219,-0.843316791260686,-0.537077669175052,-0.004722573010755,-0.018494976491798
5264,1670412030.688600540,105.467991527986442,-7.337551715926616,37.292292353351677,-0.845245677710856,-0.534095906401475,-0.004147041041985,-0.016855536980431
5265,1670412030.788875103,105.478216455833021,-7.264941797556716,37.284776375313783,-0.854939557265316,-0.518625127253996,-0.006625269325602,-0.007901684005673
5266,1670412030.887745142,105.490870003789638,-7.185675263694070,37.285973234960494,-0.859804671505665,-0.510412107358028,-0.008870489157508,0.011692815806225
5267,1670412030.987984896,105.503472700701664,-7.098674318423175,37.303543322050842,-0.868123551648266,-0.495413631299969,-0.007762552911735,0.029437659011398
5268,1670412031.087620497,105.511623830623989,-7.007660052678230,37.320002718709084,-0.866524973420099,-0.498116963154279,-0.006401572019033,0.031192648700296
5269,1670412031.187837362,105.516323597550794,-6.912911184129444,37.325733018444659,-0.868649992798449,-0.494285238563382,-0.009522924233645,0.032227424092466
5270,1670412031.286848545,105.518803141551103,-6.809707110491281,37.316809574305495,-0.862467933587716,-0.505125718489370,-0.013811219459322,0.028395814314423
5271,1670412031.387537718,105.525816218971542,-6.699805029410027,37.302068258379386,-0.859440816483621,-0.510257102262111,-0.023005018465001,0.021678138261064
5272,1670412031.488910913,105.541878484329658,-6.589677758590248,37.304998458504912,-0.852498847019455,-0.520477892551568,-0.039686510637125,0.027811150084585
5273,1670412031.587198973,105.564163473267286,-6.478573767640650,37.326690024098909,-0.841639001690994,-0.536631467456492,-0.052025912527534,0.031044538871704
5274,1670412031.688577414,105.594284758418382,-6.363004860622137,37.342624347937452,-0.839405978483500,-0.540519240009930,-0.047756532963699,0.030917115397997
5275,1670412031.788433552,105.622827985788746,-6.253108743792883,37.346669089653162,-0.833225317112720,-0.550522985603911,-0.043423570861590,0.027828164470398
5276,1670412031.888900757,105.650494978508178,-6.146586917162618,37.335872747659359,-0.844068528141681,-0.534205456382643,-0.039554137078647,0.024664152361521
5277,1670412031.989307165,105.680141063220461,-6.045090385863731,37.317748917360852,-0.847941741241724,-0.527591148949820,-0.040063921826987,0.032206601460003
5278,1670412032.089439869,105.712973156428774,-5.946463608139662,37.318635313708633,-0.854577634875568,-0.515441177305495,-0.042609819105791,0.046924002644467
5279,1670412032.189541101,105.745553539938555,-5.845484346386974,37.345040493273409,-0.858862398719620,-0.507157440201023,-0.040093148983932,0.059491598725186
5280,1670412032.288870096,105.771340336352182,-5.744986144473281,37.365555176857022,-0.863318281410672,-0.499773436790406,-0.037786598612510,0.058993472741710
5281,1670412032.388925552,105.791240248887348,-5.643245965747081,37.381554269663262,-0.872277629481999,-0.484312906143673,-0.043349080608517,0.051899935051320
5282,1670412032.489333630,105.810012721849446,-5.533126692580574,37.388085710427056,-0.874005789004056,-0.481590447372523,-0.049026544075907,0.042200945047535
5283,1670412032.586677313,105.835318411325503,-5.420251269310271,37.396149595015522,-0.867815705715142,-0.492684849110424,-0.055562241314988,0.032716627442701
5284,1670412032.687416792,105.871077700640029,-5.306630391167207,37.415497826304197,-0.854299349630897,-0.514392566655580,-0.067228657958300,0.032453291648731
5285,1670412032.786349297,105.909665269050222,-5.196345327936429,37.444884266815436,-0.847854757806974,-0.524657875910118,-0.072482261631062,0.024954852402047
5286,1670412032.886420965,105.945296054915488,-5.088479250358865,37.473569895386611,-0.851697240926873,-0.520173063081652,-0.062280019294679,0.012369051639387
5287,1670412032.986447573,105.972013828704576,-4.987727062774140,37.506390297728913,-0.843327388663249,-0.535377255805036,-0.046535234173477,-0.002140438626689
5288,1670412033.087381840,105.994839908429100,-4.893991314897841,37.532744624995324,-0.847693458259213,-0.528936814687610,-0.036547196474749,-0.017491407104535
5289,1670412033.187642813,106.022492356700212,-4.806741242483224,37.549451129221488,-0.855440494725065,-0.516667550717648,-0.026318639760445,-0.024156390896031
5290,1670412033.288062572,106.056792596262554,-4.727239566006651,37.564091933116345,-0.864489116926104,-0.502066474584393,-0.015248892543501,-0.018849219902191
5291,1670412033.388066530,106.088475983067681,-4.651766759206259,37.596888725777085,-0.869945484296609,-0.493001444153946,-0.002862856007054,-0.011671952259367
5292,1670412033.488544464,106.111215221440744,-4.580634326239395,37.632403026304090,-0.874576791517279,-0.484677305909473,0.008338808395038,-0.011567590510959
5293,1670412033.587552071,106.126039972850521,-4.514319286673701,37.676750633370823,-0.874302848084565,-0.485026182717567,0.010820143151686,-0.015068391149046
5294,1670412033.688440084,106.136733571826952,-4.444087197018288,37.710421192169306,-0.874990944124099,-0.483665461992115,0.007139911900827,-0.020188864129036
5295,1670412033.788694382,106.148714854964567,-4.364372814852947,37.727574158747998,-0.868595167890474,-0.494832899997581,0.004091688041213,-0.025808786997391
5296,1670412033.887788057,106.165157672424144,-4.280504373683929,37.745765002550428,-0.857696945915149,-0.513317297462066,-0.002682969542489,-0.029225036672375
5297,1670412033.988346577,106.187962147005706,-4.191369008521614,37.771356472157123,-0.853392500308842,-0.519916741023827,0.005383303530147,-0.037132773433827
5298,1670412034.088387012,106.208931590754901,-4.107723686653574,37.794032089871976,-0.838755117244171,-0.542492156981023,0.018227576445975,-0.043126191203270
5299,1670412034.188163042,106.223882187245962,-4.033162238692845,37.809372645783178,-0.831004691265114,-0.553995186003206,0.026190478143802,-0.042832182237724
5300,1670412034.288558960,106.238335786746219,-3.961309026206612,37.808998259891204,-0.830367749652242,-0.554877766219116,0.026804113450350,-0.043377464140927
5301,1670412034.389043331,106.258548579956368,-3.885052063156951,37.798221041248944,-0.831788025651886,-0.553165066831357,0.028448902453351,-0.036438292616386
5302,1670412034.489343882,106.282994498679017,-3.802664847024560,37.782882568850134,-0.841044572527572,-0.539935107799982,0.027415761920034,-0.019038970173829
5303,1670412034.588757038,106.307709278425435,-3.712347495437053,37.792821855403858,-0.852521621879184,-0.522134566655832,0.024063490744475,0.001823991448007
5304,1670412034.688562632,106.329386613709772,-3.615412797954516,37.808059328824569,-0.856718268165218,-0.514571175737362,0.030912358619784,0.017167998625937
5305,1670412034.788704157,106.344794783674146,-3.517349230632111,37.817062367083565,-0.857143430317264,-0.513719822496082,0.030734017411928,0.021272141694518
5306,1670412034.887449026,106.355128922603484,-3.415382865267706,37.814120198913770,-0.857363387885218,-0.513434440576608,0.027988134108540,0.023016530861299
5307,1670412034.987385035,106.364207360560798,-3.303442250974983,37.799959547666546,-0.857186243386750,-0.514408057576502,0.018222097266154,0.016853771687813
5308,1670412035.087828159,106.383685009845067,-3.183651861596659,37.790186888911478,-0.849858691419859,-0.526636406252633,0.007060994898140,0.018559164272268
5309,1670412035.187016010,106.417063109624380,-3.057286550279731,37.810588105129618,-0.835309487076875,-0.548899253951272,-0.001104364148444,0.031087782020147
5310,1670412035.288025856,106.455049881949122,-2.925187142176259,37.830807867426913,-0.836447058793428,-0.547225735145035,0.003959407600435,0.029742826399880
5311,1670412035.388784170,106.484765826175760,-2.803113387100151,37.841281354405297,-0.832088473208194,-0.553919723879257,0.009310137652759,0.026740111975650
5312,1670412035.489516497,106.507578770323221,-2.688361297927041,37.834866204167980,-0.840420001643686,-0.541579723866430,0.006719777979374,0.018451778177088
5313,1670412035.588638544,106.532415567919500,-2.577024710136604,37.818334690917183,-0.852810798163057,-0.521970322913912,0.001118734929840,0.016108164569350
5314,1670412035.688679695,106.565507747924585,-2.462338362180454,37.805095109610001,-0.862006495108996,-0.506371173561786,-0.005830519833346,0.022339248287220
5315,1670412035.790222406,106.608772169816177,-2.339578575271410,37.824385433430933,-0.874774951303712,-0.483483661780338,-0.004075549439990,0.031555082947554
5316,1670412035.889222860,106.650451983222709,-2.219588379616903,37.843561169652183,-0.881932267318639,-0.470442829018464,0.004747996003894,0.029265628666681
5317,1670412035.988878250,106.691213511411476,-2.104454719474415,37.862434704928290,-0.890382804784334,-0.454448009936350,0.011055305140197,0.023942586274899
5318,1670412036.088535070,106.729560900076649,-1.985743774093609,37.862012240299265,-0.890580359240597,-0.454202134793812,0.014894973845214,0.018579134473480
5319,1670412036.187745094,106.766184585460877,-1.857956914978960,37.859791352707745,-0.890498379684197,-0.454609641372503,0.015624905265830,0.009928347617743
5320,1670412036.287866592,106.806046556381432,-1.726948932980833,37.883104955120714,-0.885269845150614,-0.464951093507667,0.009269390928874,0.005644493320034
5321,1670412036.388055801,106.848138473694107,-1.599091734160521,37.923983025152580,-0.874602269133110,-0.484752158713729,0.009049882811070,-0.002077274825422
5322,1670412036.488581181,106.887237933225038,-1.486751618014287,37.959381528381542,-0.866724316412463,-0.498172430646710,0.021706964179168,-0.011916223773556
5323,1670412036.588196754,106.918179917921961,-1.395151593078056,37.997809135897178,-0.854324235865579,-0.518422311369946,0.033789963488942,-0.015054748551619
5324,1670412036.689790249,106.946079865978518,-1.315555129127532,38.026497220012097,-0.854757359579076,-0.517383729225765,0.037394246005807,-0.017481514336699
5325,1670412036.790751457,106.978610585651168,-1.241488983653891,38.043093995740115,-0.861098160325384,-0.506817986719464,0.037353889954603,-0.015816874758544
5326,1670412036.890738726,107.016886568312543,-1.169513910675676,38.066043153228264,-0.868828203648523,-0.493736972950759,0.036198008693160,-0.007145505787000
5327,1670412036.991275787,107.054400012311618,-1.095930022289023,38.104179400393029,-0.877535584939051,-0.477627622527509,0.042075930359704,-0.005724285873573
5328,1670412037.091277122,107.086903202822228,-1.028289997525310,38.148567546087101,-0.888258324557977,-0.456923202882538,0.044877090391016,-0.014296233037267
5329,1670412037.190568686,107.116010487189214,-0.965290269677212,38.188755340313534,-0.898165403929585,-0.437161697921702,0.041165699542998,-0.022224811255788
5330,1670412037.289944410,107.146933333548589,-0.898542340156849,38.208278757219318,-0.903616508103199,-0.425814318429228,0.036070514398683,-0.029296595280811
5331,1670412037.388922691,107.181481323998298,-0.823138070554848,38.222687741334141,-0.900952018128452,-0.431486544707203,0.029706922184785,-0.034961715364330
5332,1670412037.487654924,107.221455488936897,-0.743809242352591,38.249123586241375,-0.896989901007238,-0.439654163508211,0.024006791769809,-0.039204692956865
5333,1670412037.587275743,107.263619931132169,-0.668074698010939,38.282173064796453,-0.893042192904562,-0.446700807486116,0.031155817335218,-0.044309652781736
5334,1670412037.687086344,107.297658606844664,-0.603220927580049,38.310626354460297,-0.881624538912672,-0.468581720196456,0.039437497635297,-0.040174963161337
5335,1670412037.787972450,107.325767569361091,-0.543152068280037,38.325697794856367,-0.878707260572806,-0.474448412479377,0.038949820582479,-0.035428316203671
5336,1670412037.888085365,107.355621037273863,-0.481179689543158,38.327038575336147,-0.877461863032796,-0.477528771797553,0.034281926724548,-0.029183908727038
5337,1670412037.989109993,107.389997971576932,-0.413195789362697,38.311816013826281,-0.880723697876709,-0.472544888082338,0.026909247225782,-0.017406583793716
5338,1670412038.090310574,107.428374978491021,-0.336584611986021,38.303194493160674,-0.886102741078606,-0.463312921308686,0.012637861444108,0.001831299951439
5339,1670412038.189298630,107.469600801371257,-0.247745389069043,38.314629542781482,-0.896321302426371,-0.443207827967626,0.006542460586667,0.011495227461183
5340,1670412038.289453983,107.516277214094430,-0.149030079923022,38.332460331166551,-0.902821916715773,-0.429679379604611,0.012741559620961,0.011219184403533
5341,1670412038.388616323,107.554856700179471,-0.044859506504395,38.333642448038979,-0.900261733866591,-0.434924570198413,0.016794739351433,0.009346951554532
5342,1670412038.488078117,107.584498755712289,0.068578709397617,38.314160449456125,-0.899526385678041,-0.436563824293432,0.016124285934992,-0.002077544315036
5343,1670412038.587890625,107.619302958213055,0.190884843259804,38.301548991831609,-0.893976345788012,-0.447827914212294,0.011003211255543,-0.011635367026703
5344,1670412038.688538074,107.669531284429894,0.317914218910528,38.315586366715458,-0.885614134114839,-0.464350823813899,0.005695089334591,-0.005786521999325
5345,1670412038.788603783,107.724435960716107,0.451152515665617,38.332226216073586,-0.875130389589884,-0.483505113165059,0.016881039714978,-0.009199850957637
5346,1670412038.889152765,107.769757291704437,0.582723434518054,38.341128769529817,-0.867792559207070,-0.495695265965716,0.028354598374980,-0.020452242786913
5347,1670412038.989790201,107.808259601277911,0.710601665778288,38.333083353325250,-0.870991802894877,-0.488936146940604,0.030358174719593,-0.037324318245639
5348,1670412039.091183901,107.851394448603131,0.836297779355140,38.315465232767792,-0.876438169609651,-0.478435298454261,0.030243392821077,-0.045178946810841
5349,1670412039.190006256,107.897457382297944,0.956539705672995,38.314306914407595,-0.875739178656924,-0.480662577424697,0.027431235904220,-0.035943078965375
5350,1670412039.290423632,107.944421191409276,1.082097285597371,38.343607989117928,-0.881785153625460,-0.470279594428798,0.025153651354338,-0.025677611515767
5351,1670412039.390695810,107.985650482150447,1.206350947974157,38.373633577055081,-0.882210010799605,-0.468849011635879,0.030661354646346,-0.030756827929277
5352,1670412039.490110874,108.019564140451237,1.325732021227943,38.395375338210499,-0.883016256913091,-0.466622820151481,0.033455326435602,-0.037764730558556
5353,1670412039.589479685,108.048607259716505,1.447731034995104,38.403873114704396,-0.880318201761026,-0.470608390266110,0.033515536670303,-0.049440018821549
5354,1670412039.689640522,108.078200709272792,1.575464635464439,38.414451577115237,-0.874667287521387,-0.479682229116905,0.030580763320981,-0.062665078984416
5355,1670412039.789471388,108.111831184785487,1.702449320775886,38.443257190992981,-0.863504239747421,-0.498706285336392,0.028320508596506,-0.069644940211336
5356,1670412039.889380932,108.144653067621633,1.820930675180377,38.469742318398133,-0.852763516290800,-0.515017088629939,0.036334859495380,-0.078940241245787
5357,1670412039.989389658,108.171188301218962,1.927294357872871,38.498872611735599,-0.839187078163779,-0.535465453150783,0.046498744412253,-0.082943734501468
5358,1670412040.090657473,108.193422088268733,2.021612706190237,38.525014746942723,-0.837284000117674,-0.538803736260518,0.044162666496036,-0.081827231571238
5359,1670412040.190524101,108.217651209242135,2.106476782138535,38.531933539543999,-0.833657876290725,-0.546610567804508,0.037459915385361,-0.069485158143253
5360,1670412040.290646791,108.245325746830630,2.190285754096031,38.529464278652853,-0.838353249157342,-0.542551488494714,0.023594407361621,-0.047381598756818
5361,1670412040.391258240,108.273498543270350,2.285540047962237,38.553459844011080,-0.844372929865164,-0.534650337474723,0.017470902701577,-0.029633418767932
5362,1670412040.490376949,108.293698016916608,2.381300298563227,38.577054688611945,-0.850597034536473,-0.525157163249412,0.008958445094835,-0.024786790576244
5363,1670412040.589372635,108.311638349377901,2.476639737870109,38.588579467560400,-0.860060462791523,-0.509652004871928,-0.000144986913951,-0.023469410977908
5364,1670412040.688706875,108.332104711766917,2.577402132210982,38.577910342343962,-0.855131474369922,-0.518070424315757,-0.005962813161999,-0.017822509655223
5365,1670412040.788414001,108.356056307644479,2.683057250722479,38.557094844188796,-0.842806914368150,-0.537944341550868,-0.014622358273975,-0.008864373928674
5366,1670412040.886867523,108.380855968160475,2.792626549978015,38.562515111346030,-0.827263611500678,-0.560990097432054,-0.029594626898385,0.007013253793727
5367,1670412040.987635374,108.406163532749829,2.911464208706043,38.585987568959368,-0.818885251978349,-0.572782223914529,-0.035575869819237,0.009045747425535
5368,1670412041.087916374,108.429069989659084,3.028610453902375,38.606076306387237,-0.809912919614871,-0.585524712743567,-0.033378363017588,0.009367939460950
5369,1670412041.188088894,108.450057632057238,3.146048172867228,38.600875256113156,-0.808763285880881,-0.587200158292994,-0.032908514155728,0.003866679182993
5370,1670412041.288984299,108.475024519308661,3.269137124315380,38.580249789517751,-0.815392172002595,-0.578197191257869,-0.028637394860937,0.001874426306971
5371,1670412041.389669657,108.502583828153888,3.392316722534378,38.572949238530271,-0.822205903184379,-0.568469871982518,-0.026676274138060,0.010384306190138
5372,1670412041.489467621,108.525894093401675,3.511944317815316,38.588508434783549,-0.833257705678650,-0.551220655854811,-0.031573224545180,0.028991653591415
5373,1670412041.588906050,108.545393942528648,3.636380500707415,38.604866455375074,-0.834727394256352,-0.549268296618662,-0.021954547157715,0.032442463943625
5374,1670412041.688364983,108.559702759719443,3.763265658912972,38.614117433318249,-0.826426849696060,-0.561848160113794,-0.018020568210563,0.031946301813504
5375,1670412041.784489155,108.567017753570937,3.889433802876892,38.604345206147165,-0.825583562092325,-0.563315896452931,-0.019255223043584,0.026762271800435
5376,1670412041.882767916,108.574781026201379,4.020106308495574,38.584870443689411,-0.821222381314672,-0.569545636006760,-0.027535760192174,0.021292037106726
5377,1670412041.983219624,108.590973692967211,4.152805792823549,38.589591402864130,-0.815561942304739,-0.576502746739326,-0.043061067334775,0.025476376236109
5378,1670412042.083476543,108.614960239577357,4.291649656417586,38.614832694475986,-0.805201794262785,-0.590605045442608,-0.046887175161909,0.025245665351975
5379,1670412042.182421207,108.642003907537855,4.427295605873322,38.631781355183485,-0.803718421885187,-0.593206575457730,-0.041378597789631,0.020747742071404
5380,1670412042.282850742,108.667122954134427,4.562952701137327,38.628559591133900,-0.802146476553999,-0.595795378313333,-0.037985909600683,0.012081721908972
5381,1670412042.384166479,108.694592789711379,4.699644761828803,38.605730238647830,-0.817803710980099,-0.574350129806108,-0.035903463194552,0.005473575570218
5382,1670412042.483723164,108.727195309263223,4.833653489689323,38.585202317616456,-0.827739592441967,-0.559875542598471,-0.034944558919957,0.012861636986118
5383,1670412042.584253788,108.765401195884763,4.970995042691119,38.595635180206529,-0.838772182593530,-0.543011168870658,-0.031399325072576,0.024782626454714
5384,1670412042.684601068,108.802364824816877,5.107734961491635,38.612721607259864,-0.848220670351301,-0.528745850920555,-0.022395281125513,0.021165323205577
5385,1670412042.785022259,108.832551022956153,5.238228863547268,38.622198682344489,-0.857585184588860,-0.513597148531076,-0.020204512150216,0.018904969801865
5386,1670412042.883317709,108.858519548610417,5.365423424101659,38.606952417454472,-0.852665609337452,-0.521661812556379,-0.022193547740228,0.018378204816771
5387,1670412042.983704805,108.889048251875877,5.494177480192038,38.582960662450425,-0.844677894690372,-0.533859333963704,-0.030152354123629,0.024582540594375
5388,1670412043.083745003,108.928420111414098,5.627651806686221,38.594217822806847,-0.831016026961498,-0.553676654495431,-0.039190902950533,0.036312509219229
5389,1670412043.182912827,108.971160925484682,5.766391404054016,38.617396672144672,-0.826228820030047,-0.561123062373968,-0.038061509516443,0.032220603922747
5390,1670412043.283123255,109.010815597390931,5.903993806870801,38.627392833945287,-0.823287812072324,-0.566040348607829,-0.029807277535192,0.030116912973147
5391,1670412043.383410931,109.045526222901699,6.037556448858124,38.616970704951505,-0.825896647095488,-0.562581181350358,-0.028738952359246,0.023900111383827
5392,1670412043.484157801,109.080691370371440,6.167782012158236,38.598382428232803,-0.840554801083468,-0.540078141784183,-0.031820060995279,0.027761679717396
5393,1670412043.583693743,109.119917479704796,6.292179384402023,38.597453788774644,-0.848460794746866,-0.525956904276371,-0.039733595136623,0.043644656477644
5394,1670412043.683976650,109.162206527012870,6.419845951415678,38.616146885460232,-0.853819225316038,-0.516536978971680,-0.033583432092902,0.055266924325431
5395,1670412043.784861088,109.201155662799579,6.548377153667204,38.636528063606853,-0.861693335226630,-0.503655360750247,-0.026102731146918,0.055986793444680
5396,1670412043.883389235,109.231285009768342,6.674575937214759,38.634419494819575,-0.863511332690642,-0.500658483283345,-0.025014405850348,0.055349263149627
5397,1670412043.983842134,109.252295305295419,6.806999681843686,38.608396074245093,-0.857063598005728,-0.511716718910582,-0.028580279599240,0.052641772186101
5398,1670412044.083888292,109.272347960284208,6.941632544833738,38.602055917113880,-0.851880485898794,-0.519488911285287,-0.042114495193456,0.051548793303657
5399,1670412044.182188034,109.302558627290452,7.083027821752828,38.619122866185791,-0.839421554328655,-0.539946272932767,-0.043047986078746,0.044456128588111
5400,1670412044.283480167,109.336588551376309,7.226893262140163,38.633387298752957,-0.836745391373957,-0.545584864358500,-0.029198452938400,0.036629989671918
5401,1670412044.383342505,109.365918621880525,7.362947033628344,38.631171865409534,-0.834190811493358,-0.550435294634249,-0.021236462244514,0.026375919174460
5402,1670412044.484505415,109.394205407497196,7.492974060152031,38.613692452083370,-0.846200660970456,-0.532071394008212,-0.018674239255262,0.022265350649791
5403,1670412044.584694862,109.423033373807499,7.611194341124932,38.606396976503746,-0.851639158074429,-0.522534873492147,-0.021604250084925,0.034659873010319
5404,1670412044.685015678,109.453234412698791,7.725898130221065,38.608981723973940,-0.858038917585331,-0.511528328695491,-0.019630001128844,0.041504793779421
5405,1670412044.785879612,109.486120422759186,7.838024906647479,38.638487778458639,-0.869513063198032,-0.491801248225543,-0.017001772611143,0.042302540111114
5406,1670412044.883974791,109.514834465216794,7.947816765167993,38.652178494118829,-0.873134890315977,-0.485487332098045,-0.016100768561937,0.040966802864565
5407,1670412044.983915806,109.538943984433629,8.067371978264619,38.644129172797570,-0.870731637290714,-0.490228240686123,-0.013456659832290,0.036353901592243
5408,1670412045.084362507,109.561813918086955,8.189143305385036,38.650421143565012,-0.864738195603034,-0.500678456991338,-0.018599434314635,0.034684244451298
5409,1670412045.183330774,109.586613589473075,8.312554124431424,38.682022036203392,-0.855043056244567,-0.517803372395065,-0.013227707048369,0.024618433550708
5410,1670412045.283340693,109.610044775271263,8.431214515007941,38.711757570449642,-0.848665773717115,-0.528812166907142,0.003878483867018,0.010442893037664
5411,1670412045.384283304,109.628796790070297,8.540474241208234,38.736925861845677,-0.840925202734275,-0.540864355412097,0.017581990365471,-0.001194179954789
5412,1670412045.486149311,109.645883828850032,8.640674137890217,38.748979031485888,-0.846936473795025,-0.531055296351279,0.024354985439254,-0.009258307467225
5413,1670412045.585825205,109.663763718340363,8.726340976862277,38.764016710063771,-0.855714122800540,-0.516789452830568,0.025842263664829,-0.003765486882487
5414,1670412045.687330961,109.682067896147359,8.806926730835089,38.794344380008127,-0.864406163967998,-0.502050949945376,0.027057074485870,0.003839540772454
5415,1670412045.787053108,109.698663585321142,8.885638673180665,38.828095657419979,-0.870572795266557,-0.491047420907952,0.031181079718201,-0.001782927095773
5416,1670412045.885935783,109.714172013913711,8.963901767682589,38.868310839190876,-0.879751142772350,-0.474320886353214,0.031088618720753,-0.009545750147622
5417,1670412045.985109091,109.728254811353509,9.044328114915718,38.889449734704648,-0.882570238674892,-0.469103181665185,0.027490618969416,-0.016007642725368
5418,1670412046.084921122,109.742404104143972,9.128544061185284,38.905522770098472,-0.872216142129456,-0.488397617466901,0.021731343297458,-0.015313960296103
5419,1670412046.183009386,109.756674391108163,9.209153468571918,38.932593746432822,-0.856599677319489,-0.515560559810019,0.018769762039530,-0.009055275672622
5420,1670412046.283610344,109.768662184785924,9.286540948185740,38.966749617047832,-0.844945642165785,-0.534170964251520,0.025283677768246,-0.009432834895365
5421,1670412046.384469748,109.774307228744377,9.357196166313209,39.001789877682775,-0.826833645338677,-0.561704889541193,0.028016569718731,-0.006986545832241
5422,1670412046.485323191,109.783296677031984,9.426817728113846,39.020127309179330,-0.826664891434539,-0.562070643596698,0.026202479635000,-0.003896015566303
5423,1670412046.585754633,109.804748443095036,9.497527765852844,39.034016904338202,-0.837959191087679,-0.545242995964568,0.022923827318647,0.002994589175468
5424,1670412046.686391354,109.833930036779677,9.573789449928677,39.062032256567569,-0.847449496328676,-0.530044245956815,0.028066355160809,0.009732841739802
5425,1670412046.786403894,109.862649969968317,9.649077629011645,39.098459323713527,-0.863985256343625,-0.502211150817017,0.036217544046030,0.001313894653779
5426,1670412046.885134935,109.890383882646461,9.719222816567809,39.135492414589820,-0.872532715414063,-0.486828128965344,0.040758488404276,-0.004876371936528
5427,1670412046.984690905,109.916007252406970,9.786115094762964,39.151755055623298,-0.875138596503207,-0.482055008907121,0.041656418349585,-0.004488664415795
5428,1670412047.084227800,109.935808724017306,9.850624612359251,39.159554007312771,-0.871143164273722,-0.489844890404967,0.034059247685309,0.001240294490770
5429,1670412047.182863235,109.951620244286133,9.913021641239046,39.186109208218561,-0.860396721222940,-0.509158692885048,0.018804599255463,0.011013383460388
5430,1670412047.283592701,109.967193035048822,9.976063931544648,39.217307396438521,-0.854634595915084,-0.518777589145332,0.015157303541667,0.015484721985394
5431,1670412047.383859158,109.981804400895683,10.037363749600676,39.249492503549618,-0.837371884174432,-0.545944405702501,0.016623090464671,0.021833605742267
5432,1670412047.486054659,109.997010379187955,10.097683297412082,39.274196764895784,-0.833026991028106,-0.552297409198111,0.012293284975428,0.029706550729209
5433,1670412047.584791899,110.013543025671083,10.154009687600706,39.295033055501918,-0.843403999874483,-0.535827172405948,0.002174334843503,0.039423426730294
5434,1670412047.686069012,110.029421276045809,10.213547685884265,39.324920184448132,-0.857158429810183,-0.512547422745004,-0.006630040650758,0.050305150867134
5435,1670412047.786008120,110.043792377859361,10.278162944422430,39.366055836530435,-0.867730783488756,-0.495068281471398,-0.009964025925677,0.043027924122585
5436,1670412047.885626793,110.060630412782800,10.344084456582276,39.408429541132122,-0.883445988407563,-0.466904435441324,-0.014181219935773,0.036363810759262
5437,1670412047.984988451,110.082247150391836,10.414387804693860,39.433732264038902,-0.883540766631059,-0.467040817734442,-0.015785728905506,0.031295351633515
5438,1670412048.083574057,110.105042809971181,10.481835810723783,39.443796072490606,-0.876333200135152,-0.479979830384527,-0.021784693830742,0.034422548999528
5439,1670412048.182431459,110.125937087551307,10.543672197329240,39.467639465182458,-0.862944068006382,-0.502711329480691,-0.029692985647444,0.041559370877013
5440,1670412048.281413555,110.145220794764384,10.599857415870213,39.497194555026788,-0.854363520692252,-0.516909840160223,-0.026431682866446,0.046567776377239
5441,1670412048.382563353,110.160394911959500,10.654795616593463,39.522780433834257,-0.836204944744295,-0.545509320119765,-0.021653590301388,0.052076809375405
5442,1670412048.483369350,110.176812885051760,10.712782626595711,39.535998298740289,-0.838225129191245,-0.542191557609845,-0.021159319575004,0.054398812891956
5443,1670412048.583877325,110.200220326064212,10.777783749209000,39.542788646183631,-0.852337156111074,-0.519513520139730,-0.017286937713598,0.057690870066243
5444,1670412048.684990644,110.222653105691506,10.841412108146844,39.561652831527212,-0.867789898445742,-0.492091259905713,-0.016010986406764,0.067309229636210
5445,1670412048.785582781,110.238782105492959,10.901846311359298,39.597593569529103,-0.874350583310565,-0.480146942909519,-0.014831662538020,0.068920189099251
5446,1670412048.885053873,110.254063461106597,10.956988888511161,39.647522260199331,-0.880442713198393,-0.468815928628027,-0.020226656455328,0.067993648299907
5447,1670412048.983651638,110.271028822437103,11.014465159818272,39.687812603798278,-0.880707051427157,-0.467793297600178,-0.027589429369108,0.069016981054819
5448,1670412049.084456921,110.291288470612770,11.082552879611402,39.704033543508885,-0.877259563358206,-0.473462751924128,-0.035594441699421,0.070581277667014
5449,1670412049.183000088,110.316212619226320,11.157364876484980,39.718004606650524,-0.861237873110360,-0.500930974159347,-0.046935175285619,0.071655944408127
5450,1670412049.282947779,110.348183625066056,11.239188267427137,39.745893788999695,-0.858854326796295,-0.506899473103679,-0.038221957251404,0.062938473880193
5451,1670412049.383311033,110.378237241864554,11.320974016621861,39.777589383145511,-0.851087235654875,-0.521363818573263,-0.023245383851160,0.057357982161692
5452,1670412049.484078646,110.404033385499844,11.397983464472304,39.798483222908708,-0.857406265702748,-0.511800935791042,-0.013556787471056,0.052254293321657
5453,1670412049.584640503,110.429347370422647,11.465704043188511,39.809832962095726,-0.870191276257704,-0.489860662281621,-0.012487003535489,0.051456282577598
5454,1670412049.684847355,110.455083427187233,11.525773755723526,39.829010568151013,-0.879911976182981,-0.470306310429440,-0.017280698987196,0.065331967539037
5455,1670412049.784859657,110.478777914564560,11.591654501467577,39.862455307452407,-0.887040357216976,-0.457078529330034,-0.013578377001696,0.063672995625084
5456,1670412049.884566545,110.499561928425308,11.660546075313587,39.901487796211292,-0.896639494982853,-0.439320287482131,-0.011580309030207,0.053862765304773
5457,1670412049.983798265,110.517747961919625,11.735732315767532,39.929641648672330,-0.897227216920880,-0.439378884963022,-0.012900621037510,0.041989172912905
5458,1670412050.083880901,110.534784171596996,11.817962215176705,39.938487488977955,-0.897688060840073,-0.439384383843012,-0.014426719167767,0.029822448493382
5459,1670412050.183536768,110.555911722607533,11.897988987933841,39.952299433989104,-0.889008679231852,-0.456647611052050,-0.023066011275253,0.024586311125174
5460,1670412050.285677433,110.584847386851223,11.976118862421412,39.986074426780085,-0.882695700982108,-0.468662505007638,-0.025873476691071,0.023115342774585
5461,1670412050.386432648,110.613156284392687,12.047561631211776,40.018092553935375,-0.876297037005849,-0.480737310887173,-0.017060667836280,0.026534401608459
5462,1670412050.486915827,110.638832231009303,12.118206756408792,40.043758077110063,-0.865501027164016,-0.500177566695609,-0.008226214380535,0.025743021373919
5463,1670412050.587806940,110.668562813604922,12.192816837352737,40.053961980500986,-0.868937304801271,-0.494366418095163,-0.000014288488880,0.023447916331757
5464,1670412050.689162731,110.702477700316194,12.265950281089138,40.068648063635372,-0.888493396799567,-0.458039584799530,0.001709075855018,0.027862190509065
5465,1670412050.789547443,110.734595697183153,12.338286335938367,40.104616501078389,-0.897436968231334,-0.440165783536628,0.010018400723165,0.027579026492747
5466,1670412050.889128685,110.764547623536103,12.406416217717501,40.155125912052142,-0.900467760129597,-0.434097239170395,0.013926138104616,0.022879304825955
5467,1670412050.987792492,110.792678485043879,12.472298266334981,40.194367169598550,-0.906793426457085,-0.420923625152890,0.012820747637346,0.019611526008675
5468,1670412051.088050127,110.819064028074735,12.543955783285192,40.207058516557922,-0.908547595936463,-0.417386629224317,0.008299041752121,0.016149104273371
5469,1670412051.187817574,110.845242820931816,12.622743479081194,40.223057141005633,-0.897290954917177,-0.441140220558263,-0.002953406868422,0.015985162416993
5470,1670412051.287317276,110.877662906468970,12.711533820903972,40.256913194722955,-0.891633267106535,-0.452662052813910,-0.000069117974884,0.009336924222072
5471,1670412051.387778759,110.908465309254197,12.799604164307478,40.294124151752612,-0.882384542868730,-0.470276964697848,0.015076891090301,0.003127672612793
5472,1670412051.489180803,110.931271325708167,12.882000487316782,40.319625690205875,-0.875771632516541,-0.482100236239819,0.024437149712933,-0.002497120487998
5473,1670412051.589605808,110.953766531599754,12.958719615676415,40.328900680993819,-0.880475582206379,-0.473397380722160,0.025009650558926,-0.005673309673942
5474,1670412051.689789057,110.981633968656965,13.029235825705289,40.347884626532313,-0.888643147600862,-0.458093977746324,0.021171715425051,0.003875853524415
5475,1670412051.790132523,111.010520822940762,13.101555842356639,40.386457405082531,-0.891674006601186,-0.451938440378312,0.024341613564987,0.008752023152353
5476,1670412051.889412642,111.034845903611128,13.170140165196432,40.432818665888576,-0.899609029439754,-0.436106709514705,0.022228859063320,0.004517730786989
5477,1670412051.988408804,111.054803463694839,13.238276387482681,40.462200443827520,-0.906143199510770,-0.422710408368329,0.014556510433104,-0.002919013785008
5478,1670412052.087795734,111.074296815339508,13.314619138258719,40.474382565799601,-0.903411819613155,-0.428607326241260,0.009386014751397,-0.007399108233551
5479,1670412052.186649799,111.092697653419933,13.394232610018806,40.497387600725837,-0.889095904095231,-0.457669872767736,-0.002812459370687,-0.006233053355916
5480,1670412052.285769939,111.111063220871685,13.474161297365484,40.532788551941408,-0.883571747333170,-0.468057963747134,-0.006896616776362,-0.013234295014702
5481,1670412052.385876417,111.128706105033373,13.546572554873915,40.563458019702146,-0.869385806147975,-0.493907937998062,-0.002399354988486,-0.014748286225097
5482,1670412052.486445427,111.145931294061526,13.612864416571242,40.578848789479096,-0.861540465058626,-0.507482744539814,-0.001281323914244,-0.014410040594340
5483,1670412052.587894201,111.168956674085038,13.679006885392452,40.583822339402836,-0.866131307440784,-0.499677484185722,-0.002720089917701,-0.011470448098732
5484,1670412052.688043356,111.198827972183409,13.744662331153359,40.603991547044544,-0.877592742485488,-0.479331456736334,-0.008504646792455,0.000062472072358
5485,1670412052.788626909,111.229691462837451,13.817438320738889,40.644854684871959,-0.885074540040952,-0.465382038175062,-0.007727132963637,0.001705441727223
5486,1670412052.889282465,111.256911925344525,13.892498010573266,40.692289949360209,-0.893116116127362,-0.449690654592409,-0.008241101464183,-0.007348641539993
5487,1670412052.987044573,111.279626066194950,13.969056165263034,40.721181242543025,-0.895266695791636,-0.445098395692798,-0.011598130281580,-0.015825452031290
5488,1670412053.087043047,111.299892468893574,14.056836431160582,40.730221016236086,-0.893569565042930,-0.447935877147339,-0.015078703687154,-0.025681025842984
5489,1670412053.186443567,111.315817768503564,14.150572920232865,40.747238579952288,-0.880727554471098,-0.471668330250694,-0.025908118197598,-0.034303504855054
5490,1670412053.285971165,111.332746741362499,14.249739856651045,40.774632762101440,-0.871801251639829,-0.486741616800733,-0.021064267482206,-0.051004634582303
5491,1670412053.385308981,111.347432551201308,14.349817013295114,40.804987533053804,-0.852293756535550,-0.518734326039556,-0.005868810065301,-0.066899989740102
5492,1670412053.486415148,111.364579435309409,14.445816755420102,40.821510099153173,-0.844808163101736,-0.528938626497869,0.002331793912894,-0.080732023958065
5493,1670412053.588376760,111.392376856230669,14.538583391754331,40.823136671592771,-0.849319618167911,-0.520112649256634,0.007013729836694,-0.089943459307150
5494,1670412053.687483788,111.425270882733756,14.630383565558466,40.834059438210417,-0.859062492918501,-0.503887598291118,0.010157703409459,-0.089474815509750
5495,1670412053.787624598,111.458173624919866,14.723477299112806,40.860722668880932,-0.857144065619081,-0.505047100545170,0.025338416493130,-0.097925694557305
5496,1670412053.888114691,111.489879959163929,14.798141700088278,40.896412777585432,-0.865255333898645,-0.488713777073933,0.030941452541121,-0.107399617190753
5497,1670412053.987602472,111.520693317392528,14.861387799272936,40.924443547364291,-0.871788177755481,-0.476860022804496,0.026727690359388,-0.108974870244135
5498,1670412054.088196039,111.551037898878661,14.930868702120570,40.941420804008018,-0.874807239653763,-0.471520330797425,0.019810339129373,-0.109491650629766
5499,1670412054.187365770,111.589148823062700,14.998873421002310,40.959359040214267,-0.868012791148534,-0.485792529541802,0.007964202275566,-0.102449910327058
5500,1670412054.289200068,111.642946172350321,15.064762210356093,40.991779020164763,-0.864902754096275,-0.493393982750587,0.008040928170984,-0.091874627707222
5501,1670412054.386114836,111.697432811440081,15.118283378053434,41.034251029816296,-0.856350834584805,-0.510704625733078,0.019353009251362,-0.073956030137251
5502,1670412054.486821890,111.745742414418032,15.159664550577615,41.079359412032773,-0.856485233087999,-0.513435347466974,0.019327853219195,-0.049433020983972
5503,1670412054.587898731,111.789607115057180,15.196974714019792,41.101022500037736,-0.866088156599134,-0.499277277502287,0.008597119943158,-0.023229177714706
5504,1670412054.689301014,111.829363263934866,15.245024188752661,41.102049964885126,-0.873440890146142,-0.486877674668705,-0.007052221548173,0.001186381534317
5505,1670412054.790574789,111.870289401400996,15.306576971684812,41.102353766817153,-0.880746423804789,-0.471788902538721,-0.028422442305143,0.029885333690524
5506,1670412054.887162685,111.917009193285210,15.391294659778858,41.123954357529620,-0.877465497164042,-0.476769132858437,-0.027422184666371,0.044648841286179
5507,1670412054.987687826,111.970372880842191,15.495009540001091,41.148224605704087,-0.883522924764890,-0.466073464978906,-0.022003098446944,0.040971091225229
5508,1670412055.087825298,112.024625070934675,15.610643883603794,41.146979269684962,-0.891968754884995,-0.450746625298202,-0.015788256127276,0.031144037304965
5509,1670412055.188602686,112.082693132636237,15.731603842555270,41.126492680279718,-0.892565939760286,-0.450350302593632,-0.009912033056486,0.020307627491860
5510,1670412055.287003279,112.146668949179187,15.854539413690802,41.123805335252861,-0.880513366747376,-0.473491196047753,-0.010300346348738,0.019904801168707
5511,1670412055.387285471,112.216964106224012,15.987870557462465,41.150872989422368,-0.870238786721125,-0.492352594734949,-0.012281294812603,0.011070065114201
5512,1670412055.489014626,112.287265033696826,16.105549911643209,41.174133426789226,-0.881903172735878,-0.471365953991661,-0.007757364156537,-0.000868698605296
5513,1670412055.587583065,112.347984884595959,16.203555860672484,41.179126165562280,-0.880002962495852,-0.474859393639284,-0.008750405056063,-0.005174232543187
5514,1670412055.688124180,112.414724949204583,16.299652687095527,41.166534558701727,-0.887359297143484,-0.460905389991734,-0.011611968628493,-0.004986124162135
5515,1670412055.789468288,112.487492131276568,16.404139053302448,41.153324775416984,-0.902585083554619,-0.430120823867736,-0.018332943290218,-0.000383419299835
5516,1670412055.888133287,112.559150190841450,16.519810866330921,41.170128788188642,-0.913656106932236,-0.405525507236595,-0.027254220144318,0.006228059911196
5517,1670412055.988272429,112.636002597652706,16.639247814125699,41.193260902600272,-0.920062803638924,-0.391185807333801,-0.020809726060523,0.005005676974229
5518,1670412056.088784218,112.713562898677921,16.751736124754114,41.214591735013016,-0.920028453069402,-0.391416615220015,-0.016745560914736,0.007763057521376
5519,1670412056.188265085,112.793284742761202,16.864874898477041,41.207544256654259,-0.919425578452436,-0.392755191118072,-0.013440859536898,0.014809079381267
5520,1670412056.286370516,112.871658268499260,16.984606210890135,41.187493151740327,-0.916315143483048,-0.399829430367036,-0.014917263875135,0.016746930300600
5521,1670412056.386879206,112.950106934086051,17.118188752153042,41.204583926584867,-0.910058561569712,-0.412977923603940,-0.027928768234073,0.021508905931535
5522,1670412056.486639261,113.027551432033121,17.256485772300572,41.232744733285564,-0.900911662472583,-0.432995991422310,-0.026537527971306,0.012977189305456
5523,1670412056.587128878,113.102298439623638,17.385490198717452,41.249001894401623,-0.896259474648114,-0.442936303403582,-0.019950075168993,0.011330477986769
5524,1670412056.687334299,113.171426638355086,17.509955922080028,41.235000057971604,-0.891096582069220,-0.453364620781721,-0.017329020778487,0.010349255377039
5525,1670412056.789870739,113.236715852305849,17.636176438971741,41.211901577392950,-0.906127163898205,-0.421975112128832,-0.026793497049998,0.012356217280660
5526,1670412056.890471697,113.296310505746035,17.766288665846815,41.221299400030880,-0.911240284806134,-0.409293717236002,-0.041759965331302,0.019388183852564
5527,1670412056.988325596,113.356342025322817,17.899569034161964,41.245513518170732,-0.912287705373303,-0.407080962170606,-0.040807635522049,0.018734186560076
5528,1670412057.088496208,113.418228375538533,18.034356056723112,41.269456722831258,-0.909164041828677,-0.414201095483115,-0.040354200078692,0.015157047283046
5529,1670412057.187604666,113.486163781770074,18.167801339842853,41.263546532699863,-0.906338489995221,-0.420599487900307,-0.036517461269930,0.017694274598902
5530,1670412057.286751747,113.557729904180690,18.302963885643596,41.236946026274474,-0.895027635577922,-0.444111182272981,-0.035804212717546,0.020219982284017
5531,1670412057.387253523,113.629911316938390,18.444506626514016,41.241912948703771,-0.886710700626898,-0.459090037701156,-0.047001862626416,0.027772208895848
5532,1670412057.487568617,113.702536887379068,18.595036355866128,41.263727221099558,-0.879814618960200,-0.472313449903330,-0.047616183113355,0.024061180562257
5533,1670412057.587695837,113.774203499634041,18.742261868748610,41.284961413299648,-0.875512799297605,-0.481253142436182,-0.038576883117136,0.019610590259819
5534,1670412057.688405514,113.844423462913412,18.887851187581521,41.274370070067128,-0.870662691585864,-0.490784432964862,-0.030900148737068,0.011058871906503
5535,1670412057.789829254,113.915522274407735,19.031170875452588,41.246445458447518,-0.879945736575196,-0.474163416544262,-0.026692186293946,0.012332164654144
5536,1670412057.890164375,113.981903500044027,19.174116112743842,41.247139503859216,-0.885227518515301,-0.463484037332786,-0.032555558068293,0.022246870337327
5537,1670412057.989511490,114.046138093684661,19.323100520088012,41.271508858342472,-0.892659189429028,-0.449451301711173,-0.025975233701481,0.021872040421408
5538,1670412058.089241743,114.104846841812929,19.469250967861079,41.300952715642097,-0.898438107551419,-0.438318105705215,-0.020407970249422,0.016423150145906
5539,1670412058.189301252,114.163526077130001,19.613528512413019,41.300228078597698,-0.898637042423591,-0.437956632835730,-0.018553577906070,0.017355647099838
5540,1670412058.287773609,114.224221432820059,19.757100196097788,41.275438264744501,-0.891287704977583,-0.452810061199609,-0.016127232367457,0.017583737042076
5541,1670412058.388091087,114.287996482100880,19.909795073469130,41.287541501358696,-0.884905557051245,-0.464444783115480,-0.024860814431346,0.024801984647433
5542,1670412058.489097834,114.354588264609504,20.071374141404977,41.315513479388585,-0.876006630561397,-0.481279601898982,-0.021007691339517,0.023259512312365
5543,1670412058.590550423,114.416036505837781,20.224834938694105,41.340098674269633,-0.870841078843006,-0.491046982203215,-0.011368924559669,0.019478814723198
5544,1670412058.687722683,114.470641309891491,20.364895515690861,41.332903449163112,-0.866376468632106,-0.499117404189793,-0.007980626250729,0.014489342291868
5545,1670412058.789015770,114.528071184700167,20.508065919534744,41.309751161356736,-0.880502835637887,-0.473715887655941,-0.012002092846380,0.012804842181422
5546,1670412058.889128923,114.581828898005455,20.655917519623095,41.319923453315113,-0.888425453492267,-0.458138319373291,-0.024106956224082,0.015111206784570
5547,1670412058.988189936,114.638483385954586,20.811112173972024,41.349316222759434,-0.894754067795011,-0.446067618763377,-0.018427200646533,0.009963730796437
5548,1670412059.087568521,114.695031972564337,20.963164138113910,41.378589770600072,-0.893340599002272,-0.449157248738094,-0.014153294246639,0.000156020047451
5549,1670412059.188841581,114.756276788371778,21.113842346726919,41.375444073508227,-0.892864844741350,-0.450200156556776,-0.010532015457080,0.001124594002868
5550,1670412059.287051678,114.820274208946032,21.257412410080786,41.349227137379380,-0.885407641753373,-0.464675744896148,-0.010916853250200,0.003253051652580
5551,1670412059.386431456,114.886454675023870,21.409184092761983,41.359907171631619,-0.875490820105725,-0.482568719759277,-0.019625072738017,0.016065837685143
5552,1670412059.486188650,114.953684446929600,21.572168215005174,41.388718342829364,-0.865589633982950,-0.500342987272492,-0.016550221167950,0.011729058265453
5553,1670412059.588175774,115.017975062841543,21.728261616199472,41.408046352544638,-0.861592016283725,-0.507447459697334,-0.006801933209809,0.010488413963911
5554,1670412059.687158108,115.075092669572598,21.871105433321709,41.395486832204547,-0.855462241549589,-0.517802783200294,-0.002131995329000,0.007751489463235
5555,1670412059.789062738,115.130147223114648,22.013495990388382,41.370893259963395,-0.873355309899814,-0.486935881313576,-0.008241798643029,0.008719112013184
5556,1670412059.889259815,115.178941650593117,22.156988232593744,41.377123297961319,-0.883366434772259,-0.467759032244316,-0.022838687743347,0.018537098310453
5557,1670412059.988802671,115.231234282762856,22.306113042315779,41.401104934313558,-0.890647377329306,-0.453798640567874,-0.021621590074851,0.018615851251386
5558,1670412060.088602543,115.286130101418905,22.452607943400874,41.431361289385229,-0.892009631628289,-0.451372169840860,-0.019857599171032,0.013698800337328
5559,1670412060.188129425,115.346589515040293,22.596847619875081,41.424932027902216,-0.895761712814591,-0.443950491944415,-0.016323316080405,0.015889112936924
5560,1670412060.289388895,115.410199123697296,22.745063344971069,41.400469520999508,-0.889807098281776,-0.455577291506381,-0.015247896144646,0.021451362992537
5561,1670412060.387619257,115.472437300519474,22.897649207025417,41.416621263459781,-0.883489911878922,-0.466927557261504,-0.023610609219993,0.029440975021924
5562,1670412060.488219976,115.537318205456785,23.060896788412439,41.447978177618886,-0.878185030960697,-0.477514734203071,-0.019453229278431,0.019806612183093
5563,1670412060.588939905,115.598000001847709,23.212076861870901,41.469825906479329,-0.873654228751260,-0.486185476833495,-0.009521437979984,0.016165176151924
5564,1670412060.688316822,115.653553286375214,23.351759417074664,41.458516821820638,-0.876111141266576,-0.481877823077013,-0.009352573358764,0.011643072906484
5565,1670412060.789956570,115.707347491494914,23.493966079591647,41.437496957278682,-0.891549640083045,-0.452359367070770,-0.018251967983851,0.013308191306189
5566,1670412060.890973330,115.760175442392708,23.642498608032568,41.449764640461787,-0.897006631702766,-0.440575470604446,-0.029232694810390,0.020440326246228
5567,1670412060.989640951,115.818731445696983,23.790422534258315,41.475738142030714,-0.897721950711575,-0.439658315656957,-0.023028856108159,0.016295289829959
5568,1670412061.088423491,115.879116757292337,23.933145067443085,41.499115414905098,-0.896724504954274,-0.441897894314873,-0.019477066833523,0.015233419910037
5569,1670412061.189196825,115.944094780615885,24.080059062001268,41.486638045227323,-0.895867907020756,-0.443726235245216,-0.014094814549535,0.018139942893309
5570,1670412061.288107395,116.009604051551719,24.229176074041099,41.462902047338517,-0.888543083428920,-0.458195618299037,-0.013956471719933,0.018793114678563
5571,1670412061.387990475,116.076766807981883,24.393994607197786,41.485466829855355,-0.880820464029717,-0.472622153721544,-0.018622188251688,0.020900336427963
5572,1670412061.488517284,116.141743646020146,24.563951007008676,41.515046500238554,-0.875312202149573,-0.483390339739910,-0.011480011978781,0.005526078099975
5573,1670412061.588856697,116.199047893025920,24.720501427745550,41.526768014957469,-0.866461747688829,-0.499243241851973,0.000473248354165,-0.000035960366381
5574,1670412061.688533068,116.249902459001888,24.865566723272774,41.510279579912797,-0.861386724309921,-0.507925907409282,0.003131284086342,-0.003791942121578
5575,1670412061.789716482,116.294860734496936,25.009176938993182,41.495556541422900,-0.872998793789344,-0.487669497752101,-0.006253274354521,0.003530377375133
5576,1670412061.891352892,116.335311855854101,25.154642079690873,41.509038703640186,-0.882069547657526,-0.470378494177613,-0.022660560201944,0.013560395340220
5577,1670412061.990279913,116.381534076371068,25.299606690711784,41.537589031127865,-0.884621497498421,-0.465664271382728,-0.021333570517234,0.012102532389178
5578,1670412062.089846373,116.429469776363703,25.442186329756463,41.564357115059117,-0.887921544181283,-0.459193015003698,-0.023692517234681,0.013257864746018
5579,1670412062.188360929,116.479645962618250,25.579180355868452,41.550729507231011,-0.887673948618658,-0.459340305295953,-0.026095831381460,0.018985585555655
5580,1670412062.287887096,116.531075669691646,25.717057074827142,41.532947517733660,-0.878829346182588,-0.474995465404122,-0.034552766239859,0.029058466562767
5581,1670412062.387624979,116.585282069508736,25.857009238714820,41.545811468291888,-0.869868921460297,-0.488787709686227,-0.049179393869081,0.044676857049955
5582,1670412062.487654924,116.642161703377639,26.003995889905582,41.573518293538278,-0.857819684012206,-0.510493165600015,-0.039742429239322,0.044301883876797
5583,1670412062.588788509,116.692609913335019,26.152311051593138,41.590368950632978,-0.853845517533360,-0.518288631179446,-0.033753117998267,0.034430422647987
5584,1670412062.690942764,116.743827524646250,26.298145911947493,41.572375076764168,-0.869242209564509,-0.492850162311043,-0.028850989303846,0.026159492303538
5585,1670412062.789350510,116.790540508580023,26.432283045678190,41.556879444549125,-0.879351415594559,-0.474110352732860,-0.033289847681396,0.029193276018921
5586,1670412062.889492273,116.836522525535855,26.568853717334481,41.572239235364677,-0.884580934719455,-0.464008697744316,-0.033549812828061,0.032968293975918
5587,1670412062.988684654,116.883912189024670,26.699812712143586,41.597626867254014,-0.888216292858907,-0.457766131960069,-0.027271829314797,0.027896825197878
5588,1670412063.087916136,116.930430744087900,26.825647126407645,41.608721510997526,-0.890962963440407,-0.452525349778176,-0.024078437011318,0.028740815171449
5589,1670412063.187381268,116.973479172232103,26.951371466293896,41.588760901407163,-0.886470373471611,-0.461259427449495,-0.023466170216017,0.029314781279418
5590,1670412063.288135767,117.015840786925096,27.075293309482294,41.579002678470438,-0.883442356493006,-0.466117550168647,-0.034438709022533,0.032833024529040
5591,1670412063.386566639,117.060888468605782,27.195836040929937,41.595556043189376,-0.877021484371362,-0.476930350138025,-0.042498299986367,0.039555676792884
5592,1670412063.486777782,117.108164955257763,27.315946656221602,41.616429874829137,-0.864887324622000,-0.499200908900747,-0.034178597552181,0.040002396556111
5593,1670412063.588420153,117.151039101766699,27.433395386837741,41.630997234341763,-0.857058978895344,-0.513451655709552,-0.020332595137155,0.037468513701214
5594,1670412063.690232754,117.194768209968643,27.546684827083016,41.635250879341037,-0.874514054596851,-0.483872893622465,-0.013807915350918,0.030025532529166
5595,1670412063.789859772,117.232193986317327,27.650365311137936,41.648426709674403,-0.887963642489455,-0.458421603196463,-0.014920901749733,0.033875803025450
5596,1670412063.888780117,117.263423897711263,27.748802629020474,41.678957931423319,-0.893051366267483,-0.448487488034656,-0.012077727913290,0.034239725066043
5597,1670412063.987955093,117.290712114071965,27.836807464185650,41.725483594820837,-0.899636425559202,-0.435975142090409,-0.011057746234743,0.021394006976691
5598,1670412064.087081671,117.316473608862012,27.917408104334122,41.774508912852419,-0.908366152996923,-0.417670806452716,-0.015310214698614,0.013697695156170
5599,1670412064.186870098,117.345494629708980,27.996543407633162,41.798908147556340,-0.909539578332810,-0.415133532502860,-0.017966964896789,0.008893470091499
5600,1670412064.286283016,117.379516451808229,28.076231779278622,41.810221683227347,-0.901526572184641,-0.432085529586562,-0.021721087138805,0.008951488167925
5601,1670412064.386180639,117.420445461507413,28.157094596032302,41.835398211793766,-0.886559355195532,-0.461975913572024,-0.017495182246911,0.016872569238968
5602,1670412064.485359192,117.455681387358851,28.234290403805080,41.870402755292652,-0.871617531066001,-0.489597332669471,-0.002961704011444,0.023844489734449
5603,1670412064.586790800,117.480023823569397,28.312329548924001,41.901556416049978,-0.854002581022982,-0.519753318565217,0.005802571359048,0.022414495581034
5604,1670412064.688172102,117.504323661188366,28.391388837926332,41.912411512741897,-0.856336653516924,-0.515962061449289,0.010086130433255,0.019208252427503
5605,1670412064.787667274,117.533066328771056,28.472487042513560,41.919175388275043,-0.870804674557335,-0.491159654329155,0.009284766406303,0.019370230797259
5606,1670412064.887844801,117.565665996160419,28.563259339110822,41.943546925900378,-0.875775615791554,-0.482071316701248,0.015273990016988,0.019774266808406
5607,1670412064.988230228,117.598556272947874,28.651345484679233,41.978459939421676,-0.879830943896004,-0.474690746434795,0.021793905152582,0.009551497811550
5608,1670412065.088066101,117.624841446407984,28.732481544474012,42.013881805485241,-0.882016727678490,-0.470729681814552,0.020587148487248,0.006018975931371
5609,1670412065.186379433,117.647286749464968,28.814076166444114,42.028386752409631,-0.883092329593618,-0.468942609672403,0.014920340877716,0.004260243496149
5610,1670412065.287179232,117.677959190728032,28.905518772598640,42.018470634983437,-0.885802753904242,-0.463949882468735,0.010197395916050,0.000029145124071
5611,1670412065.387036562,117.723438001373268,29.007874358051843,42.010642844701572,-0.885233424116812,-0.465135742128735,0.002928774308833,-0.001395887468163
5612,1670412065.486307859,117.779825905721182,29.122228470036244,42.027341834736617,-0.879606992983793,-0.475636615764195,-0.005384796625596,0.005687847017488
5613,1670412065.586392164,117.836281575989275,29.242002317819576,42.048551766953913,-0.872472070844726,-0.488628173792848,0.000071660553545,0.005915085506293
5614,1670412065.687084198,117.884035908244243,29.360187097756896,42.063684995470879,-0.866407557538970,-0.499291650154219,0.006485715260479,0.001930757155200
5615,1670412065.786913157,117.927510305958677,29.477001557047554,42.061454735416085,-0.868632750310144,-0.495358620418457,0.009817433810896,-0.000774763916798
5616,1670412065.887596607,117.966377048958790,29.594824513193114,42.051370755254304,-0.880019874575115,-0.474912388631402,-0.000238499689911,0.004815246111327
5617,1670412065.988213778,117.999555343600733,29.715553173969145,42.055891544799920,-0.886890206537469,-0.461469401137194,-0.017682014740413,0.012613473618523
5618,1670412066.089002848,118.038103693463782,29.846084454636433,42.080243493349307,-0.890656578407464,-0.454234556758070,-0.018373492060596,0.008015084267008
5619,1670412066.188281775,118.079397334259241,29.969059379378240,42.103966548083854,-0.894185383817194,-0.447221134096590,-0.018965411035889,0.008128331273846
5620,1670412066.288027048,118.120582064983765,30.088326401935994,42.097506674029617,-0.891551969425085,-0.452156786286493,-0.022912962591215,0.012818836710762
5621,1670412066.387851477,118.159090319295629,30.209084812450943,42.076325523377399,-0.884787253835457,-0.464390402278938,-0.032196420598134,0.021364929725708
5622,1670412066.487517595,118.197322166707849,30.338492960965240,42.083104887384884,-0.877362523864866,-0.476323960219929,-0.047611905444510,0.032917975299502
5623,1670412066.588102579,118.237035189038338,30.482138023963291,42.104419774998163,-0.866838401353303,-0.495378574893726,-0.048475645093129,0.029006297735403
5624,1670412066.687679052,118.269928886748616,30.624853761388465,42.119282055416896,-0.857391531646863,-0.512461908621458,-0.039492140368429,0.026512723764623
5625,1670412066.787929535,118.297336656025493,30.765724037708939,42.109782501664164,-0.848227047939646,-0.528090877756250,-0.035400497537469,0.019434627558193
5626,1670412066.888578653,118.317715161274521,30.901974795737008,42.095036155441875,-0.856540506326972,-0.514364760776952,-0.038326710075029,0.017271861128100
5627,1670412066.988861322,118.329113719512094,31.026684275438217,42.100304577405005,-0.864852539514299,-0.499022238995850,-0.048780873771982,0.025046281905260
5628,1670412067.088778019,118.344655238498461,31.146296411272136,42.118632216029972,-0.869646727077000,-0.490480889875786,-0.047828124003875,0.029249569316297
5629,1670412067.189243078,118.363255513534725,31.266933872505536,42.149557191871757,-0.874098764405667,-0.482206918257427,-0.048647079051991,0.032577595811721
5630,1670412067.288419485,118.383815150247301,31.394710050744656,42.152734368428014,-0.867937292873421,-0.493778459115113,-0.041561336132101,0.033768984177455
5631,1670412067.388083935,118.404897849567291,31.528256237281088,42.147087303497919,-0.857259314144700,-0.512523574843714,-0.039470232515835,0.029464458025308
5632,1670412067.488151789,118.430900012105894,31.658182207910549,42.161286599621583,-0.850286506051270,-0.522851335582482,-0.044418763812993,0.040820484172339
5633,1670412067.586426497,118.450411441064176,31.787705794500454,42.199759085471058,-0.829786425158793,-0.556011467470330,-0.034632335751954,0.033261659369986
5634,1670412067.687474966,118.461833237985019,31.900476427021378,42.237586406804041,-0.821066592246345,-0.569698841691502,-0.022927264366402,0.027698762084405
5635,1670412067.787920237,118.470792947631040,31.994845945038364,42.254528450071113,-0.819048976861905,-0.572962897668562,-0.020656704051191,0.021109049586697
5636,1670412067.887558937,118.482453790006772,32.084068191480526,42.253996561338688,-0.831808897047605,-0.554291193214875,-0.020764023350789,0.020593378818550
5637,1670412067.988423109,118.488111317272867,32.177400496464173,42.264152567821974,-0.841719973496861,-0.538732356823356,-0.026583394833597,0.023838142694390
5638,1670412068.088818312,118.486071562424328,32.274376665797710,42.295546385781030,-0.844263147047258,-0.534790895038330,-0.030863885069660,0.016305143984903
5639,1670412068.187069178,118.489976190970822,32.361641254245328,42.331707590668344,-0.848766432242192,-0.527674404016101,-0.031146746595781,0.013606874057336
5640,1670412068.286250830,118.492998771410313,32.450733633840855,42.365911245362163,-0.843085559722256,-0.536493657125783,-0.033658426329264,0.015760875250135
5641,1670412068.383071899,118.491393954642177,32.548301762096102,42.375790003127101,-0.829673586123525,-0.557087331408551,-0.032945860173715,0.014491927768307
5642,1670412068.483938694,118.488935142043530,32.659856747786186,42.362828369380942,-0.812012835746912,-0.582498322877907,-0.035758966858041,0.007221822202875
5643,1670412068.582046509,118.489769411627535,32.776275764659687,42.359239249446738,-0.793295533639358,-0.607252591823940,-0.042586426247859,0.010624609658182
5644,1670412068.682776690,118.483537209866668,32.907896866860753,42.384969678172148,-0.764497409880646,-0.643189217870251,-0.041092556327507,0.012757041808739
5645,1670412068.783870935,118.472324367029984,33.033556338497952,42.399377997343109,-0.739773138635778,-0.672003924910458,-0.031732444860300,0.011810173626916
5646,1670412068.883258581,118.446887155856956,33.149810059935270,42.400644140506344,-0.698402068006063,-0.715321292657346,-0.019516789171130,0.013003638580332
5647,1670412068.985582352,118.411140382228027,33.265537922235133,42.386958418046405,-0.683946812878447,-0.729230738912066,-0.015389855992141,0.014228102885432
5648,1670412069.086910009,118.367387365629753,33.375815322095903,42.370658635865752,-0.682447826290871,-0.730191265182317,-0.026053427362047,0.020171751659269
5649,1670412069.189146280,118.318717077798354,33.480150587741242,42.371181119039541,-0.690734630689111,-0.720922348873974,-0.042582447394964,0.036652039979579
5650,1670412069.284970522,118.271659967250329,33.584336556103267,42.383654667578028,-0.688464266999889,-0.722838024638347,-0.041410228969512,0.042512776172942
5651,1670412069.384866476,118.217917984753129,33.695197664827354,42.403294420953820,-0.674337287583243,-0.735918434967558,-0.039880636792083,0.045856454930938
5652,1670412069.483543396,118.158831967132585,33.810033543396493,42.394175872831703,-0.646479783673837,-0.760692226910658,-0.034621089772815,0.047038339274218
5653,1670412069.582433224,118.092243664444382,33.927039211838192,42.364873836436693,-0.623599179498211,-0.779532699621020,-0.037532991089568,0.045211814059965
5654,1670412069.683107615,118.020926933435149,34.048320539832304,42.357668635233331,-0.613163901294277,-0.786613155717909,-0.048168708628260,0.054309749678865
5655,1670412069.783514500,117.947806607686161,34.179666945448808,42.369498709323544,-0.588168197655284,-0.804833579237522,-0.050230612482786,0.061465165486296
5656,1670412069.884676933,117.867661805289984,34.316377045118557,42.384942776097247,-0.566899206093169,-0.820958893698243,-0.039660368669532,0.055487297156088
5657,1670412069.985430241,117.778987589771091,34.449427353762616,42.381126890371476,-0.551542522285762,-0.832308068778405,-0.037770804608844,0.040465924877886
5658,1670412070.086941242,117.689324374356360,34.579378729340633,42.355492348374241,-0.564292940430217,-0.824112277400897,-0.035325098869675,0.034125782153315
5659,1670412070.187807798,117.601758526542227,34.702036185078455,42.332585595373843,-0.577310402626448,-0.814527330224668,-0.040114250734445,0.040605100964979
5660,1670412070.285356522,117.515132844228589,34.820172680671376,42.340411846409644,-0.589999377407253,-0.805263692546958,-0.038385059278999,0.044471421709222
5661,1670412070.384847879,117.428055738393937,34.938679865052542,42.367419631430906,-0.595478274345505,-0.801485587014698,-0.036037684501858,0.041566379273998
5662,1670412070.483443499,117.345630345326413,35.053455688002735,42.372083398262156,-0.591802245985452,-0.804121744614471,-0.035228685271427,0.043786541525928
5663,1670412070.582494974,117.259863336268396,35.168798782101980,42.339995868612945,-0.570305760559923,-0.819497597481207,-0.030763324899223,0.047208527151798
5664,1670412070.682505846,117.169417743916370,35.284363979060089,42.317043321785569,-0.553889990141007,-0.829505173704577,-0.038738431197308,0.060219428487038
5665,1670412070.784572840,117.068897150874150,35.406158529285420,42.338747213606979,-0.544334416386477,-0.834335872529288,-0.049506478941055,0.071643586529744
5666,1670412070.886225462,116.964806890500384,35.527307499621955,42.373124788107624,-0.544522587229849,-0.834645881635296,-0.045980291517165,0.068900051217305
5667,1670412070.983713388,116.861035713040422,35.634647376782375,42.391286488600109,-0.524048144595503,-0.848248511252763,-0.042789295124099,0.063380450663153
5668,1670412071.084088802,116.754034445114442,35.736937650018127,42.371608276406668,-0.478292946485273,-0.874947524389010,-0.044513773810597,0.061001728246973
5669,1670412071.184766531,116.650648593862314,35.836956295288005,42.333537553971347,-0.447035771878287,-0.890926600612830,-0.046969684401957,0.064827923989837
5670,1670412071.286433458,116.546522967371189,35.945393409894081,42.331171892862223,-0.496856883744132,-0.863244982523267,-0.053331546017989,0.071393861247357
5671,1670412071.386740208,116.444364543066754,36.060969731189907,42.350307191988776,-0.534135819241328,-0.841470700372901,-0.050661894025087,0.063713103135277
5672,1670412071.485812664,116.354757934415900,36.176321866875853,42.353266607958425,-0.537792744604317,-0.839570081206723,-0.044801220695068,0.062401067440581
5673,1670412071.583367348,116.268803928408985,36.294251315221416,42.322139367196009,-0.510676898188006,-0.856671499698346,-0.032520330626807,0.065310606777058
5674,1670412071.682796001,116.181490764105277,36.416119499664326,42.293412596622865,-0.488044262705633,-0.869012797076927,-0.024804436260945,0.077551892939032
5675,1670412071.783411264,116.083216261677663,36.544924739437306,42.305885584786644,-0.467200603411204,-0.879554952582541,-0.025903446890873,0.086230464447910
5676,1670412071.883636951,115.974347348001430,36.677509355275021,42.332103149452280,-0.456796939835200,-0.886480213592921,-0.014815843223098,0.072593921612177
5677,1670412071.983814955,115.857877451215955,36.798348864122580,42.337833182086555,-0.458310283791228,-0.887116438332659,-0.012354146552949,0.053136462755163
5678,1670412072.085494757,115.744904095908311,36.916721948733567,42.308830538033490,-0.473814666206864,-0.879612433887934,-0.012512143850808,0.040312212706317
5679,1670412072.186353683,115.630564244420768,37.034248075768275,42.292216514143931,-0.507208497282192,-0.860888174458237,-0.013896800507581,0.037655946387746
5680,1670412072.285387993,115.509572040273142,37.154531904956315,42.312294237701160,-0.530584303901521,-0.847000116061400,-0.006546753390818,0.032066179462991
5681,1670412072.384188890,115.390707996272440,37.266195284087019,42.335821916421487,-0.513896116846077,-0.857683933925189,0.000869685703137,0.016979229190764
5682,1670412072.483988523,115.279499168863580,37.366669367311403,42.343305830850447,-0.507131970717171,-0.861772732349387,-0.000323894238625,0.012838113105625
5683,1670412072.582395315,115.179829844041976,37.463952624315183,42.318325227703113,-0.499465911412989,-0.866171156104112,-0.002401577495840,0.016600123348639
5684,1670412072.682628632,115.084465656525325,37.566595374807925,42.302655466141090,-0.490001955131510,-0.871002047406921,-0.007630078524625,0.034573100554575
5685,1670412072.782893419,114.983474308610155,37.677641292773949,42.325550447652667,-0.471023098907685,-0.880653489122022,-0.016166263906148,0.048221616562761
5686,1670412072.883973598,114.879820558240510,37.793890283631832,42.350357038614519,-0.462902213100736,-0.885243436268576,-0.014270018021063,0.043150506781771
5687,1670412072.983771801,114.776976513877429,37.900890903987275,42.356116728030791,-0.449556387475766,-0.892432460899371,-0.014664215226267,0.035331544045345
5688,1670412073.084218025,114.674980373543292,38.001626332597716,42.335545940734548,-0.458756926090836,-0.887774584879602,-0.018857474962862,0.032291869620123
5689,1670412073.185614586,114.570202059982520,38.098531408016711,42.319209258472327,-0.488989764761375,-0.870940604669182,-0.027207788303417,0.040139872355689
5690,1670412073.285764456,114.460563168017288,38.197178110561488,42.337827182360385,-0.499885625013426,-0.864148128501336,-0.030663534741906,0.049215054096349
5691,1670412073.383905649,114.355351505181858,38.302003355301835,42.360231950316681,-0.498284589700842,-0.865695997455216,-0.022742707372309,0.042019958568042
5692,1670412073.483100414,114.251237570403163,38.405854574108403,42.375133594120236,-0.499969892877571,-0.864919046952581,-0.018708205877881,0.039939347358961
5693,1670412073.582317352,114.145368950943023,38.507004448664198,42.354171149075640,-0.487036511144451,-0.872304568153554,-0.015432595915933,0.040521749394353
5694,1670412073.681261063,114.038135109731698,38.604269793244981,42.331536708871553,-0.474187261996089,-0.878921585537831,-0.018674075820277,0.047901627619276
5695,1670412073.781461954,113.924192660492267,38.705257088674479,42.348658041300261,-0.466793439632478,-0.881772189518395,-0.026476672827781,0.062295074476134
5696,1670412073.881577015,113.803712253050804,38.813306588563876,42.370996689147695,-0.446294708105958,-0.892899566471373,-0.022193351959040,0.055306896863533
5697,1670412073.985302210,113.677226300805955,38.920602833884487,42.378435496801231,-0.422390189365824,-0.905005483556248,-0.016076456541259,0.047886847940774
5698,1670412074.086290121,113.554015208076464,39.020990111142439,42.356805263260966,-0.425852512107626,-0.903702907153796,-0.015403624320207,0.041634383521370
5699,1670412074.187993050,113.429997089283077,39.119161745651837,42.333661431670599,-0.451494827214059,-0.890916801706561,-0.019708157029383,0.045069523875955
5700,1670412074.289395571,113.302659308316876,39.218168533018691,42.345829857909742,-0.470271646916137,-0.880931394314317,-0.020676381698294,0.048753911208068
5701,1670412074.387516260,113.182201420384771,39.318630793039958,42.368167146424788,-0.477049952940596,-0.877876207831445,-0.017247877902696,0.038199696735850
5702,1670412074.487260342,113.066504976429741,39.421232390590070,42.377172794121506,-0.485142905103197,-0.873690093570511,-0.015716719080750,0.032480251940494
5703,1670412074.586915970,112.956104953543274,39.526866845582411,42.350517354002889,-0.478442791597642,-0.877474863521486,-0.012082434458372,0.031374732409437
5704,1670412074.685596228,112.848238698597925,39.630359149039862,42.331045156262782,-0.464855986468479,-0.884318671872735,-0.011771530228430,0.041842914546450
5705,1670412074.785031080,112.728481719438406,39.736422847456083,42.352103817878039,-0.453131003352564,-0.889769422608305,-0.018369882232579,0.051431661637006
5706,1670412074.885786057,112.602408018278965,39.844829378262553,42.374376950535002,-0.443220991980674,-0.895235741501371,-0.015260844480363,0.043303880102179
5707,1670412074.987846136,112.474581729748280,39.946729398078034,42.375708206413371,-0.424701172859595,-0.904593610909621,-0.013863528606303,0.033869092809821
5708,1670412075.086816072,112.352901507618071,40.042336477799850,42.351102003460383,-0.434134078601786,-0.900259162179129,-0.017742984778712,0.027317196054012
5709,1670412075.187930584,112.229369447459121,40.136097782813607,42.331817245827317,-0.460347452519707,-0.886695901424973,-0.023106601926032,0.036286172327790
5710,1670412075.288243771,112.102974196537758,40.231547102793321,42.346734961873636,-0.473610289785978,-0.879563875536652,-0.021728154081023,0.039856863650049
5711,1670412075.386613131,111.982133567159650,40.326662119641867,42.371284590507926,-0.474162615937140,-0.879557573360862,-0.019447373732994,0.034206555601060
5712,1670412075.487151623,111.862806494037471,40.422302046545504,42.377764155862003,-0.473919004463285,-0.879708497576538,-0.019402592546666,0.033723521503937
5713,1670412075.587174177,111.745473587260975,40.520879687818820,42.350295297678947,-0.453843382447558,-0.890195245236377,-0.014679331659830,0.036920546977626
5714,1670412075.686470032,111.625129115985231,40.620663209565045,42.337056887249723,-0.436103819323933,-0.898529125559134,-0.017333366645675,0.046458838704207
5715,1670412075.787064075,111.487806031495936,40.725152906474221,42.361087947421431,-0.424636841689775,-0.903752748730166,-0.023859276808046,0.048427851001255
5716,1670412075.889212132,111.348307168180966,40.830358781985439,42.379742942589431,-0.417796362876166,-0.907529717005259,-0.023323355128902,0.035944860902963
5717,1670412075.988807201,111.217097478081882,40.927413227592560,42.374056916490048,-0.398366986621635,-0.916664606328908,-0.021162473177235,0.024122462620744
5718,1670412076.088424444,111.091732497361704,41.021699912991586,42.349066365703720,-0.412089432009135,-0.910662052222743,-0.020545113005451,0.021326626536903
5719,1670412076.189741611,110.967254640694932,41.115384472839025,42.336031320170825,-0.444377044165692,-0.894864205016833,-0.025877647306337,0.032824450765278
5720,1670412076.290306568,110.840117879406591,41.211753999970291,42.348669738612180,-0.464556575981201,-0.884514199369821,-0.024738426824938,0.034782597143042
5721,1670412076.389344931,110.717620066242276,41.306877541007530,42.378860529025999,-0.480359216629097,-0.876246774880083,-0.026559476842726,0.027225111598911
5722,1670412076.488759279,110.602212612283168,41.402109383007954,42.376646304196875,-0.488981773368160,-0.871545365172354,-0.023684531262663,0.027286347120609
5723,1670412076.589218378,110.488342575328360,41.496498186472692,42.341831864338978,-0.467297302089527,-0.883237976340483,-0.019262915992596,0.033953625392280
5724,1670412076.689269543,110.374136445771484,41.592030487292362,42.336062867344992,-0.448174168432274,-0.892132867925516,-0.018794017464865,0.053718205708718
5725,1670412076.787130117,110.248095385805371,41.694452626561777,42.359253104511055,-0.437012460965120,-0.897600411304887,-0.019223718930772,0.054443174200067
5726,1670412076.888298512,110.113579456537224,41.798388210137709,42.381482109186095,-0.430408911963715,-0.901576404155806,-0.015911301253466,0.040681524849973
5727,1670412076.988426208,109.981804657705382,41.897482809166043,42.372249199633416,-0.430738280282208,-0.901961396975902,-0.017586925288923,0.024917309720105
5728,1670412077.088874578,109.854641669405765,41.997034463148140,42.347290286740495,-0.458192148460451,-0.888462155911016,-0.018285402761902,0.018989382532896
5729,1670412077.189087629,109.728121262956435,42.095181803275381,42.354043030953115,-0.471350755608936,-0.881311309602834,-0.020199138949199,0.026661499183904
5730,1670412077.288999319,109.602122494693447,42.197451572914161,42.379284325480725,-0.472931104870991,-0.880707168669995,-0.013948768382904,0.022281942450873
5731,1670412077.388317585,109.486430097370857,42.299651962564575,42.405196261151481,-0.483967714995825,-0.874811640944386,-0.013481738631657,0.017265179795695
5732,1670412077.488628149,109.378609451007804,42.405167241278853,42.400818980990060,-0.489699747141214,-0.871616421388849,-0.009794135896548,0.019571574212828
5733,1670412077.588326216,109.273267122499263,42.512752878989936,42.383071581933677,-0.478645269331327,-0.877622125072532,-0.006595271789031,0.025191548581688
5734,1670412077.689266205,109.161673409484990,42.625156501811446,42.400888962457280,-0.469259613864683,-0.881889422495294,-0.011825211889293,0.043893344031400
5735,1670412077.787331343,109.047663741795006,42.740056036419880,42.427760723506381,-0.454317322431121,-0.889780000000906,-0.009513997856477,0.042388748297072
5736,1670412077.887709141,108.936849183073008,42.849151101419665,42.447945134369832,-0.448287795870244,-0.893165208706988,-0.006727277394373,0.035337031115543
5737,1670412077.988527298,108.827946979476835,42.952159524254192,42.440985547779484,-0.454667580011780,-0.890056169454105,-0.012441295611917,0.030374678046267
5738,1670412078.089346886,108.718748175905915,43.056393337318575,42.423709516865053,-0.486155210696527,-0.873093332851056,-0.020300957264312,0.030806076962246
5739,1670412078.189898968,108.607790280638298,43.163666828847674,42.434261339809204,-0.497687276348575,-0.866005825685945,-0.024715978826206,0.041598139734901
5740,1670412078.290860176,108.495641418581940,43.282416246625651,42.456502863467804,-0.504437018434243,-0.862472552529608,-0.020367463222512,0.035630843494256
5741,1670412078.389642954,108.388023254077112,43.398687890476204,42.481686432864699,-0.512435106163041,-0.858098530066555,-0.015626368916066,0.028861588033047
5742,1670412078.488698721,108.281273796989524,43.514413532238422,42.473122680370437,-0.510509293452120,-0.859466335230846,-0.010673385242281,0.024165238491397
5743,1670412078.588855982,108.173197071834139,43.629418240084462,42.450778079170043,-0.493303143148547,-0.869445941746377,-0.009988723548042,0.024819120500152
5744,1670412078.688833714,108.061470933191814,43.744656382602763,42.464705459490368,-0.481312254595625,-0.875522058329653,-0.015214695753204,0.039599898830953
5745,1670412078.787925959,107.945717507354914,43.859391240965465,42.486795683948941,-0.460085255567455,-0.887057727486725,-0.015334460144184,0.034856850798704
5746,1670412078.888704062,107.830392457423116,43.966166745265873,42.501308138455677,-0.443582209453017,-0.895668293778587,-0.012778086289987,0.029152212391187
5747,1670412078.989192247,107.717375291702169,44.066997886190727,42.489081540659619,-0.438499085050872,-0.898296177016600,-0.013325738123394,0.024595842542522
5748,1670412079.089705706,107.605594303768854,44.167598688771932,42.465381495132071,-0.454238732820058,-0.890259583510529,-0.019332805382372,0.027042378034023
5749,1670412079.189470530,107.491580827972555,44.271733633668021,42.477270386637805,-0.466813117243140,-0.883444601214750,-0.019446421401510,0.035113912469690
5750,1670412079.289967060,107.376439582722085,44.381800170490550,42.502850498355564,-0.474593995172187,-0.879691356364839,-0.012902222067985,0.027151242129980
5751,1670412079.391155958,107.266650466089615,44.487221832328188,42.526273594649524,-0.479394959829661,-0.877198911940812,-0.012056495899423,0.023604708987817
5752,1670412079.488815308,107.164825162957229,44.588600236002009,42.516308573386304,-0.477608162639354,-0.878225897941227,-0.008543643415289,0.023167246767323
5753,1670412079.588626385,107.061957169470332,44.690947255650968,42.498410368709621,-0.459291310350068,-0.887667025062860,-0.012583589373556,0.030665911554143
5754,1670412079.689274311,106.952185289233171,44.794707178162746,42.518703948615212,-0.444335394396408,-0.894448364957176,-0.016532583357870,0.047485296666843
5755,1670412079.787368774,106.836278477057391,44.899275910997765,42.546381151744264,-0.424393220317781,-0.904325138678357,-0.020061294106010,0.041036356824974
5756,1670412079.888490438,106.718506978324541,45.000692300250051,42.561234952638692,-0.413939595158174,-0.909571312076947,-0.015359438908012,0.033138006025401
5757,1670412079.989542961,106.602347764818347,45.095635968028120,42.552291092637333,-0.408172532014506,-0.912466482772434,-0.015290788864640,0.023796926307136
5758,1670412080.091501713,106.487585873663463,45.187401118304187,42.534378222876732,-0.430075947480154,-0.902189383674429,-0.019946075190841,0.026289721730817
5759,1670412080.190392733,106.376046770442812,45.270737934718056,42.544091471462743,-0.441051870351575,-0.896314303323593,-0.022540617462598,0.039822580043539
5760,1670412080.291657686,106.260919839818499,45.358060855595340,42.566784652855482,-0.439281057620789,-0.897076213255575,-0.016949015023351,0.044711865498284
5761,1670412080.392066479,106.148479761413100,45.441267835718733,42.589896021593326,-0.433318327837572,-0.900117920559599,-0.015199945049641,0.042331046738786
5762,1670412080.488948107,106.037006672225729,45.518733299547378,42.585044961067261,-0.424101466626028,-0.904588982249618,-0.013265078036726,0.040997035294432
5763,1670412080.589051008,105.915375923690434,45.593465141712336,42.558390228053582,-0.400153962032811,-0.915155322177999,-0.021665261541022,0.043567871202140
5764,1670412080.688961267,105.788456465379824,45.669251300854164,42.553433702161016,-0.381121653568883,-0.922665064588861,-0.028849293541841,0.051021387969059
5765,1670412080.787703514,105.648992487861534,45.747330696908890,42.571413171454402,-0.362099824127582,-0.930512356202451,-0.038367181688270,0.039476976716021
5766,1670412080.888279438,105.506594217623800,45.824662703676623,42.583944075523092,-0.353982492668780,-0.934120412809405,-0.040536556486845,0.021731011135542
5767,1670412080.989532709,105.368586631959104,45.894825032132616,42.576510660188369,-0.341693886262421,-0.938802804086783,-0.042786000904140,0.007996327676428
5768,1670412081.090252161,105.240686096660369,45.962029241408523,42.553657517869773,-0.353107653814876,-0.934640782754083,-0.041063651681985,0.008681505671747
5769,1670412081.190526247,105.119698815859152,46.019717938639353,42.545208789148880,-0.367195885956555,-0.928854153259577,-0.041371033963088,0.026183599023820
5770,1670412081.290276766,104.996793255986034,46.077211564711931,42.554830405010776,-0.369226071422594,-0.928018510736473,-0.036406601422879,0.033590345117777
5771,1670412081.390991688,104.868577772128006,46.141434857053525,42.572078792513487,-0.367941523826359,-0.928680100725677,-0.034312563450517,0.031542884299611
5772,1670412081.490137339,104.740858159654294,46.208669228213758,42.567812695528005,-0.360438212468798,-0.931882563555887,-0.029274798178356,0.028673488180245
5773,1670412081.590225697,104.610845945047785,46.278160445897058,42.538619846751843,-0.344036032377032,-0.938165922006618,-0.024018212534296,0.030117049629719
5774,1670412081.690279722,104.477740967403406,46.349145173060478,42.522647126611844,-0.333029371803325,-0.941761015023841,-0.025193860321435,0.039279733955955
5775,1670412081.789527655,104.336202358172187,46.416954785960186,42.536516305399353,-0.325938597529626,-0.944234693969679,-0.028785439853855,0.036827595588472
5776,1670412081.890658379,104.195344117517749,46.479307760803380,42.551197599696529,-0.320146681248800,-0.946400761611854,-0.031555151416689,0.028913203298013
5777,1670412081.989900589,104.062207265466668,46.534048898751038,42.546564191597845,-0.312507461484687,-0.949108954966073,-0.032200861581966,0.022234716840665
5778,1670412082.091113567,103.930347726062806,46.590069414798393,42.518228718194685,-0.337452092458238,-0.940192449277012,-0.038026741920738,0.026799449937340
5779,1670412082.190219641,103.802988506000645,46.650073321118050,42.501720624966012,-0.360060550932422,-0.931307994777785,-0.036841119255977,0.040798902646863
5780,1670412082.290534258,103.671017171661546,46.717794773263414,42.513745413563910,-0.369600810342947,-0.927808029353679,-0.028129072993856,0.042145663041236
5781,1670412082.391560555,103.542869759467521,46.786527174205638,42.534324426182678,-0.388240245589785,-0.920441159659762,-0.025852942057748,0.037272090034426
5782,1670412082.489542723,103.421889119171396,46.851625634632107,42.527079292510273,-0.392784100344299,-0.918582381610011,-0.022913403690135,0.037443753066877
5783,1670412082.589598179,103.297425042097203,46.917403547630911,42.491681879084389,-0.372538649893041,-0.926724930822399,-0.019410285935559,0.044934371342995
5784,1670412082.689726830,103.166615402655879,46.982727739831567,42.479971208500693,-0.349184859064675,-0.934800591155677,-0.024190005731762,0.060271324837573
5785,1670412082.791702986,103.021150726452376,47.051882974469905,42.495596287438140,-0.338086409943271,-0.938788752008278,-0.027906603920570,0.059953982119878
5786,1670412082.888872862,102.883417307003199,47.116792413679057,42.511180085600444,-0.328980570164047,-0.942734159700734,-0.027613060164161,0.047556361259666
5787,1670412082.989901543,102.744859007889119,47.186105813893910,42.496581398830998,-0.323829458606547,-0.944923086178487,-0.029375078479935,0.037308815443691
5788,1670412083.090318203,102.613386916179124,47.260978883958195,42.460550814342170,-0.353807131065520,-0.934116597891000,-0.030286271164601,0.036461449925559
5789,1670412083.190181732,102.481711756224328,47.335449535046571,42.446386463567372,-0.373644283306521,-0.925967707038764,-0.025379767694069,0.048266162738771
5790,1670412083.290333748,102.348266207077330,47.414459866789620,42.458413275047462,-0.391199581243735,-0.918937567980925,-0.019303474825730,0.046303451790146
5791,1670412083.390878201,102.219838106405334,47.490930067546159,42.482579436189972,-0.401497569580785,-0.914663724449538,-0.013892029271666,0.044687630498132
5792,1670412083.488176584,102.099065104407117,47.565116832287977,42.471712229180753,-0.400667211451779,-0.915043197111156,-0.010446074389435,0.045305768042271
5793,1670412083.587613583,101.974106713421492,47.638507042782571,42.437818910350096,-0.375138687688638,-0.925426098871981,-0.009348404043950,0.052631814215972
5794,1670412083.688700914,101.844644038963878,47.713016543065017,42.432881817483242,-0.354050524374339,-0.932226277061065,-0.014157612714955,0.073498003709860
5795,1670412083.789824963,101.703814418226528,47.795626442709768,42.451625175950568,-0.343595519401563,-0.936148987959678,-0.016823076956051,0.072692334334320
5796,1670412083.888962269,101.560089493709185,47.878196786917343,42.471129913835355,-0.334317442598678,-0.940778392709357,-0.014599840810424,0.054357226141413
5797,1670412083.989995480,101.412124298069614,47.961441385386600,42.461087805561760,-0.340132611139612,-0.939569173335645,-0.017730444556965,0.034716086941569
5798,1670412084.091249943,101.270597873163112,48.048129135694644,42.432576798294974,-0.386972276094383,-0.921490077749728,-0.022345334237313,0.024681575738933
5799,1670412084.190252781,101.134927692668825,48.127541077879584,42.436014845057883,-0.395127145665823,-0.917847889146796,-0.017725197478776,0.033400726355697
5800,1670412084.290327787,101.000853111806009,48.206085246576727,42.456411350525045,-0.398994981737952,-0.916235560079348,-0.008704654057563,0.035208407969586
5801,1670412084.389903545,100.874592859712621,48.277492752235922,42.481573836406319,-0.400109119012319,-0.915745876785514,-0.007023014864051,0.035677153694409
5802,1670412084.492176056,100.746722673736144,48.348537773881112,42.476383728967114,-0.396904936517492,-0.916840803961611,-0.002751437326362,0.043149057367586
5803,1670412084.579235077,100.635555550414210,48.407901722386114,42.453199771139907,-0.379542811767942,-0.924003607984933,-0.010572262451088,0.045307987516294
5804,1670412084.680315018,100.503544848160843,48.481411237659685,42.451651962409215,-0.361553183438697,-0.930210645310054,-0.017235781228757,0.060748487574849
5805,1670412084.781115770,100.360799241709799,48.562684869234126,42.474159682558614,-0.345278888800054,-0.936525573764423,-0.017541550813295,0.058263475945757
5806,1670412084.881458044,100.218840343254527,48.639962467466006,42.496983264901942,-0.337341652098570,-0.940174068346198,-0.015885028378224,0.044955498464471
5807,1670412084.982831240,100.079854474144796,48.711092821143396,42.494401133659601,-0.343745173660116,-0.938144716624996,-0.024957838879686,0.033179097824355
5808,1670412085.083459377,99.947195029721627,48.786136075533136,42.470338005136213,-0.370805306059656,-0.927883107278928,-0.025846430953192,0.029467375712615
5809,1670412085.182539701,99.815164797399490,48.859446440589259,42.465030203907695,-0.371248816112740,-0.927437058559887,-0.023119751805853,0.038733654889635
5810,1670412085.282832861,99.676864817365839,48.931727746623039,42.486506741672734,-0.385303316348487,-0.921701860904235,-0.022299247239688,0.038855856560764
5811,1670412085.382755280,99.544800557024189,49.001110974887951,42.510901479060408,-0.391002438371367,-0.919462182496296,-0.019949413182950,0.036171937471594
5812,1670412085.480727673,99.421119001898774,49.069383767522169,42.514374779977047,-0.388219002663821,-0.920632881558288,-0.019505341906313,0.036614819424789
5813,1670412085.579683542,99.292525526511753,49.135754647115675,42.490840786063956,-0.370046364946054,-0.927832410874867,-0.019118372242321,0.042745677713048
5814,1670412085.679641485,99.158712464726221,49.203198270266185,42.480776363654265,-0.361864080227346,-0.930358187093449,-0.025181919595516,0.053421925039184
5815,1670412085.779067516,99.013705897621364,49.275646545304042,42.505473839198196,-0.352734690353575,-0.933769825933440,-0.031077081182736,0.051830159391635
5816,1670412085.880414009,98.867408987084119,49.347698184050735,42.525423114143372,-0.345434423294848,-0.937114493725235,-0.031205872497810,0.038957391785173
5817,1670412085.980976343,98.728655342450466,49.412733107348629,42.523301686397915,-0.338420163357162,-0.940030890108335,-0.029737948186085,0.030485621416080
5818,1670412086.082077742,98.591807199612504,49.473527120997375,42.498755613198341,-0.353822964254597,-0.934199088304209,-0.034377209664883,0.029993013075241
5819,1670412086.183245182,98.451019023592352,49.529401632894697,42.483790224635960,-0.368452160302294,-0.927986602711052,-0.040088978254432,0.038428434523013
5820,1670412086.283444405,98.311066975829235,49.587405864730734,42.503546073074233,-0.385166655098806,-0.921047907071809,-0.036366863151503,0.044663765438638
5821,1670412086.382888317,98.177080787329672,49.645222755691840,42.534632249650386,-0.373787065175755,-0.926165767134219,-0.032094574433963,0.038342404565727
5822,1670412086.482610226,98.050917473614376,49.704662293755362,42.551273028431474,-0.371545878718888,-0.927126975387391,-0.027053363934209,0.040710527089194
5823,1670412086.581099033,97.926379880362461,49.763441621031077,42.531122110940537,-0.358945657547916,-0.932064629541381,-0.021169640335003,0.044332692377863
5824,1670412086.681319237,97.799506763028916,49.823518159549216,42.508342157903684,-0.341750022335083,-0.937972369452538,-0.019129785741867,0.055216009227684
5825,1670412086.781807661,97.667002599923521,49.885709860481668,42.524273575810042,-0.326805095438248,-0.942166175831744,-0.023298366073629,0.070558577455077
5826,1670412086.881507874,97.529962199506159,49.950741357018472,42.547605519558857,-0.315104928445519,-0.946670378960087,-0.025854250441467,0.062093762996126
5827,1670412086.982230425,97.394151441182785,50.011260024288980,42.559269430123209,-0.304229637797181,-0.950974840015832,-0.023747998282867,0.050271400619199
5828,1670412087.084012747,97.262988530993596,50.069009318366916,42.545988383709918,-0.315382199560297,-0.947698931061079,-0.023271540749542,0.043118901393008
5829,1670412087.183489323,97.142705753572301,50.121808043552647,42.527779241633304,-0.336499712121385,-0.940081470599371,-0.025147116091932,0.048809783140361
5830,1670412087.283624411,97.024197004096010,50.172210315942237,42.530171336593710,-0.349472677837792,-0.934563608219021,-0.022194221531267,0.062985126562936
5831,1670412087.383417845,96.902151409562890,50.224187590055429,42.549606927290640,-0.356788813456726,-0.932188058040522,-0.013792327314003,0.059472167827015
5832,1670412087.483211994,96.787544832395156,50.274091982055467,42.574161155721846,-0.369663977150401,-0.927547757230538,-0.012981195431111,0.053246508046322
5833,1670412087.582154512,96.684011452402189,50.321406139681422,42.576532007452343,-0.378896300195446,-0.923817248165948,-0.009356096825594,0.053960625844100
5834,1670412087.681510210,96.588725059350111,50.362454377194233,42.556896591664263,-0.362556764972980,-0.929908623584485,-0.013150114183051,0.060412072075943
5835,1670412087.780509233,96.499716872773959,50.400039040140165,42.542276131954345,-0.350933626242724,-0.932832072147491,-0.019182179502316,0.079384879761149
5836,1670412087.880186796,96.406682009998903,50.445545473722916,42.547639085516145,-0.335433111970972,-0.937738473302068,-0.021687233686255,0.087526264501651
5837,1670412087.980890274,96.308978354110721,50.490828005713432,42.559132891265065,-0.310023193106309,-0.947528480647457,-0.018099745984941,0.075814228831863
5838,1670412088.082177162,96.218993941141207,50.526624850778198,42.561406601441824,-0.301991720200948,-0.950892228228283,-0.023047117542105,0.063826339375878
5839,1670412088.183516979,96.140310829631730,50.560469460605262,42.546703909117809,-0.316331328263678,-0.946429762086102,-0.027878211316066,0.058549137742570
5840,1670412088.284720898,96.072459143564814,50.594227694994245,42.514150261468508,-0.329693243195223,-0.941715225682884,-0.028225915873475,0.060647314710174
5841,1670412088.385373116,96.009922601989103,50.625038252004842,42.476353000816509,-0.339009187408405,-0.937701175635710,-0.026409060362947,0.071357113134195
5842,1670412088.486031771,95.944905768046070,50.655190625833335,42.440863748088638,-0.351216444007424,-0.932489296800827,-0.016391262416692,0.082716668979513
5843,1670412088.585119247,95.867997621939509,50.687377463198644,42.416733156560987,-0.354945411134156,-0.931754551012078,-0.013949050931171,0.075184012670288
5844,1670412088.685304165,95.779708104022703,50.724997034356001,42.408490032373621,-0.375480821866590,-0.924847117666687,-0.019208987216980,0.057471524811071
5845,1670412088.784974813,95.694024712951432,50.773264626452054,42.385087568839026,-0.388093727010740,-0.920723834130033,-0.022714939914994,0.033688452390449
5846,1670412088.884556532,95.623001255473952,50.826143523581727,42.346793725630697,-0.397404767884965,-0.916940603388701,-0.023943657369453,0.026759700880916
5847,1670412088.984337807,95.564660977708243,50.876172692744959,42.304917158590868,-0.400316902893429,-0.915348111859330,-0.026910775045052,0.034059089239848
5848,1670412089.084936380,95.503523974249916,50.923813146680068,42.261743022162527,-0.390007923076948,-0.919836431180937,-0.022256813747223,0.036047108779261
5849,1670412089.184122086,95.434049661473964,50.963618035772271,42.246594637795020,-0.372324675033730,-0.927438288862374,-0.022602937972341,0.026863802934023
5850,1670412089.284919500,95.365932594127443,50.998325354790403,42.227114079014797,-0.384870681643059,-0.922413912295050,-0.021749235301300,0.023539404834374
5851,1670412089.385339975,95.307633787766719,51.024913322118095,42.191354543807940,-0.383986255755027,-0.922564948548994,-0.018296722042379,0.033071151515047
5852,1670412089.485431194,95.256502388757738,51.045895264049854,42.147823254382793,-0.386836553275610,-0.920454304071826,-0.016177102646205,0.053475756333781
5853,1670412089.584709167,95.196123099790043,51.066782328633998,42.116427369969678,-0.374276799887732,-0.925322643019700,-0.014151580756621,0.059115278422123
5854,1670412089.685251713,95.122672470592789,51.095194121994346,42.112384066277336,-0.388185977748326,-0.919764808730716,-0.020479655362447,0.054082594393774
5855,1670412089.786184549,95.050549374543650,51.135507165443286,42.088540313714617,-0.391181730266686,-0.918766351345434,-0.023533414308699,0.047868820247998
5856,1670412089.884996176,94.986031096422892,51.176681017040238,42.045424506170065,-0.374918959301851,-0.925412059975788,-0.020051021257490,0.051441712198541
5857,1670412089.985117197,94.920964027962526,51.217529416282417,41.995591234845968,-0.365843121943917,-0.928626667283621,-0.022753318753541,0.057389976666160
5858,1670412090.085504293,94.847138836812064,51.256777629152452,41.966922729372214,-0.353630215421239,-0.933712388762271,-0.020085346010328,0.052186441616831
5859,1670412090.186738968,94.770900779917341,51.289059481623482,41.956576506726016,-0.342942230448917,-0.938108064949272,-0.019101199344235,0.044486281429979
5860,1670412090.287164927,94.703174058492877,51.315079108510432,41.928684098455982,-0.348683879796906,-0.936164066213558,-0.018340514126460,0.040988030470508
5861,1670412090.388421297,94.642174050537079,51.335160171847363,41.882307169567014,-0.357756832041903,-0.932307897605355,-0.016228958535627,0.050484196486363
5862,1670412090.490153074,94.579120430854545,51.349951463139853,41.838170909996968,-0.362676945252021,-0.929713561060361,-0.012580165500186,0.062768361449960
5863,1670412090.588909864,94.507909531875825,51.362767408338108,41.823301972359715,-0.362566227235550,-0.929783178823848,-0.018370141471924,0.060922156451507
5864,1670412090.687887669,94.432494303075799,51.384525762416985,41.811494846881899,-0.364573866600371,-0.929259571815790,-0.025699791042661,0.053870815114984
5865,1670412090.787183523,94.361564017137923,51.416032308899879,41.771297907656198,-0.351318983538441,-0.934544695503544,-0.024348595257185,0.051071810431070
5866,1670412090.886294603,94.293981549685228,51.449339343933595,41.717462335431037,-0.338252437488088,-0.939235303875217,-0.025010926220744,0.052884648598402
5867,1670412090.986684322,94.220023713151690,51.485164608176710,41.677596154223046,-0.342000778783723,-0.937862023747646,-0.028123072313649,0.051569220732310
5868,1670412091.086515903,94.138714166889784,51.521910735938299,41.659181547055034,-0.326031243884071,-0.944162768069377,-0.025480738644162,0.040137605323742
5869,1670412091.186854124,94.055920299630500,51.554111007099742,41.634330736422996,-0.318077015965426,-0.947476508537653,-0.021846281984369,0.025259011209652
5870,1670412091.286801577,93.978593519556298,51.580684314760532,41.594788152156603,-0.330700142447616,-0.943284536436319,-0.020034678024399,0.021220527366303
5871,1670412091.387258768,93.907311578267866,51.600520116893328,41.551944231057021,-0.340535511299464,-0.939617480346803,-0.018749702711829,0.028337339659128
5872,1670412091.487054825,93.835408054311813,51.616142800147948,41.520578066806380,-0.340713331509339,-0.939440961150730,-0.008080670698909,0.036052864034030
5873,1670412091.585817099,93.756396362243166,51.631907144401588,41.512208091661996,-0.329969774510218,-0.943166694719831,-0.008901789233486,0.038435556837215
5874,1670412091.685916901,93.670164441409270,51.653579993404186,41.488517301159540,-0.319484142649761,-0.946818275458172,-0.013833781337041,0.035688406348279
5875,1670412091.786353350,93.580409566854968,51.682032060076054,41.440169487147301,-0.307761940366725,-0.950620333629945,-0.015668219835717,0.036852085940688
5876,1670412091.885587454,93.489323127318045,51.718419498595587,41.390766994726349,-0.310846136618321,-0.949071694923680,-0.024435161215312,0.045172116848108
5877,1670412091.985869169,93.390386329715383,51.764332113575499,41.361704414178391,-0.309816734645879,-0.948845618458239,-0.031258093637144,0.052235187834824
5878,1670412092.086563110,93.278437849103355,51.813146381798276,41.356038683664906,-0.302379594130040,-0.952041699902137,-0.027321856285515,0.037903810762449
5879,1670412092.187758207,93.164543450971706,51.855366308231204,41.354939918537561,-0.300034947087554,-0.953226750976450,-0.027711347652960,0.023872012070741
5880,1670412092.286919594,93.060213635839304,51.897342716678736,41.328644486389017,-0.315096677477720,-0.948522969763794,-0.026784722351643,0.017344691450713
5881,1670412092.387380600,92.950689146342867,51.938884907624683,41.298692214637164,-0.321620219753438,-0.946332621162083,-0.022305218757573,0.022748221610238
5882,1670412092.488327026,92.832639330378683,51.975677855493679,41.298869647949225,-0.346148370615816,-0.937344639200012,-0.021854759196914,0.032995490350346
5883,1670412092.588184118,92.714134463703985,52.015638147253604,41.320083480262468,-0.356237138572219,-0.933688949566644,-0.023246358932845,0.027922273463660
5884,1670412092.687705040,92.603211002837256,52.059414618851747,41.339638016641580,-0.348836563441134,-0.936726904372254,-0.016423576362775,0.024207948513037
5885,1670412092.786961555,92.495721161863315,52.104162807314019,41.332494113999658,-0.335166821887566,-0.941830683386125,-0.008561992664125,0.023342185412508
5886,1670412092.886650324,92.390336743997850,52.143706522031984,41.310503641246171,-0.320054778147720,-0.946904666856668,-0.008479114630402,0.029404004573554
5887,1670412092.986366987,92.289266148216598,52.185348084845138,41.291588167461796,-0.302590064585271,-0.951767621663966,-0.005902820942229,0.050426222060785
5888,1670412093.087772369,92.180056049378962,52.229444962723939,41.295085956760822,-0.270498483071146,-0.960061933143280,-0.007477539178962,0.071103738250704
5889,1670412093.187728643,92.061723772948497,52.271612463666131,41.312476261943843,-0.253651004578091,-0.965424420757330,-0.008085823172913,0.059594254299516
5890,1670412093.287229061,91.953470052831264,52.304515539052296,41.323720563204439,-0.244917946029053,-0.968693128922949,-0.011504381205380,0.038941891369812
5891,1670412093.388039351,91.863356498515330,52.335601133706980,41.314077627142943,-0.260238729155416,-0.964994417006184,-0.016294170614630,0.028214871937513
5892,1670412093.488177299,91.791725030790957,52.363981126761985,41.288569174180871,-0.270543663232735,-0.962102175094914,-0.013623971902072,0.031303647580734
5893,1670412093.587205172,91.730201143250412,52.384434171190804,41.251703826172054,-0.286500709541087,-0.957021884197803,-0.015858588636886,0.042130295102071
5894,1670412093.687254190,91.667479244093784,52.400041898576291,41.212301952230710,-0.301561151564248,-0.951460422591090,-0.015006604244602,0.059655158528622
5895,1670412093.786374807,91.594882695121726,52.418916190200918,41.183848428816056,-0.304412500954791,-0.950252704853651,-0.010567575271037,0.065124131730566
5896,1670412093.885767460,91.512610363426916,52.442275633823193,41.180145157576717,-0.314141803892270,-0.947721610497759,-0.014787056799651,0.054037200094460
5897,1670412093.985801935,91.428553891093642,52.473800094851455,41.165418162725125,-0.324226427091647,-0.945025156842698,-0.016585513128078,0.039110071133885
5898,1670412094.085995436,91.351664252289623,52.511334513353390,41.124767302328237,-0.324559606488404,-0.945187380784736,-0.015967198334351,0.032045680188361
5899,1670412094.186836958,91.280764279944520,52.550878955771353,41.072743624276242,-0.319597360810422,-0.946609999794915,-0.018013031662777,0.038243508489691
5900,1670412094.285864830,91.207328369702893,52.586898514825123,41.033947821370781,-0.304440902466281,-0.951373546509596,-0.023514916584692,0.040634475575377
5901,1670412094.387350798,91.128911898303571,52.621306803172381,41.020308087472969,-0.297440999282662,-0.953804070493297,-0.022578812073172,0.035732958197061
5902,1670412094.488213539,91.053456751097258,52.653601434708662,41.007432965821017,-0.290083057328162,-0.956277274612355,-0.021839263294912,0.030143664174230
5903,1670412094.587558985,90.986789688070502,52.686617520497052,40.970131851650393,-0.302362584363508,-0.952456777855369,-0.020894800879791,0.031086350551055
5904,1670412094.687714338,90.926502845944498,52.716639058382839,40.916884816038127,-0.312140670266079,-0.948961023556048,-0.015145052820023,0.042565304091243
5905,1670412094.787882805,90.862667852848531,52.741916809820914,40.879573859001518,-0.313365394543347,-0.948342768723262,-0.008840517130358,0.048682314754523
5906,1670412094.886797905,90.793175039914587,52.762829291216406,40.883191339219664,-0.330933208430940,-0.942417532480242,-0.014562102024389,0.046047271537927
5907,1670412094.986377239,90.720964332252066,52.792735215112558,40.871352785920521,-0.334671491503598,-0.941132142047886,-0.021009728722971,0.042706852823673
5908,1670412095.086030245,90.650171547563431,52.832334775484689,40.823334008799925,-0.324296443162054,-0.944895145152888,-0.020072633325015,0.040025879257594
5909,1670412095.186339140,90.579412839208871,52.873983572288111,40.766614016616899,-0.314243841764557,-0.948096304305596,-0.023948593931004,0.042316315102466
5910,1670412095.284976244,90.505232922554214,52.912404507472104,40.729148980081703,-0.309391952346918,-0.949994071666519,-0.018127102658636,0.038200677620097
5911,1670412095.385805845,90.428989174726212,52.943247883447015,40.712891749161201,-0.297965843029194,-0.953851862896003,-0.023876272510093,0.028511465215787
5912,1670412095.487260103,90.355366518365017,52.969983132391739,40.686508905215895,-0.303731369583267,-0.952191303117899,-0.022151723048641,0.024254454512240
5913,1670412095.586592674,90.287061870246092,52.992650079940823,40.640077204882971,-0.304922204497974,-0.951769543255928,-0.018120343846954,0.028789561882167
5914,1670412095.687373161,90.218231882188178,53.012260333495711,40.586232698617131,-0.310939191175694,-0.949667167540665,-0.015038788507558,0.034970346388335
5915,1670412095.787263155,90.142960676608297,53.033463528891737,40.565766030261877,-0.311988085624510,-0.949387951046603,-0.018945666822302,0.031096857470581
5916,1670412095.885950327,90.063612375113706,53.061208931233715,40.563161670710272,-0.317333742402020,-0.947788751498898,-0.020159115144999,0.024277325673541
5917,1670412095.986016273,89.989163974385050,53.097427969006596,40.530894518655685,-0.312610481298781,-0.949366452795744,-0.023806826269178,0.020279554017766
5918,1670412096.085274458,89.919928846389936,53.131273510963538,40.473869536574739,-0.303028922507118,-0.952348781350505,-0.024750974020724,0.024344610685076
5919,1670412096.186577082,89.847685423978646,53.165213651820729,40.428106752593628,-0.304599550700968,-0.951789051570187,-0.024609179149441,0.026666520685745
5920,1670412096.284917355,89.773055155103989,53.191534481299293,40.417455721258563,-0.288066175040138,-0.957060250449195,-0.024823051175902,0.020913439176439
5921,1670412096.385465860,89.698148459358478,53.214714265993209,40.400065139176675,-0.285994181895278,-0.957747786679834,-0.024408597710652,0.018185856859923
5922,1670412096.485501528,89.628380198988012,53.234415120959930,40.359250648448203,-0.294739164445907,-0.955010695678665,-0.020182240818213,0.026001408358726
5923,1670412096.585814238,89.558179341069220,53.249958087058317,40.310987271511628,-0.304072297842187,-0.951907208632093,-0.014758544229517,0.034567169560943
5924,1670412096.686085224,89.475955303284451,53.263260349745607,40.294513212944011,-0.297819149491428,-0.953874717629741,-0.018267903646168,0.033061472431805
5925,1670412096.786717892,89.387926814332019,53.283867003436086,40.291750887918312,-0.303495906378712,-0.952190432190857,-0.021432606695755,0.027645235136974
5926,1670412096.886879206,89.304922056454686,53.313383507698170,40.261082585417412,-0.300985052869449,-0.952989486460497,-0.020792886438287,0.028048039476890
5927,1670412096.987319231,89.220416107455506,53.349204739475624,40.209696380531625,-0.289838001093162,-0.956247430007095,-0.023185528895492,0.032360732021725
5928,1670412097.088329077,89.130708464335896,53.390184044711773,40.171819168895276,-0.289832831570555,-0.955220804077793,-0.027302845463815,0.052959416824093
5929,1670412097.188939333,89.025363366434348,53.443494962860584,40.160039405296232,-0.292390172811943,-0.954432357698327,-0.024750047464784,0.054353441214938
5930,1670412097.288681507,88.911777240531848,53.490114457653590,40.171579153212051,-0.277075751791372,-0.959830292752619,-0.021856686276375,0.038433346831678
5931,1670412097.389091015,88.802762941910899,53.529933180288509,40.160241366004307,-0.285622725424858,-0.957695118995115,-0.019923287020264,0.029030680462529
5932,1670412097.489769459,88.694327156729699,53.567363538151668,40.123982468289888,-0.308441011163492,-0.950585415339722,-0.023910992463828,0.026072499213653
5933,1670412097.588105917,88.583137235784577,53.603908473711172,40.112375052594935,-0.323146956832783,-0.945642493614399,-0.020085799991710,0.030543071213381
5934,1670412097.687793970,88.466330610778641,53.643739279533420,40.124784645075721,-0.341254442690562,-0.939218723273112,-0.015014725497065,0.034469598422767
5935,1670412097.787467480,88.356226619214127,53.686322898546834,40.141743209962520,-0.344095186745084,-0.938370383827848,-0.011351948614883,0.030506695597661
5936,1670412097.887063026,88.251817752295253,53.730528782832849,40.143490093009582,-0.336906967765904,-0.941066873733098,-0.004944648194412,0.029366387030596
5937,1670412097.987226725,88.146021844447787,53.771311350603753,40.123551266930761,-0.322309064466612,-0.946159924148598,-0.001743398071701,0.029920318530055
5938,1670412098.087744474,88.041938258043402,53.811178698119321,40.099097269801007,-0.310449305925513,-0.949658905702765,-0.001481777367927,0.042035646844393
5939,1670412098.189623117,87.934849427796649,53.852381258050691,40.094313893559651,-0.285717326654423,-0.956400534459170,-0.007195906580190,0.060098634461631
5940,1670412098.287179470,87.823424520572814,53.893140641409545,40.110258608907486,-0.262890223618067,-0.962743861965208,-0.018500032713724,0.060586593929274
5941,1670412098.388869762,87.710788610522584,53.931659084156308,40.126979698916699,-0.246891704261525,-0.967844766736147,-0.018903346827462,0.044313173515492
5942,1670412098.488821268,87.614326313787487,53.967057933196912,40.126570549426837,-0.242125404824017,-0.969521725530645,-0.020420486750354,0.031399295911949
5943,1670412098.588836432,87.532739602442845,54.003787581430693,40.112017069003556,-0.259788824272960,-0.964926067519225,-0.025930906895577,0.027477974312702
5944,1670412098.688897848,87.465782713333908,54.041278549169078,40.080993654806491,-0.274403471057185,-0.960697622735440,-0.024839436788205,0.033849891023272
5945,1670412098.788379431,87.406767099742609,54.071336673738053,40.043060197736800,-0.290319180148078,-0.955369459842464,-0.020261791541134,0.050728972412324
5946,1670412098.888020515,87.343630583035392,54.097755188106305,40.007298292746270,-0.304347031893634,-0.949979866199209,-0.016757080379122,0.068046588825856
5947,1670412098.987328768,87.266525682903378,54.128010042985338,39.994662984112608,-0.305067037622244,-0.950360413681833,-0.019562602200113,0.058021472387766
5948,1670412099.088402748,87.182591486619955,54.172648913374665,39.977613094286696,-0.323393073583233,-0.944997950996556,-0.021148248820587,0.044142316913839
5949,1670412099.188333750,87.104437725559947,54.225718686550245,39.940603850835906,-0.322959117746120,-0.945703003953422,-0.015832547647343,0.033054001469043
5950,1670412099.286530495,87.037842059693276,54.277542043362168,39.892277107155387,-0.317338702240342,-0.947599066702614,-0.011776692353237,0.034834844078422
5951,1670412099.386538267,86.973298634183010,54.323687320848869,39.844050156041305,-0.308419238175469,-0.950214862741061,-0.019417033939991,0.039903219697446
5952,1670412099.486308336,86.903340964753554,54.365259817437938,39.826243554411221,-0.300196182919457,-0.953066121023983,-0.014873261240353,0.036414376514815
5953,1670412099.586513042,86.835961413745238,54.406943657081932,39.808136806767529,-0.303418810004515,-0.952152567092942,-0.016999684865788,0.032458056445654
5954,1670412099.687559128,86.775984853692094,54.449054026152957,39.764693776301776,-0.319045396625927,-0.946869076144137,-0.014231671586997,0.038032184496722
5955,1670412099.787758589,86.719408317303021,54.488352591842570,39.710678877991640,-0.314134808117026,-0.948076025261988,-0.007124130221603,0.049197758295431
5956,1670412099.887438297,86.652443353574640,54.525165428962517,39.673501577665526,-0.318045368699142,-0.946880491358359,-0.000996088224166,0.047576111045667
5957,1670412099.988024950,86.572784410640025,54.566218181805318,39.667725724272195,-0.341064978549800,-0.939251127708504,-0.006665966496006,0.037915226437441
5958,1670412100.087751865,86.495026251234719,54.615175236415759,39.639678891187401,-0.344131641942446,-0.938556359672702,-0.008319879882858,0.024822415890812
5959,1670412100.186769724,86.426468025891552,54.661598756961723,39.587182314844469,-0.329206166539969,-0.943918988032233,-0.004882383000760,0.024827530696753
5960,1670412100.286675215,86.358564002796797,54.703473854417659,39.541074142191455,-0.326885977295596,-0.944573426578183,-0.013246669636780,0.027406666951440
5961,1670412100.386845589,86.284617308304334,54.744483317212918,39.519535517722232,-0.325532688040437,-0.945205898104035,-0.012748755586084,0.021254374550155
5962,1670412100.487409830,86.211631584681143,54.777554377020280,39.504640519637398,-0.318953430021192,-0.947607717235920,-0.012016493528180,0.012803421258861
5963,1670412100.587569237,86.144170260287069,54.800569450942376,39.474101463338485,-0.326884613618761,-0.944858092986101,-0.013253080311849,0.014628375173935
5964,1670412100.688191175,86.082536417462535,54.816747632791504,39.428999672871043,-0.333390139101778,-0.942272167792801,-0.015106736097517,0.027312331962542
5965,1670412100.788648844,86.019309003725553,54.829149033969713,39.382850537220058,-0.328141143459731,-0.943766384847149,-0.011792520271160,0.038591932669105
5966,1670412100.888556719,85.940186759438575,54.842067080659078,39.365818082307861,-0.327295935607148,-0.944117221236846,-0.018846993683657,0.034129663463707
5967,1670412100.988722563,85.851888168369129,54.867200141072388,39.343397355119158,-0.330116358061152,-0.943202569786098,-0.026322708011436,0.026442721726170
5968,1670412101.088632345,85.765595905037017,54.897911267026373,39.298041777232356,-0.314512628781647,-0.948506967463197,-0.029993541467255,0.022731618527497
5969,1670412101.188019037,85.679097737534917,54.928503876261921,39.253014819419839,-0.304758647286648,-0.951452456139443,-0.036754339389635,0.022572309280724
5970,1670412101.288291216,85.587121621986256,54.962625866289017,39.222697605109964,-0.299540306440282,-0.953223655342500,-0.038366838656610,0.012971253009703
5971,1670412101.388772488,85.492133067946199,54.991826172768171,39.198733494646014,-0.281783482933985,-0.958987610474257,-0.030611962924293,0.001933760168663
5972,1670412101.490071058,85.398660255957395,55.014325256705263,39.158712289202541,-0.285000948143095,-0.958037553038158,-0.030469313651541,-0.003182365755237
5973,1670412101.589146137,85.312430091985149,55.034344872491609,39.103807511027476,-0.295104818565656,-0.955130828924952,-0.024765254080538,0.004992783471374
5974,1670412101.688623905,85.222763005705005,55.054569707744008,39.066276234498801,-0.292365885461487,-0.956069885630317,-0.020256606930873,0.006498667925103
5975,1670412101.788583040,85.127401137072042,55.081777833674721,39.055791079200752,-0.303245055854629,-0.952648196356011,-0.022135138235991,0.003726356751095
5976,1670412101.887718439,85.033039769093776,55.116451618263014,39.026176202341190,-0.299047897984815,-0.953877735996647,-0.026122877252434,0.002283585958156
5977,1670412101.987569094,84.938190244879721,55.156964534343025,38.972767269260949,-0.293158491028155,-0.955541415104076,-0.029807805154443,0.010497519272192
5978,1670412102.088185787,84.829255637632784,55.200670566578999,38.942230814053787,-0.297364583024615,-0.953807305162397,-0.036545009604113,0.022144788427048
5979,1670412102.187569380,84.707439087929387,55.245272335003307,38.943263144785966,-0.304191983796200,-0.951678710149723,-0.040436447559913,0.011822155075364
5980,1670412102.287703753,84.586835346856319,55.284607153593306,38.940939254877748,-0.304869338330292,-0.951451716930707,-0.042358492927845,-0.000273811142617
5981,1670412102.387984753,84.470818587895778,55.322383218127278,38.913011884068510,-0.308811462193793,-0.950263425285288,-0.040073512034000,-0.005386744477379
5982,1670412102.489078999,84.351884425040438,55.361205397647318,38.887339907398420,-0.325000173200566,-0.945128042933136,-0.033148335965552,0.003009601916559
5983,1670412102.587931156,84.237279211074807,55.401517784459628,38.888837951999115,-0.347476339565399,-0.937055102687009,-0.029163521612399,0.018368913349291
5984,1670412102.688566208,84.122631787013901,55.445904093422193,38.910748185975734,-0.352719682132844,-0.935190198239605,-0.022548147352000,0.022353970646552
5985,1670412102.787411213,84.010095757460164,55.492361966370069,38.925317678687684,-0.357767764729293,-0.933259798269672,-0.015047722185560,0.028318571843975
5986,1670412102.886289835,83.892383640115497,55.541991253532608,38.902378437014491,-0.351664257001506,-0.935443127870098,-0.010737694926586,0.034104351274447
5987,1670412102.986199856,83.769101923303239,55.591478863511028,38.867817704745811,-0.336733847497975,-0.940464959764062,-0.012052677162458,0.044617355125650
5988,1670412103.086494207,83.636521092670407,55.643428729585423,38.870109228774723,-0.316077854692157,-0.946864095086654,-0.014555236483111,0.057717590904825
5989,1670412103.186120749,83.502797671550752,55.695777563682071,38.887671233883630,-0.301570078362210,-0.951953730889321,-0.017056345616264,0.050484286235740
5990,1670412103.286984682,83.372687494468110,55.743107142967425,38.902115578566992,-0.290548330134672,-0.955827768566288,-0.019953052038875,0.039709198026134
5991,1670412103.388669014,83.249259215060675,55.788113465382089,38.889466296534664,-0.306736902920310,-0.950781416134325,-0.029367896706034,0.032629706764354
5992,1670412103.490000725,83.134637249102212,55.832762896364642,38.856066147291465,-0.343272326597842,-0.937835295049818,-0.036646836687188,0.035861936809772
5993,1670412103.588989735,83.028454242705962,55.876507381790752,38.834815642317309,-0.367541358184713,-0.927872312627287,-0.033422804190188,0.053378250659712
5994,1670412103.688841343,82.919509085026561,55.927167164241631,38.833429917698751,-0.379838926846353,-0.922722460992054,-0.026417079534361,0.060064861124074
5995,1670412103.788995981,82.811639066533431,55.982235826258851,38.856989603507309,-0.404743750443862,-0.912713618995187,-0.023918126740498,0.050638615606777
5996,1670412103.887000799,82.711428230550183,56.039439776500004,38.858248937636446,-0.421667285908227,-0.905343503753191,-0.025687781475974,0.043473878243464
5997,1670412103.986056089,82.619968248353246,56.096589564883111,38.820274304839373,-0.409096931830740,-0.911323309624734,-0.017093832602623,0.042864047735249
5998,1670412104.077374697,82.542156246213025,56.147098709505329,38.775502425708950,-0.393612677184426,-0.917667343311464,-0.012976077750119,0.052795158732694
5999,1670412104.177244902,82.457442791585564,56.201926893917815,38.732819398127077,-0.384881921438181,-0.920663735579167,-0.015217773382259,0.063345180659261
6000,1670412104.278437376,82.362392479119464,56.262606586552522,38.713690826624152,-0.371548534094487,-0.926680790356140,-0.008960840923574,0.055983059286724
6001,1670412104.379338980,82.261316396175928,56.314084715778755,38.705652747193668,-0.351543408887229,-0.935242534043887,-0.009058468838174,0.040701085064440
6002,1670412104.480253696,82.164336883786277,56.358126716158402,38.676799819849407,-0.360866459419637,-0.931997670405505,-0.012846761813773,0.031475411602496
6003,1670412104.580675125,82.076815285505376,56.400086295016486,38.627286456350198,-0.362104787825106,-0.931332932576310,-0.013950936219149,0.036117346407988
6004,1670412104.681116581,81.991004573106267,56.445537166831656,38.575795489673276,-0.354268347491196,-0.934204322873314,-0.003705372856482,0.041743158752827
6005,1670412104.780639410,81.895897181536782,56.493852544912819,38.559443690975790,-0.352858315479860,-0.934972328590096,-0.004707362421886,0.035994370484256
6006,1670412104.880148411,81.796111307609749,56.551668017711251,38.551611989284702,-0.362627100761932,-0.931537393728866,-0.005284339502397,0.026678561315235
6007,1670412104.979662895,81.700533378784982,56.618862123352088,38.506723138686645,-0.356861287481106,-0.933767877573853,-0.002956381932436,0.026811044634990
6008,1670412105.078987122,81.606785346639910,56.691212045284942,38.449322862102790,-0.337901937341323,-0.940391755327085,-0.002576289464496,0.038457638856547
6009,1670412105.178782940,81.508030608763320,56.771643016595100,38.410854021263134,-0.343035551658136,-0.937757035332544,-0.009543871490778,0.053359792914551
6010,1670412105.279124498,81.396711132790770,56.861357646499428,38.404378824533580,-0.335659365453033,-0.940949346555369,0.004085621988306,0.043936605395280
6011,1670412105.379515648,81.281652846824372,56.949305066801365,38.402459033859913,-0.336730375696008,-0.941070804034572,0.011616957333167,0.029384386664842
6012,1670412105.479899168,81.167044535297450,57.036341360523060,38.368155311018619,-0.379569769969661,-0.924899153109953,0.009490848455013,0.019956705571665
6013,1670412105.579997540,81.049560704282655,57.123413236494635,38.338764169061605,-0.411548894932671,-0.911089526536691,0.005701391295534,0.022602562955146
6014,1670412105.680247068,80.932706974435249,57.226898332424774,38.342051324756653,-0.437459666514272,-0.898951293073455,0.014042937198638,0.017844012150294
6015,1670412105.779707193,80.825239927485285,57.330425371033861,38.367797909070802,-0.445299282563350,-0.895044765244928,0.023374986599130,0.007551632784225
6016,1670412105.879356384,80.722748822293596,57.424941657186189,38.374571427003090,-0.463539802882488,-0.885809420235074,0.021376737122983,0.003944271344790
6017,1670412105.979012251,80.621759776376578,57.511702555067536,38.353012991297668,-0.471573289691694,-0.881702539882047,0.012367117559578,0.008143587548978
6018,1670412106.078980446,80.520839693182282,57.606873465717534,38.341212246240893,-0.462270413471840,-0.886398875649040,0.003752454018282,0.024269675843162
6019,1670412106.178497314,80.405566192077487,57.714489009794988,38.366020053990113,-0.458440641172873,-0.888482952864077,-0.001977589744386,0.020647278991156
6020,1670412106.279542208,80.289020421081844,57.820400916856244,38.387219493757364,-0.467326437197768,-0.884036831330550,-0.005386194708854,0.007474680838661
6021,1670412106.379655361,80.178171289877255,57.916911433249538,38.384655588710679,-0.462350402494164,-0.886661176049274,-0.007330950598619,-0.003212687928203
6022,1670412106.479698896,80.074423004273768,58.010013111527662,38.353933436248226,-0.489163521325731,-0.872065925458399,-0.014826026110063,-0.000509910168966
6023,1670412106.579900026,79.968204887851272,58.101668286102743,38.331416480415434,-0.511420732207256,-0.859090996999241,-0.017265471374806,0.010648804705213
6024,1670412106.679432869,79.854741115422186,58.197857527789168,38.347936763737486,-0.508331692838898,-0.860905813919606,-0.013344789310893,0.016185988175238
6025,1670412106.778864384,79.744780178220793,58.295675848946246,38.372145466173322,-0.510245058378196,-0.859816016749860,-0.013189406523792,0.013872177067281
6026,1670412106.878401279,79.638652744368940,58.390595623868990,38.377970825652632,-0.510080879903853,-0.859794634102118,-0.012837876269691,0.020146266616899
6027,1670412106.977982759,79.528652120576893,58.486800809880357,38.347843997234655,-0.491442474358236,-0.870447436195060,-0.012672782240182,0.025395980162108
6028,1670412107.078097343,79.406481497480854,58.587121230256400,38.329219516715149,-0.465835429886504,-0.884040882849690,-0.017924137934995,0.033879123248463
6029,1670412107.177622318,79.266079460767529,58.692510621601848,38.352159234170912,-0.452733625779292,-0.890884271819663,-0.025140098340696,0.026934248987214
6030,1670412107.278740883,79.127906193888776,58.790923213773524,38.368948754633386,-0.438100890590614,-0.898519796717538,-0.022590760567816,0.014813578478993
6031,1670412107.379142761,78.998929053731828,58.873658352310549,38.363619554595225,-0.411465779387454,-0.911066111019116,-0.023295828378974,0.010571571582111
6032,1670412107.479626656,78.876396817984585,58.952715290664209,38.329221373832482,-0.419706582796071,-0.907180654024838,-0.025291129314365,0.015165886018157
6033,1670412107.580289125,78.751107082869694,59.028151105195612,38.304887729984493,-0.430031334176757,-0.901790931069945,-0.028313532896283,0.032318912746120
6034,1670412107.680207014,78.619124953766359,59.104939900712047,38.316738614232349,-0.424677631554573,-0.904324260598767,-0.025161069294731,0.034834774890015
6035,1670412107.779981375,78.493898160168285,59.177541171190434,38.347594881452679,-0.428313224708671,-0.902418335802609,-0.029113809591856,0.036623965350007
6036,1670412107.879785538,78.378486107733991,59.252224442313725,38.351827162223969,-0.426791346362996,-0.902881020778491,-0.028281895790691,0.043071375159567
6037,1670412107.978815079,78.264007999979640,59.329680659488808,38.319127654117928,-0.398102869375634,-0.915443494413548,-0.023441207216851,0.054109368274053
6038,1670412108.078385353,78.138562096178404,59.407853461887932,38.305360568319323,-0.365365437812139,-0.928047235518042,-0.026601967073575,0.067296068588584
6039,1670412108.178319931,77.995597479376798,59.484763862087974,38.333045321126441,-0.356564588188488,-0.931446867113422,-0.036062418817990,0.062991508503612
6040,1670412108.279664516,77.853308505862842,59.559440122640972,38.352172743201237,-0.351249844848388,-0.934405724111999,-0.032174219257456,0.049742425110637
6041,1670412108.381720304,77.714339234658070,59.627335379124375,38.341292496425801,-0.324611441088751,-0.944530113323659,-0.032628983310777,0.037757473262728
6042,1670412108.481701612,77.583571286668004,59.694796523415079,38.305382575167229,-0.340560202275269,-0.938972663311841,-0.036689120744698,0.031670089963200
6043,1670412108.588854313,77.441061268333272,59.763062587741324,38.289714213258215,-0.366078802504808,-0.929171348274063,-0.033438508584688,0.038843043738068
6044,1670412108.689261436,77.302408707535747,59.824439780462725,38.303823589139363,-0.367918502060557,-0.928649384806883,-0.026388969781308,0.039369000662890
6045,1670412108.789205313,77.165052849651573,59.878978800449488,38.328830535910598,-0.363958645642790,-0.930453453317020,-0.024694846945347,0.034360442468698
6046,1670412108.888269663,77.031358264733214,59.933762083951812,38.326552678317285,-0.362425827601602,-0.931099386626443,-0.023597283240400,0.033832232188072
6047,1670412108.987163067,76.894452872053677,59.991655699802536,38.290751092577644,-0.337804549628473,-0.940406106457901,-0.017593098678651,0.034855760870749
6048,1670412109.086846113,76.746884323024005,60.050722694402936,38.272317815296468,-0.312385662163324,-0.948872613581985,-0.019356811906364,0.041003354761494
6049,1670412109.186458588,76.581872173729465,60.109504064895134,38.296848870602318,-0.299128073954849,-0.953229085080836,-0.024678450535465,0.035604505433770
6050,1670412109.287365198,76.418762333332594,60.166402521682208,38.314905458885725,-0.296338531707458,-0.954539971936359,-0.024463419556462,0.020939381672034
6051,1670412109.388422012,76.261650115267926,60.212759527328004,38.306429782039395,-0.272489673017906,-0.961734710048098,-0.026834340943034,0.009779761420868
6052,1670412109.487735987,76.113681651210001,60.254657718575011,38.276417083508825,-0.285212791319772,-0.957982890232087,-0.029363927753707,0.007759216264356
6053,1670412109.588321686,75.965927075764625,60.293713449180615,38.258199489611265,-0.304059623631954,-0.951777141698026,-0.034896161648234,0.021219701226693
6054,1670412109.688606262,75.816814463296879,60.338635034484554,38.267698197320570,-0.315154762084954,-0.948173908520515,-0.028245446348187,0.029084530195574
6055,1670412109.789008617,75.669882064298449,60.386177258886889,38.300931250099126,-0.325083109144647,-0.944909180216885,-0.031305566584436,0.022081095795540
6056,1670412109.886474848,75.533608137877820,60.436731943454028,38.306492801427339,-0.333671100533870,-0.942032414947740,-0.027554333761472,0.021892568309973
6057,1670412109.985821724,75.397450547025443,60.490575609671517,38.272336291676417,-0.305287587673514,-0.951751165011609,-0.019927056938682,0.023919053352801
6058,1670412110.084926367,75.260360469370497,60.543465085915166,38.251807119432115,-0.272039995405829,-0.961504958448384,-0.017919168504942,0.034370905994176
6059,1670412110.185392380,75.111746876963778,60.595311218345273,38.273310936328549,-0.264734247803286,-0.963026274762564,-0.021198630806565,0.045241465591800
6060,1670412110.286447525,74.960957249086533,60.647174130481858,38.297815951826649,-0.250069555871714,-0.967309593803687,-0.023172647883535,0.035219246890517
6061,1670412110.387714148,74.816301125502861,60.692576162031550,38.298107785161456,-0.237435153480713,-0.970592441083650,-0.030858564972982,0.024952157635769
6062,1670412110.488504887,74.677306282589797,60.741050508765390,38.268022554115916,-0.266469569400496,-0.962815864768538,-0.039363120955392,0.020739427238419
6063,1670412110.589123487,74.537846713482438,60.791688448510641,38.250272547549578,-0.297394325033811,-0.953464683938895,-0.041382205507449,0.027371974468889
6064,1670412110.689339876,74.395142674779294,60.844356617658434,38.266667227232297,-0.310359796401055,-0.949308585405844,-0.038786169149331,0.031394896645328
6065,1670412110.789080620,74.256269142901516,60.900801896396239,38.289887225131800,-0.325065642175919,-0.944772226986928,-0.035211447501289,0.022314151469000
6066,1670412110.886577368,74.125000288863006,60.956687453158658,38.293658302352810,-0.328058215786310,-0.943926110966197,-0.031146986916205,0.020277309914682
6067,1670412110.985939980,73.990759139366219,61.015032595743335,38.264234173901173,-0.313578219349880,-0.949077019241324,-0.023331348996656,0.019420608933772
6068,1670412111.085103273,73.852420370761408,61.070434806886063,38.253064846289497,-0.304147085252179,-0.951954750065411,-0.024298808631079,0.026196798652037
6069,1670412111.184791088,73.703758644507033,61.124244214190533,38.279466632502057,-0.296972693418982,-0.953784992789305,-0.031388905277898,0.033408734169915
6070,1670412111.285661221,73.558923176957592,61.176795956688963,38.301929504193986,-0.286617072343997,-0.957159785559507,-0.031500702704913,0.026523658830002
6071,1670412111.386902809,73.422232479295616,61.221728074952253,38.305425643038461,-0.267967342677290,-0.962716342503073,-0.027873451945442,0.024368377307945
6072,1670412111.487040758,73.290314653026272,61.266600399930923,38.285140621903793,-0.278769980930157,-0.959497135632776,-0.028600526921552,0.028888653559967
6073,1670412111.587931871,73.155570356962272,61.310608828808931,38.270768898949974,-0.300267366603487,-0.952568250819865,-0.027493432070453,0.041198874693088
6074,1670412111.688440561,73.018704430738111,61.357391728530786,38.281010995194251,-0.313944476432377,-0.947687991299013,-0.020795788699428,0.053794721280167
6075,1670412111.788447618,72.881172283666132,61.407066210580503,38.304362983649817,-0.319263906846904,-0.946176915042811,-0.018377376678602,0.049820430059696
6076,1670412111.885849237,72.748900187658478,61.457319115412076,38.311463743593833,-0.330518652338270,-0.942454004806445,-0.017341623482106,0.047298386608764
6077,1670412111.985476971,72.612951865456282,61.511474672471806,38.284641986393623,-0.323039891520162,-0.945225060992240,-0.012893255977911,0.045039721459464
6078,1670412112.084425688,72.478625937060812,61.564022680116580,38.266993236694873,-0.303562100835127,-0.951423519039426,-0.011937723379654,0.050008290469775
6079,1670412112.184529066,72.337616673385966,61.615109961747393,38.286665360616574,-0.291096033460976,-0.954581241500042,-0.016519047014610,0.061358567170803
6080,1670412112.285538435,72.193581711740933,61.664620697889937,38.305552591918136,-0.276054601833359,-0.959472514105522,-0.018044315192520,0.053672657581740
6081,1670412112.386530638,72.055464934422531,61.705781203759855,38.310657957013433,-0.263672635091182,-0.963357695124816,-0.020014863728023,0.044923245406167
6082,1670412112.487112284,71.923074684640653,61.747034072926432,38.292544694146251,-0.279032321093407,-0.959189880003192,-0.024822285567976,0.038465465340608
6083,1670412112.588212490,71.795261148384057,61.790273397796092,38.270332642679833,-0.299872291429390,-0.952560485518050,-0.027782130858687,0.043969119475540
6084,1670412112.688718081,71.671021847595682,61.833038563624100,38.277476141124311,-0.323971738853814,-0.944311022903800,-0.026804119941823,0.050995525299367
6085,1670412112.788767099,71.548956288621184,61.880754738885592,38.298314682524236,-0.335745289584743,-0.940575511776681,-0.023763596146859,0.045034416459639
6086,1670412112.887445927,71.433975709324173,61.927798146038874,38.313405655442509,-0.340693122036517,-0.939085888749867,-0.020494855089134,0.040321843494056
6087,1670412112.988045931,71.321611070976445,61.977271675112441,38.301490011679896,-0.350606571391189,-0.935587316329065,-0.018640900500061,0.037468953148445
6088,1670412113.087876797,71.218288079894492,62.027484806311591,38.278645675000618,-0.349027382475468,-0.935892950157652,-0.017618989066127,0.044427956871967
6089,1670412113.187701941,71.118507352540888,62.079894928655875,38.276916002681389,-0.342178313100131,-0.937225535646571,-0.016449411641509,0.065205170290361
6090,1670412113.287516356,71.010117762878679,62.136313615280905,38.294481227701567,-0.325169646032599,-0.942974593529497,-0.018114636808945,0.068814803568673
6091,1670412113.388363123,70.902214892278010,62.189430198776371,38.312018065436533,-0.323163997272971,-0.944169260130491,-0.015318313580166,0.062247798035403
6092,1670412113.488495111,70.801473944953216,62.236824932920427,38.312389194519923,-0.330058756350662,-0.942228540884971,-0.017312711091943,0.054468928139620
6093,1670412113.589411736,70.707153267120063,62.284133190448863,38.296437336629502,-0.353059444776065,-0.933936957611198,-0.019230437628072,0.052354349685482
6094,1670412113.690055847,70.614171162918424,62.331307485032255,38.280994928375577,-0.373830813146826,-0.925589434750464,-0.015838304551498,0.057305056750980
6095,1670412113.788990259,70.520320393343582,62.376979460825368,38.291118290716867,-0.391307594244839,-0.918150453957149,-0.012968045588105,0.060909279902354
6096,1670412113.888682604,70.426662252846299,62.427328454023467,38.303507302099590,-0.409449002556546,-0.910892204087034,-0.009711228505616,0.050324932983827
6097,1670412113.987911224,70.340033471338174,62.471361502533725,38.316537239038510,-0.419962457298862,-0.906585228689353,-0.005470424869194,0.041289611690187
6098,1670412114.088222504,70.257784054716581,62.505144552220962,38.313601328620464,-0.418765974390283,-0.907330670253487,-0.006920069405102,0.036581773463630
6099,1670412114.186173677,70.184570442240883,62.527618116737337,38.300895779524836,-0.412298303252527,-0.910077942607208,-0.014354075867292,0.039524777303787
6100,1670412114.286941290,70.115367992752837,62.553561495091550,38.295840288955937,-0.405931688607964,-0.912300855657433,-0.022165665890153,0.049348720411459
6101,1670412114.387384415,70.043370856828375,62.586443620494094,38.313336646643563,-0.392485316655871,-0.917754519666667,-0.025550450767564,0.055037190212796
6102,1670412114.487050295,69.974688179605948,62.619857106451967,38.321193458362011,-0.383336369103019,-0.922011974213065,-0.022365578898305,0.049466437219436
6103,1670412114.587413311,69.911164685330434,62.643343651797416,38.325795927483355,-0.369930022270789,-0.927991779488703,-0.017623587905037,0.040895537329607
6104,1670412114.688707829,69.856818772574940,62.657375787947146,38.325381340120991,-0.380686389387086,-0.923845740656794,-0.015094763448906,0.036865546546137
6105,1670412114.787698984,69.813442514493218,62.661105494152977,38.324094778996347,-0.398819717610318,-0.916010074267882,-0.013243198194605,0.041146013009223
6106,1670412114.887567759,69.781269585246079,62.657981249878745,38.324170649449030,-0.408527951657910,-0.911358704531662,-0.002072167390261,0.050258636181948
6107,1670412114.987209558,69.752959122013877,62.648870829069068,38.322325756723849,-0.402488086541850,-0.913606871671115,0.007019595223864,0.057241152242868
6108,1670412115.087134838,69.719946125269047,62.634990050187177,38.323364988852227,-0.400422062016028,-0.914597194220437,0.000188037104474,0.056339233372347
6109,1670412115.185876846,69.685102562629737,62.625553734554849,38.326211313241060,-0.402312573196181,-0.913955428876619,-0.010774145121349,0.052095923757311
6110,1670412115.286439896,69.657055868458073,62.627320564409182,38.331244811348377,-0.402282028334009,-0.914167936568408,-0.016787398849251,0.046736887675702
6111,1670412115.385921478,69.637995018762311,62.636784633370425,38.331606284198152,-0.385523585329027,-0.921614719170071,-0.013653502940875,0.042561207942996
6112,1670412115.486301422,69.625086642724753,62.645985701906454,38.331236923341386,-0.380490767792233,-0.923857797794254,-0.006732558837117,0.040843821211212
6113,1670412115.587056875,69.615093235213294,62.649481922656499,38.330409179295842,-0.374359303864533,-0.926419363426465,-0.004863818717548,0.039731825355100
6114,1670412115.687667131,69.608798765374701,62.648479800216172,38.329631998502641,-0.374580284990775,-0.926307462682384,-0.007538789181213,0.039840448451733
6115,1670412115.787422180,69.604695417910776,62.646918490700514,38.328780851268299,-0.374317584147817,-0.926327760674210,-0.010415886367768,0.041167163045546
6116,1670412115.887930870,69.600113897076767,62.647531310057701,38.326808269453437,-0.374228124092515,-0.926394266601025,-0.007216321053979,0.041169146911159
6117,1670412115.988084316,69.593418131955190,62.650605312574889,38.324296048845994,-0.374051656747476,-0.926549574659402,-0.006953238432533,0.039279718153908
6118,1670412116.087036610,69.586780066680674,62.653754149670796,38.321920053496591,-0.374507229538110,-0.926552210235184,-0.005298342898856,0.034889314904593
6119,1670412116.186722994,69.584391653902486,62.655368653494776,38.320016248436417,-0.376023395197080,-0.926023902571526,-0.005456416449342,0.032501779185015
6120,1670412116.286738634,69.586295752178884,62.655032796668536,38.319421048501205,-0.376169247841040,-0.925926814150575,-0.005452095503353,0.033563469282773
6121,1670412116.386532068,69.589920578145566,62.653756747384406,38.319960873622627,-0.375475071861162,-0.926066884364002,-0.006311923353442,0.037131600003033
6122,1670412116.486083984,69.593350872668793,62.652550902587393,38.320163749027643,-0.373634597676706,-0.926759037818118,-0.008103306449753,0.038068486520799
6123,1670412116.586680412,69.595466807515393,62.651667327051285,38.319955769198366,-0.372662890133184,-0.927038155944289,-0.009224482439097,0.040466488168910
6124,1670412116.686743736,69.595629926871595,62.652151502565069,38.319252800811753,-0.371809870323414,-0.927373934976812,-0.009779143042889,0.040489176542085
6125,1670412116.786343098,69.594211616637267,62.654038749775452,38.318705308554286,-0.370964281200884,-0.927776003208018,-0.008196846443774,0.039370060361207
6126,1670412116.886648655,69.593128169633900,62.655195192807327,38.318413058186216,-0.369973301982318,-0.928190823500323,-0.007210520710124,0.039109581705528
6127,1670412116.987189293,69.593894557434723,62.654974546511134,38.319004664650919,-0.368603942970369,-0.928754126706971,-0.008632913645070,0.038371580023040
6128,1670412117.086460352,69.595287255767957,62.653985813471103,38.320004193547881,-0.366827895479916,-0.929372881101910,-0.008220624693632,0.040444583070626
6129,1670412117.187574387,69.596001616751707,62.652758741465433,38.321081103791357,-0.365446033780230,-0.929923809445627,-0.010038185519282,0.039876557673811
6130,1670412117.286804676,69.595272318216630,62.651703705918706,38.321877742842211,-0.365541361362435,-0.929876555633723,-0.009314086720526,0.040278433492670
6131,1670412117.386679411,69.593416533285591,62.650764871993310,38.322279099425884,-0.365251267561437,-0.930055290873714,-0.009621407199763,0.038679400022114
6132,1670412117.486809254,69.591730575877719,62.649721931062039,38.322559094765332,-0.365199466358606,-0.930088549661254,-0.010761236177310,0.038063569937027
6133,1670412117.586726665,69.591371457169586,62.648368045984448,38.322468226281444,-0.364531678017167,-0.930365453289567,-0.010617813617197,0.037736468850144
6134,1670412117.678841114,69.590962525030577,62.647231662157893,38.321842351566723,-0.363634304714528,-0.930710172660700,-0.012167370967039,0.037424885095643
6135,1670412117.780071735,69.588985686497040,62.646973683704303,38.320369964408307,-0.363750387034296,-0.930730120037713,-0.012590037256427,0.035617278796481
6136,1670412117.878578186,69.586411817655389,62.647619296583891,38.318433857468705,-0.364475349064474,-0.930500825639189,-0.011694218649348,0.034484469827717
6137,1670412117.978658438,69.584888751718140,62.648089210208489,38.316962812579860,-0.364458307339987,-0.930517556621529,-0.012945876070016,0.033758307462783
6138,1670412118.080701828,69.584822937469767,62.647812635525547,38.316472385349975,-0.365133166339627,-0.930251809567056,-0.013130843425279,0.033718282681021
6139,1670412118.179266453,69.585039930986866,62.646948852419548,38.317131537771040,-0.365392738083829,-0.930112121889729,-0.012966389720160,0.034806039806516
6140,1670412118.279382467,69.585341209053482,62.645878592911316,38.318487155418907,-0.366226146615009,-0.929725948124666,-0.013353461810034,0.036190550933929
6141,1670412118.379490376,69.585061887814604,62.644999941787880,38.320022638217154,-0.366605293193952,-0.929532595758342,-0.014157028372099,0.037003931853332
6142,1670412118.478698969,69.583350009915407,62.644367392527585,38.321450366963880,-0.367089584408848,-0.929335535663173,-0.015122943257622,0.036769494957218
6143,1670412118.579168081,69.581073335110133,62.643802802485389,38.321357790650183,-0.367688736103454,-0.929134890508508,-0.016086879515581,0.035419781052950
6144,1670412118.679925680,69.579242172257352,62.643834244203831,38.319946960045485,-0.368061476501367,-0.929026790553270,-0.015318077963219,0.034717840333716
6145,1670412118.779908657,69.578202633524242,62.643821303464591,38.317396968629261,-0.367538345371209,-0.929245060191457,-0.015738452032839,0.034226947266425
6146,1670412118.878647089,69.577862639783845,62.643349474879031,38.314113428952027,-0.367546574561349,-0.929209065102631,-0.015330921347797,0.035284440054233
6147,1670412118.978879690,69.577799350272358,62.643227526306518,38.310647344166000,-0.366893322341776,-0.929457245465105,-0.015965446660031,0.035265044823157
6148,1670412119.078432560,69.577817331298732,62.643769637005441,38.307015818314184,-0.366809111592315,-0.929532015228423,-0.015881019839905,0.034192126682734
6149,1670412119.179409981,69.577521868124848,62.644609307618559,38.302771486887401,-0.366923054251953,-0.929521598186244,-0.018015222782155,0.032132888320504
6150,1670412119.280300617,69.576131112870684,62.644801632477161,38.297962168379357,-0.367800100137422,-0.929181175266062,-0.018610362726273,0.031608294311443
