num,t,x,y,z,qx,qy,qz,qw
11,1666286047.672543049,32.463647816995341,111.617326589633436,-1.424381712110760,-0.264607220017543,0.963302156983632,0.005231268247024,0.044772841073561
12,1666286047.772466898,32.456797594079639,111.618162575378634,-1.424270327956016,-0.268548391903334,0.962174227196782,0.001829630306783,0.045816701947529
13,1666286047.872378111,32.450674956844175,111.614715701454529,-1.425117370689049,-0.269539420282959,0.961844245596178,0.002446813966103,0.046884552130323
14,1666286047.972152948,32.445084933402427,111.607986827372670,-1.426239365235052,-0.268104577067488,0.962189295563873,0.002885936019891,0.047993401953301
15,1666286048.072164297,32.440260201485124,111.602064897886436,-1.427467766370192,-0.267367620975600,0.962284759334468,0.007571274515943,0.049651515673308
16,1666286048.171823263,32.436794584999852,111.599765779827337,-1.428619907924835,-0.268244540007032,0.961996680885416,0.006683713837278,0.050621938832883
17,1666286048.271672010,32.434896318005293,111.600134722299813,-1.429163359322944,-0.270957334412399,0.961285185611808,0.006818776569787,0.049663056062728
18,1666286048.371602058,32.435665194117639,111.600658013886218,-1.429281920502199,-0.273430172870935,0.960599162268962,0.003789229289136,0.049707461747045
19,1666286048.471709251,32.437952815063746,111.599628229598849,-1.429391336032450,-0.274406389844566,0.960432477990937,0.006413890841471,0.047217056631406
20,1666286048.571585655,32.439836599653233,111.597064109369171,-1.429328976086217,-0.273550775869203,0.960742017211038,0.006593236582722,0.045839705692622
21,1666286048.671949863,32.439981849529815,111.593153321200518,-1.428760966199069,-0.272348253934283,0.961116425152140,0.009462170089115,0.044633095556122
22,1666286048.772092581,32.438370732274819,111.587958548324579,-1.429043481397353,-0.271900386151055,0.961196150007503,0.011335843164846,0.045206635369198
23,1666286048.871559858,32.436534238928395,111.581730198529470,-1.429076389784980,-0.271486449038433,0.961212571956515,0.012084887603412,0.047111092036342
24,1666286048.973581791,32.434941589812588,111.574126884978838,-1.428870021486333,-0.272387607741954,0.960956686989421,0.013465431279342,0.046753813100024
25,1666286049.074640751,32.432850236175106,111.564589531003378,-1.429868478465782,-0.271481593919480,0.961132457888296,0.015676716592131,0.047711456836189
26,1666286049.174661636,32.429150608292879,111.553565155692425,-1.430561281931263,-0.270021468615370,0.961370379532727,0.019121603275751,0.049897536332607
27,1666286049.274962902,32.423493251861395,111.542480207152494,-1.431564782028980,-0.268077916782302,0.961732332066424,0.022861582445579,0.051792857034756
28,1666286049.375083447,32.416364070075097,111.532772845875300,-1.433517399741303,-0.265953280991717,0.962105768805625,0.024754599261245,0.054850266873493
29,1666286049.475172758,32.409794023029747,111.524894597687009,-1.435063737940115,-0.264298492467354,0.962420982114727,0.024564483640954,0.057347591128674
30,1666286049.575875044,32.404724232279833,111.517298681281801,-1.435923919699231,-0.264523124570831,0.962213926470612,0.024829810289675,0.059626812712669
31,1666286049.675269604,32.401213110767557,111.511173051311630,-1.434471120563053,-0.262388011859312,0.962723744646216,0.024549589561493,0.060933081156682
32,1666286049.775188923,32.399856756617645,111.508276368556068,-1.430910977422465,-0.263707899079605,0.962416699311169,0.025414191186030,0.059719006491866
33,1666286049.875041723,32.399855589429130,111.505800120750322,-1.427722590235053,-0.264817303673435,0.962344408523116,0.021030864487134,0.057643193859729
34,1666286049.975519180,32.398193706673155,111.502097957512206,-1.426017143781256,-0.264811611550399,0.962375367722434,0.022714554261603,0.056502309810195
35,1666286050.074907780,32.393899329637620,111.499795705194757,-1.423175672869579,-0.267065553605986,0.961666015894983,0.023556146207014,0.057615726374594
36,1666286050.175605059,32.389554255809337,111.501894321852816,-1.421555501289825,-0.269824986708749,0.960844269337470,0.021268591583946,0.059333073753197
37,1666286050.275068283,32.386298925893158,111.507762421845385,-1.423170443721034,-0.270776930781079,0.960575360413257,0.021603820643747,0.059229263521615
38,1666286050.374990463,32.382787545187192,111.514013175906967,-1.424454934671521,-0.270174013708714,0.960720918799423,0.017964048279951,0.060816210561916
39,1666286050.476903439,32.380922376177423,111.518047947409315,-1.426972470643512,-0.266404910667817,0.961697956469150,0.019707179746119,0.061458043912793
40,1666286050.576143980,32.380254725369745,111.519605347141692,-1.428794466401441,-0.264414562869115,0.962157798378561,0.021230135426114,0.062342532125709
41,1666286050.676788092,32.381707170745372,111.520124889058920,-1.429572363199639,-0.263805392617672,0.962317700468892,0.022356546894713,0.062060800841146
42,1666286050.775765896,32.385934847806340,111.521016241562322,-1.428024719729190,-0.264382899140711,0.962186246452832,0.024387201379608,0.060865213281746
43,1666286050.876277924,32.392421453008268,111.523444023402277,-1.426352356034542,-0.262324628365889,0.962916267877501,0.026588319060931,0.057193633378881
44,1666286050.975759029,32.397910020736632,111.525652174620546,-1.425540440484263,-0.262807154586611,0.962921824275780,0.027578673046613,0.054344977914083
45,1666286051.076041937,32.399293740364655,111.526293391783739,-1.424820168293330,-0.260878960728962,0.963570735663031,0.027875750237918,0.051928294517099
46,1666286051.175896645,32.396997005728650,111.526240670712170,-1.423460330891694,-0.262253122034223,0.963160134817172,0.027896277430239,0.052608482089913
47,1666286051.275886774,32.393248821636050,111.525252338158424,-1.422122639860105,-0.262559521805732,0.963033856199435,0.027057859644071,0.053815997196688
48,1666286051.375674248,32.391111762783240,111.523344658931435,-1.422435041735869,-0.263091266677245,0.962824128889913,0.025791209600604,0.055565238529874
49,1666286051.475541115,32.391445344405327,111.521464538835900,-1.423369628004741,-0.263090671986788,0.962721734655912,0.026961252197900,0.056773680650223
50,1666286051.575754166,32.394219630746569,111.522015621111507,-1.423447159642449,-0.264395164532906,0.962391920502395,0.026123096517196,0.056697197035497
51,1666286051.676355362,32.399615515147254,111.525430981290270,-1.423873322827919,-0.265837334224528,0.962148451033501,0.025304754449060,0.054410838152937
52,1666286051.776590586,32.405718016593603,111.530081741719854,-1.422633777960166,-0.263064404195060,0.963114913083098,0.025061124840552,0.050781132954680
53,1666286051.877995491,32.410707069937764,111.533399071358758,-1.420077549043672,-0.262225461503805,0.963503200486526,0.023804140250806,0.048298580706449
54,1666286051.977352619,32.413084980605120,111.534242979581506,-1.419565899644246,-0.260917410179692,0.963863185394884,0.025123944666013,0.047525280745828
55,1666286052.077354908,32.413842622200860,111.533393648293114,-1.420829813934490,-0.259758862060742,0.964138395387686,0.025025573342022,0.048334343887848
56,1666286052.176900864,32.415048906568892,111.532668712745760,-1.421203993213259,-0.259522802211719,0.964109740505197,0.025200206681107,0.050052702009065
57,1666286052.276782513,32.417546121742461,111.532654131225428,-1.420628342040119,-0.260079530556393,0.964019815374318,0.024950526755437,0.049009229394664
58,1666286052.376719713,32.422525084774676,111.533883582691900,-1.419596449105722,-0.261504280605317,0.963764943765913,0.022055263766559,0.047814325606137
59,1666286052.476865292,32.428551664278714,111.536420554933400,-1.418913068343250,-0.261612706257749,0.963902872498088,0.022449810674445,0.044114060288229
60,1666286052.577200413,32.432617818519475,111.539473869461148,-1.418781898177385,-0.262647684185532,0.963777238735092,0.020481580877914,0.041594866665004
61,1666286052.676931381,32.433917650172262,111.541294808703640,-1.418156882659191,-0.263693106383971,0.963536558977470,0.018366368778814,0.041544213283059
62,1666286052.777705908,32.433921382769306,111.541446063825703,-1.418777056202677,-0.263128845757356,0.963665930466104,0.020130657996723,0.041303045867336
63,1666286052.876795292,32.433579051012465,111.541489843959454,-1.419992755245794,-0.262298591088631,0.963837653646757,0.020593868796128,0.042335789748635
64,1666286052.977143049,32.433752569750702,111.542431077047084,-1.420653180231949,-0.261128931668331,0.964143296820779,0.022335526802163,0.041719401766858
65,1666286053.076855659,32.433548507355418,111.543592933977408,-1.419600072259686,-0.260549602405099,0.964301530406509,0.021020019963239,0.042362977975528
66,1666286053.177821398,32.432456775789660,111.544203409504647,-1.419097999910087,-0.260357198784055,0.964389537995547,0.020191667509293,0.041943350000324
67,1666286053.277269125,32.430864474785885,111.543713335521701,-1.418551570345911,-0.259933498806590,0.964530275204654,0.018721344499919,0.042017087856193
68,1666286053.377088070,32.429802127157480,111.542165891077147,-1.416900164171468,-0.260652920512713,0.964369785954536,0.019334876697445,0.040952820529128
69,1666286053.477341413,32.429441557663338,111.539668485484469,-1.415883978014293,-0.261252478393150,0.964212247772636,0.019324814041231,0.040846485050116
70,1666286053.577441931,32.429434325223916,111.537125515334040,-1.416279573839459,-0.261162055607158,0.964274224404665,0.020685925356523,0.039264403114909
71,1666286053.677470446,32.429222079230776,111.535056638523983,-1.415756861567849,-0.261015876796882,0.964375828726573,0.018674525070970,0.038745775786070
72,1666286053.776439905,32.429390727219527,111.533452966109550,-1.415884397931255,-0.261884135458345,0.964132354404167,0.020193575863815,0.038180129388804
73,1666286053.877433300,32.429570397319736,111.532083292850174,-1.416645939820290,-0.261778654062184,0.964154612743907,0.020941415165173,0.037937792936824
74,1666286053.976785183,32.429338845328388,111.531639231984570,-1.416821254494328,-0.261498474633358,0.964200587287197,0.020181209385075,0.039095959218416
75,1666286054.077878952,32.429501619678760,111.532490925170961,-1.417634893075009,-0.262084258643678,0.964010961915125,0.020802538942034,0.039521652954222
76,1666286054.176602840,32.430665341046208,111.534351141268857,-1.418452510629181,-0.261579642277555,0.964170674753258,0.019546984892948,0.039609545230765
77,1666286054.276892662,32.431012739298801,111.535629980889908,-1.417830855841467,-0.261817930510197,0.964144993424273,0.018133606294466,0.039331606133297
78,1666286054.377471924,32.430271698903042,111.535779068791015,-1.417648354935853,-0.260925362190223,0.964357968221194,0.017859171037881,0.040158616809245
79,1666286054.477744818,32.429624710871877,111.536491141054128,-1.418803447280417,-0.259905159921919,0.964587922751751,0.018318615909555,0.041035051341287
80,1666286054.576838493,32.429435732872953,111.538250649099510,-1.419973432038971,-0.259484258999233,0.964690577826239,0.019237654370106,0.040864667369645
81,1666286054.677605629,32.429331872189323,111.540773489478127,-1.421697694611629,-0.258947386131370,0.964812571818227,0.018785509202236,0.041593955345012
82,1666286054.776998758,32.428400613711624,111.543548013402656,-1.423131687058127,-0.258510311788591,0.964900243830553,0.018997350872899,0.042178653540820
83,1666286054.877900362,32.426704719703089,111.546067655934877,-1.424678572268997,-0.257710284679595,0.965114203900141,0.017714803537636,0.042733690879462
84,1666286054.970954180,32.425236370787488,111.548548746276978,-1.426559230741733,-0.255780420746089,0.965611100435445,0.017140105014959,0.043333542191689
85,1666286055.070396185,32.422638703197855,111.550086959978330,-1.426683683201266,-0.253665205036968,0.966149722784400,0.018253689279732,0.043306809451381
86,1666286055.170017004,32.418920841929271,111.547594178333028,-1.429238298387760,-0.251737407203661,0.966668190413264,0.017759376006081,0.043191341972659
87,1666286055.269723892,32.415809051926978,111.537448850205962,-1.436193079113335,-0.251697897870582,0.966579928119194,0.018877147654476,0.044889464922800
88,1666286055.369852066,32.413064968796022,111.515684384603674,-1.441993120051692,-0.254156298255607,0.965842424183031,0.016008199594315,0.047924161453295
89,1666286055.470453262,32.408584871798411,111.482526480268902,-1.449179800698211,-0.258170229905055,0.964644797582081,0.014722687479523,0.050909619542647
90,1666286055.570751190,32.399080924147178,111.438938493597661,-1.459278218058859,-0.267355998784192,0.961880757048118,0.008533598921673,0.056862613588276
91,1666286055.671045542,32.379324749885122,111.382693628144310,-1.466005651695633,-0.278784981997424,0.958231111976493,0.013095031158570,0.062454703681522
92,1666286055.772658110,32.343297550417198,111.313474906632635,-1.471379202769107,-0.287824959234890,0.954852172067140,0.023898885217209,0.069591419194282
93,1666286055.874893665,32.290508634717462,111.234241380733081,-1.490688795884124,-0.301412182849972,0.949644817840106,0.033555183965953,0.078736685274772
94,1666286055.974985361,32.225285089422236,111.145720379461565,-1.516811800933212,-0.322755735813171,0.941525450963677,0.038791066270367,0.088621743183896
95,1666286056.074636221,32.153291850695176,111.042133730272226,-1.518318405593282,-0.358060253528241,0.928370139850397,0.039507415081994,0.091437970400622
96,1666286056.176560402,32.079785209968044,110.927727402024914,-1.510210962426804,-0.382546679991909,0.917521099580911,0.047031168673448,0.097985400056399
97,1666286056.277864218,32.011681003231381,110.817834251195450,-1.509638180937514,-0.411015390462434,0.904196053683736,0.049888986173784,0.104913937893514
98,1666286056.378151894,31.949825897465089,110.709685253586386,-1.521694777112169,-0.438117373558207,0.891740671115410,0.043892847041451,0.104523492305280
99,1666286056.479974270,31.888072742404098,110.593840178398139,-1.538663652425686,-0.454760731711226,0.884828504000403,0.031535612839832,0.096315629700977
100,1666286056.578709602,31.827213869225485,110.473986888001292,-1.537048095056003,-0.467664564702405,0.880112777026867,0.013285206900621,0.080714669753237
101,1666286056.680282354,31.761890463028553,110.336630989340179,-1.523752124062365,-0.475462052510758,0.876464904528354,0.001488903214068,0.075781864054538
102,1666286056.779546976,31.688652490471068,110.189545983537101,-1.508085854179640,-0.482107879357913,0.872022909066445,0.008811241925708,0.084085674998999
103,1666286056.878296852,31.613454381899139,110.045535125873414,-1.524073410002106,-0.488914706978896,0.867575524233047,0.010639795096181,0.090343310830445
104,1666286056.978349447,31.543364247936772,109.905526845793716,-1.555883360285715,-0.514778447825455,0.852760412549242,0.005334882949058,0.088172373605243
105,1666286057.079334497,31.477916923057098,109.765379646485187,-1.551077502017742,-0.535522983192028,0.841528764114143,-0.003044711170440,0.070959166959055
106,1666286057.178537369,31.418215871782422,109.621192038916703,-1.526584818521945,-0.538177985216765,0.840514978345648,0.000271988547006,0.062441600130588
107,1666286057.278127670,31.363586831267874,109.477185881019224,-1.513886289554463,-0.556727168915580,0.828448608109433,0.004098284332011,0.060917708249084
108,1666286057.380036354,31.309824583877599,109.330556537929496,-1.538849293269201,-0.569159775952855,0.820432156152831,0.003027809009320,0.054213088459481
109,1666286057.478983164,31.252634879689207,109.181795504135323,-1.568316386796560,-0.561471819971303,0.826170891275765,0.000568614757082,0.046805239706467
110,1666286057.579030514,31.187724450931331,109.020773939774855,-1.564029214109490,-0.547824151590474,0.835451660678040,-0.005775550642201,0.043311252801816
111,1666286057.679892778,31.123220284182992,108.848858541139947,-1.540031197606488,-0.534677922799609,0.843228958596637,0.007713427744731,0.054999502608240
112,1666286057.779761076,31.065051306601877,108.685128560360056,-1.538916493009744,-0.508016009056768,0.858854424412244,0.023466853474129,0.061140158632199
113,1666286057.878564596,31.015251892181649,108.532955340450968,-1.569826061287764,-0.514153717040689,0.855252288824061,0.028290119389197,0.058216379648625
114,1666286057.977205038,30.968052952299235,108.387061788954483,-1.581487727237982,-0.534361569140962,0.843771368583914,0.023608554664346,0.044161375996445
115,1666286058.077413559,30.917729421343346,108.234459133006027,-1.561805926129359,-0.543533726130940,0.838672881232187,0.013318168789311,0.031961120506293
116,1666286058.178535700,30.870330662196661,108.068288770540505,-1.535840380350205,-0.563625660120534,0.825053494624126,0.016055649991100,0.036811171749519
117,1666286058.270189524,30.828097918351702,107.915863670946138,-1.542582501730692,-0.575215838566900,0.816879094059282,0.020385929207322,0.037678888532168
118,1666286058.370990515,30.779419853695572,107.743609891865205,-1.578477780183438,-0.569784915472563,0.820589967933042,0.024805259010778,0.036904657605534
119,1666286058.472619772,30.726099576437658,107.570877716199803,-1.589361467606182,-0.549947647602264,0.834286424603749,0.021165199927503,0.032799099540369
120,1666286058.571711779,30.670456857353038,107.404729842998293,-1.569821406704866,-0.545408532900203,0.836981973890028,0.020019707494575,0.039873787563170
121,1666286058.671566963,30.611479235962580,107.243521408933674,-1.549838838133539,-0.535092379500268,0.843141027323336,0.023878121996757,0.047108266098400
122,1666286058.771391392,30.553313739999538,107.094367866195995,-1.572897765127585,-0.530218152444085,0.846324157015031,0.015825845786732,0.048514685165558
123,1666286058.870943546,30.497560555951978,106.945809735150675,-1.605610480302021,-0.552299673438833,0.832441759120158,0.007242657268723,0.044196519184007
124,1666286058.970266819,30.438960448234276,106.786821544822288,-1.593734228378746,-0.551309810052591,0.833405002531967,-0.001081885782427,0.038631911907406
125,1666286059.070777893,30.383030535295738,106.611794945304524,-1.569002702752693,-0.559620689058500,0.827308842388572,0.007024428399208,0.048326194646740
126,1666286059.170503616,30.332899630759734,106.438867840032373,-1.573356688336994,-0.570723571026448,0.818982214061729,0.014813047880667,0.057648175494563
127,1666286059.271680355,30.284497957858047,106.268335565370634,-1.611911101932364,-0.560725581497591,0.825638785417413,0.022385256347585,0.058363675063349
128,1666286059.370940208,30.232900893413579,106.105171144760632,-1.623363169067693,-0.545715764792934,0.836001696436501,0.017603911924708,0.054640368746036
129,1666286059.470929861,30.176764222706378,105.939537052137240,-1.599146747191861,-0.537979532618620,0.840684152296811,0.017747583913823,0.059272268605684
130,1666286059.571395159,30.116994206280150,105.780244292536977,-1.575512811554092,-0.512150320717619,0.856157066582727,0.027613863833884,0.062726396783689
131,1666286059.672272921,30.057028887277060,105.635436794676565,-1.594310983458734,-0.504217638334480,0.861217497896750,0.019484093704785,0.060740139951801
132,1666286059.771320343,30.002099056442990,105.495130412257652,-1.624472671914315,-0.521589605973217,0.851585255533688,0.007494449295199,0.051871656307564
133,1666286059.871631861,29.947712759931498,105.341595873081189,-1.610647699501796,-0.520724318975419,0.853049728955465,0.005957248636721,0.033419376793616
134,1666286059.971714497,29.894696510496299,105.175501424200334,-1.584604401045137,-0.531461576605641,0.846184616087398,0.010002901897334,0.037684612808175
135,1666286060.071663857,29.844794468326867,105.011254036788117,-1.582610703221054,-0.550677954861037,0.833459340388772,0.013301196830031,0.043845137833840
136,1666286060.173181057,29.796313195329461,104.851509208188702,-1.614347124444505,-0.548347847912534,0.835170955896172,0.012887244652152,0.040472596191036
137,1666286060.274860620,29.745705474585669,104.695833120220428,-1.630149265324512,-0.539644854253953,0.841207342324339,0.001456949904192,0.033933991716711
138,1666286060.375129700,29.689091806413263,104.536259460073694,-1.606438772845765,-0.540623160528448,0.840422666864445,-0.005352468183598,0.037251716806472
139,1666286060.474674225,29.629753401191181,104.375607708069069,-1.583159614329436,-0.534579477303927,0.843971357481253,0.002529302382429,0.043940104985881
140,1666286060.573921919,29.569277420956038,104.219869652604459,-1.604684268224084,-0.523733043270105,0.850501890472496,0.004860142751819,0.048234973848619
141,1666286060.673921347,29.510603691667431,104.062298226490569,-1.641864575477536,-0.537927735812219,0.841661756545483,0.005841196371645,0.046958695016567
142,1666286060.772815228,29.451763287267703,103.904019379052073,-1.635818814952125,-0.541054682908352,0.840087065748908,0.003175781970349,0.038774559613371
143,1666286060.872285128,29.393230695935298,103.737884055042130,-1.607617747351311,-0.558700655658664,0.828097883790183,0.009583359783776,0.044895784257025
144,1666286060.972722530,29.337499193791857,103.575756770472452,-1.601923802019106,-0.578936078031975,0.813529654344867,0.011935183104455,0.053479626576294
145,1666286061.074862719,29.283375169214867,103.418227448188546,-1.636148286313710,-0.580898015003626,0.812090848272851,0.013316254731595,0.053745954975713
146,1666286061.175931454,29.224948048488212,103.263302464116450,-1.659445171142634,-0.570528627811071,0.819630390334768,0.005285009505201,0.051722110960610
147,1666286061.278598070,29.160822838009768,103.097496821521176,-1.644314390125400,-0.564020024833388,0.823968065137719,-0.000968685076211,0.054379231967468
148,1666286061.379537582,29.096859149615540,102.931415615494657,-1.620082390768504,-0.547220156083186,0.834632598260885,0.011035661415510,0.061779777222805
149,1666286061.479322910,29.033668850403071,102.777083258517095,-1.630667203917004,-0.531936544658622,0.844227451318728,0.014171350091690,0.064208221694036
150,1666286061.579384327,28.972691181876758,102.626935304751811,-1.667740363111928,-0.541058817306594,0.838868580279556,0.007824289998768,0.059107036134174
151,1666286061.678039074,28.911857565618799,102.470070939471213,-1.664527379779803,-0.543960628831516,0.837810699591241,0.006578364838384,0.046225437236557
152,1666286061.770137787,28.852963195422479,102.313990762760156,-1.637141188902126,-0.546571469469354,0.835855425122159,0.010441536516305,0.049963100095409
153,1666286061.869822264,28.791772713574336,102.147168459871608,-1.627459971462866,-0.567915013906636,0.820902083924283,0.013128511389795,0.058480319568914
154,1666286061.971285820,28.733359750756357,101.984390116876042,-1.659657875727689,-0.572778785288452,0.817440341927155,0.011482226029889,0.059865758150222
155,1666286062.071932077,28.675168734440302,101.827646271537574,-1.687981427536440,-0.555717339885235,0.829634456641446,0.005048139102400,0.053473571002265
156,1666286062.170787096,28.614720721152761,101.668142335249001,-1.670554952288943,-0.546290239206660,0.836056387217442,-0.001245863395924,0.050745834950734
157,1666286062.271180153,28.552683387281071,101.502567769645424,-1.641337659871536,-0.531206646190065,0.845528031699016,0.009066134497364,0.053100394160174
158,1666286062.370701551,28.491651843456125,101.345504303083686,-1.647137545297453,-0.515589705127538,0.855304459492365,0.011590201134143,0.049871883628374
159,1666286062.471326351,28.432956704498679,101.191212918161455,-1.679876272786459,-0.525298638283414,0.849888350143322,0.006145662224455,0.041392798215095
160,1666286062.569639683,28.376853536000052,101.041496469553849,-1.678664900149694,-0.537688795206016,0.842840850138098,-0.001069366458992,0.022559195547909
161,1666286062.668780088,28.319666146852430,100.883997655804777,-1.648013226184959,-0.551408844821413,0.834020837327514,-0.001601337007689,0.018840500949129
162,1666286062.768300056,28.266909120479738,100.727611851845893,-1.631358346996203,-0.578831086475179,0.815222508831981,-0.001465302816395,0.019096787984156
163,1666286062.869256496,28.216089423075370,100.570127289539656,-1.657649760816581,-0.586053471330441,0.810175450139398,-0.001435962869123,0.012450170424612
164,1666286062.971640587,28.160366347528178,100.406628878812668,-1.691319523239522,-0.562648032851990,0.826668656798321,-0.003262598243620,0.005956378744428
165,1666286063.072729111,28.097724960669083,100.238104236521508,-1.681716751975222,-0.545439167791618,0.838134739363627,-0.002925203512163,0.004209049187752
166,1666286063.173422337,28.028659120256155,100.066792739361517,-1.652560651401600,-0.533376487428674,0.845717267346034,0.006661010390832,0.015081687955262
167,1666286063.273010969,27.957876474794297,99.903868788144422,-1.658840597400841,-0.526058845311846,0.850057629925498,0.008399327765582,0.024363258560754
168,1666286063.374027491,27.891727726966955,99.744194061824359,-1.696371015314214,-0.533158573770897,0.845602809356026,0.002878038861799,0.026259111106230
169,1666286063.471744537,27.836005958690500,99.593922345940840,-1.700898093289655,-0.555630812419380,0.831344395719479,-0.004409524516435,0.011020530365327
170,1666286063.572659731,27.775893579939048,99.437602017792827,-1.674469658369926,-0.550739522394257,0.834540954842153,-0.012992007677229,0.007653816081438
171,1666286063.673317432,27.717858306306702,99.279093644208018,-1.651964821096286,-0.581395246741116,0.813426333419195,-0.012691596110680,0.012493620580324
172,1666286063.774452925,27.657085675705087,99.122320699704659,-1.668320364203762,-0.584408213933234,0.811146305135678,-0.018492780102224,0.012912328844807
173,1666286063.875754833,27.594803305265991,98.964943035330634,-1.699987007031943,-0.566809593632380,0.823375457374929,-0.024705031607951,0.013015458968956
174,1666286063.976192474,27.530452815912607,98.807971481143284,-1.690545158767910,-0.552907285598022,0.832273070089173,-0.035885651302091,0.018091168220857
175,1666286064.076357126,27.464472327443996,98.650342263930014,-1.660549059469024,-0.544854642602175,0.837421585413440,-0.034187621881111,0.026262391905748
176,1666286064.177196264,27.399959136220104,98.493943537319694,-1.657028284889372,-0.527500514861735,0.848551893523201,-0.029781532915583,0.028564858060091
177,1666286064.278031826,27.340472350833707,98.336500097168638,-1.686340321077261,-0.528213941310435,0.848121172672065,-0.030382089337565,0.027521579136064
178,1666286064.378612280,27.284638467839947,98.175633692971189,-1.685240992750905,-0.544717309665437,0.837773704827940,-0.032119634285761,0.019662175440827
179,1666286064.477805376,27.230839872759304,98.006542635287374,-1.648730932574241,-0.551911788737783,0.833362650146320,-0.022779685382114,0.019523235573396
180,1666286064.569322109,27.182860244661018,97.851169928094976,-1.628996317510949,-0.564416060632569,0.824814299369019,-0.015636372199868,0.029519246616963
181,1666286064.669236898,27.132377825012810,97.687253272617042,-1.646626489679869,-0.580269053192653,0.813674190804741,-0.009579547788930,0.033620966513637
182,1666286064.770092726,27.079797463753405,97.526180803288199,-1.672694960298871,-0.583035155428760,0.811633855329728,-0.013515393758443,0.033731684635065
183,1666286064.870392084,27.022146155828800,97.364931546892066,-1.657464572595924,-0.579438889785377,0.814122094279065,-0.022793618761474,0.030598031876515
184,1666286064.970402002,26.964174759102221,97.195210346847290,-1.627927217916017,-0.573197995951411,0.818391234367809,-0.013020877604155,0.038862600191417
185,1666286065.070799351,26.904251676552093,97.023123087719270,-1.620237351364968,-0.556764466241993,0.829334904385356,0.002607893603736,0.047012172778467
186,1666286065.170828581,26.839962145268217,96.854530641965724,-1.649077741977084,-0.560651414903217,0.826326049417683,0.011192914334596,0.052249111853548
187,1666286065.269547939,26.770892561967138,96.689019991720357,-1.666874901535339,-0.572207904815826,0.818167135732238,0.011771656796887,0.055155052082690
188,1666286065.369988680,26.699343505356413,96.514528247404073,-1.638047287946178,-0.574298707631699,0.816566938167925,0.020240912741717,0.054678472500635
189,1666286065.470557451,26.629784934659359,96.346788923071969,-1.608749769139196,-0.576307245415612,0.814098286383941,0.027275036577104,0.066106061506619
190,1666286065.569138288,26.569466607485278,96.197031611371372,-1.610513458702264,-0.595359877703857,0.800116763944179,0.024797561439571,0.068882951610637
191,1666286065.670515060,26.510959182183214,96.047262033042841,-1.638673798355065,-0.592167540058101,0.803040260502172,0.020052073931694,0.063732714089227
192,1666286065.774505854,26.449750530889087,95.884272672732322,-1.644492308843674,-0.575667384050576,0.815720437450343,0.010863619669217,0.055580685798844
193,1666286065.874069929,26.389256838092106,95.715035647602988,-1.621303680510757,-0.559962496412019,0.826334173884553,0.011557124423723,0.058993801009996
194,1666286065.974673271,26.327772910922164,95.543276023165888,-1.596144875913053,-0.544054802789741,0.835660580433317,0.023361421303442,0.071624087191046
195,1666286066.074643850,26.273978508324575,95.383782668900182,-1.604233233486623,-0.540571518172207,0.837672561038562,0.026006702593023,0.073557906742438
196,1666286066.174515247,26.224650191494518,95.228148270519952,-1.622910283919175,-0.548482160161792,0.833013657426246,0.022459275618393,0.068928567838748
197,1666286066.279039860,26.169772456582635,95.051460420356690,-1.594571269032238,-0.552511698967813,0.831015948185879,0.019557976298624,0.061325377516391
198,1666286066.370156050,26.123797768975393,94.891609449254105,-1.558468940577844,-0.562070536330242,0.823883366285706,0.024038527978863,0.068666295369541
199,1666286066.470286846,26.081911568213272,94.724716287548631,-1.538384171800350,-0.584050903121230,0.807982482445392,0.026049132112933,0.073282285313855
200,1666286066.570107937,26.047940733933398,94.566932511091551,-1.551869926622251,-0.597722357204365,0.798504827602123,0.022020571732919,0.068067014145739
201,1666286066.670517921,26.011237332038302,94.407704560823845,-1.548296121850108,-0.587385074256347,0.807155906000573,0.014978628761587,0.057041727092382
202,1666286066.771121264,25.972114287583381,94.244855777231578,-1.514973962259817,-0.579274426245060,0.813694506889485,0.004738945327365,0.048165661560076
203,1666286066.871665478,25.930979039431065,94.078163436702781,-1.483288125054600,-0.573652627240143,0.817294158492217,0.012331267416816,0.052923166939212
204,1666286066.972136021,25.888044554571479,93.915066722092192,-1.479014952181011,-0.560427864530297,0.826410304513254,0.017648866899416,0.051527999665115
205,1666286067.071060896,25.843195553594384,93.753103176211795,-1.495964673126551,-0.561948401852086,0.825487535984444,0.017309111078806,0.049846928329426
206,1666286067.171165705,25.794323005810011,93.587986998825301,-1.481355350456252,-0.572550342568268,0.818708401208689,0.010868402723898,0.042243778683998
207,1666286067.270013094,25.745514432293184,93.420665233876875,-1.446096341193667,-0.582139436249162,0.811796826472474,0.006253979040120,0.045392477778750
208,1666286067.370248079,25.698099872395826,93.254892811857886,-1.420431994190835,-0.600920221574480,0.797444032346308,0.004197416269350,0.054408494509591
209,1666286067.469512224,25.656519369086858,93.098149722585973,-1.429906374086579,-0.621029020355891,0.781825561426952,-0.004868946478911,0.055209063888271
210,1666286067.571842194,25.612611664933247,92.932361875298781,-1.444434830776347,-0.611761305371658,0.789156360462598,-0.011636821948853,0.053337869908003
211,1666286067.671831608,25.562620120677117,92.761871918069559,-1.418681648423580,-0.602528208375030,0.796004020374326,-0.023064651274660,0.052965833533183
212,1666286067.773773193,25.512019624267634,92.584585031403279,-1.385673517400524,-0.585189513335688,0.808465664828824,-0.014179008550304,0.061118393232801
213,1666286067.873291016,25.465860966028504,92.420624315434708,-1.372781347519287,-0.558158662712175,0.827172754093949,-0.005342360836670,0.064927662091586
214,1666286067.972327471,25.423017066250090,92.264163850543582,-1.389688475952718,-0.548802738139040,0.833945424766491,-0.002609504137110,0.057825371683095
215,1666286068.071671724,25.377653828653585,92.102573510394890,-1.385418795286730,-0.554093738103820,0.831130268246651,-0.004846828564237,0.046680990255723
216,1666286068.171193361,25.327991963183333,91.926006391495221,-1.345176729358238,-0.550228322292861,0.833930856390263,0.000521175902642,0.042518801519612
217,1666286068.271748066,25.277401587072774,91.744393368949460,-1.316006940244774,-0.559265463854587,0.827231299444621,0.014646854768470,0.051922902500425
218,1666286068.371105194,25.232534524128003,91.573289463931602,-1.323443394017147,-0.572652372284148,0.817486095908053,0.020620914197990,0.057970004415954
219,1666286068.473614931,25.188292932833875,91.400666486254281,-1.342529983188728,-0.567632113487495,0.820958330978342,0.021465101125335,0.057969405453682
220,1666286068.572986841,25.143408380547807,91.233918690074873,-1.319926921518672,-0.557523883099760,0.828514300960823,0.014186739741823,0.050298203668339
221,1666286068.672326565,25.099890057462318,91.068232429249662,-1.284972782096149,-0.551005130533951,0.832800264122860,0.017644732077558,0.050256637691650
222,1666286068.772442341,25.054230713140544,90.906407500563375,-1.264570540722956,-0.535333679693560,0.842836537153905,0.024872304811519,0.049252324590125
223,1666286068.873988152,25.005922856748654,90.744396474055577,-1.278271130467021,-0.526280177181563,0.848789767587615,0.026826660662941,0.043190691381130
224,1666286068.971836090,24.955979064828192,90.583595145276277,-1.280295716059402,-0.538909347434821,0.841204468393891,0.022807566040248,0.037836127350022
225,1666286069.071214437,24.903018861772715,90.415884148627896,-1.246853547150736,-0.546403742793903,0.836918811202312,0.016375237519422,0.027234259907447
226,1666286069.172208548,24.851368887539017,90.238620944768570,-1.213720644802074,-0.562911151104041,0.825434927762224,0.022846499516880,0.035584455211797
227,1666286069.271242380,24.803159319098608,90.070857588259301,-1.205831662433007,-0.580686646918985,0.812635102190444,0.022941535512594,0.043599251441247
228,1666286069.372986317,24.754388880990867,89.904723092161007,-1.225064967920169,-0.582804731230013,0.811138587288583,0.020709491130649,0.044316525636663
229,1666286069.472521544,24.702449359328689,89.743302084454157,-1.214462652761550,-0.583226701634563,0.811231884459051,0.008583719446942,0.040936095294272
230,1666286069.573829174,24.644954606239988,89.574785109544337,-1.177864528770929,-0.571742298370939,0.819332213514360,0.004908860508405,0.042206293839715
231,1666286069.674410343,24.585713219690902,89.406945029805684,-1.152656059500036,-0.551090230187435,0.832874829866973,0.014261603020755,0.049149594558843
232,1666286069.772325039,24.525441637011280,89.249731113571059,-1.162029676305443,-0.533720238772751,0.843950783817332,0.017268389721161,0.050907601936315
233,1666286069.872247696,24.461973336779536,89.093605935563801,-1.177904987324790,-0.539762579103892,0.840151860054964,0.012614861943176,0.051401123562178
234,1666286069.971457243,24.400154025684724,88.937102351488392,-1.150330024602268,-0.543948932425389,0.838089165970573,0.005314126832754,0.041205204186305
235,1666286070.071413755,24.343643066265273,88.767482443121153,-1.111296271820546,-0.539311917161782,0.840783549024489,0.011958747403939,0.045636258146305
236,1666286070.172033787,24.292592330363249,88.601264509838956,-1.097288826514971,-0.553734126154092,0.830797783351931,0.015122747344504,0.054082004610009
237,1666286070.271643877,24.243953832395217,88.447224001111437,-1.115984901635112,-0.558136632428759,0.827944919445079,0.013930651499645,0.052883332487293
238,1666286070.372310877,24.189845070969433,88.292476376298168,-1.112732453459953,-0.553066435559729,0.831604631888775,0.001479645864632,0.050488263255002
239,1666286070.474032164,24.131096648377500,88.131909504635274,-1.078779126712614,-0.541489204547773,0.839406962809247,-0.009339769932529,0.045805685708036
240,1666286070.573383093,24.074087700618914,87.968425417257464,-1.048974349965035,-0.527488669679125,0.847827115503086,-0.003351887059238,0.054163183353687
241,1666286070.672811985,24.019156648618377,87.806314300298681,-1.053357822871530,-0.511033732162002,0.857812002187031,0.005115362566310,0.054561218482243
242,1666286070.772909641,23.966443549194064,87.642371401581741,-1.074321794365488,-0.515847578036715,0.855095944458091,0.010518400024227,0.051005541521597
243,1666286070.871803999,23.909876042817821,87.479241919586244,-1.053002105723414,-0.525725085971932,0.849705962400658,0.006085389939536,0.039697348398357
244,1666286070.971676111,23.846069804454277,87.303696087031327,-1.016878210459224,-0.525184962577784,0.849904490860115,0.012835540925568,0.040967796952337
245,1666286071.071257830,23.779847073533251,87.129860840716802,-0.998710626344873,-0.539299738313266,0.840233737045171,0.018037089845286,0.053270280422216
246,1666286071.171561480,23.715114984363385,86.963186171775504,-1.018663567073260,-0.553905170032671,0.830284850377756,0.019353587916405,0.058664882843373
247,1666286071.272035837,23.648364179606183,86.795388418486311,-1.030446754413932,-0.547238096011569,0.834451455030341,0.011261047414171,0.063987688522996
248,1666286071.372829199,23.578611829396436,86.622884763725096,-0.997816872778153,-0.530340709533429,0.845321313912572,0.005891343160451,0.064310964325442
249,1666286071.473731756,23.512729913467332,86.455769176099579,-0.962866573892016,-0.517147574713159,0.852791935093502,0.012477429171896,0.071753851248821
250,1666286071.575345039,23.450068562587962,86.300901341531940,-0.953369961514745,-0.493938349362912,0.866749583272855,0.015281874355317,0.067353776740153
251,1666286071.673223734,23.390955162711077,86.155289554833274,-0.966547926041432,-0.488839369372977,0.870422730919853,0.008928215121699,0.057624885455824
252,1666286071.771727562,23.327298308109789,86.003616249778617,-0.955287789202232,-0.497105815295595,0.866675909466624,-0.000946553300279,0.041925891598765
253,1666286071.872212410,23.257300291505477,85.833886882278236,-0.920913277964237,-0.500180391219191,0.864896595135169,-0.004581974779125,0.041862411188706
254,1666286071.971052170,23.192069232052429,85.660578744331090,-0.894112058501436,-0.528887859280168,0.846955251937838,-0.002929211019460,0.054183514501723
255,1666286072.072623014,23.134124671832097,85.489042310625237,-0.907240226526804,-0.543948844708460,0.837383614308690,0.000762135621026,0.053923612424822
256,1666286072.173306942,23.076891663087743,85.319888139288025,-0.921591790035663,-0.538937582277163,0.840638348120442,-0.002718559603819,0.053535591079773
257,1666286072.274037838,23.012016328848826,85.151631401359580,-0.893315032541939,-0.534018295483717,0.844079260044436,-0.011566912239369,0.047126100971212
258,1666286072.373702765,22.945529360174913,84.988694710062646,-0.855979435339299,-0.525373314910379,0.849297551467186,-0.006046745081876,0.051380793355471
259,1666286072.474991322,22.872932771612600,84.831352155030416,-0.842708541599035,-0.506145032081719,0.860903172278966,-0.002696971538811,0.051533103957820
260,1666286072.573498487,22.800301967863039,84.678539318661791,-0.862666641775035,-0.508529661077097,0.859712246325279,-0.002930415563996,0.047789643101599
261,1666286072.673224211,22.722061382608132,84.522215181566736,-0.856101732769777,-0.514169681467631,0.856804252323164,-0.007253174822240,0.038254454844061
262,1666286072.774304390,22.639809281009935,84.348496779551539,-0.814790240782548,-0.508684524788491,0.860141982970988,-0.001376555748548,0.037335351420801
263,1666286072.873063564,22.565201956447520,84.177902080462616,-0.786525297158132,-0.522826931673099,0.850944241760428,0.004255037893149,0.050277147737220
264,1666286072.971903801,22.502304446957655,84.018437457002193,-0.795092287746245,-0.543114923444337,0.838073502539890,0.007363856511872,0.051036828759680
265,1666286073.073023796,22.446897549512453,83.862806073464796,-0.811063321891441,-0.544769899905704,0.837455537556091,0.004227680577394,0.043314033410699
266,1666286073.173854828,22.389291657287632,83.707362424911935,-0.783213724083913,-0.535168553234788,0.844279161052295,-0.006963276090236,0.027181439025715
267,1666286073.274755239,22.327070616410900,83.543879221646023,-0.740605712082053,-0.526446231337147,0.849850875420696,0.000836400578635,0.024640525393401
268,1666286073.374998808,22.259288071782276,83.386005777956484,-0.723099680660578,-0.506040364628531,0.862080703959680,0.010467258937632,0.025108678128053
269,1666286073.474313974,22.183731319603130,83.233198489102477,-0.742392819099024,-0.503215919970321,0.863702954805645,0.010736231624317,0.025993789237652
270,1666286073.573274851,22.099199236629108,83.081367438856816,-0.751783907134710,-0.514178657371293,0.857290274665347,0.004414314441318,0.025577472433407
271,1666286073.673290491,22.007160589027240,82.917176734832623,-0.715070855632110,-0.514792299541583,0.856942213598445,0.004112131827251,0.024940353997504
272,1666286073.773130417,21.917637656345640,82.751764393329097,-0.681811330906523,-0.522511064187519,0.851533424517766,0.004573695864683,0.043035985370508
273,1666286073.873548746,21.842312390466958,82.594564749735980,-0.681205466158982,-0.548422787290800,0.834785387439201,0.002772299615932,0.048560453591506
274,1666286073.975092888,21.776482422355276,82.439843774254925,-0.703706315371671,-0.547844682485578,0.835403866830001,-0.001696561510283,0.044313709354996
275,1666286074.074988842,21.711797826106025,82.285874560342535,-0.694403457405467,-0.536062511184599,0.843672252591662,-0.009345166570935,0.027690831896770
276,1666286074.174575329,21.641288083009069,82.125540506342404,-0.661754766829139,-0.526417231529715,0.849862107887451,-0.014180152416024,0.020450408385846
277,1666286074.273945570,21.565742622293175,81.967109098180359,-0.632692425761683,-0.510405821342426,0.859567161810514,-0.007968165413494,0.023805466110218
278,1666286074.373153448,21.485726221920462,81.815081470378971,-0.639411417209600,-0.493171089977665,0.869676539371438,-0.010911678068094,0.018053480520397
279,1666286074.472635984,21.397255343602573,81.662597118641571,-0.661016187257894,-0.493126446003610,0.869715157802779,-0.013534687879890,0.015448778719708
280,1666286074.571808815,21.302458426519721,81.512935187099004,-0.641501890084009,-0.494106581969883,0.868865565842074,-0.029630442010126,0.007304180601351
281,1666286074.671696663,21.203689736346732,81.351496395471315,-0.605488034259587,-0.504264647930473,0.862731221821121,-0.032561655455201,0.018754795029779
282,1666286074.771180868,21.116468638690815,81.190315255156960,-0.589357931444491,-0.527930212200958,0.848184977079153,-0.034325210805879,0.026338481463826
283,1666286074.872843742,21.040196289811750,81.028742344658198,-0.613039167366553,-0.524823125050767,0.850412232985358,-0.029030969358362,0.022735967516645
284,1666286074.974699020,20.963484803712092,80.867282453715731,-0.615830874067555,-0.505900665456570,0.861935892965408,-0.029993577595390,0.015212442655741
285,1666286075.075132132,20.875214012565131,80.699817942825717,-0.579645031620080,-0.485741618632772,0.873479840025554,-0.026782685499876,0.019254525555392
286,1666286075.174508572,20.778341962685779,80.538624645568191,-0.552224798154092,-0.465793984354107,0.884131947313486,-0.014978869350436,0.033500706741396
287,1666286075.273711920,20.682139671448155,80.391205535073937,-0.568043279151159,-0.438517335971889,0.897806459110041,-0.013829544220368,0.038142518782381
288,1666286075.373314381,20.587488478287977,80.248840153255273,-0.589063858293102,-0.436443362296951,0.898604918941599,-0.024355837340089,0.037857421311516
289,1666286075.472116709,20.492905612009473,80.107794015786865,-0.565857037249446,-0.446135638989659,0.893763188940739,-0.040265429840828,0.023001062529876
290,1666286075.571632624,20.398278942953834,79.949392893218132,-0.530441574984982,-0.449383224029477,0.891928386700198,-0.039638456578456,0.030777649672005
291,1666286075.672137260,20.308772639606651,79.785408797399583,-0.513276266815770,-0.471411763793280,0.880565332914122,-0.031196848545238,0.037448632391538
292,1666286075.773041487,20.219483115718081,79.621686748078361,-0.535341625875442,-0.463618146388434,0.884793633750173,-0.022237540894403,0.041278708670304
293,1666286075.873991728,20.123715111006028,79.464103246291032,-0.542479353746198,-0.458297417516301,0.887337114651563,-0.025969927520978,0.043839307981348
294,1666286075.974390507,20.019504638003145,79.311216939316566,-0.514141627591863,-0.438285556517411,0.897110660458630,-0.029960742638018,0.046910422512298
295,1666286076.073998928,19.914718660811484,79.160652823429729,-0.486693004030941,-0.420270632165760,0.905310289063824,-0.017960549681239,0.058849765584207
296,1666286076.173278332,19.818190641814748,79.019161870681586,-0.493027328186153,-0.398081390879449,0.915034668925266,-0.016112704968891,0.063112135432879
297,1666286076.272859573,19.728102520361819,78.880641354264952,-0.514403109591103,-0.407203430920504,0.911521552900827,-0.018451883855886,0.054528455195469
298,1666286076.372108936,19.634158938706143,78.738435028425570,-0.496855454547761,-0.418247189019560,0.907158432957558,-0.026700809967232,0.037682000189976
299,1666286076.472013235,19.531387021617359,78.579935212150474,-0.459583813576762,-0.421703369317410,0.905588848116132,-0.021043307637478,0.040401555387334
300,1666286076.571804047,19.431730429188541,78.423157013612510,-0.442967926449919,-0.441165179771342,0.895793778404660,-0.017925763742362,0.051043684458264
301,1666286076.672390938,19.337370380867092,78.271048477320122,-0.467990884760751,-0.444111520533075,0.894330245350788,-0.013969365572103,0.052375818906373
302,1666286076.772520065,19.240718712209400,78.124262341326144,-0.479245526878506,-0.435543595115667,0.898812673736901,-0.016479551624373,0.046540075869113
303,1666286076.873123407,19.135508034170847,77.982882361949592,-0.446034896646796,-0.416109629372611,0.908031961546055,-0.022742504421518,0.042585345447116
304,1666286076.973234892,19.029314195122275,77.853352622817013,-0.411667446165091,-0.389623325845544,0.919802057746394,-0.016388462328717,0.043465582074294
305,1666286077.073318005,18.923250418031326,77.737387464893644,-0.416586164932403,-0.355187389717223,0.933861631898083,-0.017514437849374,0.037915895365060
306,1666286077.172505617,18.816326761005406,77.624190896203459,-0.435254456530402,-0.351698870795235,0.935405369616080,-0.023726710923061,0.027599673250502
307,1666286077.272158623,18.702713861178253,77.501134665090802,-0.410039672291616,-0.339728266708260,0.940015309723548,-0.027389718789272,0.014343137362115
308,1666286077.371785879,18.581522731224119,77.362198244884468,-0.366428377354103,-0.337613570928737,0.940863529605653,-0.018844109207626,0.020923549672796
309,1666286077.471794367,18.462921801213909,77.223007677701347,-0.353845206656473,-0.348537152260900,0.936559970567767,-0.014629182970966,0.034106627355498
310,1666286077.571300983,18.351572498494093,77.088006007959834,-0.381489832274036,-0.365737134773689,0.929776742353193,-0.014143161008707,0.039389448121281
311,1666286077.672144651,18.239471753769088,76.957705082716259,-0.395876972483118,-0.349518811708168,0.936132850720949,-0.018052092956262,0.034146859344292
312,1666286077.773035765,18.120445303959944,76.827750437101912,-0.367987607556504,-0.326592846238334,0.944328377009194,-0.024741195193483,0.031127197456944
313,1666286077.872882366,17.999532144687446,76.699940287517805,-0.337151022153795,-0.316160406454562,0.947612139515018,-0.020807020691540,0.040508003211680
314,1666286077.972995758,17.881943378233611,76.582175880182888,-0.340507573585056,-0.291119004760733,0.955612107438492,-0.018268812970980,0.041490669513950
315,1666286078.072614908,17.768874187370912,76.471499372995794,-0.367308281669878,-0.291162891944286,0.955763127355819,-0.022450145357819,0.035171092037040
316,1666286078.172216654,17.650510004665044,76.359427690089817,-0.358872693039129,-0.305466000054812,0.951550611799474,-0.028390810680423,0.020878646111977
317,1666286078.271851301,17.517908927870099,76.234267772995452,-0.319648323362519,-0.306080646263415,0.951455294289455,-0.021730994705516,0.023983844992940
318,1666286078.371986151,17.381220232943367,76.107735850498571,-0.299425780688299,-0.315210577764418,0.948197461181071,-0.012551080408968,0.037501155392343
319,1666286078.471801758,17.249745168715794,75.987352623908833,-0.321714653524650,-0.325756571004600,0.944316689296035,-0.011649327952022,0.044865799029629
320,1666286078.573159456,17.114690400213036,75.873899884253859,-0.346949105437824,-0.314576005929673,0.948143597630774,-0.014813829766993,0.042967490184337
321,1666286078.672710419,16.969873540766340,75.767060726367959,-0.324104669867146,-0.303961873853409,0.951649140130725,-0.019599925432553,0.039836368496814
322,1666286078.773149014,16.817162431043840,75.662466218768031,-0.293826019983474,-0.280517179600772,0.958478084009531,-0.013711170365730,0.049415364305537
323,1666286078.873565912,16.664652851089571,75.566916282754420,-0.295919278970590,-0.237487930673341,0.969649291816832,-0.008247971768564,0.057547411977565
324,1666286078.973336935,16.516296073509377,75.479574948784460,-0.324020469838699,-0.220303285046103,0.973848417217127,-0.007965218801792,0.054975250531778
325,1666286079.072426796,16.367581876001896,75.396303112456579,-0.317969278189956,-0.228969166193062,0.972435865545758,-0.016061664512418,0.041032076065154
326,1666286079.171205521,16.207137130301323,75.298460285442872,-0.280496346049479,-0.220822391629896,0.974344010817376,-0.011572162965971,0.041920221653163
327,1666286079.272013664,16.042717802867731,75.192326226747738,-0.259006236167802,-0.234959705471667,0.970224455612046,-0.013391955940014,0.057263409373506
328,1666286079.370983124,15.892391470064295,75.091050557533279,-0.279364864285338,-0.252444805415396,0.965659887023140,-0.011768718621127,0.060283497536695
329,1666286079.471823215,15.742365321719005,74.995794707278733,-0.299053915094495,-0.240631924316095,0.969177047602296,-0.010608406096744,0.051764747859111
330,1666286079.573302269,15.585702473965531,74.905561753993481,-0.275748270746624,-0.226560853730817,0.972889899003011,-0.023766999807670,0.039881746386235
331,1666286079.672980547,15.425303015959363,74.818928751382600,-0.242481451446849,-0.207981022607663,0.976779439918383,-0.023905259797170,0.045545126433368
332,1666286079.773417711,15.260996640036531,74.731815757465824,-0.239954501561886,-0.177277727117998,0.982754979842753,-0.022750729304830,0.047409507255884
333,1666286079.873232841,15.095346574744621,74.638177690154592,-0.268944260047291,-0.194075341177121,0.979261963759775,-0.032297433700213,0.048349188790651
334,1666286079.971298933,14.934387993171356,74.547777635802376,-0.269591355204957,-0.212066108644642,0.976010296056707,-0.035096844039360,0.034642157757490
335,1666286080.067366123,14.769656069357637,74.453681000994521,-0.245108704089979,-0.211169845310706,0.975914795212303,-0.039985236481025,0.037400398136096
336,1666286080.166865110,14.595491292852259,74.349372944838919,-0.219657248214081,-0.247035715917178,0.966965562534633,-0.038082876903820,0.050006503777982
337,1666286080.267911673,14.430990064957124,74.244044845781545,-0.235436700341705,-0.245858358400436,0.967509238127403,-0.029981791040363,0.050799940440781
338,1666286080.369123459,14.275340836017277,74.140445221963333,-0.256380472940922,-0.238771625123228,0.969988381748754,-0.021952990013315,0.040357360393389
339,1666286080.469888687,14.114785150191892,74.043660427607747,-0.235424932719780,-0.212586485944518,0.976587270836407,-0.011771349010007,0.030752622271038
340,1666286080.570328712,13.946189339695087,73.955969219711093,-0.203669574427289,-0.186606112369909,0.981791002338344,0.003375313071983,0.035400477614352
341,1666286080.668742895,13.778789845149959,73.879182970797430,-0.208654265708100,-0.168242925680735,0.985007236094048,0.003752949946274,0.037960218221865
342,1666286080.767486095,13.611095728750430,73.809286235002588,-0.238811400951689,-0.182146501855637,0.982528209395783,-0.008155602604083,0.037342412206967
343,1666286080.866736412,13.437244781087513,73.735508667525067,-0.225994515368596,-0.190184436428402,0.981088597360024,-0.017763884209784,0.031296783993459
344,1666286080.966532469,13.254882978868570,73.639545522993330,-0.186211701181548,-0.190402951090565,0.980349129883202,-0.015717267602822,0.049145368574822
345,1666286081.066491842,13.090925329717273,73.535505951475471,-0.174724055778798,-0.210315669241267,0.975817591487781,-0.005810811476138,0.059275474562188
346,1666286081.166778564,12.948568722034379,73.436305603963561,-0.202218547009673,-0.220268176079810,0.974139089588282,0.002616371801722,0.050280407130231
347,1666286081.267919302,12.806601866532235,73.345016991255179,-0.201428965260534,-0.207856600177183,0.977749237556751,-0.000606741290595,0.028314202884422
348,1666286081.368557692,12.650849490756878,73.257506782486189,-0.162750668564561,-0.200112575835053,0.979497254722676,-0.002277485235907,0.023127862944999
349,1666286081.468742371,12.488235289937608,73.179937400822723,-0.135197692069616,-0.186534850702224,0.982075202163528,-0.001020831756015,0.027055584848449
350,1666286081.568948030,12.324399365425123,73.111432037383665,-0.152156086808669,-0.169418557228119,0.985204827584537,-0.005059716281959,0.025361376973876
351,1666286081.669437408,12.157338567616650,73.043901354589366,-0.175214370525078,-0.180036832295962,0.983304278699951,-0.015162481050117,0.021668725749562
352,1666286081.766747236,11.991267759502991,72.975150218247720,-0.150891536453476,-0.195048864123531,0.980341913675137,-0.026941546185493,0.012642230223575
353,1666286081.866548777,11.818533603120400,72.891371636462068,-0.117753462550376,-0.212144733537148,0.976376433842449,-0.032595797394714,0.024923592472927
354,1666286081.966156483,11.657251823165229,72.799399054613787,-0.112838846495571,-0.241086764133201,0.969542233903087,-0.029010686262967,0.031990763050389
355,1666286082.066280603,11.500588757691537,72.705602111476239,-0.143830925280672,-0.252188570079401,0.966660771315230,-0.030125458052499,0.032562787022599
356,1666286082.167641401,11.338609791415619,72.620443470457033,-0.149484182991232,-0.237691396919389,0.970302275676963,-0.037172342609441,0.025189493673797
357,1666286082.268315077,11.179181267602235,72.537293646876435,-0.122108046953096,-0.221022890452412,0.974372249198734,-0.034417101083505,0.023728991560294
358,1666286082.368039846,11.022441814831870,72.458432678246382,-0.096220688867773,-0.195002905033318,0.979939131791491,-0.029196113973933,0.028995722807441
359,1666286082.467759848,10.867203759719006,72.380814219037404,-0.112479276091721,-0.187324431197148,0.981635047217229,-0.025569523578525,0.025463523233446
360,1666286082.567041397,10.707527434295237,72.300816301056614,-0.134120924104055,-0.203356429853546,0.978275310941040,-0.033486857818559,0.022410015481277
361,1666286082.666650057,10.537122169768530,72.213297470696233,-0.107291620855336,-0.213476378791028,0.976162038145236,-0.034867368846392,0.017882325691522
362,1666286082.767580986,10.359469683727252,72.108413404969625,-0.074855567744954,-0.234054644146723,0.971153576016352,-0.029096770766142,0.035107453268290
363,1666286082.867081404,10.198566399206287,71.997467220003230,-0.076469706956474,-0.259082441226815,0.964241248791466,-0.027510964350321,0.048561812337916
364,1666286082.967966795,10.049369779961902,71.882146165622103,-0.108245873113144,-0.265026809210558,0.962884355510617,-0.017754041017154,0.047951041074572
365,1666286083.069480419,9.899306693558577,71.766443599006308,-0.100890716565224,-0.251404126309061,0.967010343665255,-0.013133119545984,0.038916342199317
366,1666286083.170722723,9.744874717388239,71.648016812534379,-0.064970315731440,-0.241536820286218,0.969348571960593,-0.001323227258189,0.044961756567179
367,1666286083.268967390,9.595900241157526,71.539874099625010,-0.044519375850418,-0.229590909336621,0.971705658902660,0.014503603996910,0.053532908361409
368,1666286083.368199110,9.451191276422179,71.443161322836630,-0.065608430198749,-0.218583504246672,0.974296550810971,0.019451888565283,0.050883266211346
369,1666286083.467109442,9.306810932484320,71.351956386538006,-0.087564361158782,-0.239698649970673,0.969836591622085,0.011752926836278,0.042701422269939
370,1666286083.566619635,9.150693480726137,71.249938636778495,-0.059373042270956,-0.245150535920672,0.968863417974728,0.010827101725831,0.032979780417007
371,1666286083.666789293,8.987174089535241,71.135298421767828,-0.024518483980197,-0.269401917488062,0.961728234178733,0.013101286612260,0.048267657145505
372,1666286083.765918732,8.837009228112636,71.025262658869337,-0.022277680362808,-0.306491888524993,0.949987487202288,0.005688225254505,0.059616612793071
373,1666286083.867129087,8.696021239533282,70.916830310954879,-0.051228963568025,-0.320102208509561,0.945676014356352,0.004569786845278,0.056661883365938
374,1666286083.969682455,8.555258813517032,70.805560673714851,-0.044500612271362,-0.314102035063755,0.948400041859207,-0.000393710502176,0.043325710176557
375,1666286084.070315123,8.411113940319682,70.693051643013348,-0.008861892244245,-0.297340634142309,0.953766602408484,0.006187656239143,0.043353527287779
376,1666286084.169347525,8.265658949253478,70.587701859933915,0.012311053158038,-0.284247672642520,0.957443836044163,0.008257247385719,0.049359692907878
377,1666286084.269460440,8.119067676732568,70.487688448132133,-0.007564575551317,-0.285699048294642,0.957044497718255,-0.001507476678026,0.049392415458385
378,1666286084.368420839,7.976421245534903,70.384735559779983,-0.021639704112270,-0.313228703206994,0.948734279047355,-0.009109183072441,0.041328803896479
379,1666286084.467872381,7.833608777332968,70.262314720392197,0.014042622260251,-0.312985331925900,0.949007283902381,-0.009130488793490,0.036633199066581
380,1666286084.566527128,7.697978994088979,70.129173173007047,0.044866844167456,-0.335897519741233,0.940699897235307,-0.002753104383160,0.047423411828190
381,1666286084.666136980,7.573272071619917,69.997192414849394,0.039764138148474,-0.361982699355685,0.930699277933953,0.004632869446263,0.052401487966320
382,1666286084.767071486,7.453099625779020,69.872503165568986,0.014246324188335,-0.369215013836589,0.928094291827585,0.008125695023038,0.047489284213311
383,1666286084.867579460,7.329261852026551,69.754038251510266,0.026337106114484,-0.367827247206748,0.929211305254375,0.000232585888458,0.035628812828533
384,1666286084.968530416,7.195414570169933,69.635547218600706,0.061604482818625,-0.352980352033511,0.934765642998922,-0.000102897681246,0.040225031500030
385,1666286085.069338560,7.056857262143856,69.522011806355934,0.075794140048080,-0.332088494255390,0.942011434647057,0.003713526946969,0.048144560388433
386,1666286085.168505430,6.921090675103100,69.413299600727925,0.051774881182153,-0.324142359983504,0.944637973433921,-0.000621925363328,0.050896392994225
387,1666286085.267580032,6.785596693271422,69.297723473589230,0.039698425858813,-0.340317108410388,0.939098891698944,-0.005385294050034,0.047418729854380
388,1666286085.367670059,6.646227280405571,69.161335861732510,0.074865686313354,-0.341178934780299,0.938764821099755,0.000795251561713,0.048134319385226
389,1666286085.467216015,6.514094674103433,69.018861536823138,0.104701281998727,-0.361953509285863,0.930106761967625,0.008786233918628,0.061756542578710
390,1666286085.566916943,6.395203786346863,68.885113370261905,0.097881912373489,-0.387143966461336,0.919521783767816,0.009085897824828,0.067206285939293
391,1666286085.668204784,6.278019428697429,68.758052252999306,0.076022431488012,-0.390557784702273,0.918399012630846,0.007020521064355,0.062917268624164
392,1666286085.768911362,6.155457827096158,68.635935372247687,0.093492680439164,-0.384074843160411,0.921908229587718,-0.002343970368315,0.050658038578864
393,1666286085.868843555,6.029062898938959,68.516998120085404,0.127240257081903,-0.367690015645257,0.928429254657923,-0.005578988838245,0.052839818069959
394,1666286085.969067812,5.900943696064177,68.403682364665485,0.143076194815635,-0.350980084120991,0.934796470406031,-0.008119342451200,0.053875929180002
395,1666286086.068553925,5.775736026893226,68.292475920831137,0.124208130649380,-0.344202235773769,0.937566841966417,-0.013307923004445,0.048126260178467
396,1666286086.167297602,5.653086084184631,68.179999622937984,0.123793027265021,-0.361664021219554,0.931353336303142,-0.022091733726721,0.035945152847855
397,1666286086.267117977,5.528221011007348,68.056363571723523,0.161728033853621,-0.365477308808836,0.930100613230800,-0.026686404825483,0.025040403571655
398,1666286086.366691828,5.407337500291304,67.919621588878186,0.195300762729716,-0.392607629666677,0.918834231799636,-0.023626502452301,0.032321695230269
399,1666286086.466547728,5.293647968529113,67.782693566194624,0.192602389131137,-0.411473871551851,0.910615309167068,-0.017376415204630,0.034162434563880
400,1666286086.567620516,5.178939479736090,67.646833862793329,0.170031267391841,-0.406805490976442,0.912789969969887,-0.013226791173693,0.033894176919305
401,1666286086.668149948,5.059325268634365,67.517552249808162,0.187354868389313,-0.399588141379417,0.916188768329932,-0.017865982951417,0.024663023095409
402,1666286086.769338131,4.937299395406248,67.390708632561541,0.218276695538344,-0.388267408966321,0.920846540339913,-0.022654705561615,0.027871716748532
403,1666286086.868686914,4.817558320255278,67.269056891791010,0.233474303287343,-0.368745602596896,0.928751814822085,-0.019848347605151,0.032446727531156
404,1666286086.968150854,4.701704645805351,67.140132111417643,0.215331270796637,-0.369676513815565,0.928362937610473,-0.020483073592398,0.032587956373981
405,1666286087.067756891,4.588078174058504,67.003884197168645,0.200965015604487,-0.385162720561933,0.922195882596585,-0.019670731626229,0.028591871721243
406,1666286087.166603804,4.474827663369950,66.862848753492187,0.229534163756679,-0.400408755739941,0.915665302498993,-0.021473416580821,0.027726783199042
407,1666286087.266738415,4.366614638919778,66.719851682392388,0.260327894651599,-0.423610459208640,0.905059516639200,-0.015256276832210,0.034477473908083
408,1666286087.367561579,4.265643320796384,66.585395741059699,0.257448140733039,-0.438852993254095,0.897708142263098,-0.015686351099248,0.035806144942589
409,1666286087.467355967,4.163908911371570,66.457716240636017,0.232005374642817,-0.436963214515636,0.898779996015232,-0.015919895019572,0.031689507184371
410,1666286087.568301201,4.052448289017173,66.329354578772239,0.239902263384231,-0.430979113614498,0.901548386705582,-0.029451137407466,0.024497766470237
411,1666286087.669163704,3.934546369599782,66.195207108305283,0.270805522570741,-0.404488398680546,0.913685928826603,-0.026422945331028,0.029478581328628
412,1666286087.768887758,3.817675001812071,66.063460124673114,0.287254792504971,-0.373333058342939,0.926703325544455,-0.015740707856167,0.039945013322601
413,1666286087.868228436,3.706294569030478,65.936243076949978,0.270721033609800,-0.355475647337636,0.933710063961143,-0.009891520642606,0.041529970225646
414,1666286087.967322111,3.598919560559489,65.806741212457538,0.256915503626783,-0.365976535128751,0.929887324053455,-0.008562458720444,0.036019780683954
415,1666286088.067347765,3.489170882078163,65.668186872825899,0.285030308897172,-0.373198908665196,0.927429448498675,-0.001775195186014,0.024372962696439
416,1666286088.166222811,3.378204774831576,65.525503676357218,0.315459756631620,-0.389478254724163,0.920415431084045,0.006019621432392,0.033254886516153
417,1666286088.266002655,3.269985051299472,65.388054316396435,0.320885234180040,-0.418344468311882,0.907299027358283,0.008828324734571,0.041454088699940
418,1666286088.367093325,3.163126980863177,65.256992430186941,0.292531171309660,-0.427702104008758,0.902944513003822,0.003934599833644,0.041792769553146
419,1666286088.468184471,3.055260274226022,65.127719315689816,0.283753455407618,-0.412993102270326,0.910060224093939,-0.004890832229437,0.034686679854455
420,1666286088.568271399,2.948305091011787,64.993923342620974,0.309700837011525,-0.396340729464236,0.917614082992445,-0.009834533494605,0.028314357005491
421,1666286088.668437719,2.842327204245501,64.855381861579730,0.333904968555197,-0.382615968028165,0.923296773034658,-0.000459565852490,0.033583905563306
422,1666286088.768746853,2.738714920303115,64.721345472562831,0.325486664764536,-0.367930180439831,0.929343191595518,0.007460552740658,0.029882347788850
423,1666286088.867646694,2.636603547080458,64.590615113666345,0.295837295238768,-0.380832334827153,0.924336207107801,0.003979783954904,0.023525949488519
424,1666286088.966953039,2.530945168220325,64.457753858695199,0.292679179418196,-0.409472765888607,0.912255391846721,-0.006496727557628,0.008941284760152
425,1666286089.066610575,2.417096670073188,64.309899317876187,0.313747118479670,-0.413583330442896,0.910246580229838,-0.011183713735806,0.016580606343640
426,1666286089.167000532,2.300850379808719,64.151071146711232,0.332011719656370,-0.450883286567787,0.891943509421374,-0.002197211434165,0.033707716576881
427,1666286089.266732931,2.190280961021667,63.999514016094246,0.304182302218521,-0.444025811447316,0.895044067485770,0.004847191886829,0.041396868938277
428,1666286089.368287563,2.083292100129550,63.850470170581964,0.273039790102384,-0.421545181874871,0.905841504036499,0.008163445341329,0.041038851873968
429,1666286089.469715118,1.976623503729547,63.706849473498032,0.289252886912875,-0.405166837206186,0.913415588197655,0.005053927754208,0.038551978939134
430,1666286089.568184614,1.872916211393886,63.574871462659154,0.318364191507580,-0.389614010065751,0.919948078302331,0.011396612268786,0.042030627132212
431,1666286089.667817831,1.769954743779717,63.452275181202822,0.320470760680443,-0.372252489857311,0.927250890327687,0.007521867652179,0.039715131732978
432,1666286089.766566992,1.670641124699491,63.331748320469920,0.291548391772642,-0.381466851435124,0.923840679255492,-0.001516498020389,0.031609189212617
433,1666286089.866706371,1.569457111507607,63.200843547352761,0.290389574352918,-0.393419765016244,0.919165051177215,-0.006310464408523,0.017795370968314
434,1666286089.966139793,1.464005567156676,63.057543905380669,0.324224277328152,-0.398490618844599,0.916970120124115,-0.005216351830074,0.018542253530799
435,1666286090.067134380,1.356036442981408,62.912224911120326,0.346960171629792,-0.419971902345763,0.907126016872975,-0.004047581674441,0.027011253855389
436,1666286090.166630030,1.254124337287454,62.773788048574495,0.326633752678083,-0.435600409760148,0.899700159354452,-0.004580828811094,0.027765487241679
437,1666286090.268153667,1.155424091383962,62.633310208450510,0.298154389125303,-0.427025109731465,0.903882418515381,-0.009134989840597,0.023720900451486
438,1666286090.368163586,1.061400142260527,62.493652821304110,0.311516951529310,-0.421484897798766,0.906506995760837,-0.018445058018050,0.015978967392687
439,1666286090.468798637,0.966145209809214,62.348334347268541,0.341496695963312,-0.409982792245368,0.911938836310732,-0.005304620186400,0.015922622133214
440,1666286090.568251133,0.868812218959891,62.209364997953891,0.344484040417268,-0.395547000322071,0.918273768730695,-0.000713576582632,0.017758012439412
441,1666286090.668511868,0.767702761900138,62.077207691637717,0.312482648872438,-0.404936385017217,0.914229431369727,-0.003618791107379,0.014070368065366
442,1666286090.766726255,0.662687799429940,61.948379788450119,0.306548004850871,-0.422208821959361,0.906390993979791,-0.013105752497207,0.004828658560816
443,1666286090.866835117,0.546029943852089,61.800995601367212,0.338969406857879,-0.420204073003410,0.907361156851114,-0.009285319304780,0.006168542336894
444,1666286090.966631413,0.426780024375475,61.645269486768626,0.360433003625671,-0.440556807785083,0.897400695726864,-0.004240008346136,0.023742635750538
445,1666286091.066995859,0.314058943681365,61.490480925764125,0.335815554989470,-0.446711073418629,0.893897809286079,-0.003406121044491,0.037206474949335
446,1666286091.167677402,0.209744130695158,61.335832017166766,0.302390364048674,-0.437879272228722,0.898100375900979,-0.000196088410583,0.040956309749530
447,1666286091.268294573,0.107418110628089,61.185395165565801,0.316667883768665,-0.426502303786554,0.903728216258274,-0.004372001906262,0.036769302450979
448,1666286091.368281126,0.008438837267879,61.041704150612460,0.346130641791468,-0.416061039978333,0.908495122897003,0.004309543351237,0.038874805730847
449,1666286091.468505383,-0.087463709022732,60.908953186193472,0.352272099287861,-0.401279475154438,0.915245351753482,0.004408285488951,0.035795194265044
450,1666286091.567773819,-0.179964636570896,60.780177723744970,0.323996866432902,-0.406735108101817,0.913160824032621,0.000933750666954,0.026513947257257
451,1666286091.667008400,-0.277848589944390,60.646513211756329,0.315400126091893,-0.418981742215373,0.907879180204265,-0.003940691685140,0.013934302668086
452,1666286091.767243862,-0.390456858955514,60.499314878450321,0.345292998883708,-0.421917134737285,0.906510882219888,-0.004448320426674,0.014288606558457
453,1666286091.866596699,-0.507275693815104,60.348693745869859,0.367678432646440,-0.441585626468642,0.896662246784139,-0.005809686277506,0.031067623560140
454,1666286091.967567444,-0.621008346639797,60.197171117265974,0.348001368425813,-0.453457459224301,0.890242958504867,-0.008654721278920,0.042058332181958
455,1666286092.067269087,-0.727596750462955,60.047088395557481,0.315064170037633,-0.446352201678718,0.893722614361080,-0.006717641990491,0.044547434519220
456,1666286092.168201447,-0.837598588926382,59.893198788208615,0.326997869059504,-0.430928483804305,0.901297271492986,-0.008529170995007,0.043487049653416
457,1666286092.268360615,-0.951757797532707,59.743855552589281,0.358688660537382,-0.413694338256023,0.908827457346763,0.001122940254673,0.053743709145469
458,1666286092.368539810,-1.067041957102632,59.610179644912783,0.367022156936974,-0.390717049204152,0.918786076425367,0.006866335712624,0.055903368967912
459,1666286092.467410326,-1.178814257281088,59.488836396432973,0.340652419299102,-0.391166128253998,0.918815805003676,-0.002748542601418,0.052526394277468
460,1666286092.566838026,-1.293858986360091,59.362852482946195,0.332544920985098,-0.406035025876179,0.912918971582361,-0.010287534546038,0.040108299885428
461,1666286092.666337729,-1.415419990880738,59.217029859382599,0.361068652181166,-0.409764221226047,0.910953373292501,-0.010242366815705,0.046393195751505
462,1666286092.766332150,-1.532025352674853,59.068260818400439,0.379768247481760,-0.425509312836500,0.903085378704742,-0.003035248162254,0.058046625463640
463,1666286092.866470337,-1.637100828233264,58.926285935302865,0.359096686898617,-0.433782516483764,0.898989612309310,-0.003583100916428,0.060312243705513
464,1666286092.968259335,-1.742334159502617,58.783304543942286,0.330574463480430,-0.427152025510679,0.902524119658012,-0.005824388748758,0.054382322802162
465,1666286093.067845821,-1.853647396554504,58.640498015978771,0.350031113154958,-0.424089473037234,0.904356466782667,-0.006575866846777,0.047373598370660
466,1666286093.168584347,-1.969673557834367,58.498257867091404,0.385943167871713,-0.409933346737815,0.910443637666375,-0.003893901240963,0.055062431823139
467,1666286093.268016100,-2.081632292129413,58.368567380337424,0.388757302663491,-0.391579276178171,0.918504751307606,-0.002698441900330,0.054839864190601
468,1666286093.368239880,-2.192279875745908,58.236787232109897,0.362760484998802,-0.402104248208881,0.914323255659709,-0.006014829730650,0.047843281195093
469,1666286093.467219114,-2.304409544763415,58.098664926605778,0.367858658147136,-0.412148952851955,0.910324514754452,-0.010035093325150,0.036630798545275
470,1666286093.567101479,-2.421732550020500,57.949257400629918,0.406792245213180,-0.407324101972744,0.912393712872687,0.000476133216918,0.040305855153445
471,1666286093.667248964,-2.533926812216542,57.807925938005923,0.430126039628048,-0.417764986548536,0.907355854055494,0.003124154375426,0.046561891980091
472,1666286093.767558336,-2.639035586689387,57.675030126876322,0.411955832530369,-0.431602017588854,0.901092509464047,0.002972428592173,0.041751077462507
473,1666286093.867718458,-2.747173439663286,57.544117203927229,0.387015854092060,-0.421424361185342,0.906258517169302,-0.002100042457448,0.033054465345878
474,1666286093.967833042,-2.864674097949920,57.407832469858839,0.405120235482536,-0.407335856935777,0.912724783631093,-0.010970304778670,0.029843280869134
475,1666286094.068607569,-2.985946444500382,57.268080055892518,0.433997564484042,-0.388312544143223,0.920574132706278,-0.005429031392546,0.041559112974665
476,1666286094.167765856,-3.100542776635455,57.138509539224515,0.434155066945853,-0.369515452001935,0.928074766170271,-0.001830600206776,0.046175838191477
477,1666286094.266317368,-3.208365360707252,57.015453612843046,0.404489352812534,-0.388013817379328,0.920681234456637,-0.007014277194977,0.041738974083664
478,1666286094.365636587,-3.319845264741066,56.886755681721894,0.409450135213088,-0.406280549263395,0.913089674632806,-0.015210684568686,0.031176857509102
479,1666286094.465992689,-3.440667633284851,56.739150810640595,0.450360115921842,-0.411594382651671,0.910576411818499,-0.007940694581266,0.037116139062451
480,1666286094.566076279,-3.555616810119182,56.591446901668625,0.467305169649265,-0.434870801722521,0.899041556059689,-0.006067659408028,0.050742977802783
481,1666286094.666019678,-3.658941269501791,56.449277485915978,0.441730142028593,-0.450287488072751,0.891263615224813,-0.005591226141549,0.053470407252630
482,1666286094.767043829,-3.761188476506585,56.307709447617327,0.424253962242517,-0.441822628983375,0.895753330032599,-0.009801245285869,0.048194105911152
483,1666286094.868098497,-3.864675071159041,56.163460378788848,0.450665743570822,-0.432331573221790,0.900534179825481,-0.017830959681972,0.042540082727228
484,1666286094.969176292,-3.967069877045707,56.017521862403285,0.479871695395679,-0.417486454263149,0.907467011911295,-0.010400212628239,0.045831412555757
485,1666286095.068311214,-4.066161951364291,55.879001987100224,0.475853477608748,-0.395448320512803,0.917465932083226,-0.002579503241131,0.043246218716666
486,1666286095.167360544,-4.167047054797797,55.740643836081311,0.448984098521980,-0.406043111175100,0.913150332553402,0.000579818352621,0.035848651795209
487,1666286095.266334772,-4.276110522063416,55.593419301124968,0.461237104328806,-0.415425339277474,0.909061227539801,-0.003155928179103,0.031929800928815
488,1666286095.366079330,-4.390625746449666,55.429732477167335,0.501201022494706,-0.423536737501745,0.904831293054514,0.004147720333750,0.043356193464232
489,1666286095.466007233,-4.500941853250591,55.269280398474443,0.515747681392280,-0.444676702039476,0.893881617306480,0.011010859560665,0.055830510266175
490,1666286095.568156958,-4.604434156923589,55.111969104158824,0.487260109090661,-0.470869521327496,0.880016165355588,0.008343839472346,0.061512786805036
491,1666286095.668968439,-4.707112288221838,54.960831032578099,0.475162599316512,-0.462803418741470,0.884541044547798,0.003564867057016,0.058201613674918
492,1666286095.770660877,-4.812552556932824,54.810318255135591,0.500813979813781,-0.447180892669922,0.892969571953402,-0.004460971595732,0.051134064269443
493,1666286095.876726627,-4.925500821628548,54.651643950820393,0.529170091585894,-0.430555090725925,0.900602507195094,0.001766281325538,0.059450131490016
494,1666286095.976189613,-5.031032975662310,54.508058150665754,0.523166983531323,-0.415534629181435,0.907568730560388,0.001007236513576,0.060406595125522
495,1666286096.075823784,-5.133802635687474,54.367178380441253,0.494590961161126,-0.430134145551561,0.900899883857473,-0.008070494040279,0.057435905339476
496,1666286096.174096346,-5.232974997562448,54.226774581944525,0.506289198473531,-0.445158866350859,0.894167459236253,-0.019477088197827,0.043803899227547
497,1666286096.274237156,-5.334335184612529,54.067929895052799,0.545440314582982,-0.453123295623610,0.889901556395444,-0.019444715107406,0.048748353229181
498,1666286096.373895168,-5.426225608855347,53.909184276201557,0.560045616972262,-0.480392856534500,0.875017750528845,-0.017615464033917,0.057064306505318
499,1666286096.474140167,-5.508517155576062,53.755200232743967,0.532546320711501,-0.484642099037374,0.873178321482135,-0.010664443834238,0.050674691631987
500,1666286096.576129198,-5.594334017358085,53.600878749285862,0.524752375944475,-0.470732474157344,0.881366797583900,-0.011725200078880,0.038288713395928
501,1666286096.670360088,-5.682515807213277,53.456417448635221,0.553914948538986,-0.455817092926983,0.889227568371115,-0.018287997879104,0.034214888250043
502,1666286096.769544125,-5.783005622153734,53.304593458929027,0.585029093948382,-0.443876497594857,0.895166347138710,-0.008668422374592,0.039695393773053
503,1666286096.869249105,-5.885127221107142,53.157831383939957,0.577500251933106,-0.428355881009335,0.902527849681073,-0.011791427367997,0.042610820168131
504,1666286096.968636751,-5.985517559508748,53.008940587420639,0.552008657375267,-0.437198303664519,0.898405179178210,-0.012541788880997,0.039604050680450
505,1666286097.068392754,-6.087274089618382,52.848227006408820,0.572642342186301,-0.444316246788208,0.895153990443844,-0.012719744194322,0.033475578264353
506,1666286097.167871237,-6.191000014688620,52.676077230836846,0.611674405905891,-0.450673892846800,0.891650084722853,-0.000552262439213,0.043044903603537
507,1666286097.267997026,-6.291033039822949,52.510376090556960,0.625266965360268,-0.471793851405204,0.879857339983691,0.004831290486598,0.056905902025198
508,1666286097.368178606,-6.384386968978336,52.357609417123143,0.603157817169530,-0.490249077465344,0.869646312193008,0.003569010173985,0.057951668654650
509,1666286097.469183445,-6.479446035292685,52.209141192418286,0.595123623624228,-0.484007350736087,0.873309352722877,-0.007682318830537,0.054851078909810
510,1666286097.569674969,-6.579122628167950,52.053555721653368,0.628360424457765,-0.479120758270128,0.875833910874862,-0.007871148664020,0.057413452909670
511,1666286097.670055866,-6.678299438991304,51.904711151826810,0.655913661738486,-0.464603121799518,0.883070157217977,-0.000458645250694,0.065809013742001
512,1666286097.770153761,-6.772609443212644,51.771623773282577,0.647110437320325,-0.447799303557687,0.892009810262635,0.000782648831385,0.061592772216181
513,1666286097.869083643,-6.864511728921152,51.642111320192058,0.627788952507755,-0.454264855861093,0.889397003767754,-0.004533528486074,0.050949558760688
514,1666286097.968744755,-6.964999571248983,51.498894046752177,0.649800364767179,-0.456646499633586,0.888811600666571,-0.007635051269703,0.037810301308389
515,1666286098.068113565,-7.072317704941234,51.340021702399198,0.688212788665510,-0.463647904584309,0.884849820568147,0.002164044922491,0.045461329992320
516,1666286098.168181181,-7.176004494286612,51.181166837349927,0.700660930628450,-0.479627918767737,0.875525874821008,0.007885383248780,0.057873334001575
517,1666286098.268375397,-7.273296827879227,51.027069471837294,0.674377244577523,-0.493343060439378,0.867570009967528,0.009542130210052,0.061998792506849
518,1666286098.369227171,-7.373516233276360,50.871704016740921,0.663127598889157,-0.491640694993223,0.868528902588744,0.002067664071784,0.062790900295025
519,1666286098.469557524,-7.473592481643460,50.717151634226781,0.695023071239248,-0.479566998844856,0.875310502365643,-0.006931336387385,0.061635822726949
520,1666286098.569848299,-7.569575345749389,50.566298488160896,0.729439460015626,-0.469714810754679,0.880133831284608,-0.007055715571173,0.068429909131550
521,1666286098.669556618,-7.657326742029099,50.421638478015822,0.730110238479402,-0.459878566481564,0.885464205453756,-0.008801162640471,0.066237334541678
522,1666286098.769854546,-7.740160159266472,50.270396829795551,0.707271039810057,-0.466733210888832,0.882319768230326,-0.011906027398365,0.059415342757357
523,1666286098.868312120,-7.824967105424494,50.112923957734196,0.719481232802420,-0.477819717758383,0.877064019782320,-0.013473680347746,0.047597084600480
524,1666286098.968757629,-7.913496763512316,49.938101323394918,0.759158240715920,-0.483755189094319,0.873562872076370,-0.006683425331280,0.053142801768857
525,1666286099.067319870,-7.992307228590695,49.768916418994714,0.779478177422579,-0.510030261987247,0.857881735066863,-0.004998952699976,0.062314291842181
526,1666286099.167428255,-8.061396268597647,49.606206360994804,0.756407964188915,-0.528656713255817,0.846890231108774,-0.004732567868813,0.057241757340702
527,1666286099.268036366,-8.127926948776127,49.442472428905965,0.745132427171650,-0.529437365559110,0.846814713860449,-0.008529325139168,0.050280880580447
528,1666286099.369017124,-8.200587476318974,49.271326631312327,0.786023247366445,-0.530970076070994,0.846167878310840,-0.012826788450003,0.043659747252513
529,1666286099.469301939,-8.278440428209535,49.101344774509137,0.822677228077715,-0.519287373223059,0.853250164895110,-0.002369727339773,0.047949603855483
530,1666286099.570865393,-8.362062672521001,48.938527419588681,0.818015714100045,-0.495575002103514,0.867179468662137,0.001726253778295,0.049012309360496
531,1666286099.671495676,-8.447464444146792,48.777077285449124,0.791585746714683,-0.498756461327260,0.865363499102459,-0.000822436772681,0.048860314194772
532,1666286099.767883062,-8.532246993430892,48.613090373618860,0.810748699819048,-0.520738400397811,0.852506367729582,-0.007792605108974,0.044762558430670
533,1666286099.868706465,-8.619042762155892,48.429959792201529,0.851558619026842,-0.517842663401747,0.853513369015547,-0.005785738823608,0.057623173281076
534,1666286099.969543219,-8.692993505777947,48.249706278867372,0.872133812396552,-0.545727011427240,0.835004674135352,0.000667802611779,0.070347545873895
535,1666286100.068072796,-8.752929459715750,48.082195363862482,0.854041768452265,-0.554986206215905,0.828609662090917,0.000031105690223,0.073459770160878
536,1666286100.169149160,-8.814983641158818,47.908390830030093,0.852665750265458,-0.549808370732512,0.832358221027773,-0.001801262692388,0.069909246975304
537,1666286100.269553185,-8.880363026115905,47.732889997444808,0.888562103386257,-0.539051348110610,0.839697659683724,-0.006619473867227,0.065480279378843
538,1666286100.369728088,-8.948418958037450,47.557810995822777,0.919241488512608,-0.527575641679701,0.846411116034629,0.000298320330874,0.072471207829365
539,1666286100.469465256,-9.016579675322220,47.389139014435742,0.915223300578557,-0.519229592523115,0.851512029062118,0.002206896704108,0.072959058503604
540,1666286100.570280552,-9.083133983451063,47.219270694036240,0.889981698010233,-0.527330328514676,0.846687192522241,-0.004739320584201,0.070859448825190
541,1666286100.668282747,-9.146159403715219,47.047011319907206,0.900158097449483,-0.542043049018533,0.838219102206170,-0.011507277284537,0.058699678677747
542,1666286100.768388033,-9.209532732601723,46.856922659812277,0.937241076411626,-0.537266555882398,0.841365790331327,-0.000457686623397,0.058720058867152
543,1666286100.868504047,-9.268929644242741,46.669451728659674,0.960950923358506,-0.553064699203672,0.830330411928478,0.010801755227351,0.067484573092263
544,1666286100.973675728,-9.327334171677411,46.484653788879754,0.947530891108162,-0.566223902265282,0.821181294853623,0.011863802444223,0.070078696317555
545,1666286101.074026346,-9.388591784855549,46.310991421861878,0.947036186313433,-0.561568227362175,0.824557753902162,0.009098635503508,0.068285073984738
546,1666286101.174820423,-9.454218505227017,46.134085726278983,0.981936878771882,-0.551971194558971,0.831259990375262,0.002147135059051,0.065802876757017
547,1666286101.273752451,-9.518590653972067,45.960271473469916,1.016387332616314,-0.539128929700423,0.839057915906324,0.012446733159827,0.071881080603038
548,1666286101.373683214,-9.582808321468413,45.791129109628393,1.018765068720499,-0.529388449277310,0.844924806457495,0.012844099089390,0.075398742185207
549,1666286101.473756552,-9.648032562192730,45.624434682395247,1.002479578733454,-0.538710478232891,0.839208926745479,0.007753741955865,0.073886923054578
550,1666286101.573261976,-9.717075395601775,45.452423194236268,1.026045800873042,-0.556212660034903,0.828348329946313,-0.005713399114692,0.066587372396031
551,1666286101.672794580,-9.782165345335102,45.267279247501932,1.067421027713829,-0.555529559582889,0.828292003416227,-0.001018055298835,0.072926189190048
552,1666286101.772656918,-9.839340923848651,45.087462741707363,1.090436242347494,-0.567228335003156,0.819650930038595,0.004923186579766,0.080000819310271
553,1666286101.873340845,-9.887711399216949,44.916116897545002,1.075790840137352,-0.569383876571081,0.818525051815961,0.006907879002157,0.075967242007707
554,1666286101.973258018,-9.933853481811530,44.745246719586298,1.076775841315948,-0.567152029293141,0.820996463130834,0.003312834997764,0.065516473650611
555,1666286102.073255777,-9.981951807227500,44.566338628104006,1.114214100985282,-0.560795627040015,0.826144206805097,0.000221139959073,0.054717139474680
556,1666286102.173259974,-10.036276012208882,44.383164105187809,1.149373972785051,-0.551701850665433,0.831841567498525,0.012905977603503,0.059144824761184
557,1666286102.272885561,-10.096279334400569,44.206689725130744,1.149347236446432,-0.540970713059437,0.838357330192010,0.018419310363093,0.064563174728605
558,1666286102.372814894,-10.162191541349584,44.031622742882327,1.128837131271702,-0.549628707478167,0.832571976430513,0.016434248216069,0.066798978016452
559,1666286102.472316742,-10.231659086377020,43.854348307138885,1.142944061418260,-0.566065457518355,0.821776810146224,0.005491902411363,0.064981621388949
560,1666286102.572463512,-10.293761666794806,43.672437062705249,1.180708323305201,-0.568051283479940,0.819939959681774,0.004856267915146,0.070658463865137
561,1666286102.672770500,-10.339630761279423,43.500149819345062,1.207443433762252,-0.590313173796949,0.803620301827422,0.000737932269246,0.075658593619905
562,1666286102.773317814,-10.371330500171055,43.335010573553120,1.197444685442060,-0.605826361839472,0.792944168953035,-0.005287107629374,0.064699387297291
563,1666286102.874091864,-10.401869818828500,43.162182282887436,1.198111691699728,-0.598868099300477,0.799203479544767,-0.007885630863111,0.050681503032778
564,1666286102.974874496,-10.440636041544824,42.978089751417471,1.238231075430584,-0.589680973525179,0.806413968537929,-0.010867430599504,0.043066921894529
565,1666286103.074315310,-10.483647127511258,42.795734939430623,1.274570023750354,-0.580409600228247,0.812783259016954,-0.000233525009691,0.050080088765251
566,1666286103.173800945,-10.529123256213717,42.623737040122521,1.275356174193472,-0.566177685168405,0.822593140585087,0.004925830541607,0.052527041351913
567,1666286103.273218870,-10.575057564252901,42.454781297392728,1.253889404785805,-0.568833614081881,0.821005357990155,0.002904443515954,0.048683527500243
568,1666286103.373635769,-10.622839297422386,42.277827297926137,1.272408480665162,-0.579955725714122,0.813602305496274,-0.005772523611386,0.040857345407024
569,1666286103.472471714,-10.665700250140125,42.093251643239626,1.311538335822838,-0.578376522460364,0.814647501368557,-0.001014908219997,0.042767005295299
570,1666286103.572019100,-10.697597318370169,41.908799166511528,1.337056019057235,-0.590675232933434,0.805503088427025,0.014427413571925,0.045380540666474
571,1666286103.671889544,-10.718713253401182,41.732456442473065,1.323014277838269,-0.603052264586506,0.796456951984781,0.021633601606552,0.038939402842465
572,1666286103.774070978,-10.744361378121202,41.548425887758548,1.318018423806826,-0.597736621808435,0.800716425945587,0.024559784485965,0.030999244441882
573,1666286103.873633385,-10.784932809530329,41.363468904883334,1.352216075292178,-0.589559092927570,0.807139287546293,0.017150732141811,0.025536225889573
574,1666286103.973799944,-10.836190871314868,41.174652418924431,1.383985097422626,-0.588372476884427,0.807311076532710,0.018711155915981,0.041431229727952
575,1666286104.073940277,-10.888818350688789,40.989868350832005,1.386047920641819,-0.583437310514650,0.809862591517475,0.017860731716718,0.058347937603438
576,1666286104.174005270,-10.933690742361403,40.806618834903865,1.359997520315587,-0.588995156410339,0.805228812459007,0.017935627138640,0.066102788066468
577,1666286104.273312330,-10.969887306013062,40.624373818120930,1.371886217295819,-0.605656262131444,0.793160715655907,0.014917548311237,0.062080899103996
578,1666286104.373238564,-10.999723088086798,40.443724894571808,1.412835942162539,-0.600717365946992,0.797575289386767,0.019923605934401,0.051140531243752
579,1666286104.472944260,-11.025359591269114,40.269016754248831,1.446552532483641,-0.615394530692105,0.786215193655942,0.027784535260437,0.048818648682188
580,1666286104.572979689,-11.056012610833506,40.102173802055134,1.444688819081075,-0.626543810346834,0.777714096898688,0.026808885420472,0.043415675321719
581,1666286104.673324108,-11.095693867881849,39.932346616749733,1.434669933616929,-0.626687765394332,0.778017484728404,0.017407815796114,0.040598104772934
582,1666286104.773775101,-11.147350822253689,39.750721863418001,1.461813401148240,-0.615297564617507,0.787357377063955,0.006091490510845,0.037949459839251
583,1666286104.873764992,-11.205995206452947,39.559938119269582,1.494603996884027,-0.601813242634154,0.796633572329024,0.016524489775476,0.054062127835689
584,1666286104.973616362,-11.267218462439955,39.380090700001347,1.501184336624779,-0.581299441754823,0.810361936312009,0.025010507587889,0.069130063665373
585,1666286105.072912455,-11.321984661837808,39.213762640065084,1.474479526329170,-0.583660740510422,0.808507844959031,0.021623176788601,0.072025293141360
586,1666286105.171734810,-11.373092007243166,39.045406015996249,1.474963297825391,-0.601099252105838,0.796387051025240,0.013057103559219,0.065397753201221
587,1666286105.271489382,-11.420884408623103,38.862184029574180,1.515093671708548,-0.607342998627844,0.792247562923405,0.007477545392659,0.058501003192804
588,1666286105.371430397,-11.458631100417703,38.674602506601197,1.549247173782127,-0.624833708415602,0.777854644287572,0.018559567505325,0.064657030877363
589,1666286105.471993685,-11.489768418516654,38.495685668191236,1.548917529481739,-0.644170109209109,0.761727384668539,0.024410314068711,0.064964593546175
590,1666286105.572438717,-11.523975424383407,38.318661385779087,1.533360798647003,-0.643286939964065,0.762636119391511,0.025662716768437,0.062525892550120
591,1666286105.672972202,-11.565317683600288,38.133239275547460,1.552360459943454,-0.631234086384774,0.772970006891043,0.020776838698812,0.060243004627305
592,1666286105.773196697,-11.611821744620391,37.944458204900215,1.589170445460667,-0.620684101500563,0.780340171038339,0.030219090530863,0.070051910579099
593,1666286105.873433590,-11.662284851599672,37.769613579876307,1.609633521664756,-0.597274525692968,0.797417373661980,0.037416749522540,0.077386432889993
594,1666286105.973025322,-11.708113989089448,37.610022693972134,1.596042724946995,-0.594753590667923,0.799824847239767,0.033110390121630,0.073838216334695
595,1666286106.072257996,-11.750138828318054,37.450451762821324,1.593163142694480,-0.605491696311527,0.793069426079718,0.019787665924710,0.063475502303090
596,1666286106.172212362,-11.788575832234139,37.272598708121976,1.630700953647809,-0.602858934515120,0.795737668325395,0.018166570253056,0.055069447142662
597,1666286106.272778034,-11.821235576432581,37.095693982123265,1.664295520627861,-0.612965071985274,0.787637906866973,0.024235300299009,0.057558651927572
598,1666286106.372152567,-11.848860471124642,36.934003827147762,1.665382396220386,-0.634803641100078,0.770342758932313,0.016610160446151,0.057623550537857
599,1666286106.473330498,-11.879062966998598,36.775385193558307,1.644879987440284,-0.641634268790021,0.765261525341199,0.001492783230187,0.051749729902533
600,1666286106.573437214,-11.910456485809274,36.616280106778134,1.652749190427866,-0.629913008791234,0.775660881341855,-0.015895181170137,0.036154415043262
601,1666286106.673933029,-11.942890963363762,36.442224554798038,1.684516819239456,-0.612620258866644,0.789505490452503,-0.016580294095379,0.033205313117482
602,1666286106.774153948,-11.981265409275004,36.261535678247867,1.705709846252347,-0.589091660660313,0.807114622170507,-0.005321008372470,0.038841844561423
603,1666286106.873300791,-12.019160754110553,36.083962554236379,1.691881060214756,-0.582213457344919,0.811985436578822,-0.002551662126565,0.041238694096301
604,1666286106.972457170,-12.052593480434355,35.909975461884486,1.685617899837834,-0.590503783552034,0.806214435036082,-0.001270866278093,0.036358647514545
605,1666286107.072158098,-12.082315275854684,35.730064847303353,1.724092270769491,-0.596100472591927,0.802303027306568,-0.000670011343320,0.031203045287237
606,1666286107.171861649,-12.102999805823117,35.553874192667472,1.759949522041591,-0.608168990225434,0.793102470540721,0.009684017501724,0.032018281581111
607,1666286107.272013426,-12.117007204163635,35.386838595533533,1.759385778439150,-0.621298528567258,0.782999607700156,0.014447786148637,0.026287149274217
608,1666286107.373362303,-12.133637786189587,35.217807922348044,1.739489835667708,-0.620861478356905,0.783571321596879,0.012210213508426,0.019947915918143
609,1666286107.473919868,-12.158217674176843,35.044479109922285,1.760178916290226,-0.612090649360248,0.790688796788484,0.004100599573937,0.011808839149737
610,1666286107.573476315,-12.190091215803266,34.866004691975711,1.797396483962923,-0.603640578045758,0.797014840914354,0.004821976796696,0.019030092974611
611,1666286107.673403978,-12.229326455766495,34.689054824263934,1.814366042963746,-0.595246518593948,0.802927713523673,0.011891312690760,0.029107827811816
612,1666286107.773537636,-12.270764265030179,34.519542386454738,1.795841267500466,-0.592977640775028,0.804464029723671,0.008723683792536,0.033749663149764
613,1666286107.872460842,-12.310288092175371,34.353907397250410,1.788955346476831,-0.603305720398213,0.796918751307803,-0.002985072610072,0.030558155872344
614,1666286107.972808599,-12.344874731683301,34.173802321783860,1.831242862338318,-0.596425953228440,0.802341430749869,-0.001291484945880,0.022861384132062
615,1666286108.072773695,-12.374925525308951,33.990740765237298,1.868719043624466,-0.599538264905156,0.799800465957465,0.008958494206542,0.028157218440191
616,1666286108.172704935,-12.403381053512845,33.816300954854626,1.868964372647509,-0.614913390923701,0.787666953459220,0.012351336207965,0.036190283017193
617,1666286108.272919178,-12.429384149375581,33.647742316855087,1.845074727534462,-0.621253913786291,0.782640862808002,0.007865520256814,0.038144305727749
618,1666286108.373388052,-12.450085746750196,33.480189599768472,1.851876386644783,-0.616777284458277,0.786509916170107,-0.003153057155500,0.031272853610422
619,1666286108.473920584,-12.468285425869214,33.307001860335205,1.887478916358176,-0.607943408936488,0.793417474826867,-0.006182840166775,0.029245421137557
620,1666286108.573502541,-12.488658421546967,33.136927714740260,1.913296239605870,-0.604027566703852,0.796329450435922,0.002084486209752,0.031713718600737
621,1666286108.673352718,-12.511040730059923,32.975126426794965,1.903920304337209,-0.596716769537608,0.801991620519428,0.001333619888437,0.027143305384848
622,1666286108.772414923,-12.535773469674373,32.815841374510875,1.884599233001553,-0.607611060178361,0.793897875264978,-0.005466376306567,0.022474027871227
623,1666286108.872220993,-12.562626003131822,32.644634097436764,1.910136060032193,-0.613078953242278,0.789842910559966,-0.010341058856833,0.013245234283848
624,1666286108.972486734,-12.586013137007521,32.460404834569779,1.947380288837823,-0.616780124243049,0.786835708806379,-0.001290960162593,0.021683613807444
625,1666286109.072731256,-12.602343092691134,32.281117476252234,1.956523482158390,-0.630288670302504,0.775671395219114,0.006842675312360,0.031988381042245
626,1666286109.172788382,-12.610853433944655,32.110037116800491,1.930591319306559,-0.641885523619702,0.765900159096332,0.007280111652968,0.036426924629937
627,1666286109.273537397,-12.620406008817177,31.942457456190535,1.921303756789070,-0.639255164301290,0.768269384377228,0.000426536621109,0.033388710805862
628,1666286109.374604702,-12.635718884788309,31.774196810079900,1.945388340274771,-0.629837046492612,0.775935559652643,-0.013467227084789,0.032371838481156
629,1666286109.474267244,-12.655925787197452,31.605243833639662,1.969445982194772,-0.623233143219698,0.781028259311460,-0.008064999561536,0.038862104053672
630,1666286109.574797630,-12.678981050493245,31.440449712505508,1.965673026422237,-0.610085582494521,0.791174112577439,-0.008794158457125,0.041973424885916
631,1666286109.674486399,-12.698878921488108,31.276831762066941,1.935990308614212,-0.617200128857565,0.785612334947288,-0.014116055108855,0.040963362960579
632,1666286109.772583723,-12.720062144158208,31.107878083523758,1.935260019834292,-0.628196428602648,0.776975983259209,-0.020705979767412,0.035338802061418
633,1666286109.872438908,-12.737703792300611,30.919300259481226,1.966878329275840,-0.628744616020049,0.776793112401407,-0.006556067518819,0.035066883668559
634,1666286109.972661972,-12.749178970859598,30.734112923120090,1.988110657966075,-0.634549428793176,0.771623649655954,0.009885952292467,0.042967821182256
635,1666286110.072413445,-12.758351693650726,30.562497423544741,1.970580503144861,-0.646391732473725,0.761683464756815,0.020498858336170,0.039947772310670
636,1666286110.172935724,-12.775093401431731,30.394602666644637,1.943562128182986,-0.645204727437727,0.762949983538313,0.018303732382173,0.035821162624608
637,1666286110.273150682,-12.801605833155643,30.222890420969410,1.955238436396466,-0.647630001700188,0.761183864493686,0.006580491309644,0.033633353481271
638,1666286110.373806715,-12.834398590071203,30.045292959992512,1.985867250640592,-0.637711055827175,0.768957226664696,0.011235934301458,0.043625068668167
639,1666286110.473526478,-12.868108904565844,29.877613133029609,1.992725114356909,-0.626097073091603,0.778017151390472,0.015970739157165,0.049362968905416
640,1666286110.573638439,-12.899000630021234,29.720195796223258,1.962174365630930,-0.621810170863075,0.781779557413383,0.012851385271098,0.044807107900225
641,1666286110.672383547,-12.929865589071564,29.563940744006597,1.945427422229384,-0.630532862165175,0.775356894379835,0.001431564988768,0.035326288923860
642,1666286110.772024632,-12.963913581877891,29.388914435666845,1.975836543435496,-0.634604080192088,0.772137458515457,0.001860051460041,0.032832099680196
643,1666286110.872338295,-12.998091389138215,29.214332948926838,2.004482447354345,-0.642897064998645,0.764574959642818,0.001624460659836,0.045889607002856
644,1666286110.972444534,-13.024539757943455,29.050253927481666,1.992652659756637,-0.654940351917910,0.754135822495984,-0.000735331323297,0.048288258881382
645,1666286111.074297667,-13.044309086978902,28.885980678914578,1.955177114609145,-0.654379884445988,0.754921256261096,-0.005194906890378,0.043056667544356
646,1666286111.173849583,-13.059975349439675,28.717262487344254,1.953178647099868,-0.650296878541421,0.758973831815561,-0.009303876041620,0.031402711174218
647,1666286111.273634672,-13.078319534177986,28.539573732841866,1.981786653813610,-0.640940368843343,0.766781811267091,0.000770380404455,0.035220789470858
648,1666286111.373466730,-13.103458906910845,28.371055814654312,1.996575717906963,-0.623911015387352,0.780663100414481,0.013070999708469,0.033605319462778
649,1666286111.472727776,-13.131301191804582,28.215896323545095,1.971722565523944,-0.627264050543085,0.778184734041514,0.008213994044274,0.030014344951389
650,1666286111.572206497,-13.161377138835444,28.062116714741116,1.949684614784891,-0.642856442297926,0.765670391890508,-0.003601164740607,0.021713525526718
651,1666286111.672266960,-13.190541497945357,27.893203853703429,1.970083028281859,-0.644229525323780,0.764640641404719,-0.010234580839154,0.013720844300694
652,1666286111.771973133,-13.211547370465505,27.712689651732063,1.998125055413869,-0.656102857391378,0.754302697066746,-0.001598442283614,0.023535647494148
653,1666286111.872473955,-13.228067710674102,27.534431036356189,1.992857534836315,-0.657318695733355,0.752991483567071,0.006208706354285,0.029956800234148
654,1666286111.973637342,-13.244407267332143,27.357945209370193,1.955981274847028,-0.651563483417802,0.757949986869607,0.010119862271939,0.029570811088278
655,1666286112.073489904,-13.263232691816400,27.184958375836228,1.944921169123295,-0.642909394877017,0.765409313848367,0.001707569216425,0.028516249059286
656,1666286112.173664331,-13.280795142353824,27.006526363392847,1.962962234045162,-0.632691055030575,0.773849878576909,0.005566866815328,0.028764636355477
657,1666286112.273628950,-13.299192559766530,26.826440684778053,1.980392561360425,-0.617283164689683,0.785766871350696,0.021111264518054,0.032958048923997
658,1666286112.373107672,-13.318136808273088,26.651987223495595,1.961340768750150,-0.617328778985259,0.785447200390054,0.025708093333805,0.036290053363642
659,1666286112.472571611,-13.337635543234779,26.482167738388490,1.930181635433142,-0.636855200417580,0.769858597651305,0.022389795287648,0.035098296118577
660,1666286112.572186232,-13.354272421141797,26.307522822249918,1.943227822140827,-0.641894873911297,0.766053735640913,0.018237264282197,0.028285104710871
661,1666286112.672323704,-13.366124575790886,26.126570337377018,1.975831532467798,-0.648310932538422,0.760181487058512,0.026843273956771,0.033113141318110
662,1666286112.772304296,-13.375779684582927,25.953726768023941,1.983601610250637,-0.664222700571005,0.745991803407082,0.028114016613727,0.038910607364235
663,1666286112.872289658,-13.386336834163055,25.788668703798368,1.950060951199656,-0.672688591467012,0.738538063410795,0.025514555988523,0.037424527201663
664,1666286112.973134041,-13.401318095122354,25.621720169911409,1.929554729682082,-0.668829255256773,0.742592962242148,0.012902289923554,0.032506163351452
665,1666286113.073931217,-13.418120391853636,25.442383427040625,1.948202154523488,-0.658140299238105,0.751822230649418,0.009458126645513,0.039054114513941
666,1666286113.173861265,-13.437988485463377,25.261743243311280,1.968946879581195,-0.646429333180883,0.761205988020359,0.020909266059086,0.047511720639625
667,1666286113.273525000,-13.460842267342523,25.089234355520105,1.954188043924203,-0.639913455191196,0.766314218137071,0.021500190347189,0.053019154663858
668,1666286113.372669935,-13.482176841079694,24.923723430581894,1.919633670845365,-0.653943364592280,0.754641437985427,0.014846062907012,0.051516700177480
669,1666286113.472311497,-13.498660172925204,24.751357361926253,1.927161931182244,-0.660731009140922,0.749265004524620,0.006476222947636,0.044660330167528
670,1666286113.572037935,-13.507078293828043,24.570795012850589,1.957326303079978,-0.665080805693419,0.745212330857953,0.015978027000967,0.045506114848517
671,1666286113.672683239,-13.510591237004716,24.396950638755477,1.967284949251652,-0.672020511478264,0.738791575540820,0.025394616546116,0.043938064509948
672,1666286113.773514509,-13.515975290762714,24.228939747963047,1.938350553488635,-0.678718910442350,0.732850858871214,0.027216762543929,0.039108913259002
673,1666286113.872948885,-13.526040065430072,24.062042307312836,1.919430573624774,-0.669715456516556,0.741736451823980,0.021955426460677,0.028743739967566
674,1666286113.973549604,-13.537490231054791,23.888507775914793,1.935768551107458,-0.657983615130336,0.752457360735027,0.016686391594212,0.024229049326315
675,1666286114.073673487,-13.553792649390777,23.713832365088912,1.961160613485455,-0.642720670090445,0.765217542030410,0.026245168012129,0.025757421521613
676,1666286114.173348665,-13.577898525409259,23.544576991824865,1.955003977154119,-0.637655806419993,0.769351625558962,0.026538708474624,0.028086397795913
677,1666286114.272314548,-13.607952739076307,23.378869650816597,1.923517999631360,-0.646761669811111,0.761914092986729,0.021463665772156,0.026936377317191
678,1666286114.372258902,-13.639996979489668,23.208842595711598,1.926571007305002,-0.659100071658658,0.751604433668214,0.007168956545127,0.025029520408684
679,1666286114.472339869,-13.666806022084234,23.034050667968771,1.954869149152947,-0.659439782741318,0.751111853206896,0.007254752953912,0.030290682887046
680,1666286114.572114229,-13.687827545704197,22.866545520326628,1.970991686575009,-0.670535408925633,0.741087176371106,0.010996479875867,0.032421286611951
681,1666286114.671979666,-13.707925827027186,22.704866821706844,1.945200602939019,-0.676076443266496,0.736214531188327,0.007741707061401,0.029135423440400
682,1666286114.773461580,-13.729734439553535,22.538876952677910,1.916682794119932,-0.668715629956658,0.743059452069924,0.000366833920144,0.026113643447252
683,1666286114.873827696,-13.751088866813184,22.364365544833888,1.932107676726927,-0.661203675898837,0.749793755103524,-0.006464808415096,0.024025612120789
684,1666286114.976101875,-13.772868095380518,22.176001104823790,1.957033345635089,-0.647381430213173,0.761328162499547,0.005187940307858,0.035352483301346
685,1666286115.074840307,-13.796168739341223,21.998604194001064,1.953030379545321,-0.636644306633148,0.769800926270084,0.012083585392486,0.044097026083198
686,1666286115.173058748,-13.818435589350244,21.828952386949773,1.917086920434517,-0.646433526974143,0.761513101870240,0.011353245053971,0.045744887260549
687,1666286115.272186518,-13.838144041788828,21.654370608504397,1.911529101240145,-0.665392936903883,0.745394446818809,0.005523016641118,0.040110528010607
688,1666286115.371994734,-13.851579378083668,21.462929878850449,1.943366474678850,-0.664790369734669,0.745463634157190,0.015206744995944,0.045896507098315
689,1666286115.472154617,-13.860156996617565,21.277244579022387,1.962450166781040,-0.675362277154508,0.734803526135611,0.031852063003527,0.054175812479084
690,1666286115.572618961,-13.866629602152342,21.108330418926407,1.939535786436026,-0.683454674634707,0.726989937365621,0.035183402948220,0.056013095308860
691,1666286115.674351215,-13.877820770639978,20.945594781078128,1.912408607695779,-0.682704103664543,0.728421218215548,0.028740416918646,0.049916171010124
692,1666286115.774930954,-13.894282176674725,20.785758996419638,1.925434243633417,-0.680088443371116,0.731988891962518,0.012008932418256,0.039086529376639
693,1666286115.874911547,-13.914013673937504,20.622523968097600,1.952170935455829,-0.669120928651874,0.741985948220097,0.011441834780477,0.040038979767650
694,1666286115.975018501,-13.938122169875536,20.457128635304784,1.963331079888721,-0.656827575239995,0.752629765360457,0.011633380600526,0.044616556944881
695,1666286116.074324846,-13.961149882989226,20.293276428260537,1.932979837144115,-0.657376616403568,0.752132231375163,0.005854980897297,0.046030532596390
696,1666286116.173623562,-13.983834936686177,20.125025045368425,1.910673743009501,-0.671961612478422,0.739335587643041,0.001329496710100,0.042996658456405
697,1666286116.273364544,-14.002263601167003,19.943669975764514,1.935389267190089,-0.670194857899293,0.741093005904801,0.003191263697078,0.040122623049211
698,1666286116.373038054,-14.011090481874783,19.763586706699133,1.962952121293803,-0.679686274510196,0.731806800639675,0.011996869903918,0.048388530588167
699,1666286116.473525763,-14.011547867810901,19.594651277236633,1.956468273873255,-0.694440993004608,0.717785968502075,0.014529928507795,0.048206761287923
700,1666286116.574180365,-14.008959171840575,19.431086507367347,1.920944202398864,-0.691384950554426,0.721339313231369,0.013539749737129,0.038381252074499
701,1666286116.674325705,-14.008227163239786,19.261830565890065,1.912844795437467,-0.689238444853826,0.723930568891034,0.002540660398916,0.029469350269747
702,1666286116.774986029,-14.013996492031188,19.079645387857916,1.938719884325032,-0.676980387761216,0.735281461075885,0.009185973210705,0.031214507539906
703,1666286116.874809265,-14.025932753850174,18.897095532704832,1.959627276201839,-0.669520595536763,0.741373561050051,0.018941068307151,0.041816875295133
704,1666286116.974232674,-14.038928376339928,18.726143410571826,1.934826456158844,-0.672232674548363,0.738572670772072,0.016525687945848,0.048379157661951
705,1666286117.073809624,-14.046671722595930,18.562844923220894,1.903015886205256,-0.688010253470313,0.724315892462850,0.007994147761282,0.044096174970544
706,1666286117.173763514,-14.046497706464727,18.394188460124170,1.916956287070263,-0.696495226109995,0.716913721224558,-0.006814902845286,0.029709820348711
707,1666286117.273867846,-14.036057265288537,18.211131417729014,1.947142877705010,-0.705307284574039,0.708236761926775,0.001244284019121,0.030672057960829
708,1666286117.374057293,-14.022565389414787,18.031036859506859,1.957328715068744,-0.720177303785834,0.692983256920719,0.010625442322976,0.031716820691235
709,1666286117.474173784,-14.010494144627831,17.854573525668709,1.926452405102707,-0.722571923699698,0.690646317543299,0.014322891837478,0.026312238867304
710,1666286117.574548960,-14.003789110786695,17.676391811212550,1.904278179946146,-0.715403596505078,0.698277344858454,0.010025669679669,0.022492881373941
711,1666286117.674876928,-14.001715005311864,17.492825087755932,1.920741780561449,-0.709225589570800,0.704553780518359,0.008998593002051,0.022848605629726
712,1666286117.774801016,-14.004287698269062,17.308174481573047,1.948064402245155,-0.695827899752600,0.717115904723609,0.019752019792460,0.034324493185531
713,1666286117.874777079,-14.011899216293354,17.133514921890690,1.938805593167318,-0.685330432226728,0.726922218065452,0.018516631553026,0.039540130281265
714,1666286117.973627806,-14.015983598757819,16.968799524751127,1.904222269713814,-0.698509605544360,0.714583357096736,0.010367771232992,0.036707847148548
715,1666286118.072602272,-14.011150809735826,16.796921596056944,1.913443541884068,-0.709483836972411,0.704201947995847,0.001199133131423,0.027034488963025
716,1666286118.173524857,-13.998580548681256,16.608740618846230,1.942959323446634,-0.709936979468860,0.703552206630017,0.013208356842862,0.028797865166981
717,1666286118.272446871,-13.982696100185604,16.429397717757368,1.950583642863001,-0.727048820441025,0.685192939179831,0.022130148711334,0.037694897684338
718,1666286118.372563839,-13.965433792817420,16.259403115117948,1.920431829613954,-0.731186213832348,0.680697781420576,0.023861986269984,0.038050711975900
719,1666286118.473739862,-13.949933831370998,16.095208643096122,1.904625725716221,-0.728406159967258,0.684299771268208,0.014482311993655,0.030798568202936
720,1666286118.574100494,-13.933501451312925,15.931395440908696,1.926314376145319,-0.728794118336519,0.684239208088997,0.002983973786985,0.025825086491184
721,1666286118.674374104,-13.919057130739889,15.762870379991284,1.951359649105673,-0.725622760986003,0.687415314829711,0.006183172702170,0.029892508291455
722,1666286118.775167465,-13.907567873690061,15.593638065977652,1.941241435399994,-0.724644758763044,0.688207739432210,0.002375934892241,0.035418016831064
723,1666286118.874445200,-13.890755530177826,15.425285963365601,1.908481857553388,-0.734043630199933,0.678202263445374,-0.002189481130758,0.034883305360226
724,1666286118.973377705,-13.868404093783205,15.258093606224127,1.912146299541271,-0.744033785316500,0.667646648424819,-0.010081819079456,0.023665081422965
725,1666286119.073773861,-13.838255514688470,15.080029128499152,1.945722556210892,-0.738370298694259,0.674097976907211,-0.005523188556015,0.019253932687403
726,1666286119.173842669,-13.804790484687347,14.903345990246931,1.967806239223551,-0.752745544316919,0.657945551045032,0.002922302922604,0.021754482680667
727,1666286119.273523569,-13.772632667080392,14.732799422890988,1.947567956135120,-0.760080230741601,0.649390370803544,0.001788130945516,0.023811588169461
728,1666286119.373922110,-13.740320733691778,14.560059790896435,1.914123433318094,-0.758611511283820,0.651222323072109,0.000970471241091,0.020423492987617
729,1666286119.475309610,-13.709207868577279,14.377542716447431,1.927458632821803,-0.746924766932485,0.664668987224176,0.001591713803670,0.017776287925470
730,1666286119.575410366,-13.677804544419915,14.189226414107850,1.968405704221745,-0.746886294107866,0.664354319742461,0.015653850816869,0.023434130407451
731,1666286119.673959255,-13.651721866351522,14.012002752750453,1.975976455722990,-0.745259270312982,0.665761724023338,0.023049312616240,0.028612515197965
732,1666286119.774058104,-13.623759024341874,13.838887185123575,1.932831634825179,-0.749681357796852,0.660546005233330,0.031102806434058,0.026257421314434
733,1666286119.873366117,-13.595818876719999,13.665442167269354,1.914131777603763,-0.747995710734108,0.662511346543303,0.032071189033564,0.023506834298336
734,1666286119.973217487,-13.566748241357535,13.487091365236783,1.941885656295013,-0.753255050811744,0.656212938087577,0.037876408289197,0.023596313444641
735,1666286120.073297739,-13.539205124050680,13.325459210402645,1.964878022370643,-0.767001010106010,0.639942301153044,0.037504128354762,0.027870092351081
736,1666286120.173196316,-13.512300725231960,13.181713892768681,1.953623160464584,-0.783337755692250,0.620761129887633,0.019950308418503,0.025289628737185
737,1666286120.273391485,-13.480985382271404,13.035174671799069,1.930584079180784,-0.781821232327061,0.623283530748829,0.001468060690184,0.016463467972430
738,1666286120.374661922,-13.439279011222675,12.864739299607866,1.946715457841453,-0.772064719512642,0.635293015138766,-0.004027908461339,0.017396256872928
739,1666286120.474503040,-13.396153595560696,12.684892797760401,1.978057272265872,-0.769272123890528,0.638282576637779,0.014003624406271,0.024892775439507
740,1666286120.575146914,-13.359460277762093,12.507684630000140,1.977543596606022,-0.745373139736577,0.665141366192864,0.029440813631433,0.033750318976977
741,1666286120.674145937,-13.325127557132445,12.340191886637715,1.939475727413938,-0.753034185600654,0.655847150598597,0.039937953652191,0.034770536759383
742,1666286120.773583174,-13.298163732323859,12.178441656535009,1.930331714102025,-0.767139041562989,0.639972379027045,0.028727640866783,0.033283143519083
743,1666286120.873100519,-13.271515855754647,12.014305923347838,1.959578230849464,-0.775102117742005,0.630793624295247,0.014358045425560,0.033316019448377
744,1666286120.972792864,-13.236841347345573,11.853134763981407,1.986710419841788,-0.795857390335763,0.603913571689425,0.007724835897543,0.042892179795705
745,1666286121.072536230,-13.194067141672102,11.706149409725272,1.977526052736411,-0.809274932736566,0.586216566843218,0.000150124501048,0.037738540849003
746,1666286121.173688889,-13.141302727619411,11.561919650749898,1.944526569818408,-0.805724863269740,0.591578718846654,-0.008563461058094,0.027726003163386
747,1666286121.274934292,-13.083247598712726,11.407805567300148,1.945699585736037,-0.796549086467943,0.604281313983030,-0.015025932838024,0.011307862767819
748,1666286121.374592066,-13.023755305072289,11.240703235920197,1.968965663090626,-0.788427995961539,0.614959548164706,-0.006480189897990,0.012808452053895
749,1666286121.474660158,-12.969072340713840,11.067100858715747,1.978792495005282,-0.782486758474462,0.622354720894331,0.008426957002752,0.017834253232002
750,1666286121.574392796,-12.921926571750314,10.899890494590116,1.950278944966701,-0.784924537126740,0.618976793459956,0.007233165380358,0.026624828506210
751,1666286121.673904181,-12.878957677952348,10.737871696561355,1.926240520738259,-0.797891284968528,0.602158262735306,-0.002960723368879,0.027679561196009
752,1666286121.773661375,-12.828845716130603,10.563671961986872,1.951882825249743,-0.798163968389672,0.601827859534801,-0.006953150655528,0.026251871327047
753,1666286121.873440266,-12.771905655048968,10.385420235348564,1.981082302869172,-0.806414273281650,0.590034729787204,0.001402281746547,0.039409023059110
754,1666286121.972920418,-12.712234413049615,10.218684233640420,1.973115008302188,-0.810839696633184,0.583342479139158,0.007677278799537,0.046814504011269
755,1666286122.074239492,-12.648665242397669,10.056482787350866,1.937056097879050,-0.807949363275554,0.587453178443862,0.008104790037351,0.045286884384797
756,1666286122.174170494,-12.585798405319812,9.894424200683718,1.929539438829831,-0.803706517261785,0.593569594171893,-0.001552736216705,0.041575954538501
757,1666286122.274246216,-12.521373143978556,9.722893061716688,1.953971818517294,-0.797485953032227,0.601336335982965,0.002595407487544,0.049030904568825
758,1666286122.374163866,-12.460743901532213,9.551451358321030,1.968992285882512,-0.791307014580582,0.608946643841586,0.017619695749221,0.052026339015352
759,1666286122.474462032,-12.403311203079051,9.389271928849144,1.943600839991812,-0.786397485494234,0.614969630835024,0.018721143494403,0.055144054486793
760,1666286122.574021578,-12.345238771124270,9.233019042900203,1.918240156413112,-0.794830340986924,0.604839889551221,0.013414706484822,0.047259736607414
761,1666286122.673837662,-12.279760951135563,9.067813546296339,1.938868790782172,-0.798482263055932,0.600829835659035,0.008772801608980,0.036778011351133
762,1666286122.773640871,-12.210680137447227,8.897477277112264,1.969350290823081,-0.804726486857757,0.591912260360552,0.018958490935417,0.041179278841247
763,1666286122.873146057,-12.145205065488515,8.737278902333218,1.975359428528266,-0.817689724850509,0.573736962606040,0.021865310848103,0.041609131149436
764,1666286122.973052025,-12.082877415651350,8.583515041298517,1.945517204136566,-0.825835721187649,0.562261918099875,0.012337646188646,0.041287765156877
765,1666286123.073565006,-12.021810480047600,8.424484182375563,1.931701898908679,-0.822177615005005,0.568066540415663,-0.000675115261197,0.036385701370795
766,1666286123.174249649,-11.956199207180271,8.253280237123677,1.954970043252454,-0.818674041531598,0.573006407289852,0.000729645150336,0.037893779767271
767,1666286123.274301767,-11.891939215749485,8.079746551216001,1.979371347301660,-0.810484577060332,0.583787934704903,0.013006375689717,0.046230204755513
768,1666286123.374565363,-11.830685258790078,7.913075232621522,1.961990743556607,-0.808848673660632,0.585910781855287,0.018412338920903,0.046188359990633
769,1666286123.474287033,-11.771244120319222,7.752673635542893,1.932215752249787,-0.823220660005752,0.565416070804643,0.012092047311210,0.049660791449149
770,1666286123.574247360,-11.707888434021699,7.590056543469376,1.945851414154964,-0.834710978546741,0.549109580030753,0.001702482266828,0.041633555770822
771,1666286123.673986912,-11.633624870710682,7.423659727115871,1.976995241024982,-0.840980115598196,0.539125035505040,0.009231163151359,0.044848934067683
772,1666286123.773917198,-11.556004745072645,7.266662745839275,1.984942921799338,-0.855623690858345,0.514916347023192,0.015642109236770,0.050245195082303
773,1666286123.873999119,-11.475059651243292,7.118835734933588,1.954979301743789,-0.858692693623049,0.510492128010212,0.017912656622553,0.041518452412389
774,1666286123.975996733,-11.390340916923632,6.965895981820545,1.940636242928564,-0.853251351958344,0.520285515921790,0.011990732813413,0.033486334971933
775,1666286124.077442408,-11.306269604059235,6.805448535776967,1.966799814156445,-0.846628500253284,0.531417136767209,0.012236727567146,0.025812241426584
776,1666286124.167157650,-11.233570247032125,6.661188820183409,1.991000403642085,-0.841418792820096,0.539079308122872,0.020728330217765,0.031277003841810
777,1666286124.267149210,-11.157976809499059,6.504379813075241,1.985415957775484,-0.834095556724902,0.550229843863773,0.022298898858163,0.032163337562149
778,1666286124.366382360,-11.085423953406107,6.354317218029430,1.952834014978043,-0.841236401894258,0.539606478296684,0.015355717386130,0.030172282840567
779,1666286124.465767384,-11.008714486587674,6.203107817941807,1.959155427788500,-0.848673244375656,0.528556217817391,0.003890660763791,0.019154937908913
780,1666286124.565791607,-10.921601235352938,6.045603090658976,1.993880752677579,-0.855140704651029,0.517658672865595,0.002395719483961,0.027534236581520
781,1666286124.665406942,-10.835950519515704,5.894796841593136,2.009902092971768,-0.869918397831197,0.492062494969643,0.005002116544076,0.033037266671640
782,1666286124.766721010,-10.749057176219782,5.748023522166924,1.981845116765548,-0.882396510360594,0.468989633692486,-0.000094600509843,0.037750669440122
783,1666286124.867931604,-10.654026522040056,5.597169709434922,1.952350316275604,-0.878371955351560,0.476450173073023,-0.001428753851944,0.038156248413525
784,1666286124.968941689,-10.550379048992918,5.439971441462368,1.963052232228123,-0.872325039554532,0.487277700355345,-0.001432722915602,0.040092585444660
785,1666286125.068761110,-10.446394972584962,5.281925295418650,1.984157080857888,-0.865362851080792,0.499104542444204,0.020655422330386,0.040188869220702
786,1666286125.168650150,-10.351091920526592,5.130749266698909,1.983231566548913,-0.858791218139162,0.509716321974241,0.031393347510601,0.041004542335995
787,1666286125.266834974,-10.264070402589450,4.990953134471224,1.952411526573924,-0.868545442837324,0.493357661010550,0.025334470783541,0.039814527987078
788,1666286125.365509272,-10.174922280499469,4.849379167931064,1.946719904471329,-0.879256835385427,0.474851580112100,0.009018533015992,0.036634141934619
789,1666286125.466100454,-10.068193182574975,4.697436903338475,1.976724742841407,-0.886940655281354,0.460130511119891,0.010882282454619,0.038700938931860
790,1666286125.565842628,-9.956966407664567,4.552536748143607,1.996494626799318,-0.899384252352748,0.434286997579187,0.021198232589002,0.045314515209216
791,1666286125.665963173,-9.848355336866927,4.418963653105966,1.973650606934102,-0.906642389355933,0.418581911061923,0.023822950190512,0.047129911934278
792,1666286125.767359257,-9.741318548214188,4.284598835369790,1.942213300475408,-0.903723637104092,0.425452971746948,0.021875170836538,0.042365474999272
793,1666286125.867766857,-9.635255395814653,4.147868808723238,1.949938608352705,-0.900106344007001,0.433381621080766,0.010460230062456,0.043353472465298
794,1666286125.967917204,-9.525998355309662,4.008683535738922,1.973925303580945,-0.894793242743490,0.444058610358356,0.019744805671098,0.042037435176342
795,1666286126.067584276,-9.418088959799944,3.870305209074034,1.981062510179055,-0.890150464856331,0.452615623025735,0.024086017529411,0.046809309636611
796,1666286126.168522596,-9.309074063762614,3.735999182890227,1.952221412355094,-0.894960037246932,0.443434755101928,0.020874289891463,0.044456874836075
797,1666286126.265927792,-9.202419885088053,3.609146878637264,1.940761934238420,-0.901555228780631,0.430907165142962,0.010430768271689,0.037528436685033
798,1666286126.366598368,-9.081488300730415,3.473630660198678,1.972055978950175,-0.907898030661243,0.417895496069086,0.007731878594069,0.032011534483941
799,1666286126.466817379,-8.957557535791326,3.343710328048980,2.000988617218367,-0.918992517070159,0.392292682580298,0.011635430376215,0.037733559638170
800,1666286126.566043854,-8.834774760821904,3.226880401854245,1.992210092035460,-0.934361740153739,0.354202408109477,0.009882837002749,0.037564905950924
801,1666286126.667854071,-8.706193986440038,3.114326761811549,1.958630046783559,-0.932505275047206,0.359457473511204,0.002529273980672,0.034897557496295
802,1666286126.768651962,-8.573102674939971,2.998163008546534,1.958477065187210,-0.926755841758292,0.374811926843249,-0.005002419291441,0.024791229581514
803,1666286126.869034052,-8.435681178190574,2.870835745162001,1.984662595972600,-0.923720552101333,0.382139790682669,0.009177725896298,0.025005826320839
804,1666286126.968136549,-8.304793388056563,2.740788731414249,1.997526656746382,-0.919745424628112,0.390693774795970,0.020736943173338,0.031570673086824
805,1666286127.067620039,-8.180446318757504,2.617385459315912,1.964648524441277,-0.924801416810496,0.378026930772318,0.020887068827928,0.037439410144091
806,1666286127.166431427,-8.060681922878498,2.501201788373877,1.940356161675889,-0.934546962844417,0.353412409749658,0.010454962486997,0.040153911797120
807,1666286127.266457081,-7.932899098886074,2.383020860469476,1.961115373187785,-0.938308892469000,0.343659743081980,-0.001381081088063,0.038373114461216
808,1666286127.367197275,-7.794938582800803,2.265474494400841,1.989647248845142,-0.946827930104051,0.318436330819431,0.007909194519097,0.045305834405689
809,1666286127.467142582,-7.659874656350161,2.158599735067086,1.983562490490197,-0.952743292136881,0.300161626309022,0.014077928391219,0.044553667771728
810,1666286127.568279982,-7.523162193044970,2.055470963093923,1.947440312159615,-0.951028844395715,0.306107667160522,0.013771481075743,0.040651931588483
811,1666286127.669391632,-7.385094269906144,1.949032855783674,1.941921980427651,-0.947280683838562,0.318445352921064,0.007187445475010,0.034643958446872
812,1666286127.769043684,-7.244858504403264,1.838677535980139,1.967480314134371,-0.945359254839961,0.323855606496195,0.013934857963657,0.034917691260285
813,1666286127.868221283,-7.107863131582627,1.725880787891227,1.987816229911029,-0.942035823443974,0.332253556524110,0.025617735004292,0.038984781371246
814,1666286127.968047142,-6.979306138728681,1.616871104323963,1.969473528507903,-0.941611558021803,0.332658942666928,0.024135130770563,0.046078163224708
815,1666286128.067224979,-6.853712986608905,1.513700424511669,1.942252918997573,-0.947068676026956,0.317761593604017,0.016867103940198,0.042473442566572
816,1666286128.167276859,-6.717673117303177,1.410563781082234,1.957908262923433,-0.952300857014361,0.303113431925464,0.004770736063861,0.034965199749044
817,1666286128.267764807,-6.568031455489581,1.306206506243556,1.984558368414253,-0.958600024603118,0.281859788160635,0.015305157710700,0.037507396555801
818,1666286128.366565228,-6.418798075165436,1.212955530265641,1.988794987854557,-0.967269036885671,0.248583466263223,0.023127857200288,0.045408950705236
819,1666286128.467384100,-6.268171994346906,1.128282087588925,1.954949642788839,-0.969915753133352,0.238513098698400,0.024584138046366,0.042077948257572
820,1666286128.569697142,-6.113063281021351,1.044836086298425,1.932085197393395,-0.969088631149626,0.243018597922027,0.018338528405611,0.038378176304668
821,1666286128.670917034,-5.953961798914107,0.957000101766273,1.950063478271550,-0.966458175770490,0.253629075785789,0.021783288125347,0.034005510742692
822,1666286128.769025087,-5.803352037057881,0.868812428308655,1.973115571277398,-0.962592731350119,0.266901844569359,0.033389870621288,0.032615264176226
823,1666286128.868981838,-5.658916061056993,0.781614399959577,1.961229924522149,-0.963702171610893,0.262439738180859,0.034718057691539,0.034614516118781
824,1666286128.967583418,-5.518121327243699,0.699168024824564,1.926980101375831,-0.969200602680101,0.242575786185473,0.026417813502621,0.033305838088371
825,1666286129.067820787,-5.361013808444842,0.616808209689215,1.935507245981945,-0.973033376445319,0.228096229244173,0.018003852099877,0.029223617804401
826,1666286129.167508364,-5.190977338889857,0.540297845719437,1.968744734210460,-0.978108176955045,0.203891310614782,0.029578236034518,0.029289171762809
827,1666286129.267018795,-5.026533928052022,0.477328981513274,1.980659297616918,-0.983820652258044,0.171610333899039,0.040275832764328,0.032010541775445
828,1666286129.366834641,-4.870606807924702,0.424844434037276,1.954061630328994,-0.988622532239006,0.141658679107420,0.040997144165962,0.029623327853426
829,1666286129.468594313,-4.713005682396038,0.370253311981728,1.929768868675886,-0.988419854328140,0.146377464047619,0.032555536255816,0.023237182445890
830,1666286129.570061684,-4.547554172221910,0.310753142573324,1.942385893823264,-0.986787114192840,0.158057178085880,0.029937596982987,0.019309583252336
831,1666286129.668796778,-4.382709643859083,0.247496590610262,1.965686749968454,-0.984336460953145,0.169775063284175,0.044112454399012,0.017670622286384
832,1666286129.768961430,-4.222678229506969,0.182964412494505,1.964615211799299,-0.982831876181314,0.176361551392775,0.049335649348291,0.022452172626167
833,1666286129.867979765,-4.070793297853331,0.124668862457978,1.931984798786514,-0.985284482337643,0.163137906271735,0.044462225388002,0.024972443121661
834,1666286129.967120409,-3.914644127237090,0.071132801398852,1.919750826105627,-0.988965825756498,0.143410828512283,0.029050044671330,0.023152206283241
835,1666286130.067744732,-3.740864087942299,0.023386967085098,1.939234780391837,-0.991571154093356,0.123747147030904,0.029804326147315,0.024186610233489
836,1666286130.167248964,-3.563317552086820,-0.010955719713195,1.959897715709822,-0.995251413574469,0.082244332653588,0.043736220832208,0.028242459377732
837,1666286130.266443014,-3.397574545937547,-0.034952433340741,1.943756315460214,-0.996824918718012,0.059984743036200,0.047324620707327,0.022411878560653
838,1666286130.368118286,-3.230898434664041,-0.060922281064345,1.907523584765419,-0.996944645079714,0.062304412738009,0.042348695565561,0.020642741682034
839,1666286130.468780279,-3.057359355975247,-0.092575282705338,1.907193825043805,-0.996616736604371,0.069568090933858,0.037222206245704,0.023018870651599
840,1666286130.568131924,-2.881216423581048,-0.127817974186053,1.929845663883899,-0.994912276215356,0.082815520593000,0.051405787358235,0.025467571752506
841,1666286130.668928146,-2.710346811787756,-0.162974354185815,1.934166011942722,-0.994231960148867,0.084624082374193,0.060398755472835,0.026335611597243
842,1666286130.767423153,-2.552034813053958,-0.189368765673591,1.902296304725830,-0.995626384406665,0.068121322504153,0.054779687647936,0.032966254181978
843,1666286130.867020369,-2.387427559160189,-0.207400119076675,1.888538828393666,-0.997671912204637,0.046183748100148,0.041755018126989,0.027826883953836
844,1666286130.967025995,-2.206891942472757,-0.215141670367555,1.915957177165183,-0.998317082300131,0.036465995919070,0.040716251634247,0.019375788557907
845,1666286131.068306684,-2.023136962465706,-0.215759547186241,1.940921336335087,-0.998437742509692,0.005662799499522,0.053054221194632,0.016590860357728
846,1666286131.169037104,-1.852295504218546,-0.210805068549495,1.930403652435269,-0.997963969536635,-0.026330426473613,0.055951106232343,0.015623631452903
847,1666286131.270324707,-1.684775856693017,-0.206072233021134,1.898395738321075,-0.998191032992876,-0.030161758788811,0.050070928630770,0.014065278718668
848,1666286131.371368408,-1.510680252111984,-0.202993842576410,1.899049372015783,-0.998756628876040,-0.023710936430749,0.040513379954562,0.016782544932257
849,1666286131.473045826,-1.329278900908241,-0.202981594440081,1.925132744140063,-0.998542161237165,-0.013650845383062,0.048277148290880,0.019912900467770
850,1666286131.574395657,-1.157136544610523,-0.207406746281760,1.937338999953242,-0.998411989242234,-0.006637862917465,0.051893600764628,0.020892408021477
851,1666286131.674004555,-0.994885673422856,-0.209230837466652,1.912645061760586,-0.998544826971165,-0.008065601718722,0.045343751830482,0.028055637008926
852,1666286131.772880793,-0.827516644897776,-0.201693535589600,1.891058430304229,-0.998874181992617,-0.021304889300820,0.033332707088181,0.026180161929090
853,1666286131.872311354,-0.642883186497402,-0.181165514752940,1.911520319488294,-0.998622401752118,-0.034313195442786,0.032575124440782,0.022688424471619
854,1666286131.972853422,-0.459107623360199,-0.148186008568413,1.937811948714791,-0.996578356803362,-0.062540436708990,0.049750290016960,0.021099316827512
855,1666286132.072575331,-0.294967986691358,-0.107176149452430,1.928577958166003,-0.994953509292771,-0.083622770452885,0.053742304847617,0.013656913174283
856,1666286132.172770739,-0.136056375083092,-0.065471434972390,1.893625258933433,-0.994691971166459,-0.090108686880876,0.048643685149036,0.010104402046163
857,1666286132.274152279,0.030348623291574,-0.031674900085283,1.890501392984795,-0.996343737080155,-0.076469661448846,0.036652373633051,0.010399613748295
858,1666286132.374096632,0.201753907245724,-0.004469150268974,1.916851209863947,-0.996828989122174,-0.065558045645516,0.042823609169491,0.014150886703833
859,1666286132.475454330,0.374832749830302,0.017998287417779,1.932347597299260,-0.996728836983603,-0.057730529332067,0.052707641253123,0.020511364213154
860,1666286132.573255777,0.535514393075844,0.040463097971650,1.905495351115653,-0.996024550359176,-0.064702750058757,0.053623041368229,0.029550273282279
861,1666286132.672618151,0.699581700363419,0.070624784735230,1.877939613257878,-0.994580535097223,-0.085722134637760,0.046641843515934,0.035858238555498
862,1666286132.771325111,0.868100247733562,0.115042239979216,1.896981279328366,-0.993766382629676,-0.099262801939960,0.036522846570740,0.035232862281210
863,1666286132.873319626,1.042769304298051,0.177683323681842,1.928490206132837,-0.991726543838450,-0.116569053806000,0.047761835650355,0.024676405660582
864,1666286132.974514723,1.201713186527752,0.245315794288429,1.934116611278038,-0.989641139976678,-0.133312392542363,0.051277697035488,0.014450531029290
865,1666286133.073023081,1.351303720380750,0.307381225387466,1.903877792690265,-0.988327524588621,-0.145238452280191,0.045807433115154,0.004021839278704
866,1666286133.173626900,1.512337887244898,0.361124058493506,1.887000099574036,-0.989475604178772,-0.140132950403231,0.035928630724583,0.003149355584347
867,1666286133.273762465,1.688452492460985,0.407092933881837,1.905809690651650,-0.989504777523462,-0.138675080996611,0.039435982344513,0.009711872391577
868,1666286133.374256372,1.867064134706064,0.443306155382581,1.926331193814453,-0.989767584940873,-0.130819351797005,0.054182391796158,0.017626497524220
869,1666286133.474305630,2.034152932404688,0.473599722643250,1.911097203791429,-0.990077500508373,-0.124170664420560,0.058037588636187,0.030981081158436
870,1666286133.573937416,2.195004999475747,0.513197464562310,1.880541156763885,-0.987895592153800,-0.140647854209417,0.051767077051285,0.040008122212205
871,1666286133.673890591,2.359987694724730,0.571274765474601,1.888144769492478,-0.986823452542474,-0.152941255290358,0.037551690999759,0.037125684443796
872,1666286133.774407387,2.532262307725373,0.650555440523343,1.917611430745108,-0.985933899369322,-0.158411711830483,0.047458584139813,0.024243729514756
873,1666286133.873218298,2.692183466362088,0.733403340575466,1.929337090615278,-0.981335310992174,-0.182488764623443,0.059468569184677,0.011930945697250
874,1666286133.974414587,2.848976074645363,0.813411160493506,1.899495093879934,-0.979899694015079,-0.189803556677528,0.061408911510720,0.000380957718821
875,1666286134.074279785,3.009507005276098,0.884120929294505,1.874766065002169,-0.981376450664220,-0.182905860593251,0.058699810053623,-0.000201350464297
876,1666286134.174947023,3.178645842327298,0.949755206485206,1.890119853642388,-0.983541537404055,-0.171278707610664,0.057349616059895,0.004546433533165
877,1666286134.274495363,3.342763268420153,1.008350857344217,1.916257499879482,-0.984190828013681,-0.163340837005547,0.067892725973987,0.008874839710857
878,1666286134.374148607,3.495917438886852,1.061593674853481,1.916147410666369,-0.985078048385030,-0.157241044118960,0.067975839874770,0.016606559777356
879,1666286134.473826408,3.642619488144399,1.118213497166931,1.884652191792790,-0.983661925893447,-0.168754335193413,0.058168259409269,0.023401784084141
880,1666286134.573242903,3.792071429447641,1.179716158195557,1.879401745967246,-0.981885078055918,-0.183163453613750,0.040062728216211,0.027346307964342
881,1666286134.674145460,3.952597753966096,1.251174308027304,1.908650456560739,-0.982235645266018,-0.182105397404371,0.037865326638868,0.024839050778494
882,1666286134.772504568,4.103970949853317,1.324523812585491,1.933496101366663,-0.978006055009452,-0.201774353340749,0.044003392557784,0.029239838272074
883,1666286134.875481606,4.249881173909175,1.403314024955957,1.916257831112469,-0.974679328107844,-0.218399443128936,0.037968417887099,0.029330697969263
884,1666286134.966826916,4.378345782312315,1.476320942197605,1.881274021462306,-0.977663228276356,-0.206533054859643,0.027824038443255,0.027286117556469
885,1666286135.067710161,4.532048692114419,1.559547781200166,1.882969813307262,-0.981823289496344,-0.186861199480631,0.021630547511449,0.025259448639922
886,1666286135.167428493,4.696467732357650,1.642512037545918,1.910381327844161,-0.983398478298362,-0.176853447245834,0.036010278149129,0.018802950442761
887,1666286135.268368244,4.860375701495967,1.718638090953276,1.915909430564020,-0.986687974968139,-0.154761371844746,0.048389482930130,0.012418364616965
888,1666286135.365581512,5.007493808267580,1.786700823265198,1.880823151814713,-0.984461908762465,-0.168289266865637,0.047624028869828,0.015666037399306
889,1666286135.464538574,5.152588888298461,1.853695864551121,1.847790781097463,-0.979751624541483,-0.195974179296345,0.034010290835539,0.022894876604393
890,1666286135.565825939,5.307059271621947,1.927101614025353,1.858344441908642,-0.977245229191091,-0.209696669395331,0.021062455474701,0.023988368788507
891,1666286135.665791035,5.466067052119206,2.008838436580189,1.885190619739336,-0.972515602680749,-0.229611334425731,0.032356947414590,0.021096577915469
892,1666286135.767477989,5.621310453578702,2.087210068703361,1.881327426273817,-0.971581116805507,-0.233511375985386,0.036935474098081,0.011761866583365
893,1666286135.868979216,5.772087622210920,2.158516395151904,1.836572514833124,-0.974576544976151,-0.221281975389435,0.034112471369552,0.008437099451747
894,1666286135.967926502,5.925291800762397,2.227891690576738,1.814654261096571,-0.980364372382609,-0.195255567208859,0.026618540722266,0.007239760121481
895,1666286136.069397926,6.095217077283660,2.303292531923424,1.835830931616498,-0.983002013801043,-0.179768011837673,0.037269028809954,0.001233804922737
896,1666286136.167037249,6.260993796264017,2.371274109902177,1.853146063458868,-0.985810006247049,-0.159756281682216,0.051338276791656,-0.004576394031256
897,1666286136.265475750,6.421759054104527,2.433994701036817,1.828041277660568,-0.987345599021051,-0.148733196477370,0.054860681905622,-0.004172522047423
898,1666286136.364419699,6.579159860827066,2.496459160075847,1.786253427875937,-0.984716668132429,-0.167004357007430,0.049422306316114,-0.000252747105265
899,1666286136.463943720,6.740199570040405,2.561107962938852,1.784159875678179,-0.983248278879441,-0.178346875793319,0.037408419580660,0.003977954230039
900,1666286136.564974308,6.911119916591101,2.635160051517710,1.808550933449599,-0.978884089833053,-0.198202026365414,0.049197989591063,0.009025144683403
901,1666286136.666667700,7.075457984781722,2.711969400876298,1.818350722761797,-0.972557386786090,-0.224616080549215,0.058456031043732,0.016206116164445
902,1666286136.767105341,7.226337083490792,2.786685445180986,1.781140448020621,-0.970319652189805,-0.234728574290674,0.055030669245458,0.018812081971966
903,1666286136.867988825,7.375451039783981,2.861240709980362,1.746496791684261,-0.974388033391897,-0.219397808923407,0.044165955846836,0.021952907926160
904,1666286136.969495296,7.535725368005808,2.936657594926969,1.760481390305885,-0.978925858153478,-0.198033719842577,0.045017830390875,0.021452388927295
905,1666286137.069403887,7.697493020033226,3.004676021199319,1.786958296681082,-0.981781262158950,-0.181070215805935,0.054494127738810,0.018695461041607
906,1666286137.169250727,7.851199994412444,3.067374765253392,1.770797336669458,-0.983424384500138,-0.171694433516630,0.053401083467885,0.023362914081612
907,1666286137.268200636,7.999232658803151,3.131021036917628,1.728668130960520,-0.981194735144785,-0.186125570733010,0.042853555490127,0.027887926156685
908,1666286137.367446661,8.152451885849031,3.200212498885716,1.718978568652210,-0.977783277563242,-0.204675676784903,0.026005852112467,0.037032757205362
909,1666286137.467863321,8.316764670889851,3.286161772306970,1.741029011964790,-0.974701313818915,-0.218713227533578,0.031268755317194,0.033825107279044
910,1666286137.567156076,8.474541957099621,3.376744901838654,1.748866163042419,-0.970000558281059,-0.237678804041665,0.041080985499010,0.030332419524143
911,1666286137.668467045,8.629438507550383,3.468898366099894,1.707939445500867,-0.968078730016189,-0.246276257850194,0.040260902275607,0.023465656979970
912,1666286137.768527746,8.785501484357781,3.555769212894569,1.660235867317003,-0.973555599036769,-0.224661129718245,0.034832586462322,0.022440216091289
913,1666286137.868788242,8.950614012591036,3.637577880543301,1.662352880055938,-0.976045946864496,-0.213118499577689,0.035858316752477,0.025079790007572
914,1666286137.968821526,9.117132528196475,3.711107303960651,1.690135782148760,-0.978462002818165,-0.200440038968444,0.044355172704935,0.021645287563577
915,1666286138.068229198,9.274743444703532,3.777467191737353,1.679190031131320,-0.980711873552980,-0.189572483664695,0.040856331206106,0.024438795178569
916,1666286138.168147326,9.432217974360380,3.847384391552722,1.639484010176082,-0.981093848655335,-0.189227382954537,0.032714171519431,0.024034155958497
917,1666286138.266890526,9.598931550951860,3.925871210072021,1.640521528518486,-0.981039800335836,-0.190673756051916,0.028380923385155,0.019973785266771
918,1666286138.366439104,9.774903395479962,4.010980653081454,1.671726302078754,-0.979758992722046,-0.194353335221737,0.046673373330129,0.010986058913737
919,1666286138.467272997,9.937932810883916,4.093291159932695,1.682764517267740,-0.975931448444541,-0.209360201919843,0.059811392391018,0.012194717268957
920,1666286138.567658663,10.083197611389778,4.170824562103872,1.647225619604676,-0.974084642803946,-0.217955073358195,0.058117150553382,0.016646064474502
921,1666286138.667668581,10.223948210758085,4.246678482101306,1.616914351054117,-0.977885759707688,-0.202706722257491,0.046777755940787,0.021477133460650
922,1666286138.769671679,10.370185153413914,4.328483846235973,1.625368823376468,-0.981472831135683,-0.187168763867453,0.031505831378966,0.026197674781476
923,1666286138.868440866,10.519631126692378,4.411141794609369,1.647631806336926,-0.983524362643379,-0.176087576194665,0.036649996897091,0.018159606941438
924,1666286138.967551231,10.667894173885799,4.488269047279466,1.645715252629013,-0.984923699102717,-0.168468367444847,0.035361298055792,0.017125849354086
925,1666286139.066378355,10.813088773622502,4.562875977039122,1.609818225994876,-0.980343241904411,-0.193825210793009,0.026838084329486,0.025271187999762
926,1666286139.165453434,10.962646903972106,4.641071985205395,1.597108393637735,-0.976344297573358,-0.213794272517349,0.011894553313208,0.030038995260208
927,1666286139.265864611,11.127506198720983,4.732399342726858,1.621127387650593,-0.974054809292411,-0.223640694012557,0.020103688546930,0.028247303990208
928,1666286139.366836071,11.288488403436821,4.828501625666195,1.639372477911712,-0.968513734873307,-0.245327347122070,0.034227037763342,0.024982954223860
929,1666286139.469363213,11.441520824461378,4.924655157370693,1.609717137195738,-0.966907120163084,-0.251751268367189,0.037295319426733,0.017915886868965
930,1666286139.571178436,11.595456518326227,5.015496686014165,1.571349228503532,-0.971461059532452,-0.234203193413622,0.035198668381157,0.013165399771409
931,1666286139.672353268,11.757384576574996,5.097467203930900,1.578742114883811,-0.977270265629803,-0.208973888653737,0.031616195876814,0.016527490283405
932,1666286139.771924257,11.922508918680537,5.170354272871212,1.605320651373729,-0.981340059519044,-0.187253857540462,0.041953357662075,0.012148917657707
933,1666286139.871662855,12.084896602700089,5.232395738062127,1.603551860352177,-0.986134695134881,-0.159602931644847,0.043825780848426,0.012023651468289
934,1666286139.970989704,12.242195638960430,5.288444796573287,1.565160040138600,-0.986654942830455,-0.156849731244182,0.037983094175063,0.021621058108889
935,1666286140.069544554,12.400536293392223,5.348618756924899,1.549324734346294,-0.983665726580915,-0.175100368421523,0.024667412677598,0.033661819328143
936,1666286140.169841051,12.567421855665648,5.431087010597893,1.568952701786070,-0.982353676615588,-0.181749048382893,0.029534965466456,0.032805841959103
937,1666286140.269498587,12.723473638058907,5.526513428386999,1.589890608106159,-0.979556846913451,-0.196051121503720,0.039307603569045,0.022073824402926
938,1666286140.369112492,12.866870881808406,5.621365494937110,1.566901844418360,-0.977688256838140,-0.206739841481692,0.035897500844301,0.009781606108311
939,1666286140.469398737,13.012146179284480,5.706695375018282,1.525411405041900,-0.980060158907298,-0.196703518793768,0.027952142512215,0.002913476570709
940,1666286140.569891214,13.172192415671818,5.777935276226003,1.523863322621223,-0.983100049606918,-0.181861267848452,0.018768057188337,0.009409131139722
941,1666286140.670938969,13.348945202446385,5.840170667208596,1.548006741442383,-0.985317427895776,-0.167113801790637,0.032604671224969,0.012628497544972
942,1666286140.771623850,13.524384331592255,5.892557289897494,1.552567519642369,-0.987404907664619,-0.150583358116652,0.044223510894767,0.020012037934164
943,1666286140.870792627,13.688103445258097,5.945265369397279,1.514817089101709,-0.986398782744703,-0.155100271180874,0.044853561115888,0.030814044437737
944,1666286140.970237255,13.850003832683040,6.007671011577917,1.491865293081643,-0.984728005712152,-0.166791078665933,0.036348597397616,0.034209213829723
945,1666286141.070459127,14.022025647877449,6.091108075537452,1.512275130639204,-0.985366590284874,-0.163957702799401,0.040299095103469,0.023378138868299
946,1666286141.169707060,14.187373627233958,6.185249194361131,1.537650920838679,-0.982444629017879,-0.177738330261726,0.056378742133866,0.005751026438719
947,1666286141.270853996,14.341541612941972,6.277107749870097,1.523716146586004,-0.980739845334747,-0.185203269666605,0.061259881496994,-0.009814866099433
948,1666286141.369965315,14.491355413910165,6.356666948851990,1.486634914343554,-0.981701998043188,-0.180695113823158,0.058000862401946,-0.015695949766735
949,1666286141.470732927,14.649373218481200,6.423321087044010,1.477432148751742,-0.985258129435251,-0.164317619879931,0.046701507666429,-0.009225365056599
950,1666286141.570651770,14.813318206608928,6.479105734908877,1.496246374895874,-0.986559511073272,-0.154981287689170,0.051775200333688,-0.000678385936875
951,1666286141.670992136,14.979795786955625,6.525349545819670,1.515731782658245,-0.988174578909748,-0.140939700227685,0.059318240154713,0.011329116524294
952,1666286141.770271301,15.136752892606603,6.570369574600783,1.493473331834772,-0.987176113157957,-0.146761727114190,0.055545440662907,0.029309061506180
953,1666286141.870123625,15.291941398951916,6.624140927925303,1.461176100751804,-0.984688156384543,-0.162359655728849,0.046260591746433,0.043457272336052
954,1666286141.970000029,15.452700042905304,6.692170425350239,1.473114409738865,-0.982889545758078,-0.175147286208127,0.034795001550826,0.045176064907055
955,1666286142.070094109,15.613356517248850,6.775137279239639,1.501340737169862,-0.979573359279431,-0.192104768115959,0.043341184242357,0.040661205166532
956,1666286142.170761108,15.762450860423595,6.860958649589805,1.502087777264312,-0.978720837897953,-0.198094249144535,0.044094328634917,0.030329525258871
957,1666286142.271071196,15.907386430390693,6.942595858385486,1.462349920887303,-0.980127407601405,-0.193995256929442,0.036571505648584,0.019458420594322
958,1666286142.371378899,16.061237523233309,7.011176148724603,1.440867971014856,-0.984443202085942,-0.172122082571388,0.028464077525139,0.020865446285859
959,1666286142.471297503,16.230329970776250,7.066875376264735,1.462519019358815,-0.987749181496032,-0.149651484552767,0.039009121769901,0.020839290866371
960,1666286142.571548223,16.401498183078406,7.110250488384191,1.483093649320648,-0.989982804927339,-0.128282746037115,0.053934866149872,0.023845612400848
961,1666286142.670855045,16.561841919076510,7.147462263558714,1.456466865627757,-0.990612042373057,-0.120042664442923,0.056810348659193,0.032405624575766
962,1666286142.770017862,16.717496713039253,7.192203313710218,1.414342993102061,-0.990176478050047,-0.125032226911439,0.050056176253660,0.037574775699038
963,1666286142.869977236,16.879658816755832,7.249678838403185,1.413351553656656,-0.989179596949405,-0.137763095073184,0.035394171720047,0.035948674845148
964,1666286142.969936371,17.051663220024242,7.319540231004098,1.434532083179321,-0.988205832711224,-0.143818480634412,0.046349977141918,0.024842633565493
965,1666286143.070056200,17.219171091301181,7.388514357512178,1.445582787375810,-0.986072946908628,-0.154796727742237,0.059206066711260,0.013883735801689
966,1666286143.170260668,17.378239682755879,7.449705034197542,1.416999016102592,-0.986949999034710,-0.149288669242417,0.060197388467905,0.004343623240709
967,1666286143.270922184,17.536828527513798,7.500860791954883,1.388298162200769,-0.990284758041054,-0.128379474293398,0.053353282496405,0.002869811593259
968,1666286143.372045279,17.699995197118156,7.544944123918677,1.395829901125205,-0.993338792433071,-0.105762278197169,0.045125799111851,0.007486401850651
969,1666286143.471897602,17.868717426209511,7.586065049584236,1.419431447947253,-0.994611197586750,-0.086922011507071,0.056317332541605,0.004635472577262
970,1666286143.571141005,18.033581235810264,7.622972011961725,1.414456946879462,-0.995779958043126,-0.067527355393439,0.061585215442362,0.008342222252875
971,1666286143.670027256,18.196034007452628,7.662971000191797,1.372385297649554,-0.995564414035130,-0.072338315754137,0.059028969909642,0.011586470219577
972,1666286143.768935680,18.367679004164145,7.712461945128477,1.357678975504808,-0.994166242579089,-0.091576823593102,0.055135583046997,0.014395658333057
973,1666286143.869489431,18.551719918771674,7.771614419258262,1.381755497324660,-0.991957324916548,-0.105460831962717,0.068968325641487,0.011918411150314
974,1666286143.971054792,18.721033010541735,7.831018566478870,1.399805783088746,-0.989182394046837,-0.123232061724599,0.079134804907266,0.008350624118057
975,1666286144.069435120,18.864747923368174,7.884335765670497,1.379176337297727,-0.987885567768226,-0.136262388970792,0.073110178335187,0.013021834395322
976,1666286144.169983149,19.008696811224858,7.933701628904854,1.346431744261220,-0.989272883651770,-0.133191530811518,0.056848530618683,0.019168264342198
977,1666286144.271168709,19.165881528283329,7.982013518803891,1.355672124923832,-0.991135188954771,-0.122185704268165,0.045188364788998,0.026071106147973
978,1666286144.371100664,19.330994556411348,8.027050944792029,1.384144539003748,-0.991330571812248,-0.115715587520475,0.053275745882802,0.032176001862002
979,1666286144.470478535,19.491508427851951,8.064142286998154,1.386262136546912,-0.992770921458103,-0.100317945752492,0.056923485663095,0.033195241333561
980,1666286144.570312262,19.645549862057507,8.100971864115646,1.351076922779944,-0.992288102094715,-0.107850437172051,0.048576957661767,0.037052460476914
981,1666286144.670144320,19.803243042443704,8.140001793388027,1.333451638144583,-0.991862684263092,-0.117218569371121,0.032163036824714,0.037865044872730
982,1666286144.769501686,19.973725167396129,8.184878916176659,1.358487987958438,-0.991546704211585,-0.121027372449858,0.032147618348788,0.033971151283516
983,1666286144.869579315,20.140971107292184,8.230280865430364,1.379606167551708,-0.990290552753354,-0.129705541931436,0.039260236130226,0.030979467050420
984,1666286144.969841957,20.296358325221430,8.275821315129154,1.361240158390797,-0.988378283796642,-0.145258774126271,0.034682814478385,0.028378848433233
985,1666286145.070409775,20.449591033726406,8.319579480341448,1.320310717727212,-0.989298423368649,-0.139269753063297,0.025398979282636,0.035319360885983
986,1666286145.170639277,20.613709260581292,8.360132003287715,1.316745160253205,-0.991642015642761,-0.122050715078243,0.016614360740819,0.038388784534367
987,1666286145.270413637,20.789757906141801,8.395960926431904,1.343846784833706,-0.992877897898994,-0.110365204243931,0.028703703654725,0.034483314115276
988,1666286145.370753050,20.963661590638612,8.425922384189509,1.352293926917832,-0.994484990329013,-0.090702902424353,0.038606479294874,0.035806804640413
989,1666286145.470282793,21.128721381569687,8.455197071492803,1.314686247946122,-0.994856869414273,-0.086243568341248,0.037631376182276,0.037493143714945
990,1666286145.569391966,21.293029076808072,8.483475571465299,1.286244792869559,-0.993361314706980,-0.104173335336189,0.027633029777959,0.040219775159051
991,1666286145.668823481,21.470475304963529,8.516293397414689,1.307016102288591,-0.992565070522029,-0.111876816540631,0.026714851401905,0.039805469660681
992,1666286145.769338369,21.649747364509583,8.555583817870385,1.332237832874107,-0.990809357790535,-0.122762168307948,0.039641472505223,0.040679481371536
993,1666286145.869860172,21.815318174390271,8.602309384307501,1.321728106833584,-0.989120243800865,-0.135673966026216,0.042645124308003,0.037617969360273
994,1666286145.970368862,21.973175359761704,8.653113574227309,1.284067179859262,-0.990909850032080,-0.125933284351469,0.037477615970940,0.028877418565161
995,1666286146.071246147,22.133764985299273,8.702782684255482,1.273742283160832,-0.992621683823861,-0.114396532564309,0.026662484347058,0.030078864147247
996,1666286146.170181036,22.301008913583988,8.749869151238249,1.295308744753857,-0.994246448862477,-0.098553147072732,0.033410249651342,0.025397467288075
997,1666286146.269932985,22.472504852657526,8.789435428586922,1.311026992303160,-0.995752272087570,-0.079525299818775,0.043490783045347,0.016176869637834
998,1666286146.368351460,22.635817184937128,8.825390366388845,1.282248621315430,-0.995123108675776,-0.084877814753761,0.044539268024786,0.023281081287238
999,1666286146.468364239,22.795858087137219,8.861038129014645,1.247624817901626,-0.993527563892193,-0.103904061363651,0.035180464900104,0.029483227570887
1000,1666286146.568232775,22.960746363605782,8.900257766595598,1.259413031831678,-0.992353300105708,-0.115259703688075,0.023992848201080,0.037073868293554
1001,1666286146.668416023,23.130902450869325,8.948272468894391,1.287223534960942,-0.990072627526916,-0.132089681171004,0.033196775606611,0.034734456083480
1002,1666286146.769060850,23.292689311552074,8.997643548924838,1.287123182178600,-0.989262240943386,-0.138347567457045,0.038512447626499,0.027147018256242
1003,1666286146.870184660,23.449545367473092,9.045489838910214,1.248041099139039,-0.990911768014703,-0.127589703368787,0.035872247986862,0.022976453786644
1004,1666286146.972780228,23.612564022970641,9.089155615142300,1.223496744784664,-0.993818415524803,-0.105496499306530,0.026768576383071,0.021883530708297
1005,1666286147.072294712,23.778786305181772,9.128613693137988,1.238269616961386,-0.994342721052511,-0.098360411253781,0.026840756171128,0.029788527926654
1006,1666286147.171313763,23.946869907989790,9.165989092807870,1.260758108902427,-0.994575061913733,-0.093893074037277,0.035058371885875,0.027846856695787
1007,1666286147.270994186,24.112801445017158,9.204333291228627,1.243627969965118,-0.995035106308985,-0.087532996930489,0.036027559515459,0.030742911644693
1008,1666286147.370903730,24.279753720798738,9.249088931558880,1.203060963818144,-0.993317631502479,-0.106961528539780,0.032247963192057,0.028972111222728
1009,1666286147.469570637,24.446828446660295,9.295548645711467,1.204190735219882,-0.991737449370461,-0.123406793069621,0.022876696436809,0.026537741060269
1010,1666286147.569583178,24.619446001821963,9.345291811727380,1.228413632685549,-0.990492493173324,-0.131582600377678,0.029888347931961,0.026782959191219
1011,1666286147.669676781,24.787097882587283,9.396258131370763,1.236934619454157,-0.986860434081827,-0.155171991035913,0.037913802741329,0.024303917451091
1012,1666286147.769932032,24.946263556860732,9.448391477054219,1.203943462031296,-0.985602449199255,-0.163231615608424,0.037582357991936,0.023039491445353
1013,1666286147.871152639,25.106380388459112,9.502872026809754,1.171596631829931,-0.988871063071096,-0.143838775014876,0.032021421278631,0.020470857386961
1014,1666286147.973702669,25.281946867335698,9.559711992874057,1.182947074453624,-0.991149302566036,-0.125995925955517,0.039126129991932,0.014738813294374
1015,1666286148.074551105,25.457029413347200,9.608228681280316,1.204632311453918,-0.992124105590299,-0.113000185502422,0.053960653981742,0.002994161807752
1016,1666286148.173816919,25.621291127680781,9.644292605097380,1.191650730379527,-0.993055652840114,-0.101183934535648,0.059775828605040,0.005397413154634
1017,1666286148.272751331,25.780754704269878,9.676740418928381,1.150829843720184,-0.991368514292556,-0.118266005011671,0.055156449667560,0.012624855960355
1018,1666286148.371391296,25.944823899943195,9.712352343085755,1.143805176640494,-0.990340148791651,-0.130512653410806,0.043228869743708,0.018002827880182
1019,1666286148.471357822,26.121778768173996,9.755892246280581,1.171118063166565,-0.988552507732471,-0.140374075582666,0.051512338174615,0.020137958584212
1020,1666286148.571780205,26.293977002188051,9.801186930102707,1.186749114983283,-0.984927932914234,-0.158651002054678,0.064247796391318,0.024880658576508
1021,1666286148.672157049,26.452910284466324,9.846542928645205,1.160951601333947,-0.983973249373428,-0.164396972609999,0.064861695736475,0.023732685064145
1022,1666286148.773323298,26.604072744614847,9.895581104835832,1.128204479492676,-0.988698487319017,-0.137722380421997,0.054331070002789,0.023579269207056
1023,1666286148.872887850,26.758156956777380,9.947222286559052,1.139437630666399,-0.989626616823115,-0.133446203605363,0.046711089317609,0.025482232110111
1024,1666286148.972369909,26.915239563477172,9.996972340018386,1.167129476075508,-0.989015049991543,-0.136926397931268,0.049492613833002,0.025512224829906
1025,1666286149.072246552,27.074747409037705,10.040984647107408,1.169645685999661,-0.988864698509420,-0.137504713580642,0.050528233412220,0.026190826890723
1026,1666286149.171598673,27.234598188861444,10.082703675401660,1.138066514648345,-0.987214759266770,-0.149118360338141,0.046483435798418,0.031780873057422
1027,1666286149.271310568,27.401414112027460,10.125077201430051,1.119419073876605,-0.985854975516936,-0.160100967028223,0.038592586452052,0.031116874458577
1028,1666286149.371328354,27.579805288687581,10.168115561846051,1.135561756989186,-0.985122180976388,-0.162301146271427,0.044397747387609,0.034949484891939
1029,1666286149.471220493,27.759284318754013,10.215142207049148,1.152541645420756,-0.979816480055480,-0.185018799079881,0.061420937829614,0.044217392447525
1030,1666286149.571472645,27.930199442407737,10.267427391733525,1.134516494946994,-0.976341252186281,-0.201637501703591,0.067845038902978,0.038692736816001
1031,1666286149.674263477,28.094951883667903,10.323256713008671,1.093410206646442,-0.980255440909183,-0.183275579929387,0.065956717381448,0.034044732364253
1032,1666286149.766116619,28.244147597409512,10.375118302766994,1.088718406660843,-0.984832868520801,-0.159412157229143,0.062366368237683,0.028327042229707
1033,1666286149.865268469,28.411352410317619,10.431093371940253,1.108828404884815,-0.987209203952511,-0.143076604259209,0.069474547437160,0.010970879796335
1034,1666286149.965592861,28.578206417605099,10.476383711529650,1.117231376979805,-0.992313013874740,-0.099219598490615,0.073871738977866,-0.003649650747445
1035,1666286150.064181805,28.734033077441975,10.512383066926386,1.085138272901052,-0.992839797527094,-0.098623972228908,0.067396919376677,-0.000322190448150
1036,1666286150.162617207,28.889965283797192,10.547572173378381,1.050895377888049,-0.989982973011812,-0.130154341004192,0.054111284682130,0.008095031470427
1037,1666286150.262783527,29.064704041762131,10.591751570859353,1.064215715505164,-0.989556070457749,-0.133288979362712,0.053790612089547,0.010927097130423
1038,1666286150.362505674,29.245364476532966,10.644436836544157,1.088592260562047,-0.983423354690654,-0.165958974020353,0.071092757100535,0.016791196471248
1039,1666286150.463281393,29.419201555175686,10.697342920587802,1.074438296416688,-0.977739343670889,-0.191743618888945,0.081780546140740,0.023918668991225
1040,1666286150.564137936,29.579738195489440,10.754004981934067,1.029614602817316,-0.978779002636973,-0.186559322062191,0.081430399000473,0.023587570186245
1041,1666286150.664711952,29.734309602660201,10.814583138701030,1.014783101467932,-0.981743904846494,-0.175332339630945,0.069733431082383,0.023973413728028
1042,1666286150.765123606,29.894585799257349,10.875751303219262,1.033835272129797,-0.981799198520057,-0.174172124289439,0.072888254463333,0.020535512342428
1043,1666286150.864964008,30.055843700789360,10.929727031556045,1.050991167583445,-0.982936311832091,-0.164768346041525,0.080103008472284,0.016465328978095
1044,1666286150.964591742,30.210532224462700,10.974025012167560,1.029111563697441,-0.983287040316680,-0.164939478095439,0.074728431049358,0.018900436602614
1045,1666286151.063985586,30.361885494058729,11.014462938680111,0.993557940212923,-0.980188911281547,-0.185367171780670,0.064225187423382,0.027273340960788
1046,1666286151.164062977,30.518842847047818,11.055892453521421,1.002844830898189,-0.980642689064329,-0.186172615179892,0.051629282105658,0.031844795038064
1047,1666286151.263963461,30.680446110096238,11.102220587637980,1.030593099869914,-0.976992368078771,-0.202518525374170,0.055690510567815,0.037023325469256
1048,1666286151.363788366,30.834997969024570,11.153593643114698,1.034918768514307,-0.971131926351175,-0.227000899118545,0.056448127340645,0.046765182995081
1049,1666286151.463392019,30.978569748358609,11.211127684881296,0.997919448761443,-0.969820244912190,-0.234133392030864,0.046724939989471,0.049467436537197
1050,1666286151.564802885,31.121964179931492,11.275420902851524,0.968091791046407,-0.976306736466675,-0.209671984220845,0.031243588750226,0.043435625063892
1051,1666286151.664735317,31.275641942284150,11.345244407476750,0.983553401595277,-0.980228155796519,-0.191878268732989,0.030952326893098,0.037113960064756
1052,1666286151.765516043,31.438247142216035,11.410624138497470,1.009172285406259,-0.984796274666902,-0.166938695350556,0.041007465682687,0.025023132400410
1053,1666286151.864302874,31.590943047496900,11.465263605273778,0.996070367579494,-0.986069349545000,-0.158911210011888,0.041670084931802,0.026039762714655
1054,1666286151.963891029,31.736925113701208,11.516296153743026,0.952685943835242,-0.982966250958264,-0.178797558756773,0.031375740892207,0.028711414857830
1055,1666286152.063682795,31.888543312651645,11.569970773771114,0.943267275599688,-0.981424839542537,-0.188402985863115,0.016085446596957,0.032416934687660
1056,1666286152.163930178,32.052953666365632,11.636799279560506,0.965763579171549,-0.979856766896076,-0.195583720180443,0.024037079563633,0.032402832814422
1057,1666286152.263810158,32.214422458501915,11.710613458483579,0.975038128346173,-0.976692729925641,-0.209450971744059,0.035834524281659,0.030290074535650
1058,1666286152.364999294,32.372553775448189,11.788721687692854,0.938825351671589,-0.978018729523451,-0.204009952274008,0.037604605215755,0.021099709501775
1059,1666286152.464889050,32.531727107108196,11.865984742370085,0.903334627257225,-0.982035983798683,-0.184431695816771,0.036944520659657,0.015012611229633
1060,1666286152.565790892,32.695899671186254,11.939015267778245,0.910946660819219,-0.984358826149694,-0.171311647905162,0.039130863258202,0.012601436976854
1061,1666286152.664957762,32.856934010156152,12.003131121078232,0.939131769202220,-0.986216125520796,-0.158017061075250,0.048729917101581,0.005810107672261
1062,1666286152.764788628,33.012521934859294,12.061146923861768,0.936189039360188,-0.988595258667545,-0.142305327177188,0.049049871033003,0.004766397873604
1063,1666286152.864638329,33.162483242984209,12.120096061622952,0.893600151499443,-0.987132498859618,-0.153657312151973,0.043463718997171,0.008352559388138
1064,1666286152.963146210,33.311521640284177,12.178292339134543,0.875061532643042,-0.984266051087949,-0.173749078940008,0.030122076496128,0.011147140924687
1065,1666286153.063414097,33.471922935416167,12.242032020204865,0.895681578448772,-0.982271695443863,-0.183881534354749,0.033018122555534,0.015482287818359
1066,1666286153.163665056,33.630814749929421,12.310523499237267,0.914512907569692,-0.977321848058303,-0.206210193860594,0.043884660899397,0.019836778811706
1067,1666286153.266482830,33.779695223031382,12.384635546918700,0.892582556545246,-0.974712773079543,-0.218374679771478,0.042452729993402,0.021101538958068
1068,1666286153.367100954,33.918668887152982,12.459804412500858,0.850647042406917,-0.977709566322595,-0.206639523497980,0.032912698528453,0.017345475645998
1069,1666286153.467076778,34.066879373861141,12.532383968197774,0.852839757779459,-0.980541539060409,-0.193914693864060,0.026245235781962,0.015702524618733
1070,1666286153.567766905,34.227243377961720,12.601872669093300,0.879918562205416,-0.981307440334971,-0.188440627447275,0.036798160738097,0.013104687588753
1071,1666286153.666735172,34.381888623901439,12.659310944686933,0.884597757413540,-0.981907109733436,-0.184232672785494,0.041524084156265,0.013874457402930
1072,1666286153.766993284,34.528003695613940,12.709374315873376,0.845379758324265,-0.979107002652514,-0.198466921841217,0.034892099708678,0.027256185896083
1073,1666286153.865344048,34.670784190980967,12.759750695150625,0.814535523853782,-0.973384660146283,-0.225360460885065,0.022128620421104,0.035288669850761
1074,1666286153.965166092,34.831123163738170,12.825179079000494,0.836577323178095,-0.970235414079583,-0.238836701279522,0.021568712960700,0.033690681337072
1075,1666286154.065661430,34.995518180613125,12.898426349401062,0.860613781240048,-0.965625838915766,-0.254933602826136,0.036110140423133,0.035660273792159
1076,1666286154.166115999,35.151051241038935,12.975836280540495,0.848002392300758,-0.963006928958959,-0.263758350833445,0.045312037354962,0.031559569284114
1077,1666286154.266778708,35.295383348129405,13.054980891729699,0.801584894849513,-0.966231182379997,-0.253365729645590,0.042089382131624,0.020774820083194
1078,1666286154.367522240,35.442335299990965,13.136075352039901,0.784693120589007,-0.972007011781722,-0.231740662605835,0.036433676612218,0.013085165290986
1079,1666286154.467308998,35.598338309071195,13.213371446829125,0.810221309812866,-0.975292522452107,-0.216623055765253,0.043335810991514,-0.000977162032466
1080,1666286154.567851067,35.755102074254346,13.278061111252807,0.830272015969804,-0.977871143034270,-0.203244261302187,0.049594001859567,0.000482543399363
1081,1666286154.666043282,35.894207169894976,13.334494878695361,0.805239492767072,-0.977920845014027,-0.204938601004625,0.040741186946444,0.003338621199387
1082,1666286154.765029907,36.025891840120728,13.391113444981254,0.760800659845608,-0.976416402881424,-0.214262536376505,0.025961926630046,0.005343412323962
1083,1666286154.864499569,36.166906139692443,13.451538297121717,0.772463095514011,-0.975278739180066,-0.220354732817214,0.013756371368357,0.009270106535018
1084,1666286154.965792656,36.312808469612818,13.516925712045964,0.801148295984066,-0.972405999036541,-0.232434436108722,0.012994678208700,0.015229717227178
1085,1666286155.065114021,36.446987588414160,13.583877496954891,0.798928688096185,-0.968411659357397,-0.248350625735540,0.007964133581884,0.020914045369300
1086,1666286155.166208982,36.575501798263133,13.652615091874905,0.762073086240493,-0.969601942659375,-0.243025331841044,-0.007210540025943,0.027545761693064
1087,1666286155.266579866,36.704622830729996,13.721609701057130,0.744399833432626,-0.971332566605636,-0.233236338017685,-0.025284713824691,0.038399725600719
1088,1666286155.366925955,36.848816815372054,13.794677578728475,0.766869349514742,-0.971287678412441,-0.233743422953064,-0.022851409141779,0.037974611131534
1089,1666286155.466663361,37.006917177882876,13.864464383310830,0.783929005124569,-0.973963654320965,-0.222620862127548,-0.008614451438500,0.041958825457269
1090,1666286155.566135168,37.169939396933579,13.934478885290577,0.761031520839108,-0.976191705936722,-0.211799094597976,0.003042062000837,0.046708057619794
1091,1666286155.665462494,37.333429390511313,14.008756000149379,0.715923738795702,-0.971391010178517,-0.233014299883286,0.012443260387115,0.044147555597114
1092,1666286155.764763355,37.495841621440697,14.082612213658511,0.709445941222669,-0.964816462113599,-0.258644118538909,0.015476787951196,0.044641722799889
1093,1666286155.865405560,37.658846133716708,14.161893839782985,0.728557293293082,-0.962980646364941,-0.264562181776882,0.028503115555384,0.043158997945433
1094,1666286155.965479136,37.813255363381820,14.244787648193027,0.727082554371623,-0.961198474857874,-0.270486233938676,0.036859944817046,0.039699290278970
1095,1666286156.066345692,37.960631202695247,14.328025950885628,0.685410186453078,-0.965389853814250,-0.256175037053578,0.036951362702350,0.032115064028236
1096,1666286156.166550636,38.106741402941971,14.402839073589631,0.657328863880877,-0.969608231486702,-0.241197015582436,0.027509690471771,0.030448218954535
1097,1666286156.266845465,38.258629888388135,14.471485953176416,0.669995092247626,-0.972004221599846,-0.230603288217641,0.026800020042785,0.036217062014962
1098,1666286156.367048740,38.410633644014553,14.536424260175748,0.690406062876329,-0.974642791766887,-0.218179022276433,0.032867775140167,0.037269988632723
1099,1666286156.466588736,38.552836376775176,14.600287885582464,0.681664619843028,-0.975393058089210,-0.215762507553663,0.026506565078074,0.036773965971815
1100,1666286156.565667868,38.691141104473800,14.668165487296589,0.638954304397382,-0.974138233032044,-0.220771618161849,0.018044508614929,0.044598108348348
1101,1666286156.666233301,38.843252706212603,14.742764106609705,0.625191765736126,-0.974256278797591,-0.220800351730604,0.014752144750139,0.043061376248123
1102,1666286156.765182018,39.002613156035608,14.829519129910659,0.645968033550805,-0.967271229899257,-0.247889658161016,0.029973362502537,0.045151774342595
1103,1666286156.865482330,39.155215065267818,14.928972885589568,0.655412164411942,-0.965717195207998,-0.252934048478331,0.044284997039439,0.038124861143036
1104,1666286156.965914011,39.295236367528950,15.036609168107946,0.622774285452668,-0.964919978214738,-0.257685591354796,0.045785911044984,0.020765885485095
1105,1666286157.066378832,39.432439872855682,15.143737578415731,0.588308756542606,-0.971470998613908,-0.233573045611367,0.040345227967426,0.007745566227421
1106,1666286157.166563272,39.574979860763548,15.246015685330843,0.593981065988274,-0.974409313930747,-0.221718295905582,0.036977498798372,0.000388289004638
1107,1666286157.266174316,39.723035599790791,15.339782558771050,0.616883089562747,-0.977034410126033,-0.207279809988871,0.048415592355883,-0.009735102335417
1108,1666286157.366084814,39.869253967433394,15.426699960445989,0.608689355406569,-0.975469952806624,-0.212922974518610,0.055033501335011,-0.009669117043386
1109,1666286157.464643478,40.008903979667970,15.510862583886434,0.564738949195221,-0.969319581261159,-0.239724625689732,0.053865698638460,-0.007080941448743
1110,1666286157.564833641,40.154007008115840,15.594282758709685,0.547370789627722,-0.965110545608201,-0.258187722531518,0.043502972106787,-0.002868119192778
1111,1666286157.664621115,40.304313474803138,15.685271825247970,0.570192230632632,-0.960342192956482,-0.274537903492566,0.048682891088368,-0.001337194346201
1112,1666286157.764650583,40.442608667523935,15.777905818699702,0.593291880913505,-0.954330358969292,-0.293488882570930,0.055790073506101,0.002304225464752
1113,1666286157.865638971,40.565730823693087,15.869063615821645,0.577559259883674,-0.949293715732897,-0.310846601649635,0.047058293013941,0.001161280120122
1114,1666286157.966232300,40.687397804030560,15.960769704622573,0.541266422713208,-0.953644405777128,-0.299060298532616,0.033442733703606,0.002620826968986
1115,1666286158.067393303,40.823197072299806,16.051567134600315,0.536425904460318,-0.958300875726142,-0.284690883576977,0.023135528059651,0.008676389345218
1116,1666286158.166929483,40.971549215452697,16.137308614164795,0.557389906771166,-0.961956453213781,-0.271665679802250,0.028686708901218,0.003822730746597
1117,1666286158.265847445,41.122094447050365,16.210773551956454,0.561360086235392,-0.965439933499818,-0.257639029269122,0.038398062499407,0.008570542422901
1118,1666286158.366134882,41.267804418325291,16.274457638314736,0.519635526047180,-0.963977942163601,-0.262679788235835,0.035480898446530,0.022067209153690
1119,1666286158.464453936,41.413510086353291,16.338431924786398,0.488513451655306,-0.958700252096697,-0.280364594607121,0.026451020586208,0.039873101590691
1120,1666286158.564460278,41.573280261831485,16.419749293579017,0.506512616452637,-0.959606393527097,-0.276527034802927,0.028946059909515,0.043017370221036
1121,1666286158.665140152,41.729138256563502,16.515668020027494,0.532518380441879,-0.958809011630315,-0.277547289355252,0.044928718705136,0.040425136036460
1122,1666286158.765430689,41.869299918575813,16.619901799598420,0.520849073855896,-0.960501350405892,-0.272818333124687,0.049981093187125,0.022565533526718
1123,1666286158.865914583,42.006578104702193,16.727019912434649,0.477488951933988,-0.966524428015192,-0.251598300986799,0.049630145973082,0.008103925046099
1124,1666286158.966315508,42.152872370039859,16.829357770211363,0.463955836357004,-0.968399011740634,-0.244569793394183,0.047847768784848,0.009978037943466
1125,1666286159.065733433,42.303691188968550,16.924460164301589,0.480451718269663,-0.966735559326553,-0.248690844900188,0.058962080127201,0.009934540929570
1126,1666286159.165824890,42.451074337246474,17.012923649161074,0.494467747601735,-0.966079251491845,-0.247464681932897,0.071784924405906,0.017292647594997
1127,1666286159.264744997,42.584650182571671,17.098397607251496,0.468903680724105,-0.963593629827941,-0.257731977142303,0.068140989886067,0.020453606300121
1128,1666286159.364592314,42.716450659873914,17.191237435460902,0.434736206035808,-0.957490589371732,-0.282187956103069,0.056674187190263,0.019229279790704
1129,1666286159.464975357,42.860077457596056,17.292922029531606,0.447110001881403,-0.957139183659134,-0.284802611568407,0.051449675491133,0.011179733449370
1130,1666286159.565084219,43.003105797785366,17.397211218231742,0.475103238713361,-0.953522869530541,-0.294932885068190,0.061403312408316,0.006193852830381
1131,1666286159.665203333,43.132091399443041,17.497200266785391,0.480795083801668,-0.949037749011681,-0.309111718382907,0.061444101691045,0.001385235210834
1132,1666286159.765310049,43.251016294297045,17.591193303238704,0.445056679911768,-0.948824985340913,-0.312003837915976,0.048777050446343,-0.002356197842331
1133,1666286159.866165400,43.376063581028063,17.683323659942609,0.417905624686877,-0.955311388462004,-0.293658591203493,0.033830058811562,0.000556783605505
1134,1666286159.966067314,43.511293085674978,17.774994412291473,0.426972635826874,-0.959033748769714,-0.281848538576680,0.028278467378968,0.003999788193802
1135,1666286160.066371202,43.660542270367031,17.865141691381929,0.446538453957044,-0.964871711124179,-0.259958002123557,0.037841609013874,-0.003525738428877
1136,1666286160.165978909,43.811102549829272,17.951828072959405,0.428138514153629,-0.966091512528817,-0.254042642977490,0.045983084417605,0.003883415537647
1137,1666286160.265598297,43.957703502352196,18.040315594726206,0.383234910225942,-0.962001961730491,-0.268925881151626,0.046872273537179,0.005838325698670
1138,1666286160.364840508,44.100188372541240,18.132855897169286,0.373746900665516,-0.959626314325881,-0.278657895272953,0.037345367419605,0.008511039165038
1139,1666286160.465118408,44.244282235453490,18.236585069772303,0.396314567620005,-0.957945116060890,-0.283902016354002,0.041708956140704,0.001078287008693
1140,1666286160.565311670,44.378429808021266,18.341135179314765,0.411871661935413,-0.956933460943217,-0.286549465554690,0.046108813171841,-0.006460066984346
1141,1666286160.666309834,44.507571785300144,18.441693690422451,0.385898893082272,-0.959403283017398,-0.278752832386281,0.038510783318616,-0.018950423220907
1142,1666286160.766828060,44.641378012906578,18.534594450182539,0.357692413613614,-0.965251999957146,-0.259418931842185,0.027186204664246,-0.015852591477252
1143,1666286160.866324186,44.785105331601152,18.624623793904039,0.370852165587389,-0.967434886985915,-0.251514600104091,0.027177320617924,-0.008458050665444
1144,1666286160.965558052,44.934874455597310,18.715742345994677,0.396527402567732,-0.969493844503742,-0.241467610758341,0.041764017844447,-0.005553848890808
1145,1666286161.065164328,45.080624003782020,18.805761982069289,0.386637588438672,-0.970894236558568,-0.233924345356560,0.051296068379622,-0.003534888351002
1146,1666286161.164587975,45.217836482464079,18.899141842210707,0.343533047183594,-0.967468720464936,-0.247846875027172,0.050732819248345,-0.001543538894631
1147,1666286161.263963699,45.352209799255782,18.999202261070998,0.333107808906530,-0.963971683036996,-0.262629036922323,0.042243685449406,-0.000233040182096
1148,1666286161.364264965,45.488191419640913,19.107409222309872,0.361607404181797,-0.960960009101947,-0.273032489099152,0.044667564888842,-0.003732217840485
1149,1666286161.465254545,45.616718124074758,19.210724327119514,0.384285461460966,-0.957322631193164,-0.285102196348746,0.046967075761495,-0.006649153098929
1150,1666286161.565643072,45.735750855800035,19.309011783746268,0.362087981806865,-0.952944449417108,-0.300353745339266,0.040859611182442,-0.003872487549482
1151,1666286161.666329145,45.856615994391795,19.408304232959424,0.326015901316758,-0.956759131895572,-0.289190119080016,0.031317200800988,-0.000521051733210
1152,1666286161.767594337,45.991386188029772,19.513509058964726,0.332133613699362,-0.959790647622357,-0.279010918515637,0.030079391089809,0.007074624893457
1153,1666286161.866980791,46.130971072868547,19.616927349563969,0.354837200381169,-0.960653975486491,-0.274272954098837,0.043661934071597,0.003452759045281
1154,1666286161.966465950,46.269717339448086,19.711651079241616,0.353246380956008,-0.962099967231517,-0.266828687071889,0.055730026031045,0.007763311612003
1155,1666286162.065823317,46.402772084337194,19.803117237151596,0.315207452216019,-0.956124359253125,-0.286863985580982,0.057150855294892,0.016402535122884
1156,1666286162.165257692,46.533029052749399,19.899413339845715,0.288938776725597,-0.950629266771460,-0.305321792240169,0.049794026942525,0.024559218669450
1157,1666286162.264836311,46.665422266514668,20.005486700227539,0.304210765017784,-0.947546343805530,-0.315792140345925,0.043185868242378,0.023795613475281
1158,1666286162.366263390,46.800712668073928,20.119329349150561,0.328254543987289,-0.940262637662746,-0.335901975084192,0.053052688728485,0.016169340392021
1159,1666286162.465920448,46.927546381084809,20.227735391458886,0.318715289695192,-0.939020580957030,-0.339098972140786,0.056480242774499,0.007887826590213
1160,1666286162.566409111,47.054417150267469,20.331657619591294,0.275595330085321,-0.944399707738038,-0.324421197611672,0.053445800181383,0.001903945242982
1161,1666286162.667603970,47.190279359980678,20.430530368924650,0.259169528295110,-0.949059852733439,-0.311120769791154,0.049356236922853,0.007295506216769
1162,1666286162.767532825,47.331872972324192,20.523531467803405,0.277183541364419,-0.952128882269966,-0.299471650455154,0.058414236845390,0.018844072139085
1163,1666286162.866457224,47.470337330712312,20.609125276428777,0.295535634404162,-0.953965758600549,-0.291694141270642,0.067434547718157,0.017788792542202
1164,1666286162.967656612,47.603638044246850,20.692949813484962,0.274603722568107,-0.956550881433646,-0.282013904361422,0.067807695067502,0.029676345209201
1165,1666286163.066225290,47.730290995544792,20.782539950137746,0.240769408438530,-0.954902627797127,-0.289295858369624,0.059539688458701,0.030395776919924
1166,1666286163.165316582,47.863544176565611,20.881614557366223,0.247055007997286,-0.954862839551114,-0.291725915588140,0.049727474634578,0.025692918968338
1167,1666286163.265414715,48.001798670090153,20.989390820746422,0.270313336236988,-0.951918417626401,-0.300633676615902,0.056530852707054,0.016582561933175
1168,1666286163.364834547,48.133235627544330,21.094848577094591,0.273071081641441,-0.948335938621469,-0.311017050851233,0.061413161672312,0.012480591818919
1169,1666286163.465534210,48.261768181951354,21.196689262795189,0.235669491802176,-0.948564058286664,-0.310939738300124,0.058266208805647,0.012155467247384
1170,1666286163.565920591,48.396617823017571,21.292249974127902,0.199202068350134,-0.952974584081792,-0.298114098945401,0.051556342504144,0.017588907063870
1171,1666286163.666559458,48.545323084205641,21.387684023206894,0.203566578072385,-0.956514143598281,-0.284443510196086,0.058291835788206,0.027832435829735
1172,1666286163.766260386,48.695972967242120,21.481908997409132,0.221378454090844,-0.961659962853843,-0.263347763132590,0.073714620304002,0.020596753395686
1173,1666286163.866194010,48.836384979124013,21.574791599196832,0.204812548248068,-0.964207077966752,-0.250981457613979,0.082117361964179,0.023869595656927
1174,1666286163.964456558,48.965404572678466,21.671011619337509,0.162188407108236,-0.959624130311265,-0.269647658224540,0.076631400194141,0.023222778530056
1175,1666286164.064658880,49.099255725261742,21.779005272515139,0.151814582224394,-0.955584511445383,-0.286618641918333,0.065284989022910,0.021115534538762
1176,1666286164.163964748,49.233618890187131,21.900030132854653,0.172176686466745,-0.950887960775989,-0.300832023395830,0.072412295044165,0.008284882454727
1177,1666286164.265544415,49.362725403969755,22.022806553499660,0.184710187824951,-0.944692340756610,-0.317777676671170,0.081029450614360,-0.002820932187208
1178,1666286164.365250349,49.482888908151963,22.137776944470861,0.158535829778730,-0.939855490188085,-0.331861446006399,0.080464502644689,-0.008068583023010
1179,1666286164.465732574,49.609987711237622,22.246044997848880,0.123398576663099,-0.943877076291460,-0.321975966464869,0.073066076889652,-0.009428164108372
1180,1666286164.566628695,49.749753461075485,22.348165426086673,0.123727208017388,-0.948815358529261,-0.307054520300413,0.073923975125957,-0.001477458510713
1181,1666286164.670314312,49.900598597086038,22.445130137790340,0.147216297112303,-0.952643160139145,-0.290857909453272,0.088728066934819,-0.000126832901654
1182,1666286164.769207239,50.034298147691480,22.527399572905960,0.144687482156930,-0.956183507441287,-0.277221377904975,0.093733815697988,0.008682138241367
1183,1666286164.869086981,50.154852798269275,22.612925629709363,0.108230255717642,-0.953924684781497,-0.286842118226783,0.085690201750592,0.020161455791603
1184,1666286164.968544483,50.272404355371549,22.709970401030191,0.093272142896120,-0.947421975643434,-0.311585693862343,0.068114907138695,0.025813075634282
1185,1666286165.067885637,50.393824933412041,22.822053598529422,0.113876487444587,-0.943811061004019,-0.323269991407512,0.065021544605705,0.022122217767306
1186,1666286165.167677164,50.510173524015251,22.941008357050368,0.137862596400275,-0.933031118245431,-0.352598173511119,0.069900116734537,0.015538149915647
1187,1666286165.268162012,50.620952129252167,23.056937345907230,0.124136191935911,-0.926099341925009,-0.371370174572843,0.065997054321544,0.008281977099690
1188,1666286165.368737698,50.739065189679110,23.168868442942781,0.083077944862309,-0.927521220377414,-0.368862110089704,0.059850758834649,0.007938271643172
1189,1666286165.469010353,50.880658235223621,23.279810420665104,0.077603225010710,-0.932962572822471,-0.354320268012756,0.063142521606350,0.007141943225481
1190,1666286165.570029736,51.034698689814498,23.387491801443424,0.095643635578768,-0.937862919426169,-0.335767112887188,0.087089137481156,0.009437817629876
1191,1666286165.669953823,51.176955844392459,23.482148070383818,0.100094045625992,-0.943952046049897,-0.314030849557683,0.101325704498822,0.008500699507111
1192,1666286165.768582344,51.299236768979583,23.573267410374996,0.070660722216352,-0.944534269870664,-0.312414195149558,0.100060417405756,0.015501502428202
1193,1666286165.867765903,51.413481514409099,23.677650386704006,0.043311126903293,-0.943177194716617,-0.321130812034399,0.084365923576511,0.013197418978803
1194,1666286165.967115641,51.528211389151295,23.800061262481645,0.055262311947987,-0.939536717522099,-0.334464181675379,0.073378992588675,0.004471135279692
1195,1666286166.066755056,51.635525933460094,23.930764024480357,0.081602966403587,-0.931902042280511,-0.354112291726478,0.077329207424499,-0.013537434052783
1196,1666286166.166939020,51.733525252133042,24.056455410827983,0.081737264711616,-0.923569779235815,-0.375006019913465,0.075289153961582,-0.026849417250998
1197,1666286166.267168999,51.832533805222624,24.175064006423057,0.047306060663401,-0.919677790802072,-0.385417807755719,0.066792277769716,-0.034418980236616
1198,1666286166.368269205,51.946184505434786,24.290583615470688,0.023137617589102,-0.922193078056887,-0.381194248206920,0.057874697573033,-0.030023179357867
1199,1666286166.468667030,52.074076019855355,24.404983963951377,0.037251770903343,-0.919795883961876,-0.386243333153208,0.065507980743445,-0.022367921235723
1200,1666286166.569027185,52.204125412599097,24.512077023298399,0.058290398325913,-0.917628650719711,-0.389649296285620,0.076119936338444,-0.018353217000734
1201,1666286166.669666767,52.327957418438174,24.609069062653045,0.043509683168088,-0.914355669690658,-0.397503029245178,0.077071240625213,-0.002252756965636
1202,1666286166.769086361,52.443499529987321,24.706896170878558,-0.000263865091879,-0.905277097746525,-0.418824005275238,0.069709536038751,0.014156605740720
1203,1666286166.868212461,52.559444995000121,24.824302084765222,-0.009653999225753,-0.897233929910510,-0.436821157959439,0.060551335715406,0.022183027732868
1204,1666286166.968799591,52.673740416603472,24.966061423444060,0.012128147299877,-0.887364463224228,-0.455490002990485,0.070283725308074,0.013166796851369
1205,1666286167.068997860,52.770027636943915,25.109351750175524,0.020000098108570,-0.873940145586699,-0.479130068881958,0.081439229591494,0.005536326274228
1206,1666286167.168735266,52.850937767107027,25.245431457175464,-0.014013489239358,-0.868403370981665,-0.489738432783137,0.077664920369943,0.000113431601727
1207,1666286167.269116163,52.934436933072924,25.380519483438903,-0.060294055629783,-0.874592995755559,-0.480284341356254,0.065922317671816,-0.008263852375422
1208,1666286167.370099545,53.036540272944514,25.522145703230859,-0.062898275859035,-0.882753664987660,-0.465276890672107,0.064833296062367,-0.007747624089921
1209,1666286167.469823599,53.151472300358208,25.661198068950942,-0.042321103789985,-0.886373177900834,-0.455648503439038,0.080837065203556,-0.013870821930159
1210,1666286167.568497896,53.262899352903119,25.788442442826589,-0.049590774695475,-0.883562265367759,-0.458671533249252,0.094466733278570,-0.003766179582848
1211,1666286167.668775082,53.365684401496409,25.913774456249744,-0.097328078310223,-0.874272938105270,-0.475620530658816,0.096399278836903,0.011794895180982
1212,1666286167.768016577,53.459429586268030,26.052760666716420,-0.114184833917151,-0.862645225933529,-0.497886054391299,0.087344238460725,0.017990970637272
1213,1666286167.868035793,53.541797956647187,26.216421894497746,-0.087457918456344,-0.853531414240032,-0.512726048196932,0.092540052206927,0.005697643662696
1214,1666286167.968031645,53.604738442360208,26.382599126669888,-0.067566838581595,-0.843798466738550,-0.527601668848487,0.097328191319046,-0.012955683406393
1215,1666286168.068347931,53.653985072180312,26.539523727985880,-0.087282944337540,-0.833645642466821,-0.544209161395463,0.089323552608426,-0.029876987778848
1216,1666286168.169055462,53.707588811730439,26.688922943755802,-0.124213465027539,-0.837295533920559,-0.540241723808985,0.076108142156286,-0.035813676578944
1217,1666286168.269357920,53.773676275063387,26.836671828432614,-0.129352349308795,-0.841221974733467,-0.536554042864953,0.059823805379402,-0.029605077617316
1218,1666286168.368908167,53.849787704358960,26.987760194805436,-0.110955849260256,-0.843775389847526,-0.532109899727848,0.064986544198757,-0.026055616906482
1219,1666286168.468827486,53.930337251864408,27.140714536027797,-0.099702554762197,-0.841489619245294,-0.534484830398292,0.076164290768180,-0.020498477706863
1220,1666286168.567446232,53.997022162238508,27.292801881678614,-0.131969271831446,-0.828600921692918,-0.553851577405781,0.081258685914884,-0.008122114143507
1221,1666286168.667236805,54.051342412204967,27.451675095391384,-0.162148322945851,-0.815257678710192,-0.574482631569330,0.072734899673808,-0.005853007661681
1222,1666286168.767267942,54.098680975691671,27.619808811707717,-0.146083101508522,-0.805513187946862,-0.589002369911061,0.064875520303815,-0.003984864884410
1223,1666286168.867417336,54.136181440535026,27.791633524202993,-0.113739279128693,-0.785225777898549,-0.614686807285935,0.073856031569448,-0.011220217157207
1224,1666286168.967764616,54.165338883069040,27.952542603021769,-0.116322281422661,-0.774104379640790,-0.629295467923383,0.066410716728583,-0.018418473759600
1225,1666286169.068918705,54.197572795034816,28.113662252589368,-0.153645946367625,-0.778582408550636,-0.624498844203072,0.057713530224682,-0.021903769390761
1226,1666286169.169218540,54.241800607140306,28.283967271807239,-0.154863224261304,-0.785974631289069,-0.615528723126958,0.054490480697442,-0.019976423330292
1227,1666286169.269396305,54.291247431015520,28.458063712679962,-0.134928301813948,-0.784166575059850,-0.616055280589724,0.070955343233248,-0.022891332051088
1228,1666286169.368042469,54.337146810005038,28.620527969116985,-0.126116389330772,-0.784434617914511,-0.614666821659193,0.079023321296434,-0.024542682412109
1229,1666286169.468398809,54.376791869591976,28.775834462783873,-0.153139892552112,-0.778409335614775,-0.622749477802869,0.077102924073457,-0.017808234705945
1230,1666286169.568065882,54.413589277135841,28.932087637026157,-0.179177436951893,-0.762953779184040,-0.642780154449687,0.068590195672968,-0.005530726170290
1231,1666286169.667154789,54.446689862703757,29.093813014024789,-0.165081412039184,-0.749168911679348,-0.660072450170176,0.054844584643224,0.006509518786717
1232,1666286169.766919374,54.470534935555470,29.263975813637959,-0.136972599588193,-0.731675929669272,-0.679039005192828,0.059401418816625,0.005275870725588
1233,1666286169.867722988,54.485456033370319,29.434584263348462,-0.138225071028484,-0.709256645489826,-0.702335973333303,0.060417234932872,0.005380438044132
1234,1666286169.968729019,54.496286652207594,29.606460079578316,-0.178124543177230,-0.714474960741763,-0.697443891108145,0.055637709532483,0.001412270145995
1235,1666286170.069193363,54.510281737330367,29.784788840336194,-0.203236854364583,-0.725219142842406,-0.686827031139479,0.048080612476131,0.003752180029761
1236,1666286170.169254065,54.528130115833704,29.974018463669751,-0.188687000207299,-0.735108770535654,-0.675416333968692,0.058443523344583,-0.003496551003768
1237,1666286170.269751072,54.548581361611106,30.160310343049282,-0.166277596428232,-0.739853912750499,-0.669010243777297,0.068971713221906,-0.016863697223739
1238,1666286170.369023800,54.564776034851761,30.332938984407914,-0.188884438835014,-0.728689375254544,-0.680571005845224,0.075507389189136,-0.011555715979651
1239,1666286170.467895508,54.573979989351145,30.502502375990638,-0.232329492692765,-0.713646745401632,-0.696593717172967,0.073679381037672,-0.006071637564328
1240,1666286170.567235947,54.574219069262938,30.680451770615868,-0.223848547670137,-0.696433820353545,-0.714805240064974,0.063380783433611,-0.004034716193587
1241,1666286170.667695999,54.555006476985085,30.856780769583217,-0.191963249214495,-0.676006811609307,-0.733956370313508,0.064796596856546,-0.011146217737451
1242,1666286170.768390894,54.518047184952458,31.018514457189834,-0.180789152052966,-0.655458554590629,-0.752902725820158,0.056462219853866,-0.017988507323101
1243,1666286170.868505239,54.475503600021028,31.175148792962382,-0.210952985885210,-0.644808503167339,-0.762904915038112,0.039749680130902,-0.024860566833393
1244,1666286170.969123840,54.439142783979470,31.345543106002445,-0.242017553302848,-0.653372590277151,-0.756167901481701,0.024271545402609,-0.026930561209459
1245,1666286171.070848942,54.408647083484091,31.539197116332780,-0.237811910810084,-0.658842572730198,-0.750985518222944,0.028737885958187,-0.033486559816212
1246,1666286171.170390129,54.384908117756645,31.736514748218791,-0.221731128125166,-0.656417634540827,-0.751297423401084,0.050659892823408,-0.045843711824394
1247,1666286171.268676043,54.362864124429649,31.920447299007897,-0.241125183222521,-0.643037586008138,-0.761256308551085,0.069559664987633,-0.046399878004253
1248,1666286171.367691040,54.331964107855541,32.091686429221227,-0.285949119488139,-0.624965875608766,-0.775865220325272,0.076344040672016,-0.040279047506808
1249,1666286171.468318701,54.286469832162616,32.263172046471318,-0.286136051901650,-0.607672371396398,-0.790948132501056,0.065112330690824,-0.029928667303741
1250,1666286171.568192959,54.227561142985138,32.434019107519561,-0.256154456758099,-0.598389673183508,-0.797862197344162,0.062730424855165,-0.037558046727297
1251,1666286171.667834044,54.164986380863425,32.593312411611905,-0.235557489100159,-0.576939400236853,-0.813408076921148,0.062207255182582,-0.040478219531361
1252,1666286171.767668486,54.104426378835811,32.744420179397224,-0.259392122585751,-0.555688751060982,-0.828729919724287,0.056598682199652,-0.034832761465679
1253,1666286171.869632244,54.048524594087162,32.906076568696555,-0.291929338015735,-0.557825584629964,-0.828064843702166,0.050226097741635,-0.024830844979459
1254,1666286171.969837427,53.997484037743035,33.082814985891446,-0.284557384219364,-0.566936307149519,-0.821624386382668,0.057612590797726,-0.014049224837827
1255,1666286172.069323063,53.948216814566933,33.268090756269423,-0.259129022898421,-0.580219842546457,-0.810834006382794,0.072899030423649,-0.024059920446319
1256,1666286172.168653965,53.897932291294481,33.443080674581296,-0.263261738703154,-0.583129884588781,-0.807504159234181,0.085737330964729,-0.023359807319808
1257,1666286172.269433498,53.837753000286000,33.607016189897301,-0.301349481442240,-0.572553875711303,-0.815021586407987,0.087255436004773,-0.017560238739561
1258,1666286172.367464542,53.766804430893842,33.761830916133675,-0.302818539177029,-0.552205674421908,-0.830284620798509,0.075311740763746,-0.004948060716749
1259,1666286172.467256069,53.677792961380888,33.920145056055823,-0.271008405494829,-0.550762726134807,-0.832260188912272,0.062395376130964,-0.010498308899076
1260,1666286172.566716909,53.580432809544376,34.073074756137821,-0.243687694654435,-0.526720404904965,-0.847909773047571,0.056393457206738,-0.020842500124481
1261,1666286172.669272661,53.479992141758629,34.222808102112431,-0.262382642444679,-0.516368267742329,-0.854798361303562,0.044849853226529,-0.025924201956673
1262,1666286172.768777132,53.384650465614030,34.372217165979976,-0.296392848278572,-0.528201027374684,-0.847987886925316,0.033838930868703,-0.027841427153235
1263,1666286172.868826151,53.293473552613030,34.534199640398619,-0.293018729108761,-0.544449509700056,-0.838048735965963,0.027197073481995,-0.022569154331423
1264,1666286172.968251228,53.206354941230465,34.703754572804918,-0.266431333356777,-0.554398568066681,-0.830754191618755,0.035500711369824,-0.035062805445649
1265,1666286173.067419529,53.125931473245451,34.869481978009262,-0.258248668568186,-0.551089345815721,-0.832167158970558,0.049143309132187,-0.037192574888122
1266,1666286173.166792631,53.045654142957986,35.025420366298128,-0.293463023161790,-0.531983512760457,-0.844331717459770,0.057567698897146,-0.027990231977733
1267,1666286173.266134501,52.957311738030235,35.175046215368695,-0.313090780022045,-0.509944567880571,-0.858231570040522,0.056891963802185,-0.012586275446255
1268,1666286173.366761208,52.847595270693510,35.330207687980931,-0.289118625138875,-0.506887145839264,-0.860539473743106,0.048004477794947,-0.015257969212782
1269,1666286173.466649055,52.728634028203551,35.483719086502994,-0.256895178521883,-0.493484741319628,-0.867783914758935,0.048490198027149,-0.032750390312860
1270,1666286173.567028522,52.610471893952514,35.627810190773239,-0.264092141027702,-0.481202821974578,-0.874600781254918,0.039447138037330,-0.044285899027267
1271,1666286173.667577505,52.498455855684391,35.769640726789568,-0.301805846975208,-0.489026154742095,-0.870403402942763,0.031235937550290,-0.047703797848537
1272,1666286173.768275023,52.395376949711377,35.922162012089629,-0.304052149283836,-0.497924888993541,-0.865917657547703,0.029183920921884,-0.037492853018864
1273,1666286173.868043184,52.299360983911143,36.083890087404541,-0.280373751135919,-0.502684677780056,-0.862676965674684,0.036554967451436,-0.041955952785113
1274,1666286173.967957258,52.212594865622854,36.249831429521201,-0.265553032786539,-0.512692668834913,-0.855793378530003,0.052364184084408,-0.044965684830901
1275,1666286174.062901020,52.132555655458304,36.402194731322666,-0.294048981693850,-0.503386918808191,-0.860706407050869,0.065335581319741,-0.038953211010017
1276,1666286174.163221359,52.041702496318457,36.558403006233213,-0.327082293928871,-0.489403348164989,-0.868911853143510,0.068063927978982,-0.029049199295013
1277,1666286174.262925386,51.932498623218386,36.716226108179214,-0.307348101264114,-0.486489172103200,-0.870758065877368,0.065514418180144,-0.028575114109420
1278,1666286174.363556385,51.809772993819479,36.865836240873648,-0.273900755629643,-0.477711990145202,-0.875211925865924,0.061948749262956,-0.044245810630229
1279,1666286174.462859631,51.687572734652022,36.995335920954531,-0.269864551371223,-0.467637900030714,-0.880851991533453,0.051056343701922,-0.052988802913487
1280,1666286174.563738108,51.565015729165104,37.121592310284818,-0.302663751307540,-0.472776200947563,-0.878685990553947,0.037117378412768,-0.054917156168024
1281,1666286174.664297581,51.445701654663353,37.258433095290009,-0.309012016404457,-0.479006641657543,-0.876018154114641,0.027777915512185,-0.048715688636588
1282,1666286174.764957428,51.329688735719664,37.406469377457533,-0.282291975315020,-0.478751332310026,-0.875674674722629,0.033399935214936,-0.053623410824298
1283,1666286174.864446640,51.225250278855043,37.555056496504655,-0.259868647409811,-0.482667015371806,-0.872535760109086,0.041779718289109,-0.062994878701484
1284,1666286174.963925838,51.128632544354723,37.696445192126241,-0.277695290535192,-0.475150540781377,-0.876568260887669,0.051142832164715,-0.056960146749328
1285,1666286175.063470840,51.027761962032571,37.834038358714388,-0.307927829905946,-0.462105353830525,-0.884001456424057,0.051854355405311,-0.048074866893314
1286,1666286175.165129423,50.916500959274316,37.980039142114613,-0.294696069014815,-0.459804210200344,-0.886020405316173,0.044969452406669,-0.039059928259619
1287,1666286175.265019655,50.801149996875779,38.125791437063008,-0.265366420018945,-0.451619207803189,-0.889486667894135,0.050875836884726,-0.047594201359902
1288,1666286175.365122318,50.690883060370538,38.262278419524527,-0.255587506018090,-0.442786996702500,-0.893559169846176,0.057006509761356,-0.047349164510271
1289,1666286175.464255333,50.584874348793200,38.385325617842220,-0.284136454923017,-0.439152485130829,-0.895881459297410,0.053746057853638,-0.040655466492865
1290,1666286175.564743519,50.473542194965106,38.510286202303369,-0.305166712538409,-0.446332027509646,-0.893048310152203,0.051263400496536,-0.024990012464079
1291,1666286175.665093422,50.351338172085327,38.650674466622391,-0.285410978116766,-0.454709740210788,-0.888365908946807,0.056028624949675,-0.030097461102226
1292,1666286175.765105009,50.230566513739724,38.796585478379811,-0.258371448917815,-0.465836156635915,-0.881483786039456,0.061323551825016,-0.047142678241599
1293,1666286175.864009142,50.121001967041465,38.933557918235387,-0.268643253603013,-0.471416651448422,-0.877903139081118,0.065745194096071,-0.052249292645415
1294,1666286175.963425875,50.014128649586290,39.060843493644519,-0.309450566439615,-0.461085601180892,-0.883603097060492,0.066337095931687,-0.047381694272297
1295,1666286176.062744617,49.898442401424738,39.186670742087074,-0.312691334618442,-0.443363698524511,-0.893915002989545,0.055575223796914,-0.035439988160149
1296,1666286176.162888288,49.771795473670288,39.315346008043242,-0.284078746125274,-0.436185831628439,-0.897849278675556,0.045156785542019,-0.039616382822043
1297,1666286176.263033867,49.647056368071596,39.441037517387059,-0.259426303422809,-0.422751811294145,-0.904198859255631,0.038794408044120,-0.046907599308022
1298,1666286176.363900423,49.528600328427267,39.567428474363162,-0.276989206500121,-0.419428207242371,-0.906015291833089,0.031035987955757,-0.047466170960625
1299,1666286176.464127064,49.415247531803644,39.703622576087106,-0.308277783829860,-0.438383730085798,-0.897311498251860,0.029582853928971,-0.042150148925977
1300,1666286176.566312790,49.297587131046186,39.853769979380090,-0.297291299094886,-0.452467016365901,-0.890258074950350,0.033941611601231,-0.039523740821786
1301,1666286176.666861296,49.185720032881250,40.003803957315036,-0.267890655832640,-0.468243200726672,-0.881162353657908,0.039249212161077,-0.052542466767672
1302,1666286176.765255690,49.088064413523199,40.143280545416872,-0.265312811197080,-0.476768903690234,-0.876258375353579,0.044801119456186,-0.053437176124792
1303,1666286176.863917589,48.995829744755241,40.274282870532666,-0.301264243545749,-0.469378138831941,-0.880682703329872,0.048526215738940,-0.041561342956030
1304,1666286176.962814569,48.895356379519747,40.408174978222902,-0.311478383024053,-0.452905810085403,-0.889963523235304,0.047064519021111,-0.025023699782437
1305,1666286177.063057184,48.779132155471082,40.551831076433899,-0.278839549687268,-0.453337704462559,-0.889666601844674,0.048311426204384,-0.025382461914996
1306,1666286177.163201094,48.658890030822278,40.690293702075486,-0.252682029949197,-0.436616776207573,-0.897402213865852,0.054419384824928,-0.032765650276646
1307,1666286177.263046980,48.537817405483430,40.818744422857336,-0.269659372520986,-0.416967544733541,-0.906567342581139,0.056349245249057,-0.033143363802050
1308,1666286177.363623381,48.409950937206155,40.947943010525961,-0.301109060588160,-0.424845470804996,-0.902940868347611,0.053892989838879,-0.036050795419368
1309,1666286177.464173317,48.280888837513274,41.083126441228920,-0.291286502768025,-0.440364300628493,-0.895645950444132,0.053302456082064,-0.032503266922353
1310,1666286177.564440727,48.158824954685279,41.220873585527812,-0.264222565587602,-0.448641033869229,-0.891021921090200,0.053756122558709,-0.043719997174430
1311,1666286177.663793564,48.052872312051321,41.357972089673332,-0.253708533948888,-0.462040192920437,-0.883806788922230,0.057576074468240,-0.045710126119394
1312,1666286177.763257265,47.951420967409987,41.493438811394597,-0.282538364649498,-0.456840236197883,-0.886533215948601,0.063759436809817,-0.035924780141119
1313,1666286177.862814903,47.838382955794650,41.631590363674029,-0.300759851770446,-0.449328037220020,-0.890869762792743,0.061136534682893,-0.026790013747176
1314,1666286177.962332726,47.710251975469802,41.776169204949149,-0.280768137457010,-0.444840248718593,-0.893417979278616,0.055128590280606,-0.029703635389744
1315,1666286178.062060356,47.580781805092286,41.918524096100242,-0.258321775337503,-0.429415593484343,-0.900055920377485,0.060472997744820,-0.042948862728631
1316,1666286178.161713839,47.457289915114707,42.052597328209401,-0.265077814672495,-0.416094488415415,-0.905975652194812,0.059755968828772,-0.050027177911948
1317,1666286178.263554811,47.337060870284610,42.189491638329869,-0.301430860581428,-0.421980772796367,-0.903437521459798,0.058302759486311,-0.048307974963148
1318,1666286178.364159107,47.223941230991855,42.335471596336689,-0.307322032156823,-0.440712403358109,-0.894804107372086,0.059512790388595,-0.039451422490543
1319,1666286178.464385986,47.117484651882407,42.488906914124470,-0.283896444654924,-0.458909758136452,-0.884672211967596,0.066931204901373,-0.047719231657205
1320,1666286178.564237356,47.022736647754250,42.642146632564312,-0.269729793564311,-0.473185619815627,-0.875958242439580,0.078784199558478,-0.050848565385779
1321,1666286178.663190842,46.932168450743902,42.784387337232822,-0.295250170759009,-0.478357552028707,-0.872883856728011,0.086270167551564,-0.042488625199699
1322,1666286178.762462616,46.834275611914570,42.923473407467363,-0.316476979996494,-0.467465688441676,-0.879259114754802,0.086673880839258,-0.029442785714211
1323,1666286178.863069057,46.718735901518976,43.072784711065836,-0.286755573743613,-0.467637083371746,-0.879418709228644,0.083329429988467,-0.031535665713437
1324,1666286178.963075399,46.598963695702693,43.214627288781486,-0.251063172411514,-0.460471021091127,-0.882779972968754,0.081135195345301,-0.045640312628861
1325,1666286179.062884331,46.482701365292442,43.340431897544690,-0.248273045632342,-0.451137744853712,-0.888117109138516,0.073397013972006,-0.048328190155902
1326,1666286179.162449121,46.371698951614313,43.462624611096274,-0.277437450836902,-0.447696239019189,-0.890886766429954,0.062971835027116,-0.043856527009912
1327,1666286179.262766600,46.264590698433231,43.601980462790081,-0.278702067154880,-0.450820537505519,-0.889958779452686,0.062424606466626,-0.028937559430732
1328,1666286179.364402294,46.157171368683727,43.758839194983658,-0.250256749754539,-0.451788746020043,-0.888617520987647,0.072007261845785,-0.032569688436922
1329,1666286179.463998556,46.057222412666896,43.912791822661646,-0.232823988823859,-0.468139490849304,-0.879006131755031,0.080579954043726,-0.041237221665892
1330,1666286179.564237833,45.958769110647616,44.057405199807235,-0.255846730106197,-0.476656711770197,-0.874210494680987,0.082672667461022,-0.041468303183604
1331,1666286179.663158655,45.858826547422431,44.196069586070088,-0.283648443532181,-0.469782047291133,-0.878597762775594,0.077968609067826,-0.035940162613742
1332,1666286179.763454914,45.751334075979905,44.341857630482764,-0.267752373128692,-0.465232048840896,-0.882017780870718,0.069017841931473,-0.028988143340305
1333,1666286179.862930536,45.636314105611774,44.485185039309371,-0.237563299795537,-0.450573860562402,-0.889143814436217,0.070952535714839,-0.037043367872555
1334,1666286179.963018894,45.523131993183817,44.620443045536952,-0.228309078848478,-0.436688930204796,-0.896136997737431,0.067296419592043,-0.041381776578896
1335,1666286180.062525511,45.413474488203612,44.753701581882602,-0.257236510061305,-0.441571772146446,-0.894294945968587,0.060092474926464,-0.040494618354805
1336,1666286180.164134979,45.302978738290427,44.903694549016244,-0.268109024859153,-0.461160047287956,-0.884722947464072,0.057723448738069,-0.035562908790459
1337,1666286180.263612509,45.197944865442430,45.060480256282581,-0.241625987854973,-0.473025754698922,-0.877780505886186,0.064419423813074,-0.039976952276257
1338,1666286180.364607096,45.098158055928202,45.215722440353915,-0.219068483239078,-0.485538199813381,-0.870171127067865,0.068388821316541,-0.048763052184597
1339,1666286180.462951899,45.007049280452200,45.357153586400138,-0.236296079887022,-0.497102346523125,-0.863779926554013,0.067916658411307,-0.046484654175205
1340,1666286180.562853813,44.915993318858412,45.500220548130706,-0.266006433563120,-0.491472459228950,-0.867899552756138,0.062392219888338,-0.036227048493490
1341,1666286180.662683725,44.822736723152893,45.652667551862351,-0.251247800042080,-0.490101683823999,-0.869568113885565,0.056259313544472,-0.022057299605501
1342,1666286180.762599707,44.718806048547847,45.811438437509452,-0.215791932405163,-0.479989195329137,-0.874522063747903,0.062653695865482,-0.029934040485567
1343,1666286180.863463879,44.612948492368076,45.962534208273290,-0.199654920806265,-0.473433936744905,-0.877716452835497,0.063422943974964,-0.038100736707342
1344,1666286180.963389874,44.510158528077760,46.101904616660740,-0.224327342241920,-0.471297165551601,-0.879119053580592,0.060344059111839,-0.037246018639557
1345,1666286181.063943624,44.407607938826466,46.244865887682302,-0.240156890225267,-0.487903557572289,-0.870616409627114,0.054632713961711,-0.031503211923172
1346,1666286181.163946867,44.304012669001231,46.395519879323160,-0.217155209493706,-0.500790103020727,-0.863246526666766,0.054131055543535,-0.032932290233098
1347,1666286181.265144587,44.205415053313175,46.549670453830160,-0.187334986504613,-0.516843917892598,-0.852948002833570,0.055820036689330,-0.047288397135620
1348,1666286181.364094734,44.116526412248540,46.693873854037030,-0.196200194987082,-0.517491825919648,-0.852405485487495,0.059052018163695,-0.046042996948206
1349,1666286181.463026524,44.029828190218915,46.835018120698251,-0.230980570714752,-0.504043001916344,-0.860804175066765,0.058618700781333,-0.038995798818530
1350,1666286181.562422276,43.944355258832069,46.979898864574317,-0.227778908054392,-0.494518532782555,-0.867313704492423,0.052014051638028,-0.022647233085221
1351,1666286181.662270069,43.848438781351547,47.131953625497751,-0.195558323834941,-0.486266486069959,-0.871962362261924,0.050458052016663,-0.026086937544744
1352,1666286181.762466908,43.750743776545647,47.280227817735948,-0.175071818169804,-0.480683608291573,-0.874697790607171,0.052713222992793,-0.032685775934483
1353,1666286181.862988472,43.656887349491910,47.421737042613898,-0.194491496752682,-0.473851075531386,-0.878512148245524,0.051204893884041,-0.032551842422625
1354,1666286181.965331078,43.566514743805620,47.566716282050947,-0.222612736220935,-0.487372737440627,-0.871449965950589,0.048624362095678,-0.026046939458133
1355,1666286182.064466953,43.486024942868539,47.710397736376017,-0.214544421959464,-0.507046880651928,-0.860599553948725,0.046272797240078,-0.011432270115083
1356,1666286182.163832426,43.408337389451660,47.858115951552207,-0.189267155714263,-0.518855130138331,-0.853410737070539,0.047637491181262,-0.014496110368296
1357,1666286182.264406204,43.337833904514241,48.008808633378912,-0.179381837224842,-0.537681926896504,-0.841397230662757,0.052513066174792,-0.013828362261221
1358,1666286182.363345623,43.266818956504281,48.155241251622627,-0.207048079492049,-0.544702114210308,-0.837044278873743,0.050763882648143,-0.008916849109543
1359,1666286182.462775469,43.191502399182774,48.306014196497884,-0.225378432297576,-0.539634671453300,-0.840638406077216,0.045980873065445,-0.002692750561414
1360,1666286182.561897755,43.110060634079417,48.469883434175074,-0.195526797377183,-0.533482022962359,-0.844372009003826,0.048425434634240,-0.009371172142067
1361,1666286182.663392067,43.027244360153659,48.634570253198447,-0.169651358139828,-0.524125023468053,-0.849462171159077,0.057804616908608,-0.019120821330917
1362,1666286182.762446880,42.948784199052632,48.784531998641121,-0.177533664823298,-0.514528806904197,-0.855251116769377,0.057852494149859,-0.021417820876961
1363,1666286182.863060236,42.872118416417223,48.935344338307260,-0.203782377439429,-0.532017592321627,-0.844733234466943,0.055145850837009,-0.018492679167138
1364,1666286182.964422941,42.796353049323095,49.096504741437478,-0.195466564135894,-0.547023371656405,-0.835077433657077,0.057047212388968,-0.012519034188641
1365,1666286183.063590288,42.724498751380629,49.258517643802563,-0.167596557519809,-0.550797514307167,-0.831810136626943,0.065732236734852,-0.019830983121001
1366,1666286183.165715933,42.658966049599229,49.420305507380171,-0.158894960381694,-0.565311647609704,-0.821459050651680,0.069731803223880,-0.027663058370107
1367,1666286183.263599634,42.599024389080988,49.569555758142272,-0.179769467646968,-0.564845630029577,-0.821712506213051,0.071499327989938,-0.025016343988353
1368,1666286183.363043308,42.541035783245476,49.717001533360786,-0.191477229053261,-0.564086489968433,-0.822964204620281,0.065734173414858,-0.014675428248134
1369,1666286183.463051558,42.485101425130566,49.863802317477074,-0.168298271275516,-0.552539079660368,-0.831327264817215,0.059943750983733,0.001513584355464
1370,1666286183.562663794,42.425947391486822,50.010174492259473,-0.137184390646070,-0.532757298579183,-0.843700051091747,0.065484799587573,0.007185097171915
1371,1666286183.662649632,42.360296760359958,50.153446505490059,-0.132434629002364,-0.520205477624388,-0.851474821171851,0.065162048378431,0.011436669579626
1372,1666286183.763964891,42.288466456071774,50.300705309945947,-0.160348924067780,-0.540633195375589,-0.839388552800669,0.055319876960760,0.009072855020546
1373,1666286183.864454269,42.216739447713010,50.456202579585273,-0.170398152305690,-0.569162296817367,-0.820565261012835,0.050348432538040,0.013855238773848
1374,1666286183.964461803,42.147281084543991,50.620842266493192,-0.147954934605409,-0.590624843584392,-0.805499880740417,0.048126862498409,0.004005168428984
1375,1666286184.064227581,42.082998297630269,50.784065840950106,-0.127855241416834,-0.607012305144524,-0.792955939157648,0.051581518249126,-0.009812590527409
1376,1666286184.163270235,42.026734047579900,50.938152061216286,-0.139980656703406,-0.617041639546949,-0.785073669928903,0.053342672822566,-0.008573628503785
1377,1666286184.263148069,41.969010160153097,51.092813757530138,-0.170205796718198,-0.608622345514204,-0.791749908344897,0.052064933446217,0.000407285989597
1378,1666286184.362963915,41.907146121316686,51.257510570716178,-0.164333861669994,-0.602437835222104,-0.796589654111757,0.048984744931503,0.010680469044583
1379,1666286184.462069511,41.842001979945479,51.429990833602076,-0.136972889621906,-0.590040842095550,-0.805391722688873,0.056482519120862,0.002388036261251
1380,1666286184.563091040,41.777330314328204,51.599208437099982,-0.127272565434018,-0.580306132833291,-0.811950910961768,0.062925989130325,-0.004564019762859
1381,1666286184.663396597,41.714633941003711,51.763413793174934,-0.153617712646497,-0.575106839084909,-0.815487957741657,0.064760669590702,-0.006129444531994
1382,1666286184.764658928,41.656160939661405,51.933675657003675,-0.178370292170347,-0.590425636158030,-0.804193902094633,0.068290079201275,-0.002490197557947
1383,1666286184.864042282,41.598828131379669,52.107157149566852,-0.167324793514092,-0.602856095221931,-0.794388999710961,0.074067492874548,-0.004965087236235
1384,1666286184.964269876,41.547474514446719,52.279770984871199,-0.143399979204205,-0.621600229476566,-0.778848652620984,0.081402766220708,-0.019532554281918
1385,1666286185.064110756,41.504344636410799,52.435266437496033,-0.145828700531066,-0.631778734370705,-0.770771443096566,0.079557036538519,-0.020921071698074
1386,1666286185.163638830,41.461724080021966,52.577307647898074,-0.178813695630483,-0.626247615099281,-0.776291788235533,0.071601029901722,-0.007633912336076
1387,1666286185.263244629,41.420690391917248,52.722128261276417,-0.186319359050833,-0.621571326914570,-0.781386313971687,0.054593314882787,0.010202150043435
1388,1666286185.363254070,41.378394446290777,52.882793594343376,-0.158295210298615,-0.617876975809231,-0.784456347906159,0.052031013967546,0.012208791098171
1389,1666286185.464057922,41.337378325847425,53.046110407852460,-0.128660998742804,-0.603346192345615,-0.795281543452649,0.058371941279828,0.009662054483651
1390,1666286185.563667297,41.296106639157365,53.200596623373364,-0.142389210849663,-0.593850154489892,-0.802190757675011,0.060159526870369,0.014588133528908
1391,1666286185.662786961,41.253012141343561,53.352517588488048,-0.178688406814781,-0.610363682184938,-0.789977635793955,0.055706608692864,0.016978932916345
1392,1666286185.763360023,41.217914155777770,53.504844761117752,-0.179522908849905,-0.633967453601283,-0.771565133396933,0.044503953047768,0.028140910852350
1393,1666286185.863581419,41.188166956172857,53.660223699344627,-0.154296076906555,-0.650074212446902,-0.758397681607609,0.039607799557419,0.025839834712379
1394,1666286185.966394901,41.163165285684741,53.821358380232944,-0.138152152955318,-0.674577253531362,-0.736991092642385,0.036394885422072,0.021565497883938
1395,1666286186.066595554,41.137374091189699,53.977193508891638,-0.167109567750367,-0.683345264414908,-0.729097189694278,0.030301250492690,0.023202840347790
1396,1666286186.165561199,41.109904063876236,54.131510722574639,-0.196040803881739,-0.676620071012485,-0.735492307922189,0.020329647752922,0.028688846484202
1397,1666286186.265278578,41.080945313858102,54.294586661876785,-0.186482640487193,-0.670002625349819,-0.741529169250077,0.010543862154949,0.033463415045377
1398,1666286186.363352299,41.050309234878135,54.462458638391034,-0.163586885245146,-0.654076100319193,-0.755689456378679,0.018813332138204,0.027639809029590
1399,1666286186.462699413,41.016729907036606,54.632832588672350,-0.167229298020723,-0.635865728523010,-0.771058710137798,0.024851522861559,0.022926897347854
1400,1666286186.564334393,40.979427639283450,54.808269084491414,-0.207964653518405,-0.650221476265993,-0.759230431949422,0.023530065787758,0.015083733237859
1401,1666286186.666442156,40.948568099507433,54.987465201781369,-0.229028168183836,-0.677011882826733,-0.735477672051333,0.022988748010465,0.014107511838238
1402,1666286186.765837193,40.925395222417912,55.165055371063723,-0.211188508366257,-0.684330342061711,-0.728451057909370,0.031564249825618,0.007398465879305
1403,1666286186.866229534,40.909784820515313,55.338327628185603,-0.192452167923587,-0.694401441252543,-0.718349420096452,0.042170821013835,0.001539768976518
1404,1666286186.966004848,40.896270241120163,55.497227654781547,-0.217304371621610,-0.694573773942948,-0.718082651629173,0.043493512887021,0.005735182352264
1405,1666286187.064112425,40.877691676183019,55.646975160770154,-0.254585750676780,-0.683033715872949,-0.729195673221887,0.037458628269721,0.018315684628811
1406,1666286187.164018631,40.853058889445101,55.813048172935638,-0.243051545888668,-0.680765722741338,-0.731584757736997,0.028330330933098,0.023219934034896
1407,1666286187.263598204,40.822688092974609,55.990486849009798,-0.214467245071420,-0.670065252072723,-0.741382613838750,0.034626919477825,0.012859016673804
1408,1666286187.365154743,40.788790279529266,56.165569690094841,-0.211930437422073,-0.667326280385759,-0.743662636364517,0.040496087603883,0.001259234157131
1409,1666286187.464894533,40.754539498766015,56.328501620083223,-0.248975094431012,-0.664653941032390,-0.746149237964336,0.038327953882755,-0.005236535736028
1410,1666286187.566042185,40.727873210638840,56.489297396293068,-0.278219018559120,-0.677214500818404,-0.735018863215094,0.033560766251874,0.001210606400859
1411,1666286187.666112185,40.706129994834306,56.649587398600751,-0.272241417669195,-0.684253788878683,-0.728227309867207,0.033693747129327,0.018613677044671
1412,1666286187.765863180,40.683711370744405,56.821763049045046,-0.249390550998024,-0.693211069691015,-0.719557634391713,0.039702420931311,0.010906026711554
1413,1666286187.865986586,40.660353123973380,56.997829087431072,-0.257382874119877,-0.701757786790361,-0.710824144894501,0.047198938669505,0.006107692081956
1414,1666286187.965205908,40.631209022460844,57.167230426672866,-0.301313748214078,-0.684330899344716,-0.727699041242198,0.046112279507301,0.004356977837678
1415,1666286188.066776037,40.599958829213570,57.342145216829458,-0.315496715357011,-0.672063626697972,-0.739224844349171,0.042073246615867,0.010341812496544
1416,1666286188.166210890,40.560295967081707,57.524502818328166,-0.289567623856923,-0.655643629446479,-0.753655566228406,0.046195542340567,-0.000830979573021
1417,1666286188.266907930,40.514734817089575,57.704396945064495,-0.272133276398635,-0.645002324294570,-0.762142227847867,0.053702802617901,-0.015074321765024
1418,1666286188.367506266,40.468810257687672,57.873846980471193,-0.296340387558422,-0.640495742357782,-0.765465852159929,0.057814906207350,-0.022015217892700
1419,1666286188.468382597,40.428337085352233,58.037592303030024,-0.329494296340697,-0.649835784218894,-0.757999635108269,0.051707015160404,-0.021826390163001
1420,1666286188.568463802,40.392618745391374,58.200946770159590,-0.330027219455654,-0.661936584327819,-0.747894824401913,0.049171492187027,-0.008686444459786
1421,1666286188.668526173,40.357354691103410,58.374233815790042,-0.307420358680318,-0.671727144834888,-0.738752802488790,0.050695860982392,-0.021374503179773
1422,1666286188.767752647,40.328586034568616,58.545495665579196,-0.303076194730666,-0.683518783186434,-0.727258307174022,0.055605740213307,-0.028380086910428
1423,1666286188.867243767,40.302267920210490,58.707540240109680,-0.340612386414104,-0.674187300044939,-0.735991839495266,0.057342241396608,-0.022346453993946
1424,1666286188.966330528,40.278677009816690,58.867133436748531,-0.360316625097466,-0.660725269941963,-0.748790256440259,0.051094490716055,-0.012025911138824
1425,1666286189.066151857,40.251675854138334,59.038489811090528,-0.334597759646170,-0.661231846744060,-0.748469840458228,0.049458514313885,-0.010917789965873
1426,1666286189.166096926,40.219156347795106,59.208112767514912,-0.309913056723291,-0.653321288281065,-0.754848723615833,0.056076172754479,-0.015171077203944
1427,1666286189.266256094,40.181972715794409,59.368628662621518,-0.324125319080390,-0.646615689143494,-0.760635675888963,0.055514806913600,-0.015479836296636
1428,1666286189.367056847,40.144832080510895,59.527275773409322,-0.361509856557194,-0.654600312115014,-0.754256094144194,0.049185556672234,-0.013302512548864
1429,1666286189.468599319,40.112236904472198,59.690490051144522,-0.365517496324108,-0.666555451402936,-0.743998550765611,0.046578722289462,0.000639760563704
1430,1666286189.569122791,40.081871797448215,59.860489087114701,-0.344489903991351,-0.677324991855927,-0.734275386008812,0.044588865771708,-0.009074467376719
1431,1666286189.668444157,40.058839014508315,60.030491806292162,-0.336436406749314,-0.691472810736353,-0.720526642405729,0.050081235218376,-0.014091822979899
1432,1666286189.767573595,40.036643545334719,60.196490672332764,-0.369725524073095,-0.686188276378204,-0.725568020645324,0.050720484698613,-0.011141328909651
1433,1666286189.867053509,40.012463803759587,60.363782594742524,-0.398235439789925,-0.680596370142653,-0.731303036189766,0.044337722339237,-0.004314694200503
1434,1666286189.966454268,39.981618819589173,60.546466575553978,-0.376635608838335,-0.671880236264054,-0.739261503917234,0.044779685104600,-0.008009790616526
1435,1666286190.065947056,39.946947344459090,60.725626162696784,-0.351461977712709,-0.657437867955957,-0.751286627314853,0.056141455043173,-0.013856060805121
1436,1666286190.166229963,39.908053862364753,60.892897831068147,-0.361344847512017,-0.644244825577915,-0.762424878548451,0.058816242134008,-0.014055566430975
1437,1666286190.267457962,39.866136868435682,61.055325154170696,-0.401495861095679,-0.645517448728776,-0.761661519668491,0.056011527430084,-0.006454582707359
1438,1666286190.369849205,39.822097893411637,61.229324433060874,-0.411518386616725,-0.654306269476416,-0.754627023716557,0.049119958022716,-0.002930959636940
1439,1666286190.470449924,39.783876527570690,61.412085673605489,-0.386645138107800,-0.666221382570564,-0.743722368255117,0.052265651206504,-0.017158381821371
1440,1666286190.570512533,39.755374733467157,61.588440948841317,-0.372851816276080,-0.673120642823556,-0.736694264191353,0.058982424234227,-0.026668988428829
1441,1666286190.669261694,39.731733054438273,61.746166076120247,-0.403351199841830,-0.671064842803010,-0.738714696566977,0.059768760805867,-0.020006725405761
1442,1666286190.768634558,39.708534508123009,61.898196173103926,-0.432457137595887,-0.660778723828274,-0.748887747273610,0.049637533931046,-0.008644960646492
1443,1666286190.867743731,39.684955779648348,62.059983069336731,-0.413247038000832,-0.658078622809860,-0.751869985736603,0.040115900410154,0.003842562088225
1444,1666286190.967769384,39.658972418589869,62.230180741498188,-0.384007467067343,-0.645820721272649,-0.761988391516172,0.047760704177027,0.002863966827072
1445,1666286191.068676949,39.630017858933059,62.395270116918546,-0.383803940153667,-0.633639762254317,-0.771837925298725,0.052446478605531,0.004029347680786
1446,1666286191.168836594,39.597481704028858,62.555122631287830,-0.418438224971817,-0.643127792462891,-0.764277144415138,0.047457438579322,0.003857539363515
1447,1666286191.269537210,39.563744905884619,62.719360148024698,-0.435775514221835,-0.659259097559244,-0.750468590363574,0.044896028688322,0.012596974680450
1448,1666286191.369498730,39.530930693360553,62.890261102408608,-0.416432035698224,-0.673389164638257,-0.737991863061956,0.043372349715701,0.005820848930676
1449,1666286191.468849182,39.502924275798144,63.061426223181925,-0.393240820754874,-0.685004987127767,-0.726896834904939,0.048602573174578,-0.005191232616609
1450,1666286191.567950249,39.479116975500958,63.226247307566069,-0.416103762183640,-0.689073516255072,-0.722959243819444,0.049783354877752,-0.005407268164627
1451,1666286191.667771339,39.452750821614337,63.392294932125594,-0.458959280580788,-0.676114666726216,-0.735183071246449,0.048730805452867,0.000343205843842
1452,1666286191.767881155,39.424258233383206,63.568008091125265,-0.456257412684171,-0.668781730674997,-0.742248825915031,0.042276633942769,0.003219218163144
1453,1666286191.867714882,39.390096985850100,63.748584066634628,-0.427935623588850,-0.653172765499700,-0.755677106762866,0.047367473218804,-0.008589016523647
1454,1666286191.968379974,39.352740084417555,63.917494816425197,-0.419766012769722,-0.640648042725645,-0.765768035557687,0.054857549174718,-0.012651101472402
1455,1666286192.068815708,39.314761324429703,64.072716054661583,-0.455399335085314,-0.635617029348099,-0.770288483283549,0.050260066838313,-0.010980446477061
1456,1666286192.170371056,39.279652431109845,64.231281380852437,-0.483440801220934,-0.650575925581519,-0.758349183603255,0.040591942374076,-0.003126499052719
1457,1666286192.270581007,39.247878415333105,64.409218502870615,-0.463732985589248,-0.660967235307392,-0.749093292378325,0.044299019421459,-0.004376076119356
1458,1666286192.370242834,39.221748392487029,64.593883171533051,-0.442534128667675,-0.669220576158060,-0.740488480234287,0.059123800990473,-0.018027957272787
1459,1666286192.468867779,39.202685202532557,64.767773378480570,-0.458976746564895,-0.674098647568138,-0.734799164838986,0.072245928777813,-0.021017289876858
1460,1666286192.568755627,39.183855093018380,64.932182215635308,-0.499965237084873,-0.663089012371626,-0.744558348890344,0.075827531132896,-0.014000438993004
1461,1666286192.668607235,39.162093770852131,65.097165009190959,-0.507610961793298,-0.652227905570490,-0.754697194707786,0.070898692956163,0.002068533886262
1462,1666286192.768550873,39.130629564243158,65.274771397485424,-0.482171247042335,-0.646893678210306,-0.759134385998299,0.072378572615234,-0.002212535357756
1463,1666286192.867904425,39.090333842895262,65.446924256134096,-0.463986782320931,-0.633574173921086,-0.769623850979808,0.078278067868566,-0.011637793347043
1464,1666286192.969229698,39.043002858836438,65.609394745086632,-0.490838221242039,-0.629104501440825,-0.773843713724823,0.070987444301489,-0.018820620260952
1465,1666286193.069571495,38.999810933672222,65.767124922586831,-0.528197136192087,-0.644436938612866,-0.762032734084028,0.060092117162863,-0.019901803701759
1466,1666286193.169319153,38.960944121971231,65.933283671642386,-0.520790172826234,-0.649989254007845,-0.757790555005655,0.055878843117801,-0.012041565943101
1467,1666286193.270561695,38.926950596916100,66.108038014493957,-0.494105680194197,-0.661201402310905,-0.747553784749808,0.058928149444517,-0.022439199882684
1468,1666286193.369156122,38.899380888542623,66.274981397528862,-0.494660060249540,-0.668058963878229,-0.740767668094927,0.065636296244731,-0.025541325385056
1469,1666286193.468304396,38.870560251630636,66.438187445408758,-0.532990854277070,-0.660720143806590,-0.747432643438197,0.065644495999748,-0.022003073333663
1470,1666286193.568073988,38.838414843897290,66.602900820129420,-0.556113731918017,-0.645160860498913,-0.761636569911489,0.059321723937242,-0.012575075462053
1471,1666286193.669657707,38.798479757925428,66.773216512950157,-0.543766919649948,-0.640695824466861,-0.766159006330733,0.049016923459506,-0.010323698155138
1472,1666286193.768549919,38.748747470102316,66.942423000669692,-0.522061353755809,-0.624484785349986,-0.778777502629098,0.056616263308486,-0.017859255139868
1473,1666286193.869247675,38.694968291348673,67.110897255050716,-0.532792222431929,-0.618017253262730,-0.783876068524734,0.053386534425184,-0.027255491297465
1474,1666286193.969422340,38.644578011611401,67.275538505672372,-0.571925250368467,-0.628925417657910,-0.775461714543537,0.045540559402789,-0.032218096627568
1475,1666286194.069942236,38.603597298940159,67.448145097424046,-0.577558771964384,-0.645712149437566,-0.761709335479653,0.044185228457767,-0.030039538911215
1476,1666286194.169392824,38.570567252655245,67.625765281650487,-0.552822044802097,-0.654458485036089,-0.753240333357110,0.054168781411600,-0.037132663366903
1477,1666286194.269118071,38.544548806949614,67.796494689568604,-0.541706450288043,-0.663920504544092,-0.744035543474164,0.061698487896083,-0.042590730028500
1478,1666286194.368570805,38.522321223524521,67.955612380218341,-0.574031683171472,-0.663568408876345,-0.744581077840815,0.063970424567446,-0.034405959416752
1479,1666286194.467786074,38.493370281531547,68.114051034216246,-0.607402401552049,-0.648314839558119,-0.758633067139377,0.061287026979772,-0.020190061302864
1480,1666286194.567885637,38.447742631616279,68.285720701247755,-0.592208927448628,-0.641596661171785,-0.765091774493260,0.051145313784123,-0.019299167181405
1481,1666286194.669271469,38.388065739059222,68.459450326031885,-0.561374751992433,-0.626314754993967,-0.777098604654344,0.050034592058460,-0.036662322875980
1482,1666286194.768112421,38.328870750846697,68.616003323182369,-0.560681310290413,-0.612617888722440,-0.787729952065187,0.045337208368831,-0.046101871696921
1483,1666286194.868885279,38.275982988560727,68.769254607438299,-0.601470164818754,-0.610268865936369,-0.789898802016476,0.035906844785316,-0.048399301020129
1484,1666286194.969423771,38.235270355366893,68.930342288507745,-0.625911835678198,-0.625804977236760,-0.778418314535093,0.028471991533348,-0.040279073477032
1485,1666286195.069694281,38.206449956278078,69.107655696901318,-0.608237470098516,-0.641338609851616,-0.765254473246506,0.038141533739921,-0.040194553036155
1486,1666286195.169676542,38.189235600907615,69.286146924926300,-0.588131808792047,-0.649297371381610,-0.757419474904059,0.053583719278314,-0.043098115751081
1487,1666286195.268940449,38.174636407457378,69.452444025560482,-0.615164875109522,-0.649392150502171,-0.756683598768203,0.068682261381334,-0.031662488735298
1488,1666286195.367849350,38.144341142019314,69.612962616096141,-0.658497190492248,-0.637055707322405,-0.767352313942607,0.069915905604134,-0.021028984721811
1489,1666286195.467111588,38.099248854191913,69.777516523149629,-0.655851519304189,-0.625400532886683,-0.778192745670946,0.056364709506429,-0.010641596328691
1490,1666286195.567270517,38.042141595076274,69.948029844920029,-0.625668387575964,-0.615404153259813,-0.786309425021521,0.051224349690289,-0.019268686299414
1491,1666286195.668316603,37.980842544350402,70.112500744145564,-0.606126926989443,-0.594321812807525,-0.802378206685661,0.048183594368752,-0.025478176755550
1492,1666286195.769144058,37.921130119647010,70.267947252821713,-0.634179287066582,-0.579718747085473,-0.813461599184591,0.041298425513194,-0.022379476755000
1493,1666286195.869237423,37.868370746381601,70.423307489029526,-0.670671587525346,-0.589820280212712,-0.806716631202214,0.032380460699837,-0.016486957160618
1494,1666286195.969778061,37.825886215450083,70.593043925767304,-0.659761036045331,-0.608708839386840,-0.792853933512800,0.026949487635630,-0.011397985865180
1495,1666286196.069650650,37.794520883761990,70.770564643664315,-0.632760223648146,-0.629598293011445,-0.775877475247959,0.035982284506575,-0.018039069865610
1496,1666286196.169275999,37.768664539728157,70.946162483342576,-0.641231974567781,-0.637360779796411,-0.768840989345625,0.048787599555453,-0.016569236825183
1497,1666286196.269266129,37.737089052358712,71.117995464298261,-0.688560025554211,-0.633492090325430,-0.771560699912085,0.057189706778885,-0.010544917488347
1498,1666286196.367859840,37.694020576936410,71.283910846716921,-0.704956161063039,-0.618765091152348,-0.783947658904793,0.050540991592099,-0.001199265528258
1499,1666286196.467688322,37.633801763316498,71.452907651817426,-0.680507539823611,-0.604588965948908,-0.795025482972730,0.048901892081489,-0.003907509137406
1500,1666286196.566976070,37.563841554461128,71.613838015188691,-0.656914083381855,-0.579908905693291,-0.813056573428057,0.050096925372375,-0.011617554444520
1501,1666286196.666995049,37.490515449338680,71.769171964262341,-0.678244522875698,-0.562717442761564,-0.825339113917886,0.043433514358325,-0.016672026859670
1502,1666286196.769532204,37.418495668828974,71.934233546572614,-0.720829118594258,-0.572329034577912,-0.819023291322350,0.034760639573898,-0.020785148232173
1503,1666286196.871999979,37.353033317307762,72.115698578155090,-0.725318147168870,-0.590586992523219,-0.806065397067714,0.031331407599254,-0.021998245618605
1504,1666286196.971933603,37.294650677998092,72.305884786984990,-0.705005925938204,-0.606304564429584,-0.792998089451560,0.041618298058413,-0.042623028338561
1505,1666286197.071953058,37.244936635733083,72.492292136289791,-0.706637680641660,-0.615923802003404,-0.783913992387342,0.053810838343947,-0.056754879453065
1506,1666286197.170912981,37.197686424845330,72.658971980046573,-0.749489547568579,-0.610198681805766,-0.787955526779648,0.061962891645178,-0.054261004403544
1507,1666286197.270161629,37.141760796575632,72.818844427408663,-0.766492401973804,-0.590890032233457,-0.803521520611837,0.057519778103311,-0.043515639116671
1508,1666286197.369833946,37.071182569132617,72.985869282271111,-0.738377607643363,-0.583870759596043,-0.808686672107425,0.052037544980577,-0.049121241402807
1509,1666286197.468836069,36.997349238471941,73.143397126042160,-0.711271480963991,-0.570290745438009,-0.817428736614456,0.059919938520441,-0.054665594228549
1510,1666286197.569136381,36.921763016544269,73.289018849979328,-0.723462055725059,-0.549707323775917,-0.831585065086203,0.057009919382034,-0.055118116846898
1511,1666286197.670575380,36.845874773321384,73.433002494021054,-0.759813427534601,-0.553779807296417,-0.829711438437863,0.049530570604203,-0.049533589933873
1512,1666286197.771089554,36.769583321746680,73.584833960496837,-0.761805416856065,-0.565909340640652,-0.822450012164583,0.043245314278397,-0.038110870615912
1513,1666286197.871093273,36.690435210103523,73.743578962937178,-0.741079477371018,-0.571837886360480,-0.817694313241654,0.049027887166558,-0.044426434642237
1514,1666286197.970648527,36.618388569698531,73.899411004507769,-0.729274942573044,-0.579222558757106,-0.811605134694698,0.057254562024401,-0.050202070589432
1515,1666286198.070318460,36.549275652995632,74.045379307921408,-0.757953018599091,-0.565483840433587,-0.821127952590330,0.065849289449645,-0.040506576777981
1516,1666286198.171111107,36.477720996927744,74.191160170858126,-0.786195990708045,-0.544187247234738,-0.835954734444708,0.066217220012049,-0.025596907634146
1517,1666286198.263710976,36.402644153623960,74.339737503993675,-0.772994888622034,-0.534989079240556,-0.841881797613439,0.069129168121324,-0.015584673732865
1518,1666286198.369899273,36.304244454319694,74.516457711432025,-0.744260307058763,-0.511673816517321,-0.854852158867524,0.080833171928542,-0.029726928635567
1519,1666286198.470589399,36.209157594300159,74.668440537100210,-0.744330131947724,-0.500043314324008,-0.860485939463630,0.090092325429828,-0.037470050492385
1520,1666286198.571777582,36.110871005358483,74.805762599802009,-0.779609945946090,-0.511657667287823,-0.854176292226310,0.082321341405392,-0.042573349096761
1521,1666286198.672117472,36.015630764233258,74.941949902161056,-0.790695114955099,-0.532038774667312,-0.843209968582809,0.066398867351091,-0.039024114949288
1522,1666286198.771891832,35.923268176226273,75.082309307883122,-0.772953534773733,-0.545736808726365,-0.834895107016638,0.060051499769158,-0.038927024755497
1523,1666286198.871520996,35.836803347479233,75.228309523927990,-0.746018103002400,-0.560757981255473,-0.824333944970802,0.059749875383769,-0.049537723189349
1524,1666286198.971143007,35.756158066756797,75.369245940986673,-0.755597942413316,-0.566493491322851,-0.820504352562897,0.059011784184280,-0.048737470611187
1525,1666286199.070148945,35.678023510837150,75.505798814581055,-0.791471826819852,-0.556760244072397,-0.827771736742493,0.056825719768630,-0.039784670961799
1526,1666286199.169220448,35.594984112482493,75.646649742353887,-0.788871070098958,-0.539702102938217,-0.840027823969731,0.048615088368745,-0.026673361686232
1527,1666286199.268924952,35.501978702657077,75.791913370669192,-0.758837198315526,-0.526391196266939,-0.848157836608089,0.051810811506774,-0.029261450817703
1528,1666286199.368913651,35.407237888061381,75.929073648279868,-0.740986689418045,-0.507005140584816,-0.859598834931293,0.055259719858049,-0.031336779773056
1529,1666286199.469962120,35.313181803299102,76.057410320830670,-0.766540820940899,-0.499992583367034,-0.864187360721773,0.048965552070227,-0.028106882736343
1530,1666286199.570070744,35.221640245960920,76.186380353164537,-0.792840402880490,-0.513982923651160,-0.856672315332258,0.038871007876190,-0.020570442021585
1531,1666286199.671783924,35.130010727381197,76.328693786951334,-0.777406892076358,-0.532938416034615,-0.845161553529200,0.038236716275880,-0.014715525103196
1532,1666286199.771458864,35.045938371272364,76.473480038408340,-0.751553247799055,-0.547529229913218,-0.835613670908250,0.034999332419707,-0.027140046279471
1533,1666286199.863692999,34.977209229275331,76.604939870234418,-0.757054443162953,-0.563531562680779,-0.824792270682144,0.036799658115794,-0.028207680658160
1534,1666286199.965058565,34.903086771013854,76.747404285991365,-0.793904320388157,-0.555021733917947,-0.830680982088651,0.038679268882936,-0.020588711315462
1535,1666286200.064358950,34.823723424789357,76.892226231431934,-0.802343775038953,-0.542185694326967,-0.839553941748554,0.031972557562484,-0.012712486954352
1536,1666286200.164862633,34.727456967335350,77.045803641376338,-0.775556245111018,-0.530673671250841,-0.846696013348956,0.033310206159277,-0.019538315837507
1537,1666286200.266636610,34.626895142256835,77.193749134460262,-0.756591843973744,-0.514222324353923,-0.856183297800246,0.041640301309342,-0.028136222397668
1538,1666286200.365427971,34.532119665164920,77.326265137934826,-0.777340471699608,-0.500411294706124,-0.864387737314951,0.038222719072359,-0.031006442182154
1539,1666286200.466525555,34.441286877356092,77.460549631984861,-0.809879940878542,-0.510924860420516,-0.858699857649539,0.029452417650102,-0.026886735977079
1540,1666286200.567328691,34.353874567277884,77.604811191994173,-0.804677408043655,-0.525069663539824,-0.850446725104951,0.027105261280154,-0.017536276667971
1541,1666286200.666652441,34.268488893168886,77.756590027815321,-0.780953028502043,-0.542222107080323,-0.839050385488267,0.035626369891020,-0.026840249137333
1542,1666286200.766073942,34.190429160733046,77.907923439415043,-0.776145698808179,-0.556200826692969,-0.829153125423980,0.044206786652796,-0.034518038755676
1543,1666286200.865366936,34.117732424442224,78.050935988310684,-0.806493114074445,-0.544426830030882,-0.836698936455724,0.052549954943913,-0.027799617115685
1544,1666286200.964227200,34.045742407369609,78.187253369318782,-0.827304166373098,-0.523880598929711,-0.850143946171042,0.051228137749235,-0.013418895503035
1545,1666286201.063983440,33.968538725230538,78.326354548322271,-0.809563842923303,-0.513286413490236,-0.856871331378301,0.047948601478295,0.003083959238372
1546,1666286201.163967133,33.876441002450221,78.469386168365219,-0.783164970102700,-0.489862889656394,-0.870335320494828,0.050175267648626,-0.005763831454941
1547,1666286201.264646053,33.779932514810881,78.611857554119936,-0.785813391510404,-0.488062212396804,-0.871364392387895,0.047427921447140,-0.016430604858512
1548,1666286201.366556168,33.680874721775133,78.759272989511572,-0.825397604642686,-0.508095607062510,-0.859923875166940,0.040262470961299,-0.027362683233605
1549,1666286201.468335390,33.588086858532265,78.914272707471540,-0.836111520287344,-0.530310218732209,-0.846506672377124,0.037499222567071,-0.028130656516888
1550,1666286201.570659637,33.499120124274874,79.070710452858165,-0.816401686990454,-0.551186407697358,-0.832673240828694,0.037285009604904,-0.038192224814536
1551,1666286201.668869019,33.420059126176376,79.215884775671242,-0.800453452287188,-0.567238898225579,-0.821126098850768,0.037321418576088,-0.050981112594940
1552,1666286201.768306971,33.348067804757093,79.351499435797678,-0.820062361697140,-0.576546346833780,-0.814788717957101,0.033554721920720,-0.050869791421520
1553,1666286201.866364717,33.280121234266538,79.478720283091064,-0.852854923081415,-0.559057081607020,-0.827941368344609,0.028467038413218,-0.034027897564773
1554,1666286201.965909481,33.204487526226863,79.615991873714819,-0.849618119916456,-0.538694060815400,-0.842123853477289,0.021497509215418,-0.013190198797212
1555,1666286202.067348242,33.113414781731301,79.768825121284621,-0.819583070921051,-0.518156069079063,-0.854690134250145,0.025154093980782,-0.019655382163922
1556,1666286202.166362047,33.024236955005236,79.915050768025822,-0.808195259469095,-0.500347534979643,-0.864857822126924,0.028679653997542,-0.029167948029469
1557,1666286202.267258883,32.935374805223226,80.057522132672034,-0.839374249287380,-0.492372517597973,-0.869245873375339,0.030927571003375,-0.032006263230938
1558,1666286202.369419575,32.845808067388496,80.203858437491988,-0.866104377258352,-0.504854284972913,-0.862335984091168,0.025624897381911,-0.029020098555526
1559,1666286202.468397141,32.754577888537412,80.353126169473825,-0.852031382283603,-0.522006022978491,-0.852035399183007,0.025683415350468,-0.029761597557392
1560,1666286202.569558859,32.663489127168958,80.504271937695080,-0.826819472584086,-0.537339522318302,-0.841773880360984,0.025926514195480,-0.044841810382973
1561,1666286202.668247938,32.583866167945914,80.643136637610993,-0.829420083048472,-0.549050026899250,-0.833940478996277,0.026852507403400,-0.048644509449092
1562,1666286202.766585350,32.510991237072218,80.777335935808338,-0.863978860886308,-0.540677611771454,-0.839765929557279,0.025424156846646,-0.042597135262284
1563,1666286202.865768433,32.443793669493054,80.914802793703345,-0.877871203440936,-0.530060871274015,-0.847226905019259,0.023974339300734,-0.025831670693426
1564,1666286202.965579271,32.377141678911926,81.054599804408184,-0.862673678003358,-0.514561111732120,-0.856857582859259,0.031186986198881,-0.007022597911277
1565,1666286203.065023899,32.302882513089052,81.195301866352509,-0.842619858165292,-0.484855661095835,-0.873502561139998,0.043621047217189,-0.002338338055294
1566,1666286203.165519714,32.222857850717261,81.340086990137578,-0.855170865384402,-0.470921817885309,-0.880543015520307,0.053603799976662,0.001808835554169
1567,1666286203.267914534,32.135249695198112,81.499197413908561,-0.898257051461627,-0.486975536661649,-0.871627836536152,0.055806094326259,-0.002328326535110
1568,1666286203.370357513,32.041952515741080,81.672404086332392,-0.910905034271684,-0.516267146642504,-0.854094242629998,0.062186760801855,-0.011138437272335
1569,1666286203.471698761,31.950125819588298,81.846685935883670,-0.895858639436936,-0.540708616178473,-0.837421062210583,0.071584709511649,-0.035153752581950
1570,1666286203.571892262,31.870150904967588,82.008472197010207,-0.889000774515281,-0.562662805697849,-0.821344941274174,0.076184093902736,-0.054763476549316
1571,1666286203.661662102,31.803986993950183,82.138331955108242,-0.913664746622674,-0.569886118795957,-0.816590037028300,0.074174806638504,-0.053931633481110
1572,1666286203.760199547,31.728819358710012,82.273427113652289,-0.944488943748803,-0.551053443874896,-0.830832362794861,0.067980470308865,-0.037899110582054
1573,1666286203.860059261,31.645735573000824,82.413373168158230,-0.937573856572314,-0.529248908519725,-0.846368999645218,0.055116828752243,-0.022743009003383
1574,1666286203.961601496,31.551894810290591,82.561322310572010,-0.910954298483100,-0.505663557661480,-0.860519029586670,0.054113266162176,-0.029717345063316
1575,1666286204.060850859,31.458519484017309,82.701672923147967,-0.904478296756874,-0.484532430736371,-0.872249722137428,0.056268423688767,-0.035250677886596
1576,1666286204.164172173,31.362395461870449,82.842462335511257,-0.941379141773762,-0.484098340121156,-0.872692691390615,0.048906159690014,-0.040797684122036
1577,1666286204.266023159,31.272277361150802,82.982386723408723,-0.972396636730407,-0.509685736314958,-0.858659786570408,0.039003943899959,-0.037450146651115
1578,1666286204.366519451,31.185229119370842,83.129168107270814,-0.959642018038969,-0.533463207472849,-0.844064341937121,0.034036867472778,-0.042589724061980
1579,1666286204.465896606,31.108708289181411,83.278011578628977,-0.932559399178243,-0.556701778014539,-0.828173931291102,0.037044059437574,-0.053280461199932
1580,1666286204.564550877,31.045280733213769,83.420703890649207,-0.937766114761093,-0.568464346921563,-0.820307467142326,0.039411289356919,-0.048894743079482
1581,1666286204.662876844,30.987858606794536,83.559021522530145,-0.975299417599963,-0.553945047545363,-0.830819930766014,0.043737663827692,-0.031147129961146
1582,1666286204.762041569,30.920724908069396,83.704208164720484,-0.982341689547067,-0.534983122013647,-0.843630083328075,0.044114927600315,-0.011628191055206
1583,1666286204.862278223,30.829716787832403,83.860011260683294,-0.956246126365723,-0.518980512659861,-0.853170368756406,0.049487472725234,-0.017622128096066
1584,1666286204.962054491,30.727844354352595,84.007445998642794,-0.940783881188495,-0.503042909262696,-0.861943145021058,0.054314507294181,-0.032431165398740
1585,1666286205.064484596,30.621805430475469,84.145670197874992,-0.970086808021731,-0.506317591055102,-0.859993325289326,0.046422445300055,-0.043576760071512
1586,1666286205.164814711,30.522188731108265,84.277623687843601,-1.004023365446994,-0.517993394559211,-0.853464239569580,0.036316079660059,-0.044303242850477
1587,1666286205.265383482,30.430995419629141,84.412627933839659,-0.999072313269627,-0.530033729920968,-0.846803698693106,0.029258492136337,-0.033640476566920
1588,1666286205.365511894,30.345940824725780,84.553741416907471,-0.973181797063590,-0.545425297418955,-0.836741962837891,0.028712025413511,-0.039366891651382
1589,1666286205.465420485,30.271848660922206,84.696293168617572,-0.967832280417761,-0.556883201352393,-0.829031958863472,0.036102584236478,-0.035828963785638
1590,1666286205.563645840,30.200959556477876,84.834715504511038,-1.006994999727487,-0.547408862014968,-0.835348799854761,0.044344356661594,-0.023864165624575
1591,1666286205.662437916,30.121056544776163,84.976275441417187,-1.034458920868071,-0.531815175235791,-0.845591319289707,0.044997371386857,-0.011098499857706
1592,1666286205.762546062,30.025278874706572,85.126323046523126,-1.016278350119083,-0.523028020525744,-0.850910718528033,0.048259118299212,-0.007980998685000
1593,1666286205.862170935,29.923941973119060,85.270368364195349,-0.989630064423760,-0.498185944463914,-0.865044526762981,0.056930823463307,-0.016358875138492
1594,1666286205.962672949,29.823675687585119,85.402570412422421,-0.996461596789756,-0.483327221885311,-0.873228731047499,0.059323485795410,-0.018630724378941
1595,1666286206.064171791,29.727608459200582,85.531654594491471,-1.039285781903570,-0.486229984983746,-0.871844461367007,0.057143806873538,-0.014220486010653
1596,1666286206.164769888,29.638560048450312,85.669719001672433,-1.057335470148847,-0.506270972811228,-0.860858083663736,0.050558622011043,-0.007542388210548
1597,1666286206.266232491,29.550522505307345,85.827071930883704,-1.036728199679652,-0.530644501142693,-0.845389801904182,0.057310087347733,-0.021167194703728
1598,1666286206.367468357,29.472540224837612,85.990026104296689,-1.022064126695984,-0.560082246768534,-0.824977710975735,0.064466459029092,-0.039544012292605
1599,1666286206.469286680,29.403272934381210,86.144980156379731,-1.051991335370602,-0.575875669424965,-0.813327628939206,0.069817231705295,-0.044619900554428
1600,1666286206.568542004,29.339371395535920,86.285932902886501,-1.088474444195680,-0.564108255946482,-0.821822317266283,0.072588499405335,-0.033479309583339
1601,1666286206.667299032,29.273051960754270,86.428712886268372,-1.080337669245244,-0.553477439787821,-0.829734290834437,0.070339610628636,-0.016002169728010
1602,1666286206.767648697,29.196094056856992,86.578579781434541,-1.050387666171523,-0.529377669340391,-0.844313915489140,0.081766087355677,-0.014408409824705
1603,1666286206.868830681,29.119438274191413,86.720932072988205,-1.042084661845348,-0.522507655413492,-0.847975363733080,0.087330914809656,-0.017229157105179
1604,1666286206.971667290,29.045563473674726,86.857700246176506,-1.076221171177440,-0.530228038018895,-0.843288810241676,0.086808706666234,-0.013654986881991
1605,1666286207.072155237,28.982801770226388,86.994089131607709,-1.103149678732959,-0.549905888835988,-0.831080016138620,0.083119581862336,-0.000809511928983
1606,1666286207.173027039,28.929843658189490,87.137535597417070,-1.097421997321280,-0.579586982732294,-0.810701671931899,0.081831420916646,0.012055999538036
1607,1666286207.263405323,28.887277575604173,87.273797269676493,-1.077019452261567,-0.606168059633928,-0.790872129040418,0.084046579788057,0.004210868395524
1608,1666286207.363263130,28.846756474773848,87.424695537578231,-1.078189526180286,-0.643233920818979,-0.761198536649112,0.082603560240141,-0.001887523972431
1609,1666286207.461615086,28.802994453971451,87.568958269282334,-1.117417660144866,-0.650237851930682,-0.755235656106265,0.082417867208119,0.004139423531872
1610,1666286207.559756994,28.754629729626160,87.712749899764333,-1.141232496611678,-0.636619586550177,-0.767348911758720,0.074913614511582,0.016706286367687
1611,1666286207.660211802,28.699214685885309,87.868732486450710,-1.131725481132718,-0.634950006799268,-0.768471471050604,0.077316090699613,0.017672271100789
1612,1666286207.760570288,28.638276290873293,88.028506908693601,-1.110421420493134,-0.630707948282504,-0.771491817668772,0.083627935293677,0.003771959957977
1613,1666286207.861343384,28.578140720111946,88.180352835232213,-1.121548373554185,-0.642432039269316,-0.761879682929364,0.082284108145530,-0.007053311733802
1614,1666286207.962173939,28.527226878065061,88.324489786988067,-1.158831615859155,-0.656644160880571,-0.750357623079952,0.075431665477745,-0.009588916023732
1615,1666286208.063388824,28.491892011821317,88.460446696268804,-1.174309060736822,-0.672417036040594,-0.737066299385807,0.067571745352498,0.004760166185243
1616,1666286208.164456844,28.463591490589828,88.599973593908203,-1.156195661711443,-0.692812304051279,-0.717765453501475,0.069341351994734,0.003954999181208
1617,1666286208.263520241,28.443750582587043,88.740668376344544,-1.137934867073096,-0.718955967148258,-0.691878239615939,0.066174178677515,-0.005272278844939
1618,1666286208.362906694,28.426195386563204,88.876733922237889,-1.161873484345939,-0.728625398095714,-0.681943992523554,0.063585839464840,-0.003776417674067
1619,1666286208.461535692,28.406858320495974,89.008793764998430,-1.199355862807577,-0.723560374482764,-0.687960247623285,0.056228012492071,0.003081035485541
1620,1666286208.561290264,28.389062071177811,89.148797556732561,-1.205216325645402,-0.726531537757544,-0.685677795147426,0.043911731102458,0.008345403346109
1621,1666286208.661008596,28.369958097608894,89.300341075050952,-1.189561890666188,-0.715316760161326,-0.697115132864080,0.048468847868221,0.001787442454153
1622,1666286208.761884928,28.354364766923233,89.452074968746103,-1.183269297271811,-0.714180119233714,-0.698006306300761,0.051958120798602,-0.005857246688009
1623,1666286208.861969233,28.343309760074781,89.598134104340417,-1.211909155574706,-0.721693643442256,-0.690440406550722,0.048518411430783,-0.009812938874190
1624,1666286208.962840319,28.338989045016138,89.747573269447059,-1.247989480977599,-0.736276081499450,-0.675030024073824,0.047046140163583,-0.004319618781468
1625,1666286209.063310146,28.341440803752871,89.902093860997567,-1.252525960432032,-0.747862705729949,-0.661863923525664,0.051276036096400,0.002878929616025
1626,1666286209.163165331,28.349201732833144,90.060074298142837,-1.236494825865397,-0.766699106791338,-0.639433059650330,0.056067180339367,-0.012422284829050
1627,1666286209.262837648,28.361559961579673,90.212924726340233,-1.239366766698006,-0.780694777772970,-0.621589987250605,0.060882020755122,-0.020855005552082
1628,1666286209.361621141,28.374117604420867,90.355107023705813,-1.278267086486712,-0.777180714620780,-0.626137073218847,0.060093198063430,-0.018201920475057
1629,1666286209.460988283,28.386400858166628,90.496322576678637,-1.304712947074658,-0.770342371352930,-0.635323998157234,0.053243966237017,-0.010056257912544
1630,1666286209.560545206,28.394273382953422,90.650320567483632,-1.286550416225511,-0.764687550515175,-0.641954256121638,0.054448871434906,-0.013527879873841
1631,1666286209.660938501,28.398218992563979,90.803888953053871,-1.266681230035705,-0.759028394818087,-0.647916120051650,0.061150317105594,-0.018472573047101
1632,1666286209.761070013,28.398028844212806,90.948981022683171,-1.279446717712110,-0.750139631466641,-0.658170103444993,0.060246537808244,-0.021748630219364
1633,1666286209.861870527,28.401349533465091,91.090560300516671,-1.315624354751868,-0.757387673557309,-0.650424944036570,0.054817379437516,-0.017503114867804
1634,1666286209.962196589,28.410871477000825,91.230847412575542,-1.330857560239112,-0.765330699417551,-0.641681522137254,0.049960913902954,-0.004201399605085
1635,1666286210.062491179,28.424911411879791,91.374293792045407,-1.316231874704901,-0.774232110753834,-0.630943139437066,0.049600922837591,-0.003891263113833
1636,1666286210.162347555,28.445376139034195,91.516165311311909,-1.301457762718644,-0.788900557131436,-0.612349703469899,0.050959147629609,-0.008180274500315
1637,1666286210.261687040,28.466718365880713,91.653071621928049,-1.326052813642371,-0.791817092836044,-0.608700881025802,0.049868428458638,-0.004697741388581
1638,1666286210.360653639,28.485027290982455,91.793515907440934,-1.367353351164342,-0.782907674020051,-0.620345351482611,0.047183012629981,0.000991046713245
1639,1666286210.460453272,28.498804515951289,91.945925635544384,-1.374750179015535,-0.780667996379813,-0.623569176139556,0.041016104418331,0.006053195462585
1640,1666286210.559916973,28.503884528055309,92.110928467268124,-1.358860332436428,-0.765694887814680,-0.641511870998141,0.046206208514059,-0.006232530600406
1641,1666286210.659949780,28.501958997527083,92.274792844598423,-1.356194572164165,-0.751839291624810,-0.657091458966071,0.051511272519019,-0.017750575382632
1642,1666286210.760923386,28.500758081192433,92.435549979217129,-1.391227125889685,-0.756020385015828,-0.652251766314053,0.044662575931172,-0.031718529157410
1643,1666286210.861759186,28.508547378894281,92.595645560412180,-1.429842361555398,-0.768972893114044,-0.637174031923302,0.041465445822518,-0.031153803959716
1644,1666286210.962218523,28.528028699091529,92.755424551879045,-1.429035762069554,-0.776145849016638,-0.628339995160325,0.045514922961764,-0.026736928094872
1645,1666286211.062218189,28.557764784855738,92.909415289012259,-1.409810355538819,-0.787198417626065,-0.613915570496667,0.052846886444668,-0.025170025464339
1646,1666286211.162507296,28.591661301695986,93.056566967190435,-1.413517689461534,-0.796133057165260,-0.602409843621549,0.053165633272281,-0.021164853774952
1647,1666286211.261609554,28.622160926445350,93.199942400302319,-1.452320986516486,-0.791622365339058,-0.608868293004350,0.050135793126834,-0.009991732407742
1648,1666286211.361158609,28.649104166103744,93.349563411948878,-1.483770959681401,-0.787817845770931,-0.614480844199060,0.041887846415444,0.001319969672770
1649,1666286211.460991383,28.672595655897396,93.514363252182605,-1.479364563573097,-0.779558333021460,-0.624332647657981,0.049572296454014,0.006335448638734
1650,1666286211.560808420,28.689413597329082,93.684555732387068,-1.459159296907728,-0.765376514205680,-0.640681747818222,0.061038332028150,0.000107415879513
1651,1666286211.661401033,28.700779719723073,93.848561286383415,-1.474034149713469,-0.763656823092465,-0.642796817506371,0.059927270443281,-0.007016423962620
1652,1666286211.762190342,28.712693358652849,94.007438934133418,-1.519844427900325,-0.775795058200938,-0.628535315067391,0.055145556932594,-0.006659799901879
1653,1666286211.862982512,28.733119794685592,94.164728008336283,-1.543915439712064,-0.791263439174059,-0.609665564249766,0.046897498510125,-0.003270203043935
1654,1666286211.962894678,28.764310768083561,94.326403530364090,-1.528194962170371,-0.802597362872793,-0.594048235104332,0.053133061113655,-0.011002058705515
1655,1666286212.062454224,28.805629936047151,94.486210057435244,-1.521288991868225,-0.812959307916790,-0.578667131107828,0.063227517096811,-0.015613972225624
1656,1666286212.161386251,28.850037143852866,94.639533803961029,-1.563222230631126,-0.811088010358940,-0.580951847226953,0.067164014004350,-0.010962932016121
1657,1666286212.260230303,28.893717748549317,94.795683952940195,-1.609924347770398,-0.799678991399853,-0.596493701739336,0.068583070250166,-0.002266489373080
1658,1666286212.360499859,28.934676190706121,94.964531779007757,-1.608620541813557,-0.798960416563508,-0.597383633620434,0.069238722815336,0.001022892963387
1659,1666286212.460563898,28.966808267693001,95.136813619642368,-1.587644402249979,-0.791135480247290,-0.606643047232343,0.077478626328855,-0.009269714167165
1660,1666286212.561454773,28.991237200718892,95.301195572747801,-1.592976105969357,-0.792537275961719,-0.604658700669960,0.077318905167553,-0.017155431180371
1661,1666286212.662077665,29.014446313147847,95.457608454356162,-1.638987506315218,-0.800684805254470,-0.594818469592243,0.068244918265645,-0.020915592209377
1662,1666286212.762412786,29.045812228358287,95.614055836160674,-1.661806218044670,-0.806492506455987,-0.588069829703802,0.060653784555052,-0.008051760157285
1663,1666286212.862628460,29.086536152560274,95.779889088144330,-1.638901287841596,-0.812319230649464,-0.579298704194839,0.067060847052826,-0.007302165966373
1664,1666286212.962543726,29.133795728098640,95.945529501570647,-1.614582336020746,-0.822799788156975,-0.563321059574179,0.073221837504330,-0.017562885911797
1665,1666286213.062438726,29.181993050206536,96.102639523924694,-1.635870383216957,-0.827278977947524,-0.556361086928513,0.075977940618298,-0.017296997925262
1666,1666286213.161323547,29.228967830393273,96.257339164689583,-1.677003221596667,-0.816775731760795,-0.571929592299159,0.075405683971350,-0.009377008262139
1667,1666286213.261020899,29.278931072344669,96.420425807505694,-1.675626854380195,-0.810218868225589,-0.582314403203420,0.066728917539000,0.001604044003314
1668,1666286213.361027241,29.326493340409566,96.595124936874754,-1.649263684694172,-0.802388226273574,-0.592479292833584,0.071485323940590,-0.005591990886315
1669,1666286213.461159706,29.369314834569789,96.764957939279270,-1.635955004290035,-0.790671742419900,-0.607061900833511,0.079025617195668,-0.008306390427134
1670,1666286213.561741352,29.408987297758504,96.926340750734397,-1.664851520544508,-0.789333553527154,-0.609243767356248,0.075479556274210,-0.008798283833226
1671,1666286213.662518024,29.453024359473073,97.085869013137184,-1.696907652393774,-0.797024753087798,-0.600253420901914,0.066443755591352,-0.005709728872723
1672,1666286213.763091803,29.504349412641734,97.247042931599239,-1.690195993894644,-0.813539441708315,-0.578148222980076,0.062435609589711,0.000060869248083
1673,1666286213.862918377,29.563772382147324,97.407638285444762,-1.665446358302739,-0.829816885554683,-0.553630005942004,0.069513394115635,-0.008101913817582
1674,1666286213.962115765,29.627590904370958,97.557578090059621,-1.665641642734954,-0.837599417078321,-0.541124145635902,0.074909784178462,-0.000632261187230
1675,1666286214.060954809,29.685049071807704,97.703288613295101,-1.704974457014507,-0.826897729429783,-0.557179139216322,0.074302649232738,0.016451996931216
1676,1666286214.159765482,29.733894171856910,97.855696497704812,-1.717229777611851,-0.810221702576866,-0.581972137204736,0.062717721887992,0.030260726230175
1677,1666286214.260086775,29.772594431707255,98.028681537065381,-1.688192285125634,-0.809113710086479,-0.584100566135083,0.060648782769732,0.021983128515285
1678,1666286214.360652924,29.800461528788848,98.206501142644427,-1.666021598608005,-0.800022632028912,-0.596532892584875,0.063835494585941,0.006109495627493
1679,1666286214.461382389,29.824457303963662,98.377209473174901,-1.687861984158733,-0.800873039801006,-0.595745358479090,0.060262282652456,-0.007635395211203
1680,1666286214.562169790,29.854301896281545,98.543521023400373,-1.723907690280756,-0.807630669301658,-0.587149306060412,0.052703098174079,-0.014518189934908
1681,1666286214.662722349,29.896134233917895,98.709052925935623,-1.718906264049368,-0.818646137015345,-0.572454553748744,0.044717829753985,-0.010705229762736
1682,1666286214.762571096,29.945771960327559,98.875627378715663,-1.694180245610977,-0.827926787300098,-0.558414168070180,0.047786183907255,-0.020672019664511
1683,1666286214.862357616,30.004333242891114,99.036686332076499,-1.687323124386414,-0.836012793648840,-0.545655323651602,0.051223440958725,-0.026814841459105
1684,1666286214.961509705,30.064482266355832,99.188784151119748,-1.721708989040740,-0.832622542577199,-0.551032979035369,0.052748394208766,-0.017887551986888
1685,1666286215.060358763,30.124426422709838,99.340960661309495,-1.745827056620313,-0.818846809351117,-0.572075929237670,0.046549078014377,-0.007226156541613
1686,1666286215.160531521,30.185965263806754,99.510289966864406,-1.718352189359695,-0.815065051485099,-0.577389047086281,0.047206454839942,-0.007899416043835
1687,1666286215.260073185,30.240926955868279,99.681487127695291,-1.689687461568765,-0.808459966701197,-0.585386160746943,0.057610680314121,-0.019913175567909
1688,1666286215.360322475,30.289374621975846,99.845476299605494,-1.693278789271592,-0.805909330002131,-0.588114679423706,0.060441946323370,-0.031273739567097
1689,1666286215.461505413,30.337874382108907,100.002439015373369,-1.724625898092622,-0.815401146008577,-0.574885249873508,0.057574197528364,-0.036237168001064
1690,1666286215.562286854,30.392343746191518,100.157967680792609,-1.726449948516854,-0.825718780907472,-0.561154378279777,0.050538854532875,-0.027204462439459
1691,1666286215.662413120,30.450207095693838,100.316755797268613,-1.700392358105947,-0.832320297829231,-0.551145119126840,0.052882252027192,-0.026181040939077
1692,1666286215.762213469,30.511450911696340,100.471849826275744,-1.680296327347457,-0.838663222838905,-0.540588382225435,0.058741984186498,-0.030944772647098
1693,1666286215.861752987,30.574622672373764,100.620370518332024,-1.696598042992343,-0.840646084261787,-0.537496418505525,0.060912867804652,-0.026483648632135
1694,1666286215.960793018,30.637103301090622,100.773064371493675,-1.723443693881028,-0.829668218807827,-0.554774162080008,0.058935862217926,-0.020070872758886
1695,1666286216.060770273,30.700006828071643,100.942340600201248,-1.706955246191799,-0.829110257255443,-0.555942651349420,0.055120808400994,-0.021578836984687
1696,1666286216.160584211,30.758049704417406,101.116463760682024,-1.676470287576846,-0.818035010624732,-0.570708466667172,0.062192717222056,-0.035251005533706
1697,1666286216.260554075,30.807718297299644,101.278666692305833,-1.663678376923724,-0.806925695507742,-0.584922600033965,0.070859676458822,-0.041417148030799
1698,1666286216.360919714,30.850974053327768,101.427799046380827,-1.682372932744274,-0.800083192486841,-0.594470590186592,0.069937797195932,-0.039753075687934
1699,1666286216.461443663,30.896523902103247,101.576082069827919,-1.697584893717271,-0.799844306741922,-0.596084803514947,0.064512220147556,-0.027751854761704
1700,1666286216.561958790,30.948678547591523,101.731367166486237,-1.677291869244142,-0.803654156432316,-0.591658717496293,0.061199422591272,-0.018291788709680
1701,1666286216.670778513,31.009245790693086,101.901992663853591,-1.652737289212786,-0.812792294777504,-0.578089299397398,0.066703140353757,-0.027058058679305
1702,1666286216.770909309,31.069711692897553,102.052896619417552,-1.654491811876345,-0.822629924174154,-0.563086050530588,0.073258837919948,-0.029107562895393
1703,1666286216.870580912,31.129885770619843,102.195946720826555,-1.678866600116532,-0.818115182633406,-0.569840005159896,0.073745197840368,-0.023055634009152
1704,1666286216.969358444,31.189784977099329,102.336499855763563,-1.682421102489895,-0.810044119742963,-0.582730382443926,0.064228208186395,-0.011338550161692
1705,1666286217.069554806,31.249043574276346,102.486390046659864,-1.655233883723934,-0.802449809975779,-0.593595120139500,0.060940302948751,-0.002327078194422
1706,1666286217.159965277,31.295796315580890,102.622871713714630,-1.628924005420484,-0.791370665053997,-0.607413685664313,0.069142762043527,0.000602840511859
1707,1666286217.260523796,31.338294260531576,102.770459986551330,-1.632565716397342,-0.781643202516203,-0.620360671703828,0.064696906000851,-0.000922668578821
1708,1666286217.361848831,31.375630856330762,102.916268340549735,-1.666195623151386,-0.793958357630598,-0.605296208426070,0.056946084828403,-0.001941606619357
1709,1666286217.461586237,31.416079045952110,103.063582225393986,-1.665059472035027,-0.797983299736029,-0.600712083985862,0.048508140604220,0.003821752331437
1710,1666286217.562143564,31.462215642642953,103.215236541452725,-1.637777412452071,-0.808206615882242,-0.586861841621783,0.048940985694938,0.000157517209555
1711,1666286217.661833525,31.510336997185870,103.359313536101794,-1.618713998286544,-0.815218910384333,-0.576753812616761,0.052374081027315,-0.005488480696375
1712,1666286217.761245966,31.559170868311053,103.495735338760412,-1.631808621873742,-0.819390412760461,-0.570880222721828,0.051787361948740,-0.003632068791721
1713,1666286217.860104322,31.606702986369431,103.632802213789915,-1.655954674978509,-0.810422632869804,-0.583914789964817,0.047502678215179,0.001473008861102
1714,1666286217.959490299,31.656160820676408,103.773209294853345,-1.643341542825877,-0.803406870683109,-0.594208612244235,0.037365100288435,0.007574599289053
1715,1666286218.059137344,31.702504911936089,103.920518987968350,-1.614057778294801,-0.795120108064232,-0.605156863797955,0.039235364371125,0.005456201317104
1716,1666286218.159502506,31.743503116493809,104.067426576883349,-1.599331032378444,-0.786444768970634,-0.616040334790959,0.044673191956055,-0.001799219226935
1717,1666286218.259801865,31.781081670443029,104.211173677034765,-1.619552815589982,-0.783738155801036,-0.619423634833366,0.044834577817917,-0.007663183626994
1718,1666286218.360777378,31.822399610807494,104.357759430792086,-1.646604601879826,-0.795618849602957,-0.604134665194693,0.043820879218266,-0.009575124599831
1719,1666286218.461545229,31.872318285301162,104.510610828537722,-1.631672904150664,-0.801782081403537,-0.595978853248062,0.043483196644046,-0.007994500043885
1720,1666286218.561330795,31.924810343215494,104.660451336155418,-1.608980273851407,-0.810642068421804,-0.583025038900863,0.053530809662865,-0.008700191739515
1721,1666286218.661056757,31.978137848467021,104.801471411938110,-1.601542513545139,-0.818695838999476,-0.570780373729562,0.061995603555360,-0.010170216806531
1722,1666286218.760775566,32.029862477929498,104.934934886805607,-1.622375907778001,-0.821106804359637,-0.567301157763850,0.062730317376961,-0.004233144916667
1723,1666286218.859875917,32.075316391312491,105.073208844663327,-1.645370145923879,-0.812398536380913,-0.579975977293783,0.060117839700458,0.004725378082433
1724,1666286218.959506512,32.114893455683344,105.224879711985807,-1.630667261744602,-0.801926894648383,-0.595082157577987,0.052565476619049,0.005229917756680
1725,1666286219.059554338,32.146911244031052,105.384181293258166,-1.605396363179083,-0.787026922249663,-0.614034763041062,0.059520838207461,-0.002683887183150
1726,1666286219.160032272,32.167444287969985,105.540343151208830,-1.595835521147288,-0.765380572227322,-0.640055589325160,0.065978809077901,-0.012969926108557
1727,1666286219.260531187,32.177354155965716,105.689526952227837,-1.617306608741708,-0.749951521765024,-0.658058092446258,0.064415029778553,-0.019569514734512
1728,1666286219.361152887,32.184412637501310,105.836760123090855,-1.634100789185673,-0.733282734088634,-0.676990214084979,0.060998937102649,-0.016118672185371
1729,1666286219.461325884,32.190485476519960,105.987521004728080,-1.617224003557344,-0.709925386334674,-0.701679776783142,0.059081722164329,-0.012680173390795
1730,1666286219.561637878,32.192240652616668,106.135015768119572,-1.595018179157237,-0.689232798682726,-0.721456338487592,0.065172852871770,-0.014539605380053
1731,1666286219.661260605,32.191986287784665,106.272760683313606,-1.586783778175340,-0.661567594306989,-0.746828776929449,0.065791935879972,-0.015700868959775
1732,1666286219.760948420,32.185098278528997,106.405744525499983,-1.597692552369754,-0.610298372568648,-0.789364112658118,0.066047691212447,-0.008825903524632
1733,1666286219.860349655,32.168286322126924,106.537498283893939,-1.603931793752298,-0.557271730702480,-0.828225089002814,0.058454112602237,-0.008633471261846
1734,1666286219.960345268,32.141596460792577,106.666419615112915,-1.587268579169459,-0.514087971103623,-0.856220344501922,0.045733962986881,-0.022554029730520
1735,1666286220.060336590,32.107689281415610,106.788595112062097,-1.569194530690662,-0.460425645656484,-0.885786068381826,0.047657741145998,-0.033466484597842
1736,1666286220.160497427,32.067488337010872,106.896724749867090,-1.573560704417651,-0.407025406211689,-0.911198885307485,0.050393581148718,-0.038825212061424
1737,1666286220.261007071,32.021236235642739,106.992814289710438,-1.589504909719483,-0.368583258828276,-0.927345988484988,0.050557066696925,-0.040246514871882
1738,1666286220.361805439,31.974129625424961,107.078650765701255,-1.596679789233387,-0.324764937734828,-0.944106572195571,0.046302950334861,-0.032350461287443
1739,1666286220.462609291,31.923258550526050,107.159185217518754,-1.584117869578247,-0.301046101460387,-0.952121822719080,0.038605079995308,-0.036673250417108
1740,1666286220.561676025,31.873141331087066,107.238392848377359,-1.565714485081450,-0.280365839988978,-0.958114323285114,0.039319102220390,-0.043196614262765
1741,1666286220.660606384,31.825341956343298,107.311263895502847,-1.565273543011137,-0.227527391996813,-0.971849132928353,0.043307124845577,-0.043186128040695
1742,1666286220.759612322,31.778465310489953,107.376421580103198,-1.574629567019564,-0.161478610205588,-0.985078106774905,0.042111554102798,-0.042099869475906
1743,1666286220.858999252,31.734232016002597,107.434140920188227,-1.574251976204792,-0.088093150275891,-0.994777520459570,0.029440335238838,-0.042314871189747
1744,1666286220.959478855,31.698158809366532,107.488627818208869,-1.553705524904499,-0.036579535600875,-0.998297800846559,0.012317929914086,-0.043723071744566
1745,1666286221.060375452,31.676122403966335,107.543735404806995,-1.540680385189032,-0.005044882526928,-0.999030958965617,0.001482028515629,-0.043697777746784
1746,1666286221.161158800,31.663754740885452,107.602217340766174,-1.543369520202234,0.024717753165043,-0.998665963255687,0.002270338344364,-0.045278825921893
1747,1666286221.261361837,31.657389915126128,107.660554274423873,-1.548657323641399,0.054856345853582,-0.997139197259230,0.007437991222745,-0.051467260422340
1748,1666286221.361385822,31.658899104879602,107.715037132251027,-1.559264328332592,0.081356825157858,-0.994610979983399,0.011031994392933,-0.063311615019758
1749,1666286221.461349487,31.670897690075758,107.765578323263625,-1.576968507345278,0.104683091024235,-0.991631740774608,0.011915969448254,-0.074605300173923
1750,1666286221.560968876,31.693088959013362,107.813375991478694,-1.578764664898967,0.119652923385894,-0.989864684187521,0.012491433857492,-0.075465548455780
1751,1666286221.660897493,31.718582583749296,107.860657372839739,-1.555313770953340,0.140986202339207,-0.987549641370672,0.012507467121052,-0.068645173499976
1752,1666286221.760992289,31.745933246428525,107.911366292498954,-1.538773765987797,0.147026870472316,-0.987455044983515,0.011067874770300,-0.056507837012134
1753,1666286221.861124039,31.771169624411662,107.967056933897965,-1.539041400641823,0.152416264150205,-0.987333609337300,0.002058648368091,-0.044015772881678
1754,1666286221.961008549,31.789135801282548,108.026974012643876,-1.546879016595874,0.167849570969288,-0.984991438173072,-0.011563286709965,-0.038531528021001
1755,1666286222.060865402,31.793915799173071,108.088781509237933,-1.551718042732416,0.183592232496075,-0.981505008981112,-0.026702955110877,-0.047209762766204
1756,1666286222.161050797,31.788862217814664,108.151645078550160,-1.552348979594794,0.199981451023627,-0.977015633526290,-0.035818197855455,-0.064536251782191
1757,1666286222.260870218,31.784418755844491,108.215247744313871,-1.548698851377709,0.209005052071678,-0.973815914472387,-0.031436973268420,-0.083732727416136
1758,1666286222.361209869,31.795711345209934,108.282097281481484,-1.552620916685205,0.213616324721859,-0.972089592888266,-0.023110705858547,-0.094211381931113
1759,1666286222.461649179,31.829448847005786,108.350480821625581,-1.556635118151370,0.213348448963472,-0.972497957921107,-0.019022799389923,-0.091478381421671
1760,1666286222.561328888,31.880440283915860,108.417746934726992,-1.562095196367366,0.218007123714291,-0.972303650229607,-0.014625583159387,-0.082973478155679
1761,1666286222.661830425,31.934891685498592,108.483587620918200,-1.559189542533600,0.224270649828077,-0.971566929216478,-0.010457698529836,-0.075173228080310
1762,1666286222.761374950,31.984126722964970,108.545630288711010,-1.545392400107343,0.238905237015029,-0.968807123254308,-0.000691113174169,-0.065852623494330
1763,1666286222.861064434,32.026589183881967,108.604367907439610,-1.536813733541096,0.243970079235135,-0.968106541509421,0.007057143394546,-0.056555472341577
1764,1666286222.961254120,32.058031734268397,108.660251509331800,-1.531490246035895,0.239353386000897,-0.969569970600170,0.005075587641946,-0.051169005563718
1765,1666286223.061560631,32.081430572064150,108.717911055382046,-1.525734757842074,0.224171218072044,-0.973232132250901,0.000474272275705,-0.050658235344995
1766,1666286223.161291122,32.103529494766953,108.782150006452412,-1.524375230379160,0.216333042824282,-0.975021086878772,-0.005857950929594,-0.049995791173183
1767,1666286223.260859251,32.126401094263599,108.852100107779236,-1.531125837696127,0.213665995410127,-0.975539522057862,-0.013966820586316,-0.049743454154567
1768,1666286223.360151768,32.145017301823067,108.922695387175494,-1.542404877380695,0.211204859004989,-0.975620549927527,-0.025725844749727,-0.053807350833372
1769,1666286223.459605694,32.156200530983597,108.989133031837682,-1.546867598937257,0.218008091886345,-0.973652467916104,-0.022981444246618,-0.062810801724669
1770,1666286223.559458733,32.160701882902394,109.048551626384580,-1.543391012970072,0.220222836455784,-0.972270455594284,-0.019455680771228,-0.076246573480919
1771,1666286223.659340143,32.168729726453272,109.101088205279822,-1.547989835251510,0.221001144157973,-0.971366828974055,-0.012070530797174,-0.086367124162094
1772,1666286223.759584904,32.184857682152213,109.147073621434430,-1.547578527168954,0.219207697201613,-0.971274332436077,-0.006037391652506,-0.092399710716283
1773,1666286223.859623432,32.212880467640488,109.188816325063883,-1.548970019428679,0.219463530213172,-0.971317661321845,-0.003870939392501,-0.091448212332737
1774,1666286223.959822655,32.250266076118550,109.227817418228213,-1.556693637813371,0.218627816291351,-0.971678757460758,-0.001796989852593,-0.089660699699827
1775,1666286224.060297012,32.288197168906521,109.264078532506488,-1.557516026459689,0.213546041206361,-0.972858086053574,-0.004286563442679,-0.089032904361923
1776,1666286224.160149574,32.320545578442072,109.299291556818204,-1.547905790868937,0.215053559785043,-0.972857071503723,-0.002551726231337,-0.085408275607348
1777,1666286224.259907007,32.347253905924596,109.335561367995339,-1.533895893873331,0.214986613795979,-0.973574185392026,0.004103841778227,-0.076923467871973
1778,1666286224.359428883,32.371477176551380,109.370818023730521,-1.520961619116696,0.220419935004369,-0.973110413424330,0.013415715478035,-0.065507206596011
1779,1666286224.459915876,32.394399918905428,109.403138770476559,-1.513944088432144,0.228892550504512,-0.971855576249751,0.022271230359001,-0.051077700947675
1780,1666286224.559837818,32.412639623955599,109.430657137543321,-1.510548427431157,0.231752910644557,-0.971859176069090,0.019732080512240,-0.037295781219116
1781,1666286224.660777807,32.422021211011632,109.451461056014395,-1.504165521540195,0.221988376367199,-0.974486541464120,0.013686617830896,-0.030163185433630
1782,1666286224.761260748,32.422792908255126,109.468031086373927,-1.504705618871031,0.201048350964395,-0.979217184060573,0.001413353016860,-0.026669635322393
1783,1666286224.861210346,32.414515225807271,109.480137808248344,-1.506178111815898,0.198127918125994,-0.979660248054356,-0.005229292737899,-0.031365282377163
1784,1666286224.961088419,32.399736600132364,109.486009177233768,-1.509253982363546,0.196923835611539,-0.979512830564584,-0.008378825236696,-0.041296646535154
1785,1666286225.060867786,32.383454738114985,109.484878969216183,-1.512341353979469,0.198804770743786,-0.978604157251420,-0.008468205529306,-0.052334081007141
1786,1666286225.159633398,32.371698427125885,109.481808086321962,-1.512806971026938,0.197327866094740,-0.978362099341456,-0.010817353293584,-0.061256025845605
1787,1666286225.259473085,32.367626933197236,109.479020969165745,-1.513355367608409,0.198153246579568,-0.977964232232311,-0.011036730557307,-0.064803101182348
1788,1666286225.359545946,32.372739992423824,109.477616198846107,-1.511352778023611,0.198258898996584,-0.978053957640998,-0.014053803726702,-0.062500844092334
1789,1666286225.459899902,32.384546411425340,109.478581663248278,-1.507775677093175,0.197717508047219,-0.978630888985269,-0.013771392876523,-0.054769689370501
1790,1666286225.560096979,32.396337663473943,109.481365381575017,-1.505435339906384,0.198728101620125,-0.978849725068542,-0.014199218860010,-0.046462237822409
1791,1666286225.660620451,32.403586990666966,109.483874403866423,-1.505503992715082,0.197937728906927,-0.979201762958871,-0.013115640896716,-0.042573969245007
1792,1666286225.760785341,32.404800866790033,109.486044173968509,-1.506808358539688,0.195103704427630,-0.979742234585143,-0.015057201980527,-0.042579090610813
1793,1666286225.861024141,32.402575865721687,109.488587698471989,-1.507228397855437,0.192435942432649,-0.980108847688912,-0.012831846627707,-0.046801692855016
1794,1666286225.960687876,32.403598994667384,109.493220252359478,-1.505184867943613,0.194294231853456,-0.979677880662897,-0.011162127489535,-0.048542852390837
1795,1666286226.060199499,32.411949365817122,109.500555938658309,-1.502643813103122,0.197648378448864,-0.979211400341132,-0.005953287346188,-0.045218473086416
1796,1666286226.160488844,32.423040645450584,109.508179312066744,-1.501238224509618,0.199385838718815,-0.979037785843611,-0.001247267385551,-0.041578185781780
1797,1666286226.260395765,32.430792917370155,109.514115867331711,-1.501224155161780,0.197962147293744,-0.979424521162540,-0.001555121333587,-0.039194096264832
1798,1666286226.360407591,32.433474894112535,109.518731917229999,-1.501658152481961,0.194064890820920,-0.980122405336908,-0.003298104981111,-0.041085413601324
1799,1666286226.460258961,32.434276251608317,109.524325773467098,-1.501960720523390,0.191002167181630,-0.980574731448937,-0.004970835517371,-0.044347028874831
1800,1666286226.560036182,32.437622185893197,109.532307439661309,-1.501257328334773,0.189681181807651,-0.980774626549980,-0.004352914830657,-0.045642450813652
1801,1666286226.659681082,32.445205214394939,109.542682845358115,-1.499265025995493,0.188314258191440,-0.981184360829734,-0.002993313192982,-0.042497415228264
1802,1666286226.759565115,32.452885475112986,109.553923208286605,-1.497769922112610,0.189186429608073,-0.981177125659311,0.000985833107351,-0.038716547730480
1803,1666286226.859719038,32.455694690463432,109.564267232284450,-1.497843668958491,0.190598168079428,-0.980989875514718,0.003467411509180,-0.036320511007004
1804,1666286226.959663868,32.452913253244503,109.572618990637650,-1.499212113296127,0.192863482182346,-0.980475109766682,0.005887410206719,-0.037915363239348
1805,1666286227.059639215,32.446963461033405,109.578637134305865,-1.501953530042149,0.195985668696933,-0.979668853193313,0.009028323831651,-0.041917122004083
1806,1666286227.159755468,32.440394246398910,109.581589088473251,-1.505362396062895,0.197734500663839,-0.979157605168713,0.008694257937182,-0.045561621639438
1807,1666286227.259856939,32.434610544787127,109.581066520115343,-1.507790408825900,0.196731288673457,-0.979162400909932,0.006856131291034,-0.049907776597418
1808,1666286227.359721184,32.430851267379275,109.578339081468627,-1.509075162845113,0.196644396673031,-0.978997718018394,0.006203607411501,-0.053441225911846
1809,1666286227.459574223,32.429143442751233,109.574650177949351,-1.509764956789112,0.197420104563232,-0.978758450762110,0.004199174987529,-0.055132243790914
1810,1666286227.559630632,32.429075948142774,109.571282344444668,-1.509478066588356,0.196347976975156,-0.978959281662845,0.001627346455763,-0.055529708512142
1811,1666286227.659956455,32.431059696986615,109.569542960097294,-1.508754371306458,0.193204053484185,-0.979654794294784,0.000452109303183,-0.054299846497957
1812,1666286227.760071516,32.433423820603885,109.569727001252744,-1.508043769411670,0.189841023109048,-0.980425363201891,-0.000936743601389,-0.052207429038173
1813,1666286227.860275269,32.434637158523849,109.570074562198485,-1.506791121558053,0.188224631081868,-0.980831919307169,-0.000391687659851,-0.050399215302286
1814,1666286227.960357428,32.437007502555169,109.569542522138519,-1.504173754230000,0.188439347491299,-0.980835726458916,0.000608489883232,-0.049512824186529
1815,1666286228.060028076,32.442665370436984,109.568149090236602,-1.501406732096454,0.186917652916623,-0.981331911373411,0.003915268332172,-0.045101456985729
1816,1666286228.160141230,32.448792012444436,109.565956174328491,-1.499020358696675,0.185080853579574,-0.981855270700304,0.002882625105738,-0.041194605336009
1817,1666286228.260349512,32.452987141844766,109.562752175168399,-1.498247607167442,0.183415448749454,-0.982304453594811,0.002318072280686,-0.037833320614734
1818,1666286228.360674143,32.454362376093876,109.558099264950897,-1.499034215361479,0.182227293603364,-0.982537786164607,0.000939538136746,-0.037574319592458
1819,1666286228.460694551,32.453064606366851,109.553162577471937,-1.500172719615741,0.180641230850542,-0.982787642937962,-0.002074614496205,-0.038637942232186
1820,1666286228.560350180,32.450304494521284,109.549381904429069,-1.501407851808389,0.180412055750414,-0.982761271056457,-0.002158332916114,-0.040337524098896
1821,1666286228.659908533,32.447144854721500,109.546979988088154,-1.502733369995126,0.181416213989853,-0.982461569712237,-0.002392693398532,-0.043031341583275
1822,1666286228.759638786,32.444917337060382,109.545495186367148,-1.503710882244462,0.182113846733090,-0.982306965543147,-0.003632543652988,-0.043524440261770
1823,1666286228.859627485,32.444779220726595,109.545180072329103,-1.504622376745235,0.181569934140398,-0.982396821186898,-0.001216006078870,-0.043901777496417
1824,1666286228.959519863,32.445755744565972,109.545829453779419,-1.504922351676468,0.181471620835358,-0.982465772935108,-0.001873941485332,-0.042726387463935
1825,1666286229.059797287,32.447014764247150,109.547048673553348,-1.505010351188128,0.182293231947608,-0.982336340144571,-0.001880645244967,-0.042201369538527
1826,1666286229.159765720,32.448214342659135,109.547626909276119,-1.504618124831093,0.182621385545898,-0.982256620283364,-0.002240497786509,-0.042618559577582
1827,1666286229.260498524,32.450208112320446,109.548014631552419,-1.503931913572003,0.182403803241446,-0.982311779798418,-0.001597562052091,-0.042306827200934
1828,1666286229.360085726,32.453168088621112,109.549109392450916,-1.502958545904846,0.183307475894976,-0.982180617631642,-0.001824142995203,-0.041427963165872
1829,1666286229.460207701,32.456582736227730,109.550435718265959,-1.502104567905385,0.184134488396152,-0.982067487947872,-0.001471702359706,-0.040444695461924
1830,1666286229.561056852,32.459174704873611,109.551363704677385,-1.501732486494097,0.184591911969006,-0.982017732027804,-0.001173120076785,-0.039567964414163
1831,1666286229.659873962,32.460250915472912,109.551561023865048,-1.501772959628824,0.185339596580435,-0.981906673399364,0.001052371023889,-0.038825393602966
1832,1666286229.759824038,32.461116543533279,109.551174363736834,-1.501596180029079,0.186385526663663,-0.981707710858038,0.000550169117496,-0.038860046398870
1833,1666286229.859638453,32.462526887030997,109.551188286215620,-1.500934601211752,0.187106576975587,-0.981640978305157,-0.000130204708975,-0.037041889953216
1834,1666286229.959685326,32.463571899410404,109.552540119841112,-1.500411411600312,0.187277379227652,-0.981620152974391,0.001205708334828,-0.036709736740630
1835,1666286230.059437752,32.463235479047995,109.554425512970809,-1.500095928015637,0.187334746427974,-0.981616061301301,0.002305420889822,-0.036473086113028
1836,1666286230.159741402,32.462762872486266,109.556938206076396,-1.499510349331751,0.187194452468834,-0.981664098364600,0.003584493752583,-0.035790869665997
1837,1666286230.260031700,32.462693315844504,109.560376187157573,-1.498980344479819,0.187226480013725,-0.981650023144772,0.003432551321079,-0.036023531655945
1838,1666286230.360101938,32.461966109604930,109.563328532636675,-1.498543211404806,0.188353531975819,-0.981417059497441,0.005108923274045,-0.036296022132060
1839,1666286230.459961176,32.460090541278419,109.564303712334819,-1.498519907696055,0.186737717304679,-0.981701733033650,0.004809181583216,-0.036981131230202
1840,1666286230.560222864,32.458181350143057,109.562948774559601,-1.499278362973206,0.184475460556871,-0.982107584042587,0.001941595217517,-0.037811744556088
1841,1666286230.660427809,32.456949415301501,109.560073485444079,-1.500305747153907,0.182770274548499,-0.982442629833323,0.000216726655659,-0.037436063591246
1842,1666286230.760105610,32.457169774584344,109.556658818267763,-1.502463522027461,0.181109517595764,-0.982756339250871,-0.001072792892148,-0.037258145604232
1843,1666286230.860196590,32.458718990353681,109.554008206328319,-1.507498257226492,0.180146065752488,-0.982972274919033,-0.003195078880363,-0.036092841469596
