1625135721.076483 6.510104263 -56.45827264 1.056539839 0.001824973382 0.00411324494 0.5404718212 0.8413500824
1625135721.176516 6.512724289 -56.45129346 1.044245315 0.0007157909519 0.004888860644 0.5371415709 0.8434776342
1625135721.276479 6.514925833 -56.44358555 1.03313416 -2.982598996e-05 0.004784904851 0.5371557504 0.8434695037
1625135721.376494 6.517019239 -56.43691348 1.02225304 0.001189172053 0.004142421725 0.5383212612 0.8427286906
1625135721.476635 6.518730709 -56.43226513 1.011982239 0.004462565528 0.002105464177 0.5378294763 0.8430392084
1625135721.576675 6.520552008 -56.42885632 1.002692799 0.008093775579 -0.0003782829951 0.5406218672000001 0.8412266903
1625135721.676891 6.523568627 -56.42463164 0.993394604 0.01076924047 -0.001015576289 0.5407127964 0.8411377199
1625135721.777116 6.528170464 -56.41881676 0.9844185090999999 0.0123021807 0.0003417926387 0.539815798 0.8416932005
1625135721.877345 6.53400388 -56.41240683 0.9761195758 0.01224043644 0.003077279095 0.5378224334 0.8429636601
1625135721.977415 6.540818143 -56.40683931 0.9676440697000001 0.01201116164 0.004401623233 0.5367513252 0.8436435104
1625135722.077425 6.548826877 -56.40128843 0.9605005422 0.01037472024 0.005080935785 0.5369418707 0.8435401453
1625135722.177465 6.558698772 -56.39545425 0.9544303441 0.008114029892 0.004849339539 0.5351929068 0.8446769790999999
1625135722.376856 6.595491229 -56.3757427 0.9315913889 0.008380196855000001 0.01137320858 0.5522145624 0.8335823292
1625135722.47677 6.622017199 -56.35077824 0.9203866496000001 0.004541007617 0.02281718705 0.5615687522 0.8271029511
1625135722.577018 6.647388716 -56.31044669 0.913952081 -0.003942409753 0.03025249103 0.5657706896 0.8239980406
1625135722.677416 6.671804259 -56.25981495 0.9040851021 -0.007200769935 0.031841917 0.5632489963 0.8256420589
1625135722.777281 6.699868509 -56.19982344 0.8891141754 -0.0004755560824 0.0317991721 0.5730644859 0.8188929609
1625135722.877667 6.729455299 -56.12402555 0.876719556 0.005538747559 0.03065196343 0.5706507763000001 0.8206018955
1625135722.9779 6.758151284 -56.03564558 0.8755803349 0.007734676245 0.02676675655 0.5655119027 0.8242693755
1625135723.078073 6.788681327 -55.93937893 0.8909714525 0.01242329296 0.02453653269 0.5628106181 0.8261282155
1625135723.178119 6.823742132 -55.83600539 0.9103141345 0.0130287587 0.02112367869 0.5544751414 0.8318301264
1625135723.277678 6.870393797 -55.72181777 0.9198760638 0.009088400494000001 0.02671418194 0.5628721139 0.826062187
1625135723.476944 6.990034706 -55.47492351 0.8945073118 0.01162730679 0.02860939274 0.5734705086 0.81864393
1625135723.576492 7.055556469 -55.34447229 0.8926625733 0.0125881964 0.02743512287 0.5873782796 0.8087494099
1625135723.675745 7.116798411 -55.21203535 0.9097872677 0.01791469244 0.02844512503 0.616207068 0.7868664359
1625135723.77612 7.16711393 -55.07334293 0.926794669 0.01743677671 0.03666328743 0.6236425004 0.7806547213
1625135723.876009 7.207848703 -54.9291754 0.9184894415 0.01624456224 0.03418707669 0.6443737653 0.7637734014000001
1625135723.976608 7.243832535 -54.77385851 0.8912365987999999 0.01544393271 0.03207027469 0.6513238092 0.7579645625
1625135724.077259 7.275343679 -54.61406527 0.8687058913 0.01350061113 0.02882743095 0.6539426651 0.755874132
1625135724.177822 7.307472476 -54.45463193 0.8693165657 0.01200176009 0.02623676982 0.65527852 0.7548361749
1625135724.278008 7.34588133 -54.29805635 0.8872122106 0.00400685072 0.03391821178 0.6583710411 0.7519182617
1625135724.37792 7.388291451 -54.14435705 0.8979182186 0.0001960871233 0.03715664637 0.6665730611 0.7445130619
1625135724.577198 7.476632181 -53.83115986 0.8508531034 0.001948621076 0.03250155613 0.6853602733 0.7274758742
1625135724.6768 7.514094695 -53.67304073 0.8404982382 0.003410562113 0.02740755479 0.6973848532 0.7161644787
1625135724.775765 7.542472536 -53.50892714 0.8584689433 0.002705598057 0.03688458252 0.7305935963 0.6818102407
1625135724.876064 7.557010718 -53.33716158 0.8770917029 -0.009455613088 0.04556373684 0.7397478924000001 0.6712731136
1625135724.976377 7.560650206 -53.16848592 0.8676024733 -0.02079132598 0.03341020413 0.7487522054 0.6616809004
1625135725.077042 7.561710155 -53.00128505 0.8478896306 -0.02114197967 0.01932020594 0.7491517438 0.6617789745
1625135725.177483 7.561174986 -52.83090693 0.8458606465 -0.02263958603 0.01294299048 0.7490866602 0.6619585362
1625135725.277535 7.561419179 -52.66169895 0.8609530714 -0.02828750238 0.01219437924 0.7520220842999999 0.6584177239
1625135725.377303 7.566432818 -52.49520087 0.8779453386 -0.03637248217 0.02167363985 0.7608706240000001 0.6475208023
1625135725.477189 7.576537478 -52.33767223 0.871332711 -0.02749949921 0.02417207727 0.765259184 0.6426802234
1625135725.676317 7.582511966 -52.02781889 0.8319553149 -0.01267296785 0.01385249653 0.7953072381 0.6059157543
1625135725.775791 7.575297183 -51.87010131 0.8502722412 -0.0106096258 0.02214060739 0.8147489516 0.5792938592
1625135725.875901 7.557302941 -51.71171912 0.8765275456 -0.0137773009 0.02909628732 0.8300344603000001 0.5567821717
1625135725.976799 7.525846829 -51.55538085 0.8722584221 -0.02027953285 0.01955123597 0.8306614709 0.5560647539
1625135726.077065 7.488043282 -51.3977685 0.8456461389 -0.01927369913 0.01162116649 0.8366381550999999 0.5472934044
1625135726.177354 7.445546055 -51.23578817 0.8318227513999999 -0.01642091295 0.01053225009 0.8420725471 0.5390113642
1625135726.277959 7.404647605 -51.07875538 0.8379741811 -0.01120215467 0.006408331371 0.8351398689 0.5498862104
1625135726.377523 7.370640287 -50.92580722 0.855208532 -0.01582268621 0.01049824182 0.8422493701 0.5387535876
1625135726.477497 7.340183843 -50.77691464 0.8596428635 -0.008720480847999999 0.01099026454 0.8424123211 0.5386507668
1625135726.577172 7.304401497 -50.62589554 0.8429172537 -0.0007648533584 0.006835108861 0.8431345576 0.5376586409
1625135726.775396 7.206159446 -50.31604785 0.8234707775 0.003922591426 -0.007947183557 0.8754900527 0.4831548646
1625135726.875227 7.14351377 -50.15989711 0.8400692664 -0.002394169143 0.003604413232 0.888946969 0.457989697
1625135726.975594 7.072815756 -49.99789973 0.848648847 -0.01277668788 0.01466438377 0.8939833036 0.4476779701
1625135727.075532 6.996645525 -49.83553789 0.8243458586 -0.01903106222 0.01714195151 0.9070575992 0.4202267054
1625135727.176003 6.91115378 -49.67461705 0.7928943308 -0.02647223597 0.02141949925 0.9150819217 0.4018277023
1625135727.276776 6.820771575 -49.51551703 0.7823981689 -0.03414972215 0.02599523781 0.9173383364 0.3957883533
1625135727.377374 6.734903161 -49.35960612 0.7970288456 -0.05040270381 0.03258560992 0.9199252060999999 0.387473045
1625135727.478139 6.660285026 -49.21057541 0.8065037083 -0.05197965417 0.03222552176 0.9157759497 0.3970063492
1625135727.577794 6.591804097 -49.0644769 0.7948870039 -0.04337577636 0.02863271953 0.9211182523 0.3857977122
1625135727.677418 6.519036772 -48.91810106 0.7783660957 -0.03726564674 0.02398450434 0.9276545919 0.3708004494
1625135727.777284 6.444558283 -48.78167167 0.7768595538 -0.0302735537 0.01186908399 0.928126928 0.3708409933
1625135727.976754 6.269094186 -48.50650956 0.8133425187 -0.04464594566 0.01568455428 0.9339258110999999 0.3543209189
1625135728.076536 6.170773515 -48.3716004 0.8042244978 -0.04633263405 0.00704106373 0.937366313 0.3451783679
1625135728.176562 6.073306575 -48.23915082 0.7905710189 -0.03851334743 0.002426128288 0.9378328456 0.3449353413
1625135728.27671 5.978022408 -48.11285492 0.797959636 -0.03212723984 -0.00253904586 0.9381175499 0.3448142345
1625135728.376906 5.885977844 -47.98353208 0.8185739461 -0.03308932836 -0.00241225863 0.9354145215 0.3519928272
1625135728.476925 5.791836391 -47.84165486 0.8357620026 -0.04840939742 0.007282491657 0.9348137684 0.3517480831
1625135728.576837 5.704650537 -47.69773611 0.8266305372 -0.04917938894 0.01565461062 0.9337722367 0.3541267157
1625135728.676164 5.624684073 -47.55852971 0.8059957126 -0.03671428494 0.01801745634 0.9421576923 0.3326654707
1625135728.776206 5.54504328 -47.42882124 0.8029257652 -0.02357118095 0.01163812304 0.9428616909 0.3321457292
1625135728.875607 5.460010651 -47.30336345 0.8260830237 -0.01887547101 0.01473681029 0.9515317144 0.3066169262
1625135729.07625 5.260229053 -47.0626919 0.8411549742 -0.0273462801 0.01091534298 0.9528719352 0.3019405758
1625135729.17675 5.152694085 -46.94267889 0.8143014277 -0.02113004378 0.00693865968 0.9518274743 0.3058264792
1625135729.276769 5.045639761 -46.82257865 0.8002483292 -0.01407862757 0.008325980412 0.9540292671 0.2992668171
1625135729.377145 4.942747796 -46.70309389 0.8104722985 -0.009395945718999999 0.01064842509 0.953448875 0.3012201356
1625135729.477558 4.844709845 -46.58569033 0.8292157 -0.01929847932 0.009950202508 0.9500675244 0.3112880678
1625135729.5776 4.752779933 -46.46857354 0.8330323883 -0.02022739301 0.007597197737 0.948738918 0.3153214243
1625135729.677245 4.666519627 -46.35196061 0.8178879755 -0.008994737750999999 0.004024101696 0.9496777352 0.3130736344
1625135729.776831 4.580277298 -46.23418501 0.8105193144 0.0007293080673 0.001657955353 0.9527143294 0.3038620178
1625135729.876079 4.49242996 -46.11974737 0.8260652421 0.009831353599 -0.006518900136 0.9576396189 0.2877276642
1625135730.076004 4.28313794 -45.87960937 0.8593724161 -0.01276383558 0.006554240475 0.9620380119 0.2725380525
1625135730.176136 4.16857002 -45.75726836 0.8378277709 -0.02018977365 0.006816380077 0.9637262438999999 0.2660406675
1625135730.27659 4.056531445 -45.63918524 0.8114119317 -0.01895370235 0.005280629515 0.9610274677 0.2757518421
1625135730.37626 3.950310855 -45.5247705 0.806576703 -0.01437499699 0.007893900353 0.9645578335 0.2633614086
1625135730.476852 3.843745496 -45.4111716 0.8281059200000001 -0.0259934898 0.01282245818 0.961442612 0.2734739967
1625135730.576855 3.744285472 -45.29920986 0.8444405502 -0.03331602892 0.0170462232 0.9598089979 0.2781477235
1625135730.676454 3.650924965 -45.18970061 0.8389121063 -0.0284023457 0.01916158746 0.9627166103 0.2683335027
1625135730.776099 3.558698105 -45.08386779 0.824881163 -0.01823676471 0.01793423512 0.9657373482 0.2582579291
1625135730.875647 3.466019921 -44.98337501 0.8225844132 -0.008248284723 0.01254521246 0.9700771731 0.2423321311
1625135730.975504 3.367556727 -44.88242052 0.838224953 -0.006244610881 0.01956163368 0.974291024 0.2243554053
1625135731.075628 3.260239536 -44.78612744 0.8553557573 -0.01559131595 0.02755228786 0.9760151032 0.2153887196
1625135731.27675 3.039678845 -44.61954971 0.8363816934 -0.01345375957 0.0176217691 0.9748183466 0.2218956075
1625135731.376828 2.932479729 -44.54635091 0.8312745497 -0.003442429212 0.01315755702 0.9752282789 0.2207823192
1625135731.476895 2.826691139 -44.47108027 0.847040296 0.002888842282 0.01671476606 0.9751580203 0.2208599252
1625135731.57685 2.722542866 -44.39155144 0.867792081 -0.005440165186 0.01751147673 0.974855043 0.2220842136
1625135731.676874 2.622895989 -44.31024497 0.8758572279 -0.01312063399 0.01696947749 0.9730511916 0.2295893385
1625135731.776315 2.53104525 -44.22830381 0.8670582654 -0.01132422683 0.01557084339 0.9745775928 0.2232214739
1625135731.876199 2.445404602 -44.14747933 0.8565620041000001 -0.007178948011 0.01252013346 0.9742906052 0.2248322164
1625135731.975675 2.368936459 -44.0712222 0.8584462138 -0.0006625768545 0.006040060188 0.9756885251 0.2190775677
1625135732.075456 2.291836957 -43.99285069 0.8752664574 -0.005560901572 0.01244180124 0.9770500472 0.2125734773
1625135732.175304 2.213270713 -43.91643861 0.8868884264 -0.01082652198 0.01495433532 0.9782548022999999 0.2065833878
1625135732.375851 2.04644768 -43.76821447 0.8741999022 -0.01935547435 0.02003266658 0.9767629473 0.2125045943
1625135732.476313 1.968073546 -43.70359633 0.8676843692 -0.01803545799 0.02142268722 0.9743664196 0.2232170942
1625135732.576673 1.891348886 -43.64301593 0.8722550923 -0.0272173451 0.02439640251 0.9706229168 0.2378133407
1625135732.676581 1.821936619 -43.5853089 0.8787804995 -0.04076577357 0.02599946295 0.9683411085 0.2449034038
1625135732.776254 1.761044944 -43.52874505 0.8814365063 -0.04859779835 0.02913061237 0.9671832169 0.2476818249
1625135732.875684 1.709808111 -43.4766783 0.8787339485 -0.05035378395 0.03055475207 0.9684584465 0.2421139008
1625135732.97523 1.66841737 -43.43387189 0.8744824450000001 -0.0496418186 0.02804290492 0.9704011517 0.2346718777
1625135733.074652 1.641142878 -43.40324797 0.8702242861 -0.03864506991 0.01963721695 0.974985208 0.2180017948
1625135733.174685 1.617306012 -43.37486215 0.8712558686 -0.03253983428 0.02139743795 0.9776084301 0.206797162
1625135733.274979 1.594849048 -43.35064708 0.8748735077999999 -0.03297534017 0.0244613383 0.9786492895 0.2013947317
1625135733.375897 1.573423496 -43.33531281 0.8769828153 -0.03539969237 0.01983202517 0.9764946239 0.2116879828
1625135733.576816 1.552220397 -43.31422542 0.8730447214 -0.03975998522 0.01745114965 0.9692728664 0.2421254042
1625135733.677258 1.555071399 -43.30267617 0.8746100454 -0.03914944367 0.02110801218 0.9623187988 0.2682616303
1625135733.777027 1.571730082 -43.28996239 0.8768466727999999 -0.03133319571 0.02667243416 0.9571408832 0.2866847429
1625135733.876569 1.59219051 -43.27640643 0.8821401683 -0.02041336001 0.03328973194 0.9539052749 0.2975564064
1625135733.976288 1.606168529 -43.26362802 0.8878896946 -0.01838572294 0.0382611949 0.9485045261 0.3139063717
1625135734.076128 1.617386014 -43.25153246 0.8904047991 -0.01769988488 0.04326281091 0.9428234974 0.3299983274
1625135734.176173 1.630243404 -43.2406628 0.8905790347 -0.01532773952 0.0486645987 0.9329962981 0.3562509297
1625135734.276116 1.642860392 -43.23289106 0.8913464921000001 -0.01234943487 0.0501163925 0.9243546308 0.3780269239
1625135734.376545 1.653721645 -43.2270804 0.8908369166 -0.01203809519 0.04703238614 0.9083366808 0.4154124616
1625135734.476762 1.666902796 -43.21692568 0.8874457722 -0.01485994845 0.04298161325 0.8898834276000001 0.4539154636
1625135734.576939 1.686301979 -43.1966042 0.8825386894 -0.02106342454 0.04390497439 0.8688983095 0.4925894975
1625135734.776521 1.756918472 -43.13791773 0.8676979525 -0.02744688317 0.05394153629 0.8265782261 0.5595582323
1625135734.876103 1.808603358 -43.10565521 0.8607852739 -0.02293800287 0.05901416246 0.8055813105 0.589092462
1625135734.975425 1.866171753 -43.07163546 0.853804259 -0.01747498902 0.06012701585 0.79200218 0.6072988668
1625135735.074852 1.924536406 -43.03341717 0.8496553158 -0.01631813813 0.05978214932 0.7812112354 0.6211834018
1625135735.174548 1.977964266 -42.99071418 0.8489985333 -0.02113646851 0.05494896201 0.7717089692 0.6332449194999999
1625135735.274425 2.026454804 -42.94154044 0.8482382487 -0.02902250631 0.05304518333 0.7636846653 0.6427516119
1625135735.374845 2.07244822 -42.88720026 0.8440453891 -0.03549775978 0.05792377324 0.7499925892 0.6579482211
1625135735.475374 2.117715661 -42.83152461 0.8400992872 -0.0392354708 0.06266112256 0.7335306464 0.6756233806
1625135735.5758 2.164850488 -42.77264496 0.8350900203 -0.03804664898 0.06797729692 0.7192011093 0.6904211063
1625135735.676068 2.21160926 -42.70433391 0.8292453058 -0.03711147649 0.07288681708 0.705752397 0.7037213968
1625135735.776204 2.255744307 -42.62795283 0.8233144564 -0.03484627538 0.073120846 0.6948847848 0.7145447605
1625135735.876408 2.296877637 -42.54857633 0.8218008731000001 -0.03017205802 0.06621684108000001 0.6814042776 0.7282809810999999
1625135735.976413 2.336920429 -42.46681113 0.829745647 -0.02475831519 0.0561211687 0.6700435334 0.7397831463
1625135736.175868 2.428235039 -42.28995562 0.8432273362 -0.01783527027 0.04839114328 0.6650106723 0.7450510091
1625135736.275748 2.484951209 -42.19259045 0.8290691123 -0.01103979871 0.04507351739 0.6581102461 0.7514901228999999
1625135736.375046 2.545197622 -42.08360888 0.8062183178 -0.0106115925 0.0427214165 0.6696073345 0.7414096656
1625135736.475114 2.601428027 -41.96074972 0.7922955921 -0.02017699798 0.04232651172 0.6682781925 0.7424322276
1625135736.574655 2.655025198 -41.82965653 0.7940770038 -0.02679393906 0.05080291783 0.6799998925 0.7309591607
1625135736.674318 2.702665189 -41.69829799 0.8021207116 -0.03169815559 0.05890321576 0.7004886947 0.7105217989
1625135736.775643 2.741946642 -41.56900778 0.7991316243 -0.03560815826 0.05589401252 0.6858304358 0.7247375606000001
1625135736.875635 2.782744561 -41.44529145 0.7817769358 -0.02322173689 0.04806888946 0.6902247335 0.7216231357
1625135736.975568 2.826064014 -41.3192586 0.7719024237 -0.008351335122 0.04111599654 0.7051089455 0.7078566981
1625135737.076789 2.868623923 -41.18699773 0.7830270354 -0.002257732562 0.04080488873 0.6847470763 0.7276340462000001
1625135737.17723 2.913023028 -41.05322141 0.8056743993 -0.009927955105 0.04119399671 0.6706642585 0.7405497571
1625135737.376903 3.023141865 -40.78596304 0.7937599413 -0.008402705240999999 0.03392666965 0.6497167637 0.7593724399
1625135737.47576 3.086826085 -40.64752776 0.7779545336 -0.003046243091 0.0351776832 0.6634801513 0.7473602477
1625135737.575449 3.146995961 -40.50965825 0.7775830368 0.0005620304681 0.02865650733 0.6592417455 0.7513845951
1625135737.674957 3.207141765 -40.3673695 0.7948845433 0.0009418505315 0.03353750117 0.6643831526 0.7466387182000001
1625135737.774822 3.264496212 -40.22348011 0.8046746017999999 -0.00492914178 0.03696676731 0.6650132277 0.7458998382000001
1625135737.874788 3.32126223 -40.08157224 0.7891272861 -0.004243904145 0.0305657104 0.6666768248 0.7447078205
1625135737.975018 3.382027245 -39.94140082 0.7660070861 0.007370813252 0.02437428314 0.6654012568 0.7460514277
1625135738.075705 3.446368177 -39.80110571 0.7629232673 0.01480070914 0.02255996202 0.6530373777 0.7568448786999999
1625135738.176402 3.51671208 -39.66270271 0.7790474217 0.01534141979 0.02520842246 0.6346140300999999 0.7722656338
1625135738.276431 3.595133448 -39.53015425 0.7925940374 0.01606504677 0.03171283983 0.6265097998 0.7786023894
1625135738.47581 3.764178529 -39.26493585 0.7576241869 0.02365175482 0.03412162714 0.6207478667 0.7829102088
1625135738.575523 3.846405213 -39.12559348 0.7439475563 0.0167321183 0.03171146863 0.6207251046 0.783207995
1625135738.674846 3.930033201 -38.98804826 0.7526510621 0.01611767659 0.04119402366 0.6312273571 0.7743353902
1625135738.774576 4.012168467 -38.85135833 0.7709618342 0.01620597914 0.05459726327 0.6415054874 0.7650014475
1625135738.875299 4.086840196 -38.71459987 0.7721903683 0.008115156595999999 0.05521967286 0.6271772109 0.7768743
1625135738.975386 4.157074325 -38.58343203 0.7525794775 0.009969837767999999 0.04449614392 0.6246082719 0.7796057991999999
1625135739.075938 4.228862356 -38.45791548 0.7348531817 0.01851838887 0.03569176166 0.6093683237 0.7918670428
1625135739.176367 4.304550702 -38.33877407 0.7361202636 0.02507843026 0.02826744681 0.5918191390999999 0.8051845318999999
1625135739.27687 4.390872968 -38.21605082 0.7561621652 0.01739497294 0.03726686966 0.5639596783 0.8247775922
1625135739.376335 4.488020143 -38.09936489 0.7604509780000001 0.02107076649 0.04339195087 0.5563512254 0.8295459453
1625135739.575645 4.684809317 -37.86893401 0.7242575073999999 0.02641516448 0.03518540872 0.5377431620000001 0.8419599265
1625135739.675129 4.784646096 -37.74649349 0.7270211334 0.01849728957 0.03735082933 0.5372621649 0.8423847886
1625135739.775078 4.889458497 -37.62249198 0.7443445217 0.01399106612 0.05437662286 0.527917077 0.847437899
1625135739.874818 4.993231116 -37.50137951 0.7476307781 0.01126587304 0.06249182576 0.5292824444000001 0.8460661593
1625135739.975405 5.09459141 -37.38259176 0.7274760211 0.01148693196 0.06001311971 0.5122764237 0.8566442328
1625135740.075876 5.195779499 -37.26881936 0.7037036798 0.01821870312 0.0558111582 0.4919631478 0.8686342468
1625135740.175877 5.302654086 -37.16367906 0.7023291962 0.03482114522 0.05428919725 0.4864274674 0.8713371849
1625135740.27687 5.41636559 -37.06151192 0.7246771474 0.03924124414 0.06284675266 0.4506787238 0.8896061479
1625135740.376729 5.532241605 -36.96286308 0.7422129215 0.0358117811 0.06769465374 0.4338501812 0.8977243288
1625135740.576588 5.763800545 -36.75956502 0.7074869653 0.02202878421 0.05729822536 0.3969186759 0.9157986737
1625135740.675638 5.881484357 -36.6567763 0.6902062299 0.01128503321 0.0531835421 0.4005349565 0.914667102
1625135740.775118 6.006819749 -36.55634076 0.6896040463000001 0.01491926771 0.06872518044000001 0.4038418527 0.9121217150000001
1625135740.874762 6.132872205 -36.45784705 0.6962931447 0.01705880473 0.08036961942 0.4039421719 0.9110875058
1625135740.975123 6.253836839 -36.35466346 0.6883329962 0.004558340065 0.08012052516 0.3954604513 0.9149704664
1625135741.075743 6.368423676 -36.25185143 0.6656818286 -0.004873798014 0.07127348729999999 0.3752460354 0.9241681389
1625135741.175756 6.484470822 -36.15618609 0.6485283413 -0.001639303706 0.06503464788 0.3693401751 0.9270143701
1625135741.276166 6.61282003 -36.06424232 0.6561335896 0.001783513824 0.07286573711 0.3533171989 0.9326598310000001
1625135741.376256 6.749133142 -35.97397005 0.6732306865 -0.003699745663 0.08564088973 0.3422066821 0.9357064372
1625135741.476787 6.884799282 -35.88595475 0.6716169518 -0.01175599872 0.08685074 0.3167886518 0.9444382963
1625135741.575978 7.016521073 -35.8017738 0.6524437283 -0.01407156354 0.07853920383 0.3183114253 0.9446223696
1625135741.775227 7.271614559 -35.61880437 0.6520461255 -0.02563215593 0.0663234872 0.333551579 0.9400465582999999
1625135741.874537 7.397769091 -35.51564547 0.6646481064 -0.03401831294 0.07273636293999999 0.3540397666 0.9317768078000001
1625135741.973946 7.520670514 -35.41113883 0.6599697128999999 -0.03849441538 0.06628093669 0.3868528 0.9189504494
1625135742.074684 7.639866132 -35.30377772 0.6544951431 -0.03873736018 0.05278658954 0.3892988246 0.9187814855000001
1625135742.175076 7.753242296 -35.20026651 0.6613339611 -0.03163737828 0.03822293021 0.3969361053 0.9165041256000001
1625135742.275526 7.869332365 -35.09950836 0.6810286203 -0.02046576672 0.03170469223 0.4047325149 0.9136561477
1625135742.375963 7.991357427 -34.99544792 0.6968270149 -0.01568325247 0.03424956071 0.4055507192 0.9132960184
1625135742.475942 8.120834547999999 -34.88664646 0.6947176034 -0.01197886748 0.04063167739 0.4178042348 0.9075490040999999
1625135742.675922 8.375043991 -34.66482261 0.6655488354 -0.0009275447355 0.04098617525 0.4434266792 0.8953725779
1625135742.776241 8.489643984000001 -34.55171657 0.6628602311 -0.003062172602 0.03079960864 0.4418468367 0.896556401
1625135742.875959 8.603313479000001 -34.43749828 0.6683577015 -0.003372524629 0.03297404835 0.4563915904 0.8891614333
1625135742.976057 8.719570089999999 -34.3199938 0.6827777146 -0.001225463473 0.04126070816 0.4596633718 0.8871333817
1625135743.076153 8.832632019 -34.20191473 0.6964752596 0.0001373036894 0.04279604413 0.4588054872 0.8875054956
1625135743.176188 8.935696839 -34.08459644 0.6982844834 -0.002614815591 0.03437586999 0.4585965088 0.8879756215
1625135743.2762 9.030013261000001 -33.9721001 0.6885633665999999 0.002352334898 0.01912868111 0.4510842561 0.8922732507
1625135743.37541 9.13287326 -33.85620987 0.6809471973 0.005772157564 0.02518961356 0.4672533449 0.8837457085
1625135743.475391 9.242106121000001 -33.73459898 0.6696675605 0.005076277017 0.03394167929 0.4682587358 0.8829246571
1625135743.575151 9.349145557 -33.61304457 0.6467470054 0.003660666352 0.03327627794 0.4714390342 0.8812630288
1625135743.774494 9.538268346000001 -33.36599721 0.5975051188 -0.005151426785 0.01761061399 0.5043414376000001 0.8633093556
1625135743.874152 9.62269893 -33.24039629 0.5826746801 -0.006188246773 0.02280444117 0.5305957838000001 0.8472955666999999
1625135743.975139 9.704002601999999 -33.1006416 0.5729078632 -0.0151910408 0.03734076899 0.5224024131 0.8517456299
1625135744.074709 9.780339771 -32.95784902 0.5599427266 -0.02140710013 0.04560437622 0.5464285139 0.8359891483
1625135744.175173 9.85357131 -32.81274133 0.5403346593 -0.01464745936 0.04503362009 0.5587063575 0.8280124583
1625135744.276246 9.916297448 -32.67008787 0.5250931478999999 -0.0145866792 0.04208822927 0.5396755875 0.8406938027999999
1625135744.376247 9.976174985 -32.5351669 0.5201116183 -0.01951384186 0.04859717951 0.5473338299 0.8352743278
1625135744.476512 10.0360513 -32.4042193 0.5177996781999999 -0.02766499528 0.05367655763 0.5387746063 0.8402829278
1625135744.576104 10.10134532 -32.27389742 0.5186544926 -0.03257160498 0.05709663424 0.5443964927 0.836248482
1625135744.675817 10.17079663 -32.14298843 0.5172585199 -0.03080963508 0.05871036485 0.5450409337 0.8357836084
1625135744.775604 10.23766867 -32.01458349 0.5104670699 -0.02603259834 0.05198097416 0.5427476342999999 0.8378814282
1625135744.975005 10.36487674 -31.75556907 0.5018874025 -0.02118874547 0.04905900286 0.5467222928 0.8356069565000001
1625135745.07465 10.42506219 -31.61927861 0.5082622735 -0.02274121334 0.05380788651 0.5549528994 0.8298281919
1625135745.175067 10.47962637 -31.47462472 0.5201688039 -0.03305995502 0.0527665737 0.5463550424 0.8352358324
1625135745.275213 10.53116864 -31.33320419 0.5272853439 -0.04112182884 0.04578095808 0.5358525871000001 0.8420659737
1625135745.374604 10.58649766 -31.20088905 0.527859112 -0.03507878613 0.03894248786 0.5534042743000001 0.831262095
1625135745.474873 10.64308633 -31.06538032 0.5343926487 -0.04222353535 0.0390342386 0.5432494574 0.8375998617
1625135745.574719 10.70560275 -30.92884522 0.5437323441 -0.05065649094 0.04901750297 0.5500510253000001 0.8321508721
1625135745.674979 10.77182385 -30.79397473 0.5523502884 -0.05123975493 0.055545427 0.5427663752 0.8364770499
1625135745.774544 10.83490354 -30.66346853 0.5657087019 -0.04909763438 0.05248913101 0.5560865433 0.8280109116
1625135745.874447 10.89309466 -30.53747481 0.5862860833 -0.04228344193 0.04139047742 0.5677948332 0.8210407824
1625135746.074333 11.00449971 -30.2641195 0.6334768696999999 -0.05202963419 0.05474555104 0.5907371558 0.8033215139
1625135746.174673 11.05965981 -30.12173605 0.6353350918 -0.0564222467 0.05105501932 0.5961300464 0.7992739723
1625135746.274927 11.11592714 -29.98934092 0.6291760723000001 -0.04953867102 0.04476722282 0.6051753536 0.7932872161
1625135746.376024 11.17298944 -29.86855596 0.6318543633 -0.0358933262 0.03342715843 0.5859345019 0.8088727055
1625135746.476072 11.23494221 -29.74083407 0.6491532812 -0.04240176591 0.04098816945 0.5853481443 0.8086344107
1625135746.576344 11.30372597 -29.60838147 0.6616701978 -0.04807309322 0.05472692393 0.574927745 0.8149552316000001
1625135746.675613 11.3735901 -29.48055924 0.6538841581 -0.04016757543 0.05972372611 0.5846428934 0.8080917829000001
1625135746.77532 11.43662087 -29.35097047 0.6397556737 -0.03448424533 0.05660877959 0.5901113921 0.804596065
1625135746.875156 11.49273137 -29.22466972 0.6375673059 -0.02669449068 0.04724766124 0.5892781952 0.8061056204
1625135746.975408 11.54916362 -29.09365238 0.6538652654 -0.02223492445 0.05623806816 0.580499382 0.8120119183
1625135747.075031 11.60085019 -28.95734405 0.6710838957 -0.02731386204 0.06359082836 0.5827519394 0.8096976823000001
1625135747.17485 11.64946211 -28.81937431 0.6723965404 -0.02928311684 0.06326590656 0.5887298615 0.8053179958
1625135747.375202 11.74081015 -28.55749597 0.6783529052 -0.01681867501 0.05711749868 0.5811333835 0.8116272014
1625135747.47564 11.79170858 -28.43180233 0.6967979121 -0.01244735263 0.06343422013 0.5651331907 0.8224631541
1625135747.575423 11.84660846 -28.30907533 0.7151869704 -0.01671030983 0.0721917575 0.5638430368 0.8225509988
1625135747.675275 11.90206989 -28.19178081 0.7195915267 -0.0129612091 0.07089806692 0.5611665009 0.8245590515
1625135747.774284 11.95453827 -28.07874536 0.7110938368 -0.002012554067 0.06238410259 0.581027676 0.8114869149
1625135747.873421 11.99816638 -27.96372439 0.7077180529 0.004063556235 0.04843117743 0.6106477615 0.7904095267
1625135747.97307 12.03555702 -27.84215372 0.7198610881 0.00468823007 0.0398508161 0.6347196762 0.7716999842
1625135748.073041 12.07364999 -27.7114064 0.7389440967000001 -0.001821810252 0.04872625312 0.6571996332 0.7521376705
1625135748.173501 12.10935789 -27.57519166 0.7439058188 -0.01187387802 0.05227755517 0.6755464812 0.7353659089
1625135748.274469 12.13942418 -27.43877068 0.726903937 -0.01808243029 0.04678992095 0.6808584674 0.7306952008000001
1625135748.375218 12.16501448 -27.30039777 0.7049642471000001 -0.02121316047 0.03902702799 0.6892764085999999 0.723135482
1625135748.47634 12.19545133 -27.15715808 0.6964246374 -0.02193017151 0.03669336066 0.6815996854 0.7304755531
1625135748.576518 12.24020792 -27.01504978 0.7044090369 -0.0203888508 0.04406295837 0.6839486176 0.7279127963000001
1625135748.676713 12.29254109 -26.87590373 0.7168634635 -0.02371530601 0.05464716504 0.6813904219 0.7294918537
1625135748.875848 12.392382 -26.6009277 0.7025034877 -0.02743795093 0.05176432999 0.6673683119 0.7424197932
1625135748.974933 12.43263209 -26.46175331 0.6878407617 -0.03201717859 0.04695161056 0.6778035442 0.7330435199000001
1625135749.074607 12.4635775 -26.32143656 0.6880838437 -0.03953524659 0.04648966247 0.6723205313 0.7377403192999999
1625135749.1732 12.49265337 -26.17412004 0.6974877906 -0.0445995062 0.06025635583 0.6986721079 0.7115035778
1625135749.273257 12.51514168 -26.02132686 0.6926893427 -0.05303377206 0.06480350251 0.7061655551 0.7030776158000001
1625135749.373775 12.53026393 -25.87246381 0.6627402434 -0.05617191441 0.05491110393 0.7024501229 0.7073848397
1625135749.473877 12.54429731 -25.72219962 0.6331936847 -0.04869455597 0.04687908176 0.7110583912 0.6998765292
1625135749.575185 12.56665891 -25.57177986 0.6230638677 -0.03502065341 0.04034729309 0.6945671454 0.7174413776
1625135749.675978 12.60087183 -25.42457062 0.6337570675999999 -0.0326802537 0.04628864215 0.6730343895999999 0.7374375045
1625135749.776035 12.64414808 -25.27635803 0.6503715605 -0.03858915081 0.05732047283 0.6653514725 0.7433254057999999
1625135749.876584 12.6912497 -25.13439625 0.643936965 -0.03203058854 0.05699753427 0.6372717691000001 0.7678606741
1625135749.976112 12.74151149 -25.00327239 0.6229166717 -0.01702921646 0.05037474962 0.621257394 0.7818002563999999
1625135750.074978 12.79281622 -24.88109638 0.6137653117 -0.0008365464669 0.03605019555 0.6224471703 0.7818306746
1625135750.174131 12.84570774 -24.75312075 0.6299756520999999 0.01108822333 0.03642448551 0.6253222958 0.7794371909
1625135750.274753 12.89670365 -24.61767641 0.6443041566 0.007740841316 0.04403151306 0.5906418212 0.8056944484
1625135750.374696 12.94929037 -24.48092051 0.6342429267 0.007380814626 0.04124091027 0.5674344232 0.8223520452
1625135750.474723 13.00634648 -24.34304705 0.6100794935 0.01209955584 0.03748661757 0.5446991944 0.8377058803
1625135750.673836 13.13828516 -24.06869918 0.6225396995 0.006253557072 0.04918564327 0.520012933 0.8527181334
1625135750.774373 13.21421289 -23.9392675 0.6470763379 -0.00730299751 0.0479078403 0.4868634246 0.8721327369
1625135750.874011 13.29933794 -23.81851923 0.6471952488 -0.01249951257 0.04525465018 0.4740464845 0.8792472402
1625135750.973579 13.39361001 -23.70306034 0.6313897533 -0.005345241549 0.04121658519 0.4720160168 0.8806097328
1625135751.073365 13.4932633 -23.58657847 0.6291840442 -0.0001439543392 0.03816103197 0.4663724072 0.8837649533
1625135751.17225 13.59363871 -23.46677247 0.646753952 0.002356516714 0.04227032978 0.4987754324 0.8656966756
1625135751.273235 13.69272181 -23.33652467 0.6661851844 -0.001466657392 0.05576908571 0.4856585802 0.8723665522
1625135751.373789 13.78640843 -23.20351544 0.6601346889 -0.009035773449000001 0.05684735346 0.4786947546 0.876092498
1625135751.474601 13.87852994 -23.07570925 0.6357951343 -0.005620409062 0.04896990683 0.4669018961 0.8829343003
1625135751.575092 13.96848885 -22.95555181 0.6208833634000001 0.0006817830923 0.04353501497 0.4516165404 0.891149111
1625135751.775186 14.16403559 -22.72942326 0.648749675 0.003742745977 0.04956663557 0.4371407918 0.8980184122
1625135751.875111 14.27247681 -22.61617414 0.6503948297 0.002269676316 0.05695367036 0.4260741993 0.9028908597999999
1625135751.974333 14.38185911 -22.50734462 0.6249327998999999 0.00977420352 0.05411426599 0.4346910658 0.8988992093
1625135752.074193 14.48886289 -22.40082331 0.6074315544 0.01623135849 0.04846535864 0.434178792 0.8993755771
1625135752.173822 14.59236751 -22.29389807 0.6143535816 0.02146908693 0.04256995318 0.43707166 0.8981621465
1625135752.273267 14.6975428 -22.17788672 0.6360919561 0.01934240876 0.05375930771 0.4568882304 0.8876874185
1625135752.373453 14.79943002 -22.0582717 0.6422537249 0.01678563459 0.05917517372 0.463743487 0.8838317258
1625135752.474206 14.89533 -21.93545132 0.6230855933 0.01467988083 0.05219283226 0.4549767644 0.8888512548
1625135752.574907 14.98716933 -21.80743035 0.6019516025 0.008168783416000001 0.04589358132 0.4427524669 0.8954313504
1625135752.674758 15.08122356 -21.68502424 0.602874063 0.01206855261 0.04189037815 0.4521680896 0.8908667493
1625135752.775592 15.1801496 -21.56791261 0.6265113111 0.01029131643 0.04357843061 0.4351597858 0.8992391062
1625135752.875705 15.28406881 -21.45951906 0.6411348529999999 0.01007766399 0.04531959609 0.4229771516 0.9049502219
1625135753.074344 15.49465212 -21.25479257 0.6159724326 0.02101594662 0.02859590166 0.4514558941 0.8915874495
1625135753.1741 15.59081107 -21.15321611 0.6129234875 0.02106619645 0.006890051216 0.4556650733 0.8898753191
1625135753.273531 15.69347612 -21.04406578 0.6347470482999999 0.02538774504 0.01014852486 0.4839235501 0.8746830669
1625135753.374152 15.79574843 -20.92472404 0.6538920399 0.02076484426 0.01945102193 0.4793842894 0.8771437636
1625135753.47445 15.88812373 -20.80522126 0.6433064811 0.01426478847 0.00811427048 0.4854380032 0.8741170514
1625135753.575492 15.97135953 -20.68696954 0.619852592 0.0152217277 -0.01314277 0.4644518529 0.8853700034
1625135753.675492 16.05551818 -20.56663286 0.6181036011 0.01293944548 -0.02540546835 0.4629695818 0.8859155148
1625135753.775916 16.14827964 -20.44228266 0.6430185606 0.0016139991 -0.02008167813 0.4487280141 0.8934412631
1625135753.876063 16.25013909 -20.31967472 0.6645810738 -0.01303749165 -0.004932065543 0.4298100579 0.902811726
1625135754.075125 16.46382447 -20.1024994 0.6413726639 -0.01056812922 -0.005203211867 0.4190380389 0.9078922641
1625135754.174609 16.57141901 -20.00137791 0.6369497894 -0.001586138598 -0.0103293107 0.4135916313 0.910402522
1625135754.273425 16.67848737 -19.89954833 0.6507479415 0.009002202944999999 -0.01270174054 0.4327262808 0.9013909208000001
1625135754.37349 16.78608416 -19.78618245 0.6697988628 0.01265771766 0.003017876828 0.4291523946 0.9031383597
1625135754.473748 16.88455693 -19.66393412 0.6691998971999999 0.005763665741 0.00787337338 0.416431191 0.9091148736
1625135754.573816 16.97580066 -19.54269295 0.6493964628 0.008500121099 -1.707843076e-05 0.4129537844 0.9107123144
1625135754.674422 17.05904375 -19.41915878 0.6406414835000001 0.009417253512 -0.008380539801 0.3938428972 0.9190913199
1625135754.774805 17.13551261 -19.29683998 0.6562657821 0.0100451819 -0.01677787716 0.3751359962 0.9267634982
1625135754.87435 17.21359426 -19.17500986 0.6831918026 -0.002481615459 -0.01300165755 0.3818827776 0.924115979
1625135754.974092 17.29842287 -19.06110093 0.6954894237 -0.006285610901 -0.007755316413 0.385854446 0.9225056599
1625135755.17304 17.48233343 -18.84810314 0.6751142293 0.01810574616 -0.014846754 0.4272277438 0.9038408105
1625135755.273479 17.567856 -18.73374484 0.6766470765 0.01905250627 -0.0259209047 0.4264851655 0.9039222933
1625135755.373213 17.64894452 -18.61580983 0.6939323772 0.01899301419 -0.02484921723 0.4523087683 0.8913128294
1625135755.474103 17.72275887 -18.49084426 0.7106674403 0.006674002677 -0.02164110914 0.4499157208 0.8927838284
1625135755.574722 17.79611349 -18.36751517 0.7049618562 0.0009530857233999999 -0.0245501833 0.4430467004 0.8961618165
1625135755.674015 17.8694263 -18.2501324 0.6861854626 0.008374211015000001 -0.02890779847 0.47237922 0.8808814247
1625135755.773568 17.93702151 -18.12840776 0.6796040544 0.01384535848 -0.03242660096 0.5022517747 0.8640023012
1625135755.874224 18.00191307 -17.99627007 0.6923124252 0.01072006837 -0.03108190718 0.5031362756 0.8635814283
1625135756.073707 18.14282426 -17.7270466 0.7134276172 -0.008147242063 -0.007591116103 0.5473756421 0.8368129444
1625135756.173419 18.21062878 -17.59538538 0.6965620622000001 -0.007599826704 -0.007205265515 0.5746390667 0.8183399476
1625135756.272744 18.27135467 -17.46520262 0.6805630208 -0.005825633053 -0.006406608254 0.6195375377 0.7849192677
1625135756.372606 18.32210243 -17.33818838 0.6831448242 -0.001955878392 -0.005182369271 0.6571291709 0.7537576337
1625135756.47284 18.36649999 -17.20856902 0.7052695174 0.005368001206 0.01007975343 0.6911769267 0.7225953496
1625135756.573507 18.39739903 -17.07772503 0.7168527469 0.007514884018 0.0163721898 0.7158887397 0.6979819412
1625135756.674258 18.41384648 -16.94426226 0.7022670663 0.007844243690000001 0.01009993373 0.7343490307 0.6786515751
1625135756.774728 18.41693466 -16.80409918 0.6822203552 0.006373279408 0.003163015144 0.75304919 0.6579257512
1625135756.875462 18.40950827 -16.65951422 0.6788218893 -0.005412113755 -0.00188149371 0.7616394639 0.6479756909
1625135756.975902 18.40672919 -16.52066112 0.6864221856 -0.008424535904 -0.006292912189 0.7649473248999999 0.6440070004
1625135757.075289 18.41536059 -16.38017857 0.6969657483 -0.009282568453 0.004930665803 0.7847480717999999 0.6197257347
1625135757.274262 18.43154413 -16.09293625 0.6844579593 0.002950543997 0.01685274165 0.8124188898 0.5828231523
1625135757.373488 18.42849486 -15.95145067 0.6799626729 0.01217726204 0.01566128822 0.833238623 0.5525575404
1625135757.473379 18.41056569 -15.8177383 0.69454826 0.01479581661 0.009203964954000001 0.8442621025 0.5356471535
1625135757.572889 18.38114406 -15.68069368 0.7150468078 0.005910170339 0.01652493723 0.8628133366 0.5052179158
1625135757.6729 18.34179931 -15.54006105 0.7243246031 -0.006269487362 0.02069883117 0.8781538725 0.4778891379
1625135757.773255 18.29818977 -15.40222476 0.7133785831 -0.01054623579 0.01797459578 0.8866980498 0.4618790527
1625135757.873366 18.25071514 -15.26997777 0.7000967213 -0.009033257629000001 0.0110747979 0.9003798778 0.4348698942
1625135757.974075 18.19564571 -15.14151098 0.7062273391 -0.01394193946 -0.002536014067 0.9042232472 0.4268249175
1625135758.074715 18.1412153 -15.0123977 0.7251693205999999 -0.03024080307 -0.01095466686 0.9051132836 0.4239521587
1625135758.174892 18.10034824 -14.88589943 0.7373283064 -0.03034454642 -0.01461120397 0.9093478377000001 0.4146712328
1625135758.374276 18.04204761 -14.64948022 0.7027969603000001 -0.003839256718 -0.02914123126 0.9258984798 0.3766272081
1625135758.47428 18.00401201 -14.53069944 0.6970518974 -0.0003021230896 -0.0407989578 0.9304046814 0.3642560674
1625135758.573623 17.95687981 -14.40419287 0.7072172573 -0.005018258312 -0.03625913899 0.9420452493 0.3334828933
1625135758.67385 17.89725696 -14.27559651 0.7052069831 -0.004649941741 -0.02665131032 0.9482625496 0.316332456
1625135758.77509 17.82034269 -14.1511585 0.6836104036 -0.006710188846 -0.02234656563 0.9393261722 0.3422308383
1625135758.874677 17.73575061 -14.03146482 0.6560962289 -0.008937704014 -0.01910675693 0.943405515 0.3309699135
1625135758.974892 17.6503843 -13.91674315 0.6333884278 -0.004016156805 -0.01301037454 0.9422714027 0.3345731672
1625135759.074536 17.5704793 -13.8065585 0.6182777879 -0.002326364222 -0.007353531442 0.9428563553 0.3331102022
1625135759.17385 17.49172993 -13.69680616 0.6112811525 -0.004198268808 0.002103825225 0.9498839784000001 0.3125673943
1625135759.274251 17.40748497 -13.58944192 0.6081422596 -0.01052096546 0.01082079004 0.9455393328 0.3251577924
1625135759.373915 17.31998411 -13.48637052 0.6108892696 -0.01867117965 0.01464106345 0.9484699204 0.3159775885
1625135759.474432 17.23056882 -13.38998412 0.6244482218 -0.02096228411 0.01023613654 0.9439671519 0.3292139432
1625135759.57374 17.14329377 -13.29802495 0.639561736 -0.02033055616 0.009223123721000001 0.9492322181 0.3137830439
1625135759.673647 17.05516255 -13.21388121 0.6478779626 -0.0146848108 0.006012203547 0.953043702 0.3024167848
1625135759.873771 16.85385413 -13.0462448 0.6599420586 -0.02692177284 0.004253703848 0.9536034493 0.2998292607
1625135759.974332 16.74171245 -12.95961127 0.6734598496 -0.03219848132 0.001757441544 0.9495069079 0.3120846057
1625135760.074205 16.63601693 -12.87703354 0.6879769140000001 -0.02603051313 0.001481752287 0.9511674667 0.3075722143
1625135760.174051 16.5375433 -12.79696054 0.7029536772 -0.02283693745 0.003613905183 0.9527898709 0.3027488662
1625135760.273875 16.44149732 -12.71458638 0.7171942148 -0.02940441241 0.006093779175 0.9548777438 0.2954771409
1625135760.374054 16.34721569 -12.62551867 0.7269201877 -0.03692670872 0.01345084337 0.9532695302 0.2995541618
1625135760.473667 16.25728528 -12.53226421 0.7359916493000001 -0.04051430305 0.02281536129 0.9559466793 0.2898344302
1625135760.573685 16.16904704 -12.44294798 0.7494895912 -0.0402728632 0.02432687578 0.9570606521 0.2860440661
1625135760.673937 16.08217082 -12.3605096 0.7644550594 -0.04078591152 0.01591802457 0.954857382 0.2938205337
1625135760.773538 15.99870375 -12.27694382 0.7770751299999999 -0.03742536998 0.01716734542 0.9590071493 0.2803745914
1625135760.873694 15.91013625 -12.19189095 0.7892174446 -0.03755476309 0.02509586514 0.9589395244 0.2799907604
1625135761.074188 15.70512184 -12.02138757 0.8047146630000001 -0.04473669893 0.03037126851 0.9567883941000001 0.2857134626
1625135761.174126 15.60243667 -11.93755642 0.8078747153 -0.04074012648 0.03237653176 0.9564977578 0.2870610416
1625135761.274347 15.50917845 -11.85548337 0.8154604166 -0.03250915581 0.03489492104 0.9550215594 0.2926761355
1625135761.374153 15.4145942 -11.77080988 0.8304948572999999 -0.03392616186 0.03499674578 0.9546262252 0.2937907648
1625135761.474142 15.31569948 -11.67906649 0.8434772836 -0.03664464756 0.04138574538 0.95338075 0.2966640111
1625135761.57374 15.21430254 -11.58624441 0.8469206818 -0.03759537882 0.04315408338 0.9548507677 0.2915207095
1625135761.673449 15.1133904 -11.49574012 0.8442799463 -0.03687648889 0.04170577597 0.9565382094 0.2862436143
1625135761.773055 15.01539215 -11.408267 0.8492829446 -0.02901668528 0.04570774119 0.9592142156 0.2774471535
1625135761.872546 14.91105051 -11.32360611 0.8691662798999999 -0.02327327372 0.05406199061 0.9649822443 0.2556265323
1625135761.973042 14.79646807 -11.24735263 0.8808322087 -0.02308339412 0.04824760774 0.9647392218 0.2577160437
1625135762.173998 14.55817511 -11.10987154 0.8575620089 -0.01259328161 0.02438252918 0.9620316238 0.2715548863
1625135762.274298 14.44608195 -11.0367964 0.8658565195 -0.001206899463 0.02385259982 0.9591992815 0.2817203139
1625135762.374472 14.3324147 -10.95737657 0.8918156227 -0.008297357930000001 0.01851198839 0.9572903252 0.2884158343
1625135762.474525 14.2168727 -10.87356011 0.9048646351 -0.01325693641 0.01650736675 0.9534969295 0.3006582211
1625135762.573989 14.10331405 -10.78992678 0.893605338 -0.008367665389 0.01423471161 0.9547783559 0.2968596408
1625135762.673644 13.9869912 -10.70506449 0.8818384601 -0.00761633484 0.009921010837 0.9551925637999999 0.2957206977
1625135762.773178 13.86905188 -10.62012377 0.8872677949 -0.009762129321999999 0.003986746207 0.9570893732 0.2896009985
1625135762.872751 13.75577074 -10.52867016 0.9045774395 -0.01774463024 0.01847044332 0.9597043205 0.2798420768
1625135762.972658 13.64330348 -10.43932542 0.9124960503 -0.02138308076 0.02376745932 0.962554792 0.2691953642
1625135763.073413 13.52767861 -10.35627976 0.9021054533 -0.02061448003 0.01749059133 0.9568499859 0.2893220125
1625135763.173357 13.41520308 -10.27805426 0.8856886409 -0.01408871619 0.01147236597 0.9573859017 0.288239706
1625135763.273805 13.30358522 -10.20100326 0.8840075321999999 -0.006384212016 0.008191498041 0.9535675501 0.301000114
1625135763.473827 13.08725947 -10.04209135 0.9182657674 -0.01827477236 -0.00468754569 0.9471789316 0.3201501696
1625135763.573621 12.98725837 -9.953280498 0.9161358159 -0.0163448814 -0.004592678697 0.9452855944 0.3258019294
1625135763.672966 12.88985541 -9.859186464 0.8996506989 -0.009681351389 -0.004734599598 0.9487950598 0.315708393
1625135763.772651 12.79052929 -9.762476724000001 0.8889221017 -0.00605148282 -0.006069955445 0.9510942497 0.3087819027
1625135763.872267 12.68861826 -9.666403608 0.8983270675 -0.001894551087 -0.005182779607 0.9567763403 0.2907723922
1625135763.97243 12.57600678 -9.568106047000001 0.9169829386 -0.01372238751 0.002610051851 0.958570088 0.2845140947
1625135764.072556 12.45623788 -9.472406833000001 0.917045355 -0.02630724893 0.0009666118948 0.9624800914 0.2700723383
1625135764.17315 12.33824653 -9.383205963 0.901941635 -0.01949608415 -0.0027999932 0.9624516426 0.2707376928
1625135764.273586 12.22127883 -9.298834524 0.8938390564000001 -0.009599409345000001 -0.003564720984 0.9631610199 0.2687303366
1625135764.374215 12.10073347 -9.216687734000001 0.8999729644 -0.005663447629 -0.007289795662 0.9610752597 0.2761324491
1625135764.47458 11.97837529 -9.130997077 0.9164328971 -0.02150599282 -0.01212069394 0.9584992678000001 0.2840241797
1625135764.674127 11.76178389 -8.936169701000001 0.9036284673 -0.02710155268 0.004989780329 0.9607976617 0.2758776199
1625135764.773767 11.65705981 -8.835503814000001 0.8832648772 -0.02042875079 0.00889182558 0.9630935993 0.268243025
1625135764.873611 11.55171144 -8.740643752 0.8759222714 -0.01504535829 0.004263996359 0.9634873631 0.2672967576
1625135764.973566 11.44357771 -8.647627754 0.8857186939 -0.01532144633 0.006400128946 0.9634068432 0.2675285895
1625135765.073056 11.33170278 -8.556125282 0.89926962 -0.02095105975 0.01103087074 0.9673732451 0.2522466603
1625135765.173423 11.21504425 -8.465113431000001 0.9023059087999999 -0.02146774231 0.01281446779 0.9661260038 0.2568569063
1625135765.273628 11.09763312 -8.375487026 0.8883731163 -0.01304340609 0.01224345464 0.9644083165 0.2638116115
1625135765.373793 10.9795099 -8.286848839999999 0.8752332709 -0.006086113965 0.01289522421 0.9631101711 0.2687293634
1625135765.473867 10.86340749 -8.195408806 0.8865425260000001 -0.007335457646 0.02070899616 0.9612056747 0.2749563229
1625135765.573976 10.75158339 -8.10327704 0.9101202324 -0.01598331354 0.02507354496 0.958387295 0.2839183751
1625135765.673858 10.64154286 -8.010375754 0.9166596518 -0.02065627257 0.02725137825 0.9560390394 0.2912387952
1625135765.873148 10.4198337 -7.81813009 0.879336194 -0.02126274594 0.02937955756 0.9566351051 0.2890225129
1625135765.972456 10.30967492 -7.724695216 0.8757957583 -0.01728995322 0.02877938348 0.9614702093 0.2728513171
1625135766.072211 10.19661205 -7.630335266 0.8911364797 -0.02275059559 0.03738549049 0.964093483 0.261932227
1625135766.172402 10.07767753 -7.542463945 0.9020948537 -0.03319952234 0.03317244017 0.9653586515 0.2566711028
1625135766.273083 9.957355009 -7.45918078 0.8930727097 -0.03438588659 0.02205214469 0.9623660919 0.2686686043
1625135766.372981 9.844260039 -7.371511606 0.8752177217 -0.02624404896 0.02372142925 0.9645702678 0.2614435735
1625135766.473294 9.739809960000001 -7.279040482 0.8666630271 -0.006639433344 0.03232123252 0.9646378804 0.261505288
1625135766.574324 9.629449730999999 -7.185688877 0.883368233 -0.009249115202999999 0.02926300333 0.9554860635 0.2934357051
1625135766.6741 9.520496319999999 -7.09150638 0.9020399567 -0.01955658742 0.02317480136 0.9543772509 0.2970598112
1625135766.773981 9.414689607 -6.993929229 0.8987588308 -0.02193637859 0.02079134523 0.9522776435 0.3037331148
1625135766.873548 9.311088834 -6.893786582 0.8831299056 -0.0195944511 0.01705175514 0.9511256739 0.3077096805
1625135767.072614 9.111219991 -6.699294249 0.8838595535 -0.01844956439 0.0107210198 0.9555524612 0.2940478995
1625135767.172047 9.009938267000001 -6.607692492 0.8995228071 -0.02387901563 0.01297720617 0.9602452189 0.2778317913
1625135767.272405 8.902232135 -6.523081645 0.9000254461 -0.02912888683 0.00638347531 0.9596814819 0.2795035106
1625135767.372367 8.794284117 -6.441437592 0.8825406149 -0.02285612136 0.002165058083 0.9610876035 0.2752880828
1625135767.472239 8.680804019 -6.35794307 0.8705552222 -0.01892947509 0.003456350786 0.9659419494 0.2580423978
1625135767.57308 8.562033315000001 -6.271608264 0.8744993366 -0.01974957087 0.006808810761 0.9625526859 0.2702885892
1625135767.673641 8.447455762000001 -6.182729131 0.8856774794 -0.03254920778 0.008562945407 0.9594265713 0.2799426357
1625135767.773888 8.339739230999999 -6.091894602 0.8908223288 -0.04077307044 0.01377791982 0.9573775133 0.2856151654
1625135767.873636 8.235561265999999 -6.001066296 0.8814299957 -0.03751360065 0.01820618841 0.9586092463 0.281655068
1625135767.973094 8.129822366999999 -5.913635862 0.8648745895 -0.03105255445 0.01764643153 0.9629722353 0.2672242809
1625135768.07274 8.021432837000001 -5.835589271 0.8573134435999999 -0.02387878709 0.007800726266 0.9655670426 0.258938677
1625135768.172381 7.904192154 -5.758712483 0.8712994122 -0.03136600641 0.006347554227 0.9690893992 0.2446254659
1625135768.271962 7.785418402 -5.680762958 0.8846268898 -0.03707115295 0.01131510839 0.9741425394 0.2225848396
1625135768.372121 7.665683968 -5.604946177 0.8757341051999999 -0.03754690809 0.01447490099 0.976769539 0.2104803425
1625135768.573198 7.41586252 -5.463411504 0.8486723239 -0.04001826102 0.02163569863 0.9759355064 0.2132611605
1625135768.673147 7.290469677 -5.39230966 0.859837065 -0.0472605087 0.02810977757 0.9779073871 0.2016765406
1625135768.773294 7.16937861 -5.322132093 0.8741853217 -0.05782353892 0.02986664013 0.978084582 0.1977750557
1625135768.873047 7.056182364 -5.253753352 0.8738650905000001 -0.05796768251 0.0295390064 0.9804246723 0.1858350258
1625135768.972607 6.949314944 -5.186477927 0.8570971737 -0.04576606237 0.0285350815 0.9843029632 0.1680443194
1625135769.07196 6.842295906 -5.12156496 0.8384579878 -0.03482944827 0.02436648815 0.989700214 0.1366991962
1625135769.171761 6.733378452 -5.067361945 0.8355779808 -0.02952837082 0.0132373349 0.9931837287 0.1119773605
1625135769.271677 6.62101223 -5.0214342 0.8521195326 -0.03273935462 0.01401650511 0.9958474158 0.08378303305
1625135769.371981 6.499213733 -4.984371358 0.8647748555 -0.03927842022 0.007828129378999999 0.9973467382 0.06078988363
1625135769.472544 6.370430684 -4.949221701 0.8561364388 -0.03979683823 0.006173114956 0.9979903141000001 0.04892276926
1625135769.673391 6.099530218 -4.881523555 0.8369636776 -0.03428101392 0.01263205857 0.9991408678 0.01956449394
1625135769.774216 5.95704409 -4.846563646 0.8507020939 -0.0480667344 0.01151610434 0.9983973613 0.02756224544
1625135769.874506 5.820723041 -4.805347776 0.8615895925 -0.05716015379 0.01310572134 0.997764429 0.03204841918
1625135769.974158 5.69140955 -4.757706481 0.8545537617 -0.05316862803 0.01726106536 0.9981248376 0.02493915109
1625135770.073522 5.562783895 -4.706788476 0.8381663414 -0.04377502543 0.01950563188 0.998795119 0.01056350946
1625135770.173057 5.433820644 -4.65820677 0.8278064216 -0.03505520767 0.01633270636 0.9992511574 -0.001224549409
1625135770.27288 5.305845226 -4.611105718 0.8325989126 -0.02820432546 0.01941024715 0.9993529951 -0.0110158715
1625135770.373138 5.172016279 -4.564474868 0.8474353199 -0.03496946806 0.02703715655 0.9990135667 -0.004245236337
1625135770.573603 4.898680134 -4.490875499 0.8310583967 -0.03032421788 0.0120052993 0.9994627299 0.003250560493
1625135770.673027 4.764132759 -4.454061736 0.8105208201 -0.02086910899 0.01230760214 0.9996550665 -0.01013663347
1625135770.773266 4.628279943 -4.412229358 0.8102200582 -0.009799391722999999 0.02001020126 0.9997331543 -0.00609785925
1625135770.87328 4.488467785 -4.363748866 0.8306457422 -0.0196109797 0.02383923233 0.999518062 -0.003277824584
1625135771.073261 4.219757036 -4.256296828 0.8256014667 -0.02257388908 0.02500014453 0.999432536 -0.0001355256634
1625135771.173889 4.08780256 -4.201714543 0.8099324323 -0.02118005326 0.01889286875 0.9994115118 0.01926382701
1625135771.274046 3.959790452 -4.148562715 0.8082993223 -0.01674579017 0.006542682648 0.9990204676 0.0404336134
1625135771.473642 3.691053496 -4.030994674 0.8329888179 -0.03300301537 0.01678070723 0.9981164394000001 0.04891607406
1625135771.573708 3.556165851 -3.97309063 0.8197925566000001 -0.03505912956 0.01664322911 0.9972251838 0.06352789218
1625135771.674292 3.425355569 -3.91177887 0.7967714378 -0.02795620614 0.02112924349 0.9941085991 0.1025675332
1625135771.77399 3.296565426 -3.847903558 0.7847647151 -0.02101024512 0.02606229414 0.9918458837 0.122967758
1625135771.973523 3.036566391 -3.719997119 0.7994011354 -0.02531554198 0.01708150232 0.9848625161 0.1706258187
1625135772.073097 2.904742884 -3.653940863 0.8009398250999999 -0.02966624701 0.01388994031 0.9814856013 0.1887140636
1625135772.172276 2.776557329 -3.582324638 0.7826002475 -0.02460093932 0.01516884776 0.9807739073 0.1929954469
1625135772.271556 2.649575336 -3.504782131 0.7629350338000001 -0.02022524241 0.02042732906 0.9818393478 0.1875237558
1625135772.37081 2.526562721 -3.428834733 0.7580982209 -0.01027388604 0.01995008135 0.9847168123 0.172711439
1625135772.471191 2.394748859 -3.349856584 0.7707238346 -0.02047902374 0.0314827327 0.9837761018 0.1754252796
1625135772.571435 2.258557109 -3.27497447 0.7764053525 -0.02952352488 0.03323793755 0.9839115937 0.173036345
1625135772.672046 2.124450169 -3.202493758 0.7649836955 -0.02997315972 0.02925401266 0.9835947162000001 0.1754629494
1625135772.87276 1.8789308 -3.061693684 0.7440028405 -0.004802504075 0.0297690506 0.9850589633 0.1695570063
1625135772.973771 1.753679099 -2.989094621 0.7594516826 -0.02071585204 0.02490750343 0.981027905 0.1911405747
1625135773.073772 1.630108849 -2.913058034 0.7714741097 -0.03470609469 0.0235543557 0.98044863 0.1922528626
1625135773.173537 1.512710084 -2.833310946 0.7615289005 -0.03426050885 0.0263179373 0.9812283982 0.1879479032
1625135773.273229 1.397572977 -2.754214894 0.7417523249 -0.03118533873 0.02445420239 0.9823793953 0.1826477218
1625135773.372923 1.280647375 -2.679573396 0.7331300278 -0.03081916458 0.01592712213 0.9835215625 0.1774312314
1625135773.472405 1.15596787 -2.603455513 0.7436251632999999 -0.0445689843 0.01716253886 0.9855810688 0.1623237803
1625135773.572147 1.03098809 -2.529714982 0.755048541 -0.05652571181 0.02153066719 0.9869006239 0.1495607997
1625135773.672464 0.9094069411 -2.464203174 0.7490971055 -0.06155574742 0.01766463223 0.9862799436 0.1521536181
1625135773.772727 0.7914482881 -2.404561106 0.7335499809 -0.05585491628 0.01259443827 0.9860600027 0.1562282929
1625135773.97315 0.5541296046 -2.296238863 0.7384680457 -0.04843651595 0.001843649827 0.985067541 0.1652042511
1625135774.073169 0.4369597875 -2.240121361 0.755161725 -0.05826103821 -0.0005307483426 0.9833347021 0.1722156593
1625135774.173179 0.3262474361 -2.180592589 0.7628506091 -0.05635668217 0.0007606096863 0.9821777735 0.179304677
1625135774.272784 0.2222899656 -2.118398268 0.7564076954 -0.04654589046 0.003000980017 0.9829100347 0.178079583
1625135774.372547 0.120577203 -2.05773291 0.7463998363 -0.03891359008 -0.0001101702567 0.9830686749999999 0.1790578135
1625135774.471956 0.02000950627 -1.99959832 0.7452290745 -0.03375709209 -0.006110447761 0.9845675356 0.1716096995
1625135774.571736 -0.08431070353 -1.940861827 0.7554942539 -0.03995973487 -0.002136707137 0.9854997695 0.1648904436
1625135774.671636 -0.1920144948 -1.883590561 0.7649431843 -0.04811344965 0.003213810537 0.9860414921 0.1593641841
1625135774.772167 -0.3021362108 -1.828224083 0.7615303836 -0.04793346743 0.007066809563 0.9843835322 0.1692380113
1625135774.872541 -0.4116574636 -1.775836003 0.7507476385 -0.04041057283 0.008165309900999999 0.9827250379 0.1804212107
1625135774.972967 -0.5208808193 -1.724336877 0.749139249 -0.03257400807 0.01169773307 0.9798637854 0.1966444993
1625135775.073171 -0.6336039525 -1.669454883 0.760643607 -0.03601814871 0.01490039976 0.9764551969 0.2121695536
1625135775.173083 -0.7486465064 -1.608502214 0.7737939306 -0.04904677032 0.01505438802 0.9737101139 0.2219378154
1625135775.273129 -0.8575348312 -1.543259565 0.7733748754999999 -0.05127618138 0.01609981445 0.9690682926999999 0.2408696602
1625135775.472187 -1.0603632 -1.404738087 0.7502035956000001 -0.04011460357 0.01681507801 0.9678848562 0.2476024574
1625135775.572365 -1.164310683 -1.336235684 0.7538330132 -0.04125061944 0.01118831281 0.9617342464999999 0.2706297233
1625135775.671616 -1.272002563 -1.264437291 0.7649624537 -0.0527400271 0.01339590852 0.9630021183 0.2639430988
1625135775.771338 -1.380624609 -1.192459472 0.7706135622 -0.06181587064 0.01820384797 0.96348595 0.2598889034
1625135775.871385 -1.48470091 -1.124710703 0.7653047482000001 -0.05805167314 0.02010474607 0.9630040263 0.2623910207
1625135775.971907 -1.58379628 -1.059764806 0.7549997877 -0.04757695294 0.02238447366 0.9593703497 0.2772073249
1625135776.07196 -1.679727298 -0.9949854718 0.7547016837 -0.03588251362 0.02863272048 0.9588197550999999 0.2802807337
1625135776.172673 -1.78157198 -0.9255134543 0.7717616752999999 -0.03567184406 0.03281850235 0.9530704805 0.2988429766
1625135776.273039 -1.885166237 -0.8474915924 0.7881731851 -0.04565240609 0.03321622271 0.9460926776 0.3189375891
1625135776.373005 -1.983405179 -0.7598393964 0.7882384824000001 -0.05105774066 0.03597474398 0.9430353353000001 0.3267771124
1625135776.473168 -2.077485894 -0.6678070011 0.7754936017 -0.05138414623 0.03688360472 0.9364475828 0.3450582472
1625135776.572932 -2.167010958 -0.5776611679 0.7652649217 -0.04986715628 0.03277259119 0.9326657736 0.3557720883
1625135776.672762 -2.255091265 -0.4856782429 0.7699023426 -0.05311083911 0.03241460808 0.9288911384 0.3650887358
1625135776.772443 -2.343217875 -0.3924357282 0.7826255823 -0.05998368293 0.03443626064 0.9251531171 0.3732396169
1625135776.872325 -2.430821543 -0.3007965983 0.786505133 -0.06150179966 0.03478945663 0.9217275506 0.3813470137
1625135776.972496 -2.513962242 -0.2118987365 0.7786001333 -0.05288486289 0.03487492587 0.912879171 0.403284701
1625135777.17313 -2.662807003 -0.02872885562 0.7751170283 -0.03597145056 0.04086221538 0.8857950843 0.4608724365
1625135777.273497 -2.727125413 0.07403166239 0.7939533407 -0.03931107482 0.04486526044 0.8639660291 0.5000044484
1625135777.373483 -2.780849841 0.1836087331 0.81015887 -0.04689447386 0.04860272301 0.8434339362 0.5329708049
1625135777.473145 -2.824161648 0.2964505208 0.8099168748 -0.0465412481 0.05382598 0.8247626449 0.5609841848
1625135777.572383 -2.861071005 0.4106873386 0.7990667366999999 -0.04287181391 0.05672593768 0.8135289221999999 0.5771610418999999
1625135777.671868 -2.895175804 0.5219529734 0.7926553146999999 -0.04059609095 0.05199759286 0.8010755046 0.5949170056
1625135777.771346 -2.925025963 0.6344671438 0.8013277492999999 -0.03880724218 0.05322406878 0.791510132 0.6075960068
1625135777.871015 -2.95354653 0.7481881285999999 0.8164102353 -0.04188721744 0.05749086865 0.7816160156 0.6196907819
1625135777.971206 -2.982249347 0.8594220006 0.8212895469 -0.04507223727 0.05517769314 0.768400192 0.6359913997
1625135778.071992 -3.007402713 0.9670148263 0.8134668896 -0.04151442441 0.04754111917 0.7418620938 0.6675754851
1625135778.172615 -3.023278703 1.069826941 0.8060259459 -0.03504864164 0.04080338241 0.7145265399 0.6975374546000001
1625135778.273217 -3.02377602 1.165541132 0.8094906789 -0.02225645707 0.03970795991 0.6821280602999999 0.7298145226
1625135778.373717 -3.008608696 1.259924372 0.8216349279 -0.01978373177 0.04315311036 0.6415875051 0.7655794448
1625135778.473969 -2.97772451 1.354718633 0.8322534046 -0.02339187513 0.04662680927 0.596883612 0.8006301984
1625135778.673153 -2.877484834 1.527765532 0.8121908638999999 -0.01535428496 0.0421549777 0.5216843905 0.8519580979
1625135778.772673 -2.81612634 1.605715053 0.7979333706 -0.0153509619 0.03355409008 0.4826801573 0.8750190494
1625135778.872156 -2.744671909 1.67736493 0.7928688761 -0.01021840109 0.03138570113 0.4516693901 0.8915746094
1625135778.972177 -2.663096969 1.748920834 0.7952125133 -0.01134477737 0.03689490668 0.4021271159 0.9147698314
1625135779.071745 -2.577192166 1.816788734 0.7886446734 -0.01192970535 0.03321145989 0.3717217574 0.927673227
1625135779.172055 -2.485466858 1.88066432 0.7735741256999999 -0.005887507616 0.02976296581 0.3207935648 0.9466630826
1625135779.271842 -2.389636046 1.936098302 0.761443556 0.002282326687 0.02715018844 0.2847313114 0.9582200888
1625135779.372238 -2.291009088 1.97855723 0.7596087953 0.01519846308 0.02431268818 0.2355922186 0.9714289508
1625135779.472684 -2.187196117 2.008826396 0.7696954466 0.0215646144 0.02593631702 0.1742035528 0.9841317986
1625135779.572803 -2.077531967 2.02876905 0.7805750633 0.02302089461 0.03155479393 0.122872085 0.9916535605
1625135779.672726 -1.964945707 2.04080542 0.7783281831 0.02461362462 0.03301098017 0.07118911621 0.9966125398
1625135779.87152 -1.733356354 2.050500445 0.749792618 0.0250701339 0.0232500919 0.01357161967 0.9993231373
1625135779.970952 -1.613086454 2.050911932 0.7463945315 0.0270216711 0.02479953664 -0.002613807206 0.9993237615
1625135780.071142 -1.48381757 2.048198389 0.7510590673999999 0.03062136809 0.04045959398 -0.03698735142 0.9980266974999999
1625135780.171315 -1.354646545 2.046015772 0.7479191538 0.02670296415 0.04553418025 -0.06316893504 0.9966058779
1625135780.272013 -1.231040117 2.043727724 0.7309857552 0.02305074835 0.03626351697 -0.1091173893 0.9930997008
1625135780.37219 -1.110085795 2.039396756 0.7164896673 0.01917942598 0.02789251379 -0.1425036541 0.9892152778
1625135780.472602 -0.9906664589 2.028655593 0.715594317 0.02411493757 0.01679836327 -0.182912924 0.9826897511
1625135780.57246 -0.8670965487 2.010154112 0.7259513955 0.02390513699 0.02116380065 -0.2141387451 0.9762813302
1625135780.672007 -0.7392511628 1.983008452 0.7330222317 0.02315921187 0.03170069848 -0.228132027 0.9728383704
1625135780.771758 -0.6115005388 1.951293814 0.7241250748 0.02339577238 0.03186990285 -0.2470634543 0.9681924378
1625135780.871328 -0.484063226 1.915541576 0.7028590815 0.02222204997 0.02727038318 -0.254544811 0.9664209465
1625135780.971171 -0.3575233611 1.877707137 0.6876055867999999 0.01964437421 0.02164111587 -0.2672427882 0.963185887
1625135781.070774 -0.2264841555 1.830119702 0.6890003249 0.02923748092 0.03095829578 -0.2596664732 0.9647590767999999
1625135781.171141 -0.09266442825 1.778599375 0.6958090949 0.03335685696 0.04374293252 -0.2698850939 0.9613198802
1625135781.372082 0.1615040144 1.681155702 0.674759707 0.02749295032 0.03196288505 -0.2907263781 0.9558769192
1625135781.472523 0.2861047775 1.633752619 0.6660057031 0.02499756073 0.02090259196 -0.3049905697 0.9517977495
1625135781.573331 0.4114893861 1.580722664 0.675641002 0.02440563519 0.01834638582 -0.3379091853 0.9406833461
1625135781.672755 0.5348472651 1.516191651 0.6896935051999999 0.02158058968 0.02930331462 -0.3348286264 0.9415760112
1625135781.772809 0.655795503 1.440789535 0.6875333850000001 0.0217335158 0.03592038049 -0.3438525269 0.9380846552
1625135781.8726 0.7734667967 1.359948135 0.6712664116 0.01813423324 0.03758699909 -0.3528043265 0.9347659998
1625135781.972178 0.8849531556 1.27732025 0.654884277 0.01400100023 0.03548519393 -0.3514479259 0.9354299163000001
1625135782.071611 0.9890250906 1.195677707 0.6534640237 0.01369705166 0.02812015091 -0.3417866628 0.9392569004
1625135782.171539 1.094268677 1.112043267 0.6657663645 0.02194706574 0.02957769822 -0.3394557565 0.9399006732
1625135782.27143 1.200762887 1.030453278 0.6692474124 0.02338331046 0.02718353783 -0.3315101291 0.9427700199
1625135782.371816 1.309171324 0.9509020553 0.6549926034 0.02268640792 0.01802683263 -0.3337238338 0.9422254311
1625135782.472208 1.419136395 0.8758628441 0.6386346411 0.01976647387 0.008920220462 -0.3390444394 0.9405203795
1625135782.5724 1.527363985 0.800009665 0.6369588883 0.02042280816 -0.001014130888 -0.3362154495 0.9415630897
1625135782.672868 1.637562212 0.7178156194999999 0.6524905469 0.01617115329 0.009516171005999999 -0.3460906584 0.9380134287
1625135782.871902 1.830714995 0.533485393 0.6596750127 0.0163066689 0.01461869516 -0.3138876676 0.9492075213
1625135782.971899 1.918849672 0.4371162781 0.6437105447 0.01376822311 0.007770828077 -0.303589585 0.9526717242
1625135783.071748 2.008436596 0.3404406666 0.6350304864 0.009630497115000001 0.005290051511 -0.2901030508 0.9569323324
1625135783.17135 2.10893652 0.2446032584 0.6446668997 0.009435842571999999 0.01632263761 -0.2571744131 0.9661810688
1625135783.272056 2.220338382 0.1558731315 0.6573933551 0.01090203715 0.03507781431 -0.2546272645 0.9663413728
1625135783.37253 2.332172725 0.07840520211 0.6547018086 0.006691034029 0.0416813439 -0.2496995598 0.9674027214000001
1625135783.472527 2.43880148 0.006869620271 0.6399233687 0.005107639962 0.03364463508 -0.2353887759 0.9713053458000001
1625135783.572111 2.5472869 -0.06178775661 0.6310118545 0.008706372449999999 0.02938610088 -0.2045262351 0.9783811502999999
1625135783.67305 2.665409488 -0.1228072954 0.6381092219 0.004443200964 0.03512229786 -0.2131263694 0.9763830359
1625135783.773351 2.788508618 -0.1746648064 0.6544277764999999 -0.01065330158 0.05343826974 -0.2195025961 0.9740890456
1625135783.872393 2.905898857 -0.2196522362 0.6638229695 -0.02400059958 0.06666961535 -0.1871157765 0.9797789648
1625135783.971781 3.013658939 -0.2623457126 0.6605080069 -0.03087955778 0.06272827883 -0.1590733272 0.9847879429
1625135784.170281 3.222335804 -0.3474999485 0.6383390337 -0.04009514954 0.05150988509 -0.07756635588999999 0.9948480141
1625135784.268981 3.331557942 -0.3880107113 0.6445369485 -0.02623568752 0.06031501692 0.00533745167 0.9978202739000001
1625135784.369027 3.441151973 -0.4170864084 0.6572581717 -0.01332696601 0.06770554609 0.06913910854999999 0.9952176318
1625135784.469814 3.545753525 -0.4300263085 0.6559786114 -0.01493613667 0.06412036269 0.1257165923 0.9898791994
1625135784.571466 3.645482992 -0.4289112983 0.6362512227 -0.02199581402 0.05306190503 0.1543604118 0.9863434907
1625135784.672972 3.740925242 -0.4143095054 0.6165661962 -0.03138965311 0.04038352858 0.1764547113 0.9829789393
1625135784.774311 3.833724603 -0.3907238992 0.6134678219 -0.04115314326 0.03185703685 0.1866209335 0.9810525852999999
1625135784.874343 3.930797578 -0.3658213119 0.6226778858000001 -0.04615612708 0.03818212658 0.2176304928 0.9741913086
1625135784.973711 4.03051769 -0.3382039142 0.6248700864 -0.04445932693 0.04320103849 0.2643431775 0.9624342695
1625135785.073218 4.127536077 -0.3047331108 0.6133212683 -0.04415056152 0.04171064649 0.3036418408 0.9508483488
1625135785.172071 4.216045415 -0.2668007592 0.5985953686 -0.04532548617 0.03759700871 0.3641246274 0.92948659
1625135785.2713 4.291895236 -0.222946859 0.5966572536 -0.05084947251 0.03115808844 0.4207559364 0.905211548
1625135785.470972 4.434419637 -0.1092537298 0.6176314165 -0.05373621548 0.04213795327 0.5155116728 0.8541572029
1625135785.571187 4.501886731 -0.04218024758 0.6123168955 -0.04957440788 0.04508031377 0.5592180007999999 0.8263082784
1625135785.671712 4.565324821 0.03043745244 0.5998740075 -0.04208727584 0.0428098977 0.591783284 0.8038585190999999
1625135785.772301 4.620601928 0.1075331929 0.5886812879 -0.03732194625 0.03603082247 0.6212510166 0.7818925927
1625135785.872799 4.66528261 0.1891947841 0.5860468221 -0.03785094202 0.02782078993 0.6470380173 0.7610092732
1625135785.973135 4.70398868 0.2771818813 0.5905751669 -0.04585076705 0.03043505231 0.6716092322 0.7388588864
1625135786.072843 4.740175066 0.3654140696 0.5925002241 -0.04650043097 0.03267898615 0.7034766783 0.7084422043
1625135786.172001 4.773160035 0.4507684859 0.5847347706 -0.04124053207 0.029407486 0.7484303446 0.6612763699999999
1625135786.271534 4.79700981 0.5337233281 0.5735240583 -0.03643585013 0.02421003124 0.7884537914 0.6135364065
1625135786.371299 4.80629154 0.6148840934000001 0.5718564915 -0.04074740818 0.01658488068 0.8221268435 0.5676020117
1625135786.471184 4.808335045 0.7019404075 0.5792413673 -0.04043291548 0.02529423824 0.8557690829 0.5151549841
1625135786.57142 4.800669835 0.7929254579 0.5835254725 -0.04235976573 0.03667961799 0.8817504101 0.4683764193
1625135786.672026 4.78336656 0.8838296041 0.5765964057 -0.04446710824 0.04293598623 0.9008862486 0.4296314054
1625135786.772929 4.760266503 0.9670848277 0.5633014495999999 -0.04396399 0.0413047393 0.9120018361 0.4057261847
1625135786.873713 4.738294348 1.039290325 0.556362149 -0.03542464494 0.03685184835 0.9198093178 0.3890216635
1625135787.07456 4.691239891 1.183943227 0.5743866469 -0.04400261453 0.03712170837 0.9255469889 0.3742305707
1625135787.173823 4.674106565 1.255862338 0.5779708072 -0.04016756753 0.04043229341 0.9339295422 0.3528844093
1625135787.273719 4.660803921 1.320579212 0.5742092157000001 -0.03555380736 0.03868442532 0.9355288375 0.3493211076
1625135787.373519 4.657583446 1.374911266 0.5701712779 -0.02587665462 0.03022299294 0.9325814427 0.358760118
1625135787.472666 4.662816556 1.428182327 0.5725353188 -0.01536788219 0.02617387075 0.9374341952 0.3468369738
1625135787.57281 4.670131187 1.4834128 0.5806743186 -0.01013556584 0.02886567877 0.9302623047 0.3656174056
1625135787.672374 4.674522043 1.538555719 0.5867299437 -0.01158495384 0.02960625743 0.9284223581 0.3701637251
1625135787.772861 4.678190962 1.593922414 0.5852411462 -0.01567199818 0.0324491253 0.916159741 0.3991901447
1625135787.873076 4.684213515 1.648253061 0.5799879326 -0.02161566076 0.03787462721 0.9007825283000001 0.4320753551
1625135787.97322 4.694352827 1.701094226 0.5748369328 -0.02642706138 0.04297583869 0.8837876967 0.4651601819
1625135788.073345 4.710238302 1.750486102 0.5707921044000001 -0.03110741166 0.0466337459 0.8613137239000001 0.5049715751
1625135788.173162 4.733225544 1.794514311 0.5696704873 -0.03325771194 0.05109798906 0.8385495849 0.5414032821
1625135788.272813 4.76184422 1.829829538 0.5693157245 -0.02919282345 0.05432337731 0.8152693969 0.5757886419
1625135788.472011 4.826379114 1.881193415 0.56866963 -0.02317879596 0.06638575592 0.7662312194999999 0.6387060302000001
1625135788.571789 4.861977975 1.899391946 0.569449287 -0.02469235404 0.07034981182 0.7389579147999999 0.6696136138
1625135788.671771 4.903938852 1.91154545 0.5726287149 -0.02713253684 0.07026684749000001 0.7080165532 0.7021673277
1625135788.771594 4.956052211 1.913237426 0.5775112845 -0.02343574877 0.06511358913 0.6795303461 0.7303762694
1625135788.871325 5.016196496 1.905819936 0.5834280329 -0.01652367225 0.05679918823 0.6556458142 0.7527478906
1625135788.971606 5.079061879 1.897010827 0.5889845972 -0.01260440596 0.04671487585 0.6211255804 0.7822159949
1625135789.07167 5.143853064 1.891162243 0.5915592532 -0.01061598653 0.03959015158 0.58804312 0.8077903252999999
1625135789.171611 5.209695552 1.890259543 0.5913523478 -0.01098250432 0.03785179321 0.5608370995 0.8269875296
1625135789.271728 5.274470439 1.895573506 0.5891165965 -0.01268608704 0.03943362485 0.5257028989 0.8496590578
1625135789.371454 5.337999944 1.907015978 0.5870201988 -0.01294168496 0.04312556939 0.5021318525 0.8636181452
1625135789.471457 5.399867436 1.925527962 0.5860805427 -0.01189336655 0.04483447437 0.474432889 0.8790687411
1625135789.571328 5.463506933 1.953214754 0.5839409435 -0.01102089841 0.0450019723 0.4507996047 0.891421942
1625135789.771166 5.603164748 2.036548152 0.572843551 -0.01053150218 0.03851683141 0.4124282592 0.910114538
1625135789.871335 5.6765716 2.090338125 0.5744894296 -0.01376825661 0.03230021064 0.3892983987 0.9204422243
1625135789.971245 5.751430196 2.149489319 0.5814448317000001 -0.02031508027 0.03034683251 0.375738424 0.9260059416999999
1625135790.071129 5.828091778 2.213615328 0.5871685691 -0.03123532695 0.03164975125 0.366308577 0.9294302954
1625135790.17051 5.909464834 2.27638956 0.5823921481 -0.03213008878 0.02841832061 0.3747730987 0.9261237395
1625135790.270098 5.997187657 2.340041744 0.5660595531 -0.02815414394 0.02230416364 0.387210559 0.9212914042
1625135790.369935 6.092316486 2.412311883 0.5485755919 -0.02904923757 0.02161317042 0.3980242378 0.916660089
1625135790.469757 6.18927249 2.493437458 0.5376279403999999 -0.03181369317 0.02052318766 0.4188755334 0.9072540853
1625135790.570012 6.288140597 2.582158528 0.5365111289 -0.03057688969 0.02745672414 0.436358967 0.8988337077
1625135790.670512 6.384715353 2.67389884 0.5330830622 -0.02677898715 0.03260654539 0.4484345126 0.8928192353
1625135790.771 6.47961841 2.771894055 0.5153660838 -0.0240125018 0.03173569215 0.4624526992 0.8857503862
1625135790.871979 6.570202372 2.878065105 0.4923950482 -0.02455378475 0.02714702231 0.4599884342 0.8871701028
1625135790.972533 6.654294427 2.987579641 0.4826707459 -0.02691951158 0.02373910758 0.4596024684 0.8873992144
1625135791.072712 6.734666684 3.10266887 0.4912857575 -0.04077102495 0.03020881287 0.4640172426 0.8843716129
1625135791.271709 6.880716132 3.31839211 0.4901346037 -0.05164630357 0.0257905289 0.4941344585 0.8674667976
1625135791.370358 6.95077947 3.417730092 0.4694084344 -0.04043956029 0.01756013102 0.5413108551 0.8396659109
1625135791.469691 7.012196672 3.518874825 0.4557014184 -0.0305984134 0.003257886636 0.5783163759 0.8152320483
1625135791.568709 7.062886393 3.628012416 0.4627176513 -0.0282311164 -0.0005241799413 0.6353985854 0.7716679124
1625135791.669261 7.104232657 3.750707937 0.4774259482 -0.02988605073 0.01163767518 0.6640560316 0.7469946287
1625135791.769428 7.135656308 3.876971363 0.4774156235 -0.03377881587 0.01843250975 0.70556758 0.7075970776
1625135791.870462 7.155756105 3.99874444 0.4618217234 -0.03304548372 0.01130502535 0.7320155548 0.6803921075
1625135791.971575 7.164537671 4.116570327 0.4469007152 -0.03232053153 0.002666336625 0.7485904284 0.6622391142
1625135792.072336 7.163704891 4.2360031 0.4462346831 -0.04331931531 0.0002771446852 0.7680652066 0.6389046866
1625135792.172753 7.158989537 4.350047927 0.4538702759 -0.05700677689 5.662292534e-05 0.7830682581 0.6193176305
1625135792.271845 7.157962457 4.452041319 0.455134409 -0.04965799547 -0.003041842266 0.8213719658999999 0.5682190813
1625135792.371461 7.15715846 4.549757167 0.4477970859 -0.0329632848 -0.009238455357 0.849687397 0.5261743059
1625135792.471117 7.145912232 4.64931797 0.4376718864 -0.0283442228 -0.01596431489 0.8755948895 0.4819495153
1625135792.6707 7.080357329 4.866797307 0.4430037736 -0.04828293211 0.0148344553 0.9220988490000001 0.3836435977
1625135792.771383 7.02673376 4.967928326 0.4414768147 -0.06060282689 0.02209492245 0.9322299716 0.3560707679
1625135792.872155 6.968155991 5.057319517 0.4270239468 -0.0664609766 0.01839182599 0.9384917369 0.3383458869
1625135792.973082 6.909459388 5.13850681 0.4126515681 -0.06668407972 0.01437650109 0.9390773161 0.3368684374
1625135793.073435 6.84961369 5.215612038 0.4115340655 -0.06509258451 0.01399834133 0.9388908246 0.3377144081
1625135793.17305 6.784207386 5.295874219 0.4171541133 -0.0753942588 0.01863538453 0.9425956036000001 0.324779858
1625135793.272587 6.719872078 5.375551063 0.419440564 -0.07673478025 0.02516692885 0.9456887625 0.3148827776
1625135793.371779 6.655635909 5.449701623 0.4132191633 -0.07034572747999999 0.0278376314 0.9514695213 0.2982990026
1625135793.47103 6.586627598 5.516962538 0.4040486533 -0.06624602531 0.02501367118 0.9581055364 0.2775239836
1625135793.570154 6.513421886 5.578384039 0.4032968712 -0.05988982164 0.01923588209 0.9667269199 0.2479561504
1625135793.669936 6.431291811 5.642685372 0.4104163457 -0.06615687768 0.02652656279 0.9717488184 0.2249974287
1625135793.77 6.339499664 5.705171867 0.4153006294 -0.07842134746 0.03192308329 0.9752871078000001 0.204073679
1625135793.870881 6.242396919 5.762048706 0.4058357466 -0.08397046787 0.02787026097 0.974944662 0.2040958478
1625135794.072429 6.049890748 5.862964949 0.3734501459 -0.08675654905000001 0.0193458093 0.9716627134 0.2190219449
1625135794.172891 5.956669841 5.909500619 0.3693702643 -0.09294391238999999 0.01322963141 0.9674118177 0.235161181
1625135794.272359 5.869232793 5.958574486 0.3663617719 -0.09802324976 0.01343148655 0.9692209406 0.2254369225
1625135794.371968 5.788240612 6.011307744 0.354987767 -0.09627938391 0.01780182784 0.9701704933999999 0.2217714789
1625135794.470908 5.711509871 6.066234524 0.3289961144 -0.09157864838 0.02462311099 0.9764678089 0.1936947904
1625135794.570576 5.63161874 6.12264824 0.2829129517 -0.08685959522 0.02802310168 0.9803655139 0.1747958114
1625135794.670835 5.548220592 6.179574697 0.2254360303 -0.07817228842 0.02891077839 0.9814792401 0.1724869894
1625135794.771322 5.450501648 6.239459054 0.1904044039 -0.09337867917999999 0.0372869056 0.9796786696000001 0.1735506071
1625135794.872175 5.342643195 6.295381883 0.1627863295 -0.1078357813 0.03401692993 0.9749063072 0.1917602274
1625135794.972436 5.247692931 6.347065795 0.1091460773 -0.1013449477 0.02701528861 0.9737147145 0.2021856339
1625135795.071737 5.164756546 6.400382631 0.05758519505 -0.09266235716 0.031118439 0.976251155 0.1933365272
1625135795.17134 5.076062712 6.451602405 0.0226205367 -0.092141124 0.02497124401 0.9793143874 0.1784090269
1625135795.27187 4.985913724 6.498178613 -0.02066159733 -0.08803463588 0.004554558164 0.9754056583 0.2020221785
1625135795.371176 4.89633084 6.543193579 -0.05946558564 -0.08654775057 -0.008827633126 0.9788788436 0.1850074845
1625135795.570493 4.698443451 6.634813179 -0.06088694795 -0.09332285696000001 -0.01105696127 0.9817803839 0.1651540666
1625135795.671115 4.602881939 6.678545086 -0.06977708568 -0.08454876577999999 -0.01910942888 0.9810597642 0.17322839
1625135795.771445 4.514641627 6.726097689 -0.0753957497 -0.07063463915 -0.01711454448 0.9802359312 0.183998259
1625135795.871315 4.419436842 6.781624037 -0.07093361125 -0.07816552216 -0.01540255242 0.9813780843 0.1747854917
1625135795.971392 4.318807882 6.845210664 -0.07238185242 -0.08658680940000001 -0.01663493065 0.9807740976 0.1740924265
1625135796.071284 4.224980645 6.913429723 -0.09353214284 -0.0843193909 -0.02065796313 0.9826892786 0.1636620622
1625135796.1718 4.141861567 6.984172535 -0.1247803102 -0.07142167218999999 -0.0232411828 0.9815317124 0.1759383123
1625135796.271868 4.061245693 7.057644286 -0.1454864925 -0.05464801771 -0.02591345397 0.9814613863 0.1818670784
1625135796.371918 3.964051514 7.139669581 -0.1514943378 -0.06468922537000001 -0.01302664894 0.9793829321999999 0.1909310938
1625135796.47114 3.851266207 7.223153986 -0.159159164 -0.08934332935 0.002354674724 0.9811284021 0.1714621928
1625135796.571436 3.736932759 7.303048299 -0.1875080741 -0.0968652851 0.0113722665 0.9788983182 0.1795713527
1625135796.671266 3.63641255 7.372635296 -0.2251161248 -0.08114830181 0.01389038617 0.9801242301999999 0.1804951626
1625135796.771052 3.542673096 7.435094279 -0.2499845537 -0.05849332937 0.01616862985 0.9836887126 0.1693328749
1625135796.871344 3.444527148 7.5000447 -0.2554911633 -0.0527697888 0.01942800501 0.9821849408 0.1793060069
1625135796.970894 3.340771573 7.570965636 -0.2539692015 -0.05473361781 0.02402732764 0.9850281367 0.1616987585
1625135797.071365 3.233689363 7.64560907 -0.2750888571 -0.05326775724 0.02425402283 0.9839522627 0.168559287
1625135797.270552 3.024122093 7.794078825 -0.3419923804 -0.04378482301 0.01877024183 0.9904894938 0.1290779997
1625135797.370551 2.91153333 7.860730223 -0.3351871371 -0.05008382997 0.02427450286 0.9918249428 0.1148287475
1625135797.470426 2.792267049 7.915720726 -0.3324152029 -0.05896637819 0.02002048947 0.9942353694 0.08728216644
1625135797.5718 2.675396181 7.965911438 -0.358932231 -0.05751272885 0.01479309142 0.9923968453999999 0.1078051563
1625135797.672391 2.568157249 8.015686725 -0.396612723 -0.04221823541 0.01697941677 0.9913174089 0.1233657763
1625135797.772912 2.466281628 8.070622999999999 -0.4189595539 -0.02639800244 0.03153183818 0.9893602041 0.1395538434
1625135797.874487 2.368901152 8.123780878 -0.4207535785 -0.02979773569 0.03172957512 0.9755893575 0.2152457539
1625135797.973168 2.283797623 8.177560746999999 -0.4165810251 -0.02736382449 0.02525633687 0.9740955364 0.2230498252
1625135798.072275 2.205251112 8.230143005 -0.4257557064 -0.01710962216 0.01512025693 0.9718867905 0.2343388682
1625135798.171433 2.134394604 8.284055304000001 -0.4493038757 -0.007076802707 0.007798232234 0.9671903214999999 0.2538345692
1625135798.270393 2.070281592 8.341242808000001 -0.4678204031 0.002766676585 0.001447315971 0.9665213076 0.2565673648
1625135798.46997 1.947223819 8.467720334999999 -0.4508503335 -0.008809964014000001 0.01609130098 0.9542240893 0.2985294659
1625135798.570948 1.890092236 8.519356665 -0.442685705 -0.01415879333 0.007493587399 0.9394339858 0.3423553139
1625135798.671255 1.841211389 8.564098 -0.443353758 -0.008948439737 -0.003037583987 0.9223418036 0.3862593635
1625135798.770804 1.792233871 8.611943522000001 -0.4451209861 -0.003341363621 -0.007456245479 0.9175385939 0.3975627855
1625135798.871296 1.741162957 8.662401064000001 -0.4509727424 0.004694256474 -0.007426815429 0.896805844 0.4423370711
1625135798.97098 1.699718569 8.715638903 -0.4602512385 0.01224868072 -0.0009711221721 0.88504876 0.4653361358
1625135799.071101 1.666827639 8.772391628999999 -0.4587941067 0.004715981037 0.007754892005 0.8672610706 0.4977708877
1625135799.171496 1.643836716 8.821918029000001 -0.4515013881 -0.003639463789 0.004726312968 0.8404999909 0.5417787201000001
1625135799.271286 1.631098725 8.863613964000001 -0.4494885065 -0.005672511837 -0.005146788966 0.8186249817 0.574277348
1625135799.371027 1.627548971 8.904690437999999 -0.4561419625 -0.007365435168 -0.01080770967 0.7964857829999999 0.6045157907000001
1625135799.47069 1.633611695 8.946851650999999 -0.4649362325 -0.007646440151 -0.01145104659 0.7755780772999999 0.631101459
1625135799.670554 1.672531547 9.025833049999999 -0.4695775283 -0.002677205032 0.0008828170595 0.7198066355 0.6941688992
1625135799.770808 1.702460627 9.056629408999999 -0.4684358308 -0.002069169409 0.004663957294 0.6844576027 0.7290348113
1625135799.871268 1.735346274 9.082135211000001 -0.4644473512 -0.003787968649 0.005068811342 0.6381866456 0.7698556773
1625135799.971591 1.767564909 9.106058901999999 -0.4652954008 -0.008462930076 0.002672382531 0.5895365814 0.8076929221
1625135800.072127 1.801399455 9.129895326 -0.4698754258 -0.01412028304 0.004186030682 0.5233180972 0.8520101313
1625135800.172119 1.838506594 9.147453859000001 -0.4751344414 -0.01652450397 0.004494971954 0.4649375133 0.8851778605
1625135800.272492 1.875933097 9.155649274 -0.4786082599 -0.01276827324 0.00230635536 0.3853799878 0.9226667421
1625135800.372272 1.909358814 9.153277467000001 -0.477288772 -0.005906723058 0.0001940137993 0.3110438348 0.9503771913
1625135800.471796 1.937568835 9.145182691 -0.4717719017 -0.001528413098 0.001110333503 0.242797365 0.9700751882
1625135800.57184 1.960261702 9.133438367 -0.4698063361 0.001302239005 0.003189376114 0.1538873265 0.9880823968
1625135800.770516 1.995404823 9.094570234000001 -0.4821451693 0.0003602051793 0.01409208985 0.01838483612 0.9997316045
1625135800.869753 2.007250219 9.067228403 -0.4914006178 -0.002526532134 0.01986098036 -0.03702851309 0.9991136308
1625135800.969277 2.013045572 9.036394389 -0.49903979 -0.009598664627 0.02219750433 -0.08685715378 0.9959271918
1625135801.068939 2.01092738 9.003694063999999 -0.5040407232 -0.01875199898 0.0181292665 -0.1321787366 0.9908826741
1625135801.168757 2.002601157 8.969429156 -0.5058523623 -0.02671148637 0.0134266414 -0.1691093853 0.9851437649
1625135801.268636 1.988698807 8.934227568000001 -0.506213379 -0.02859931916 0.004429410203 -0.2014488757 0.9790714018
1625135801.36801 1.973428457 8.902205095999999 -0.5035089135 -0.02774693476 -0.007219006378 -0.2028027529 0.9787997941
1625135801.468506 1.959911645 8.878605858 -0.4981377525 -0.02421018226 -0.0207797612 -0.2212653439 0.9746916005
1625135801.569097 1.947542597 8.864364171 -0.4920210368 -0.02179681386 -0.03703047676 -0.2401300612 0.9697892536
1625135801.669382 1.935836502 8.856431683 -0.4853646877 -0.01879832462 -0.0532740268 -0.2433468305 0.9682927353
1625135801.769534 1.92400986 8.856047303 -0.4774646861 -0.015918801 -0.07231420636999999 -0.2370749797 0.9686654228
1625135801.96956 1.898759171 8.872003983999999 -0.4615164155 -0.004017366171 -0.1216807377 -0.194216647 0.9733743128
1625135802.069433 1.885649685 8.884683862999999 -0.4557897631 0.001962176453 -0.1463463949 -0.1581801343 0.9765029072
1625135802.169569 1.87423394 8.899158991 -0.4490914399 0.00822253415 -0.1670261411 -0.1218196052 0.9783632464000001
1625135802.269559 1.864282679 8.913168173000001 -0.442238183 0.01548499222 -0.1847638436 -0.07620076571999999 0.9797019855
1625135802.369483 1.855474569 8.922353899000001 -0.4367520224 0.02701743185 -0.2011103551 -0.02060843867 0.9789790476
1625135802.469464 1.842772382 8.926545297000001 -0.4330736391 0.0427040912 -0.2222484042 0.04040343395 0.9732160962
1625135802.569696 1.821901177 8.925238888999999 -0.433529262 0.06052403948 -0.2460410251 0.1005055282 0.9621326797
1625135802.670547 1.798023664 8.918282016999999 -0.4375182129 0.08086157005 -0.2690922251 0.142958698 0.9490066341
1625135802.771521 1.780305785 8.907923661 -0.4401619269 0.09763230504000001 -0.283640796 0.173308918 0.9380724123
1625135802.872345 1.772886513 8.898461632 -0.440591865 0.1075605322 -0.2890410497 0.1946848322 0.9311196591000001
1625135802.972565 1.770729006 8.889431739000001 -0.4381511457 0.1113015236 -0.2925917355 0.2180608847 0.9243654568
1625135803.072635 1.770528847 8.879625111999999 -0.4352536092 0.1140859255 -0.2953047964 0.2384621104 0.9181041884
1625135803.172824 1.773070194 8.867545656000001 -0.4361988518 0.1259497921 -0.2950658476 0.2447014816 0.9149830492
1625135803.272058 1.778281058 8.852641005000001 -0.4419012094 0.1363368328 -0.2997062127 0.2689675623 0.905121486
1625135803.371138 1.786384747 8.836279314 -0.450150791 0.1485064632 -0.3067392418 0.3002173133 0.8909132577
1625135803.470607 1.797091323 8.823023622999999 -0.4583266445 0.1625634835 -0.3113067391 0.3228004276 0.8788976687
1625135803.57031 1.809936868 8.816198646 -0.4618360757 0.1723601549 -0.3105608501 0.3400492134 0.8707528168000001
1625135803.670208 1.824937587 8.816660127 -0.4608867987 0.1770385999 -0.3046702296 0.353642954 0.8664698762
1625135803.770211 1.840505978 8.822632256 -0.4594033933 0.1777323563 -0.2981502751 0.3644495139 0.8641146769
1625135803.870407 1.85440531 8.829829173 -0.4574605665 0.1780832708 -0.2905654922 0.3688140822 0.8647740839
1625135803.9706 1.865421252 8.836026754000001 -0.4558870847 0.1785349023 -0.2839677293 0.3697733293 0.866461368
1625135804.070607 1.874009064 8.841470986999999 -0.4546603869 0.1781836257 -0.2798766692 0.3719950536 0.8669136783
1625135804.170623 1.88090854 8.846027429999999 -0.4519799446 0.1788254176 -0.2741462659 0.3725642842 0.8683669438
1625135804.370861 1.894413105 8.85997843 -0.4437196864 0.1765043161 -0.2531054927 0.3631219837 0.8791622495
1625135804.471234 1.903074873 8.873416255 -0.4377413617 0.1655906262 -0.2332973692 0.3427280787 0.894812576
1625135804.571542 1.914502279 8.888616537000001 -0.4299740121 0.1492131647 -0.2081380545 0.3206771354 0.9119101691
1625135804.672012 1.928729105 8.901066551 -0.4253791683 0.136668448 -0.1772980693 0.2857967136 0.9317764584
1625135804.772083 1.944072233 8.908925403 -0.4260477414 0.1229902351 -0.1458803451 0.2525952808 0.9485715319
1625135804.872219 1.959987357 8.914273230999999 -0.4318188702 0.1080554155 -0.1143884273 0.2077670579 0.9654388456
1625135804.972218 1.976368469 8.916703828999999 -0.4393479704 0.09319703393999999 -0.08418599979999999 0.1547758029 0.979934427
1625135805.072206 1.995561995 8.918888814000001 -0.4464821297 0.07279660221000001 -0.0519059434 0.09266666750999999 0.9916750055
1625135805.17215 2.018632507 8.918414946 -0.4550431544 0.05280757612 -0.01913853891 0.01916383746 0.9982373583
1625135805.27143 2.039746416 8.911788741000001 -0.4642625236 0.03632563133 0.006336026602 -0.03992164367 0.9985221909000001
1625135805.370764 2.059736809 8.899389408999999 -0.47431435 0.02347111673 0.02944181431 -0.09962006112000001 0.9943128932
1625135805.470042 2.080455555 8.881827943999999 -0.4868225559 0.01456667734 0.05340185933 -0.155866692 0.9862259516
1625135805.569328 2.098820991 8.861084087 -0.5002131447 0.009211079939 0.07375992941999999 -0.2057350209 0.9757805747
1625135805.76871 2.130226493 8.826560726 -0.5153324764 -0.001877175753 0.1029077085 -0.2990959761 0.9486559318
1625135805.868203 2.145215314 8.815721413 -0.5160057817 -0.006873053298 0.1142795045 -0.3293793626 0.9372311302
1625135805.966592 2.147790839 8.806348064 -0.5131084552 -0.0007825727484 0.110010511 -0.3122953979 0.9435934821
1625135806.066545 2.143897798 8.797696983 -0.5100951784 0.00668629258 0.09780267869000001 -0.3145941916 0.9441506364
1625135806.167161 2.142699555 8.785628117 -0.5084780166 0.0141039048 0.09080866875 -0.3346522294 0.9378500685
1625135806.267007 2.139375536 8.769953126000001 -0.5131748583 0.02544153139 0.07574076652 -0.3115238633 0.9468732478
1625135806.368957 2.148471297 8.747084165 -0.5192984835 0.03196556127 0.08054404564000001 -0.3419397348 0.9357179476
1625135806.469683 2.168877184 8.719535097 -0.5255037042 0.03292125394 0.08403171404 -0.3412019119 0.9356474322
1625135806.570695 2.199086545 8.689616753999999 -0.5301251722 0.02969652382 0.08797796698 -0.3468339333 0.9333189254000001
1625135806.67117 2.236334896 8.655729131999999 -0.5354230601 0.02576754101 0.09201337955 -0.3472978686 0.9328739262
1625135806.771326 2.280497633 8.617865059 -0.5375855765000001 0.02187725586 0.09498140853000001 -0.3435197158 0.9340739385
1625135806.870381 2.328439577 8.575163984 -0.5333600546 0.02277688865 0.09350063698 -0.3114253077 0.9453851712
1625135807.070137 2.435062303 8.486611999000001 -0.5178463332 0.02179124376 0.07975346256 -0.2665383141 0.9602717605
1625135807.171009 2.499961372 8.441748173000001 -0.5151425796 0.0151431499 0.07607424905 -0.2796050338 0.9569767075
1625135807.271613 2.573987433 8.392496664999999 -0.5153384651 0.01359857097 0.07057099905 -0.2884017878 0.9548084739
1625135807.372041 2.657798953 8.341861309 -0.5096382671 0.008169427093 0.06509723884 -0.3035359701 0.9505585331
1625135807.471598 2.744882513 8.288016733999999 -0.4943694896 0.002988008138 0.06221963451 -0.3004088215 0.9517743056
1625135807.571015 2.83307274 8.223446238999999 -0.4734348385 0.002646443636 0.06411873581999999 -0.2939497768 0.9536641509
1625135807.670859 2.924019268 8.147825231000001 -0.4588452253 0.004047817828 0.07270939274 -0.2968601054 0.9521402403
1625135807.770996 3.017198611 8.064114890000001 -0.4594725618 0.006047221935 0.08101985482 -0.3128908556 0.9463078393
1625135807.870661 3.109872466 7.972399109 -0.4650831196 0.014629114 0.08254276871000001 -0.3178434472 0.9444301051
1625135808.069721 3.290397101 7.798265578 -0.4325869361 0.02123021567 0.07092645217 -0.3146495467 0.9463162152
1625135808.169283 3.380968255 7.715842305 -0.4008892515 0.02654353199 0.06764916830999999 -0.3025548546 0.9503576121
1625135808.269149 3.476416752 7.635903479 -0.3923091636 0.02741192521 0.06262924995999999 -0.2944811537 0.9532087985
1625135808.369002 3.573184484 7.562682166 -0.4031399504 0.0221089147 0.04084172236 -0.2796286787 0.9589843334
1625135808.469717 3.679906458 7.487846701 -0.3935787323 0.02006832511 0.02546001048 -0.2845869409 0.9581019378
1625135808.570562 3.792284666 7.411202221 -0.3589328259 0.01938933847 0.01984967363 -0.2978478336 0.9542099937
1625135808.671683 3.904413661 7.32883335 -0.3129981 0.02153945792 0.02725062656 -0.3283430802 0.9439196347
1625135808.771547 4.012478402 7.241534518 -0.2806539579 0.02403144729 0.03880180808 -0.3327905009 0.9418956374
1625135808.871825 4.11909807 7.15113026 -0.2748646069 0.02544087776 0.04280824243 -0.3521571827 0.93461518
1625135808.971346 4.225542575 7.057537715 -0.2781270232 0.02698232006 0.03876608489 -0.3640023479 0.9301996752
1625135809.169504 4.454280019 6.871034666 -0.2281253749 0.02881656298 0.04504927509 -0.3413730442 0.9384053565
1625135809.268522 4.57143243 6.782290942 -0.1885604448 0.03726040114 0.05298885494 -0.315044492 0.9468636712
1625135809.367972 4.683992183 6.702559646 -0.1649900602 0.03929930966 0.05342066592 -0.28518234 0.9561761499
1625135809.468601 4.794514899 6.624945399 -0.1611524922 0.03927578577 0.04371446002 -0.2782499423 0.9587092511999999
1625135809.569947 4.911315881 6.547389663 -0.1564216847 0.03556168327 0.0369819901 -0.2959876066 0.9538128935
1625135809.670186 5.029511275 6.470964599 -0.1371539032 0.02932419196 0.03873161839 -0.2890356171 0.9560849155
1625135809.771145 5.146882437 6.395092374 -0.1008900762 0.02486355825 0.04963967673 -0.2989758378 0.9526442958
1625135809.872302 5.263773044 6.31810386 -0.06535064039000001 0.01826651856 0.07047748311 -0.3359782495 0.9390515825
1625135809.972353 5.378531798 6.240175529 -0.04900944233 0.009020771071 0.08934795236 -0.3523926879 0.9315336616
1625135810.072278 5.488016668 6.163755082 -0.04227878707 -0.0008264773992 0.09393498391000001 -0.3756690081 0.9219806571
1625135810.171094 5.593748778 6.09091409 -0.02513010999 -0.007801215557 0.09509989962 -0.3731858453 0.9228366459
1625135810.269739 5.695827569 6.023655371 0.00923723628 -0.01622803878 0.09868596584 -0.3541090114 0.9298411364
1625135810.368596 5.796376234 5.959485495 0.05347029638 -0.0192466549 0.112045521 -0.3322383822 0.9363188692
1625135810.567669 5.973994096 5.844491161 0.1016225561 -0.004418098286 0.11991789 -0.2835256787 0.9514270175
1625135810.667964 6.057949004 5.795031723 0.1133238194 0.0008158680759 0.1144646875 -0.2653301867 0.9573385303
1625135810.769351 6.13971229 5.753742687 0.137003812 -0.004026616743 0.1114052231 -0.275905145 0.9546983888
1625135810.870537 6.213875518 5.711416017 0.1784444791 -0.005932171202 0.1115755586 -0.2900572908 0.9504643455
1625135810.971118 6.275017109 5.659828475 0.2233569773 -0.002651073619 0.106275986 -0.2989480596 0.9483292911
1625135811.071323 6.334689641 5.598780725 0.2518460552 0.004819836054 0.101974557 -0.2998504168 0.9485081373000001
1625135811.171741 6.39997656 5.533142781 0.2557243544 0.01108713678 0.09600472529 -0.318056424 0.9431332246
1625135811.271119 6.471078332 5.465178716 0.2524652391 0.0169353501 0.08905535615 -0.3116398265 0.9458662464000001
1625135811.370792 6.551709859 5.396593253 0.2630801729 0.01876472754 0.09134086466000001 -0.3104585222 0.9460022396
1625135811.469933 6.635936061 5.331366339 0.291990186 0.02177534543 0.09741211844 -0.2953269179 0.9501677352
1625135811.568988 6.722561257 5.272037959 0.3291757994 0.02708731198 0.1060168997 -0.2632654827 0.9584977726
1625135811.669505 6.810091898 5.217520437 0.3591110664 0.03045901574 0.1079492093 -0.2696266837 0.9564103032
1625135811.86934 6.983994374 5.100990434 0.3764504062 0.04293387068 0.08813453566 -0.2379388371 0.9663198726
1625135811.970849 7.071330494 5.042141471 0.3830205717 0.0434389058 0.07208350644 -0.2715297817 0.9587432436
1625135812.070943 7.161498644 4.978097817 0.4035936333 0.04840299359 0.06130824828 -0.2688319216 0.9600145034000001
1625135812.172143 7.248916113 4.909750807 0.4311376283 0.05162067142 0.05542324883 -0.3071493959 0.9486426189
1625135812.371954 7.426962094 4.751331414 0.4457632447 0.05097715015 0.06109519543 -0.3345955204 0.9389965628
1625135812.472201 7.522815117 4.663923109 0.4332529383 0.04193615658 0.06755047333 -0.3721066158 0.9247783295000001
1625135812.571091 7.615339806 4.573565516 0.4294026037 0.03406145827 0.06772298485 -0.3766378014 0.9232536926
1625135812.670131 7.704037042 4.476281941 0.443159245 0.03410126198 0.0640803802 -0.3759379642 0.9237973024
1625135812.769564 7.791205207 4.370438141 0.4594205824 0.04196910678 0.06659857715 -0.3853255783 0.9194168925
1625135812.868455 7.879857662 4.259372017 0.4615141064 0.0486057262 0.06692617418000001 -0.3643153008 0.9275951338
1625135812.968874 7.969544813 4.144411895 0.4453765127 0.05100901093 0.06117517065 -0.3746612058 0.9237340852
1625135813.069569 8.059346973 4.030388551 0.4348431248 0.04727915412 0.06375278720999999 -0.3939357366 0.9157045916
1625135813.170217 8.135135974000001 3.919989306 0.4436487876 0.03894445297 0.05015738919 -0.4092634458 0.9102038220999999
1625135813.271163 8.198191660999999 3.803918858 0.4699635679 0.03426327014 0.04791411207 -0.4428127852 0.8946770945
1625135813.371139 8.24684781 3.681283673 0.4911955278 0.03655410239 0.04829722335 -0.4559693952 0.8879319154999999
1625135813.471579 8.285329723 3.553556086 0.4918535584 0.03894253065 0.04434210357 -0.4855180338 0.8722324782
1625135813.671559 8.335650486 3.292935106 0.4846694056 0.03417111422 0.02877518397 -0.5420154366 0.8391803086
1625135813.771197 8.352427532 3.159646282 0.5034701837 0.03686926773 0.02644882129 -0.5659070249 0.8232195067
1625135813.870952 8.36335382 3.021719742 0.5213121526 0.04679636854 0.03144695927 -0.5952736264 0.8015425743
1625135813.97079 8.367401248 2.883834112 0.5203325151 0.05066317003 0.03369695354 -0.6257543618 0.7776433869
1625135814.070742 8.362201706 2.747265024 0.5065424012 0.05111218814 0.02974348977 -0.663654549 0.7456980010000001
1625135814.170246 8.346345468999999 2.616051488 0.4998328133 0.05101803356 0.02481334585 -0.6880708422 0.7234224037
1625135814.270749 8.318167456999999 2.488504618 0.5145428752 0.05546011752 0.01891921512 -0.731428941 0.6793952774000001
1625135814.371145 8.275857983 2.363784874 0.5390097759 0.06147380889 0.0211999575 -0.7784161272 0.6243715765
1625135814.470665 8.219718131 2.240335094 0.5534557077 0.07130214412999999 0.02571623274 -0.8036710018 0.5902267366
1625135814.570914 8.156963462 2.117157137 0.5480806938 0.07618110585 0.03197601918 -0.8418953982 0.5332786437
1625135814.670024 8.090002873 1.99983511 0.5338948905999999 0.07430004905 0.03253095986 -0.8617085266 0.5008788821
1625135814.768567 8.022082724000001 1.886439678 0.5314864775 -0.07188792411 -0.03149889095 0.8668662961 -0.4923238476
1625135814.867592 7.952334395 1.771330069 0.5489015653 -0.07767595288 -0.02962511954 0.8702550388 -0.4855357516
1625135815.066722 7.815539608 1.542470242 0.5684475445 -0.08877821068 -0.03381776851 0.8664063452 -0.4902191682
1625135815.167501 7.750661488 1.429590961 0.5551683224 -0.07658366649999999 -0.028867585 0.8746957893 -0.4777121317
1625135815.268381 7.685183091 1.314477827 0.5501798395 -0.06694094797 -0.02755768486 0.8819774337 -0.4656987116
1625135815.368963 7.616243248 1.199832154 0.5614539484 -0.06034801261 -0.02368250236 0.8839112627 -0.4631394348
1625135815.469927 7.541032934 1.085293983 0.5804061015 -0.05632469764 -0.02573456844 0.8917752565 -0.4482210977
1625135815.570245 7.455392175 0.9726999531 0.5902125382 -0.05972009818 -0.02727106016 0.8936472076999999 -0.4439419639
1625135815.670321 7.360367528 0.8627968404 0.5803203927 -0.06067076758 -0.02091908497 0.8935571849 -0.4443388426
1625135815.770118 7.261494617 0.7540855628000001 0.5673291081 -0.05825192793 -0.01440002802 0.8905937805 -0.4508237685
1625135815.870033 7.165015676 0.6443709663 0.568854489 -0.05435714869 -0.01364903677 0.8886882521 -0.4550738343
1625135816.069588 6.985817679 0.4081734003 0.6038066594 -0.06635756508 -0.02693594437 0.8763536007 -0.4763144917
1625135816.169772 6.907018086 0.2828405755 0.5991455148 -0.06571972952000001 -0.03381853612 0.8741749038 -0.4799536033
1625135816.269817 6.834682613 0.1615861031 0.5822701671 -0.05200016984 -0.02608203821 0.8731253454 -0.4840122321
1625135816.369905 6.763109899 0.03430899601 0.5797162702999999 -0.04599562007 -0.01990418675 0.8716328966 -0.4875903196
1625135816.470319 6.690902556 -0.0971400348 0.5975286734 -0.0498358115 -0.02395869116 0.8746554184999999 -0.4815810128
1625135816.570607 6.616184835 -0.2247644916 0.618467643 -0.06088114257 -0.03596418245 0.8794119365 -0.4707809576
1625135816.670361 6.539613449 -0.3434962624 0.6220899957 -0.06631741407 -0.03807007698 0.87851516 -0.4715546453
1625135816.769778 6.462405464 -0.4562769298 0.608003918 -0.06480599372 -0.03108847032 0.8740716311 -0.4804502824
1625135816.86917 6.386058673 -0.5688707078 0.5948262613 -0.05911098876 -0.02147354689 0.8667272575 -0.4948016157
1625135816.968685 6.315389027 -0.6819415977 0.5972674608 0.04649477982 0.01379605268 -0.8597675001 0.5083775665
1625135817.068231 6.245897029 -0.8027448158 0.620566242 0.04983849841 0.00849091787 -0.8450792638 0.5322453064
1625135817.168215 6.181834227 -0.9306815005 0.6439182072 0.05798275501 0.01229503057 -0.8335415297 0.5492680135
1625135817.369128 6.072777003 -1.189411727 0.630052906 0.0444757261 0.01189071887 -0.8183282927 0.5729042905
1625135817.469828 6.023216255 -1.318988961 0.6288171789 0.04034749191 0.009868310078 -0.8157969005 0.5768449648
1625135817.570889 5.977819542 -1.453685373 0.649368748 0.04016422096 0.02272919649 -0.8240954638 0.5645678750999999
1625135817.671183 5.929559579 -1.585696979 0.6738565649 0.04623199995 0.03875042628 -0.8278911756 0.5576353719
1625135817.770663 5.879490176 -1.706996265 0.6810770488 0.04463559823 0.04102787042 -0.8194555403 0.5699271837
1625135817.869739 5.831404989 -1.823957923 0.6749244714 0.03587000772 0.04008484071 -0.8041885302 0.5919352633
1625135817.96886 5.786728769 -1.940799767 0.6687254681 0.02696030753 0.03934217823 -0.7833267741 0.6197777826
1625135818.068361 5.747779367 -2.059773 0.6754804307 0.02004424331 0.04525023279 -0.7638159245 0.6435338982
1625135818.167727 5.713171501 -2.185421031 0.6956850117 0.03244644206 0.0521866405 -0.7344682121 0.675855183
1625135818.267517 5.687963676 -2.312526146 0.7042850456999999 0.04805230919 0.0562092706 -0.7016100298 0.7087135243
1625135818.368381 5.672352375 -2.436591055 0.693352504 0.05434282223 0.05359988974 -0.6880646546 0.7216238221
1625135818.468955 5.667608816 -2.557975256 0.6782199163 0.04829847986 0.04401522615 -0.6672084072 0.7419992305000001
1625135818.570259 5.676678718 -2.683967889 0.6805798867 0.04117137899 0.04154135343 -0.6658345727 0.7438034387
1625135818.670906 5.697570587 -2.812636993 0.6987583941 0.03376702744 0.04834749536 -0.6552446041 0.7531114236000001
1625135818.771351 5.72019163 -2.93552523 0.7154527387 0.02696500993 0.05702861101 -0.649342043 0.7578756738
1625135818.970482 5.750305817 -3.173054034 0.7153186322 0.02116233996 0.0496693452 -0.6048508202 0.7945065115
1625135819.069859 5.765584011 -3.296199916 0.7101694836 0.01653347627 0.04727058277 -0.57780096 0.8146399123
1625135819.169425 5.787176586 -3.421219005 0.7161981479 0.0136134065 0.05153414235 -0.5492059618 0.8339854429
1625135819.268567 5.819251745 -3.545804382 0.7373950373 0.0191202038 0.05668931544 -0.5038371833 0.8617243365
1625135819.368517 5.867385204 -3.667962902 0.7535439047 0.02620162093 0.06303763515999999 -0.4663768547 0.8819480489
1625135819.469332 5.930480686 -3.782723229 0.7511829181 0.0249500998 0.067903488 -0.4500729213 0.8900567254
1625135819.569882 6.00211647 -3.889508916 0.7395245499 0.01807517288 0.0632224633 -0.4297592491 0.9005460544
1625135819.670627 6.081162887 -3.994533471 0.7415750372 0.0141035961 0.05908552371 -0.4185336987 0.906167497
1625135819.771261 6.166736353 -4.098848971 0.7596828784 0.01003764268 0.0609847468 -0.4103613103 0.909826193
1625135819.871701 6.251290892 -4.205553847 0.7785654585 0.008287863459999999 0.07209656021999999 -0.4103228129 0.9090481762
1625135819.97161 6.329622094 -4.315168528 0.7861622157 0.009904298766 0.07769944042 -0.4037365886 0.9115160278
1625135820.071166 6.404781337 -4.428494706 0.7799798222 0.01306109092 0.07381610282000001 -0.3977132594 0.9144423187
1625135820.170285 6.482868041 -4.5429061 0.7710026622 0.01550363823 0.06958657488 -0.3771540435 0.923402498
1625135820.270057 6.572069123 -4.652719516 0.7755816857 0.01209838147 0.07165212696999999 -0.3723677748 0.9252361008
1625135820.469194 6.771341934 -4.852948413 0.8025745286 0.01904410592 0.09452098231 -0.346173402 0.9332025940999999
1625135820.56917 6.872923703 -4.944961263 0.7954135298 0.02161998637 0.09375947856 -0.3385585418 0.9360127404
1625135820.669354 6.976031905 -5.030377939 0.7829601196 0.02179774118 0.08485116547 -0.3344983542 0.9383155062
1625135820.769566 7.079322095 -5.111950508 0.7815285257 0.02294408268 0.07333620386 -0.3344267135 0.9392838461
1625135820.870111 7.183897644 -5.197621142 0.7970694907 0.02532106496 0.06804468091 -0.3437626418 0.9362457002
1625135820.97031 7.287461374 -5.287966235 0.8173236585 0.02598742748 0.07764710666000001 -0.3517896367 0.9324910895
1625135821.07028 7.383567617 -5.378734535 0.8257640487 0.02652338603 0.07783704493 -0.3555587906 0.9310294576
1625135821.169859 7.472504277 -5.469539992 0.8201743139 0.02785601597 0.06779467994 -0.3532655233 0.9326475185000001
1625135821.269627 7.559620606 -5.558677223 0.8146156655 0.02655399543 0.05732049468 -0.3508195528 0.9343098456
1625135821.36922 7.648590187 -5.640726416 0.8250496623 0.01898114754 0.04788175668 -0.3435838918 0.9377084636
1625135821.468922 7.745792166 -5.718915971 0.8487832475 0.01419552019 0.05073344252 -0.3323802066 0.9416729811
1625135821.568886 7.847245604 -5.792915981 0.8632914546 0.009904894692 0.05578469086 -0.3250332234 0.944003901
1625135821.669069 7.952363467 -5.866513112 0.8581863968 0.007132806357 0.05629640187 -0.3222085275 0.9449664031
1625135821.769289 8.060736772 -5.9382251 0.8423627782999999 0.005061824266 0.05064658132 -0.3199448944 0.9460679501
1625135821.970314 8.279656545 -6.085789847 0.8445292582 0.0006422849214 0.04040065898 -0.3496738202 0.9359997829
1625135822.070396 8.388780902000001 -6.169874504 0.8601565059 0.001031814998 0.04900517772 -0.3594453237 0.9318779358
1625135822.170168 8.495530832 -6.260290607 0.8669404691 0.007020450534 0.05779295267 -0.366173299 0.9287237496
1625135822.269602 8.595720676999999 -6.351824718 0.8531598552 0.01159456635 0.05456586488 -0.3628138011 0.9301904526
1625135822.369576 8.696742535 -6.443903611 0.8356401355999999 0.01374427815 0.05339677618 -0.3733479979 0.9260513763
1625135822.468749 8.800304536000001 -6.532274913 0.8396388579 0.01313361548 0.05268292733 -0.3626585251 0.9303390841
1625135822.568444 8.907489988 -6.61986132 0.865173121 0.01735103083 0.05393239498 -0.3548483164 0.9332057173
1625135822.668161 9.015162715000001 -6.706224551 0.8857108563 0.01842411513 0.05932990433 -0.3461752267 0.9361106915
1625135822.76831 9.124604486000001 -6.793072394 0.8857506898 0.01741840995 0.05955944582 -0.3429432969 0.9373042017
1625135822.868718 9.234842839000001 -6.878000092 0.8734392092 0.01699226388 0.05182369207 -0.3514695075 0.9346094121
1625135822.968978 9.344117820999999 -6.963667444 0.8673287464 0.02050389828 0.04869121388 -0.3557119511 0.9331011541000001
1625135823.06954 9.448764726 -7.051241141 0.8726160329 0.02079522546 0.04516733418 -0.3711623921 0.9272356492
1625135823.16985 9.555550515 -7.143958878 0.8859716097 0.02144973161 0.06153982153 -0.387252661 0.9196674051
1625135823.369063 9.750839119 -7.337543472 0.8749822114 0.03546114704 0.06614163725 -0.3784005228 0.9225946213
1625135823.468862 9.845431405999999 -7.430258597 0.8634300554 0.03293360696 0.05840760801 -0.3766617594 0.9239209099
1625135823.568241 9.940757935000001 -7.517510066 0.8671866403 0.02316647525 0.04913168703 -0.3625286117 0.9303883047
1625135823.66812 10.04320085 -7.60837383 0.8896522083 0.02536057785 0.05373607936 -0.3503084159 0.9347477139
1625135823.76796 10.14731665 -7.699992706 0.9033565003 0.02806051081 0.05868089259 -0.3368731664 0.939300607
1625135823.868339 10.25474637 -7.794626986 0.8928454291 0.0286515701 0.0592413426 -0.3317395645 0.9410730111
1625135823.969037 10.36370283 -7.888535912 0.8693502818 0.02583392079 0.05138933761 -0.3381105373 0.9393471185
1625135824.069585 10.47340864 -7.981450954 0.8603119995 0.02466816636 0.04784852301 -0.3437829447 0.9375048199
1625135824.170441 10.58391226 -8.071718306999999 0.8752508757 0.01719672975 0.04989700587 -0.3652584466 0.9294088597
1625135824.270563 10.69376145 -8.164305165 0.8947785675 0.01132861193 0.06561469229 -0.3780747298 0.9233774274
1625135824.469256 10.89314626 -8.353742948000001 0.878940009 0.01111091047 0.06810070138 -0.3584151026 0.931008838
1625135824.568828 10.98996132 -8.448114572 0.861726109 0.005202561181 0.06380439458000001 -0.3511975394 0.9341103901
1625135824.668305 11.08875267 -8.537743494000001 0.8628685652 -0.0067964835 0.05879329062 -0.3365085123 0.9398186942
1625135824.768048 11.19293263 -8.629946879 0.8833488869 -0.00380728693 0.06166322975 -0.319584679 0.9455415293
1625135824.867995 11.30174011 -8.720354903 0.8979655889 -0.002163628352 0.07199127850000001 -0.3021796329 0.9505261932
1625135824.969013 11.4093139 -8.809276191 0.8884908465 -0.003652912638 0.06991981148 -0.316312545 0.9460677830000001
1625135825.069267 11.5131988 -8.897961154000001 0.8692699994999999 -0.0005231724011 0.05769742423 -0.3173396759 0.9465549448
1625135825.169688 11.61999872 -8.986241386 0.8627821904 0.003091359457 0.04895008169 -0.3201561266 0.9460942805
1625135825.270451 11.73194192 -9.072508896 0.8751581357 -0.001154966493 0.04774537058 -0.3460500501 0.9369996844
1625135825.370187 11.84493132 -9.163859622 0.8923351097 0.0008872242388 0.06204537428 -0.344392921 0.9367727047
1625135825.47023 11.95157151 -9.260000850999999 0.8920366489 0.01056009337 0.06679633127 -0.3553622046 0.9322791632
1625135825.569453 12.05082712 -9.357357429 0.8733607009 0.01933703176 0.05887665017 -0.3445033246 0.9367374652
1625135825.669371 12.15286504 -9.45649339 0.8605135596 0.02638969167 0.0553578023 -0.3475881771 0.9356396513
1625135825.868301 12.36242657 -9.644150778 0.8917845554 0.04373027827 0.05736064882 -0.3185528955 0.9451568502
1625135825.968815 12.47545133 -9.724650429 0.9022762308 0.0400908551 0.06026914638 -0.3249275702 0.9429647011
1625135826.069212 12.58987579 -9.797243248999999 0.8891715116 0.03305184359 0.05226888775 -0.3333268563 0.9407809234
1625135826.169488 12.7074579 -9.863158313 0.8686980378 0.02432531308 0.04192054291 -0.3369451146 0.9402759898
1625135826.269944 12.82959538 -9.925782296 0.8633812029 0.01763220186 0.03428962479 -0.3520809172 0.9351750397
1625135826.370157 12.95651458 -9.993632185999999 0.8782655594 0.007466629026 0.04213228158 -0.364932365 0.9300502617
1625135826.469954 13.07933797 -10.07644915 0.8931512528 0.005909270194 0.06383248438 -0.3703943301 0.9266598807999999
1625135826.569514 13.1860723 -10.16979727 0.8877729012 0.01747933427 0.06445267156999999 -0.3712441467 0.9261307195
1625135826.668599 13.28488696 -10.26448134 0.8702042001 0.02467653329 0.05186613054 -0.3546083427 0.9332491074
1625135826.768481 13.38617947 -10.35889079 0.8575156574 0.02630146781 0.04467736458 -0.3504017251 0.9351635135
1625135826.868293 13.49276702 -10.44959493 0.8652032834 0.02422076992 0.04326291633 -0.3432076423 0.9379499926
1625135826.968318 13.61062924 -10.54042035 0.8853658553 0.02525182511 0.05784856102 -0.3348552049 0.9401531158
1625135827.169094 13.85008141 -10.71452022 0.8705552834 0.0181196306 0.06735413345000001 -0.3322426791 0.9406114511
1625135827.269384 13.96711099 -10.80008426 0.854087525 0.01730491832 0.05724374532 -0.3325605101 0.9411839356
1625135827.369855 14.08778089 -10.88752389 0.8586940785 0.01967914614 0.04523686632 -0.3390041966 0.9394905596999999
1625135827.470685 14.2153165 -10.97852115 0.8791054008 0.01179934798 0.05639922138 -0.3659144617 0.92886302
1625135827.570339 14.33529253 -11.07300121 0.8887268374 0.00739667507 0.07118183051 -0.3662797661 0.9277486562
1625135827.669862 14.44365122 -11.17128885 0.8773411399 0.01058832016 0.07027085134 -0.3658188161 0.9279690128
1625135827.769181 14.54730379 -11.27441691 0.858017575 0.01672859021 0.06360979935 -0.3568622493 0.931838657
1625135827.868938 14.65212572 -11.37705371 0.8493424698000001 0.02050959121 0.06055601112 -0.3589433982 0.9311669899
1625135827.968111 14.7576094 -11.47776016 0.8614205953 0.03330794669 0.06444864682 -0.3339353592 0.9398000471
1625135828.068191 14.86763719 -11.57052594 0.8796488701 0.03727804915 0.07480387367000001 -0.3294199202 0.9404771362
1625135828.168687 14.97936421 -11.65492305 0.8790648116999999 0.03120064551 0.07729117378 -0.3342682586 0.9387850262
1625135828.269042 15.08772655 -11.73356839 0.8612548018 0.02562803015 0.0652547725 -0.3390242153 0.9381618198
1625135828.469906 15.31525676 -11.88988508 0.8626846566 0.02179244326 0.05583584301 -0.3545199619 0.9331254175
1625135828.569897 15.43185977 -11.97126236 0.8794391535 0.01838224992 0.07338535436 -0.3574228162 0.9308735752
1625135828.669807 15.53839613 -12.05369745 0.8850793011 0.01890978802 0.08053942435 -0.3578216452 0.9301179986
1625135828.769413 15.63209491 -12.13343127 0.8767090360000001 0.019583118 0.06868795480000001 -0.3538059473 0.9325876999
1625135828.869007 15.72207353 -12.21174895 0.8642063616 0.01732305248 0.05493747512 -0.3454727636 0.9366591457
1625135828.968619 15.81383061 -12.28803444 0.8605295038 0.01065982309 0.04329729525 -0.3345231891 0.9413320075
1625135829.068739 15.91723443 -12.36916381 0.8720827566 0.01658173997 0.05378870323 -0.3320081316 0.9415956785
1625135829.168607 16.02626395 -12.44742804 0.8828959483 0.01961207321 0.07102183377 -0.3227533296 0.9436109123999999
1625135829.269188 16.1324001 -12.51801619 0.8785243208 0.01495973655 0.07587014345 -0.3319287802 0.9401293594
1625135829.369299 16.23305625 -12.58283586 0.861607911 0.01246790749 0.06768665576000001 -0.3359098518 0.9393761969
1625135829.569778 16.4443436 -12.71374512 0.8523192944 0.01416944134 0.06444832244 -0.3580662226 0.9313614878000001
1625135829.66949 16.54930758 -12.78832363 0.8583533061 0.01782195447 0.0742722645 -0.3599863924 0.9298256858
1625135829.769191 16.647819 -12.87009775 0.8574106116 0.02766770639 0.07806500883 -0.3632750316 0.927993321
1625135829.868572 16.74107758 -12.95414674 0.84511554 0.03641768161 0.07244580213 -0.3558836488 0.9310060079
1625135829.968158 16.83669767 -13.03577589 0.8278440665 0.03697072234 0.06314029927000001 -0.3464760906 0.935200934
1625135830.068156 16.94386438 -13.11218665 0.8235039759 0.02988042813 0.06568638448 -0.3431516627 0.9365038149
1625135830.167519 17.05950978 -13.18528992 0.8347858668 0.02969958304 0.07239744636999999 -0.3147282993 0.9459506552
1625135830.267964 17.1828005 -13.25054594 0.8443598875 0.02622956927 0.07680819118 -0.3076473535 0.948032498
1625135830.368498 17.30749857 -13.30871136 0.8353809523 0.01925927409 0.07159060495 -0.3063072742 0.9490414740000001
1625135830.468721 17.43321649 -13.36665347 0.8159097966 0.01734217331 0.06259955281 -0.2930908769 0.9538754022
1625135830.669853 17.68616281 -13.49298314 0.7945701453 0.02435639868 0.05204630341 -0.3060715754 0.9502726655
1625135830.77006 17.81087486 -13.56511796 0.80149635 0.02819183228 0.06337861978999999 -0.3091500036 0.9484801771
1625135830.870016 17.9296896 -13.64019281 0.8001060059 0.03238674631 0.06484986572 -0.3157665662 0.9460639879
1625135830.969459 18.04570882 -13.71288854 0.7841983548 0.03040477624 0.05715962116 -0.3069437093 0.9495229784
1625135831.069062 18.15971791 -13.78090201 0.7666108089 0.02670377211 0.04228535578 -0.3020125744 0.9519912091
1625135831.267618 18.39588351 -13.89816308 0.7855879599 0.0221800793 0.02737459904 -0.244071093 0.9691171121
1625135831.367989 18.5269001 -13.94038603 0.7963854001 0.01001818082 0.03180369139 -0.2374580008 0.9708253495
1625135831.468562 18.66035132 -13.98161888 0.781963108 -8.477352871e-05 0.02988918933 -0.2331544731 0.9719802574
1625135831.569373 18.79668023 -14.02462847 0.7587389571000001 -0.002514417988 0.02564587785 -0.2412543699 0.9701197326
1625135831.66977 18.93465022 -14.06896462 0.7489729345 0.001257129209 0.02466884984 -0.2434641516 0.9695953147
1625135831.769612 19.06568081 -14.11162841 0.7530504714 0.005567850787 0.01893171026 -0.2357200397 0.9716206319
1625135831.869317 19.19330059 -14.15271684 0.7646079752 0.007455466747 0.02107495499 -0.2209361845 0.9750320326
1625135831.969311 19.32322367 -14.191925 0.7631522332 0.006827123292 0.02234508854 -0.2193743088 0.9753609589
1625135832.167899 19.59828692 -14.26767364 0.7106322842 0.006331077595 0.02240697265 -0.1617625716 0.9865549734
1625135832.26724 19.74554829 -14.29968724 0.7019418668 0.008608847851000001 0.03122886481 -0.1212858787 0.9920888979
1625135832.367062 19.89793602 -14.32242982 0.7094306071000001 0.01130787323 0.05349576245 -0.0793680023 0.9953446919
1625135832.46791 20.04610888 -14.3314515 0.7118489515 0.002666769732 0.06313761176 -0.0587279153 0.9962718315
1625135832.568763 20.18499768 -14.33353163 0.6957578209 -0.006446059539 0.05444285581 -0.04778291547 0.9973521027
1625135832.668536 20.32361623 -14.33707211 0.6756581573 -0.005570851667 0.04750670044 -0.004705591899 0.9988443004000001
1625135832.769439 20.46786686 -14.34211047 0.6659683373 -0.0005019080454999999 0.04395251172 0.01132878092 0.9989692606
1625135832.871395 20.6171145 -14.34817396 0.6733330081 -0.006862730231 0.05778101177 -0.03000159896 0.9978547799
1625135832.97102 20.75582812 -14.36409566 0.6782235802 -0.005675027936 0.06461714763 -0.02299415203 0.9976290329
1625135833.069994 20.88329137 -14.38742726 0.6656656704 0.003158527761 0.05289705387 0.004498197851 0.9985848445
1625135833.268236 21.12839965 -14.43322271 0.6369788127 0.01497429937 0.008962220076 0.05284952932 0.9984499868
1625135833.36783 21.26223362 -14.45103644 0.6581048594 0.02211246064 0.01325995073 0.08012451658 0.9964513408
1625135833.468728 21.39953706 -14.45442207 0.6785477795 0.01827209171 0.02581140082 0.06442315371 0.9974214553
1625135833.568853 21.53338673 -14.45054211 0.6698959981 0.01253026683 0.02539508397 0.0659075613 0.9974238194
1625135833.669059 21.6647961 -14.44455032 0.6459338713 0.0139067733 0.01734757631 0.06710959855 0.9974978521
1625135833.769837 21.80119924 -14.43533836 0.6332715437999999 0.01519519802 0.01618189307 0.0428767147 0.9988337397
1625135833.869836 21.94225914 -14.4243785 0.6443463573 0.01216048203 0.01957266433 0.03418630886 0.9991498035
1625135833.969732 22.08475304 -14.41498876 0.6659312018 0.002816296487 0.03167059138 0.02625215393 0.9991495717
1625135834.06917 22.22451837 -14.40974036 0.6743355389 -0.003093023986 0.03867435639 0.02639106317 0.9988985129
1625135834.168392 22.36119276 -14.40948854 0.661578343 -0.002298647972 0.033206185 0.03856801299 0.9987014438
1625135834.267975 22.49730868 -14.41176538 0.6444097258 -0.001438881635 0.02664591492 0.04651985788 0.9985608783
1625135834.46703 22.77990345 -14.41963836 0.6461439894 -0.006351067938 0.04359668523 0.08805368676 0.9951409655
1625135834.567297 22.93327138 -14.42027583 0.6592342195000001 -0.001070086939 0.06832808057 0.09777300843 0.9928597923
1625135834.668159 23.08454166 -14.4136998 0.6574745453 -0.004289946893 0.08269062524 0.09620658836 0.9919113616
1625135834.768757 23.23020118 -14.40404216 0.6390179389 -0.004131065857 0.08245206809 0.09356993087 0.9921840851
1625135834.869762 23.37862532 -14.39228422 0.6245730613 -0.002098536245 0.0879740336 0.07695355741 0.993143653
1625135834.969992 23.52523009 -14.3806219 0.6284067267 0.002314293127 0.09146191731 0.06161590237 0.9938978027000001
1625135835.069484 23.66450461 -14.3676204 0.6438325459000001 -0.0004957688936 0.09459224015999999 0.06410981307999999 0.9934495428
1625135835.1688 23.79097768 -14.35806231 0.6514574839 -0.003879667391 0.08676528417 0.0771129525 0.993232262
1625135835.268839 23.91389244 -14.35191598 0.6479618190999999 -0.007073488206 0.07655927224 0.06933649610000001 0.9946261076
1625135835.367922 24.03595581 -14.35030123 0.6389511364 -9.133145053e-05 0.0634692288 0.08818879519 0.9940796674
1625135835.467767 24.16103749 -14.34801651 0.63877925 -0.003085235276 0.05530729809 0.09799895352 0.9936436933
1625135835.568358 24.29379587 -14.34463776 0.651476616 -0.00958784247 0.06262742091 0.08226687297 0.9945944103
1625135835.66779 24.43145852 -14.34064747 0.6597932171999999 -0.01066052239 0.0718778777 0.1006520618 0.9922646252
1625135835.768003 24.57115477 -14.33352072 0.6490530074999999 -0.01207970385 0.07268880179999999 0.1070715841 0.9915170673
1625135835.968934 24.84795733 -14.32407875 0.6138400648 0.0001671400137 0.05858427087 0.09487599737000001 0.9937637548
1625135836.069475 24.98622709 -14.320922 0.6200689026 0.004535238725 0.05391597359 0.07597638979 0.9956405414
1625135836.169458 25.12616893 -14.31836904 0.6362079583 0.003737117215 0.06005045309 0.07615124921999999 0.9952793398000001
1625135836.26991 25.26185327 -14.31746313 0.6371713838 -0.003679615273 0.05897359256 0.0522322201 0.9968853349
1625135836.369222 25.39378817 -14.32183541 0.6180848581 -0.005041876965 0.04794717467 0.05933179451 0.9970734106
1625135836.468611 25.52779639 -14.33160509 0.6017621316 -0.002514302307 0.03897239879 0.07063284106999999 0.9967375944
1625135836.568222 25.6699065 -14.34060494 0.6086015458 0.001105435053 0.04034232751 0.08225928061 0.9957934953000001
1625135836.668107 25.81445446 -14.34418156 0.6318541573999999 0.006736809892 0.0518370222 0.09169739355000001 0.9944139614
1625135836.768479 25.95189746 -14.34099775 0.6431267067000001 0.004891331411 0.05552533854 0.08870206135 0.9944973383
1625135836.869115 26.08152686 -14.3351953 0.6356282598 0.002518305035 0.04440448647 0.07309974346000001 0.9963324381000001
1625135836.969402 26.21631613 -14.32946795 0.6257128725 0.008229652828000001 0.03998073936 0.05919225688 0.9974116953
1625135837.069482 26.360942 -14.33058465 0.6250416542 0.02833681796 0.04596708405 0.05384116341 0.9970883517
1625135837.17059 26.5055405 -14.33027578 0.6362564000000001 0.03678519117 0.05736695799 0.007568996494 0.9976465266
1625135837.269895 26.64149094 -14.32513225 0.6451213285 0.02391772424 0.0737938014 -0.0007183663733 0.9969864098
1625135837.368406 26.76469449 -14.328689 0.6359368334 0.0268852797 0.06773977176 0.02848224843 0.9969339329
1625135837.568156 27.02306619 -14.34343906 0.6028860485 0.0283713282 0.04874552516 0.01810240586 0.9982440806
1625135837.667619 27.16332911 -14.35142254 0.6113897816 0.02812374906 0.04806518464 0.03333159947 0.9978916761
1625135837.768168 27.30526204 -14.35692989 0.6298670243 0.03519668254 0.05724684865 0.02397053299 0.9974514552
1625135837.868032 27.43771664 -14.3521184 0.6376704482 0.032843398 0.0598931209 0.03279288353 0.9971252439
1625135837.96867 27.56515808 -14.33719699 0.6279398952 0.02170058044 0.04989100719 0.02793291662 0.9981281102
1625135838.069479 27.69125745 -14.3215964 0.6146864342 0.01518681031 0.03646267154 0.003146038989 0.99921466
1625135838.169347 27.81728536 -14.31166828 0.6162096838 0.01543883912 0.02710333783 0.005150467403 0.9995001371
1625135838.270188 27.94642909 -14.30849485 0.633276324 0.01561805902 0.02808706007 -0.02899226199 0.9990628819
1625135838.369503 28.07738637 -14.3149325 0.6515959095 0.01266745819 0.04292239502 -0.02989638981 0.9985506544
1625135838.469038 28.20436075 -14.32857809 0.6507427032 0.01646108449 0.04685302399 -0.02877239226 0.9983516296
1625135838.668179 28.4380918 -14.35889032 0.6200749413 0.01866347912 0.02996145329 -0.03398172215 0.9987988929
1625135838.767935 28.54888307 -14.36838019 0.6218693835 0.02155680339 0.0348966646 -0.03501558499 0.9985446589
1625135838.867416 28.64973368 -14.36833118 0.6377818835 0.02084225953 0.0434090835 -0.01943724505 0.9986508124
1625135838.967659 28.73486605 -14.36176272 0.649296388 0.01342083815 0.04084955204 -0.02041851526 0.9988664973
1625135839.068281 28.80244553 -14.35332652 0.6488304836 0.009458241431999999 0.02745845103 -0.03639297489 0.9989154752
1625135839.168881 28.85414618 -14.34004251 0.6491268415 0.003103012989 0.009354080367000001 -0.06025486844 0.9981343714000001
1625135839.268849 28.89576214 -14.33001764 0.6502891892 0.003573887214 -0.01010445527 -0.0688870927 0.9975668879
1625135839.368486 28.94029902 -14.32370554 0.6616825062 -0.00165124064 -0.002530439131 -0.06562438801999999 0.9978398218
1625135839.468452 28.97793254 -14.32432263 0.6685409579 -0.004556289258 -0.003046782101 -0.07105347804999999 0.997457448
1625135839.668171 29.0271496 -14.34860671 0.6711199233 0.01139356399 0.001295122018 -0.06939713023999999 0.9975232066
1625135839.767995 29.04419503 -14.36894002 0.6728662512 0.02331395077 -0.002664723298 -0.06658830167 0.9975045648999999
1625135839.868047 29.06938492 -14.39725447 0.6710920211 0.04313744147 0.00714954938 -0.06601187644000001 0.9968603098
1625135839.967636 29.11678998 -14.42788014 0.6647245696 0.06893161344 0.03307984928 -0.05080669841 0.9957775031
1625135840.067776 29.19791281 -14.43650676 0.6491115539 0.07597859321 0.08722089835999999 -0.04006610112 0.9924789548
1625135840.168576 29.28934714 -14.40491156 0.6194986384 0.04843097869 0.1582072896 -0.05678347544 0.9845813987000001
1625135840.268672 29.35498566 -14.33501053 0.5829480849999999 -0.007076302562 0.2053968254 -0.04965505633 0.9773926772
1625135840.3688 29.38393088 -14.23354507 0.5494187719 -0.09008918556999999 0.2260421178 -0.04303584446 0.9689875209
1625135840.468415 29.37284373 -14.11961313 0.5204496597 -0.1816302024 0.2216553305 -0.01752586962 0.957899905
1625135840.567311 29.32228987 -14.02862223 0.5068016765 -0.2377837597 0.1927768922 0.03341978211 0.9514089928
1625135840.666572 29.24488816 -13.97119249 0.5177342336 -0.260816413 0.1401762001 0.08657893445000001 0.9512252729
1625135840.866236 29.06057989 -13.9519318 0.574735614 -0.2530708943 0.008099296820000001 0.1927659702 0.9480141374
1625135840.967162 28.98765338 -13.99275731 0.6075643146 -0.2171386012 -0.05477212568 0.2190916976 0.9496576594
1625135841.068388 28.95340941 -14.05839927 0.6413202718 -0.1607860091 -0.09200959381 0.2264535395 0.9562431115
1625135841.170148 28.9534629 -14.13229411 0.6662011818 -0.1029281741 -0.1031912337 0.1987894602 0.9691440093
1625135841.272051 28.96241786 -14.20191031 0.6762922877 -0.05501064276 -0.1048325173 0.1339971122 0.9838845188000001
1625135841.37329 28.96483891 -14.26931113 0.6777082449 -0.01394273795 -0.1061773757 0.05131381287 0.9929243967
1625135841.473806 28.95776139 -14.34110309 0.6737008493 0.03230483438 -0.1082079863 -0.04789302431 0.9924483299
1625135841.573275 28.93992008 -14.41169064 0.6639141334999999 0.07621745448 -0.1088532172 -0.1427831229 0.9807929733
1625135841.672259 28.91207442 -14.47217016 0.6468014989999999 0.1148859192 -0.1062745935 -0.2423342861 0.9574868303
1625135841.86838 28.85158786 -14.54567825 0.606852351 0.1582328491 -0.09437285063 -0.3959889093 0.8995826334
1625135841.965973 28.82713604 -14.58119374 0.5834606474 0.1854070339 -0.08365345922 -0.4360070428 0.8766551141
1625135842.063996 28.8077192 -14.62733856 0.5506207112 0.226391401 -0.06894075856 -0.4595856059 0.856022883
1625135842.1626 28.80186959 -14.68164718 0.5110817196 0.271177716 -0.04305981557 -0.4688096151 0.8395391851
1625135842.262244 28.81944303 -14.73206299 0.4721775155 0.2998201457 -0.0007484096748 -0.4760497222 0.8267309006
1625135842.362926 28.86599685 -14.77316204 0.4371924521 0.3081376346 0.06240372738 -0.4881828064 0.8141464980999999
1625135842.463332 28.93666592 -14.79951902 0.4089076651 0.2983681116 0.1247932821 -0.472797234 0.8196742537
1625135842.564421 29.03388265 -14.80627287 0.3875426736 0.2678534583 0.1972510779 -0.4525665016 0.8273633415
1625135842.665103 29.15193077 -14.77960962 0.3692764383 0.2168215472 0.2657947568 -0.4086414367 0.8457858713
1625135842.765554 29.27487007 -14.70625729 0.3565370788 0.1492222948 0.320593993 -0.3390968786 0.8717600044
1625135842.866179 29.37712233 -14.57634156 0.3563855199 0.05919021841 0.3493249376 -0.259837095 0.8983057888
1625135842.967056 29.42855896 -14.40142236 0.3738762555 -0.0463488275 0.3401413648 -0.170756539 0.9235788230999999
1625135843.068203 29.41624863 -14.21622213 0.4060426291 -0.1524501964 0.2927153106 -0.08671435723 0.9399772895
1625135843.168786 29.35424376 -14.06770582 0.4485263859 -0.2194472475 0.2292180843 0.002833732368 0.9483111016
1625135843.269158 29.26830917 -13.97302613 0.5040420946 -0.2457426012 0.1629700218 0.08507549992000001 0.9517423523
1625135843.369207 29.18004796 -13.93670047 0.5737586942 -0.2342644183 0.1010562084 0.1631896953 0.9530356491
1625135843.570021 29.02000549 -13.99627398 0.6932611928 -0.1657465848 -0.03041602245 0.2752100645 0.9465000558
1625135843.670733 28.976775 -14.0642197 0.7267763145 -0.1209167668 -0.07569914196999999 0.297220055 0.9440916345
1625135843.771705 28.9736176 -14.14224868 0.7477864963 -0.06470983773 -0.09326517919000001 0.2881631042 0.9508292531
1625135843.872243 28.9909377 -14.22671062 0.7533374168 -0.004534910398 -0.09786674026 0.2663721029 0.9588782188
1625135843.972711 29.00540359 -14.31148976 0.7461245072 0.04742861533 -0.09982100314 0.2204046847 0.9691274781
1625135844.073299 29.00995272 -14.39349784 0.7285045815 0.09315696415999999 -0.09964680109 0.1401584739 0.9806874616
1625135844.172884 29.00258091 -14.4707138 0.702812493 0.1332691045 -0.1005433553 0.05744314611 0.984291961
1625135844.271615 28.97873446 -14.53787261 0.6716555558 0.1662513105 -0.1070896176 -0.01323818143 0.9801617551
1625135844.370465 28.94068991 -14.58804114 0.6413510801 0.190597364 -0.1111748405 -0.09565855378 0.9706504215
1625135844.469475 28.90128005 -14.62211141 0.6156634074 0.2047586506 -0.1093834841 -0.1851727962 0.9548927605
1625135844.568431 28.86849581 -14.65364206 0.589051345 0.2231566421 -0.09805653177 -0.2692095611 0.9317254112
1625135844.666978 28.84207848 -14.6931898 0.5566797949 0.2526512833 -0.08195471591 -0.3278518159 0.90662227
1625135844.766178 28.82397227 -14.74096734 0.5181232837999999 0.2899044546 -0.05390064432 -0.3838717464 0.8750386335
1625135844.865824 28.8203123 -14.78750667 0.4770926068 0.3190758546 -0.01173249421 -0.4377841285 0.8404748684
1625135844.966039 28.83907113 -14.82645014 0.4390757023 0.3258436093 0.0475291945 -0.4932098258 0.8051776113
1625135845.165686 28.94865386 -14.87017211 0.3907740179 0.2699776146 0.1805695048 -0.5500812894 0.7693616293
1625135845.265164 29.042741 -14.86682098 0.3753019866 0.2120336408 0.2476329722 -0.547619941 0.7706049873
1625135845.364379 29.15836714 -14.83506785 0.3560400291 0.1414203908 0.3131872769 -0.5156109415 0.7848944895
1625135845.463243 29.27411124 -14.76173911 0.3341963576 0.07011448567 0.3567935663 -0.4529612627 0.8140076194
1625135845.562192 29.37082945 -14.64414038 0.3202741029 0.002393330206 0.3719356676 -0.3612711531 0.8550680002
1625135845.662296 29.43619001 -14.48558755 0.320054871 -0.07810484041 0.3665619606 -0.2639017897 0.8887563267
1625135845.762847 29.44857841 -14.30607169 0.3321686983 -0.1580914597 0.3356930079 -0.1510001552 0.9162511926
1625135845.863863 29.39740561 -14.14120773 0.3605217894 -0.2195936816 0.2775879193 -0.03075128996 0.9347608893
1625135845.965642 29.2966078 -14.02079684 0.4039556276 -0.2603934597 0.1961678831 0.07365390915 0.9424905885
1625135846.06788 29.17633776 -13.96264436 0.4583624272 -0.2708163789 0.1048115319 0.1528270341 0.9446252852
1625135846.169844 29.06797603 -13.96918958 0.5233402746 -0.2425816754 0.01869327945 0.2133209151 0.9462023458
1625135846.271313 28.99024087 -14.02406935 0.5860152059 -0.1883400661 -0.05432584255 0.2594047703 0.9456669009000001
1625135846.372588 28.94801112 -14.10298638 0.635424409 -0.1241262948 -0.1067594775 0.277726 0.9466062253
1625135846.473506 28.93840563 -14.19181528 0.6670274466 -0.05657412601 -0.1334970951 0.26594204 0.9530229405
1625135846.573546 28.94938131 -14.28695245 0.6756959945 0.01190546886 -0.1444219664 0.2435813428 0.9589935791999999
1625135846.67272 28.96616426 -14.36640641 0.6698997222999999 0.05854298194 -0.1407945807 0.217029577 0.964182435
1625135846.87235 29.0150606 -14.39711812 0.6625054242 0.04030829509 -0.07716081261 0.04734994426 0.9950776016
1625135846.97011 29.04758118 -14.39614074 0.6519737912 0.02543117118 -0.04516196979 -0.004946385397 0.9986436728
1625135847.067409 29.06890873 -14.40366077 0.6445793263 0.0223393053 -0.02308726229 -0.02440953775 0.9991857226
1625135847.165593 29.08286004 -14.41730386 0.6414334584 0.03248627627 -0.008531804402 -0.05592855416 0.9978696543
1625135847.263059 29.08099662 -14.42400273 0.6400455365 0.03643093326 -0.01280673607 -0.03977324326 0.9984622495
1625135847.361888 29.07978361 -14.42087565 0.6428796624000001 0.03457091016 -0.01839198987 -0.02436262741 0.9989359585000001
1625135847.463227 29.09086784 -14.40301696 0.6482331180000001 0.02216048519 -0.004537664726 -0.06468149518000001 0.997649551
1625135847.563981 29.11245795 -14.38223324 0.6443353385 0.0103741958 0.01204717957 -0.07986908574 0.9966785694
1625135847.664145 29.13628295 -14.36652829 0.6364382853 0.006550459684 0.02363675976 -0.05622471024 0.9981168153
1625135847.765422 29.16779709 -14.35320046 0.6321202732 0.007885180518000001 0.03462038563 -0.05236678118 0.9979964795
1625135847.866581 29.20719219 -14.34512118 0.6285434181 0.0133896421 0.04729340512 -0.04699972312 0.9976848587
1625135847.967302 29.2462933 -14.34501241 0.6231002525 0.02268651069 0.05307652811 -0.02635908491 0.9979846707
1625135848.068269 29.29266994 -14.35166968 0.6165942088 0.02850498754 0.06158442971 -0.0194282411 0.9975055725
1625135848.269953 29.42581708 -14.37775383 0.5981127349000001 0.02250845648 0.07390052748000001 -0.02815927914 0.9966138352
1625135848.370098 29.51173245 -14.39650489 0.5888912589 0.0168136076 0.07220776621 -0.03652754561 0.9965786871
1625135848.469583 29.61025229 -14.41729814 0.5905813752 0.01256595822 0.07160355962999999 -0.03262925984 0.9968201234
1625135848.568926 29.71987353 -14.43754169 0.6012597423 0.01232079033 0.07182586773000001 -0.02649316657 0.9969891449
1625135848.668048 29.83643231 -14.45109307 0.6090036621 0.009429962961 0.0764034992 -0.01386154609 0.9969360254
1625135848.767063 29.95921221 -14.45936827 0.6041503283 0.008773655736000001 0.08113937405 0.01067083124 0.996607023
1625135848.866572 30.09017936 -14.46368188 0.5852981281 0.006203463068 0.08179373778 0.03185899091 0.9961206283
1625135848.967053 30.23113326 -14.47046112 0.5690458714 0.007335454881 0.07812324982 0.02807077966 0.9965214399
1625135849.067817 30.37785845 -14.48165365 0.5749583562 0.005682749642 0.07338319969 0.01303487216 0.9972024390999999
1625135849.167888 30.5258634 -14.50504452 0.5989797893 0.01098540154 0.067076727 0.01367568062 0.9975936093
1625135849.267171 30.66930142 -14.5395021 0.6122271137999999 0.02190407956 0.05753347913 0.04331804715 0.9971628036
1625135849.368248 30.8161756 -14.57704529 0.6093425496 0.02470063122 0.05438611442 0.02297993633 0.9979498744
1625135849.468433 30.96498156 -14.61814874 0.5949353630999999 0.02527184521 0.05295113274 0.009543275889999999 0.9982316551
1625135849.567323 31.10843724 -14.66377808 0.5790602993 0.03163206694 0.03769917962 0.04462637101 0.9977908955
1625135849.76844 31.40979176 -14.75565927 0.6006412291 0.03644812553 0.04107970718 0.02027162337 0.9982850559999999
1625135849.868665 31.56387664 -14.79357002 0.6029751479 0.03612739036 0.03985654231 0.00600638251 0.998534021
1625135849.968509 31.71969916 -14.82424751 0.5912532157 0.03352239706 0.03039036045 0.001224907871 0.998975062
1625135850.069027 31.87232516 -14.84932842 0.5834743943 0.02816679509 0.02135439993 -0.02690177947 0.9990129706
1625135850.168591 32.01269378 -14.88104074 0.5935245988 0.02930747215 0.01112090961 -0.03640499 0.9988453705
1625135850.268881 32.15369851 -14.92147813 0.6099158832 0.02637761176 0.01486250943 -0.06434133085 0.9974685562
1625135850.368458 32.29867941 -14.96886485 0.6118575283 0.02418524725 0.01770403135 -0.08439856707 0.9959811861
1625135850.467811 32.45066827 -15.02063327 0.5976923655 0.02232976611 0.01889720892 -0.08723005121999999 0.9957586029
1625135850.567938 32.61161288 -15.07527819 0.5820150658 0.02196101329 0.02863826754 -0.1180053324 0.9923569444
1625135850.666058 32.76669751 -15.12683942 0.5863809203 0.02381820529 0.03342899369 -0.08507630374 0.9955286124
1625135850.866111 33.06981747 -15.21483033 0.6063719208 0.02581913 0.0430191008 -0.06358496425 0.9967144435
1625135850.966975 33.22002496 -15.25335814 0.5848442738 0.02039651419 0.04123603996 -0.08064831212 0.9956803809
1625135851.067706 33.3624575 -15.29429199 0.5684297009 0.0207358193 0.03362070232 -0.09154387035 0.9950172833000001
1625135851.1689 33.4974459 -15.33886216 0.5768354298 0.02294951586 0.02113391164 -0.1269353218 0.9914202447
1625135851.268948 33.62660894 -15.39066327 0.5983413777 0.02502889784 0.01703613828 -0.1405418448 0.9896116987
1625135851.368753 33.75592997 -15.44897326 0.6067555832 0.02701353252 0.01798064866 -0.1489252291 0.9883158612
1625135851.468427 33.88113546 -15.51294595 0.5879100942 0.03261897558 0.007752615684 -0.1581732141 0.9868420004
1625135851.567822 34.00619562 -15.58245976 0.5650711328 0.03777445009 -0.004920600741 -0.1571268225 0.986843473
1625135851.667418 34.13501368 -15.65214539 0.5592129927 0.03734778805 -0.01300009342 -0.158283188 0.9866015268
1625135851.767509 34.27677187 -15.71681773 0.5729982208 0.03837584128 -0.002471517848 -0.167412381 0.9851366814
1625135851.867889 34.4258327 -15.77250507 0.5835439289 0.03175217023 0.0158690139 -0.1907741289 0.9809919499
1625135851.967425 34.57152719 -15.8247472 0.5708843904999999 0.0234528739 0.0185717155 -0.1883458905 0.981647024
1625135852.067217 34.71276693 -15.87766599 0.5497192863 0.02308058826 0.008784641364 -0.1869564166 0.9820577452
1625135852.268331 35.00097814 -15.99235435 0.5560977888 0.02077851546 0.01354913173 -0.2351918713 0.9716323677000001
1625135852.36808 35.14234451 -16.06664118 0.565609854 0.02506209871 0.03280337849 -0.2461652295 0.9683483409
1625135852.467581 35.27786355 -16.1516546 0.560629166 0.03185715362 0.04497410081 -0.2455298353 0.967821033
1625135852.567173 35.40700532 -16.23446851 0.5392472272 0.03160526143 0.04108985212 -0.2471064779 0.9676007028
1625135852.666633 35.53779853 -16.31310537 0.5217212575 0.02601686076 0.03883021734 -0.2362339329 0.9705714122
1625135852.76622 35.67083961 -16.39141226 0.521835807 0.0218515208 0.03667573143 -0.2235104584 0.9737661304
1625135852.866019 35.8108427 -16.47500534 0.5352076929 0.03210188504 0.04715507722 -0.2054509841 0.97700346
1625135852.966425 35.95496249 -16.55335458 0.5395316442 0.03592838234 0.05947327905 -0.1989332799 0.9775467409
1625135853.067181 36.09989045 -16.62530602 0.5247607855 0.03061229765 0.06245524273 -0.2051609522 0.9762536625
1625135853.268089 36.36149856 -16.76964708 0.5133457681 0.03047668611 0.04310933996 -0.2119247753 0.9758589273
1625135853.368932 36.47902361 -16.84675956 0.5326877798 0.03267559457 0.03806308655 -0.2390966706 0.9696990714
1625135853.469044 36.59885589 -16.93446875 0.5507680685 0.0347162421 0.04434025155 -0.2591693474 0.9641887647
1625135853.568535 36.72078224 -17.0347282 0.5412682446 0.04148830391 0.04528256585 -0.2659722751 0.9620223275999999
1625135853.667595 36.84344409 -17.14296811 0.5161058396 0.05165670409 0.04273572568 -0.258676715 0.9636345779
1625135853.767019 36.96691536 -17.24987597 0.5019452948999999 0.05764772712 0.04360425475 -0.2562792664 0.9638964395
1625135853.866442 37.09419468 -17.34883991 0.510380868 0.0580921382 0.04387712184 -0.2458886949 0.9665603196
1625135853.966658 37.22908913 -17.43832656 0.5267142677 0.05309729602 0.05548609277 -0.2519761234 0.9646812965
1625135854.066614 37.36627141 -17.52340184 0.5249499691 0.04016496921 0.06129217042 -0.2497372691 0.9655368152
1625135854.166596 37.50089872 -17.61534703 0.5056061909 0.03375799416 0.05570318892 -0.2435710533 0.9676934921
1625135854.267385 37.6328454 -17.70994537 0.4968752252 0.02638588275 0.04930562416 -0.2615815614 0.963559976
1625135854.368396 37.75029789 -17.8005748 0.5076636441 0.01134021938 0.02876646089 -0.294320864 0.9552063228
1625135854.468184 37.86467856 -17.90128242 0.5299037836 0.007239328802 0.02709691188 -0.2998793501 0.953564746
1625135854.568041 37.98303961 -18.01298735 0.536920266 0.01134379059 0.03222083934 -0.3035701203 0.9521965753
1625135854.767248 38.20924195 -18.23837656 0.4962936967 0.01780267702 0.02032274456 -0.303954964 0.9523032241
1625135854.866719 38.32682393 -18.34819875 0.5040239973 0.02084524868 0.01756368343 -0.2907392156 0.95641398
1625135854.966941 38.45348872 -18.45509158 0.5320115384 0.03346494333 0.02827384721 -0.2958036497 0.9542436209
1625135855.066578 38.5820287 -18.5526439 0.5402321231 0.03120516687 0.03571384554 -0.2806394919 0.9586408266000001
1625135855.166786 38.70651389 -18.64683902 0.5233248604 0.02773166368 0.03157953526 -0.2753994734 0.9604107547
1625135855.267009 38.83184819 -18.74484682 0.5103554451 0.0321752868 0.02655645288 -0.2715770206 0.9615120528
1625135855.367869 38.95853516 -18.84955438 0.5168539495 0.03760311341 0.02800526085 -0.2833989885 0.9578552733
1625135855.469182 39.07625962 -18.95790803 0.5409695205 0.0400537951 0.0382409612 -0.3241616718 0.9443794433
1625135855.568963 39.17602839 -19.06398763 0.5561528905999999 0.03719020734 0.03824572196 -0.3334783451 0.9412472293
1625135855.668711 39.26809418 -19.17256452 0.5475231481 0.03584608744 0.02936571379 -0.3467236757 0.9368219711
1625135855.866817 39.4567743 -19.40039302 0.5285891731 0.03133594361 0.01970118835 -0.3268012204 0.9443679813
1625135855.966588 39.5539848 -19.51679319 0.5459566774 0.03567951058 0.01585804062 -0.3277074326 0.9439721043
1625135856.066377 39.65029032 -19.63253629 0.5617719457 0.04509324186 0.0150673834 -0.3236723369 0.9449739636
1625135856.166553 39.75050339 -19.74241523 0.5549979123 0.04382833715 0.0141143564 -0.3231518706 0.9452262852
1625135856.26706 39.85530998 -19.84613614 0.5350846518 0.03449519645 0.007830133745999999 -0.3330029042 0.9422620846999999
1625135856.367749 39.95989801 -19.94830655 0.5273266923 0.0277073463 0.0009511588018 -0.3506790762 0.9360852439
1625135856.468446 40.05810106 -20.05626813 0.5433092191 0.02711136562 -0.002013205923 -0.377091578 0.9257768968
1625135856.568668 40.14849409 -20.17197467 0.5733700623 0.02724623174 0.00143895472 -0.3981068764 0.9169331967
1625135856.668897 40.23700594 -20.2941864 0.5878523172 0.02510471195 0.005792066214 -0.4257500819 0.9044739207
1625135856.769031 40.32366449 -20.42159578 0.5740129336000001 0.02306848527 0.005999110506 -0.4632340546 0.8859153833
1625135856.867256 40.4042827 -20.55333647 0.5567111333 0.02668659801 0.002885914377 -0.450121817 0.8925636374
1625135857.065657 40.58399342 -20.81707241 0.5884446959 0.03494008866 0.009290266298 -0.4250578424 0.9044438688000001
1625135857.16561 40.68108045 -20.93867656 0.5996614997 0.03246683136 0.01633736044 -0.4236242804 0.9051085375
1625135857.265825 40.7778941 -21.05904942 0.581040201 0.0270278017 0.01169941433 -0.419926253 0.907080241
1625135857.366373 40.87617932 -21.18692193 0.5595410661 0.02780499073 0.00473664461 -0.4236198414 0.9054008375
1625135857.467045 40.97568942 -21.31903449 0.5553940314 0.02866007147 0.000836345712 -0.4313022339 0.9017517862
1625135857.56788 41.07117693 -21.45734635 0.5704884326 0.03303361786 0.005588071773 -0.4466542902 0.8940791344
1625135857.668331 41.15608584 -21.59699168 0.5865504539 0.03885938181 0.01611857088 -0.4625360466 0.8856017986
1625135857.768412 41.22983428 -21.73323634 0.5796928679 0.04346454765 0.01420729092 -0.475049715 0.8787700235
1625135857.867755 41.29769837 -21.86670077 0.5637797769 0.04670194654 0.002963867147 -0.4733566067 0.8796270042
1625135857.966831 41.36870432 -21.99463877 0.5627952821 0.04141129079 -0.007560111936 -0.4603146427 0.8867572269
1625135858.16625 41.52910855 -22.24725736 0.6015008670999999 0.05236042023 -0.01598436012 -0.445662502 0.8935255010000001
1625135858.266302 41.62094156 -22.37297372 0.5970369462 0.04985498605 -0.0115675875 -0.4439264887 0.8946004381
1625135858.366708 41.71374571 -22.49564859 0.5791653284 0.04460769384 -0.01784314709 -0.449654792 0.8919093809
1625135858.46698 41.80124077 -22.61632176 0.5727014939 0.04380782076 -0.02626191891 -0.4551508015 0.888948218
1625135858.567549 41.87914306 -22.74011017 0.5873916794 0.04685549901 -0.03360571719 -0.4665773227 0.8825989009
1625135858.66871 41.95208318 -22.86770266 0.6134369522000001 0.0502043507 -0.01945455646 -0.5084064744 0.8594323128
1625135858.768456 42.01947561 -22.99331004 0.6207798685 0.04772201181 -0.006274220569 -0.5235365346 0.8506425458
1625135858.868081 42.08127614 -23.11686469 0.6073409358 0.04435893176 -0.004401916969 -0.5374185536 0.8421366911
1625135858.967132 42.14253187 -23.24200469 0.5998846134 0.04169447047 -0.00718763388 -0.5373609497 0.8422904005
1625135859.06566 42.21061823 -23.36923068 0.6119003913 0.03288049433 -0.007812110316 -0.5124741747 0.8580373327
1625135859.165287 42.28526864 -23.5005306 0.6304638772 0.03278696039 -0.00445789393 -0.5010826419 0.8647666322999999
1625135859.265511 42.36552865 -23.62985868 0.6389972849 0.03316216941 0.007523228006 -0.5032756567 0.8634565913
1625135859.466941 42.51932475 -23.88042865 0.6069413711 0.01603903599 0.007267534295 -0.5234982424 0.851844776
1625135859.566884 42.58383751 -24.00939186 0.602591893 0.01636123611 -0.004031902126 -0.5222821050999999 0.8526062728
1625135859.667614 42.642315 -24.14619106 0.6243425247 0.01986570058 -0.002471694767 -0.5344905927 0.8449373059
1625135859.768549 42.68528691 -24.27901377 0.6474090689999999 0.02083249883 0.006182486598 -0.5725549604 0.8195783069
1625135859.867987 42.71432965 -24.40582686 0.649648364 0.01803909789 0.005984821042 -0.5759672722 0.8172517814
1625135859.968028 42.73745038 -24.53208833 0.6363939217 0.01562745196 0.001495816294 -0.5965417228 0.8024285128999999
1625135860.06739 42.7589724 -24.65775786 0.6264809331 0.009347829929 -0.0008189960418 -0.6046779811 0.7964147704
1625135860.166086 42.77328915 -24.78427308 0.6361944433 0.01727928911 -0.005153770076 -0.5882102044999999 0.8085070316
1625135860.265544 42.78194198 -24.90701952 0.659177747 0.03821834957 -0.01560798604 -0.5791410486 0.8141814259
1625135860.466164 42.82220404 -25.11785135 0.6683360553 0.0357551479 -0.032885287 -0.5886968503 0.8068928961
1625135860.566606 42.85349815 -25.21299007 0.6527772381 0.02667192249 -0.04794114992 -0.5938259705 0.8027209798
1625135860.667309 42.88508878 -25.30825348 0.6487861579 0.02711219851 -0.06051451363 -0.6091270076 0.7902956477999999
1625135860.767498 42.92623739 -25.40201634 0.6677446078 0.02434381918 -0.05015523071 -0.6143681001 0.7870474374999999
1625135860.867414 42.98898041 -25.48317962 0.6936592919 0.003500790007 -0.009256468261 -0.619681755 0.7847907904
1625135860.966572 43.07843832 -25.5457172 0.7034788623 -0.03921951753 0.04706222279 -0.6012321101 0.7967226157
1625135861.066179 43.17879912 -25.58268771 0.6852555308 -0.09423875657 0.1047693596 -0.5827188584 0.8003631489
1625135861.165281 43.26751885 -25.60076397 0.6478618094 -0.1441695337 0.1594237502 -0.5430468137 0.8117261678
1625135861.264844 43.34451712 -25.6038066 0.5986257270999999 -0.1915568186 0.2063985368 -0.4971631694 0.8206914233
1625135861.365518 43.40935881 -25.59751258 0.5430553796000001 -0.2371231846 0.2468322851 -0.4726352214 0.8120728820999999
1625135861.466149 43.4436838 -25.59765429 0.5110406544 -0.2529151689 0.2671289807 -0.4587919304 0.8088176492
1625135861.566824 43.43054314 -25.61535736 0.5277390958 -0.2265474413 0.2477116866 -0.4531843463 0.8257960556
1625135861.667894 43.36153783 -25.65517307 0.5885414933000001 -0.1601311981 0.1880876767 -0.4744413685 0.844917992
1625135861.870558 43.06868736 -25.75813155 0.6738310319 0.05006984512 0.001928624018 -0.5703312428 0.8198850923
1625135861.969909 42.89586049 -25.79312878 0.6308071444 0.1610848232 -0.100499872 -0.5828090862999999 0.7901170954
1625135862.068984 42.75154076 -25.80899341 0.5460656973 0.2470268002 -0.1853166437 -0.5826033548 0.7518037194
1625135862.169117 42.65862847 -25.80544838 0.4669293001 0.3035518663 -0.2188837533 -0.6164706709 0.692755425
1625135862.268416 42.60910723 -25.78839651 0.416426404 0.3264814565 -0.2223632664 -0.6491548576 0.6500480037
1625135862.367448 42.58852574 -25.7713851 0.402284642 0.3294146117 -0.2075562891 -0.678900334 0.6224955718
1625135862.466108 42.59991786 -25.76314718 0.4306180379 0.3082140666 -0.1770560644 -0.7035124172 0.6154067907
1625135862.564431 42.65200279 -25.76040057 0.4908406856 0.2587299361 -0.1357409651 -0.7167601896 0.6331572009999999
1625135862.662689 42.74853603 -25.75730013 0.5667372418 0.184517061 -0.08106590511 -0.7122425675 0.6723780917
1625135862.76143 42.88685573 -25.74699795 0.6355175608 0.09458802876 -0.01275748596 -0.6887596098 0.7186797278
1625135862.861127 43.05299638 -25.71945416 0.6706217325 -0.003205934259 0.06017277422 -0.6546551873999999 0.7535220931
1625135862.961467 43.21749858 -25.66930493 0.6607125092 -0.1008448242 0.120670512 -0.6077729978 0.7783835379
1625135863.163047 43.46562005 -25.52737568 0.5483214609 -0.2594447198 0.2057994194 -0.4680009208 0.8193352027
1625135863.26485 43.53819765 -25.4652424 0.4763127695 -0.3115464596 0.2365039552 -0.4113585919 0.8232792913
1625135863.366772 43.57526266 -25.42810145 0.4219263354 -0.3368217344 0.2542462638 -0.3742479138 0.8257411554
1625135863.468354 43.58881528 -25.41902166 0.4018090203 -0.3342971755 0.2655435317 -0.3492503287 0.8341200388
1625135863.569949 43.5799557 -25.435733 0.4229650273 -0.3093979184 0.2562655046 -0.3559086218 0.8437594279
1625135863.670899 43.54045072 -25.47723457 0.4803310906 -0.2571794533 0.2268443089 -0.3789065857 0.8595523181
1625135863.771131 43.46811936 -25.53867354 0.5517381985000001 -0.1841327565 0.1811647332 -0.4124626519 0.8735840133
1625135863.870979 43.36527439 -25.60775827 0.6136546247 -0.1002357553 0.1222636971 -0.4568403939 0.8753863354
1625135863.970271 43.23840436 -25.67628299 0.650113122 -0.009932760333 0.05646790469 -0.4990214471 0.8646908762
1625135864.069356 43.09859196 -25.73388073 0.6521097827 0.07725688576 -0.01156934552 -0.5383794617 0.8390739414
1625135864.168974 42.95978805 -25.76812604 0.621316138 0.1556567107 -0.0765956788 -0.5909665189 0.7878214671
1625135864.268065 42.83537079 -25.77480303 0.5675110316999999 0.2196911683 -0.1362075569 -0.6335609164 0.7292351179
1625135864.366579 42.73240571 -25.76128098 0.5018149784 0.2672732753 -0.1901813711 -0.6545611539 0.6811356240000001
1625135864.465678 42.65427284 -25.73985992 0.4377882017 0.3072860151 -0.224766843 -0.6797388027 0.6269053607
1625135864.663842 42.57184014 -25.70279452 0.3592828127 0.3461196954 -0.2460052967 -0.7133039979 0.5575661011
1625135864.762872 42.56066184 -25.69260525 0.3548922019 0.3461791884 -0.245814396 -0.7196984605 0.5493353969
1625135864.862015 42.57574633 -25.69214715 0.3839765173 0.3261598538 -0.234587947 -0.7215448027 0.5638806102
1625135864.961735 42.62425799 -25.70326772 0.4443240829 0.2887070506 -0.2011421595 -0.72373778 0.5936275738
1625135865.06155 42.70996758 -25.71962976 0.5223921521 0.233681194 -0.1488544657 -0.7164091847 0.6403072135
1625135865.161339 42.8302215 -25.72847145 0.5977737336 0.1617259085 -0.09014052414 -0.687838199 0.7018532813
1625135865.261532 42.97465196 -25.71988344 0.6493780151 0.08328163939 -0.02734141275 -0.6432080984 0.7606575825
1625135865.362224 43.12608735 -25.69300137 0.6651137488 0.00623671415 0.03758855621 -0.5832428292 0.8114037257
1625135865.463655 43.2618727 -25.64904269 0.6498537138 -0.06171033118 0.09198630499 -0.5245249506 0.8441587119
1625135865.56532 43.37266259 -25.59403978 0.6142902625 -0.1199338748 0.1343013175 -0.4672976651 0.8655702825
1625135865.666903 43.46383076 -25.53874234 0.5653212802000001 -0.1715789297 0.175190364 -0.4156737421 0.8758335158
1625135865.869073 43.57539847 -25.45843642 0.4539223573 -0.2401063376 0.2446159244 -0.3337371518 0.8781409395000001
1625135865.96969 43.59771446 -25.44814116 0.4201960272 -0.2469555991 0.2643107597 -0.3127409901 0.8782629603
1625135866.070135 43.60316924 -25.4619291 0.4151284009 -0.2361080439 0.2737328537 -0.3124484499 0.8784641612
1625135866.170014 43.58317165 -25.50179292 0.4403119753 -0.198251838 0.2665973932 -0.3219953448 0.886533156
1625135866.269777 43.53213685 -25.56659448 0.4864916991 -0.1356636217 0.2377954538 -0.3476894917 0.8967500885
1625135866.369658 43.44581479 -25.64540152 0.5387685054 -0.0595560204 0.1915639071 -0.3915950275 0.898003165
1625135866.469465 43.32571528 -25.72312008 0.5788446732 0.02298138292 0.1306254899 -0.4454190866 0.8854437728
1625135866.56923 43.17979059 -25.78548545 0.5937624486999999 0.1029327035 0.05784470216 -0.5031719231 0.8560822768
1625135866.668734 43.02442899 -25.82287476 0.5800100199 0.1756690214 -0.01855963173 -0.5567437437 0.8116848766
1625135866.768019 42.88028596 -25.83286435 0.5407016322 0.2350984687 -0.08854804944 -0.5986401757000001 0.7606036372
1625135866.86773 42.75759579 -25.81995985 0.4854413733 0.2850915612 -0.142557053 -0.6480887236 0.6916511365
1625135867.065836 42.59619037 -25.76251853 0.3758626488 0.3478759972 -0.2206982265 -0.7031861219 0.5794858595
1625135867.164661 42.56335767 -25.74012852 0.3520292004 0.3570614128 -0.2336827412 -0.7192601566 0.5482374951
1625135867.263514 42.55630627 -25.7274236 0.3553295844 0.3485338025 -0.2345992744 -0.7300143621 0.5390421135
1625135867.362678 42.57296729 -25.72602879 0.3823780743 0.3282051049 -0.2211917334 -0.7377687805000001 0.5468572508
1625135867.462208 42.61451578 -25.73470484 0.4277280518 0.2964440365 -0.1928456092 -0.7425514680999999 0.5688135209
1625135867.561953 42.68179438 -25.75059233 0.4847331641 0.2520644852 -0.1505979681 -0.7396891085 0.6055111644
1625135867.662131 42.77760216 -25.76648618 0.5427054239 0.1964955156 -0.095623983 -0.7317291427 0.6456144577
1625135867.762526 42.89787412 -25.77604802 0.5871029823 0.1337390296 -0.03414164815 -0.7105643642 0.6899612339
1625135867.964501 43.14305248 -25.76695293 0.6117802336 0.02456371835 0.07061509415 -0.6470438428 0.758778227
1625135868.065526 43.21976224 -25.76449134 0.6071268951 0.005075906165 0.09888439407999999 -0.6090490234 0.7869278232
1625135868.166832 43.25348819 -25.77218497 0.6044212329999999 0.006469342358 0.1063708411 -0.5793114807 0.8081098936
1625135868.268692 43.25324178 -25.79238882 0.6044341214 0.01614193953 0.1021003007 -0.5789585365 0.808778078
1625135868.369749 43.22941457 -25.82538871 0.6057496468 0.02793262447 0.08899773843 -0.5822481506 0.8076424098
1625135868.470406 43.19681952 -25.86809484 0.6066660527 0.03676581146 0.07333061882 -0.5926009807 0.8013082884
1625135868.570172 43.16599523 -25.91850904 0.6052336028999999 0.04071001235 0.06114265464 -0.601290058 0.795647244
1625135868.668983 43.14046825 -25.97292359 0.6068661165 0.04302831935 0.05079765929 -0.5913455867 0.8036657008
1625135868.768014 43.12578754 -26.02292231 0.6179600984 0.04488170944 0.05072078526 -0.5860193773 0.8074616545
1625135868.96641 43.11666325 -26.07297282 0.6492637955 0.04139325273 0.03954690654 -0.5826638696999999 0.8106944281
1625135869.066026 43.11487681 -26.08297089 0.6651853665 0.04075147078 0.03306990446 -0.5806607025 0.8124523664
1625135869.166322 43.11249721 -26.08714406 0.669456009 0.03938019175 0.02773143348 -0.5944729525 0.8026718363000001
1625135869.266542 43.10671562 -26.09438353 0.6650550142 0.04343291322 0.02388184635 -0.6071983587000001 0.7930027697000001
1625135869.36609 43.10216023 -26.1062659 0.6523814163 0.04013984287 0.02445980649 -0.5997365822 0.7988157127
1625135869.466543 43.09897598 -26.1260337 0.6353666096 0.0348064816 0.02742269866 -0.6064844989 0.7938595953000001
1625135869.566887 43.09174544 -26.15583026 0.6195585289 0.03362838581 0.02924173341 -0.6170490373999999 0.7856618472
1625135869.666664 43.07809964 -26.20308217 0.6108723334 0.04147415565 0.02726387446 -0.6088513853999999 0.7917301094
1625135869.767267 43.06177095 -26.2703602 0.5995069614 0.05673141355 0.01753158634 -0.6204926879 0.7819610057
1625135869.867477 43.0476293 -26.35215729 0.5787112170000001 0.06958717802 0.004766398689 -0.6287603549 0.774464539
1625135870.068432 43.0349994 -26.53787388 0.5617114377 0.07451023956 -0.02002248469 -0.661479742 0.7459838304
1625135870.16857 43.02579504 -26.63601504 0.5872242014 0.07289766601 -0.03363368052 -0.678799741 0.7299216515
1625135870.269096 43.01391094 -26.74517253 0.6170347175999999 0.07419244435 -0.03546179716 -0.7130260711999999 0.6962986168999999
1625135870.368675 43.00019347 -26.88328063 0.6300899599000001 0.09254559007 -0.01022767374 -0.7321010686 0.6748027369
1625135870.467645 42.98423939 -27.04955653 0.6089678704 0.1202598394 0.02637136303 -0.7350328546 0.6667599454000001
1625135870.566685 42.96344176 -27.23363364 0.562380819 0.1574139751 0.06378677062 -0.7330539256 0.6586228287
1625135870.665234 42.94286307 -27.42206358 0.508153588 0.195942854 0.09304577289 -0.7121521014 0.6676737725
1625135870.764327 42.92651864 -27.61510339 0.4550378331 0.2412785972 0.1247508042 -0.6825790378 0.6784598238
1625135870.864796 42.92058082 -27.79365073 0.4095879334 0.272938366 0.1582942958 -0.6730384464 0.6689296031
1625135870.964974 42.92280918 -27.93798079 0.3893276932 0.2688938456 0.1594655052 -0.6649901972 0.6782734626
1625135871.065599 42.93212166 -28.05181384 0.4046395976 0.2255565137 0.1337426514 -0.6690442219 0.6954257627
1625135871.166516 42.94594369 -28.14663374 0.4479069174 0.1665979819 0.09813006028 -0.6829473731 0.7044135783
1625135871.267652 42.95255864 -28.24134911 0.5074852154 0.1255707299 0.07011768695999999 -0.6996547083 0.6998562645
1625135871.468226 42.91906715 -28.40098006 0.6271202414 0.03767104569 -0.0007628172153 -0.7191112934 0.6938726526
1625135871.568368 42.88445327 -28.47269937 0.6607095561 -0.004708893177 -0.04647341086 -0.7304807691 0.6813339081999999
1625135871.667289 42.84221599 -28.54301714 0.6821729656 -0.04324102064 -0.09267432715 -0.7154160736 0.6911740192
1625135871.76634 42.80069561 -28.61896243 0.7051703097000001 -0.08067711463 -0.1285786662 -0.6934410408 0.7043424257000001
1625135871.866651 42.7645458 -28.71109243 0.7415983046 -0.09262885203 -0.1484044574 -0.6937289043 0.6986674603
1625135871.967465 42.73610992 -28.82457826 0.7787301881000001 -0.08859733323000001 -0.1511949511 -0.7121569924 0.6797963057999999
1625135872.067431 42.7086997 -28.96051331 0.801564816 -0.07465507906 -0.1378558402 -0.7197466717 0.6763040109
1625135872.16666 42.6822297 -29.11422203 0.8089765508 -0.05701080176 -0.1172127235 -0.7093920555 0.6926570995
1625135872.266796 42.65833369 -29.28039957 0.8094498342000001 -0.032543607 -0.09345130868 -0.7136390659 0.6934890412
1625135872.468298 42.60232286 -29.64344377 0.7970861546 0.05049407163 -0.0204625066 -0.7712445986000001 0.6342029672
1625135872.566919 42.5600018 -29.83924211 0.7635331608 0.1013006852 0.02027640205 -0.7574860487 0.6446254142
1625135872.666126 42.51038632 -30.03716648 0.7074165354 0.1499020523 0.05091543563 -0.7454155218 0.6475281406
1625135872.765939 42.45963048 -30.22956234 0.6397347388 0.1950243012 0.07572009508999999 -0.7416494334 0.6373288846
1625135872.865366 42.40962523 -30.41787019 0.5751909401 0.2441233455 0.09639565915999999 -0.7258991626 0.6357531556
1625135872.964684 42.36340748 -30.60032436 0.5084141113 0.298381165 0.106060097 -0.6960040857000001 0.6444363808
1625135873.064898 42.32566571 -30.77797403 0.431660522 0.3476964458 0.1166947174 -0.6750660872000001 0.6401369404
1625135873.165563 42.30178046 -30.95403989 0.3511779282 0.3803161261 0.1317907382 -0.6624726208 0.6317601382
1625135873.2665 42.29071605 -31.12802498 0.2863560674 0.3904761081 0.1445283833 -0.6604970834 0.6248068167
1625135873.367367 42.29433787 -31.28799864 0.2623039161 0.3698104857 0.1559262434 -0.6711687157 0.623265406
1625135873.467913 42.31054121 -31.42418079 0.2753273417 0.3269510458 0.1727430051 -0.681575059 0.6314414516
1625135873.567395 42.32055455 -31.5431406 0.3077382178 0.2845220854 0.1696322025 -0.6789087407 0.6552518757
1625135873.766317 42.29000069 -31.7487121 0.4049191042 0.1779921512 0.08040731857 -0.6876000975 0.6993279368
1625135873.86589 42.26273859 -31.84530054 0.4635534453 0.1184786159 0.0287478205 -0.6890967712 0.7143402693000001
1625135873.965801 42.23527082 -31.94774453 0.5288562877 0.07631729571 -0.008119087806 -0.6866600816 0.7229160969
1625135874.066296 42.21459971 -32.04907545 0.5874223638 0.03467817972 -0.0343689303 -0.6939175989 0.7183972205
1625135874.166919 42.20317196 -32.14617355 0.6263356335 -0.02474700677 -0.0624819097 -0.7108675873 0.7001077559
1625135874.266665 42.19405637 -32.24321394 0.6585411684 -0.0847556146 -0.09485709679 -0.7040597384 0.6986547801
1625135874.367342 42.18504662 -32.34603258 0.7003593328 -0.1199312693 -0.1218371054 -0.717464075 0.6752906867
1625135874.467915 42.16638379 -32.4675259 0.7553916233 -0.1268372176 -0.1299541191 -0.7397726487 0.6478894005
1625135874.567268 42.13290941 -32.60097861 0.8120779472 -0.1188952953 -0.1162038946 -0.7449734729 0.6460457323
1625135874.66659 42.09125883 -32.74594547 0.8557548206 -0.1025601294 -0.09096306816999999 -0.7479962173 0.6493910987
1625135874.765797 42.04013499 -32.90239237 0.8739561547 -0.07873757117000001 -0.06347482322 -0.7449951266 0.6593584785
1625135874.965281 41.91247756 -33.25971588 0.8611195002000001 0.01151475196 -0.01504694476 -0.7478757525 0.6635682774
1625135875.065146 41.84635822 -33.47252697 0.8449345641 0.08368222567 0.0234589363 -0.7371014213 0.6701704695
1625135875.166231 41.78627348 -33.69817604 0.7949752363 0.153905809 0.07341917639999999 -0.747329111 0.6422007679
1625135875.266718 41.73542835 -33.91616349 0.7121013064 0.2083443799 0.1224460484 -0.7490364274 0.6168824969
1625135875.366625 41.68789307 -34.11836262 0.6145412327999999 0.2530994654 0.1538070466 -0.7418747354 0.6015861783999999
1625135875.466264 41.63965558 -34.30812066 0.5259063053 0.2899592274 0.1722755472 -0.7319963315 0.5919680337
1625135875.566578 41.59522199 -34.4805923 0.4473814069 0.305978762 0.1917009986 -0.7355911071 0.5731783732
1625135875.66613 41.56171341 -34.62524748 0.3874793496 0.2996998406 0.2005406646 -0.7343759562 0.5750264363000001
1625135875.765491 41.53334378 -34.74807325 0.3607487545 0.2751047227 0.1879413669 -0.7316543182 0.5947078213
1625135875.865893 41.5064279 -34.85379533 0.3732548948 0.2271571418 0.1642454031 -0.7527385387 0.5956574291
1625135875.966104 41.4727486 -34.95427443 0.421954314 0.1797523359 0.1343710567 -0.7701334693 0.5970996201
1625135876.065899 41.43465714 -35.05473505 0.4997698556 0.146387113 0.102636871 -0.7792239761999999 0.6007049865
1625135876.165267 41.40783628 -35.14273478 0.5878660924 0.1027079485 0.06328388773 -0.7724477286 0.6235148222
1625135876.366615 41.39170362 -35.27992135 0.7194306093 -0.025112307 -0.02637515617 -0.8013463813 0.5970910319
1625135876.466228 41.38545342 -35.34212383 0.7607077347 -0.07919288611 -0.07290201941 -0.7922269895 0.6006581219
1625135876.566407 41.36446223 -35.42343989 0.8033789034 -0.1052751481 -0.1099818456 -0.792779535 0.5901878902
1625135876.666414 41.32630016 -35.5343508 0.8500058855 -0.09825182353 -0.1197138863 -0.7979361929 0.582505791
1625135876.766174 41.27747857 -35.67215117 0.8901782833 -0.0684390387 -0.1022470779 -0.8009851882 0.5859047374
1625135876.865329 41.21803139 -35.82488561 0.9090040386 -0.02930050956 -0.07986028743 -0.7901891148 0.6069307848
1625135876.965268 41.15571856 -35.98285617 0.908313128 0.01100943135 -0.05959800694 -0.7827660874 0.6193578306999999
1625135877.065946 41.09298462 -36.14402687 0.9006247398 0.05312834577 -0.04174113521 -0.7889437173 0.6107396069
1625135877.166136 41.02840854 -36.31981309 0.8932251886 0.1057398928 -0.01681502492 -0.7851479971000001 0.6099827479
1625135877.267169 40.96255708 -36.51569405 0.8681198811 0.1635752644 0.02179822851 -0.7944141744 0.5845289467
1625135877.467444 40.83726803 -36.91940605 0.7210168476 0.2647271002 0.1016455004 -0.7944111001 0.5371208046
1625135877.566775 40.76789851 -37.11223663 0.6326352342 0.3101712593 0.1203758988 -0.7831702411 0.5253073445999999
1625135877.666365 40.69833731 -37.28985254 0.5526818171 0.3462969662 0.1410532268 -0.7720201103 0.5139721274
1625135877.766045 40.63511093 -37.44075408 0.4911710192 0.3520537073 0.1544875136 -0.7721428423 0.5059518025
1625135877.865525 40.58238208 -37.56316655 0.4553278851 0.3224028582 0.1486535906 -0.7787843445 0.5171590198
1625135877.96491 40.53929891 -37.66231939 0.4501480294 0.2657606961 0.1272974052 -0.7874244533 0.5414142161
1625135878.064661 40.49506304 -37.75198409 0.4785286862 0.2069099835 0.1035592742 -0.7924650163 0.5643252018
1625135878.164997 40.44397242 -37.84497068 0.5391905961 0.1684066589 0.08281955721000001 -0.7985574678 0.5719144068999999
1625135878.265426 40.39928938 -37.93230755 0.6101898996 0.1215917297 0.05696995753 -0.804010682 0.5792552964
1625135878.365902 40.36477537 -38.01606411 0.665159983 0.06270166445 0.03654749801 -0.8075785093 0.5852774837
1625135878.466432 40.32795494 -38.10877868 0.7051821638 0.01977633004 0.01751739813 -0.8119264756 0.5831615863
1625135878.565938 40.27717511 -38.21131615 0.74314459 0.004148765843 -0.001810632074 -0.7968960403000001 0.6040995036
1625135878.66627 40.21567941 -38.32565823 0.7876825466 0.005340157586 -0.01299064752 -0.7906684429 0.6120834413
1625135878.767512 40.15133972 -38.44146315 0.8317225729 0.008332861844000001 -0.01554497749 -0.8097379822 0.5865264847
1625135878.965737 40.01294961 -38.67142824 0.8443509328 0.01075550853 -0.01903274977 -0.7799840783999999 0.6254173893
1625135879.06653 39.93721795 -38.80447927 0.8124986977 0.02390729459 -0.01606718076 -0.7900038911 0.6124248027
1625135879.166604 39.85959433 -38.94427067 0.7856564552999999 0.03547072565 -0.01224261301 -0.7986994997 0.6005589524
1625135879.266068 39.78499039 -39.08418656 0.7721562195 0.04376648732 -0.004307374011 -0.7867946588 0.6156460883
1625135879.366119 39.71341666 -39.22137794 0.7663099726 0.04778012485 -0.0007279578326 -0.7903423411 0.610799078
1625135879.466052 39.6475652 -39.35506251 0.7562241302 0.0443525294 0.001004502428 -0.7913767390999999 0.6097169022
1625135879.566031 39.58465389 -39.4823414 0.7433260758 0.03463733249 -0.002053084958 -0.7896977539 0.6125140794
1625135879.666378 39.52359515 -39.60534069 0.7424740844 0.02639456688 -0.007785995055 -0.7994211321 0.6001404491
1625135879.765814 39.46160598 -39.72697957 0.7558927982 0.02217860568 -0.007650139294 -0.7917783053 0.610357846
1625135879.966629 39.32764826 -39.98505644 0.7731000669 0.02367305586 0.01256343761 -0.8185517309 0.5738072937000001
1625135880.066343 39.24989089 -40.11902621 0.7622462773000001 0.02549249965 0.02054850396 -0.8218257419 0.5687972762
1625135880.165442 39.17090491 -40.24928297 0.7497939739 0.02487639308 0.02155253454 -0.8125957613 0.5818975701
1625135880.265424 39.0886064 -40.37264106 0.7475129062 0.02039168138 0.01267988611 -0.8146548187 0.5794488123
1625135880.365452 38.99834724 -40.49597739 0.7592567879 0.0309943436 0.0117002463 -0.8180382266 0.5742089469
1625135880.565698 38.81529094 -40.74506338 0.7531750613 0.04272467768 0.01825189807 -0.8184149362000001 0.5727464207
1625135880.666268 38.72597126 -40.86947196 0.7370661001 0.04455532639 0.01354050381 -0.8290616168 0.5572147819
1625135880.767109 38.63801741 -40.99737215 0.7354484681 0.04772548471 0.0133539959 -0.8484111734000001 0.5270127415
1625135880.866941 38.54825186 -41.12675077 0.7486527935 0.05529072239 0.02050438274 -0.8566652411 0.5124911423
1625135880.966392 38.45727869 -41.25511541 0.7584359478 0.06347473714 0.03366148029 -0.8560257226 0.5119158375
1625135881.066494 38.36617325 -41.37562414 0.7452641058 -0.06071606279 -0.03243965649 0.8683809183 -0.4910965375
1625135881.165425 38.27388892 -41.48763923 0.7245836619 -0.05413757461 -0.02196730952 0.8647401944999999 -0.4988095392
1625135881.264446 38.18629547 -41.59205192 0.7181870369 0.03904676556 0.01186516459 -0.8552091809 0.516673809
1625135881.465093 38.01132883 -41.82470196 0.7598695243 0.04871149041 0.01207127335 -0.8611007201 0.5059516033
1625135881.564614 37.92931157 -41.94693406 0.7558733716 0.04577036409 0.0117784999 -0.8523053591 0.5209049007
1625135881.664228 37.85070425 -42.06210467 0.7292036353 0.03299137367 -0.003353852735 -0.8369474895 0.5462776041
1625135881.765303 37.77264865 -42.17639463 0.7142469274 0.02939542929 -0.01730330103 -0.8432893425 0.5363763504
1625135881.865994 37.69211816 -42.29554826 0.7268504359 0.03204418806 -0.02156223188 -0.8455329265 0.5325244693
1625135881.966792 37.60621534 -42.41867666 0.7485581378 0.03883218195 -0.01431644201 -0.8522828896 0.5214412499
1625135882.067009 37.51324596 -42.54070965 0.7513392301 0.04393884318 -0.01022427051 -0.8554945193 0.5158429702
1625135882.166858 37.4196159 -42.65967197 0.731570353 0.03762703257 -0.008926555155 -0.8561821357 0.5152248766999999
1625135882.36611 37.23321553 -42.91030573 0.7275838516000001 0.04055410783 0.005004703484 -0.8506250782 0.5241825004
1625135882.465872 37.1425239 -43.0391236 0.7505311209 0.05442973506 0.01102439274 -0.8456442609 0.5308499324
1625135882.566282 37.05911684 -43.1632028 0.7570961118 0.06004900239 0.01546718539 -0.8522063868 0.5195181978
1625135882.665921 36.98361117 -43.28002012 0.7401117468 0.05317712719 0.01198317615 -0.8491254221 0.52537093
1625135882.765714 36.91270474 -43.39748283 0.7238807025 0.04284638588 0.008717774439000001 -0.8417811095 0.538045306
1625135882.866519 36.83992216 -43.51782298 0.732466558 0.04073075949 0.008004387078999999 -0.8551929012 0.5166449813
1625135882.966675 36.7609485 -43.63822687 0.7601555709 0.04654449892 0.01385679918 -0.8582707456000001 0.5108942415
1625135883.067281 36.67692925 -43.75379695 0.7791956533 -0.05226600513 -0.02153337123 0.8708995608 -0.4881992766
1625135883.266578 36.50411253 -43.96205028 0.7600137897 -0.03661551086 -0.01473499126 0.8811953871 -0.4711017663
1625135883.366396 36.41877011 -44.06741014 0.7564564515 -0.02473134349 -0.01622156154 0.8865968915 -0.4615963319
1625135883.465206 36.3341103 -44.17586675 0.7682682101 -0.01787918435 -0.01611277135 0.8779071646 -0.4782255992
1625135883.56436 36.24427472 -44.29548502 0.7817253975 0.02955548439 0.01787136634 -0.8636286022 0.5029440575
1625135883.664195 36.15155201 -44.42040563 0.7744145924 0.03837518706 0.01870559325 -0.8534367812 0.5194449984
1625135883.764822 36.05858392 -44.5432048 0.7498191448 0.03824379872 0.009589033569 -0.851523644 0.5228316613
1625135883.866063 35.96395285 -44.66925737 0.7343728993 0.04326614731 0.002079378061 -0.860581601 0.5074672647
1625135883.966688 35.86833947 -44.79595715 0.7405688037 0.04911072635 -0.001137329215 -0.8641004032 0.5009164963
1625135884.067818 35.77239168 -44.920831 0.7593447856 -0.05978510078 -0.007752325419 0.8780822396 -0.4746969809
1625135884.16813 35.67779458 -45.03766861 0.7659368600000001 -0.06536724436000001 -0.01447231953 0.8906420078 -0.4497493628
1625135884.267068 35.58317309 -45.14923784 0.7508722302 -0.06142138685 -0.01404696799 0.8857069449 -0.4599492403
1625135884.366864 35.48354552 -45.26461798 0.7349945887 -0.05882321769 -0.0145909951 0.8892081109 -0.4534709114
1625135884.564463 35.28430516 -45.49461988 0.7527520693 -0.07011017546999999 -0.009491945461 0.8710492414 -0.4860737447
1625135884.66486 35.19464589 -45.60989206 0.7694754644 -0.07459734097 -0.00908863486 0.8732644736 -0.4814164441
1625135884.76559 35.11287624 -45.72172344 0.7636120555 -0.0700228971 -0.002919074644 0.8846546629000001 -0.4609494553
1625135884.865205 35.0305338 -45.83046667 0.7504128521 -0.06472130187 0.01428816073 0.8782745564 -0.4735407112
1625135884.965598 34.95015925 -45.94098304 0.7504843669 -0.05746157787 0.02451423023 0.8787936654 -0.4730950362
1625135885.067333 34.87239872 -46.05608861 0.7690925263 -0.04937562275 0.022210409 0.9012455583 -0.429913002
1625135885.168109 34.78968252 -46.17691764 0.7895097762 -0.05385898627 -0.003269833736 0.9199634246 -0.3882728617
1625135885.266958 34.69748558 -46.28919369 0.7857091314 -0.05722632481 -0.01403033559 0.9156034926 -0.397741803
1625135885.366191 34.60067423 -46.39041854 0.7625259279 -0.05022795013 -0.007139522527 0.9139341028 -0.4026793216
1625135885.465585 34.50133906 -46.4878777 0.746145447 -0.04209567805 0.004294458653 0.9126590797 -0.4065254184
1625135885.664254 34.30271677 -46.70168712 0.7715022844 -0.0521862402 0.005726855459 0.8896628239 -0.4535899682
1625135885.764828 34.20834337 -46.81486068 0.7749839498 -0.05594572507 0.002212343279 0.8885686303 -0.455314145
1625135885.865276 34.12010482 -46.92597446 0.757618902 -0.04979717656 0.004427013075 0.8854928868 -0.4619556149
1625135885.966108 34.03358702 -47.03705167 0.7451516701000001 -0.04311084282 0.01062747403 0.8869537843999999 -0.4597189319
1625135886.06688 33.94417892 -47.14393454 0.7539310656 -0.03856789355 0.01915142145 0.892435244 -0.4491158824
1625135886.168107 33.85046942 -47.25163733 0.778783103 -0.03956071589 0.01242668244 0.9073879166 -0.4182435846
1625135886.268481 33.75353087 -47.35872409 0.7962368662 -0.04449648852 -0.003502731369 0.9204670963 -0.3882629496
1625135886.367382 33.65717335 -47.46471691 0.7889053092 -0.03878700756 -0.01536649136 0.9177016736 -0.3950735087
1625135886.466172 33.56560637 -47.57678278 0.7670168427 -0.02072533166 -0.03010351826 0.9110563097 -0.410658787
1625135886.565392 33.48334113 -47.69967766 0.7503467086 0.0003661565987 -0.05599286083 0.9064120271 -0.4186668157
1625135886.763837 33.35140437 -47.9860256 0.7558720417 0.02039491016 -0.1367163122 0.8753837893999999 -0.463244988
1625135886.864721 33.2971459 -48.13920323 0.7339119077 0.03881753949 -0.1868326612 0.8728229393 -0.4491846746
1625135886.964964 33.24094198 -48.28180938 0.6890102165000001 0.06253234771000001 -0.2237348696 0.8623975346 -0.4497809533
1625135887.065302 33.18112069 -48.42236938 0.6476288045 0.08002894966 -0.251919578 0.8499532988 -0.4557535336
1625135887.16613 33.11210168 -48.56673779 0.6302986307 0.09038692882 -0.2777794673 0.8488006218 -0.4406884104
1625135887.266349 33.01768892 -48.70204415 0.6415947433 0.07265547360000001 -0.3027178233 0.8474349557 -0.4300431344
1625135887.366343 32.89723657 -48.80622156 0.6641259863 0.05150825963 -0.2878057273 0.8525639181 -0.4331853276
1625135887.466489 32.75992724 -48.88047569 0.688027803 0.04116857907 -0.2373109462 0.8675475391 -0.4351435743
1625135887.566428 32.61041022 -48.94033212 0.7153917516 0.03088800757 -0.1756537795 0.8798454702 -0.4405265365
1625135887.666139 32.45455086 -48.99898944 0.745664258 0.01818369335 -0.1137445466 0.8875043943000001 -0.44616979
1625135887.765758 32.29421145 -49.06561172 0.7835627006 -0.01249306985 -0.0558892173 0.887399148 -0.4574309464
1625135887.86671 32.13373717 -49.1274642 0.8050010247 -0.04232140182 0.002124187556 0.9018844217 -0.4298940296
1625135888.066641 31.83644676 -49.21864793 0.7541411272 -0.06212925658 0.1379368154 0.9082449824 -0.3901338776
1625135888.166854 31.69900209 -49.26421237 0.7174973163 -0.0694736552 0.2066943259 0.9058336364 -0.3632028221
1625135888.268098 31.57000426 -49.32253169 0.6945329223 -0.09061800783 0.254735416 0.9180633838 -0.2899273491
1625135888.367796 31.44470627 -49.38481984 0.6774590414 -0.1136743024 0.2850040902 0.9188900563 -0.2479755754
1625135888.466592 31.32632278 -49.44472287 0.6395527339 -0.1210870581 0.3222741128 0.9092509917 -0.2339657127
1625135888.565732 31.21348149 -49.50935301 0.5857043566 -0.1235442999 0.357211602 0.9013153405 -0.2115829256
1625135888.664296 31.10216159 -49.57861714 0.5392225145 -0.1105192509 0.3897384312 0.888734232 -0.2145714691
1625135888.763033 30.98813992 -49.6624793 0.5269839481 -0.08848378733999999 0.4076275606 0.8772307664 -0.2376480038
1625135888.864637 30.86725051 -49.77927857 0.5598384126 -0.1138132351 0.3796119098 0.8945122236 -0.2068555713
1625135888.965429 30.75646744 -49.92320025 0.6119415677 -0.1245663738 0.3137282867 0.9219064912 -0.1901215456
1625135889.164966 30.57192425 -50.24791359 0.6853068057 -0.07940428636000001 0.1692151872 0.9566491294 -0.2233464193
1625135889.265228 30.4854925 -50.41113534 0.7261600689 -0.05911560365 0.09879311138999999 0.9666690625 -0.2286836029
1625135889.365412 30.39773255 -50.56640499 0.7650455521 -0.05109212501 0.03194038704 0.9696307158 -0.2370351904
1625135889.465034 30.31252415 -50.70962223 0.7806525172 -0.03647933731 -0.02284612313 0.9641952949 -0.2616767965
1625135889.56412 30.22664553 -50.8443473 0.7685641423 -0.01718049783 -0.07094113454000001 0.9486488652 -0.3077946011
1625135889.663146 30.13758558 -50.9646184 0.7443721908000001 0.0001115673817 -0.1015843571 0.9215604972 -0.3747090284
1625135889.763752 30.05406601 -51.08358488 0.7281878539 0.01746867533 -0.1381156043 0.9003055572000001 -0.4123940214
1625135889.86469 29.97839849 -51.21269918 0.7247655567 0.0248875016 -0.1848099909 0.8796352864 -0.4375701572
1625135889.965767 29.90844976 -51.34416523 0.7070646779999999 0.03568869523 -0.2346289162 0.8541346154 -0.4627414478
1625135890.067415 29.8335515 -51.46698141 0.6662120747 0.05521474693 -0.2685651522 0.8438595404 -0.4612213859
1625135890.16791 29.7445055 -51.57816082 0.6292688449 0.0659967799 -0.2789753879 0.8299555767 -0.478529935
1625135890.268456 29.64112934 -51.68907983 0.6193207724999999 0.0696184291 -0.2813883687 0.8271106407 -0.4815203509
1625135890.368928 29.51446336 -51.79286453 0.642980279 0.05668921658 -0.2797217452 0.8359680795 -0.4687210771
1625135890.469008 29.36145253 -51.87323277 0.6804247434 0.03657225365 -0.2565229267 0.8542919413 -0.4506037476
1625135890.56884 29.19015068 -51.92402821 0.7099702134 0.02326760023 -0.2050177946 0.8786194834 -0.4306438505
1625135890.767113 28.83856781 -51.98871097 0.7398397535 0.0006228059927 -0.08356866198 0.9134569841 -0.3982615083
1625135890.865377 28.67387833 -52.03285219 0.7572170555 -0.005342320406 -0.02863111298 0.9100640876 -0.4134429531
1625135890.965787 28.50865676 -52.08953037 0.7748067367 -0.0299923198 0.01899918302 0.9264841089 -0.3746554254
1625135891.065792 28.35410708 -52.14492349 0.7641487885 -0.03959908988 0.05897709792 0.9387298796 -0.3372533574
1625135891.1649 28.21244487 -52.19863565 0.729970958 -0.03201628015 0.1029661731 0.9370509354 -0.3321271886
1625135891.264838 28.07336394 -52.24820265 0.6974476649 -0.02845089657 0.157692642 0.9356749259 -0.3143819495
1625135891.365664 27.9277853 -52.29146041 0.6802395796 -0.03448468768 0.2123677738 0.9378777693 -0.2722058502
1625135891.466417 27.77299875 -52.32590202 0.6774532492999999 -0.06259388304000001 0.2579514076 0.9375909978 -0.2246468295
1625135891.565915 27.62217816 -52.3576358 0.6606622061 -0.07826831738999999 0.2989028614 0.9274148426 -0.2107910331
1625135891.765554 27.34208397 -52.43551789 0.5619080842 -0.08667458306 0.3738009838 0.9080125014 -0.1681476688
1625135891.864573 27.19985316 -52.4773653 0.5207900281 -0.08376663176 0.4112430843 0.8906262458 -0.1750633234
1625135891.964753 27.04378207 -52.5276543 0.500117908 -0.1105359986 0.4453636087 0.8713106121999999 -0.1739277611
1625135892.06603 26.89576936 -52.59961984 0.5029127776 -0.1493735819 0.4378890786 0.8748768367999999 -0.1432871534
1625135892.166615 26.76656443 -52.6955445 0.5289666692 -0.1655720677 0.3829502633 0.9009915239 -0.1189506626
1625135892.265366 26.64801044 -52.81360796 0.5702788170999999 -0.1490069983 0.3158328526 0.9257142312 -0.1452573089
1625135892.364684 26.53052184 -52.94215422 0.6206443629 -0.1355101309 0.255758261 0.942831573 -0.1652069649
1625135892.464704 26.41808479 -53.06445349 0.6793582281 -0.1260479781 0.2034129094 0.9559709315 -0.169866635
1625135892.564548 26.31663066 -53.17587207 0.7365923043 -0.1100534758 0.1505122545 0.9660721475 -0.1787145758
1625135892.663919 26.22295466 -53.28567013 0.7733790095 -0.07872238324 0.09734152715 0.969466741 -0.2108593169
1625135892.763864 26.12835569 -53.40033834 0.783153305 -0.04565806149 0.03794679704 0.9703894899 -0.2341359007
1625135892.864151 26.02425197 -53.51854299 0.7791529841 -0.02588541332 -0.02372325464 0.9668559673 -0.2528966013
1625135893.063935 25.81579206 -53.76176636 0.7703453531 -0.02531621529 -0.1372390575 0.9375081572 -0.3187522321
1625135893.164083 25.72034118 -53.87635234 0.7522945519999999 -0.02279217082 -0.1793091125 0.9146692203 -0.3615369644
1625135893.265376 25.62856512 -53.99055032 0.7115455563 -0.002115303282 -0.2255783615 0.9003745857 -0.3720692594
1625135893.367025 25.54218766 -54.11266995 0.6604847324000001 0.02667448867 -0.2815733407 0.8901931727 -0.3571568854
1625135893.46764 25.44940589 -54.2305635 0.6275634682 0.03878937258 -0.329045243 0.8767802423 -0.3485412734
1625135893.567821 25.33477213 -54.32935726 0.621686602 0.03278561169 -0.3608469763 0.8707155673 -0.3325191184
1625135893.667166 25.19992859 -54.38954832 0.6324258267 0.01965333353 -0.3527542009 0.8719138897000001 -0.3390344956
1625135893.766991 25.05332763 -54.42064627 0.6446783457 0.02351285716 -0.3143818382 0.8872165764 -0.3368351999
1625135893.866971 24.90430949 -54.4417376 0.6568747145 0.03692297489 -0.2703022219 0.9056962399 -0.3244806986
1625135893.96613 24.75617933 -54.46106224 0.684408327 0.0426355412 -0.222984342 0.9180457316 -0.3250418873
1625135894.064996 24.59903241 -54.48630775 0.7351386378 0.02417817429 -0.171791138 0.923967673 -0.3408620836
1625135894.264939 24.26890099 -54.53304809 0.7888781323 -0.01049415095 -0.06565468844 0.9460761387 -0.3170477479
1625135894.365359 24.10365744 -54.5594758 0.7767448303 -0.01765856788 -0.01659971179 0.9557342311 -0.2932314853
1625135894.465606 23.93848002 -54.58811523 0.7666507556 -0.02978989448 0.03094337787 0.9619166354000001 -0.2699471359
1625135894.566002 23.77688916 -54.61339885 0.7701695597 -0.04619759783 0.07285521838 0.9657870438 -0.2445675473
1625135894.667029 23.62227459 -54.63258981 0.7808065065999999 -0.06751162629 0.09815543201 0.9745099569 -0.190100067
1625135894.766505 23.48184902 -54.63934767 0.7735049392 -0.07016889279000001 0.1281804539 0.9750693228 -0.1669907588
1625135894.864856 23.35005791 -54.63229714 0.7408160328 -0.05144017835 0.1769187432 0.9654836727 -0.1841057958
1625135894.964361 23.21821373 -54.61973561 0.6971692288 -0.03157376212 0.2328639923 0.9548080389 -0.1819864486
1625135895.065012 23.07968871 -54.61354777 0.6663668795 -0.03101518078 0.2793677833 0.9476510959 -0.1514896056
1625135895.165651 22.93613443 -54.61794425 0.6532948741 -0.05172461428 0.3187378488 0.9387396098 -0.1204105189
1625135895.265528 22.80010502 -54.63964691 0.6445145406 -0.06180863909 0.3389444728 0.9318035719 -0.1141859879
1625135895.46495 22.55490518 -54.72962583 0.6207774344 -0.04291258241 0.3369733509 0.9342193947 -0.1088190864
1625135895.56464 22.43322993 -54.78896159 0.630800583 -0.02168345922 0.3256201342 0.9379886588 -0.1169556828
1625135895.665834 22.3078811 -54.85712649 0.6716895744 -0.01673682577 0.2930725943 0.9521280816 -0.08532554929
1625135895.766986 22.18216565 -54.9291165 0.7236151763000001 -0.02885275314 0.2366699194 0.9704578828 -0.0369643835
1625135895.866517 22.05484129 -55.00340076 0.7525455 -0.02273418047 0.1757212078 0.9838217463 -0.02645724394
1625135895.965513 21.92306115 -55.07167224 0.751830676 -0.004395786861 0.1252554625 0.991515723 -0.03447197629
1625135896.064725 21.78179526 -55.12138232 0.7452552138 0.00466589546 0.09654850389 0.9941386843 -0.04842408617
1625135896.164166 21.62914839 -55.15499143 0.7569015813 -0.0003266898568 0.08213181286 0.9943927378 -0.06661337374
1625135896.264601 21.46667972 -55.18884115 0.7808181709000001 -0.02431895898 0.06727094340000001 0.9952906147 -0.06542018617000001
1625135896.36531 21.30523173 -55.2322711 0.7851574186 -0.03987977975 0.03775905594 0.9970612365 -0.0534111176
1625135896.465759 21.15271977 -55.26893928 0.7670156727 -0.04045425037 0.01755912107 0.9979967325 -0.04536135731
1625135896.566386 21.00661379 -55.29745248 0.756474523 -0.03922185644 0.00455409398 0.9988250316 -0.02809737412
1625135896.667153 20.8657342 -55.32292572 0.7734594923 -0.03524973002 -0.008806774943000001 0.9993312297 0.004121972843
1625135896.866039 20.59725989 -55.33525478 0.8178551338 -0.04713362342 -0.02662928313 0.9983431202 0.01950172422
1625135896.965057 20.46881143 -55.32086267 0.804217356 -0.03852226506 -0.0153899949 0.9991190773 0.00634449561
1625135897.064533 20.33499756 -55.30751494 0.7868275778 -0.03088672056 -0.01491621733 0.9994101089 0.001717906792
1625135897.163958 20.19756687 -55.29892644 0.7872021886 -0.02224089922 -0.02641152223 0.999295666 -0.01469509394
1625135897.26398 20.05281744 -55.2845796 0.8113410433 -0.02462590073 -0.01715666987 0.9991904629 -0.02678866512
1625135897.364415 19.90268009 -55.26789379 0.8306198344 -0.03420005447 -0.005860435548 0.9990621322 -0.02590111149
1625135897.464631 19.74950985 -55.25108412 0.8213383761 -0.0391253512 0.003786881379 0.9985490041 -0.03680696752
1625135897.565699 19.59694197 -55.23750854 0.7947241294 -0.03430431072 0.01180672382 0.9990734466 -0.02315305199
1625135897.666783 19.4459776 -55.22363732 0.7786284821 -0.03501188194 0.02189942817 0.9991080286 0.008816479694
1625135897.866546 19.15626349 -55.19577553 0.7994317009 -0.0444232354 0.02803880276 0.9985542251 0.01139567126
1625135897.966762 19.01298845 -55.18185197 0.7992732291 -0.04949701788 0.02603007874 0.9979496227 0.03112925875
1625135898.06636 18.86508611 -55.16663813 0.7737435757 -0.05799882673 0.02114569469 0.9973808936 0.03768751501
1625135898.16547 18.72039883 -55.15130817 0.7503007817 -0.05119026784 0.01816265921 0.9982063173 0.0251758286
1625135898.264635 18.5791474 -55.14116592 0.7561933309 -0.04167963333 0.01058843809 0.9990508611 0.00693326147
1625135898.364434 18.43312179 -55.13410183 0.7879364135 -0.04521859643 0.005002045667 0.9989538727 -0.004628000243
1625135898.465029 18.28268243 -55.12959947 0.8083071462 -0.05097510599 -0.001699265876 0.998672667 0.007180192718
1625135898.564994 18.13406791 -55.12003267 0.8005794514 -0.04304473849 0.0007884209017 0.9990649555 0.003967806681
1625135898.664695 17.98763155 -55.10333121 0.7885818783 -0.02484110138 0.01134984145 0.9994907097 -0.01650521241
1625135898.765871 17.83952703 -55.084427 0.7960208182 -0.01263010343 0.01928224871 0.9997030877999999 0.007900108421
1625135898.866568 17.69053053 -55.06345978 0.8179827805 -0.007686892908 0.02308934738 0.9991090342 0.03448088496
1625135898.96619 17.5384789 -55.04068194 0.8322680128 -0.01073132945 0.02278987603 0.9992072903 0.03082614511
1625135899.166226 17.23187313 -54.99570616 0.8046836769 0.003579556302 0.02304690986 0.9983199224 0.05304110872
1625135899.265326 17.07663739 -54.97360862 0.8052652897 0.009484048435 0.02386403078 0.9988382931000001 0.04077529953
1625135899.364393 16.91503029 -54.95360366 0.8252242782 0.004590000699 0.03037370384 0.9994836052 0.009428305659
1625135899.465337 16.74269997 -54.94371587 0.8393250938 -0.01261641636 0.02828473174 0.9989493014 0.03378007235
1625135899.565516 16.57230655 -54.93990199 0.8279014468 -0.01877831492 0.01701275323 0.9985385003 0.04773682487
1625135899.664965 16.40710932 -54.93538633 0.8087812843 -0.01590887767 0.01193662074 0.9992534614 0.03312015424
1625135899.765402 16.2409869 -54.9275861 0.8066400271 -0.01559804017 0.01447642384 0.9986851091 0.04663890269
1625135899.866043 16.07135583 -54.91345031 0.8274417234 -0.02896960954 0.01252205484 0.9969182834 0.07181849428000001
1625135899.965819 15.91147243 -54.88961751 0.846730734 -0.03810218155 0.008591216157 0.996042361 0.07983752128
1625135900.164791 15.62383188 -54.81723477 0.8246128027 -0.009840777106999999 0.01519569718 0.9978863207000001 0.06241106335
1625135900.264755 15.48133011 -54.78008489 0.8186865852 0.002087901054 0.01179536892 0.9981392499 0.05978752175
1625135900.364771 15.33411562 -54.74402217 0.8321167361 0.003034913262 0.01364957099 0.9984657278 0.05357862316
1625135900.46495 15.17907589 -54.70918939 0.8463101272 -0.0048555174 0.01507297754 0.9986761818 0.04893989348
1625135900.565183 15.02088442 -54.67728799 0.8378762858 -0.005141821224 0.01186415286 0.9989669488 0.04356419234
1625135900.665631 14.86310215 -54.64890582 0.8176303226 0.003074978097 0.01043487893 0.9988875079 0.04588468588
1625135900.766029 14.70401833 -54.62553983 0.8083593338 0.007646034616 0.00706406081 0.9986530789 0.05082976777
1625135900.866567 14.54379754 -54.60227285 0.815764056 0.01130284878 0.003987670251 0.9977168774 0.0664633486
1625135900.966496 14.37875733 -54.57183476 0.8290492558 -0.001591642826 -1.840054039e-05 0.9972867901 0.07359704269
1625135901.066004 14.2145573 -54.53339257 0.8284479105 -0.006402719861 0.0023271066 0.997824378 0.06557515122
1625135901.165566 14.05728408 -54.4899178 0.8132419622 0.003857454749 0.008178832886 0.9981940296 0.05938776049
1625135901.265249 13.90313401 -54.44813699 0.8023790909 0.01481256831 0.007518894833 0.998535097 0.05149479729
1625135901.465073 13.58446215 -54.37306712 0.8292778624 0.008077922699 0.007697452141 0.9993657491 0.03381709392
1625135901.565419 13.42191186 -54.34102001 0.8256520847 0.005774689538 0.005751771592 0.9993489775 0.03514528889
1625135901.665721 13.25771219 -54.31063697 0.8103046564 0.009976997131 0.0071232888 0.9992920615999999 0.03556815802
1625135901.766205 13.09443965 -54.28215609 0.8055711127 0.01213157538 0.01131722041 0.9987356155 0.04745435384
1625135901.866184 12.93446811 -54.24960655 0.8257960035 0.005481413217 0.01701766003 0.9987491925999999 0.04669479323
1625135901.966522 12.78013985 -54.21051929 0.8548707840000001 -0.00383455938 0.01960426436 0.9978528728 0.06237478107
1625135902.066488 12.63759415 -54.16973129 0.862690812 0.001931699517 0.01985956503 0.9967844155 0.07760602616999999
1625135902.16554 12.50092862 -54.12811125 0.8554873656 0.01552295904 0.01773954658 0.9975267294 0.06621759872999999
1625135902.265106 12.3617963 -54.08798796 0.853660938 0.02198960217 0.01116960001 0.9976930094999999 0.06324836859000001
1625135902.36447 12.22183384 -54.0501718 0.8649017151 0.02540002918 0.006832799959 0.9981726426 0.05440153426
1625135902.56431 11.92660997 -53.98554498 0.8907185289 0.008293412645 -0.0005524481542999999 0.9992009597 0.0390941959
1625135902.664455 11.78030541 -53.95948182 0.8763312567 0.0128848798 -0.005709112951 0.9993042442 0.03453134065
1625135902.76469 11.63003793 -53.93548752 0.8631378774 0.01614583209 -0.007188411258 0.9994686869 0.02738581152
1625135902.865321 11.47287217 -53.91326767 0.8654448411 0.01115384761 -0.008037432434 0.9993191957999999 0.03423647645
1625135902.965514 11.31295395 -53.88944893 0.8818582278 -0.005023037513 -0.009957778699000001 0.9993802526 0.0333874592
1625135903.06511 11.15919206 -53.86333556 0.8926232731 -0.01231245421 -0.008977998483 0.9997518382 0.01624995544
1625135903.164863 11.01225966 -53.83627269 0.8867011336 -0.005512320853 -0.005663052131 0.9999682625 0.001009081058
1625135903.264631 10.86335702 -53.81414583 0.8762906981 -0.002555052234 -0.007930790478999999 0.999845195 -0.01549710613
1625135903.364215 10.71584296 -53.80067055 0.8720448113 -0.0007838807665 -0.01848059572 0.9990130909 -0.0403818929
1625135903.463677 10.56779658 -53.79134909 0.881288089 -0.006600503199 -0.01435934319 0.9966127291 -0.08070508551
1625135903.564029 10.41766276 -53.78965427 0.8929388234 -0.01463755249 -0.007839357274 0.9949333136 -0.09915638191999999
1625135903.764621 10.11422177 -53.81282265 0.8659717756 -0.01317768016 -0.01049950816 0.9887046271 -0.1489270607
1625135903.865326 9.96640987 -53.83811682 0.8534772388 -0.01175579204 -0.01433360701 0.9875215691 -0.1563889373
1625135903.965502 9.821598199 -53.8666546 0.8627740046 -0.01423461814 -0.01740091395 0.9836931464000001 -0.1784443265
1625135904.066344 9.680025471 -53.89522848 0.8810178229 -0.01781853526 -0.02225564796 0.9845181215 -0.1729487043
1625135904.166219 9.541672932000001 -53.9191029 0.8845556534 -0.01305747823 -0.01921304118 0.9830821252 -0.181686258
1625135904.265148 9.403363577 -53.94050084 0.8744910672 -0.004695249845 -0.01105358468 0.9751897215999999 -0.2210447461
1625135904.364774 9.263770300999999 -53.97060978 0.872075299 0.000235831274 -0.006664303145 0.9687994619 -0.2477561988
1625135904.464435 9.129360287000001 -54.01435438 0.8821422106 0.005304819189 -0.01019452225 0.962181525 -0.2721665732
1625135904.563942 8.995416888999999 -54.06938474 0.8954834791 -0.001358802572 -0.007356733522 0.9510851968 -0.3088381138
1625135904.764496 8.737270153000001 -54.21712433 0.8859646623 -0.001776635772 -0.01508495175 0.937729217 -0.3470348734
1625135904.864589 8.612212809000001 -54.30209177 0.8723951626000001 -0.001866304364 -0.01890755402 0.9305001396 -0.3657984576
1625135904.964517 8.483648175000001 -54.3837373 0.8750408698 -0.008502854577999999 -0.01361939935 0.9187298624 -0.3945600758
1625135905.065645 8.354760332 -54.46111467 0.8944159341 -0.01842813867 -0.0108028878 0.9237067206 -0.3825043733
1625135905.165618 8.229381577 -54.5311407 0.9066476701 -0.01933448097 -0.00675932417 0.9204291698 -0.3903724283
1625135905.265076 8.107197874000001 -54.59606095 0.8967207708 -0.009272466377000001 0.003478024875 0.9102081196 -0.4140327328
1625135905.364639 7.988181731 -54.66628608 0.8801087426 0.0006115444207 0.004698845622 0.8991331535 -0.4376495392
1625135905.564186 7.768053422 -54.82301979 0.8889041988 -0.0005557286014 0.00405799985 0.8778850108 -0.4788539773
1625135905.664732 7.667665141 -54.91878822 0.9043042359 -0.01203906784 -0.008418978815 0.8777771321 -0.4788439077
1625135905.764303 7.572940637 -55.01391817 0.9018512027 0.01255177751 0.0163022164 -0.8644655245 0.5022708906
1625135905.864526 7.477230005 -55.10917393 0.8942944829 0.01267787598 0.01749792209 -0.8544281315 0.5191200846
1625135905.96506 7.374669128 -55.20036141 0.8919519329 0.02552415135 0.008566093318 -0.8568558591 0.5148525773
1625135906.065245 7.269564439 -55.28762988 0.9011430919 0.04485425723 0.005152467235 -0.8498713655 0.5250525780999999
1625135906.166508 7.176271697 -55.36018935 0.9089593408 -0.04789988628 -0.006385568117 0.8687311155 -0.4929209615
1625135906.266029 7.097519983 -55.41885416 0.9115826854 -0.03389612497 -0.004307759378 0.8679256739 -0.495517427
1625135906.465449 6.963532236 -55.52786244 0.9099010739 0.002528757351 -0.001563042427 0.8717346955 -0.4899691654
1625135906.564093 6.893479046 -55.58484341 0.9184541648 0.0005537690982 -0.0009717128747 -0.8541295181 0.5200591461
1625135906.663867 6.826677027 -55.64828069 0.9322173585 0.009858749284999999 -0.004633067391 -0.845624331 0.5336673408
1625135906.764229 6.770449467 -55.71765704 0.9418706692 0.01667177013 -0.0001719210645 -0.8469704588 0.531378457
1625135906.864265 6.725800737 -55.7859621 0.9386394814 0.01417746003 0.003484265419 -0.8423596901 0.5387179337
1625135906.964704 6.690947798 -55.85012654 0.9296420505 0.008160199767 0.001447589551 -0.8430027753 0.5378453649
1625135907.065536 6.664239704 -55.9126566 0.926968157 0.002056681732 -0.001877650521 -0.8531009805999999 0.5217384032
1625135907.166147 6.640784734 -55.97269586 0.9350924967000001 0.007774989867 0.006657628635 -0.8655165441 0.5007757357
1625135907.265915 6.620530473 -56.01944401 0.9402119029 -0.0100572378 -0.01443099109 0.8692236838 -0.4941060472
1625135907.365517 6.602991374 -56.05194276 0.9426393003 -0.01100087576 -0.01402270581 0.8710359605 -0.4908958138
1625135907.564064 6.574735428 -56.09026219 0.9480741351999999 0.01332576899 0.008289832606999999 -0.8620833275999999 0.5065234830000001
1625135907.664072 6.563133001 -56.09981515 0.9476551767 0.01319289335 0.002007143449 -0.8633634578 0.5044060454
1625135907.76391 6.555859783 -56.10512488 0.9450724700000001 0.01017382886 -0.0002808330958 -0.8613467159 0.5079155928
1625135907.863919 6.550621136 -56.10953761 0.9425009566 0.009557692283 0.0005462522093 -0.858910469 0.5120362862
1625135907.96437 6.546264448 -56.114323 0.9410353546 0.01089108321 0.00290061303 -0.8625643767 0.5058217738
1625135908.064461 6.542866086 -56.11734942 0.9387774476 0.01057459234 0.004914940405 -0.8617203669 0.5072494757
1625135908.164546 6.541288372 -56.11766385 0.9352883619 0.008352803953000001 0.00427805368 -0.8600963129 0.5100453523
1625135908.264736 6.541515111 -56.11563205 0.9312070082 0.004781458033 0.00220857663 -0.8609515638 0.5086596747
1625135908.36477 6.541610125 -56.1139159 0.9278222057 0.001567311675 0.001424496225 -0.8598176958 0.5105967531
1625135908.564949 6.539118627 -56.11420195 0.919485619 0.0001669616882 0.002607151458 -0.86316143 0.5049213015
1625135908.664875 6.536550334 -56.11276759 0.9136958591 -0.0006700297989 0.00109995746 -0.8634667568 0.5044041048
1625135908.764739 6.53299071 -56.11014205 0.9068122175 -0.003190255925 -0.001776151145 -0.8615374459 0.5076809006
1625135908.864806 6.527503821 -56.11000635 0.8998117906999999 -0.003396564 -0.003426197849 -0.864092371 0.5033101418
