1625135500.1885 6.367201746 -56.37656984 0.9201273283 0.01340846462 -0.002894635683 0.5154013875 0.8568391004
1625135500.288563 6.374943202 -56.37291066 0.9162288199 0.01499878967 -0.00216564479 0.5132965821 0.858077482
1625135500.388553 6.385662571 -56.36704371 0.9106767821 0.01715040258 -0.001899446023 0.5135575282 0.8578816475
1625135500.488517 6.399928769 -56.35731825 0.9037008549 0.01766224668 -0.0008432586054 0.5130114333 0.858199629
1625135500.588353 6.417091601 -56.3450522 0.8961844372 0.01713105178 -0.0002349122784 0.5146534999 0.8572270684
1625135500.688154 6.434978406 -56.33170739 0.8873524803 0.01558996827 -0.001050586264 0.5180676513 0.8551969117
1625135500.788089 6.458528958 -56.31148366 0.8774696251 0.01214018673 -0.000457080115 0.5179047827 0.8553519995
1625135500.887803 6.483518983 -56.28645744 0.8657753848 0.007890075963000001 0.006266240876 0.5238773084 0.8517341408
1625135500.987448 6.505564109 -56.25982224 0.8530201903 0.006173785251 0.01476021248 0.53555925 0.8443460844
1625135501.087393 6.526004847 -56.2245152 0.8442738437 0.007373536559 0.01610980421 0.5438548946 0.8389922281
1625135501.187506 6.546277165 -56.18200014 0.8377204173 0.009849938891 0.0117505037 0.5505380019 0.8346692835
1625135501.287664 6.568853989 -56.13219868 0.8305651625 0.01510696162 0.006514021658 0.5565701697 0.8306377029000001
1625135501.388102 6.593598969 -56.06481754 0.8254297272 0.0172404835 0.002722443071 0.5554637407 0.8313575565
1625135501.488871 6.621887203 -55.99629383 0.8273621061 0.01747678614 -0.001132110317 0.5388530008 0.8422177413
1625135501.589304 6.652664418 -55.92247766 0.830539762 0.01266295385 -0.0004819893262 0.5227534236 0.8523897438
1625135501.688607 6.683347604 -55.85797661 0.8285077024 0.009930402608999999 0.003609119535 0.530301334 0.8477433907
1625135501.788165 6.71795421 -55.78559599 0.8180173553 0.01140577434 0.008010388084 0.5373437091 0.8432481724000001
1625135501.887563 6.756605911 -55.71200961 0.802565492 0.01469567697 0.007701198792 0.5452682743 0.8380973915
1625135501.986596 6.791358673 -55.63178757 0.7868171142 0.01629105166 0.005172388397 0.572893472 0.8194515957
1625135502.086112 6.821794964 -55.55686624 0.7799475219000001 0.01893440639 -0.001707229343 0.5944464463 0.8039104403
1625135502.185654 6.849913368 -55.47950962 0.7851525118 0.01611992042 -0.0006673861821 0.6264354208 0.7793063367
1625135502.286082 6.875485933 -55.39613333 0.7872037299 0.008748965483 0.002469540682 0.6423660854 0.766344028
1625135502.386485 6.896332613 -55.30984739 0.7724265355 0.003583395183 0.001472569309 0.6619414015 0.7495455769
1625135502.487362 6.917230451 -55.21398393 0.7468040462 0.00322596042 0.002349538715 0.6703242629 0.7420575822
1625135502.588359 6.935739879 -55.11499448 0.7256669819 0.004201924523 -0.003357276755 0.6719436768 0.7405827216999999
1625135502.68958 6.950665152 -55.0030945 0.7201409277 -0.0007383579326999999 -0.01549065848 0.660084958 0.7510308533
1625135502.790354 6.967898721 -54.89157189 0.7265783576 -0.009190042416000001 -0.02466332586 0.6425130654 0.7658225802
1625135502.889877 6.987129534 -54.78794168 0.72969846 -0.0155440742 -0.02288319653 0.6435126088000001 0.7649354635
1625135502.989151 7.013169647 -54.67634377 0.7253471325 -0.0122682591 -0.01449506702 0.6494740086 0.7601466273
1625135503.088001 7.03914967 -54.56867288 0.7099103284 -0.001893099451 -0.008704007142 0.6614653965 0.7499227864
1625135503.186604 7.067391596 -54.45097145 0.6926384947000001 0.004413013012 -0.001002370075 0.6883684089 0.7253471267
1625135503.285975 7.086309609 -54.33439765 0.6810752502 0.008797809379 0.0005075741638 0.7030775548 0.711058572
1625135503.384794 7.09490435 -54.21856939 0.6862671664 0.01119259721 0.01182307556 0.7420887828 0.6701038569
1625135503.485029 7.095134944 -54.10043056 0.693944767 0.006231505052 0.03142605954 0.7613395058 0.6475613701
1625135503.5853 7.084012298 -53.98519888 0.6857746684 0.001028825621 0.03853137634 0.7860736235 0.6169299255
1625135503.686679 7.068656841 -53.86343918 0.6624414712 0.0002608928591 0.03098836194 0.7935738411 0.607684303
1625135503.788216 7.049385339 -53.74363641 0.6470804100000001 0.00542824445 0.01423197589 0.790633502 0.6121001965
1625135503.889342 7.031627918 -53.61376561 0.6509353708 0.008578270440000001 -0.007220858024 0.7881811357 0.6153411817
1625135503.990985 7.022755546 -53.4675386 0.6650470787 -0.0009666837337 -0.02212045062 0.7591791701 0.6505049875
1625135504.090865 7.022197682 -53.32004001 0.6752083515 -0.01907956394 -0.02077168598 0.7462730651 0.6650421186
1625135504.190222 7.032470563 -53.16163641 0.6669945604 -0.0158322694 -0.01243304369 0.7373767059 0.6751817179
1625135504.288563 7.040404374 -53.00860022 0.6507049606999999 -0.003552336513 -0.005434530491 0.7465467367 0.6653012977
1625135504.387135 7.040822215 -52.84842723 0.6458429798 0.0002094201306 -0.002605675807 0.7597967463 0.6501554205
1625135504.486145 7.033295827 -52.68773799 0.6635111365 0.003059875722 0.008641700375 0.7698178116 0.6381978495
1625135504.585204 7.012202692 -52.53177718 0.68631414 0.000332466914 0.02939774811 0.7878001772 0.6152288539
1625135504.685216 6.979976649 -52.37512553 0.6890149673 -0.002692318582 0.03724572774 0.7973436783 0.6023691276000001
1625135504.785902 6.940616613 -52.22304508 0.6716122446 0.003890687558 0.0282323462 0.7980237951 0.6019516754000001
1625135504.887288 6.898455559 -52.07117596 0.6618390485 0.005955945766 0.01150435951 0.7849099802 0.6194743734
1625135504.988578 6.858754748 -51.91153194 0.6706715433 0.006310462316 -0.004357659092 0.7654832837 0.6434100801
1625135505.088573 6.823528558 -51.75920421 0.6876775572 -0.01520955673 -0.005242541282 0.7634787924999999 0.645632495
1625135505.188129 6.794317569 -51.60167043 0.6966463479 -0.02643844351 0.003899030978 0.7693800134 0.6382320904
1625135505.287442 6.766441946 -51.45315543 0.6823563204 -0.01286459263 0.01266849432 0.7801652941 0.625312822
1625135505.38676 6.734039293 -51.29675705 0.6638566688 0.00153099774 0.01657446717 0.7972753283 0.6033862726
1625135505.486247 6.695630453 -51.15236354 0.6667655398 0.01078559135 0.01464050952 0.8101915494 0.5858830769
1625135505.58598 6.643693534 -51.00682657 0.6907719518 0.01107532075 0.02897658841 0.8271800625 0.5610800645
1625135505.686232 6.589301541 -50.86723008 0.7032949764999999 0.004430919375 0.02612468623 0.8354069787 0.5489927573
1625135505.786779 6.529330123 -50.72549212 0.6884523380000001 0.004566325377 0.01629694033 0.8397789887 0.5426645451
1625135505.887441 6.466193745 -50.59015552 0.6693108565 0.009942702551 0.009191013656999999 0.839708699 0.5428682793
1625135505.988362 6.403224554 -50.44552155 0.6727467517 0.01463055776 0.0002049621288 0.8344897677999999 0.5508291316
1625135506.089592 6.350619775 -50.29989229 0.6891537727 0.01075407039 -0.005094436477 0.8134448541 0.5815203057
1625135506.189226 6.305489961 -50.15757535 0.7048904499999999 -0.0002882890655 -0.001427797275 0.8137229783 0.5812510584
1625135506.28859 6.264225975 -50.01115127 0.6990915028 0.00896183502 0.006558311546 0.8186269884 0.5742181884000001
1625135506.387778 6.224138949 -49.86718251 0.6741447863 0.02342034739 0.0128937356 0.8261782648 0.5627741231
1625135506.487117 6.176284672 -49.72874877 0.6591326741 0.02934332686 0.01460091235 0.8344380076 0.5501263437
1625135506.58645 6.12241898 -49.59289843 0.6738833366 0.02801810515 0.0238357006 0.8488448604 0.5273606434
1625135506.686788 6.063003592 -49.46367338 0.6953863205 0.01446328185 0.02245163624 0.8494103046 0.5270568014
1625135506.786981 5.998629857 -49.33885682 0.6957137125 0.00589412301 0.005201611037 0.8523603306999999 0.5228958492
1625135506.887188 5.935188906 -49.21138175 0.6744894415 0.01262862737 -0.008570727803 0.8556295791 0.5173635895000001
1625135506.987792 5.875489508 -49.07338546 0.6585329437 0.01706744465 -0.01223235489 0.8530639737 0.5213836675
1625135507.088949 5.816991376 -48.92773999 0.6626697459000001 0.01554894705 -0.01481648218 0.8361036891 0.5481508215000001
1625135507.18918 5.765361523 -48.78250678 0.6731005352 -0.004891949082 -0.01219368907 0.8273573506 0.5615222144000001
1625135507.288851 5.720189976 -48.63648357 0.67471746 -0.02049524023 -0.004330416029 0.8260858945 0.5631547634
1625135507.388458 5.678368505 -48.49740633 0.6581307532 -0.01140893319 -0.002232053159 0.824337407 0.565979411
1625135507.487412 5.638352151 -48.35926198 0.6369338438 0.002311526867 -0.001894598695 0.8356923198 0.5491897795
1625135507.586442 5.589949645 -48.22672449 0.6304233859 0.009281706721 -0.003488378136 0.8492161158 0.5279523367
1625135507.68596 5.528266169 -48.08733934 0.6475675849 0.002315425767 0.0135505368 0.8622629856 0.5062741999
1625135507.786016 5.468717815 -47.951056 0.6594590643 -0.00875934422 0.02482551539 0.8686727939 0.4946863095
1625135507.886301 5.409268534 -47.82287388 0.6485647899 -0.008553340033 0.02223573387 0.8760916721999999 0.4815555984
1625135507.987461 5.341874019 -47.69577617 0.6323990585 0.0001654702693 0.01369752357 0.8707323443 0.4915664095
1625135508.088178 5.286266381 -47.57218258 0.6326012035 0.008264743793999999 0.008513036611 0.8641603962 0.5030765667
1625135508.188952 5.232202889 -47.44402741 0.6523076557 0.009937857362999999 0.003894925864 0.8547445524 0.5189391282
1625135508.289616 5.188536963 -47.31302243 0.6782544736 0.008287656020000001 0.002316675209 0.8357202832 0.549087931
1625135508.388976 5.149103325 -47.18191738 0.685069947 0.01574563496 0.002754677751 0.8331814962 0.5527685602
1625135508.48796 5.107215692 -47.0460875 0.6675788959 0.02511209654 0.00339782346 0.8371874619 0.5463286475
1625135508.587321 5.051871302 -46.90401336 0.6452067135 0.02206832822 0.008435527874000001 0.8391317763 0.543414844
1625135508.686094 4.994120638 -46.76576229 0.644443098 0.0153789755 0.01807812665 0.8516455919 0.5235804181
1625135508.785496 4.922258591 -46.63195937 0.6591570026 0.004423875249 0.03265916809 0.8637793628 0.5027912294
1625135508.885402 4.852523375 -46.5046008 0.664537648 -0.001450715401 0.03213615895 0.8717378163 0.4889154756
1625135508.985731 4.783645323 -46.37953516 0.6490342796 0.005821107956 0.02509515313 0.8786834324 0.4767093178
1625135509.087053 4.713689989 -46.25260336 0.6319419016 0.01088008564 0.01990547455 0.8714447116 0.4899688873
1625135509.188039 4.647815416 -46.11586357 0.6345386562000001 0.0149239666 0.01603620254 0.8655071133 0.500417378
1625135509.289023 4.586355163 -45.97528354 0.6509304028 0.002975710443 0.01519942214 0.8543677793 0.5194379851000001
1625135509.388903 4.535202597 -45.83139716 0.6658175226 -0.01104570406 0.02342524012 0.8547206845999999 0.5184417053
1625135509.489039 4.488096123 -45.68699639 0.6605522785 -0.005408085801 0.02849146241 0.8492674352 0.5271658303
1625135509.588479 4.446490911 -45.54687792 0.6425845625 0.008747143575 0.0266121923 0.8500497427 0.5259569504
1625135509.687999 4.397128358 -45.40652657 0.6343259871 0.01351600909 0.0253346159 0.851922373 0.5228802398
1625135509.787483 4.336231295 -45.26501674 0.6490698778 0.005423469764 0.03576509938 0.8540683961 0.5189013571
1625135509.886671 4.269049245 -45.130757 0.6622198389 -0.00708632077 0.03321259484 0.8647241808 0.501097594
1625135509.986883 4.196729424 -45.00285297 0.6557979444000001 -0.01102322331 0.01977888631 0.8633590759999999 0.5040817296
1625135510.086776 4.132003638 -44.86764341 0.6408771616 -0.002317077363 0.01188235555 0.8651147425 0.5014278843
1625135510.186913 4.07300549 -44.73600682 0.639871814 0.007097048295 0.01024661622 0.8665798078 0.4988828274
1625135510.287703 4.023719424 -44.59757397 0.6568989278 0.009383548271999999 0.009653890234 0.8554010992 0.5177911847
1625135510.388284 3.986799914 -44.45934065 0.6776604926000001 -0.001706773876 0.009052754854000001 0.8439801147 0.5362953482
1625135510.488406 3.955102972 -44.32054459 0.6775337476 -0.0008185863369 0.009519380783000001 0.8357990105000001 0.5489523889
1625135510.587633 3.929613076 -44.17638723 0.6590448989 0.009623723338 0.01175214338 0.8408368759 0.5410754284
1625135510.687364 3.887571945 -44.0386455 0.647864483 0.01254414812 0.008643694644 0.8404178611999999 0.5417247913
1625135510.785846 3.850739594 -43.90401191 0.6565115580000001 0.02082427992 -0.001200991311 0.8598797497 0.5100703119
1625135510.885591 3.800541055 -43.77674261 0.6753654135 0.02515843271 0.003531566489 0.8711535387 0.4903530293
1625135510.985685 3.754658203 -43.64335692 0.6822465193 0.02507563409 0.005697558625 0.8765077874 0.4807003735
1625135511.086236 3.702871397 -43.50863622 0.6658685589 0.03145695018 0.003157550596 0.8788277849 0.476090553
1625135511.187271 3.649340999 -43.3713573 0.646851245 0.03908065409 -0.001660577251 0.8707589456 0.4901518169
1625135511.287645 3.597400764 -43.23645442 0.6471337107 0.04170903299 -0.00593750282 0.8709919947 0.4894875359
1625135511.389071 3.536082466 -43.09766637 0.6635244809 0.02829560322 -0.00458903469 0.8502624396 0.5255778567
1625135511.488884 3.486074885 -42.9583064 0.6772242837 0.01021177308 0.002750380841 0.8439853447 0.5362619631
1625135511.588011 3.435758545 -42.82074335 0.6711427915 0.008269908871000001 0.00733777731 0.8506416945 0.5256295969
1625135511.687127 3.392757842 -42.68163312 0.6545304968 0.01501457267 0.01004295651 0.8578156574 0.5136399511999999
1625135511.786687 3.339785659 -42.54452144 0.6476612878 0.0173409407 0.008307893167000001 0.8619653451 0.5066024226
1625135511.885807 3.28750442 -42.40783146 0.6630428823 0.01790528101 0.008957563391 0.8757011011 0.4824383324
1625135511.986352 3.220315416 -42.27275005 0.6820860204 0.004606531871 0.01741506793 0.8737257686 0.4860851536
1625135512.08643 3.157391925 -42.14086141 0.6805573816 -0.004025698861 0.01536493532 0.8775869639 0.4791542896
1625135512.186843 3.092328894 -42.00759438 0.6631190496 -0.001240395659 0.01022448844 0.8801115875 0.4746551536
1625135512.287525 3.026091456 -41.87390705 0.6552131258 0.001623385907 0.005627589565 0.875913035 0.4824334668
1625135512.387978 2.964410035 -41.74224012 0.665017033 0.003508671304 0.0005773426377 0.8747945583 0.4844809971
1625135512.489037 2.905632704 -41.60635096 0.6869731610000001 -0.01491351851 -0.001879359149 0.8583905078 0.5127765509
1625135512.58873 2.857045974 -41.47132907 0.6998388991 -0.02165959319 -0.003069647583 0.8577306162 0.5136337502
1625135512.688184 2.81167117 -41.33821955 0.6900797245 -0.01248760407 -0.002301826187 0.8624451912 0.5059911596
1625135512.787632 2.763828946 -41.20484756 0.6773385935 -0.004003475628 0.000957107412 0.8663382683 0.4994407482
1625135512.886729 2.718257968 -41.07611633 0.6798521797 0.003681136777 -0.0004785108453 0.8763653051 0.4816327151
1625135512.9861 2.65895215 -40.95207342 0.7009284564 0.00230874641 0.01140154026 0.8899546178 0.455900705
1625135513.086358 2.595874718 -40.82853342 0.7138688405 -0.004913174216 0.01449489045 0.8924048085 0.450976071
1625135513.186498 2.529112869 -40.71152775 0.7062332042 -0.002021764118 0.006736108043 0.8990727363 0.4377427922
1625135513.287225 2.461913597 -40.59101339 0.6890326468 0.007323588037 0.0007618120346 0.8982594068999999 0.4394039402
1625135513.388444 2.389925257 -40.4642382 0.6890919051 0.01038832483 -0.002034268929 0.8889692545 0.457844525
1625135513.489657 2.318735515 -40.33646885 0.7046750146 0.00950147648 -0.008803941851999999 0.8703031687 0.4923460237
1625135513.589409 2.262172888 -40.20539731 0.723827786 -0.006898839836 -0.008018864164 0.8643006452999999 0.5028642942
1625135513.688701 2.209111144 -40.07873857 0.7280688727 -0.008684016853 -0.004937320044 0.8650439130000001 0.5015966898999999
1625135513.787953 2.170190355 -39.95548729 0.7101116754 0.004980921532 -0.004754258914 0.864287825 0.5029504380000001
1625135513.886819 2.130842164 -39.83456635 0.6934282955 0.01697412267 -0.00610177305 0.874234064 0.4851695053
1625135513.985928 2.091078416 -39.7034976 0.6973668446 0.02198820877 -0.004269504098 0.8848434448 0.4653497267
1625135514.085689 2.049567771 -39.58216306 0.7201726633 0.01963050549 0.003027872786 0.8948634954 0.445897746
1625135514.186773 2.006855907 -39.4585888 0.7321918927 0.017629716 0.005605945895 0.8876780414 0.4600928833
1625135514.287928 1.963757033 -39.33668956 0.7264092499 0.02061125318 0.006383105866 0.8751161042 0.4834317287
1625135514.388546 1.921433515 -39.21132698 0.7127322457 0.02794698874 0.003112794603 0.8658480804000001 0.4995161438
1625135514.489058 1.87501024 -39.09007364 0.7090180125 0.02943033353 0.0011635345 0.8533304421 0.5205378548
1625135514.590096 1.828822207 -38.96352169 0.7203237898 0.02699758847 -0.001155211118 0.82373461 0.5663312529
1625135514.689508 1.796270505 -38.84099861 0.737078769 0.01249661201 0.003766879191 0.8089090125 0.5877889544
1625135514.788275 1.773154621 -38.71722544 0.7451383711 0.006151663012 0.01336952888 0.8105875986 0.5854324537
1625135514.887586 1.758779296 -38.59321253 0.7314359574 0.005950833359 0.02293247947 0.8007349405 0.5985501183
1625135514.986218 1.745095298 -38.46130387 0.7163561518 0.005962069322 0.032468102 0.8094309773 0.5862864224
1625135515.085754 1.736237524 -38.33166126 0.7100786465 0.004119302174 0.03796868401 0.8087862753 0.586861288
1625135515.185277 1.725956038 -38.20535539 0.7201825724000001 -0.001265522915 0.04935268864 0.8161396927 0.5757418801999999
1625135515.285729 1.714733435 -38.08123639 0.7321399315 -0.01189982714 0.05648956964 0.8114368894 0.581581892
1625135515.386321 1.701802441 -37.95904757 0.7327741208 -0.01575983781 0.05304333432 0.8070845456 0.5878371956
1625135515.487183 1.699117666 -37.8402367 0.7203509212 -0.008745167274 0.04668474578 0.7971614835 0.6018950289
1625135515.587671 1.694314654 -37.7257787 0.7132000217 -0.0004044705207 0.03927516476 0.7899935115 0.6118558242
1625135515.688451 1.695215269 -37.60374243 0.7188046189 0.005344984203 0.03102357631 0.7774512794 0.6281548192999999
1625135515.789876 1.70445097 -37.48028777 0.7345989028 -0.008894233618 0.02883918234 0.7366902075 0.6755566093000001
1625135515.889464 1.723240752 -37.36113459 0.7444880766999999 -0.02151893945 0.03191724963 0.7232618693 0.6895001761
1625135515.989081 1.746263932 -37.2427376 0.7371633298 -0.0220603563 0.03378021736 0.7050018566 0.7080569326
1625135516.087891 1.778992426 -37.12901662 0.72200378 -0.01712190866 0.03423965345 0.7028382197 0.7103188884
1625135516.187004 1.81246623 -37.02480707 0.713370121 -0.01160146325 0.02782779022 0.6984610106 0.7150127529
1625135516.285524 1.833541154 -36.91802581 0.7232745234 -0.007511928457 0.02705218611 0.7169310704 0.6965784883
1625135516.385366 1.857941519 -36.81278523 0.7366631848 -0.01120301017 0.02736862502 0.7180670232 0.6953453827
1625135516.485434 1.883519665 -36.70611289 0.7367092477 -0.0110757519 0.0249673984 0.7218128110000001 0.691549147
1625135516.586446 1.911921372 -36.59992287 0.7227668757 5.270341876e-06 0.02622845018 0.7106234404 0.7030834902999999
1625135516.68803 1.950045169 -36.49213519 0.7055773325 0.007734176707 0.02845249675 0.6800982638 0.7325278079999999
1625135516.789359 2.000267679 -36.3911779 0.6979703871 0.0105488644 0.03233241247 0.6435613926 0.7646385228
1625135516.890817 2.065974269 -36.29389519 0.7032457613999999 0.003130559334 0.03726338766 0.5835720909 0.8111998855
1625135516.99105 2.144776336 -36.22180011 0.7094045038 -0.003176052667 0.03610942929 0.5296625873 0.8474335168
1625135517.090707 2.230547908 -36.16284613 0.710899448 -0.001173017784 0.02958478081 0.4772298609 0.8782795823
1625135517.18999 2.323629254 -36.12000811 0.7036857408 0.004290099728 0.01846126678 0.4218522195 0.9064664812
1625135517.288628 2.420535585 -36.0815816 0.6969924712 0.007547277397 0.004530719218 0.379607286 0.9251058424
1625135517.387083 2.521094858 -36.0395415 0.7025204997 0.01141260539 -0.004453822321 0.3498877428 0.9367115262
1625135517.486186 2.614155206 -36.00048351 0.7142171367 0.0139042852 -0.001910182274 0.3076430158 0.9513983376
1625135517.585355 2.709201232 -35.96311549 0.7207977676 0.01210129263 -0.003452429875 0.2771582845 0.9607418617
1625135517.685614 2.811440473 -35.92519702 0.7145498426 0.01566128117 -0.005722579132 0.2216036869 0.9749942472999999
1625135517.785553 2.914910609 -35.89232665 0.7044637295 0.0230563489 -0.008673677156999999 0.1804143017 0.9832821832
1625135517.885749 3.021839297 -35.86006816 0.7085263845000001 0.02924661423 -0.007311252785 0.1419761373 0.9894109144
1625135517.986158 3.124136159 -35.82893417 0.7189782506 0.02922464945 -0.0006655979706 0.09805618838000001 0.9947514568
1625135518.086256 3.233953425 -35.80800118 0.7290720247 0.02458507704 0.01215536615 0.07236326724 0.9970011929
1625135518.186841 3.345414436 -35.79752449 0.7341545897 0.02194788642 0.0158200393 0.03222969071 0.9991142396
1625135518.286808 3.45370964 -35.79092911 0.7255352532 0.01461072383 0.01051302204 0.0111201348 0.9997761478
1625135518.386889 3.576232812 -35.78910502 0.7166940354 0.005924314682 0.01094916327 -0.006768269315 0.9998995993999999
1625135518.486107 3.696548709 -35.77779659 0.7231221439 0.006610617108 0.00617258929 0.001561082217 0.9999578801
1625135518.585888 3.816654907 -35.75880228 0.7382884203 0.0156024674 0.01222925003 0.01105946226 0.9997423152
1625135518.686288 3.943071301 -35.74248245 0.7420799549 0.01338483465 0.01688600443 0.001156615371 0.9997671585
1625135518.786402 4.069992111 -35.7202237 0.72830552 0.008559662573999999 0.01340608041 0.00234382249 0.9998707495
1625135518.886889 4.195184351 -35.69360596 0.7142621264 0.00721934091 0.00726942906 -0.008070291752000001 0.9999149498
1625135518.987064 4.328499286 -35.66481482 0.713854114 0.0131941918 0.00598160968 -0.005995295677 0.9998770875
1625135519.087841 4.465124121 -35.64887759 0.7262727101000001 0.01338431585 0.01623489671 -0.02713346103 0.9994103579
1625135519.187416 4.597054761 -35.63752142 0.7372490229999999 0.008560612998999999 0.02898269201 -0.01833164233 0.9993751400000001
1625135519.287049 4.732415054 -35.63265379 0.7320989445 0.006673440807 0.03000672799 -0.001882384405 0.9995256465
1625135519.386725 4.862699183 -35.62817139 0.713802402 0.005401971429 0.02253089516 0.0137802879 0.9996365745
1625135519.486322 5.000678967 -35.61537075 0.6967336008 -0.002038848107 0.01774719141 0.04231148451 0.9989447525
1625135519.58539 5.132222344 -35.59081715 0.6938448256999999 -0.009277866692 0.01732725712 0.09326331140999999 0.9954474582
1625135519.685477 5.268229036 -35.56265084 0.6984335831 -0.001932156513 0.03200818629 0.1314552823 0.9908033365
1625135519.78618 5.407753303 -35.53484975 0.7016555751 0.0004784563153 0.03739116207 0.1541347276 0.987341966
1625135519.887451 5.544434765 -35.50719676 0.6897869201 0.001086783807 0.02531819483 0.1572872049 0.9872277058
1625135519.9884 5.677321272 -35.47535431 0.6768358403 0.005034532911 0.01061176567 0.155674371 0.987738596
1625135520.089396 5.815685068 -35.44327925 0.671717357 0.009123076032000001 0.003716527709 0.1444022277 0.9894700367
1625135520.189791 5.950746203 -35.41575145 0.6760762051 0.003187294293 0.0204864011 0.1301575291 0.9912765336
1625135520.288946 6.085869673 -35.39036658 0.6764724801999999 0.001275681485 0.02946623345 0.147308859 0.9886507036
1625135520.388452 6.221935334 -35.36547026 0.6611964339 0.008202364078999999 0.01873340052 0.1517007226 0.9882148914
1625135520.48714 6.353370276 -35.33665551 0.6378167288 0.01634078552 0.003377290253 0.1805156855 0.9834305567
1625135520.586312 6.486734555 -35.2952159 0.6181639749 0.01871338035 -0.009455353905 0.2089902061 0.9776929474
1625135520.685984 6.628317699 -35.2402199 0.6161901259 0.02067791444 0.00183262927 0.2320823273 0.9724746057
1625135520.78573 6.773801668 -35.17946891 0.6176432087 0.01450826293 0.02601529973 0.2565226675 0.9660791042
1625135520.885804 6.910112327 -35.11743173 0.6039089874 0.004504786085 0.02979883821 0.2816652762 0.9590393153
1625135520.9864 7.041344732 -35.04278874 0.5774400661 0.002200991739 0.01622515306 0.2945910504 0.9554831307
1625135521.086797 7.1635392 -34.96537082 0.5654300115000001 0.0008265405373 0.003485307459 0.3117361064 0.9501619701
1625135521.187503 7.293510531 -34.88782346 0.5794701813000001 -0.003113771471 0.008208174792999999 0.3221357941 0.9466527666
1625135521.287642 7.423655214 -34.82041408 0.6059158690999999 -0.006995911892 0.01829780662 0.3408890246 0.9398994204
1625135521.388032 7.55152752 -34.74743703 0.6175443542 -0.001883696923 0.01459424802 0.3515093625 0.9360687088
1625135521.488205 7.676911361 -34.67634802 0.6103840126 -0.001408911602 0.002385694408 0.3577340838 0.9338193876000001
1625135521.587896 7.804964098 -34.60465375 0.602249677 -0.01139651989 -0.009282250459 0.3743856774 0.9271565799
1625135521.687942 7.92591466 -34.52035876 0.6085935573 -0.02399100394 -0.01491861358 0.3782329299 0.9252792646
1625135521.787287 8.041609986999999 -34.43514443 0.6279090558 -0.0287593278 -0.009670561334999999 0.3993860872 0.9162805982
1625135521.887202 8.156606076999999 -34.3434095 0.6400647414 -0.02680194699 -0.005045600894 0.4105344497 0.9114371416
1625135521.987215 8.271703127 -34.25441204 0.6415135584 -0.02153817539 -0.002690819251 0.4143302215 0.9098677563000001
1625135522.087436 8.386202620000001 -34.14834287 0.6373585515 -0.01492419167 -0.002820734301 0.4157891536 0.9093342024
1625135522.187735 8.501296704 -34.05038828 0.6396504423 -0.005984757321 -0.003128567637 0.4063019646 0.9137139095
1625135522.287748 8.612224589 -33.94593045 0.6557107275 -0.008509185759000001 0.01153569451 0.4029579162 0.9151062448
1625135522.387431 8.722546227 -33.84266737 0.6695854818 -0.01728430411 0.01978324182 0.4091895038 0.9120711738
1625135522.487457 8.828165748 -33.75039694 0.6666662445 -0.01348878064 0.01573835604 0.4046039846 0.9142570605
1625135522.5868 8.935465685 -33.66339252 0.6546507992 -0.00109873493 0.009805066826 0.4222700911 0.9064163633
1625135522.686831 9.042444686 -33.57419812 0.6447783618 0.006780816541 -0.001616931234 0.4241043605 0.9055864937
1625135522.786392 9.139696219999999 -33.47382462 0.6415704077 0.006764990057 -0.007428532189 0.4399101656 0.8979855778
1625135522.886269 9.234154737000001 -33.37334419 0.6326160322 0.001327653684 0.0002968646498 0.4500684072 0.8929930448
1625135522.986382 9.325704151 -33.25652382 0.615925924 -0.009073995796 0.006555013604 0.4590069476 0.8883621539
1625135523.086379 9.412283779999999 -33.14358035 0.5881292526 -0.0145584122 0.003125631924 0.4692041537 0.8829641811
1625135523.186521 9.498661717999999 -33.01565795 0.5622346258000001 -0.01179783761 0.0003361912764 0.4824705228 0.8758326853
1625135523.28713 9.585485952999999 -32.88814498 0.5442609916 -0.01321750363 -0.002241163054 0.4768414859 0.8788870645
1625135523.387288 9.667286238999999 -32.76494096 0.5341923323 -0.01420360889 0.003193761713 0.4809462448 0.8766292072
1625135523.487232 9.749515881000001 -32.64908739 0.5262893009 -0.01136964358 0.007049150027 0.4902200114 0.8714960592
1625135523.587352 9.840458938999999 -32.53750413 0.5171726142 -0.008299438425 0.01242184887 0.4909838612 0.8710405645
1625135523.687301 9.935109647000001 -32.42139521 0.5081788374 -0.00399038618 0.01565086311 0.4938038367 0.8694233136
1625135523.78735 10.02415618 -32.29895933 0.5065667076 -0.0004974731047 0.01513217612 0.4924688032 0.8701983956
1625135523.886862 10.10406546 -32.1865358 0.5094000305 0.01261071018 0.006864488082 0.503664706 0.8637798983
1625135523.986535 10.18046515 -32.07006794 0.5105956777 0.0237402091 0.007571346896 0.5200819261 0.853752814
1625135524.087002 10.24323285 -31.95286212 0.5094308846 0.02972635318 0.009867483599 0.5116357944 0.8586313473
1625135524.186929 10.30465567 -31.82316446 0.5048617464 0.02259859558 0.00923116668 0.5209150247 0.8532594131
1625135524.28739 10.36087434 -31.68770186 0.501018623 0.01922654376 -0.003318110715 0.513853958 0.8576557818
1625135524.38738 10.4107529 -31.55614132 0.5020251595 0.02567603397 -0.02067582705 0.5168022625000001 0.8554698551
1625135524.487405 10.46540909 -31.42803851 0.5141633068 0.03142436569 -0.02404253496 0.5196776569 0.853445721
1625135524.587597 10.52435964 -31.3098711 0.5252039205 0.02535761954 -0.02305561046 0.5153584766 0.8562891279
1625135524.687174 10.58810811 -31.19873442 0.5304830648 0.01847340531 -0.01884660362 0.5273144923999999 0.8492602457
1625135524.787642 10.66975714 -31.07991101 0.5317655295 0.0139541478 -0.01069480853 0.5166771094 0.8559998057
1625135524.887278 10.74208638 -30.9630476 0.5335389055999999 0.01940540084 -0.008790585278 0.5184939256 0.8548158896
1625135524.98675 10.81571409 -30.84500214 0.5352934162 0.02454342563 -0.01879159413 0.5332667111 0.8453822278000001
1625135525.087076 10.88370273 -30.72877652 0.5391089948 0.02166375952 -0.03199770572 0.525165505 0.8501223563
1625135525.187183 10.94725936 -30.60875279 0.5455599548 0.007779543412 -0.02984171735 0.5220788196 0.8523395196
1625135525.286935 11.00140811 -30.48905656 0.555919626 -0.004445423434 -0.01470923852 0.5300412615 0.8478326118
1625135525.387049 11.05794319 -30.3649553 0.5663743714 -0.004856537596 0.0008396976843000001 0.5320308315 0.8467106373
1625135525.487187 11.10565421 -30.23849887 0.5820362195 -0.0001733771004 0.01381237501 0.5324960626 0.8463197573
1625135525.587509 11.16339968 -30.11041947 0.6056257433 0.008594293782999999 0.02261111702 0.5298516436 0.8477453104
1625135525.687795 11.21684136 -29.98282256 0.6301080658 0.02554876301 0.02813108925 0.5232091088 0.8513566415
1625135525.787986 11.27481213 -29.86037105 0.6543108035 0.03330811632 0.0431747297 0.5156377839 0.8550696977
1625135525.887832 11.33713062 -29.74416249 0.6720540617 0.03004604552 0.04995090672 0.5151117543 0.8551385985
1625135525.988182 11.40528862 -29.63618709 0.6771561656 0.02753436994 0.04799376424 0.4966322145 0.866195648
1625135526.087572 11.46485097 -29.53441197 0.680974164 0.02691318444 0.03681812622 0.4985944808 0.8656348248
1625135526.186794 11.51776438 -29.43288087 0.6874984307999999 0.03059706001 0.01926018911 0.5100384783 0.8593914217
1625135526.286306 11.56526901 -29.32770055 0.6951917357 0.03431157369 0.01749181311 0.5190217332 0.8538929634
1625135526.385626 11.59936219 -29.21268508 0.7017093357 0.03227627532 0.02235072521 0.5399711761 0.8407673972
1625135526.4857 11.635774 -29.08469613 0.694596346 0.01799564638 0.02442291308 0.55058513 0.8342276025000001
1625135526.585416 11.66360489 -28.95304111 0.6753610253 0.008217353375 0.01855502142 0.5724316892 0.819701255
1625135526.685301 11.68295084 -28.81007497 0.6654698838000001 0.001396122079 0.01478828516 0.5983780153 0.8010762188
1625135526.786028 11.70581007 -28.66629231 0.664761968 0.003191467139 0.0237508989 0.6106974479 0.791501318
1625135526.886893 11.72209866 -28.52634805 0.6675984385 -0.007620705268 0.04165393786 0.6120235781 0.7897050172
1625135526.986948 11.73868196 -28.39064197 0.6687628185 -0.01423353537 0.05428613859 0.6338286775999999 0.771434786
1625135527.087613 11.7531173 -28.25861592 0.658600543 -0.009036408496000001 0.05281733025 0.6367892205 0.7691736876
1625135527.187125 11.75593605 -28.13411927 0.6479267292000001 -0.003426138011 0.04433797778 0.6612848581 0.7488155592
1625135527.287248 11.76171225 -28.00704061 0.6466919673 -0.000338941866 0.0321261054 0.6774261679 0.7348888253
1625135527.387848 11.76182863 -27.88301097 0.6614354007 -0.008283302391000001 0.03244565507 0.6745350897 0.7374829349000001
1625135527.486869 11.74450984 -27.76708112 0.6799622486 -0.0191894783 0.02793992507 0.7054031861 0.7079953881
1625135527.587272 11.72759729 -27.64831724 0.6799323022 -0.02459274577 0.02187179223 0.7117686759 0.7016424827
1625135527.687093 11.70922284 -27.53124016 0.6634569549 -0.01980361314 0.01350871973 0.7219961389 0.691481675
1625135527.787186 11.68279413 -27.40597191 0.6413815598 -0.006545358273 0.003154195774 0.7310376145 0.6822984798
1625135527.888063 11.65490539 -27.26875512 0.6245388177 0.007304665954 -0.004352373081 0.7154383293 0.6986241448
1625135527.988688 11.63355743 -27.12783072 0.6177068955 0.0140754382 -0.003203909125 0.6949629935 0.7189005875
1625135528.088136 11.61841079 -26.9957295 0.6244300578 0.005602584637 0.01156548174 0.6921441398 0.7216448853
1625135528.187963 11.6166584 -26.86224052 0.6315230858999999 0.002766611149 0.02631414013 0.6819272765 0.7309412435
1625135528.287653 11.62394585 -26.72941302 0.6237757162999999 0.002936615872 0.03171114559 0.6668808592 0.7444835117
1625135528.387241 11.62905233 -26.60320742 0.600944567 0.008324054016000001 0.02514259192 0.6575366788 0.7529568887
1625135528.487234 11.63501607 -26.475697 0.5844830487 0.01966905409 0.01531654387 0.6341286522 0.7728255847
1625135528.586119 11.63739492 -26.35355361 0.5880679724 0.03710861345 0.01778586652 0.6406544385 0.7667258338
1625135528.685772 11.63622021 -26.21933784 0.5999486186 0.03681291343 0.02607601155 0.6371977234 0.7693789134
1625135528.785762 11.63772776 -26.07488499 0.5980488165 0.02306533319 0.0249937287 0.6293013937 0.776416808
1625135528.886225 11.64559515 -25.93016902 0.5791567726 0.02420388646 0.01749730425 0.6111231533 0.7909718754
1625135528.986401 11.65539674 -25.78790521 0.5673892310999999 0.0316281276 0.01683356806 0.5950290105 0.8029052056
1625135529.087584 11.68099724 -25.65524965 0.5831346226 0.02102262323 0.0209435142 0.5570014756 0.8299811894
1625135529.187807 11.72126505 -25.53264734 0.6055392552 0.002195778258 0.02327081885 0.5227089277 0.8521907207
1625135529.287458 11.77283601 -25.41388443 0.6103098405 -0.0008129555345 0.02956507837 0.5093326755000001 0.8600613181
1625135529.387223 11.83636784 -25.29754258 0.5991137291 0.003715392458 0.03046861718 0.4818338137 0.8757248627000001
1625135529.485404 11.89416984 -25.18259399 0.5895027215999999 0.008304077627000001 0.02675864058 0.5076257429 0.8611220137
1625135529.585154 11.96110099 -25.06637561 0.595910704 0.01381987876 0.02905029783 0.5024444206000001 0.864010819
1625135529.685007 12.02771065 -24.95306991 0.6130280767 0.02387694958 0.04234934705 0.4946857094 0.8677110539
1625135529.784791 12.09298006 -24.84338758 0.6196097624 0.02347618492 0.04098101322 0.5041107977 0.8623466408
1625135529.886012 12.15812388 -24.72906622 0.6114415333 0.01518781611 0.03304098104 0.4726130481 0.8805194663
1625135529.985496 12.22352799 -24.61885921 0.5946120711 0.0168815914 0.02177840867 0.487113357 0.872903941
1625135530.086334 12.29396286 -24.50660297 0.5875803414 0.02321153832 0.01922110292 0.476321198 0.8787547382999999
1625135530.187739 12.36910725 -24.38867956 0.5982462132 0.01780594893 0.02419288527 0.4376361053 0.8986502611
1625135530.287974 12.44811446 -24.28317961 0.607423794 0.003208845546 0.03538985539 0.4223787835 0.9057225981
1625135530.387628 12.53342309 -24.1838856 0.6048795464 0.001586897975 0.0381833317 0.4182643273 0.9075210562
1625135530.486659 12.61465203 -24.08974202 0.5919759029 0.006822447822 0.03232822077 0.435660033 0.8995046837
1625135530.586767 12.70946156 -23.99363924 0.5793851109 0.009360458435 0.02770953618 0.4337770259 0.900545421
1625135530.686243 12.79712154 -23.89819209 0.5816994276 0.008747588778 0.02299025056 0.4460074424 0.8946911699
1625135530.786112 12.88750282 -23.79566953 0.5942346745 0.009227356661 0.0340872709 0.4633568043 0.8854678909
1625135530.886448 12.97639096 -23.69235456 0.6007097561 0.0006164587183 0.04473898804 0.4652977854 0.884022632
1625135530.986767 13.06412464 -23.58985059 0.5891584349 -0.002496239542 0.04204908244 0.4718610809 0.8806660909
1625135531.08748 13.15107555 -23.48539783 0.5718059885 0.0005011404673 0.03357583585 0.4624325317 0.8860183778
1625135531.187569 13.23542905 -23.37901073 0.5645983686 0.0009181681668 0.0288817249 0.4660507378 0.8842859904
1625135531.288154 13.32679472 -23.27384514 0.5726966747 -0.004474203611 0.02840440591 0.4523127212 0.8913957446
1625135531.388053 13.42282178 -23.17024757 0.5856177876999999 -0.01642591561 0.04101985887 0.4476900778 0.893096386
1625135531.487879 13.52184529 -23.07380949 0.5853046 -0.01125110638 0.04784883217 0.4441759478 0.8945902019
1625135531.587268 13.62375586 -22.98105612 0.5711811469 0.002504282659 0.04464577799 0.4477759043 0.8930269999
1625135531.686681 13.72125506 -22.88976443 0.5627646304 0.01194611992 0.03515512723 0.4576842308 0.8883392101000001
1625135531.786249 13.81219478 -22.79297258 0.5701503674 0.0130837921 0.02144822834 0.4621893033 0.8864253130999999
1625135531.885881 13.89874329 -22.68848136 0.5915441342 0.01312212662 0.02714224442 0.4766441193 0.8785792462000001
1625135531.985814 13.98106837 -22.5761703 0.6018482058 0.00524923093 0.02885805928 0.4863352862 0.8732798219
1625135532.086358 14.06642752 -22.46585345 0.5871389942 0.004112446126 0.02315485917 0.4824865844 0.8755875948
1625135532.186668 14.14815208 -22.35294266 0.5688024766000001 0.007947262448 0.02102854704 0.4834009889 0.8751103503
1625135532.287202 14.23338091 -22.2404875 0.5671622671 0.01245409505 0.01574507028 0.4805128284 0.8767578971
1625135532.388306 14.32775851 -22.13577874 0.5857931208 0.01261188946 0.01617239319 0.4520891901 0.8917369333
1625135532.487972 14.41823631 -22.03560554 0.6018404461 0.004899761755 0.01994917052 0.4540919418 0.8907179864
1625135532.588088 14.5186954 -21.94135273 0.5910868939 0.01016511336 0.02045640802 0.4446488276 0.8954136619
1625135532.687188 14.61764512 -21.84698373 0.5664446181 0.01756293698 0.0223653136 0.457647481 0.8886788616
1625135532.787198 14.72284167 -21.74834765 0.5576447093 0.0188791801 0.02263048187 0.4555524793 0.8897209543
1625135532.887063 14.82365154 -21.64616297 0.5764734327 0.01812971731 0.0298909585 0.4510427812 0.891817388
1625135532.986461 14.92077775 -21.54468488 0.6004988578 0.01630825911 0.04257573488 0.4666250375 0.8832793567
1625135533.086823 15.01649946 -21.44213835 0.6015254524 0.01112375439 0.04535600929 0.4607703762 0.886289882
1625135533.186823 15.10589232 -21.33631735 0.5816952177 0.007694054606 0.03911876752 0.4601864261 0.8869267032
1625135533.287206 15.19580733 -21.22622521 0.563991745 0.004678269952 0.03832523429 0.4529042333 0.8907227659
1625135533.387924 15.29215502 -21.11685726 0.5648792977 0.002071687256 0.03457196474 0.4283575879 0.9029453274
1625135533.488363 15.38803692 -21.01756531 0.5771034725 -0.009224525478 0.03559231688 0.4031277481 0.9144047867
1625135533.587885 15.48700561 -20.9243242 0.5882007465 -0.01631605246 0.04638381775 0.3977588555 0.9161715018
1625135533.687201 15.58970053 -20.83321202 0.5813335721 -0.01168786411 0.05139742722 0.3974253531 0.9161194174
1625135533.785631 15.68608615 -20.74022971 0.5644242981000001 -0.004345063813 0.04674803117 0.4270059595 0.9030291538
1625135533.885537 15.78176079 -20.64894006 0.5546968801 -0.005217757474 0.03834585835 0.4312725004 0.9013913693
1625135533.985401 15.87926784 -20.55550757 0.5614697134 -0.00301939223 0.04525182595 0.4333128789 0.900101719
1625135534.084993 15.97132931 -20.46778121 0.5775901458 -0.0003017298809 0.05670824108 0.4535827545 0.8894081005
1625135534.185645 16.06376244 -20.38008222 0.5769050628 -0.004889581639 0.05894937782 0.4517539726 0.8901794263
1625135534.286101 16.15340707 -20.28978333 0.5541632324 -0.005529734118 0.05219911239 0.450612701 0.8911749931
1625135534.38665 16.23812536 -20.19571942 0.5318472436 -0.004276576367 0.04657224837 0.4477835418 0.8929180457
1625135534.487218 16.32332864 -20.09780903 0.5275147281 -0.004948835848 0.04714141137 0.4380377768 0.8977060223
1625135534.587713 16.41215672 -20.00176399 0.5375694509 -0.01644172254 0.05203783294 0.4246561343 0.9037084161
1625135534.687242 16.49921335 -19.91104448 0.5469281184 -0.02734487029 0.05870044069 0.4329836508 0.8990726748
1625135534.78701 16.5858082 -19.81721791 0.5434360242 -0.03076464519 0.05563268821 0.4384398718 0.8965093527
1625135534.886036 16.6689243 -19.72662594 0.53184895 -0.02658326085 0.04387326633 0.4647950103 0.8839310296
1625135534.985219 16.75023083 -19.63223547 0.5249808448 -0.02404074165 0.03472934062 0.4980574011 0.8661147389
1625135535.083936 16.82346549 -19.53699011 0.5362522478 -0.02367844041 0.03818460171 0.5581377534999999 0.8285309383
1625135535.184076 16.89667582 -19.43671177 0.5558665094 -0.01785143085 0.05371048196 0.5952213604 0.8015659939999999
1625135535.283925 16.95557129 -19.34052252 0.5647003636 -0.01026266732 0.0608085889 0.6493235481 0.7580078647
1625135535.385559 17.0081818 -19.23886797 0.5533017436 -0.004913530967 0.05324351332 0.6700382439 0.7403983639
1625135535.486763 17.05077282 -19.13865779 0.5376675351 -0.002980707861 0.03751472699 0.6924361127999999 0.720497044
1625135535.587935 17.08180654 -19.03157792 0.5304733449 -0.008969266808 0.02358431314 0.7132876182 0.7004170944
1625135535.688711 17.10916806 -18.92595136 0.5366746894 -0.02455653176 0.01951841138 0.7287632774 0.6840468507
1625135535.789029 17.13232205 -18.82011021 0.5463119278 -0.02979093148 0.01982406045 0.7477684431 0.6629946173
1625135535.888416 17.15352112 -18.72024344 0.5488883365 -0.02442348983 0.01442443045 0.773763474 0.6328392491
1625135535.987395 17.16654087 -18.62084212 0.5436658331999999 -0.02373501037 0.01093989304 0.8123186803 0.5826279513
1625135536.08708 17.18064221 -18.52025651 0.5407207531 -0.02955944205 0.007786913917 0.8342864782 0.5504831293
1625135536.186092 17.18044793 -18.42902886 0.5528942138 -0.0422642674 0.01726721093 0.8709348300999999 0.489273029
1625135536.286507 17.17232319 -18.34023078 0.5687609874 -0.04947980906 0.02972929778 0.8870064347 0.4581348078
1625135536.386984 17.15717432 -18.25753576 0.5751708399 -0.05105177708 0.03294462702 0.9006511075 0.4302742732
1625135536.487646 17.13687864 -18.18152604 0.5720567603 -0.0460960945 0.02604706939 0.909610309 0.4120749763
1625135536.588406 17.10815329 -18.10710776 0.5670603201 -0.04019777053 0.01780411352 0.9141544001 0.4029750433
1625135536.689018 17.07209883 -18.03047889 0.5719783938 -0.03791387175 0.007046440287 0.9145928491 0.402532988
1625135536.789114 17.02959483 -17.94948556 0.5805255223 -0.05242830411 0.001703693404 0.9164797105 0.3966274203
1625135536.888596 16.98773976 -17.87493706 0.5842292733 -0.056868185 0.004986926816 0.9221602898 0.3825722677
1625135536.9876 16.95032043 -17.80827088 0.5809421724 -0.04944494675 0.01258235778 0.9342060069 0.3530665918
1625135537.086967 16.91257722 -17.74734252 0.576653694 -0.04120004087 0.01648630494 0.9432634554 0.329066577
1625135537.186382 16.8764092 -17.69052569 0.5777549568 -0.03204990509 0.01570315691 0.9520035899 0.3039989792
1625135537.285742 16.83683555 -17.63905424 0.583905853 -0.02917110763 0.02097795633 0.9626702735 0.2682814128
1625135537.385319 16.78875998 -17.60302511 0.5932758033 -0.03155225016 0.02920004131 0.9723914815 0.2293613304
1625135537.485308 16.73088038 -17.57102895 0.5969309259 -0.03713195398 0.03316925343 0.9806513180999999 0.1893251459
1625135537.585183 16.67421744 -17.5589989 0.5954987017 -0.03623305178 0.03067014329 0.9890963215 0.1394093793
1625135537.684813 16.6108273 -17.56390706 0.5862853064 -0.03618444876 0.03146289007 0.9968293435 0.06349828446
1625135537.78565 16.54813216 -17.56638554 0.5806141203 -0.03281337287 0.0389487185 0.9985871215 0.01516708893
1625135537.886599 16.49073986 -17.57150649 0.579181944 -0.03223703007 0.03998621753 0.9982628682 -0.0288638577
1625135537.988053 16.43924202 -17.57343184 0.5817262956 -0.03598406269 0.03205842431 0.9975874172 -0.04996748582
1625135538.088013 16.40305959 -17.59059303 0.581410968 -0.03555745075 0.02442473329 0.9939186983 -0.1013149606
1625135538.188084 16.37632883 -17.59849627 0.5812021809 -0.02982326616 0.01988726789 0.9878260304000001 -0.1513763622
1625135538.288203 16.35481089 -17.60233167 0.5843067152 -0.02174362578 0.01999331894 0.9823031506 -0.1849540546
1625135538.387804 16.3426589 -17.59783806 0.5926069604 -0.01622752544 0.02175703068 0.9721062387 -0.2329651472
1625135538.488621 16.33113326 -17.5932023 0.6005316603999999 -0.01429417872 0.02268859469 0.9715361128 -0.2353688292
1625135538.588055 16.32188273 -17.591928 0.6062545808000001 -0.01298723113 0.01309387929 0.9640992931 -0.2649008027
1625135538.688056 16.3177068 -17.60087139 0.6058046491 -0.01446928881 0.004159386993 0.9602287673 -0.2788082739
1625135538.787425 16.3112954 -17.60790238 0.6065758588 -0.01757854438 0.002619118686 0.9523022771 -0.3046383232
1625135538.887522 16.30590867 -17.61474238 0.606567172 -0.02259373211 0.00562346775 0.9497057364 -0.3122769831
1625135538.987304 16.30036215 -17.61896529 0.6036279073 -0.02787795368 0.01162292813 0.9459502229 -0.322902312
1625135539.087228 16.29536081 -17.62654916 0.5982608171 -0.03376922063 0.01764085596 0.9423918891 -0.33233412
1625135539.187624 16.29095974 -17.6455016 0.5876656613 -0.04586270474 0.0157934471 0.9453986469 -0.3222864841
1625135539.286718 16.29718087 -17.67316047 0.5761025537 -0.05549333019 0.008794544200000001 0.9357502269 -0.3481589567
1625135539.386041 16.31053122 -17.71020424 0.5711833482999999 -0.05997782354 0.004718824186 0.9235640743 -0.3786948562
1625135539.485163 16.33328681 -17.75478642 0.5727522625 -0.06316141696999999 0.004628973272 0.905606484 -0.4193639281
1625135539.584327 16.36899616 -17.80882754 0.5751573074 -0.06328677294 0.01017305004 0.8785970945 -0.4732424738
1625135539.684391 16.415511 -17.86719104 0.5776835498 0.06088982616 -0.01442425626 -0.8551925073 0.5145193343
1625135539.785111 16.47673186 -17.93667757 0.5768416516 0.05732581765 -0.009414471039 -0.8368063806 0.5444081188
1625135539.885947 16.54452407 -18.00659803 0.5730082116 0.05624422282 0.0006230491171 -0.8188304863 0.5712729942
1625135539.985826 16.61785831 -18.0711301 0.5652388376 0.05931990975 0.001076600676 -0.7830501281 0.6191223514999999
1625135540.085505 16.69125712 -18.12441914 0.561158945 0.06243564241 -0.007697376557 -0.7334187189 0.6768600474000001
1625135540.186253 16.75508497 -18.17300646 0.5599948622000001 0.06889207168 -0.01080052072 -0.6990814799 0.7116335544
1625135540.286528 16.81794103 -18.2189885 0.5551929826999999 0.06923483598999999 -0.006436025787 -0.6538616307 0.7534122928
1625135540.387677 16.88367448 -18.26906873 0.5442245465 0.06210016746 0.01267178918 -0.6285472328 0.7751847336
1625135540.487683 16.94777158 -18.31096608 0.529121249 0.05403059779 0.03334619594 -0.5863881823 0.8075380024
1625135540.587848 17.0067293 -18.35260601 0.5165725404 0.04933566892 0.04923542047 -0.545057032 0.8354966767999999
1625135540.687833 17.06400597 -18.38959318 0.5086056729 0.04512712324 0.05831140227 -0.5084256376 0.8579432930999999
1625135540.787122 17.12458355 -18.42025664 0.5058655252000001 0.0463408814 0.06609579891 -0.4519205355 0.888398389
1625135540.886696 17.18950796 -18.4435459 0.5054807907 0.04801081099 0.0738926706 -0.3984893242 0.9129299501
1625135540.98611 17.25978418 -18.45216843 0.5083233304 0.04478695703 0.08182600615000001 -0.3365639206 0.9370290073
1625135541.085902 17.33924878 -18.45349663 0.5099920695 0.04045370096 0.08397378612 -0.2766632931 0.9564357394
1625135541.185933 17.42414063 -18.44351712 0.5056202433 0.03596369071 0.08250594686 -0.2211236452 0.9710837838
1625135541.286374 17.52024798 -18.43285991 0.4974213682 0.02958183623 0.08202172725 -0.1739967259 0.980878428
1625135541.387362 17.61280379 -18.41971394 0.4916115721 0.01581739581 0.07943173897 -0.1522631948 0.9850159026
1625135541.487306 17.70761549 -18.40130072 0.4911051911 0.006187613614 0.08038155475 -0.106480701 0.9910410584
1625135541.587827 17.80038713 -18.38989673 0.4938237692 0.004520163408 0.08543751754999999 -0.08163296762 0.9929834124
1625135541.687659 17.8905932 -18.37976392 0.4977830398 0.01108458114 0.09525914409 -0.04987147571 0.9941406658
1625135541.787612 17.97658966 -18.36820088 0.4991823691 0.01380791377 0.09422436934 -0.02086160693 0.9952366066
1625135541.887346 18.06133057 -18.34946376 0.4937436706 0.008834201724 0.08917045859 0.007430353666 0.9959494847
1625135541.986948 18.15121584 -18.32563607 0.4877526407 0.002959735296 0.08720381446 0.04310608936 0.995253033
1625135542.08656 18.24478213 -18.2999255 0.4880141934 0.003138941426 0.08511455746 0.07601775281000001 0.9934621082
1625135542.186049 18.3409223 -18.26718678 0.4946315881 0.008096628384 0.08669423824 0.11896289 0.989073498
1625135542.285909 18.43379143 -18.22339174 0.4985336715 0.01407537706 0.09331969043 0.1563529241 0.9831821206
1625135542.386142 18.52301097 -18.1740052 0.4950724876 0.01247045412 0.09392217518 0.1879343374 0.9776010422
1625135542.487064 18.61813386 -18.11537581 0.4807604385 0.005711764115 0.08821909569 0.2002769012 0.975742758
1625135542.588092 18.71700299 -18.05594799 0.4653351415 0.004575153111 0.08281288747 0.1951912729 0.9772519944
1625135542.688018 18.82049233 -17.99588457 0.4580928982 0.01348860393 0.08764528997 0.2130337384 0.9730123262
1625135542.788711 18.93483237 -17.94747207 0.4605352967 0.02357108407 0.1008505765 0.2029707304 0.973692173
1625135542.888822 19.04598587 -17.90413279 0.4659740634 0.02558614374 0.1148606396 0.1919254857 0.9743289951
1625135542.988926 19.15829206 -17.86658123 0.4623120881 0.02411691308 0.12103433 0.1763591222 0.976558511
1625135543.088387 19.26906833 -17.83072011 0.453092998 0.02207995153 0.1182738566 0.1653322947 0.9788712903
1625135543.187517 19.38424467 -17.79036807 0.4488716775 0.01434481688 0.1167589318 0.170915724 0.9782379022
1625135543.287006 19.49928469 -17.74650816 0.4587265658 -0.003078898446 0.1173836748 0.1668515708 0.9789648342
1625135543.385844 19.60616878 -17.69226779 0.4784465509 -0.01475110307 0.1197353785 0.1883928614 0.9746558233
1625135543.485046 19.70555775 -17.63637474 0.4979866989 -0.01759463428 0.1119444067 0.2136888419 0.970307146
1625135543.585077 19.80487737 -17.57742649 0.5075495199 -0.01677879915 0.09516647708000001 0.2217009005 0.9703146522
1625135543.685464 19.90266958 -17.51567367 0.5089144581 -0.01329274155 0.07418887440999999 0.2268414808 0.9710109456
1625135543.786447 20.00668946 -17.45504876 0.5117328966 -0.009666256264 0.05997250944 0.2132420438 0.9751090669
1625135543.887294 20.1163623 -17.39233242 0.5212943744 -0.005884231668 0.04764639448 0.1961792258 0.9793921115999999
1625135543.987381 20.2305749 -17.33299096 0.5310193911 -0.007045609575 0.05533323533 0.1956108806 0.9790939566
1625135544.08749 20.35339883 -17.27546852 0.5327910154 -0.003650270797 0.06374735381 0.1943284663 0.978856168
1625135544.187523 20.47548243 -17.2243925 0.520009864 0.005879730692 0.05708551513 0.1883396347 0.9804258538
1625135544.286892 20.59082835 -17.17371518 0.5033213275 0.0136955585 0.04889108629 0.2033063723 0.9777978382
1625135544.386915 20.71530831 -17.11588536 0.4987912903 0.01175360844 0.0526744762 0.2021291521 0.9778706756
1625135544.486554 20.83415122 -17.05240927 0.5110140214 0.007872908941 0.06086499477 0.211765374 0.9753916629
1625135544.586633 20.95231224 -16.98684183 0.5204614183 0.004367003242 0.06078433025 0.2155573986 0.9745877089
1625135544.686994 21.06754354 -16.92471647 0.5146177669999999 0.007192881044 0.04881811731 0.2051295389 0.9774901156
1625135544.787089 21.18018201 -16.86376203 0.503902281 0.01474998056 0.03295862364 0.2021478656 0.9786891272
1625135544.887277 21.29630767 -16.79772884 0.5060686156 0.0242489471 0.02476694738 0.1933379187 0.9805197785
1625135544.987924 21.42654217 -16.73943992 0.5202792106 0.02731118213 0.03345598773 0.1660266367 0.985175087
1625135545.087582 21.55225939 -16.6928203 0.5334040285 0.02828615531 0.0448796139 0.1565034675 0.986251681
1625135545.187254 21.68169543 -16.64821813 0.529611019 0.02782680159 0.04439568633 0.1511517358 0.987120988
1625135545.286789 21.81255517 -16.60131112 0.5120064282 0.02562546919 0.03871426378 0.1441133151 0.9884714935
1625135545.386223 21.94716304 -16.55401303 0.4995112851 0.02098514251 0.03694655728 0.1519489682 0.9874746006
1625135545.486001 22.08443524 -16.49875284 0.5059347725 0.01380730113 0.04429148286 0.1505076719 0.9875196523000001
1625135545.585445 22.21572975 -16.43787816 0.5217012281 0.004499666851 0.05938439763 0.1692673927 0.9837691783
1625135545.685522 22.34271988 -16.37637069 0.5275631889 -0.002936378043 0.06408545793000001 0.175932185 0.9823096752
1625135545.785405 22.4637469 -16.31957125 0.5188233016 -0.000863911834 0.05644989756 0.1940460881 0.9793665189
1625135545.886505 22.58818457 -16.26262114 0.5140315776 0.002203919036 0.04611421103 0.1782923672 0.982893918
1625135545.987039 22.70655089 -16.20952989 0.5245581736 0.01157236297 0.03213096174 0.1701088769 0.9848333116
1625135546.087491 22.82989453 -16.16262019 0.5403295948 0.01766391043 0.03265994051 0.1604102567 0.9863517952999999
1625135546.187781 22.95802676 -16.12260129 0.5487303575 0.01641814312 0.0404560956 0.1446846792 0.9885140831
1625135546.287543 23.08242758 -16.08450305 0.5396016292 0.01785508489 0.03447611185 0.1387078765 0.9895719876
1625135546.386998 23.20857801 -16.04786381 0.5217473954 0.02212630032 0.02262543271 0.1422940076 0.9893184179
1625135546.486699 23.33627931 -16.01074292 0.5163279337 0.02409207132 0.01325916664 0.1376238671 0.990102741
1625135546.586229 23.46517708 -15.97226296 0.5270802224 0.03166832249 0.01489264338 0.1460177572 0.9886628045
1625135546.686175 23.5923203 -15.9320124 0.5410829141 0.02939907015 0.02078241896 0.1422803707 0.9891714118
1625135546.786387 23.71759389 -15.88818942 0.5418007199 0.02228429429 0.01277675299 0.1327681895 0.9908141968
1625135546.886411 23.83891706 -15.83992126 0.5304364077 0.01802639405 -0.007071445688 0.1242707019 0.9920593916
1625135546.986228 23.95863093 -15.78770756 0.5269319029 0.01976903226 -0.01987060981 0.1225543487 0.9920659131
1625135547.086433 24.0901112 -15.73936825 0.5413240438 0.02393864256 -0.02005677727 0.1120676005 0.9932097059
1625135547.186582 24.22255492 -15.70255595 0.5594439812000001 0.02156530672 -0.01225194004 0.0918554032 0.9954634159
1625135547.28647 24.36183739 -15.67817559 0.5632868747000001 0.02247486376 -0.003227121353 0.08675073654 0.9959712726
1625135547.386409 24.4988527 -15.65538859 0.5473972247 0.02551380209 -0.009067784123 0.07447245026 0.9968553934
1625135547.485747 24.63276212 -15.62456908 0.5293681298 0.01999052398 -0.01828548441 0.08939160212 0.9956280237
1625135547.585441 24.76879822 -15.59034293 0.5231620455 0.01402354359 -0.02472622943 0.097439042 0.9948354572
1625135547.68499 24.90424197 -15.55137163 0.5325296903 0.01761634577 -0.006838154405 0.1186696537 0.9927539560999999
1625135547.785097 25.0390865 -15.510829 0.5346051699 0.01175233612 0.009306520780000001 0.1365023216 0.9905263184
1625135547.885901 25.17116195 -15.46246674 0.5173613812 0.005237135732 0.01192495479 0.1311703909 0.9912742791
1625135547.986208 25.30009181 -15.40737919 0.4975708425 0.00436289197 0.007664407498 0.1406363377 0.9900220414000001
1625135548.086848 25.42773015 -15.35505397 0.4974745591 0.00543592433 -0.0004518290319 0.1389331551 0.9902867388
1625135548.187211 25.55098884 -15.30337219 0.5113769627 0.01194355636 -0.0141957031 0.1345354335 0.9907351062
1625135548.286885 25.68104422 -15.25953521 0.5252315956 0.01589490854 -0.003513647119 0.1531344169 0.9880712811
1625135548.387332 25.82020481 -15.22260871 0.5257661628 0.02401066198 0.004467441354 0.1441472906 0.9892548148
1625135548.486757 25.95384774 -15.18330274 0.5085258316 0.02883655076 0.001997447814 0.1619445184 0.9863764172
1625135548.587446 26.09576872 -15.1374924 0.4922851069 0.02761870969 0.0003240921584 0.1482473375 0.9885645293999999
1625135548.68667 26.2274184 -15.09351135 0.4978948516 0.02771860508 0.003883021835 0.1658606607 0.9857519172
1625135548.786463 26.3562585 -15.0402053 0.5175630068 0.02487859257 0.01670217441 0.1820217619 0.9828378153
1625135548.886904 26.48021236 -14.98537795 0.5264452405 0.01496150784 0.01908726616 0.1691216839 0.9852967500000001
1625135548.986463 26.59473647 -14.92946695 0.5155627881 0.01552963216 0.007854952470000001 0.178520973 0.9837821875
1625135549.086398 26.71607779 -14.86752993 0.5029232168 0.01868352814 -0.000106714997 0.1828150485 0.9829697719
1625135549.186379 26.84094245 -14.80318791 0.5057272931 0.01773926375 0.0003852682197 0.1784802048 0.983783506
1625135549.286493 26.97130651 -14.74132635 0.5186712368 0.01391306336 0.006690479007 0.1764661712 0.9841856301
1625135549.387055 27.10406066 -14.69427578 0.5303779834 0.00925368407 0.02445479177 0.1534311125 0.987813356
1625135549.487079 27.23052587 -14.65668485 0.5273661726 0.01391683732 0.02573169521 0.1388049845 0.9898875582
1625135549.586265 27.35220663 -14.62382394 0.5106424482 0.02260359597 0.01373674082 0.1514779073 0.988106686
1625135549.686347 27.48447021 -14.58776063 0.4986917225 0.02484255171 0.007105264079 0.1466176794 0.9888557119
1625135549.786235 27.615496 -14.55253714 0.5057035278999999 0.02432070329 0.006831598469 0.1420703336 0.9895341596
1625135549.886214 27.74691078 -14.51440653 0.5254312642 0.02915012067 0.01698186666 0.1411470772 0.9894136593
1625135549.986158 27.8745181 -14.47295597 0.5362028764 0.0275540228 0.02013905995 0.141990371 0.9892794998
1625135550.086231 27.99758955 -14.42936482 0.5262808283 0.03036203769 0.008195735286000001 0.1382616051 0.9898963103
1625135550.186311 28.1233921 -14.38443506 0.5110380308 0.03536270078 -0.002834142402 0.1346233969 0.9902615756000001
1625135550.286945 28.25860305 -14.33865664 0.5104651247999999 0.03903439418 -0.004023026196 0.1130416527 0.9928150462999999
1625135550.387156 28.38801486 -14.29881392 0.5199890645 0.03659627402 -0.007700023017 0.09281214037 0.9949810697
1625135550.487078 28.51985827 -14.26265756 0.5279906688 0.02678420611 0.004713702764 0.08352024702999999 0.9961349084
1625135550.587085 28.65200881 -14.23138852 0.5229900167 0.01898564941 0.01227537802 0.06573301030000001 0.9975810902
1625135550.686302 28.78117626 -14.2034073 0.5022943171000001 0.01482173037 0.007570832421 0.07295931116 0.9971960378
1625135550.786019 28.91457246 -14.17924515 0.4834503943 0.01044660714 0.004861894677 0.07696726343 0.9969670359
1625135550.885742 29.05240136 -14.16065228 0.4862856761 0.008737680159 0.003047537809 0.07978918524 0.9967688054
1625135550.985908 29.1898747 -14.14146775 0.5039441278 0.01574555548 0.01447761706 0.07470412539 0.9969763135
1625135551.08549 29.31961691 -14.12143927 0.5118404331 0.01428815297 0.01629788661 0.09080341644000001 0.995632948
1625135551.185991 29.44973706 -14.10194325 0.5006327254 0.01353494128 0.007821551919999999 0.08567414846 0.9962005666
1625135551.28657 29.57640666 -14.08190812 0.4856019244 0.01652972094 -0.005245162158 0.07243716839 0.9972221985
1625135551.387021 29.70934169 -14.06653562 0.4886954715 0.02337275843 -0.01662917932 0.06243733913 0.9976365887999999
1625135551.487962 29.84617686 -14.06188592 0.5080849259 0.02482810173 -0.01524789683 0.02423157531 0.9992816909
1625135551.587795 29.9805156 -14.06646413 0.5274374111 0.02001255807 -6.582730234000001e-05 0.01024174932 0.9997472679
1625135551.687712 30.1143352 -14.07976967 0.5281377919 0.01892783555 0.003677721025 -0.01146665531 0.9997483319
1625135551.787061 30.24342187 -14.09820963 0.5143858764 0.01770365986 -0.003139458296 -0.02213945576 0.9995932016
1625135551.88658 30.37797953 -14.12076483 0.5033128225 0.01486570463 -0.008994419619000001 -0.03256013535 0.9993187424
1625135551.985784 30.50932385 -14.14673243 0.507955048 0.01401624205 -0.01533477633 -0.03356753118 0.9992205014
1625135552.085292 30.64236263 -14.17063437 0.5244381637 0.02359475109 -0.01076453304 -0.03091905175 0.9991853806
1625135552.185103 30.77402791 -14.19163224 0.533632623 0.02363050274 -0.007727393174 -0.03021124197 0.9992342906
1625135552.285296 30.90509953 -14.20563922 0.5230398832000001 0.02163598224 -0.0147942144 -0.03771339445 0.998944801
1625135552.385371 31.03851811 -14.213929 0.5048864593 0.02168151997 -0.02635541166 -0.03571755615 0.9987790347
1625135552.486055 31.17827459 -14.22691478 0.5003206524 0.02855394737 -0.02880460643 -0.04688228579 0.9980766594
1625135552.58665 31.31635918 -14.24607414 0.5118193086 0.03184803663 -0.01692329563 -0.06393387675999999 0.9973022431
1625135552.686775 31.44513244 -14.27184301 0.5276962534 0.02913324301 -0.005982785281 -0.06462960487 0.9974660268
1625135552.787036 31.56657136 -14.30671319 0.5293759887 0.0260461498 -0.01054710793 -0.07793561476999999 0.9965622893
1625135552.886183 31.67958767 -14.3399258 0.5173016159 0.02342020676 -0.02376215437 -0.05884714267 0.9977093102
1625135552.986317 31.80163523 -14.37950513 0.5063274353 0.01553059415 -0.03109298733 -0.05829384294 0.9976942691
1625135553.086335 31.91757541 -14.42018953 0.5101511706 0.01381440803 -0.03262138481 -0.06264154574 0.9974071607
1625135553.186764 32.04122425 -14.46147201 0.5224723133 0.01923554944 -0.02217739416 -0.07493795788 0.9967559678
1625135553.286774 32.1636175 -14.50617507 0.5235522029 0.01700014885 -0.008761102615 -0.08186151119 0.9964602004000001
1625135553.387077 32.28537228 -14.55362416 0.5071070743 0.01893695386 -0.009019592890000001 -0.09759613692000001 0.9950050416
1625135553.487013 32.40316928 -14.59686623 0.4897727493 0.01976043802 -0.01454491257 -0.1089399648 0.9937454677999999
1625135553.586737 32.5258299 -14.63753411 0.4893575412 0.01524736087 -0.01834153449 -0.1085288058 0.9938071264
1625135553.687322 32.65448567 -14.68498343 0.5009335192 0.008084129809 -0.0142360152 -0.1420792558 0.9897198936
1625135553.786527 32.77779958 -14.74012516 0.5106348864 0.009421084584000001 0.00226750051 -0.1354509075 0.990736672
1625135553.886381 32.90087905 -14.80485476 0.5066086647 0.01480559648 0.001483033528 -0.1392755077 0.9901418726
1625135553.986085 33.01784742 -14.87213499 0.4911741361 0.01774364503 -0.01138497768 -0.1408964053 0.9897998527
1625135554.085824 33.13647666 -14.9382553 0.4812443137 0.01449254949 -0.01841608662 -0.1314343386 0.9910478436
1625135554.185822 33.25314203 -15.00070431 0.4880845213 0.009764712827 -0.02219226664 -0.1259103139 0.9917453033
1625135554.286218 33.37768014 -15.05834971 0.5036827708 0.0133446611 -0.01225738239 -0.1255221802 0.9919253293
1625135554.386486 33.50013605 -15.11435165 0.5075512835 0.009727833626 -0.007051450548 -0.1220619166 0.9924497644
1625135554.487016 33.62610275 -15.17039221 0.4922842049 0.006377329204 -0.01167896041 -0.1290262639 0.9915518921000001
1625135554.587307 33.75438396 -15.22644198 0.4736263205 0.005783198324 -0.01972998462 -0.1342415451 0.9907353279
1625135554.687816 33.8862042 -15.28770027 0.4693782915 0.005526666657 -0.02296211674 -0.1494024212 0.9884943671
1625135554.788074 34.0153034 -15.35295658 0.4799644044 0.004716349038 -0.02023188875 -0.1680057214 0.9855670978
1625135554.887852 34.13990421 -15.42591715 0.4922882331 0.009005699652 -0.008159388688999999 -0.1771931598 0.9841010649
1625135554.987703 34.26238546 -15.50555116 0.4877451723 0.01465543258 -0.00809305705 -0.1916614564 0.9813183005
1625135555.086939 34.38136522 -15.58483763 0.4684900845 0.01542151511 -0.01533752265 -0.1908989133 0.9813687086
1625135555.186364 34.50348725 -15.66264285 0.4589114829 0.01238049583 -0.02091632661 -0.1884113846 0.981789377
1625135555.285766 34.63009533 -15.73696008 0.4722652438 0.01286201449 -0.01210314837 -0.1776200113 0.9839406557
1625135555.385859 34.7637311 -15.80816221 0.4903018932 0.01479881547 0.00483028652 -0.1791010863 0.9837075095
1625135555.486022 34.89737302 -15.87292672 0.4859098999 0.01385587463 0.01096635329 -0.1822755722 0.9830886886
1625135555.585935 35.03116461 -15.93855825 0.4665843999 0.01706017055 0.009757098891 -0.1725247765 0.9848090937
1625135555.68653 35.1647753 -16.00240886 0.4535490232 0.01937402341 0.005589297548 -0.1850247369 0.9825269735
1625135555.786838 35.28961616 -16.06761872 0.459959504 0.02367682001 -0.004814636694 -0.1906339413 0.9813638102
1625135555.887351 35.40936408 -16.14311721 0.476350834 0.02633543522 0.001297301116 -0.208502573 0.9776663229
1625135555.987401 35.52765757 -16.2263947 0.4833708181 0.02960592593 0.004645263589 -0.2193013269 0.9751968205
1625135556.087065 35.64218648 -16.31238224 0.4700275793 0.030439596 0.0002306217018 -0.2220068699 0.9745698166
1625135556.186632 35.76096876 -16.40000595 0.4497250098 0.02703614536 -0.002692339693 -0.2176198761 0.9756553632
1625135556.286446 35.87749355 -16.48695591 0.4402340789 0.02232492926 -0.00110300068 -0.2224218904 0.9746942513
1625135556.385767 35.99581997 -16.57165101 0.4478940633 0.02916485847 0.006451190519 -0.2064362239 0.9780040279
1625135556.485723 36.1179579 -16.65473837 0.458191077 0.02963964409 0.01991229273 -0.2025272236 0.9786254216
1625135556.58618 36.24310108 -16.7374296 0.4489640538 0.02349976865 0.02785533241 -0.2121682244 0.9765533707
1625135556.686326 36.36886416 -16.81938389 0.4283458393 0.02128760493 0.02619780718 -0.2127059476 0.9765329962
1625135556.786332 36.48739717 -16.90217498 0.4188583562 0.02085639693 0.02011084398 -0.2088915225 0.9775095378000001
1625135556.887578 36.61394322 -16.99422309 0.4252563121 0.01751969594 0.01703509205 -0.2449227811 0.9692345935
1625135556.98738 36.72653758 -17.08482007 0.4379791273 0.01692119055 0.02982930575 -0.2548174583 0.9663808508
1625135557.086861 36.8369194 -17.18115148 0.4392415315 0.02176910026 0.02889642163 -0.2473857884 0.9682413825
1625135557.186779 36.9420256 -17.2815047 0.4219348268 0.02273358472 0.01565202685 -0.2590030791 0.9654820574
1625135557.286219 37.05105543 -17.38146619 0.4049693874 0.01638341416 0.009191717576 -0.2519261434 0.9675641138
1625135557.385828 37.16545991 -17.48112314 0.406819899 0.01713655311 0.01454293331 -0.2455199043 0.9691309603
1625135557.485604 37.28482268 -17.57813391 0.4241884269 0.02625546729 0.02867273702 -0.2389811171 0.9702456134
1625135557.585438 37.40541871 -17.67059647 0.4256103547 0.02446560244 0.03348795805 -0.2276321946 0.9728635952
1625135557.685911 37.52257097 -17.75988867 0.4070874177 0.02162093526 0.02354848811 -0.2348144841 0.9715143653
1625135557.786251 37.64468192 -17.84877059 0.3943784132 0.01806751932 0.01186923931 -0.2377061945 0.9710965199
1625135557.887181 37.76711915 -17.94532064 0.3963487586 0.01688719135 0.0007520899321 -0.262943469 0.9646631481
1625135557.987037 37.87230631 -18.04347679 0.4108007942 0.02478319849 0.002755686023 -0.2676456685 0.963194682
1625135558.086871 37.9749443 -18.14723243 0.4297007728 0.02832634084 0.007141864087 -0.2676680366 0.9630682397
1625135558.187051 38.0754059 -18.25266625 0.4310502026 0.02435186894 -0.0004551948497 -0.2878982603 0.9573512266
1625135558.286532 38.17252396 -18.35603944 0.418512139 0.01623270818 -0.01175323728 -0.2893766361 0.9570054979
1625135558.386111 38.26138149 -18.45365657 0.4145401641 0.004723560883 -0.02208175303 -0.2971895919 0.954551429
1625135558.485487 38.3599712 -18.55722213 0.4276590276 0.01010885262 -0.02272056193 -0.2864713027 0.9577660361
1625135558.584886 38.45158217 -18.65163748 0.4408359667 0.0187607195 -0.01459059385 -0.2770536011 0.9605604885
1625135558.685028 38.55216638 -18.75029147 0.4351478282 0.01576604926 -0.01179783832 -0.2718144685 0.9621481889
1625135558.786261 38.65258108 -18.84457878 0.4142744894 0.01153507141 -0.01535507967 -0.3097432928 0.9506262442
1625135558.886093 38.74943335 -18.93025236 0.403448525 0.009254584172000001 -0.01706941321 -0.3088802228 0.9509027268
1625135558.98656 38.85117818 -19.02341128 0.4160735942 0.01023334006 -0.006928453097 -0.3262720161 0.9451951369
1625135559.086593 38.94343783 -19.12162405 0.4380352806 0.01016043326 0.008111445958000001 -0.3415793182 0.939763023
1625135559.186207 39.02505902 -19.22320566 0.4462717011 0.01296058206 0.007257081198 -0.3440549758 0.938832004
1625135559.286061 39.10149864 -19.32601192 0.4397821144 0.01263622904 -0.001619595561 -0.3563944506 0.9342487347
1625135559.385476 39.17904984 -19.43204725 0.431596969 0.009683371344 -0.006767146684 -0.3505735029 0.9364607077
1625135559.485008 39.25489337 -19.53541902 0.4345341336 0.002891902892 -0.008820616865 -0.3425201335 0.9394646303999999
1625135559.58499 39.3373276 -19.64014517 0.4516776761 0.005823671069 0.0008991585694 -0.3375256761 0.9412978776000001
1625135559.685199 39.42154254 -19.74335373 0.4635864123 0.007488273988 0.01070444727 -0.3406262038 0.9401080416000001
1625135559.785237 39.51036469 -19.8458241 0.4591615076 0.008280667687000001 0.01248104979 -0.3373678301 0.941253739
1625135559.8851 39.59762789 -19.94734941 0.4475048177 0.0149184761 0.002644058521 -0.3257408491 0.9453376895
1625135559.985864 39.69437916 -20.04982948 0.4459302335 0.01993360231 -0.003875047482 -0.3392343006 0.9404827084
1625135560.086197 39.79203407 -20.15126956 0.4654787945 0.02173917453 -0.00399039054 -0.3456250376 0.9381123699
1625135560.186466 39.88147822 -20.25390294 0.4912062153 0.02046196164 -0.002526194148 -0.353695141 0.9351335058
1625135560.286431 39.96451563 -20.36227509 0.5041184418 0.02017949714 -0.003047331728 -0.3528533428 0.9354560493
1625135560.386663 40.04604807 -20.47366364 0.4994032186 0.02201987835 -0.0117956323 -0.3649843004 0.9306784882
1625135560.486233 40.12344616 -20.58758803 0.4889089377 0.02234152074 -0.02413789482 -0.359667406 0.9325007108
1625135560.586536 40.20533361 -20.70416294 0.4903231468 0.01342561773 -0.02887768742 -0.3766980095 0.9257885512
1625135560.686097 40.28575335 -20.81657851 0.5077503746000001 0.01161259038 -0.02138634932 -0.3782783406 0.9253719624
1625135560.785958 40.37537474 -20.93116459 0.5184464606 0.01448608804 -0.01241460809 -0.3825381741 0.9237427002
1625135560.885719 40.46020926 -21.04681915 0.5080214285 0.01305703532 -0.01242010006 -0.3867156147 0.9220229326
1625135560.985689 40.54951682 -21.16332995 0.48844853 0.01241846323 -0.01525198644 -0.3878083874 0.9215301478
1625135561.086183 40.63981638 -21.28215152 0.4799314983 0.01550394342 -0.01581821216 -0.4068914313 0.9132079583
1625135561.186723 40.73377652 -21.40461219 0.4933599881 0.02113041687 -0.00449810658 -0.4282841526 0.9033858296
1625135561.286369 40.81213956 -21.52232805 0.5138627647 0.02216177748 0.01013805346 -0.4313915303 0.9018355854
1625135561.385937 40.88099349 -21.63610557 0.5189254572000001 0.01831732319 0.007522357734 -0.4235594382 0.9056518603
1625135561.486187 40.94252136 -21.75315279 0.5090457566 0.01114432264 -0.003025970444 -0.4360812149 0.8998332188
1625135561.586317 41.00118301 -21.86890465 0.5027164102 0.004414890029 -0.007534085408 -0.4457563368 0.8951117441000001
1625135561.686056 41.05442818 -21.98533791 0.5094804041 0.0005762513112 -0.01582868316 -0.4443498488 0.8957133094
1625135561.786599 41.11175248 -22.1089325 0.5247636702 0.01060459405 -0.01397753242 -0.4626620551 0.8863610968
1625135561.886465 41.17173012 -22.22836551 0.5299237997 0.01713210622 -0.005682219284 -0.4670666239 0.8840378794
1625135561.98693 41.23565158 -22.34991107 0.5162916813 0.01797813759 -0.002971182414 -0.4853620954 0.8741233294
1625135562.08776 41.30080645 -22.46790805 0.5024500836 0.01627408509 -0.002497553425 -0.5226892557 0.8523642756000001
1625135562.187816 41.36691372 -22.58352331 0.5051747197000001 0.02080756853 -0.002728497384 -0.5479110234 0.836273347
1625135562.288379 41.43013718 -22.70204483 0.5199371077 0.0251119586 0.00597969247 -0.5924435083 0.8051983123999999
1625135562.388713 41.48175194 -22.82118173 0.5297689635 0.02235089323 0.02116506678 -0.6425676365 0.7656104167
1625135562.488849 41.52282835 -22.94587828 0.5232560033 0.01702174647 0.02702022788 -0.6976247965 0.7157512213
1625135562.587045 41.56758328 -23.06107864 0.5053309285000001 0.01435126216 0.02211733619 -0.7148594583 0.698770935
1625135562.685465 41.6033 -23.18252059 0.4942277534 0.01258997343 0.01491690623 -0.72391831 0.6896094974
1625135562.785375 41.63259641 -23.30937865 0.4995023515 0.01879253481 0.01658325484 -0.7609561815 0.6483190003
1625135562.88481 41.66751949 -23.42573683 0.5113480647999999 0.02721680845 0.01554016897 -0.7828953108 0.6213635657
1625135562.984716 41.70560777 -23.53771482 0.5146919061 0.03046976857 0.005163056926 -0.8038839985 0.5939827043
1625135563.086488 41.73384427 -23.65504715 0.5049312001 0.02959360047 -0.004001128988 -0.8561574563 0.5158513544
1625135563.187387 41.77916749 -23.76438092 0.4956297582 -0.03069907943 0.01003721449 0.8993581412 -0.4360180669
1625135563.286926 41.82236396 -23.87369857 0.5010860854 -0.04067359677 0.01940443739 0.9177161188 -0.3946723345
1625135563.387061 41.86571403 -23.98826902 0.5201827315000001 -0.04443825083 0.01818736804 0.9433644366 -0.3282651387
1625135563.486204 41.90924432 -24.10885902 0.5368359323 -0.0413095192 0.008240879311 0.955990362 -0.290358467
1625135563.585926 41.94634195 -24.23631604 0.5292583053 -0.03357152357 0.007024958175 0.9707180049 -0.2377607152
1625135563.684726 41.98818341 -24.36441018 0.5103350994 -0.02676644319 0.01457547202 0.9758616054 -0.2162527232
1625135563.784343 42.01596522 -24.5023652 0.5048996388 -0.02519383112 0.01504798425 0.9817950313 -0.187662851
1625135563.884064 42.04698263 -24.63756757 0.5251328854 -0.02230175892 0.0094632385 0.9874987133000001 -0.1557541972
1625135563.982864 42.08097222 -24.77838657 0.5471492060000001 -0.01904356017 -0.00199016229 0.984089216 -0.1766403038
1625135564.083675 42.10224206 -24.91963407 0.5538406361 -0.02436429863 -0.008668364414999999 0.9876286285 -0.1546639343
1625135564.184594 42.12942372 -25.05554227 0.5464352407 -0.03303038305 -0.0019834096 0.9916137314 -0.1249290499
1625135564.285288 42.16350212 -25.18773721 0.5466628817 -0.03846056228 0.01299874152 0.9932947937 -0.1082463422
1625135564.386677 42.19502854 -25.3237751 0.5705165013 -0.04117236457 0.01984221909 0.9971103855 -0.06067950115
1625135564.48613 42.22893038 -25.46563207 0.5978385151 -0.03179985094 0.01310845738 0.9972358186 -0.06586091343
1625135564.586162 42.25197437 -25.61221533 0.6063109985 -0.02488273154 0.0006857409732 0.9977102516 -0.06288587503
1625135564.686459 42.26599594 -25.75999475 0.5882783511 -0.02187426559 -0.000399507935 0.9987787262 -0.04429912982
1625135564.786112 42.27242737 -25.91509273 0.5671038546 -0.02569640266 -0.004813885662 0.9987595443 -0.04237799034
1625135564.885462 42.27486775 -26.06928021 0.5680894679 -0.0308402899 -0.01245799756 0.9977461276 -0.05827812295
1625135564.985482 42.28302001 -26.21583405 0.5873234778999999 -0.03291118551 -0.02019835281 0.9979064758 -0.05188011219
1625135565.084617 42.29741654 -26.35632585 0.6009511722 -0.02936569503 -0.02049801987 0.996089208 -0.08076990024
1625135565.184987 42.31280648 -26.49519365 0.5942202996 -0.02472426429 -0.008944472089 0.9965843452000001 -0.07828377955
1625135565.285115 42.33351933 -26.63694223 0.5826848778 -0.02410377551 0.0043247018 0.9960907743 -0.08487328358
1625135565.385736 42.34709816 -26.78643848 0.5906166146 -0.03020909545 0.005946284445 0.9961278463 -0.08234905003
1625135565.486512 42.36052924 -26.93795489 0.6133367813 -0.0321564397 0.0009500049997 0.9974322885 -0.06398351902
1625135565.586804 42.36698697 -27.09222908 0.6264641087 -0.03010923438 -0.01814631793 0.9977517547 -0.05705769968
1625135565.686916 42.36869577 -27.24528354 0.618737992 -0.02707362705 -0.02240874092 0.998282628 -0.04686855816
1625135565.786429 42.37150375 -27.39556199 0.599228784 -0.02561606694 -0.01571738565 0.9982064064 -0.05177597117
1625135565.886063 42.36925861 -27.55062155 0.5911820773000001 -0.02001472292 -0.01287545634 0.998102289 -0.05679308192
1625135565.986078 42.37018195 -27.70790281 0.6046720705999999 -0.02300128757 -0.02510959995 0.9983784564 -0.04561695436
1625135566.085083 42.38185408 -27.86256266 0.6204812095 -0.02170224289 -0.03899038723 0.996600094 -0.06926048692
1625135566.185395 42.39587393 -28.0084152 0.6129112153 -0.01426756168 -0.03475888775 0.9973336311 -0.06256104699999999
1625135566.284948 42.41548409 -28.15254132 0.5923395223 -0.01453662176 -0.02043235569 0.9967954570999999 -0.07596066194999999
1625135566.385071 42.43569266 -28.30256158 0.5883697738 -0.02002411149 -0.01050093247 0.996132351 -0.08490644667
1625135566.485687 42.45234057 -28.45799117 0.6126033631 -0.02711318602 -0.01621846321 0.9963028595 -0.07989022957
1625135566.586521 42.4584631 -28.60429779 0.6398844223 -0.02460459406 -0.02228645915 0.9974442591 -0.06326829921
1625135566.686863 42.45733243 -28.74478516 0.6454561047 -0.02291939285 -0.02126291257 0.9981283579 -0.05255826456
1625135566.786834 42.45348025 -28.88426238 0.6295303986 -0.02093240271 -0.008476171231 0.9987228393000001 -0.04519601041
1625135566.886181 42.45180854 -29.02902405 0.6157462669 -0.01925494902 0.006365482009 0.9981657071 -0.05704339403
1625135566.986083 42.44688821 -29.17692492 0.6196242277 -0.02030434793 0.01433616262 0.9979844689 -0.05838842139
1625135567.085366 42.45443534 -29.32663324 0.640308707 -0.02833659409 0.008035755259000001 0.9967961105000001 -0.07436382354
1625135567.184834 42.46227898 -29.47416911 0.6467153822 -0.0321895441 0.009221834252999999 0.993906682 -0.1050157063
1625135567.285984 42.47203634 -29.61757837 0.6347849456 -0.0304456964 0.01935837781 0.9964422004 -0.07616596338999999
1625135567.385862 42.49006918 -29.75668979 0.6284345159 -0.03075023956 0.03348503543 0.9956156242 -0.08174780683000001
1625135567.486453 42.50017803 -29.89759352 0.6409873254 -0.0413447181 0.04538298357 0.9956485089 -0.0701073882
1625135567.58666 42.51045572 -30.03837956 0.668025247 -0.04108365646 0.03892287691 0.996676437 -0.05859370919
1625135567.68689 42.50448559 -30.18155015 0.6854048009 -0.03256315071 0.02326882685 0.9981501192 -0.0457661721
1625135567.787007 42.4941998 -30.32164726 0.6728848048 -0.02520491487 0.02287536549 0.9991516620000001 -0.02318159312
1625135567.886014 42.4708965 -30.46524438 0.6503758254000001 -0.0271004045 0.02991252805 0.9984564357 -0.03815173232
1625135567.985729 42.43699925 -30.61020812 0.6478901116 -0.03154954988 0.03244637771 0.9983764481 -0.03458795168
1625135568.08568 42.40036002 -30.7588125 0.6673052274 -0.04464742864 0.02489359695 0.9983438468 -0.02639089921
1625135568.185216 42.36968029 -30.90522487 0.6844271695 -0.0509734775 0.01109888777 0.9980884061 -0.03313688204
1625135568.285481 42.34482685 -31.04786709 0.6829018386 -0.04617196322 0.009994483918000001 0.9986614117 -0.02106287883
1625135568.385594 42.32540037 -31.18813574 0.6688941478 -0.0405407535 0.0221399584 0.998891308 -0.009078786588
1625135568.485296 42.30786814 -31.32806283 0.6675124641 -0.04506436686 0.0343271462 0.9983045515 -0.01337431804
1625135568.585922 42.28357814 -31.46696832 0.6843655714 -0.04787486342 0.04087972247 0.9979673371 0.009901507295
1625135568.685753 42.25984538 -31.60564137 0.7032566354000001 -0.04240319511 0.03228808347 0.9984641922 0.0151230128
1625135568.78587 42.22327949 -31.74333382 0.7045298771 -0.03686014968 0.0279844345 0.9986253585 0.02460882452
1625135568.885528 42.18755232 -31.88225139 0.6888145984 -0.03130620609 0.03377215415 0.9986394075 0.02446828143
1625135568.985304 42.14256787 -32.0243403 0.6778620371 -0.02722612867 0.03821754739 0.9986742168 0.02116520191
1625135569.085458 42.09104425 -32.16568745 0.6876302866 -0.0252953794 0.03623035659 0.9985392298 0.0310952011
1625135569.184747 42.05112102 -32.31274103 0.7057733278 -0.0304722212 0.02765055894 0.9990251138 0.01599101017
1625135569.284671 42.00200997 -32.45844083 0.7068641956 -0.03352671831 0.02666571062 0.9990615158 0.006402080882
1625135569.384866 41.96194233 -32.6055536 0.689856797 -0.03514034182 0.03624902352 0.998679391 0.009520434983
1625135569.485264 41.92287289 -32.75163025 0.6771796519 -0.03800505823 0.0471404666 0.9980698225 0.01378482427
1625135569.586113 41.87611746 -32.89471535 0.6855846661 -0.04436297268 0.05514572692 0.9967795997 0.03770020051
1625135569.686251 41.82693748 -33.03312413 0.7077898634000001 -0.04761815631 0.05067090581 0.9965726539 0.04480977675
1625135569.786333 41.76746597 -33.16638405 0.7173928397 -0.05162237388 0.04771264986 0.996193593 0.05154569737
1625135569.886091 41.70683625 -33.30104825 0.6999524233 -0.05286138912 0.05662936288 0.9954142977 0.05611741952
1625135569.985479 41.63789701 -33.43765747 0.6791965594 -0.05186694202 0.06414559667 0.9955937878 0.04458892786
1625135570.085258 41.5701852 -33.57166796 0.6748890674 -0.04900900473 0.06800922171 0.995439583 0.04552910985
1625135570.184916 41.50644769 -33.70483952 0.6860402996 -0.06111599144 0.06946520337000001 0.9949977439 0.03766843163
1625135570.284233 41.45036029 -33.84229136 0.6999019849 -0.06513197604 0.07050370797 0.9953217668 0.01102875597
1625135570.384973 41.39718868 -33.98173257 0.6934612753 -0.05986802099 0.07271972188 0.995287213 0.023043998
1625135570.485346 41.34995404 -34.12423102 0.6733491345 -0.05129790543 0.08133802697 0.9949199132 0.02978282416
1625135570.585759 41.30404469 -34.269135 0.6675100478 -0.05078212641 0.08676957446 0.9940877462 0.04100938283
1625135570.686211 41.24905007 -34.41197114 0.6857989746000001 -0.05482304043 0.07922223746 0.9937817352 0.0558223434
1625135570.78635 41.19458912 -34.54866173 0.7070551309999999 -0.05354566954 0.05817448629 0.9943720257000001 0.07051854321000001
1625135570.886011 41.1353122 -34.68098428 0.7042680006000001 -0.04779168994 0.05140011226 0.9949678943 0.07150435116999999
1625135570.985659 41.07709634 -34.81325233 0.6843587026 -0.03912895445 0.05251205173 0.9948833795000001 0.07693159702000001
1625135571.084942 41.01606778 -34.95109178 0.6715341338 -0.02973477587 0.04772061981 0.9962675497 0.06549469472
1625135571.184794 40.94594298 -35.08322606 0.6787860025 -0.02786612827 0.04575443558 0.996622319 0.06224117404
1625135571.284643 40.89255991 -35.21665158 0.6994030422 -0.03524668065 0.03381165747 0.9968686606 0.06218775403
1625135571.384501 40.83119126 -35.34962802 0.7095147171 -0.03339861233 0.02250739933 0.9979550483 0.04963538366
1625135571.48511 40.78153945 -35.48523927 0.6935013489 -0.03231739827 0.02296302968 0.9969282224 0.06754557343000001
1625135571.585219 40.73498533 -35.6247605 0.6757201359 -0.03397999695 0.02921598212 0.9968107361 0.06603137568
1625135571.686143 40.68671451 -35.76094324 0.6772648627 -0.03710262584 0.03400180371 0.9941803308 0.09525094420000001
1625135571.786184 40.63984646 -35.89753073 0.6920522445 -0.03858113726 0.04048892261 0.9925055709 0.108650056
1625135571.885391 40.58490838 -36.0331328 0.7060558209 -0.04965434188 0.03160789361 0.994305456 0.08883719676
1625135571.985469 40.51898031 -36.16836609 0.6987336219 -0.05822561315 0.02834370766 0.9935111985 0.09349818552
1625135572.085086 40.45666251 -36.30606543 0.6751060604 -0.05674698067 0.03154683344 0.9940162111 0.08784275424
1625135572.185023 40.39209742 -36.44488032 0.6636876493 -0.04981858086 0.03094205565 0.994528908 0.08644622172999999
1625135572.285242 40.32241959 -36.58150492 0.6796757007000001 -0.0534445014 0.02300408368 0.9940603454 0.09197025172999999
1625135572.384995 40.2657853 -36.71742567 0.7047688600999999 -0.05768679633 0.01694482595 0.9947679161 0.08259479135
1625135572.484991 40.20480271 -36.845599 0.7079780902 -0.05966459096 0.01989325654 0.9953814895999999 0.07252644380999999
1625135572.585512 40.14859013 -36.97502803 0.6909094705 -0.05918950642 0.03084831786 0.9942537809999999 0.08369230878
1625135572.685551 40.09592754 -37.10730713 0.6809164583 -0.05772872286 0.04634240372 0.9940436895 0.07998074427
1625135572.785951 40.03587581 -37.2408889 0.6961275066 -0.06319035455999999 0.05468504902 0.9927718064 0.08614328118
1625135572.886569 39.97135007 -37.37470555 0.7218269691 -0.06430652616 0.04466718645 0.9912357476 0.1064011549
1625135572.986588 39.89907495 -37.5059799 0.731771268 -0.06506559922000001 0.02845060468 0.9909906815 0.1135539523
1625135573.086511 39.82596727 -37.63657131 0.7161915323 -0.06565563283 0.02618522633 0.9893771323 0.1270297676
1625135573.185583 39.74919504 -37.7700121 0.6931691625 -0.06426952936999999 0.0295956315 0.9910183159 0.1134734498
1625135573.285356 39.67070136 -37.90526151 0.6896880305 -0.06022599271 0.02324599922 0.9911174022 0.1162701527
1625135573.385012 39.59587054 -38.04383509 0.7090434727 -0.06577455721 0.009133266026 0.9912472708 0.1141014426
1625135573.484356 39.53047398 -38.18257844 0.7255240151 -0.06863713394 -0.001797098622 0.993238129 0.09361481384000001
1625135573.584655 39.46574891 -38.31662942 0.7154721361 -0.06692811068 -0.0002004014589 0.9931694042 0.09557783417
1625135573.685004 39.4047433 -38.44632626 0.6918165641 -0.06316039381999999 0.01415681331 0.9927065502 0.1017057249
1625135573.784964 39.35543249 -38.584769 0.6839096857 -0.06119093399 0.02482439021 0.9931476625 0.09642167649
1625135573.885626 39.28587825 -38.72377182 0.6951752205 -0.06391501873 0.02445269447 0.9922615883 0.1036044233
1625135573.985854 39.22079065 -38.86311574 0.7095928902999999 -0.0656386117 0.00603501478 0.9913865339 0.1131719563
1625135574.084203 39.15851794 -39.00477448 0.7088413193999999 -0.06714407323 -0.002541349931 0.9962055244 0.05531517082
1625135574.183838 39.08974433 -39.14389259 0.6913005099 -0.06503331924 -0.001797500408 0.9976813219 0.01998540325
1625135574.28379 39.02464541 -39.28858916 0.6748627182 -0.06173560945 -0.001706922289 0.9980399175 -0.01010564488
1625135574.384482 38.94655766 -39.42456344 0.67627729 -0.05759800538 -0.004890645737 0.9979329872 -0.02807675952
1625135574.485338 38.88454531 -39.56266446 0.6919021879 -0.06129344037 -0.01401697191 0.9976401244999999 -0.02758297897
1625135574.584595 38.83371452 -39.70120637 0.6997156945 -0.0555719209 -0.01821012821 0.9946404405 -0.08526750229000001
1625135574.685781 38.77508899 -39.83130047 0.6875557552 -0.04797101293 -0.01420087645 0.9948794913 -0.08781750827
1625135574.786105 38.72167985 -39.96192159 0.6700740392 -0.0425872971 0.002604961937 0.9937639591 -0.1030181051
1625135574.885415 38.68230799 -40.09770603 0.6687126465 -0.03601504165 0.0125049577 0.987732598 -0.1514293816
1625135574.986673 38.61906109 -40.23441794 0.6863935759000001 -0.03012336862 -0.002100235635 0.9879564692 -0.1517569987
1625135575.088155 38.5493396 -40.36770281 0.705316713 -0.03039471252 -0.03384915709 0.9930428577 -0.1086106749
1625135575.186376 38.48227763 -40.49727295 0.7005817779 -0.03649651867 -0.03927400247 0.9863310148 -0.1558097756
1625135575.285057 38.40196668 -40.61845967 0.6789830365 -0.03654977342 -0.02397641395 0.9773247931 -0.2071846868
1625135575.384658 38.32626548 -40.7435107 0.6692852211 -0.03037802019 -0.01558591541 0.9725158201 -0.2303198533
1625135575.48259 38.26231218 -40.86594898 0.684607262 -0.02545822705 -0.006129298295 0.9488767143 -0.314558884
1625135575.582395 38.18953472 -41.00079358 0.706592882 -0.03460080746 -0.005001113982 0.9285461521 -0.3695670661
1625135575.683557 38.11649689 -41.14183564 0.709571898 -0.03789302616 -0.01223962054 0.9210214349 -0.3874710656
1625135575.783614 38.05318227 -41.27194802 0.6898699463 -0.0266953193 -0.008947905317 0.8977892813 -0.4395244035
1625135575.884441 37.99308739 -41.40510614 0.6741564419 -0.009693991334 -0.001202834554 0.8776974489 -0.4791156102
1625135575.985815 37.92983526 -41.53940535 0.679226471 0.003992071609 0.0003122156998 0.8662201387 -0.4996465123
1625135576.087344 37.86529626 -41.6716476 0.6980678392 0.004705860011 -0.01097383971 0.8665486542 -0.4989497567
1625135576.186827 37.79064652 -41.79413697 0.7061900675 0.0005315816632 0.01057807375 -0.8406589457 0.5414613179
1625135576.286759 37.70360182 -41.91559351 0.6935926454 0.003078337168 -0.00797386911 -0.8222434727 0.5690717116
1625135576.386366 37.61409526 -42.03483295 0.6738686248 0.00432716892 -0.02394631277 -0.7999695819 0.599546927
1625135576.486746 37.51786168 -42.15938627 0.6687698123 0.005871600276 -0.02517882535 -0.7933431049 0.6082255084
1625135576.587939 37.42514765 -42.29144571 0.6887970603 0.02024144268 -0.01667963311 -0.8118138851 0.583326915
1625135576.688051 37.34179094 -42.41868805 0.7047656975 0.02700511948 -0.0009361095327 -0.8243540946 0.5654291943999999
1625135576.787277 37.26353172 -42.54581818 0.6915622076 0.02881222446 0.004736382119 -0.8246150251 0.5649402471
1625135576.886647 37.18160222 -42.67353342 0.6654262329 0.02846790025 -0.002458017184 -0.826840616 0.5617100075
1625135576.987183 37.09014366 -42.80582729 0.6500537595 0.03388564152 -0.006719045517 -0.8534556563 0.5200192885
1625135577.086845 36.99783298 -42.93633165 0.6579259649 -0.04439520865 0.007330036623 0.871198171 -0.4888650967
1625135577.185876 36.90534236 -43.06371827 0.6758630814 -0.05935341613 -0.0120990905 0.8761959976 -0.4781332008
1625135577.285026 36.81005395 -43.18660749 0.681324874 -0.06271454459 -0.01695411339 0.8814736994 -0.4677430504
1625135577.383979 36.7141788 -43.29539737 0.6702121443 -0.05477609063 -0.009852133561999999 0.8818044717 -0.4683197509
1625135577.483085 36.61883626 -43.40782548 0.6608563732 -0.04856402694 -0.005513480412 0.8754847856 -0.4807676434
1625135577.583026 36.52125935 -43.52497877 0.6700934372 -0.0551670083 -0.01079960418 0.874948778 -0.4809413744
1625135577.682966 36.42892749 -43.64713783 0.690288996 -0.07250769915999999 -0.01901531606 0.867067089 -0.4925197605
1625135577.783926 36.3358748 -43.77555313 0.6936531449 -0.07627764864 -0.02708018971 0.8688018064 -0.4884995444
1625135577.885119 36.25320586 -43.89786456 0.6727530274 -0.06031025667 -0.02381594455 0.879208913 -0.4720033486
1625135577.985199 36.18242852 -44.01228631 0.652040305 -0.04858536034 -0.01550839019 0.8738983674 -0.4834258951
1625135578.086144 36.10517587 -44.13697142 0.6519359850000001 -0.03587083438 -0.01267631093 0.8796222788 -0.474148965
1625135578.187368 36.02807697 -44.26516233 0.6716065637999999 -0.02979647456 -0.02779353635 0.8975905673 -0.4389428925
1625135578.286523 35.94758597 -44.37231246 0.6866015763 -0.03238121592 -0.04130072634 0.8904258318 -0.4520924075
1625135578.386585 35.85089153 -44.48668646 0.6787593296 -0.03357537711 -0.03645222383 0.8930327423 -0.4472543467
1625135578.486665 35.75309181 -44.59413902 0.6592983985999999 -0.02614598788 -0.02384548671 0.9033993194 -0.4273376298
1625135578.585773 35.65437453 -44.70356865 0.6515289509 -0.0230178728 -0.01765572111 0.8974106935 -0.4402414114
1625135578.685721 35.55435252 -44.8230927 0.6673886411 -0.03369564504 -0.01486714439 0.8996594369000001 -0.4350361699
1625135578.785189 35.4641747 -44.93817704 0.6870793099 -0.04313353385 -0.01334321623 0.8953745145999999 -0.4430191142
1625135578.884736 35.38051111 -45.05785285 0.686687798 -0.04129083658 -0.01105387002 0.8865494751 -0.4606548675
1625135578.985189 35.29533359 -45.18394933 0.6664575058 -0.02862286212 -0.003648810736 0.8889631855 -0.4570687834
1625135579.085484 35.21952345 -45.30646702 0.6558903428 -0.02323374 0.0009898812382000001 0.8904764699 -0.4544346707
1625135579.185505 35.13440971 -45.43470033 0.6695188305000001 -0.0356060027 0.003481391513 0.8836430017 -0.4667923929
1625135579.286912 35.03944955 -45.55777192 0.6946936643 -0.04314341657 -0.003465953718 0.9019055396 -0.4297592704
1625135579.38626 34.94905581 -45.65924653 0.7090845025 -0.04197402537 -0.005782229843 0.8964409654 -0.4411330214
1625135579.486443 34.84960311 -45.76577124 0.7055766919000001 -0.03029492417 -0.003647539935 0.8984142496 -0.4380876045
1625135579.586487 34.74685325 -45.87393877 0.7022487892 -0.01931770651 -0.001903266939 0.9026888427999999 -0.4298558559
1625135579.685761 34.64722952 -45.97599504 0.7123852754 -0.006739086801 -0.003840650069 0.8950995676 -0.4457988316
1625135579.785807 34.5449201 -46.09307293 0.7327186829 -0.01748258813 -0.004775095203 0.8947650606000001 -0.4461692995
1625135579.88557 34.44679875 -46.20856383 0.7449524297 -0.03163751505 -0.01207937969 0.8940026137 -0.4467801282
1625135579.98498 34.34878376 -46.32418034 0.7327871889999999 -0.03497871711 -0.0138242478 0.8827981673 -0.4682443544
1625135580.085954 34.2448571 -46.44884011 0.7100493877 -0.03149490247 -0.01080027817 0.8934639233 -0.4478991436
1625135580.185885 34.14839223 -46.56309417 0.7027878862 -0.03238602229 -0.008568425902 0.8936810376 -0.4474504785
1625135580.286314 34.04624833 -46.68204063 0.7186992153 -0.04112118519 -0.01598774347 0.8967164268 -0.4404010559
1625135580.387021 33.93839226 -46.78820719 0.7417277104 -0.04610392884 -0.02618163776 0.9105628983 -0.4099562877
1625135580.486481 33.83289523 -46.88920531 0.7440612418 -0.04283907976 -0.02539325406 0.910820176 -0.4097884854
1625135580.585725 33.726176 -46.98563501 0.7313542191 -0.0365433061 -0.0219708139 0.907004078 -0.4189576025
1625135580.685099 33.62397807 -47.08543463 0.7290391225 -0.02314292684 -0.02149456738 0.9019464974 -0.4306911938
1625135580.784678 33.52376438 -47.18886937 0.7491177106 -0.02141243682 -0.02124270727 0.8958732528 -0.4432847503
1625135580.884348 33.4292642 -47.29121593 0.7729724286 -0.02918316367 -0.01983427744 0.8877060227 -0.4590565996
1625135580.984445 33.33297404 -47.39956046 0.7744620062000001 -0.03253835283 -0.01855946626 0.8800575385 -0.4733872947
1625135581.085326 33.23665492 -47.50662525 0.7549749991 -0.03003678698 -0.01067495002 0.8841577451 -0.4660996875
1625135581.186054 33.14977722 -47.61925877 0.7404355454 -0.02598807941 -0.009782787945 0.8881113601 -0.4587887628
1625135581.286996 33.06204829 -47.73726712 0.7499940228999999 -0.01781637425 -0.009827734939999999 0.8981403681 -0.4392378303
1625135581.387355 32.97225725 -47.85017877 0.7715044798 -0.01627513689 -0.01262643286 0.9072177123 -0.420156775
1625135581.486969 32.87329503 -47.96104326 0.7829429126 -0.02576430158 -0.01904031427 0.907228195 -0.4194170591
1625135581.58688 32.76564164 -48.07564531 0.773652789 -0.03045184296 -0.01543690461 0.9139813413 -0.4043173197
1625135581.68561 32.65795893 -48.18466018 0.7562159952 -0.03117921681 -0.006851197758 0.906982783 -0.4199561274
1625135581.785045 32.55192455 -48.30409858 0.7492959594 -0.03071778875 -0.006865086702 0.9038587267 -0.4266716421
1625135581.884668 32.4485813 -48.42197048 0.7612662295 -0.03967761269 -0.007414835814 0.9025736739 -0.4286390911
1625135581.984151 32.35396333 -48.54657514 0.7710166799 -0.04910734547 -0.01723980728 0.8942120574 -0.4446077531
1625135582.08436 32.25765804 -48.67479181 0.7580601708 -0.04770775983 -0.02395787706 0.8919368928 -0.4489972928
1625135582.184604 32.16416781 -48.79493025 0.7352408246 -0.03918944987 -0.01038890335 0.8898086337 -0.4545292655
1625135582.285467 32.06510283 -48.91741441 0.7247656241 -0.0343746127 0.002708535548 0.8934735643 -0.4477901737
1625135582.386935 31.95810726 -49.04511571 0.7364960285 -0.04462856639 -0.001469349216 0.9098962824 -0.4124256143
1625135582.486974 31.84952487 -49.15454599 0.7515505573 -0.05570480776 -0.01421759229 0.9128496014 -0.4042282024
1625135582.586752 31.73740608 -49.2559576 0.7515702837 -0.05391074698 -0.01162544252 0.9134812556 -0.4031258813
1625135582.686701 31.62255843 -49.35129046 0.7373821755 -0.04264478232 -0.002973214132 0.9207603118 -0.3877796162
1625135582.786003 31.51095721 -49.45969141 0.726655371 -0.03245342252 -0.00754130505 0.920038775 -0.3904081923
1625135582.884948 31.40327835 -49.5658818 0.7335286692 -0.02602873002 -0.01217805958 0.9132682342 -0.40634386
1625135582.984274 31.29962432 -49.67679254 0.7512300372 -0.0412248933 -0.0128922973 0.9049571169 -0.4233047524
1625135583.084147 31.19362211 -49.78683544 0.7576003329 -0.04878659176 -0.01517647925 0.9006949662 -0.4314372734
1625135583.184465 31.08771599 -49.89882967 0.7404714267 -0.04418143951 -0.01496500102 0.9001474629 -0.4330803553
1625135583.285249 30.98716822 -50.01672712 0.7219886055 -0.03416618655 -0.01693542676 0.9068679463 -0.4196860625
1625135583.385544 30.88775011 -50.13332117 0.7223691764 -0.0187640528 -0.01482412494 0.9087414612 -0.416673868
1625135583.486009 30.78432442 -50.24908701 0.7368078675 -0.01863951275 -0.01872896409 0.916014714 -0.4002734543
1625135583.585588 30.67594061 -50.35858592 0.7481891436 -0.03262152159 -0.02621058444 0.9126136947 -0.4066756518
1625135583.685756 30.56056626 -50.47363219 0.7371813230000001 -0.03648030375 -0.02421021391 0.9163284601 -0.3980266402
1625135583.785393 30.44230681 -50.58053734 0.7164940062 -0.03393173053 -0.01581550602 0.9161245548 -0.3991419641
1625135583.885038 30.32654442 -50.68306315 0.7118844654000001 -0.0285995874 -0.009676668790999999 0.9134526707 -0.4058234149
1625135583.985259 30.20478203 -50.79635275 0.7311666407 -0.04363045369 -0.008444259651 0.9153413491 -0.4002190559
1625135584.08548 30.08670334 -50.91002933 0.7461055877 -0.05656090019 -0.02069566276 0.91833269 -0.3912002359
1625135584.185383 29.97828214 -51.02311656 0.7396926594 -0.05110408081 -0.02499004365 0.9171486658 -0.3944644413
1625135584.28504 29.86704501 -51.12390305 0.728946227 -0.04175871459 -0.008597149242 0.9131157861 -0.4054649922
1625135584.385056 29.74786538 -51.22231385 0.7317050299 -0.03714933659 0.007564839646 0.909304462 -0.4144008872
1625135584.486688 29.62135844 -51.33356811 0.7424782636 -0.0441968633 0.00021396332 0.926526751 -0.3736238364
1625135584.587117 29.49920997 -51.42662756 0.7548213575 -0.05804736547 -0.01384239626 0.9374474338 -0.3429740519
1625135584.686541 29.37918567 -51.51037029 0.752486222 -0.05629731984 -0.009702693280000001 0.9372405072 -0.3439719483
1625135584.786739 29.26005274 -51.5895421 0.7383175021 -0.04250409643 -0.003328095901 0.9478751262 -0.315776932
1625135584.885831 29.14902899 -51.66535253 0.7284535729 -0.02503950178 -0.0008950733562 0.9489649382999999 -0.3143847453
1625135584.984805 29.03622675 -51.74243833 0.7414837935 -0.02284604968 0.004471482407 0.9446105371 -0.3273667623
1625135585.084895 28.91880625 -51.825076 0.7626667434 -0.03609927309 0.006487367042 0.9495124579000001 -0.3115779981
1625135585.184955 28.80140021 -51.90986215 0.7643613486 -0.04015074522 0.00228625841 0.9530721247 -0.3000603537
1625135585.285201 28.68320895 -51.99341912 0.7442147324 -0.03885206101 0.01053838722 0.9587560077 -0.281365203
1625135585.384955 28.56933203 -52.07403764 0.7255769457 -0.03387476736 0.02462517904 0.9593794487 -0.2789931436
1625135585.485039 28.44967881 -52.15299222 0.7303918605 -0.02603022746 0.04155021924 0.9607303653 -0.2731175053
1625135585.58515 28.32746709 -52.22623363 0.7490573916 -0.0269239401 0.05037697942 0.9633818186999999 -0.2619784969
1625135585.684279 28.20548595 -52.29092835 0.7644066212 -0.03173699984 0.05523872703 0.9554773217 -0.2881050739
1625135585.784356 28.07906192 -52.35908469 0.7585884909 -0.02589725604 0.05989371962 0.9526597215 -0.2969537498
1625135585.884229 27.94937247 -52.43256251 0.7431221868 -0.01915654531 0.05524735925 0.9486715194999999 -0.310810399
1625135585.983384 27.82424133 -52.50524178 0.7358755251 -0.01381082637 0.0437817477 0.9329860683 -0.3569725704
1625135586.083157 27.69796293 -52.56872301 0.7450591486 -0.01935327306 0.04124818062 0.9142052037 -0.4026821128
1625135586.184778 27.563934 -52.63496596 0.7564117824 -0.03016340371 0.04176118738 0.9167604294 -0.3961016124
1625135586.285576 27.4334141 -52.70119696 0.7494503265 -0.03222389361 0.03944849839 0.9159967259 -0.3979389838
1625135586.385314 27.30680036 -52.76534152 0.7237905937 -0.02431853544 0.04325567409 0.901669116 -0.4295699718
1625135586.485732 27.18206204 -52.837225 0.7012258067 -0.01704739366 0.03965086694 0.8948708933 -0.4442333615
1625135586.586646 27.05223062 -52.91700656 0.7027331226 -0.01890018307 0.02687672037 0.8975326629 -0.4397221214
1625135586.687937 26.9148193 -52.99235833 0.7174007579 -0.03359770952 0.01367446584 0.9139225211000001 -0.4042645523
1625135586.787167 26.78157442 -53.05363823 0.7235112183 -0.0426757903 0.009454436603000001 0.9095237417000001 -0.4133472559
1625135586.886602 26.64660307 -53.1154266 0.7112296886 -0.04117168676 0.009330560662 0.9069374617 -0.4191446926
1625135586.985372 26.50878414 -53.16914155 0.6952202843 -0.04060934242 0.01349123182 0.897456449 -0.4390225394
1625135587.084273 26.36592863 -53.22162624 0.6903374587 -0.04679996253 0.0187423796 0.8823655833 -0.467856243
1625135587.184121 26.215454 -53.28141251 0.695925887 -0.07271699592 0.02926222884 0.8745570631 -0.4785456132
1625135587.284319 26.06533091 -53.340477 0.6964313276 -0.09723609032 0.02969892283 0.8693322594 -0.4836574608
1625135587.385636 25.92241214 -53.40466536 0.6822851988 -0.1011670997 0.02051083076 0.8808484241 -0.4620071184
1625135587.486738 25.78646533 -53.46008088 0.6619703419 -0.08688112358 0.01651044096 0.8992379087 -0.4284276593
1625135587.58726 25.65178581 -53.5126607 0.6572134055 -0.07589423362 0.01723391202 0.9123915232000001 -0.4018516716
1625135587.688232 25.5097314 -53.56394802 0.6704553355 -0.0742828375 0.01226165565 0.93713549 -0.3407473921
1625135587.787789 25.3685303 -53.60842165 0.6891961054 -0.08171205421 0.001526579566 0.9496856679 -0.302354001
1625135587.886619 25.22760888 -53.64441908 0.6865926512 -0.08434737414 0.003310872278 0.9559278349 -0.2812054997
1625135587.985505 25.08222884 -53.67486009 0.6673559403 -0.08615575784 0.008683072562 0.9612308816 -0.2617956873
1625135588.085141 24.93563316 -53.7082257 0.652478427 -0.08791016967 0.005066998226 0.9704312470000001 -0.2247427919
1625135588.184561 24.7847549 -53.74298135 0.6555580138 -0.105716024 0.001185731558 0.9750025337 -0.1954297204
1625135588.283651 24.63937807 -53.78423247 0.66444397 -0.130938046 -7.183750624999999e-05 0.973867063 -0.1855752315
1625135588.38319 24.49420493 -53.82516409 0.6531918105 -0.143567619 0.002842746266 0.9738445019999999 -0.1760884538
1625135588.483778 24.34757279 -53.86857584 0.6183210934 -0.1499585035 0.002416220651 0.9788149083 -0.1393843047
1625135588.583883 24.20307801 -53.92004112 0.5829706213 -0.1606562058 0.0005864675746 0.9797458276 -0.1195297152
1625135588.684365 24.04663219 -53.97246144 0.561487324 -0.1810967298 -0.009273947243 0.9784645598 -0.09861578812000001
1625135588.785011 23.89486628 -54.02300445 0.5462274394 -0.211361206 -0.0356689206 0.9745474218 -0.06566194710000001
1625135588.88435 23.74789038 -54.06326007 0.5232514657 -0.2377472408 -0.04106310752 0.9675138601 -0.07554469719
1625135588.98427 23.60426767 -54.09355787 0.4870146578 -0.2520357614 -0.03603825907 0.9645561667 -0.06935863426
1625135589.083529 23.45744643 -54.12188316 0.4490800403 -0.2624525498 -0.02023646282 0.960399165 -0.09133777172
1625135589.183483 23.30636085 -54.14569676 0.4272671968 -0.267518549 -0.005395758289 0.9582533680999999 -0.1007729841
1625135589.283868 23.1510801 -54.16920355 0.4194427379 -0.288775414 0.007599311881 0.951688101 -0.1041190145
1625135589.384501 23.00380683 -54.1916864 0.4117228319 -0.302887368 0.01168611557 0.9474473084 -0.1023048129
1625135589.485166 22.86312573 -54.21809607 0.3957250748 -0.29984316 0.01403912517 0.9489892013 -0.09652190563
1625135589.585824 22.72653515 -54.24863392 0.3763830966 -0.2832663026 0.01651158442 0.955111189 -0.08514802451
1625135589.686859 22.58605004 -54.28244198 0.3674902948 -0.2716923938 0.01116263477 0.9609674127 -0.05099284717
1625135589.786891 22.44479849 -54.31720608 0.3733345961 -0.2773435155 0.001868768254 0.9603198525 -0.02937453155
1625135589.886188 22.29587778 -54.3466976 0.3814295166 -0.2918500481 -0.002129481307 0.956035138 -0.02856273182
1625135589.985268 22.15249899 -54.37215047 0.3786204418 -0.291479284 0.005797761793 0.9560962299 -0.02976931442
1625135590.084029 22.00374395 -54.39460894 0.3683037989 -0.281665523 0.01753449093 0.9579819058 -0.05126151615
1625135590.184106 21.85291281 -54.41710088 0.3676942457 -0.2694173099 0.01242678403 0.9619235216000001 -0.04430605761
1625135590.283511 21.70166532 -54.43596892 0.3819132176 -0.2640065279 0.02175980863 0.9622402255 -0.06261639111
1625135590.383768 21.55248318 -54.45665431 0.3898043519 -0.2754195563 0.02777462941 0.9586292898 -0.06635150821999999
1625135590.484421 21.40529498 -54.48339757 0.3851254145 -0.2749418594 0.02340218975 0.9591122568 -0.06295228553
1625135590.585493 21.25641672 -54.51417955 0.3676336257 -0.2647314827 0.0133170264 0.9632367517 -0.0437591025
1625135590.686145 21.10390576 -54.5386255 0.3597739522 -0.2591164481 0.01041398282 0.9654496682 -0.02563500442
1625135590.786612 20.94873332 -54.55869569 0.3708655498 -0.2536011219 0.01782859227 0.9671444897 0.0003851149067
1625135590.885893 20.8025109 -54.57178948 0.3858090006 -0.268811926 0.02465860341 0.9628602412 -0.005679585564
1625135590.98564 20.6533896 -54.58035294 0.3870585426 -0.2675958255 0.03536614978 0.9628770684 -0.003075848351
1625135591.085151 20.51265401 -54.59061704 0.3780437064 -0.2530813848 0.04545612843 0.9663730288 -0.002592714391
1625135591.184855 20.36517728 -54.60450358 0.3699989082 -0.2412176416 0.04587739069 0.9693440525 -0.009023434108
1625135591.284983 20.21170297 -54.61592002 0.3757491232 -0.2399688094 0.04066475477 0.969927944 -0.00106385538
1625135591.384854 20.06057228 -54.63069045 0.3901939008 -0.2520101556 0.04147435835 0.9668353711 0.0003525456075
1625135591.484635 19.91442058 -54.65300786 0.3980879547 -0.2455960878 0.03618976165 0.9686783524 -0.00592557814
1625135591.584821 19.77336916 -54.67626474 0.3901805301 -0.2277330209 0.02961947336 0.9732725947 0.0009023954811
1625135591.68499 19.63092162 -54.69923674 0.3794198269 -0.2121220842 0.0278363558 0.9768158079 0.007761195918
1625135591.785769 19.47479972 -54.71789612 0.3779331708 -0.2055490729 0.02506640233 0.9777242548 0.03430066454
1625135591.885795 19.32595518 -54.7308358 0.3879271602 -0.2207881835 0.01729836492 0.9739064669 0.04959373367
1625135591.984964 19.17888455 -54.73023985 0.3947383626 -0.2303001909 0.03005464526 0.9719860594 0.03607825718
1625135592.084877 19.03612151 -54.72142463 0.3845571882 -0.224579729 0.04490966736 0.9722877619 0.04694225287
1625135592.184459 18.89202782 -54.71057819 0.3686861469 -0.2128812913 0.05927743857 0.9743293325 0.04301270588
1625135592.284542 18.74322786 -54.69563722 0.3674496143 -0.20849112 0.06195482901 0.9748860199 0.0478570812
1625135592.384838 18.5906171 -54.68149642 0.3846028188 -0.2207403044 0.06359764992 0.9715908814000001 0.0569228965
1625135592.484813 18.44730157 -54.67368683 0.4057637262 -0.2211860928 0.0574729733 0.9718819282 0.05673700106
1625135592.585084 18.30993839 -54.66906566 0.4124274006 -0.2060468059 0.05241888566 0.9750139439 0.06437999237
1625135592.685463 18.16964656 -54.66421993 0.4043733733 -0.1889147767 0.05404225065 0.9772176198 0.08022696456
1625135592.785671 18.02521433 -54.65814866 0.4052742334 -0.1789646436 0.05644028068 0.9774107881 0.09723323706000001
1625135592.886061 17.86900844 -54.64804297 0.4172293094 -0.1828051122 0.05675988407 0.9738021999000001 0.1227594481
1625135592.985714 17.72261751 -54.63250508 0.4314427376 -0.1961805154 0.05269451715 0.9699011603 0.1342692537
1625135593.085168 17.57757932 -54.61141952 0.4423284008 -0.1882537828 0.05402473334 0.971110027 0.1363347235
1625135593.18464 17.44172676 -54.58755545 0.4489701729 -0.1604255356 0.05480269311 0.9754864978 0.1403082495
1625135593.284204 17.3046518 -54.56288734 0.457367259 -0.1320221226 0.05420715546 0.9802641222 0.1367991016
1625135593.384494 17.16408429 -54.53664412 0.4817027403 -0.1230475606 0.05551810704 0.9792143885 0.1513810393
1625135593.484159 17.02950973 -54.51749496 0.5175149254 -0.11810164 0.05776740347 0.9806058029 0.1453519488
1625135593.584561 16.88703176 -54.49866869 0.5461027552 -0.1035360487 0.05060854151 0.9811473344 0.1551417751
1625135593.685135 16.74927952 -54.48305536 0.5621624903 -0.07310831337 0.03974918994 0.9806039315 0.1774573355
1625135593.785371 16.61765334 -54.47721915 0.5810039692 -0.04256468525 0.03490307372 0.9793174179 0.1946982745
1625135593.88508 16.48507845 -54.46411575 0.6109594916 -0.01876078802 0.04132430766 0.9794944938 0.1962928196
1625135593.985366 16.3513263 -54.4468489 0.6474724945 -0.01132909437 0.0364752751 0.9754729833 0.2167802223
1625135594.084791 16.22202642 -54.42361943 0.6739253055 0.001077889706 0.02846776686 0.9767236529 0.2126013411
1625135594.184412 16.09300596 -54.39436686 0.6809353926 0.0236080347 0.02538164394 0.9770326073 0.2102515567
1625135594.284022 15.96114057 -54.35657458 0.6785959757 0.04424885699 0.02599390634 0.9777062826 0.2036093818
1625135594.383795 15.83438732 -54.31909805 0.6845639245 0.06323739925000001 0.02093827706 0.9780284149 0.1975425008
1625135594.484264 15.69656232 -54.27912382 0.7047528434 0.0590627866 0.02312675142 0.9767919692 0.2045829649
1625135594.584659 15.55786929 -54.24290527 0.7206618684 0.04414514813 0.01487603569 0.9748685947 0.2178557608
1625135594.685101 15.41203096 -54.20003166 0.7105613324 0.04026042012 0.008008665095000001 0.9716278957 0.2329252931
1625135594.785303 15.27400488 -54.16239883 0.6864619325 0.05113643702 0.01073802594 0.9670488045 0.2491713654
1625135594.88476 15.13223951 -54.12187132 0.6797455062 0.05472391176 0.01620155995 0.9684739279 0.2424892862
1625135594.985289 14.97971139 -54.07234244 0.6964857268 0.03832563853 0.01649491385 0.9612220319 0.272600933
1625135595.084191 14.84509748 -54.02282137 0.7115071597 0.02061921323 0.01446293868 0.9644747742000001 0.2629716362
1625135595.183315 14.7142847 -53.96816054 0.707957069 0.02274395193 0.01891420713 0.9698827427 0.2417693755
1625135595.283103 14.59033029 -53.9109215 0.6918565674 0.03289025254 0.0224530912 0.9706640759 0.2371188345
1625135595.382999 14.4593629 -53.8507024 0.6849392141 0.03519574528 0.01802387496 0.9739812683 0.2231521644
1625135595.483785 14.3258368 -53.79054159 0.6979070364 0.03304060891 0.02159648155 0.972041018 0.2314695864
1625135595.584089 14.19840663 -53.73788065 0.7193520216 0.02263739255 0.02830088719 0.9727498943 0.2290070989
1625135595.684448 14.05432585 -53.68609211 0.7208552843 0.009885956418 0.02465608074 0.9747062162 0.2219056956
1625135595.785419 13.90989816 -53.64078838 0.7020641797 0.00662575623 0.02277766707 0.9696946217 0.2431658238
1625135595.884617 13.77514271 -53.60660144 0.6880782013 0.005024282596 0.0252850142 0.9769464978 0.2119220732
1625135595.985971 13.62168735 -53.55402017 0.6994975131 -0.007829675524000001 0.03702126111 0.9704584174999999 0.2382825682
1625135596.086726 13.49164166 -53.49621807 0.7246122467 -0.02013809777 0.03735456554 0.9602002855 0.2760697471
1625135596.186279 13.36792215 -53.43015684 0.7418419958 -0.03020867576 0.036894344 0.9585973479 0.2807443104
1625135596.28615 13.24520651 -53.35960822 0.7367758912 -0.03090807169 0.03641013223 0.9517731427 0.3030624987
1625135596.384743 13.126362 -53.29418369 0.72651409 -0.02765666912 0.03608093193 0.956851043 0.2870006211
1625135596.483913 13.00122244 -53.2258361 0.7281142091 -0.02399968317 0.03068059046 0.9610309 0.2736828928
1625135596.583874 12.87181446 -53.15899271 0.7475163502 -0.03041570504 0.02839759847 0.9600137228 0.2768431206
1625135596.683374 12.75019486 -53.10144597 0.7658214383 -0.03514971593 0.02872140376 0.9646703035999999 0.2595202956
1625135596.783739 12.61867218 -53.04357893 0.7668785937 -0.03225934807 0.02864264807 0.9655302906 0.2566908474
1625135596.884218 12.48914091 -52.98848971 0.7575324245 -0.02577937306 0.02755524065 0.964457361 0.2615303642
1625135596.984885 12.3551207 -52.93156486 0.7590595212 -0.02195494783 0.0225449606 0.9629656284 0.2677814472
1625135597.085993 12.2176769 -52.87246144 0.7766376270999999 -0.015405657 0.0186265667 0.9543089833 0.2978423764
1625135597.18562 12.09333715 -52.81322142 0.7961214126 -0.02549401345 0.0162798117 0.9555203611999999 0.2933698388
1625135597.285426 11.963364 -52.74488076 0.8010342415 -0.02851052137 0.01948627882 0.9566769365 0.2890963062
1625135597.385222 11.8442794 -52.67442345 0.7879715805 -0.02031131061 0.02297047987 0.9555370025 0.2932726456
1625135597.484736 11.71380379 -52.59971339 0.7739296809 -0.01770745016 0.02328824077 0.959220426 0.2811410293
1625135597.584903 11.5913789 -52.52843511 0.7752336214 -0.01829174826 0.01726536957 0.9556548713 0.2934128252
1625135597.684468 11.46930409 -52.46060178 0.7868356063 -0.02185438271 0.01775185192 0.9586261605 0.2832722051
1625135597.784534 11.34571232 -52.38723606 0.7911126724999999 -0.02553885234 0.02002078244 0.9580342991 0.2848108445
1625135597.884574 11.22047134 -52.30992967 0.7763510426 -0.02563025312 0.0268422666 0.9575913476 0.2857295816
1625135597.984632 11.0888403 -52.23265153 0.7536600036 -0.01991226085 0.0332909904 0.958034803 0.2840150138
1625135598.084898 10.95642803 -52.1546098 0.7439105541 -0.02177088211 0.03806964492 0.9559315879 0.2902955908
1625135598.18575 10.81502037 -52.06814698 0.7491594638 -0.03764935676 0.04175657533 0.9471249329 0.3159007372
1625135598.285909 10.69342896 -51.97845874 0.7563972523 -0.05640475615 0.04236709077 0.9396583318 0.334762233
1625135598.385754 10.56975805 -51.88629694 0.7503014046000001 -0.06074981295 0.04302360853 0.9360035962 0.3440286286
1625135598.485387 10.45729528 -51.79734255 0.7328247349 -0.05115085769 0.04237692683 0.9319426554 0.3564697362
1625135598.584375 10.34200402 -51.71209903 0.7209054593000001 -0.04294950025 0.0391332519 0.9375314361 0.3430141913
1625135598.684165 10.2180621 -51.62579806 0.7297174235 -0.05046646595 0.03379795105 0.9356575174 0.3476432718
1625135598.783324 10.10215374 -51.54857711 0.748335032 -0.05855623948 0.03092619522 0.9416370669 0.3300520741
1625135598.883322 9.97398415 -51.46995604 0.749810204 -0.05570497442 0.02798008306 0.9436985175 0.324880253
1625135598.983445 9.860011267999999 -51.39272248 0.7368634511 -0.04445108977 0.03253264373 0.9435451895 0.3266316014
1625135599.083494 9.744782823 -51.31558126 0.728706807 -0.03394757538 0.03572307662 0.9480336152 0.31433054
1625135599.185061 9.629889745 -51.23364121 0.7362578193 -0.01390430891 0.03384235324 0.9355205085 0.3513726562
1625135599.285084 9.526628713999999 -51.15116412 0.7501510731 -0.009116572938 0.03702593134 0.9332394885 0.3572254548
1625135599.385262 9.416519900999999 -51.05658271 0.7598536514000001 -0.0228544068 0.03846327687 0.9304205844 0.3637523725
1625135599.485599 9.302497708000001 -50.95551679 0.7468658398 -0.02629925738 0.03818738661 0.9217203029 0.3850737018
1625135599.584744 9.198956044000001 -50.85711184 0.7205521929000001 -0.01695093433 0.04090741028 0.9255369601 0.3760592841
1625135599.684355 9.102133714000001 -50.75781518 0.7097560667 -0.005238173769 0.03926866992 0.9267300443000001 0.3736334541
1625135599.784399 9.002195662 -50.65609745 0.7263315027 -0.0075725512 0.04755509968 0.922748571 0.3823823266
1625135599.883871 8.905522682999999 -50.55590015 0.7450761465 -0.01510743146 0.04747089436 0.9260594197000001 0.3740751675
1625135599.984101 8.799482261 -50.45426715 0.7421327633 -0.01649557101 0.0385642097 0.9235532017 0.3811694917
1625135600.084351 8.694168416 -50.3545283 0.7272882456999999 -0.008540809224999999 0.03183022636 0.9182569993 0.3946111687
1625135600.18434 8.591188935 -50.24582686 0.721046117 -0.00809312391 0.02872657558 0.9164852783 0.3989536563
1625135600.284813 8.486840115 -50.13211821 0.7298873878 -0.01362213415 0.03033031735 0.9075809576 0.4185586156
1625135600.384714 8.392813544999999 -50.02066549 0.7426274877 -0.03807577272 0.03496551056 0.9021482948 0.4283177592
1625135600.484365 8.307995861 -49.90456132 0.7406132105 -0.04497910543 0.0386568873 0.9016654063 0.428348013
1625135600.5844 8.228188798 -49.79083702 0.7228116975 -0.03094454004 0.03506485593 0.8954815076 0.44263502
1625135600.683941 8.152911302 -49.67651506 0.7085215614 -0.01710099242 0.03221320631 0.8965612178 0.4414157317
1625135600.783646 8.067537615999999 -49.55951406 0.7124415061 -0.02081332541 0.03079719255 0.8978289365 0.4387727649
1625135600.883502 7.988066779 -49.44586108 0.7269191072 -0.03120466779 0.03787104737 0.8967534359 0.439801464
1625135600.98308 7.909156096 -49.33598323 0.736765971 -0.03499360345 0.03874233413 0.9030342917 0.4263842719
1625135601.083622 7.828462539 -49.22577411 0.7303005324 -0.02493887173 0.03218770257 0.898611375 0.4368519214
1625135601.183869 7.750730504 -49.11663164 0.719572016 -0.01436050589 0.02972092223 0.8971373533 0.4405167557
1625135601.284558 7.666099755 -48.99862198 0.7222423011 -0.003785671985 0.03085230602 0.8898253953 0.4552412215
1625135601.385419 7.590356318 -48.87600731 0.7363924616 3.217218037e-06 0.03073237693 0.872427125 0.4877770316
1625135601.485356 7.518964333 -48.746796 0.7508763939 -0.01629006706 0.03533251043 0.8650728922000001 0.5001351203
1625135601.58562 7.448133865 -48.61236824 0.7459917188 -0.02131113053 0.0388777683 0.8463633098 0.53075748
1625135601.684438 7.385532752 -48.48377722 0.7246047673 -0.01233673305 0.03745746434 0.8460815306 0.5315926889
1625135601.783782 7.311052281 -48.35417819 0.7073696940999999 -0.009787766095999999 0.0364865075 0.8440146917 0.5349879761
1625135601.882923 7.242805688 -48.22737355 0.7104015676 -0.008299691029 0.03651074823 0.8456993077 0.5323445889
1625135601.982509 7.169125798 -48.10178869 0.7267849545 -0.01774519359 0.04345115825 0.8458135282 0.5314099929
1625135602.082471 7.090717428 -47.97948427 0.7325696886 -0.02424560439 0.03802270322 0.846176229 0.530991727
1625135602.183378 7.013347724 -47.85330973 0.7228806959 -0.02073722285 0.02969696419 0.8323973291 0.5529943439
1625135602.283735 6.937444251 -47.73892982 0.7149611138 -0.01236839121 0.02525521954 0.8238567419 0.5661000491
1625135602.383525 6.858235092 -47.62048717 0.7216983727 -0.007423862896 0.03197624557 0.830305205 0.5563413273
1625135602.484137 6.781706715 -47.49333973 0.7391295084 -0.01874404499 0.04260604078 0.8219910701000001 0.5675949847
1625135602.58404 6.714250238 -47.36651276 0.751692978 -0.03052053422 0.05194573068 0.8241532541 0.5631532223
1625135602.684132 6.649718159 -47.23397898 0.7456125478 -0.02824413955 0.05807813176 0.8248160098 0.5617007648
1625135602.78436 6.583525882 -47.10222511 0.7292989315 -0.02497152781 0.05967899956 0.822224273 0.5654750964
1625135602.884224 6.52280763 -46.97496415 0.7236550065 -0.02823499947 0.05726506893 0.8237673129 0.5633213211
1625135602.984387 6.455766138 -46.84795691 0.7372609281 -0.03958562897 0.05657156875 0.8228871004 0.5639941982
1625135603.08478 6.389236441 -46.72783758 0.7513440999 -0.04870516867 0.04783293496 0.813151202 0.5780354138
1625135603.184293 6.324774311 -46.61319747 0.7521863452000001 -0.04599016392 0.03897652599 0.817823538 0.5723027136
1625135603.284142 6.259249742 -46.49126797 0.7409869389 -0.03274730744 0.03262372723 0.8205680431 0.5696765687000001
1625135603.384281 6.195674951 -46.36848471 0.7345197784 -0.02705079286 0.03083478621 0.8144935077 0.5787208278
1625135603.485078 6.134723142 -46.23630603 0.7421206337 -0.02867646412 0.03063526643 0.7965508034 0.6031135535
1625135603.585743 6.08248286 -46.09791064 0.7516353215 -0.04765673337 0.03314817873 0.7683487764 0.6373932787
1625135603.684814 6.036317133 -45.96586322 0.7513293808 -0.05335753568 0.03587370667 0.767318197 0.6380351363
1625135603.78409 5.991762374 -45.83149969 0.7355379593 -0.04512219452 0.03412242973 0.7660023603 0.6403436822
1625135603.883366 5.94812266 -45.69585641 0.7162434801000001 -0.03680346399 0.03097248841 0.7691357938 0.6372725796000001
1625135603.983317 5.899346841 -45.55754525 0.7146281127 -0.03983141318 0.02658931002 0.7637377753 0.6437476817
1625135604.082307 5.851960775 -45.43285703 0.7323181702 -0.04269038886 0.03213221888 0.7781282786 0.6258285973
1625135604.181197 5.802550803 -45.30878622 0.747623516 -0.04143916655 0.03507739728 0.810982871 0.58254541
1625135604.281947 5.750934509 -45.18123607 0.744583158 -0.03705313162 0.02969826209 0.8160787236 0.5759866279
1625135604.382571 5.693171881 -45.05060273 0.7298968437 -0.03303012598 0.02067860592 0.8259541133 0.5623888413
1625135604.483934 5.637326809 -44.91612082 0.7255206219 -0.02870648667 0.01639835833 0.8220037295 0.5685216795
1625135604.58501 5.591973698 -44.77916467 0.7390047576 -0.0233748566 0.01596028497 0.8149479068 0.5788426337
1625135604.6856 5.55388091 -44.64240779 0.7573573155 -0.03606668955 0.02345838635 0.8102713899 0.5844734150000001
1625135604.785989 5.519782634 -44.50282521 0.7581587922 -0.03825014964 0.02961591087 0.8015159601 0.596013414
1625135604.885367 5.496137033 -44.36912151 0.7436721236 -0.02523618304 0.02775787241 0.8062859896 0.590335107
1625135604.985351 5.462405405 -44.23539362 0.7323392734 -0.01691316926 0.01996989578 0.8022149291 0.5964615289
1625135605.08475 5.429414982 -44.09877143 0.7391953637999999 -0.01428041575 0.009752795058000001 0.8017586044 0.5973977679
1625135605.184541 5.386818387 -43.95970213 0.7561113696 -0.02807254653 0.01341706996 0.7976326173 0.6023405367
1625135605.283921 5.34938488 -43.81840318 0.7606637869 -0.03866592363 0.01509000079 0.8000690949 0.5984702847
1625135605.383944 5.321299939 -43.67551536 0.7421384433 -0.03479729094 0.01545937439 0.7951927052 0.6051600763
1625135605.483898 5.29033727 -43.53503856 0.7215035417 -0.02825075287 0.01317016375 0.7886050701 0.6141095058
1625135605.583272 5.25862009 -43.39282921 0.7168490452 -0.02929822803 0.01282795163 0.7988609795 0.6006647925
1625135605.6843 5.230321048 -43.24584869 0.7284161526 -0.04649265467 0.01874869348 0.7776430872 0.6267041953
1625135605.784014 5.215717202 -43.10111512 0.7392932694 -0.05479606282 0.03236429704 0.7754018829 0.6282530253
1625135605.884196 5.206609394 -42.96357196 0.7343139603 -0.04283876395 0.03806769713 0.7694814342 0.6360927709
1625135605.984426 5.203709442 -42.8251548 0.7199685959 -0.02626528813 0.03587989415 0.7563833211 0.6526155371
1625135606.083645 5.191020055 -42.68629589 0.7139678233 -0.01995525583 0.02794534471 0.76561406 0.6423830295
1625135606.183088 5.172696741 -42.54080179 0.7269341735 -0.02223235361 0.03399387976 0.7778209646000001 0.6271719745
1625135606.283266 5.153639703 -42.39591827 0.7453805399 -0.03162756306 0.04616204121 0.7764504463 0.6276889895
1625135606.383143 5.132358675 -42.25547348 0.7435892911999999 -0.03304186393 0.04335221472 0.7852315823 0.6167983324
1625135606.484169 5.112772324 -42.11207432 0.7253711989 -0.02250923545 0.03481083658 0.7726764119 0.6334451061
1625135606.583839 5.101875745 -41.97396763 0.7181745183 -0.006832221502 0.03264338742 0.7776171484 0.627852929
1625135606.684493 5.094230326 -41.83228561 0.7288653324 0.006964956606 0.02866924555 0.7718308135 0.6351431013
1625135606.785723 5.098875176 -41.69038436 0.7480438063 -0.002993238303 0.03188351859 0.7385341886 0.673455072
1625135606.885143 5.107858469 -41.55221397 0.7528510221 -0.005405408422 0.03324410966 0.7374919255 0.6745155821
1625135606.985274 5.120241085 -41.4115377 0.7366083847 0.0003173536511 0.02698773362 0.7195187543 0.6939483582
1625135607.084665 5.135257792 -41.26988594 0.718414207 0.009997259155 0.0196152116 0.7105092902 0.703343335
1625135607.183982 5.149920308 -41.1255358 0.719555386 0.01326877805 0.01112065366 0.7079166488 0.706083769
1625135607.283734 5.161513844 -40.98213109 0.7391764240000001 0.006421769574 0.01923509986 0.6969718031 0.7168117448
1625135607.382843 5.175553421 -40.83488658 0.7485066295 -0.003750681375 0.02603593787 0.706487362 0.7072366433
1625135607.483409 5.196159981 -40.68519909 0.7359303384 -0.006382999528 0.03276352924 0.6895644668000001 0.7234546666
1625135607.583297 5.212767765 -40.54211484 0.7182574148999999 0.001943571731 0.03588214627 0.6841560741 0.7284498337999999
1625135607.683235 5.232517541 -40.39707472 0.7197944175 0.01285838362 0.04699772059 0.6843216696 0.7275504991
1625135607.784603 5.262542839 -40.25011379 0.7389368269 0.01287222358 0.0536044043 0.650713043 0.7573198858
1625135607.884614 5.299268457 -40.119244 0.7570435194 0.001726136108 0.05909063225 0.6372794126 0.7683620683
1625135607.984826 5.34265897 -39.98785922 0.7572543148000001 0.001934918206 0.05708533069 0.6229456037 0.7801770927
1625135608.084473 5.385898328 -39.86250573 0.7395628542 0.009308227436999999 0.04884193877 0.6127717126 0.7886942691
1625135608.183578 5.427219346 -39.73206185 0.7247887598 0.009994009344 0.04395647507 0.6264585144 0.7781501641
1625135608.28318 5.472467694 -39.60210309 0.7248527969 0.01356163948 0.03363307446 0.6315811111 0.774461231
1625135608.383579 5.520028464 -39.46364568 0.7354388859 0.006526919333 0.04808448582 0.622865976 0.7808221677
1625135608.483274 5.563538678 -39.32415034 0.7361163120000001 -0.003662678161 0.05232234442 0.6321156858 0.7730968354
1625135608.583736 5.609333057 -39.17836637 0.7205518823 -0.005970876037 0.0472881823 0.6282061634 0.7765855991
1625135608.684202 5.649442363 -39.04481219 0.7063764386 -0.0007052842283 0.04156244271 0.6181170325000001 0.784986242
1625135608.784529 5.695926985 -38.90740908 0.7088179603 0.007891495413000001 0.03850087922 0.6144959297 0.787940454
1625135608.885674 5.762072217 -38.7711168 0.7211360185 0.004297405571 0.04344149616 0.579217581 0.814003294
1625135608.985156 5.829201922 -38.64778382 0.7350001601 0.003720661714 0.0535736153 0.5755087196000001 0.8160304762
1625135609.084785 5.900305221 -38.51705121 0.7310312866999999 0.01244606414 0.05341529394 0.5718980337 0.8184891819
1625135609.184622 5.966813231 -38.38260097 0.7144431716 0.01242591077 0.04940199034 0.5583429731 0.8280447841
1625135609.283823 6.028967438 -38.25474997 0.6993093785 0.007293569314 0.04266178263 0.5646718388999999 0.8241798897
1625135609.383348 6.096494426 -38.11618896 0.7016991647 0.006123187625 0.05343110153 0.5718616814 0.8185852682
1625135609.483666 6.167534515 -37.98309625 0.7155487483 0.001732021235 0.07204454265 0.5607669623 0.8248314967
1625135609.584053 6.238831974 -37.85409445 0.7119632161 0.0003217237314 0.07354661287 0.5517078646 0.8307883150000001
1625135609.684726 6.308071118 -37.73509064 0.6863313012 0.007957379331000001 0.062433373 0.5291690597000001 0.8461789765
1625135609.784914 6.380547026 -37.62006889 0.6652069547 0.01732607613 0.05714990993 0.5097531303 0.8582455599
1625135609.885116 6.463917925 -37.49692571 0.6624505084 0.02129606305 0.06798024263000001 0.4873076226 0.8703197374
1625135609.985429 6.558775037 -37.37557632 0.671277328 0.005819548703 0.08323071814999999 0.4538816395 0.8871472469
1625135610.085062 6.658315126 -37.25696395 0.6696738249999999 -0.01069535807 0.09055267059 0.4344776803 0.8960552263
1625135610.18464 6.75813773 -37.14429533 0.6491322118 -0.01690061981 0.08474968536999999 0.4151362778 0.9056454774
1625135610.283945 6.861621497 -37.02958928 0.6248907483 -0.02120071999 0.08060211436 0.404573498 0.9106997932000001
1625135610.382964 6.961155187 -36.92060154 0.6183671708 -0.02873018492 0.08346325006999999 0.4094769381 0.9080402522
1625135610.482204 7.057480047 -36.80613932 0.6354511479 -0.03188799872 0.09382483012999999 0.4203703858 0.9019250498
1625135610.582196 7.154308102 -36.69094441 0.6507197508 -0.03545975299 0.09452428223999999 0.4213947638 0.9012403781
1625135610.682364 7.244337108 -36.58038495 0.6495568712999999 -0.03204668694 0.08251711255999999 0.4218945217 0.90231311
1625135610.782419 7.335593774 -36.46305911 0.6423835671 -0.01542807579 0.06436665295000001 0.4354779346 0.8977627064
1625135610.883689 7.431878178 -36.33977126 0.6485709643999999 -0.007296267777 0.04643949498 0.4157401496 0.908267728
1625135610.984914 7.539277619 -36.21314256 0.6707930677 -0.0117951372 0.04296755465 0.3884473426 0.920393028
1625135611.084484 7.643040795 -36.10766373 0.6962109077999999 -0.01359219805 0.05837937829 0.3940538111 0.9171306855
1625135611.184501 7.75374923 -35.99618305 0.7084270226 -0.007457344565 0.06056573881 0.3995186069 0.9146917852999999
1625135611.285227 7.866745728 -35.89506954 0.7031639921 -0.001075784051 0.05233414819 0.3653379989 0.9294020261
1625135611.383799 7.966160118 -35.78700206 0.696044377 -0.0004522133346 0.04172566524 0.3967832062 0.9169633862
1625135611.484003 8.070299325000001 -35.66832097 0.6971958559 -0.006546676666 0.03103712565 0.3885856342 0.920866463
1625135611.583524 8.171026233999999 -35.55298475 0.7100928903 -0.001420409281 0.03707894008 0.3946673029 0.9180745365
1625135611.682733 8.267933577999999 -35.44442986 0.7216742877 0.004272896337 0.03832121278 0.4194478674 0.9069601499
1625135611.783334 8.364984362 -35.3247119 0.7175097969000001 0.004465299323 0.03144485516 0.4121519406 0.9105613983
1625135611.883722 8.459678339 -35.21265757 0.7036156109 0.01392968283 0.0155525639 0.4035504248 0.9147191571
1625135611.9847 8.558249680999999 -35.09776919 0.7005101546 0.02365699609 -0.0005600603552 0.3785152963 0.9252924961
1625135612.085124 8.664217478999999 -34.99798171 0.7141600258 0.03249104023 -0.00123064134 0.3517815755 0.9355172585
1625135612.184906 8.776447814000001 -34.89639911 0.7296564924 0.02130476905 0.01700198481 0.3447375029 0.9383033057
1625135612.284729 8.890191997000001 -34.79362202 0.724536466 0.02015223385 0.02708945072 0.3304471546 0.9432204022
1625135612.384013 9.004435972 -34.69398185 0.6986756884999999 0.02465585002 0.02745966545 0.3318006443 0.9426273857
1625135612.483717 9.121828582999999 -34.58582405 0.6782099752 0.02406523101 0.02534885261 0.3256646465 0.9448390542
1625135612.582542 9.234316097000001 -34.47809255 0.6804849117 0.02585443583 0.02216104247 0.3490628019 0.9364804305
1625135612.682715 9.345905149 -34.36225984 0.6959537809 0.02168165937 0.0432820006 0.3463088282 0.9368707326
1625135612.782432 9.451055022 -34.24841381 0.7033127928 0.01081252556 0.05058785502 0.3570625114 0.9326469435
1625135612.882586 9.552572061999999 -34.1371234 0.6916199765 0.0130810716 0.04847494518 0.3641980101 0.9299671363999999
1625135612.98318 9.653210216 -34.02717001 0.6761751117 0.02516268007 0.04504776772 0.3580878786 0.93226102
1625135613.083439 9.748461925999999 -33.91476571 0.6752810563 0.03291011021 0.03566215261 0.3625770481 0.9306895399
1625135613.184276 9.846294029999999 -33.79293035 0.6853907122 0.02070469196 0.04300302461 0.3469041339 0.9366854207999999
1625135613.283872 9.943030904 -33.67288967 0.6973582117 0.0004351297579 0.05617104825 0.3621283728 0.9304341275
1625135613.383941 10.03983392 -33.55820692 0.6918669344 -0.002955283414 0.05072924182 0.3694446646 0.9278623013
1625135613.483827 10.13976569 -33.44675008 0.6788657878 0.001671464699 0.03773795776 0.3754247464 0.9260827784
1625135613.583165 10.23551555 -33.33379604 0.6782935638000001 0.0003689795721 0.02264716535 0.3998385567 0.9163056795
1625135613.6827 10.33264364 -33.21443227 0.6915494397 0.004695043457 0.01552974496 0.431958212 0.9017476846
1625135613.783847 10.43756094 -33.09581653 0.7050807917 0.005176956128 0.03154467392 0.4122780259 0.9104970961
1625135613.883337 10.5379801 -32.98043616 0.7015581445 0.001666297898 0.03346260924 0.4407881336 0.8969856735
1625135613.984148 10.64566022 -32.86539021 0.68002553 0.00522158228 0.02385008064 0.432612437 0.9012493485
1625135614.084753 10.74573707 -32.7521084 0.6677145359 0.0105441962 0.01168638258 0.4183054813 0.9081700131
1625135614.185365 10.8518159 -32.63511571 0.6711218913 0.01012462086 0.00821176568 0.3998310631 0.9164961429
1625135614.28549 10.954691 -32.52244155 0.6841676546 -0.009529085886 0.02176639941 0.3810589873 0.9242453509
1625135614.384977 11.05616886 -32.40652091 0.6913302008 -0.02082841906 0.02871547813 0.3796631074 0.9244444402999999
1625135614.48421 11.15632043 -32.29517989 0.6850993768 -0.01818924787 0.02535499052 0.3816961367 0.9237609728
1625135614.582973 11.25997425 -32.18451233 0.6750442616 -0.009819944250999999 0.01480211853 0.4071174897 0.9132030528
1625135614.682146 11.35900073 -32.07183425 0.683453456 -0.009501495438 0.009678540146 0.4321012892 0.9017230857
1625135614.781867 11.45551903 -31.95614626 0.7057772574 -0.008350849512 0.02160193449 0.454521935 0.8904344054
1625135614.882099 11.54800529 -31.83928006 0.7195963761 -0.007003926909 0.02270059223 0.4700411466 0.882324741
1625135614.982752 11.63622004 -31.72628662 0.7117973404 0.000511440852 0.01218603443 0.4788057195 0.8778361589
1625135615.083369 11.7176779 -31.60547418 0.6919675658 0.01225251062 -0.0003286570152 0.4901777866 0.8715362904
1625135615.184283 11.80130627 -31.48086541 0.6777370343 0.01652744478 -0.008349239269000001 0.4901397828 0.8714471453
1625135615.285134 11.88783225 -31.34780818 0.6790048973 0.01482628951 0.0006980411958 0.4822170573 0.8759260263
1625135615.384602 11.9695372 -31.21322561 0.6872871253 0.005708438924 0.02461367864 0.5056025248 0.8623964677
1625135615.484628 12.04652518 -31.07515541 0.679591961 0.001391300633 0.03451341875 0.5195281957 0.853754849
1625135615.584074 12.10924733 -30.94079046 0.659878642 -0.0004046411879 0.02697702583 0.5428442701 0.8393998897
1625135615.683584 12.1657474 -30.80500067 0.6498158888 -0.002086535257 0.01460786462 0.5733221359 0.8191971589
1625135615.782762 12.20868975 -30.67205497 0.66416282 0.007637652802 0.004164152243 0.6125251483 0.7904032318000001
1625135615.882634 12.24545753 -30.53426632 0.6918306483 0.01853536395 0.01829022353 0.647126391 0.761937886
1625135615.982929 12.27484952 -30.39306222 0.7025425461 0.01776915212 0.0211739412 0.6719725116 0.7400600415
1625135616.083553 12.29286747 -30.24454862 0.6867332822 0.01507486854 0.01430914276 0.6924489681 0.7211674031
1625135616.184589 12.2968582 -30.08825641 0.6685961132 0.00747764622 0.009679197588 0.6988464248 0.715167164
1625135616.285599 12.29494745 -29.9346917 0.6666476669 -0.00159234621 -0.005289661553 0.6981551365999999 0.715925198
1625135616.385932 12.30113673 -29.78283492 0.6752813262 -0.006332918583 -0.0102017036 0.698693562 0.715320296
1625135616.48506 12.30698707 -29.62916217 0.6848397734 -0.01684468755 0.005230280473 0.7228371629 0.6907932662
1625135616.584807 12.32071351 -29.47337289 0.6751288531 -0.01804092749 0.01711519809 0.7346245641 0.6780179531
1625135616.684882 12.3255465 -29.31281776 0.6574801893 -0.01849591419 0.01139621744 0.7362403888 0.6763712866
1625135616.784821 12.32007124 -29.15434965 0.651169234 -0.02353222708 0.003373689681 0.7371639561 0.6752956052
1625135616.883892 12.30789415 -29.00319405 0.662437261 -0.0235530227 0.0076498185 0.7558053594 0.6543278949
1625135616.983604 12.28960812 -28.85596205 0.6817712403 -0.02093084024 0.02248196253 0.7672743997 0.640582904
1625135617.083626 12.25996463 -28.71092108 0.6829984481 -0.02304823091 0.02927642332 0.7741129721 0.6319499795
1625135617.183922 12.22887125 -28.56109535 0.6627076115 -0.02493165468 0.03193060613 0.7752975623 0.6302955965
1625135617.284045 12.19239161 -28.40619018 0.6461770661 -0.02536635836 0.02908219229 0.7779831740000001 0.6270988398
1625135617.384303 12.15571445 -28.26852882 0.6540128252 -0.02494298949 0.0307014373 0.7831338079 0.620593835
1625135617.485281 12.13589362 -28.13614592 0.6850767719999999 -0.02956899578 0.02961366271 0.7621137254 0.6460892934
1625135617.584533 12.11666199 -28.00419429 0.7084417466 -0.02700209776 0.02902507652 0.7735370369 0.6325099875
1625135617.684628 12.10521567 -27.87037323 0.7098906738 -0.01982966786 0.02555820349 0.7687906771 0.6386818122
1625135617.783946 12.0901373 -27.73718024 0.7058557718 -0.01247959044 0.0212437556 0.7753228019 0.6310843965
1625135617.882938 12.06516058 -27.60698717 0.7117538717 -0.004651203695 0.01466730528 0.7936136353 0.6082274527
1625135617.982469 12.03337112 -27.47768099 0.7304973051 -0.008653171081 0.02634463416 0.8087872588 0.5874472342
1625135618.082341 11.99795403 -27.34925125 0.745960157 -0.02021423513 0.03486350636 0.82193923 0.5681477122
1625135618.182908 11.96134542 -27.22215661 0.738874646 -0.0281270933 0.0337380897 0.8262256725 0.5616242036
1625135618.28337 11.91529804 -27.09856858 0.7190240871 -0.02500570879 0.03150879789 0.8318011572 0.5536142565
1625135618.384288 11.86859597 -26.96880258 0.7036963866 -0.01779269509 0.02435941721 0.8284568485 0.5592399206999999
1625135618.485485 11.8239316 -26.835589 0.7023759411 -0.003723251013 0.01092341634 0.8121884757 0.5832809755
1625135618.585381 11.78329727 -26.7033166 0.7075835217999999 -0.01069554967 0.006762845921 0.809712153 0.5866908031
1625135618.68509 11.74103671 -26.57444594 0.7103432123 -0.02103914487 0.008156804996 0.8101896997 0.5857332766
1625135618.785174 11.70070479 -26.43788578 0.6917289225 -0.03031454339 0.008520566307 0.7977916214 0.6021104194
1625135618.883928 11.65030318 -26.30006565 0.6597339617 -0.03702854135 0.01232688757 0.8070104505 0.589246186
1625135618.982701 11.59685664 -26.17065592 0.6399298448 -0.02895966401 0.01093027047 0.8233631559 0.5666700809
1625135619.082166 11.53825973 -26.04142032 0.6424827584 -0.03129526241 0.03700686949 0.8334506055999999 0.5504645186
1625135619.18172 11.48042872 -25.90994436 0.6532101884 -0.03616548979 0.05320297591 0.8466594207 0.5282322652
1625135619.282513 11.42874898 -25.77931762 0.6463789317999999 -0.04070053076 0.05055775845 0.847429046 0.5269263628
1625135619.383959 11.38813921 -25.65062653 0.6236524583 -0.03930013008 0.04016003362 0.8310554331 0.5533439605
1625135619.483829 11.34449003 -25.53145579 0.6199651526 -0.03473292169 0.04624658329 0.8375385409 0.5433084485
1625135619.585048 11.31326372 -25.40897828 0.635363504 -0.04350907295 0.0501683966 0.8197061291 0.5689217473
1625135619.684952 11.28306845 -25.29449857 0.6539771551 -0.05216682427 0.04884302628 0.8136729008 0.5769136778
1625135619.78478 11.26527268 -25.1810406 0.6556488843 -0.03711663786 0.04351008364 0.8119219145 0.5809578578
1625135619.884532 11.25647372 -25.06891572 0.6448330482 -0.01545978264 0.03734861757 0.8056522297000001 0.5910080885
1625135619.983933 11.2445783 -24.94971936 0.6390091632 -0.003957839161 0.02916430627 0.8088819022 0.5872340649
1625135620.084269 11.23493756 -24.82652736 0.6492769441 -0.000267894881 0.03158091517 0.7958989215 0.6046052272
1625135620.184038 11.23384945 -24.70450675 0.662875358 -0.002198132128 0.04191300859 0.7867858618 0.6157974306
1625135620.28367 11.22881879 -24.58306707 0.6648868111 -0.003235488987 0.04190459222 0.7872252327 0.6152316391
1625135620.384275 11.23325056 -24.45170951 0.6542111791 -0.0007695993475 0.03904891892 0.7649418295 0.6429141367
1625135620.484142 11.23499289 -24.33693171 0.6436073544000001 0.002939829174 0.03817580658 0.7543869887 0.6553123198
1625135620.584849 11.24435093 -24.22823342 0.6495111065 0.01051845468 0.04008097887 0.7268519569 0.6855429309
1625135620.685659 11.27735366 -24.12556319 0.6648491865 0.006462401868 0.0422639652 0.6816820848 0.7303981996
1625135620.785759 11.32127139 -24.04049436 0.6774091776 0.002737114772 0.04098418254 0.6473556904 0.7610804262
1625135620.886342 11.37835043 -23.95867187 0.6731350171 -0.001963401518 0.03871636813 0.5824711175 0.8119264654
1625135620.9851 11.43604262 -23.88522547 0.6614765899 -0.005579798445 0.03726821734 0.5532323868 0.8321741837
1625135621.08435 11.50944121 -23.82095402 0.6537273577 -0.008202996703000001 0.03761569708 0.5151983865 0.8562058121
1625135621.183493 11.59143689 -23.75687069 0.6557592244 -0.006294295463 0.04074551166 0.4761956155 0.8783723134
1625135621.282156 11.67413315 -23.69754489 0.6591761333 -0.001752870648 0.04292292885 0.4637547401 0.8849215166
1625135621.382139 11.76754636 -23.63907813 0.6540403356 0.0004552480928 0.04453166717 0.4249126733 0.9041382325
1625135621.481652 11.87066997 -23.57857484 0.6416724309 0.006032175359 0.04604408898 0.4024733144 0.9142531301
1625135621.58153 11.98295149 -23.51356648 0.6313302386 0.009061827906 0.05272798551 0.3844401527 0.921598292
1625135621.681083 12.09527079 -23.4509976 0.628913122 0.01861712158 0.05874760011 0.3830229357 0.9216808303
1625135621.78174 12.20726436 -23.40251558 0.6353298705 0.02609298312 0.06149039317 0.3672918816 0.9277040269
1625135621.882446 12.32166162 -23.35584795 0.639266087 0.02444054392 0.06321514976000001 0.3457130744 0.9358894031
1625135621.982537 12.43440262 -23.31111188 0.6350353249 0.02155798159 0.0572274305 0.3474017105 0.9357202179
1625135622.082615 12.55520551 -23.26509566 0.621648851 0.01886126831 0.04806440035 0.3500772735 0.9352967275
1625135622.182194 12.67589233 -23.21045169 0.6134115662 0.01107941027 0.04811470996 0.3739740763 0.9261239721
1625135622.28214 12.79367119 -23.15012629 0.6167538576 0.004288522247 0.05692966145 0.3942687344 0.9172201411000001
1625135622.382354 12.90367467 -23.07765053 0.6237625818 -0.002608078899 0.06477684345 0.4116665621 0.9090257423
1625135622.483099 13.00843357 -23.00210434 0.6187439264 -0.01222701006 0.06539236219 0.4180010651 0.906007422
1625135622.583652 13.10925543 -22.91302627 0.5990841772 -0.02352529161 0.06050372727 0.4234716806 0.9035804311
1625135622.683386 13.20357203 -22.81701892 0.5811494764 -0.03319421546 0.0580272608 0.4495815742 0.8907341855000001
1625135622.78412 13.30002093 -22.71743859 0.5792996282 -0.0382364207 0.05248566612 0.4532159999 0.8890323326
1625135622.884678 13.40127145 -22.62405252 0.5901790206999999 -0.04501239392 0.0584763725 0.4440381192 0.8929639114
1625135622.984624 13.50406689 -22.53458899 0.6003394908 -0.04145474102 0.06290305447 0.4490005049 0.8903500754
1625135623.085185 13.60693915 -22.45520948 0.5993538215999999 -0.02894174898 0.05523842933 0.4265527523 0.9023102796
1625135623.185017 13.70386985 -22.37170758 0.5904858160999999 -0.01912067247 0.04337239131 0.4122042013 0.9098576438
1625135623.28388 13.79765261 -22.2896981 0.5879289485 -0.01248552147 0.02896073356 0.4219132641 0.9060875152
1625135623.382971 13.88343705 -22.19702405 0.6050763273999999 -0.01072336487 0.03354547772 0.4366896774 0.8989225973
1625135623.482767 13.97166884 -22.0964836 0.6208441260999999 -0.01054052944 0.03924115371 0.4343457021 0.8998293395
1625135623.582386 14.05274003 -21.99345746 0.6201638865 -0.01193498031 0.03429569366 0.4402119443 0.8971592979
1625135623.682095 14.13665884 -21.88568995 0.6050881499 -0.007601568632 0.0263928756 0.4518830356 0.8916542797
1625135623.782985 14.23031337 -21.77883937 0.6014612495 -0.005908407583 0.02921596649 0.4328942867 0.9009517493
1625135623.883671 14.33087236 -21.68031582 0.6142963031999999 -0.0003333884516 0.03025276065 0.4107120879 0.9112629918
1625135623.983589 14.42636973 -21.59510628 0.6332113588 -0.002923094407 0.03979481458 0.4084780525 0.9118955581
1625135624.083954 14.52160046 -21.51101657 0.6382712055999999 0.004617218744 0.03978910477 0.3922088311 0.9190036677
1625135624.183857 14.62492187 -21.42441416 0.6178658242 0.01443963597 0.03579818263 0.3801094257 0.9241357106
1625135624.283199 14.72200847 -21.33514451 0.5973786232 0.02038116098 0.03259963061 0.3895644608 0.9201963938
1625135624.38353 14.82855059 -21.24293972 0.5935405795000001 0.01721362585 0.03473888322 0.3682704196 0.9289100058999999
1625135624.482704 14.92882647 -21.14688254 0.6098815944 0.01912451127 0.04523088128 0.3736714223 0.9262602704
1625135624.581696 15.02362092 -21.052054 0.6226305273 0.01778811486 0.04978161257 0.4004762997 0.9147809068
1625135624.682718 15.12340001 -20.95572387 0.615171705 0.01524318961 0.04704186586 0.3715162945 0.9271085972000001
1625135624.782548 15.21791933 -20.85318392 0.5950886794 0.01558905558 0.03821596103 0.3678388731 0.9289731348
1625135624.882255 15.30955971 -20.74865597 0.5807659032 0.01444068081 0.03336083962 0.3787686363 0.9247771847
1625135624.983086 15.40670357 -20.64296657 0.5813469073 0.01482747377 0.03481833154 0.3528190279 0.9349259668
1625135625.082561 15.50652138 -20.53721324 0.5910142832 0.004340199169 0.04849109582 0.3623083984 0.9307859049
1625135625.182512 15.60578797 -20.43354198 0.5921681814 2.526061562e-05 0.05590093941 0.3653802715 0.9291783152999999
1625135625.281981 15.69991583 -20.32784526 0.5767002078 -0.003224897722 0.05157010722 0.3808304683 0.9232000208
1625135625.38141 15.78776839 -20.21892695 0.5619590062000001 -0.003146213173 0.04357723189 0.4134418961 0.9094816792
1625135625.481595 15.87174455 -20.10726138 0.5699530034 -0.004223051191 0.04611109364 0.4302439521 0.9015243062
1625135625.580971 15.93783008 -19.99604445 0.5956262827 -0.003562913124 0.05544926035 0.4749256589 0.8782700631
1625135625.681392 15.99830939 -19.87639056 0.6045063726 -0.009550130943 0.05581529983 0.5039872833 0.8618528097
1625135625.782053 16.05323835 -19.74865863 0.5891024378 -0.01410655256 0.05125458171 0.5210342835 0.8518786583
1625135625.882483 16.1003898 -19.61577451 0.571671569 -0.01867050004 0.05347338924 0.5475740582 0.834838104
1625135625.983945 16.14580314 -19.47921365 0.5710824455 -0.02229226287 0.04903357457 0.5449430792 0.8367411809999999
1625135626.084359 16.18740514 -19.34906147 0.5822476499 -0.03007745275 0.04749774232 0.5516912343 0.8321514846
1625135626.183887 16.23262457 -19.22317309 0.5912052073 -0.03336958679 0.05294820495 0.5818273510999999 0.810900667
1625135626.283972 16.28109563 -19.10119268 0.5931744203 -0.02399931667 0.04959822579 0.5924779422000001 0.8037001535
1625135626.383219 16.32510899 -18.98295271 0.5851401724 -0.01305130531 0.03990836925 0.6235491137 0.7806558065
1625135626.483121 16.36769484 -18.85908378 0.5826767834 -0.01389864854 0.03116466312 0.6414936971 0.7663689894
1625135626.582645 16.39760965 -18.73390582 0.5922695207000001 -0.02090052122 0.0407510129 0.6700128877 0.7409353909
1625135626.682463 16.41750887 -18.60676103 0.606288111 -0.02873343989 0.05395913656 0.6952746229 0.716139651
1625135626.782876 16.42684577 -18.48033883 0.6060989332 -0.03362520426 0.05745905038 0.7099783613 0.7010695612
1625135626.883195 16.42743238 -18.36114941 0.590762776 -0.03151583754 0.05126843735 0.7252437636 0.6858569695
1625135626.983917 16.42431771 -18.24265194 0.5813410256 -0.03024532981 0.04493030533 0.7296406996 0.6816824312999999
1625135627.084697 16.41817797 -18.12768531 0.5925096788999999 -0.03059534475 0.02841877512 0.7267884357 0.6855908895
1625135627.18472 16.40748313 -18.01388913 0.607322652 -0.04530593734 0.02260466434 0.7308714433 0.6806345087
1625135627.284267 16.40120262 -17.90333202 0.6154101238 -0.05020070781 0.02648914033 0.7438024934 0.6659850338
1625135627.383527 16.39998833 -17.79513466 0.6138839736 -0.04163925582 0.03160347495 0.7607631679 0.6469210115
1625135627.483052 16.39574131 -17.69015623 0.6096728439 -0.03661250982 0.03076180424 0.7764027544 0.6284202404
1625135627.582981 16.3937459 -17.58778995 0.6075374165 -0.03342834958 0.01911620482 0.7840653178 0.6194826016
1625135627.682998 16.39205962 -17.4926833 0.6138371227 -0.03289881448 0.01313475096 0.7940583626 0.6068084237
1625135627.783794 16.39558084 -17.39591826 0.6214992146 -0.03933484537 0.01657417565 0.7855693377 0.6172996697000001
1625135627.884148 16.39614508 -17.30411198 0.6260442168 -0.04615562308 0.01830400849 0.7825225581 0.6206392413
1625135627.984693 16.4030821 -17.20799038 0.6230538604 -0.04940611049 0.01953701776 0.7684655312000001 0.6376817925
1625135628.084751 16.4069685 -17.11837813 0.6162522791 -0.04699484979 0.01998589205 0.7588184742 0.6492969825
1625135628.184886 16.41230243 -17.03461069 0.6171425578 -0.0459028582 0.02420454152 0.739940457 0.6706677179
1625135628.28481 16.42161701 -16.95686928 0.6300724224000001 -0.05026635178 0.02497301852 0.7206545680999999 0.6910185494
1625135628.384438 16.44074169 -16.88795621 0.6398882299999999 -0.05415560928 0.02885366228 0.6977749699 0.7136839129
1625135628.483315 16.46286913 -16.82684347 0.6448894916 -0.05187231877 0.03690944068 0.6933062551 0.717825461
1625135628.58259 16.4932546 -16.76877451 0.646674632 -0.0464256125 0.04374802539 0.6827160282 0.7278939467
1625135628.681884 16.53044773 -16.71448727 0.6457513517 -0.04122078057 0.04563473003 0.6778445453 0.7326288904
1625135628.781745 16.57223973 -16.66953788 0.6450628871 -0.03599534869 0.03894147977 0.6657944474 0.7442483792
1625135628.881712 16.62229574 -16.62721084 0.6466421042 -0.03621990591 0.03691783155 0.6567793832 0.7523071407
1625135628.982149 16.67689613 -16.58744288 0.6486883052 -0.03900785495 0.03893984387 0.6392486499 0.76702232
1625135629.082537 16.73562077 -16.54003704 0.648801529 -0.03987876215 0.04268787322 0.6218501212 0.7809544523
1625135629.183176 16.80574896 -16.48808137 0.6434506566 -0.03746403745 0.04911821804 0.5959134947 0.8006690661
1625135629.283859 16.88527784 -16.44138566 0.6350494195 -0.03479828959 0.05278046305 0.5606287403 0.8256504813
1625135629.384696 16.97298823 -16.40580271 0.6309589772999999 -0.02952400357 0.04865466914 0.5112825529 0.8575262138999999
1625135629.485262 17.06897192 -16.38321745 0.6341328453 -0.02035792799 0.04141116188 0.4491797401 0.8922489739
1625135629.585137 17.16857037 -16.37534295 0.6364840131 -0.01021861161 0.03981637434 0.3926429306 0.9187718789
1625135629.6848 17.27575993 -16.38084593 0.6378306030000001 -0.004495147466 0.04592355909 0.3302189745 0.9427758213
1625135629.784024 17.39070339 -16.39857314 0.6326194529 0.0002514493893 0.04685213506 0.2731908953 0.9608181664
1625135629.883135 17.50847104 -16.42859126 0.6218819219 0.004632589086 0.04445307525 0.2208476232 0.9742837321
1625135629.98179 17.62955679 -16.46079467 0.6091746582999999 0.009131933327 0.04133353271 0.1863515276 0.98157081
1625135630.080628 17.75459752 -16.48736826 0.6063236894 0.004411430943 0.04362910448 0.1654380347 0.9852447905
1625135630.179682 17.87447098 -16.50545291 0.6128136923 -0.00416942108 0.04667574348 0.1537214103 0.9870023905
1625135630.279657 17.99821339 -16.51757504 0.6146471223 -0.01010181504 0.05159748255 0.1325281875 0.9897837808
1625135630.379109 18.12081946 -16.51980758 0.6035917315 -0.008859364141 0.05507143478 0.135826826 0.9891611204
1625135630.478821 18.25131055 -16.52071714 0.5903610598 0.001871121673 0.05305891972 0.1578784134 0.9860302513
1625135630.579856 18.38729769 -16.52260994 0.5898123015 0.01216548115 0.04400237713 0.1507713996 0.9875139375999999
1625135630.680754 18.5211892 -16.52657057 0.6096737464 0.01904856319 0.04258436718 0.1533292757 0.9870733798
1625135630.78212 18.65631582 -16.530976 0.6328261023 0.0172021435 0.04576888726 0.1444356989 0.9883054306
1625135630.883357 18.79600131 -16.53538729 0.6389572316 0.009010139565 0.04915759703 0.1301422383 0.9902349953
1625135630.984011 18.93112651 -16.53888036 0.628560785 0.0004854854457 0.03606845917 0.1210492529 0.9919908815
1625135631.083587 19.06593865 -16.54029436 0.622641668 -0.004110529908 0.02162099682 0.1361562351 0.9904428886
1625135631.182508 19.19940059 -16.53489183 0.6381766163 -0.003169907703 0.01974827104 0.1776552712 0.9838895071
1625135631.283053 19.33900645 -16.5275343 0.6583793845 -0.002572214571 0.02993073087 0.1740187911 0.9842840014000001
1625135631.383079 19.47485023 -16.51393169 0.6563768244 -0.01173919534 0.04059506765 0.1741159653 0.9838180027
1625135631.482248 19.60343843 -16.48641081 0.6348842976 -0.01328064015 0.04002293232 0.2065108489 0.9775351957
1625135631.5834 19.73857091 -16.45622567 0.6139251728 -0.01118085691 0.02999991663 0.1853496942 0.9821509478
1625135631.683544 19.86315327 -16.42600494 0.6116844863000001 -0.006366184263 0.01429329302 0.1687798281 0.985529575
1625135631.782495 19.98842746 -16.40128575 0.6278350928 -0.0006875230879 0.0118494358 0.2053284244 0.9786211506
1625135631.883579 20.13010529 -16.3824225 0.6431532239 0.003304598473 0.03014699711 0.1753747131 0.9840345259
1625135631.983434 20.26830206 -16.36010826 0.6359519493 0.007758982026 0.03773728961 0.1707444316 0.9845618489
1625135632.083184 20.4046968 -16.33505161 0.6124107217 0.009329591642 0.03415398301 0.1729793066 0.9842888923999999
1625135632.183333 20.54397659 -16.30809568 0.5982158990999999 0.008939801288 0.02982755704 0.1588642266 0.9868092796
1625135632.282255 20.67563182 -16.27470478 0.6090440653 0.009589828343 0.02682920642 0.1822860764 0.9828326486
1625135632.381922 20.80910532 -16.2362639 0.6272760476 0.01213228357 0.03882560829 0.1968930832 0.9795807744
1625135632.482106 20.94364267 -16.19096756 0.6241460564 0.003798059373 0.04502502743 0.1961018991 0.9795419168
1625135632.582246 21.07280522 -16.14007076 0.6002869094 0.0004679739505 0.04293106719 0.2004410294 0.9787645775
1625135632.682758 21.20134374 -16.09122204 0.5830857596 0.007412276968 0.03317600009 0.1968476919 0.9798445782
1625135632.783044 21.33241962 -16.04328021 0.5888649884 0.01252375927 0.03002500526 0.195986251 0.9800668568999999
1625135632.883964 21.46780265 -15.99700919 0.6079508715 0.005229984627 0.03580699727 0.1730224583 0.9842528817
1625135632.984113 21.59690311 -15.95760081 0.618115694 -0.002698785999 0.04198537692 0.1581051358 0.9865255753
1625135633.083468 21.72171885 -15.92344358 0.605227867 -0.0007612904075999999 0.03243791809 0.1680350696 0.9852468814000001
1625135633.183128 21.84995031 -15.89351389 0.5860642556 0.002943260252 0.01619908777 0.167867559 0.9856720598000001
1625135633.28257 21.9756326 -15.85824765 0.5816256894 -0.0001035174768 0.001201493031 0.1731837127 0.9848887995
1625135633.381519 22.1020333 -15.81607456 0.5989955854 0.0005962323747 -0.009477198118 0.2038780995 0.9789502274
1625135633.481658 22.23226669 -15.769241 0.6159137259 0.002302253332 -0.001115298954 0.208107546 0.9781026046
1625135633.581683 22.36528119 -15.7175143 0.6106581117 8.478830462e-05 0.004466493164 0.2162605898 0.9763254582999999
1625135633.681933 22.50214485 -15.66441809 0.5867364206 0.001880756761 -0.001275412295 0.2221229612 0.9750160133
1625135633.782804 22.64451005 -15.61213562 0.5706177287 0.007225720978 -0.0055569617 0.2061872128 0.978470103
1625135633.88333 22.78817724 -15.56258439 0.5763801258 0.014267782 -0.002415854576 0.1941536167 0.980864398
1625135633.983666 22.9350506 -15.51830185 0.5940094151 0.0114247804 0.01282702156 0.1827496866 0.9830094068
1625135634.083665 23.07490976 -15.48294303 0.6027196548 0.01250304171 0.02132413198 0.1746724376 0.9843162576
1625135634.183603 23.21485258 -15.45298163 0.5875105422 0.01661231476 0.02005125158 0.1640398192 0.9861099918
1625135634.28298 23.35476904 -15.42104317 0.5667154948999999 0.01732937494 0.01702589445 0.167806862 0.9855205065
1625135634.382704 23.49199206 -15.38581165 0.5594496987000001 0.01076819414 0.01534467766 0.164113615 0.9862633057
1625135634.482032 23.62702856 -15.35110376 0.5681533721000001 0.01156494482 0.01376868384 0.1775233236 0.9839523083
1625135634.582009 23.76629623 -15.31365898 0.5806579254000001 0.01184238929 0.02653778511 0.1769534865 0.9837901033000001
1625135634.681801 23.90756617 -15.27338782 0.5760721205 0.009257795581000001 0.03560068082 0.1860471178 0.9818520024
1625135634.781835 24.04965199 -15.23530744 0.5540519509 0.01427213941 0.03335101901 0.1947138474 0.9801890293
1625135634.882454 24.19500117 -15.19701196 0.538989673 0.02009589341 0.03342223696 0.1857720934 0.9818186383
1625135634.983187 24.34496233 -15.16185057 0.5458038777000001 0.02349203688 0.02775723361 0.1708505655 0.9846256875
1625135635.083918 24.49392833 -15.13193437 0.5634867499 0.01817365641 0.03508126936 0.1426193043 0.9889887546
1625135635.183389 24.63625406 -15.10745678 0.5709314921 0.01685099063 0.04088981913 0.1474929436 0.9880738325
1625135635.283235 24.78444988 -15.08872508 0.5588050392 0.01694808404 0.03714458162 0.141753691 0.9890596208
1625135635.382788 24.93457626 -15.07150923 0.5445698237 0.01572879815 0.0337010608 0.1412328575 0.9892775765
1625135635.482202 25.07499033 -15.05338571 0.5432899353 0.01502522491 0.02209326331 0.1481645382 0.9886017398
1625135635.581897 25.22104996 -15.03413833 0.5542054719 0.02299492873 0.01943377911 0.1589701424 0.9868242272
1625135635.682159 25.36957302 -15.01446795 0.5619827187999999 0.02245802186 0.02938152622 0.1506673794 0.9878925569
1625135635.781933 25.52241328 -14.99091872 0.5495694422 0.02374681386 0.02928278064 0.1615441787 0.9861450633
1625135635.882536 25.68110109 -14.96863019 0.5186771799 0.03167920055 0.02160713379 0.1483731505 0.9881877191
1625135635.982677 25.83760829 -14.94743716 0.5007186479 0.04273835968 0.02412269276 0.1384476514 0.98915306
1625135636.082809 25.99866033 -14.93154626 0.5124818356 0.04995534305 0.04381920561 0.1396780442 0.9879647691
1625135636.184161 26.15762095 -14.92708236 0.5294295218 0.04776070998 0.05754169576 0.08948390037999999 0.9931769729
1625135636.283701 26.30348298 -14.92320535 0.5290688047 0.04703940866 0.05288867965 0.07991456219 0.9942855447
1625135636.383082 26.44461201 -14.91714324 0.5174990315 0.04319294345 0.03737948414 0.0796452695 0.9951852967
1625135636.482941 26.5918973 -14.9065406 0.5104978064 0.03345630189 0.03168019396 0.06566052775 0.9967776765
1625135636.582095 26.73651593 -14.88963119 0.5184764905 0.02575123212 0.0281143242 0.07148120581 0.996713046
1625135636.681553 26.88209721 -14.86897064 0.5329311544999999 0.02447996322 0.04346403838 0.07881010364 0.9956407868
1625135636.781351 27.02650697 -14.84719856 0.5342862443 0.01611457621 0.05196019713 0.08442322446 0.9949438062
1625135636.882093 27.17046666 -14.82846288 0.5159175981 0.01219486573 0.04527867604 0.06035005215 0.9970752218
1625135636.982227 27.3098596 -14.8068642 0.5004428368 0.01452521878 0.03569555391 0.04953212863 0.998028764
1625135637.082446 27.45466371 -14.78486796 0.5057474474 0.01655072648 0.03685672496 0.04068095049 0.9983550047999999
1625135637.182997 27.60483888 -14.76698274 0.5262059698 0.007041672267 0.04938763766 0.0146860531 0.9986468825
1625135637.282962 27.75276368 -14.76012471 0.5354652769 -0.00220123345 0.06046441597 0.00211882367 0.9981656774
1625135637.382863 27.89488003 -14.75823428 0.520936327 -0.001709423885 0.05429137873 -0.01457898066 0.9984172361
1625135637.481762 28.03393249 -14.7580604 0.5000568662 0.003995439683 0.04161850791 0.002392189279 0.999122722
1625135637.581743 28.17533432 -14.75607059 0.4946406433 0.0003677553425 0.03340215567 -0.0052118445 0.9994283353
1625135637.681234 28.31955254 -14.75020741 0.5073692197 -0.00264262717 0.03396946829 0.006502367806 0.9993982244
1625135637.781281 28.46366947 -14.74368516 0.520857943 -0.005734851662 0.04789257984 0.008461035812000001 0.9988001918
1625135637.881521 28.61237933 -14.73698011 0.5141105889000001 -0.003149776302 0.05498624882 0.01137587182 0.998417338
1625135637.982038 28.76310358 -14.73407999 0.4928732758 0.008735139956000001 0.04981843646 0.003206791151 0.9987149429
1625135638.082164 28.90900034 -14.72945848 0.4832748489 0.02611687651 0.04463718312 0.003665772781 0.998655092
1625135638.182576 29.0629103 -14.72961944 0.4973801123 0.03500626706 0.05190398979 0.0008830286891 0.9980379539000001
1625135638.283753 29.21421979 -14.74123971 0.5215718684 0.02996018212 0.06350389532 -0.03860714394 0.9967843955
1625135638.383628 29.35569476 -14.75782174 0.5308035402 0.02992443022 0.06306041749999999 -0.05082255983 0.9962655166
1625135638.483273 29.49309422 -14.77766686 0.5219394574 0.02976892072 0.05333531212 -0.05761544855 0.9964685725
1625135638.582728 29.6321778 -14.80067901 0.5086327297 0.02741509234 0.04446495869 -0.05871947167 0.9969068682
1625135638.682076 29.77007 -14.82330999 0.5088689236 0.02577818146 0.03625663378 -0.05346714878 0.9975781703
1625135638.781746 29.9105708 -14.84518908 0.525283693 0.03674789892 0.0409957867 -0.05210648232 0.9971227868
1625135638.881407 30.04918383 -14.86214438 0.5382050637 0.04030638784 0.0466746827 -0.04529756509 0.9970682021
1625135638.981943 30.19362327 -14.87693374 0.5307288124 0.03417567709 0.04426241253 -0.05883391578 0.996700272
1625135639.082258 30.3373942 -14.88747034 0.5112508764 0.03233974033 0.03654915086 -0.07043739089000001 0.9963216723
1625135639.182485 30.48083302 -14.90562483 0.5035539159 0.03885074173 0.02931831368 -0.07667798225 0.9958672318
1625135639.283337 30.62350712 -14.92727546 0.5143605996 0.04418297124 0.02766376474 -0.1122690414 0.9923095503
1625135639.382404 30.75646949 -14.94557096 0.5329983057 0.04147442531 0.03464113904 -0.09933411931 0.9935857267
1625135639.482177 30.89326099 -14.9734692 0.5347382061 0.03761294103 0.0368319008 -0.09828185993999999 0.9937652407999999
1625135639.581733 31.02327242 -15.00178723 0.5193117689 0.03703501255 0.02902226317 -0.09511515298999999 0.9943536714
1625135639.681221 31.15688884 -15.03177922 0.5079709461 0.03658426896 0.02366408054 -0.07746792174 0.9960423303
1625135639.780884 31.28539068 -15.06418114 0.5147607796 0.039406811 0.01027732397 -0.06230104393 0.9972261829
1625135639.880947 31.42252815 -15.09424398 0.5311381076 0.04694149289 0.01669527704 -0.04842342262 0.9975835484
1625135639.98067 31.55808562 -15.11883421 0.5395218081000001 0.04081255761 0.02606054694 -0.01534140599 0.9987090789
1625135640.081697 31.70224521 -15.14516648 0.5270656931 0.03081586479 0.03207268778 -0.01303228107 0.998925365
1625135640.181948 31.83674127 -15.16908129 0.5109848767 0.02866768819 0.03025259747 0.0006856279155 0.9991308593
1625135640.281453 31.96404282 -15.19398413 0.5110350242 0.03081812063 0.01834599477 0.04863178346 0.9981726392
1625135640.382364 32.09871324 -15.2291483 0.5285973302 0.0314425648 0.01937876429 0.05880443343 0.99758602
1625135640.4835 32.23577874 -15.2710664 0.5485018316 0.0323833471 0.02673334126 0.04799479657 0.9979645018
1625135640.583234 32.36335434 -15.3161093 0.5539845304 0.0347939818 0.02005591824 0.06856750091 0.9968378187
1625135640.682434 32.4939917 -15.35676744 0.5452371025 0.02875173483 0.01047974583 0.1106885965 0.9933838872
1625135640.781492 32.61961063 -15.39585169 0.5357335640999999 0.01382992925 0.008825047428000001 0.1618451278 0.9866797891
1625135640.880946 32.74463626 -15.43937115 0.5436439825 0.005955396246 0.006424675206 0.2134146795 0.9769224285
1625135640.98242 32.87702877 -15.4861416 0.5657182375000001 0.0156311371 0.007005086835 0.2044315334 0.9787309868
1625135641.082377 33.00745303 -15.53117069 0.5722140016 0.01884370776 0.00733695052 0.2293771086 0.9731275485999999
1625135641.182029 33.14106972 -15.56981388 0.5569776384 0.01705494911 0.002944860722 0.2678612159 0.9633020427
1625135641.281381 33.27224578 -15.61345795 0.5404724633 0.01413194 0.000472331552 0.3177900286 0.948055675
1625135641.382474 33.41441629 -15.65485758 0.5402706617 0.01310204569 -0.001299146784 0.3245593565 0.94577369
1625135641.482816 33.54701218 -15.70837659 0.5511565592 0.01706797721 0.003415085649 0.3356067185 0.9418413623
1625135641.582703 33.67305402 -15.76383695 0.557964237 0.02017088349 -2.920430543e-05 0.362121286 0.9319127152
1625135641.682775 33.80469624 -15.82256906 0.5484456233 0.01677758689 -0.008316022647 0.3806192409 0.924542238
1625135641.782634 33.93062994 -15.88567784 0.5288201227 0.007743008251 -0.01985017698 0.3970060648 0.9175686355
1625135641.881617 34.0512382 -15.95027808 0.5198359048 -0.002932458906 -0.02886313604 0.4438749419 0.8956189793
1625135641.981944 34.17999349 -16.01786902 0.5340500134 0.002207261326 -0.03778567361 0.4606665777 0.8867658513
1625135642.082195 34.31132238 -16.09303702 0.5511947471999999 0.02120266406 -0.03841510763 0.4754883372 0.8786270925
1625135642.183262 34.45347175 -16.16945701 0.5410210535 0.03100778351 -0.03598430562 0.4656025719 0.8837182199
1625135642.284379 34.60205847 -16.24023801 0.5130652946000001 0.0252461283 -0.03145562734 0.4346572381 0.8996923151
1625135642.384742 34.75217824 -16.30187642 0.5047263792 0.02010843102 -0.02590642509 0.4129618389 0.9101576939
1625135642.484304 34.8859987 -16.37667639 0.5289009547 0.01892869634 -0.03120169016 0.3960995196 0.9174820594999999
1625135642.583744 35.01731405 -16.45242191 0.5651942116999999 0.02708648525 -0.02577017877 0.3872614874 0.9212115721
1625135642.683341 35.14311203 -16.53396536 0.5881884299 0.03361615405 -0.02284943842 0.3611191022 0.9316334319
1625135642.781894 35.26435151 -16.61316055 0.5856955082999999 0.02963827083 -0.02716291353 0.3695218185 0.928351967
1625135642.881017 35.38215208 -16.69342762 0.5766242827 0.01682073883 -0.03291169944 0.3741889381 0.9266156276
1625135642.980843 35.49588398 -16.77748884 0.5920519729 0.003407957161 -0.03335776624 0.3632787519 0.9310769
1625135643.080606 35.60428863 -16.86337948 0.6288126557 0.00976750406 -0.03250172066 0.3648044743 0.9304654371
1625135643.181302 35.72573397 -16.95029725 0.6501342089 0.01598538694 -0.02031305449 0.3471442635 0.9374554430000001
1625135643.282138 35.85775319 -17.03639604 0.635777849 0.01574092752 -0.01583356207 0.3152404827 0.9487491552
1625135643.381617 35.97663043 -17.12537469 0.613237403 0.01061090585 -0.02469003797 0.3211760722 0.9466381259
1625135643.482008 36.09719175 -17.2121414 0.6123154345 0.005740793021 -0.03431043201 0.3081959308 0.9506866496
1625135643.581909 36.21447595 -17.30708736 0.6306846723 0.01061735876 -0.0260793833 0.302895686 0.9526076532
1625135643.681673 36.33403036 -17.40751994 0.6421721392 0.02428472485 -0.02154175029 0.3071741648 0.9510994887999999
1625135643.781408 36.44940261 -17.51334572 0.6318982182 0.0314067515 -0.02493532023 0.3133081401 0.9488044346
1625135643.881326 36.56304938 -17.61707149 0.6163909873 0.02732397333 -0.03064215494 0.3195808174 0.9466691925
1625135643.981305 36.66805187 -17.72156798 0.612557295 0.01615780613 -0.03492841543 0.3259714981 0.9445959524999999
1625135644.081948 36.78558996 -17.82277689 0.6341865464999999 0.01670148339 -0.02672595596 0.3207278716 0.9466469332
1625135644.182515 36.90206637 -17.92353019 0.6571063416 0.02437386024 -0.01767688145 0.3045726689 0.9520130945
1625135644.282609 37.02096964 -18.01480335 0.6522049918 0.02216663129 -0.01440130001 0.3023812282 0.9528204635999999
1625135644.382742 37.13830236 -18.10546559 0.6351088464 0.02073743332 -0.02455224479 0.2919215674 0.9559021626999999
1625135644.482886 37.25924104 -18.19039736 0.6290828851 0.01737602799 -0.03506622375 0.2831382879 0.9582803053
1625135644.583136 37.37513522 -18.28081556 0.6359418853 0.007624577372 -0.04551292623 0.2602717909 0.9644319749
1625135644.683444 37.5029646 -18.37314985 0.6529248437 0.01398521611 -0.03063820714 0.2363437185 0.9710856609
1625135644.782989 37.62563655 -18.46971592 0.6609818437 0.02004436036 -0.02054012923 0.2221139331 0.974598239
1625135644.881908 37.74357991 -18.56422002 0.6480073118 0.019493208 -0.02750904739 0.2323202399 0.9720548201
1625135644.981057 37.85670428 -18.65820043 0.6336167713999999 0.01765295953 -0.03858807747 0.2444008132 0.9687453617
1625135645.08061 37.96713506 -18.75222231 0.6366543676999999 0.01275436398 -0.04061037259 0.2512561682 0.9669842097
1625135645.180938 38.08095348 -18.84836019 0.6497545357 0.0213542185 -0.04143102051 0.2454209767 0.9682954157
1625135645.28133 38.20037261 -18.9417163 0.6534047395 0.02359474442 -0.03899782437 0.2379198452 0.9702147211
1625135645.381866 38.32669623 -19.03106942 0.6332015597 0.01525967822 -0.03861647606 0.2250561851 0.973460643
1625135645.48236 38.45229025 -19.11969299 0.6136769116 0.008632491686000001 -0.03560495353 0.2102132366 0.9769688647
1625135645.582264 38.56807516 -19.21068672 0.6148708787 0.01144828832 -0.03683539513 0.208371349 0.9772888372
1625135645.682207 38.67907325 -19.30780481 0.6340557226 0.01375093477 -0.03265429085 0.2109331436 0.9768581361000001
1625135645.78327 38.79885311 -19.40916099 0.6428188754 0.01316625281 -0.0178026662 0.1705899951 0.9850932791
1625135645.882662 38.9057812 -19.5111026 0.628901732 0.01057791171 -0.01272841202 0.1710111529 0.9851300832
1625135645.981822 39.00643289 -19.61706495 0.614712375 0.010503969 -0.01877706901 0.1859433812 0.9823248685
1625135646.081422 39.10199332 -19.72723893 0.6228057494 0.009427378732000001 -0.02059696548 0.1931618261 0.9809053973
1625135646.181758 39.1975896 -19.8328993 0.6499711656 0.0136166939 -0.02189221313 0.182888471 0.9827955656
1625135646.28192 39.29447061 -19.93161057 0.664750049 0.01083068065 -0.0193622221 0.1771625506 0.9839315176
1625135646.381908 39.39033677 -20.02847361 0.6577903168 0.005236990591 -0.0287651427 0.1752438541 0.984090815
1625135646.481641 39.48812453 -20.12646894 0.6538469942 0.002275155915 -0.04387000372 0.1845367748 0.9818433812
1625135646.582029 39.59708301 -20.22427998 0.6675797265 -0.002435662234 -0.04774689032 0.17693456 0.9830607629
1625135646.682267 39.7024592 -20.32474092 0.6879251193 -0.004595511207 -0.04087598556 0.1675373152 0.9850072503
1625135646.782372 39.80224037 -20.4286409 0.7009219117 -0.002256670667 -0.03236459576 0.1630052283 0.9860916468000001
1625135646.882594 39.89829889 -20.53874249 0.6989609806 -0.001503826567 -0.02703207706 0.1497380575 0.9883549562
1625135646.982663 39.99762759 -20.64839143 0.6837017254 -0.005989818297 -0.0235371483 0.1375117594 0.9902023231
1625135647.081931 40.08760684 -20.75314445 0.6783740408 -0.01464332317 -0.02468463886 0.1468683266 0.9887395695
1625135647.181506 40.18015052 -20.85841618 0.6974059653 -0.01898703337 -0.02304190493 0.1595800268 0.9867333876
1625135647.281927 40.2745884 -20.96805379 0.721455007 -0.01111374071 -0.02107590045 0.1445442993 0.9892114217
1625135647.381778 40.3705804 -21.07781358 0.7240814466 -0.00241179113 -0.01880444996 0.1468789303 0.9889727780999999
1625135647.48166 40.46694776 -21.18670191 0.7103851079 0.004725157192 -0.02605772732 0.1505045589 0.9882545449
1625135647.581818 40.56596075 -21.29755499 0.7041378252 0.008952379652999999 -0.03176193619 0.1493673431 0.9882309604
1625135647.682376 40.65947643 -21.40852764 0.710360085 0.00812836538 -0.0394982587 0.1289819243 0.9908266652
1625135647.782296 40.74738618 -21.51972241 0.7215328209 0.01242664179 -0.03669111976 0.1273658192 0.9910990306
1625135647.882716 40.83646372 -21.64318323 0.7290330208 0.01979059113 -0.02779309909 0.1032443409 0.9940706626
1625135647.982151 40.92060445 -21.76902649 0.7180603612999999 0.02269279373 -0.02459024427 0.1059633987 0.9938068802
1625135648.081798 40.99905687 -21.89927674 0.6986822618 0.02280500217 -0.02505410572 0.1048188813 0.9939140938
1625135648.181851 41.07248017 -22.03296618 0.6987329504999999 0.01884870695 -0.01715119015 0.09299437995 0.9953404484
1625135648.282235 41.14709004 -22.16234322 0.7188852521 0.02249318937 -0.008151758548 0.06692290742 0.9974712676
1625135648.381809 41.21408291 -22.28851621 0.7298327898 0.02447391559 -0.008088262124 0.06431518393000001 0.9975966944
1625135648.481628 41.28201008 -22.41415181 0.7218167261 0.01978867389 -0.01730236241 0.05817380587 0.9979603424
1625135648.581411 41.35134424 -22.54019824 0.7062234599 0.01158290072 -0.0315966482 0.05171725471 0.9980945916
1625135648.68103 41.41844512 -22.66968398 0.7032842215 0.008809517151 -0.04584626805 0.0549335423 0.9973980239
1625135648.781224 41.48403308 -22.80685408 0.7214016562 0.02146458624 -0.0505481813 0.04843198723 0.9973156449
1625135648.881545 41.54205379 -22.95290621 0.7384449879 0.03467018125 -0.05018403896 0.03580758034 0.9974955428
1625135648.982226 41.60052816 -23.10266656 0.7376768482 0.04264225818 -0.04545317942 0.009191654903 0.998013607
1625135649.081978 41.64924361 -23.24923131 0.7231643169 0.04110965379 -0.04539821663 0.002375689485 0.9981199098
1625135649.181107 41.68923724 -23.3869096 0.7167011207 0.03382022513 -0.04732251185 0.02291642213 0.9980438917
1625135649.281121 41.73135137 -23.52606701 0.7347451923 0.02966234989 -0.04501659177 0.02643571069 0.9981957747
1625135649.381325 41.77124996 -23.65641227 0.7586721462 0.02890569892 -0.04365171639 0.02048893658 0.998418345
1625135649.481518 41.81771664 -23.78229731 0.7609162551999999 0.02350387671 -0.03803607726 0.01806813141 0.9988365068
1625135649.581793 41.86673603 -23.91091334 0.7416102932 0.01548568687 -0.03819844218 0.006184388476 0.9991310354
1625135649.681387 41.91116594 -24.04136134 0.727601697 0.006330585657 -0.04704177807 0.01516379979 0.9987577554
1625135649.781767 41.95771202 -24.17525632 0.7353294191 0.0003071957911 -0.05585479279 0.004969419119 0.9984264883
1625135649.881532 41.99777158 -24.30602123 0.7544542846 -0.00400002647 -0.05455042904 0.007924827786 0.9984715557
1625135649.982122 42.0390054 -24.44794931 0.7723580383 0.000502714285 -0.04878589401 -0.01127052071 0.9987455428000001
1625135650.082304 42.07811333 -24.5910314 0.7730325852 0.002556723201 -0.04467473795 -0.0282024083 0.9986001477999999
1625135650.182107 42.11586357 -24.73406095 0.7578859106 -0.004798113021 -0.03945803902 -0.03379034588 0.9986381996
1625135650.282157 42.15281895 -24.88402 0.7528833906 -0.009213511573 -0.03467115572 -0.04797215202 0.998204235
1625135650.382015 42.18573333 -25.03720568 0.774686059 0.001714843712 -0.02761010938 -0.06056810411 0.9977806602
1625135650.481539 42.21665826 -25.18504454 0.7935253825 0.01182704007 -0.02164567027 -0.05982477724 0.9979040946
1625135650.581391 42.25323302 -25.32709794 0.7860250269 0.01367703497 -0.01784799204 -0.06498445292 0.9976329028000001
1625135650.681165 42.28870821 -25.4698162 0.7652457015 0.01132028801 -0.02319050603 -0.06850790681 0.9973167592
1625135650.781003 42.32749476 -25.61435423 0.7574797385000001 0.01297206853 -0.02959754886 -0.06552471745000001 0.99732754
1625135650.881346 42.35607342 -25.75975232 0.7720639706 0.01529145561 -0.03770108359 -0.07965798693999999 0.995991669
1625135650.981573 42.37945062 -25.90525641 0.7923882185 0.0214823251 -0.03144842577 -0.08423024048 0.9957182196
1625135651.082509 42.40223613 -26.05690187 0.8004354957000001 0.0292608236 -0.02102989097 -0.1210454348 0.991992717
1625135651.181764 42.41016414 -26.20292902 0.7880723346 0.02447520262 -0.02175155035 -0.113139463 0.9930394234
1625135651.281243 42.41703607 -26.34573384 0.7762229413 0.0175114047 -0.02052066977 -0.1020315122 0.9944153173
1625135651.380763 42.41178185 -26.48491106 0.7785455886 0.004368952335 -0.01652685369 -0.09196502312 0.995615493
1625135651.48081 42.40954714 -26.62293966 0.7961818748 -0.0007216859898 -0.01993095389 -0.08631110623 0.9960685866
1625135651.581291 42.40128625 -26.76964465 0.8090524519 0.005949016658 -0.02385882102 -0.09950989201 0.9947327014
1625135651.681509 42.39684369 -26.91633811 0.7978363325 0.007602511903 -0.02918564946 -0.1027014714 0.9942549006
1625135651.781628 42.38927244 -27.06702483 0.7750155547000001 0.003449027796 -0.04059626628 -0.1074515957 0.9933751567
1625135651.881736 42.38437068 -27.2177838 0.7657100461 -0.001726592215 -0.04577707844 -0.1108285589 0.9927832132
1625135651.982059 42.37879216 -27.37300713 0.7795362605 0.00244106594 -0.04318947066 -0.1241332926 0.9913221658
1625135652.082482 42.36949202 -27.53208033 0.7970303445 0.01229546469 -0.03442004878 -0.14824598 0.9882748662
1625135652.182351 42.35741621 -27.68655045 0.7980485301 0.0184835255 -0.02870889163 -0.1652603522 0.9856587516999999
1625135652.281286 42.33670115 -27.83660354 0.7837024566 0.01419525998 -0.02886166994 -0.1535380265 0.9876191437
1625135652.380519 42.31676349 -27.97954965 0.7756188254 0.009574212778 -0.02698441076 -0.1404164448 0.9896784316
1625135652.480073 42.29422284 -28.1218464 0.7863038529 0.008482626372 -0.02523790878 -0.1291087352 0.9912729329
1625135652.580363 42.27429417 -28.27025221 0.8066470549 0.01972291932 -0.02711949095 -0.1342291995 0.9903827854
1625135652.680577 42.25705448 -28.41856118 0.8058947129 0.02847444793 -0.02858391533 -0.1360250192 0.9898835082
1625135652.780867 42.24102938 -28.56626312 0.7783094816 0.02483538906 -0.03656610188 -0.1423049631 0.9888353863
1625135652.880908 42.22741906 -28.71687947 0.7568543159 0.01962668816 -0.04683737341 -0.1388465297 0.989010968
1625135652.9815 42.21378589 -28.86998861 0.7590131774 0.01696747191 -0.05199474218 -0.1527212719 0.9867547136
1625135653.082381 42.201824 -29.0280321 0.7733987063 0.02211694346 -0.04197085556 -0.1828814002 0.9819896545
1625135653.182589 42.18632083 -29.18514356 0.7830113898 0.02664935624 -0.03329470753 -0.2061816026 0.9775839713
1625135653.281674 42.16060568 -29.33250592 0.7754887233 0.0244438701 -0.03963204659 -0.2001185917 0.9786645735
1625135653.380716 42.13536706 -29.47682561 0.7626083521 0.01738254541 -0.05056168074 -0.1832516149 0.9816110273999999
1625135653.480086 42.10386735 -29.62230357 0.7632795314 0.01054984771 -0.05517197842 -0.1722205599 0.9834555568
1625135653.579666 42.0832188 -29.77179426 0.7854779802 0.01305063164 -0.05679810621 -0.1514962867 0.9867383297
1625135653.680197 42.07067225 -29.92433215 0.8026169793 0.02228508436 -0.04824506062 -0.1566920203 0.9862167104
1625135653.780668 42.07092188 -30.07666809 0.7897825823 0.02133131891 -0.03647193465 -0.1629392321 0.9857309874
1625135653.880997 42.06841045 -30.22951785 0.7620224598000001 0.01349394469 -0.03477906711 -0.1678026298 0.9851145148
1625135653.981171 42.07132496 -30.38316844 0.7512431969 0.008616101639 -0.03306604443 -0.1664014553 0.9854658569
1625135654.081642 42.06915511 -30.52964889 0.7621853932 -0.002353112972 -0.029330999 -0.183887432 0.9825067774
1625135654.181798 42.06422007 -30.67114302 0.7794457661999999 -0.004612496096 -0.016532085 -0.195978037 0.9804580684999999
1625135654.281599 42.04940314 -30.81145732 0.7883778634 -0.0004109446499 -0.01129127372 -0.2052421893 0.9786459942
1625135654.380849 42.02865915 -30.95171013 0.7787689493 -0.0004251837704 -0.01480742806 -0.1941192465 0.9808660854
1625135654.480517 42.0043644 -31.08815999 0.7657671367 -0.006622801592 -0.0179798673 -0.1930800037 0.9809959098
1625135654.57983 41.97806551 -31.21936385 0.7707680282 -0.01745787982 -0.01602366517 -0.1770822511 0.9839107383
1625135654.680204 41.95881221 -31.35658228 0.7901227238 -0.01150355178 -0.01435422182 -0.1847960768 0.9826047194
1625135654.780149 41.93238085 -31.49673172 0.7973578424 -0.0009075115898 -0.01656980241 -0.1822767945 0.983107211
1625135654.880829 41.91275051 -31.64145656 0.77767002 -0.0002496483598 -0.01999929797 -0.1982577567 0.9799458289
1625135654.981101 41.88942702 -31.78780584 0.7516073176 -0.003238017449 -0.0248733351 -0.2106471536 0.9772403027
1625135655.081657 41.86804076 -31.93984449 0.743560466 -0.001591756593 -0.0241053535 -0.2328234954 0.9722189148
1625135655.18244 41.84286535 -32.09465065 0.7546943146 0.009743704394 -0.01727736195 -0.2754991812 0.9610966414
1625135655.28175 41.80671214 -32.2406933 0.7706784269 0.02266323288 -0.01329705373 -0.283450099 0.9586269387
1625135655.380957 41.77276723 -32.3827142 0.7719109329 0.0282297205 -0.01875852252 -0.2843378829 0.9581248191
1625135655.480224 41.73825807 -32.52239777 0.7572373331 0.02613588294 -0.02200644663 -0.2845112494 0.9580636622000001
1625135655.579509 41.70635345 -32.65859639 0.7470141216 0.02472700259 -0.01962272039 -0.2780743785 0.9600407097
1625135655.678452 41.66892295 -32.79328777 0.7523271763 0.02389728847 -0.01838158155 -0.2493446499 0.9679453924
1625135655.778486 41.63967517 -32.92740669 0.7663324618 0.03245676153 -0.02022936235 -0.2363333379 0.9709190929
1625135655.879129 41.61196501 -33.0663451 0.7680629418 0.04075182912 -0.01673158833 -0.238036512 0.9702566472
1625135655.979583 41.58599034 -33.20645761 0.7475728363 0.03906776961 -0.01797993295 -0.2314057309 0.971906281
1625135656.080477 41.56523946 -33.34751214 0.7231799206 0.03256042447 -0.02143982231 -0.2388703791 0.9702685684
1625135656.181087 41.5436894 -33.48580888 0.7150592459 0.0234149211 -0.01922979172 -0.2460156427 0.9687921656
1625135656.281568 41.52019959 -33.61931572 0.7277176440000001 0.01808010405 -0.01581210183 -0.2525200728 0.9672934922
1625135656.381955 41.48433304 -33.74944928 0.743538984 0.02081647223 -0.01915488546 -0.2661524059 0.9635157817
1625135656.481951 41.44012389 -33.87730762 0.7465932476 0.0206343994 -0.02806962595 -0.2752810265 0.9607323634
1625135656.581703 41.388418 -34.00562755 0.7342674957999999 0.009932421110999999 -0.03647654571 -0.2826184824 0.9584871424
1625135656.681434 41.34165702 -34.13321146 0.7275949658 -0.002803336552 -0.03566803154 -0.2907384683 0.9561333986
1625135656.78071 41.29667801 -34.25950443 0.739892692 -0.01205565773 -0.02803162494 -0.2854712802 0.9579013714
1625135656.879922 41.25445911 -34.39047041 0.7590598049 -0.01075142439 -0.02857417081 -0.2705820508 0.9622126987
1625135656.979747 41.21919164 -34.52740388 0.763991865 -0.003256831513 -0.02166483139 -0.2641385673 0.9642358868000001
1625135657.079917 41.18508808 -34.67395259 0.7435063775 -0.0010387186 -0.01920470703 -0.2658960295 0.9638098369
1625135657.18011 41.14911935 -34.82282226 0.7215989599 -0.001891256179 -0.02002750583 -0.2634109791 0.9644739386
1625135657.280727 41.11684968 -34.97711214 0.7205455054 -0.00553613133 -0.01822389159 -0.2710618579 0.9623734775
1625135657.381515 41.0826508 -35.1315369 0.7379896674999999 -0.0001066568466 -0.01297144034 -0.2911387703 0.9565928846
1625135657.481788 41.03600247 -35.28283326 0.7508292112 0.01238542491 -0.007692258953 -0.303755255 0.9526385335000001
1625135657.581761 40.98653434 -35.42846414 0.7467176525 0.01394741341 -0.01133249596 -0.3127228539 0.9496743973
1625135657.681532 40.93555558 -35.57030907 0.7319785244 0.006944682021 -0.01383237095 -0.319862101 0.9473376765
1625135657.78109 40.88564781 -35.70950545 0.7234414467 0.003940390635 -0.0107451387 -0.3217370677 0.9467598822
1625135657.88004 40.83660793 -35.85473008 0.7354969946 0.01189541311 -0.008051125409 -0.3000003867 0.9538309318
1625135657.979856 40.79210466 -36.00122728 0.7513396166 0.0271826287 -0.008719972641999999 -0.2920938941 0.9559635055
1625135658.080352 40.74962899 -36.14553299 0.7468239609 0.03022726011 -0.009156394912 -0.3053083299 0.9517296343
1625135658.180769 40.71093522 -36.28902089 0.723024529 0.02116513635 -0.01286841229 -0.3185460221 0.9475837023
1625135658.28108 40.67447529 -36.44242171 0.7028944967 0.01999136507 -0.02257807126 -0.3308083273 0.9432160021
1625135658.380935 40.62654984 -36.60173239 0.7066941962 0.02507428257 -0.03047688892 -0.3321435108 0.9424028479
1625135658.481574 40.57899179 -36.76083558 0.7279539443 0.03504444551 -0.02256904864 -0.3542875588 0.9342070705
1625135658.581908 40.52286255 -36.9091633 0.739546026 0.03593600444 -0.01541002217 -0.3799129643 0.9241954741
1625135658.682371 40.4722335 -37.0499709 0.7335007515999999 0.03046807929 -0.008830877956999999 -0.4134463543 0.909975727
1625135658.782081 40.40943657 -37.18152877 0.7268191097 0.02298212964 -0.007226456411 -0.4405807021 0.897389684
1625135658.881295 40.34475481 -37.30881868 0.7367028875 0.0106256765 -0.008643722417 -0.4491290054 0.8933619186
1625135658.981774 40.28054924 -37.44251508 0.7647929348 0.01382570916 -0.0191494724 -0.4938001907 0.8692545766999999
1625135659.081409 40.21394326 -37.57428148 0.7806900803 0.02563808903 -0.02864689937 -0.5249068433 0.8502910381
1625135659.180824 40.15615394 -37.71295097 0.7678594608 0.03151663821 -0.03609966902 -0.5435679878 0.837996037
1625135659.280939 40.09933366 -37.85825342 0.7438214748999999 0.03313182154 -0.04621160999 -0.5835410131 0.8100905231
1625135659.380216 40.03983208 -38.00531139 0.7375989726 0.04023547086 -0.05435993642 -0.5993226511999999 0.7976455754
1625135659.480674 39.97909311 -38.15717394 0.7487108339 0.05400296923 -0.04946641117 -0.6364140028 0.7678632499
1625135659.581781 39.9141063 -38.30345579 0.7605194027 0.0686808044 -0.03242057657 -0.6967601037 0.713272186
1625135659.68118 39.84808254 -38.43202349 0.7622291318 0.07383838962 -0.02624683437 -0.724384453 0.6849278504
1625135659.780256 39.78684665 -38.55202105 0.7482458588999999 0.06844275576 -0.02966746549 -0.7408300889 0.6675374223
1625135659.879151 39.72135728 -38.67429263 0.7351729943999999 0.06406343477 -0.03466212256 -0.7479186433 0.6597818705
1625135659.97831 39.65495334 -38.79611473 0.7400811964 0.06197622169 -0.03049132651 -0.7517809015 0.6557855618
1625135660.077989 39.58861752 -38.92619849 0.7586911089 0.07168179920999999 -0.02602261079 -0.7534621226 0.6530538823000001
1625135660.179353 39.52006568 -39.0682154 0.7657790015 0.08458930813 -0.0129356575 -0.7858247184 0.6125004732
1625135660.279392 39.46251236 -39.20373628 0.7456422199 0.07574113085 -0.005547764499 -0.8002860911 0.5947896063
1625135660.377151 39.40962809 -39.32873492 0.7174211095 0.06452838921 -0.01481524231 -0.7611041004 0.6452419267
1625135660.476362 39.34729856 -39.45838693 0.7063336635 0.06385237367 -0.02213038323 -0.7257155254 0.6846678733
1625135660.579075 39.27259227 -39.60986046 0.7183618161999999 0.07706619223 -0.003050188015 -0.7532598824 0.653185309
1625135660.682362 39.1866228 -39.76147962 0.7349815483 0.09414293956 0.02805536974 -0.8101229029 0.5779713534000001
1625135660.781975 39.11239054 -39.88442361 0.7329607126 0.09623236533 0.03107401595 -0.8139630852 0.5720470552
1625135660.881384 39.03580649 -40.00279439 0.7175465973 0.08497858507 0.02228334624 -0.8109607918 0.578467533
1625135660.981563 38.95862127 -40.12370331 0.7104865473 0.07058524304 0.01577383403 -0.8272322373 0.5571855483
1625135661.080141 38.88458738 -40.23287461 0.7240956971 0.05691690288 0.004941309471 -0.8166179961 0.574344059
1625135661.17995 38.80556479 -40.35929108 0.7449079834 0.06681436179 -0.004301579008 -0.8167493231 0.5730950015
1625135661.280061 38.72715954 -40.48348022 0.7473662193 0.07149361291 -0.005256784005 -0.8270254615 0.5575750313
1625135661.379898 38.65014187 -40.61439618 0.7250176216000001 0.06728978043 -0.008893516020000001 -0.8285296579 0.5558161537
1625135661.480882 38.5729252 -40.75248779 0.701678342 0.07090598446 -0.007059562662 -0.8514090839 0.5196393709
1625135661.581063 38.49564217 -40.88784947 0.7005357429 -0.07198002306 0.007664381297 0.8637117268 -0.4987606506
1625135661.681421 38.40807387 -41.02503072 0.7128508752 -0.08329396001 -0.003972548813 0.8798361054 -0.4679046514
1625135661.780701 38.31905545 -41.14669404 0.7185966576 -0.09319670596 -0.01124391494 0.8822653554 -0.4612979417
1625135661.87983 38.22886326 -41.26741137 0.705499366 -0.08563974433 -0.00372463152 0.8797204654 -0.4677006137
1625135661.979197 38.13707767 -41.38110617 0.6895178928 -0.06571449641 0.009482098914 0.8783319916 -0.4734180047
1625135662.078782 38.04932616 -41.49215626 0.6834182447 -0.046555267 0.01550754741 0.8733449964 -0.484624226
1625135662.17918 37.95827639 -41.61866456 0.7010189749 -0.05315188598 0.01420388054 0.8735260704 -0.4836582793
1625135662.27944 37.87898275 -41.7368063 0.7222499787 -0.05490493886 0.009491935284999999 0.8712521101 -0.4876629076
1625135662.380142 37.80413009 -41.86281739 0.7251351367 -0.04186999316 0.005831172704 0.8726374639 -0.4865354639
1625135662.48139 37.7353917 -41.98899979 0.7100846882 -0.01573968819 0.01390589943 0.887460643 -0.4604047082
1625135662.581555 37.67245439 -42.11304632 0.7048006858 0.00363463543 0.01925947314 0.8902335656 -0.4550824769
1625135662.68181 37.59989715 -42.23986537 0.7200900971 0.01132997917 0.02406278413 0.8949315387 -0.4454100975
1625135662.781981 37.52010502 -42.36485726 0.7394960623 0.009083167666 0.01036083155 0.9034130494 -0.4285498937
1625135662.881709 37.43319038 -42.49246827 0.7393903063 0.007760566099 0.003013929095 0.9086565501 -0.4174613321
1625135662.980699 37.34991954 -42.61036363 0.7209924452000001 0.01241481839 0.007539759205 0.9041759254 -0.4269132468
1625135663.079934 37.25956475 -42.73421876 0.7067295555999999 0.01508031487 0.01463240624 0.8981826648 -0.4391200034
1625135663.179401 37.16305361 -42.85871718 0.7150669131 0.01031419632 0.01929011817 0.8931875987 -0.4491518922
1625135663.279035 37.07047157 -42.98428787 0.7307928769000001 -0.003051284182 0.02171670257 0.8861089969 -0.4629577951
1625135663.379052 36.97905802 -43.118124 0.7269247177 -0.01313059084 0.01745267683 0.8795690202000001 -0.4752697448
1625135663.479764 36.88703795 -43.25688382 0.7076009223 -0.01298996773 0.0188668851 0.882659278 -0.469454897
1625135663.580431 36.80876311 -43.39129416 0.6977722709 -0.006979602499 0.02114287569 0.8873364038 -0.4605848135
1625135663.680582 36.72567431 -43.5239833 0.7124664751999999 -0.007749167589 0.02378357206 0.8843387993 -0.4661750532
1625135663.781577 36.63413031 -43.64904291 0.7386976268 -0.01037931777 0.02115141048 0.8975231498 -0.4403374651
1625135663.881474 36.5388429 -43.76600316 0.7463991417 -0.01196186483 0.01625501075 0.8997050674 -0.4360315128
1625135663.981284 36.43993003 -43.88551929 0.7287947509 -0.009679654685000001 0.01064389979 0.9018907129 -0.4317246271
1625135664.080843 36.33665494 -44.00902082 0.7103519383 -0.008372616508000001 0.004538295061 0.9008988645 -0.4339245776
1625135664.18035 36.23897029 -44.12631175 0.7114121627 -0.007598013763 0.001609107359 0.8998655306 -0.4360982777
1625135664.279492 36.1381344 -44.24099537 0.7260649163 -0.01765259571 0.007712663207 0.8894334178 -0.4566586209
1625135664.379287 36.03486634 -44.36339663 0.737227365 -0.03107076927 0.004644818537 0.8844215768 -0.4656302261
1625135664.47963 35.93334268 -44.48922311 0.7280688894 -0.02568751521 -0.001398803833 0.8856183826 -0.4637006311
1625135664.580159 35.83912265 -44.61341231 0.7089944092 -0.0141550617 -0.004504141015 0.8903365295 -0.4550606677
1625135664.6805 35.7432775 -44.73364143 0.7074532763 -0.01365271024 -0.003966851286 0.8938872354 -0.4480663768
1625135664.780922 35.6454803 -44.8560827 0.7255297419 -0.0240451044 -0.01326926821 0.8995645174 -0.4359236613
1625135664.880867 35.54591645 -44.97003205 0.7382896258 -0.02875521948 -0.01699599005 0.9009830807 -0.4325664827
1625135664.980624 35.44713854 -45.07816904 0.7308324567 -0.02428294079 -0.007212644531 0.9012452101 -0.4325683621
1625135665.079987 35.34510228 -45.18412303 0.7145080443 -0.01575470437 0.004184445323 0.8957019237 -0.4443560999
1625135665.179901 35.24494237 -45.29236215 0.70979474 -0.01016108809 0.007206415027 0.8955334076 -0.4448198913
1625135665.27961 35.14546686 -45.40284809 0.7254561784 -0.01727051948 0.01249141537 0.8911337649 -0.4532397894
1625135665.379652 35.05271802 -45.51798906 0.7386940922 -0.02202032648 0.009357991127 0.8888386533 -0.4575952158
1625135665.48005 34.96561148 -45.63991235 0.7312998996 -0.01651990293 0.004587449345 0.8920297082999999 -0.4516514671
1625135665.579825 34.88148701 -45.75692065 0.7189481092 -0.01338450934 0.01030540546 0.8859638332999999 -0.4634465876
1625135665.680424 34.79269487 -45.87699425 0.7170505278 -0.01070924912 0.01948812968 0.8896397926 -0.4561212167
1625135665.781367 34.69639334 -45.99996114 0.729823993 -0.009354019906000001 0.02454675133 0.903016141 -0.4288027616
1625135665.881394 34.60349764 -46.11350055 0.7449561459 -0.01915141387 0.008695755231 0.9093713933999999 -0.4154530972
1625135665.981113 34.50615265 -46.22795071 0.742921872 -0.01928882203 -0.001509224411 0.9118616392 -0.410041479
1625135666.08086 34.40641425 -46.33747886 0.7206525251 -0.009933052878 0.0003458201854 0.9188714469 -0.3944318432
1625135666.179574 34.30288612 -46.44763348 0.7064110304 -0.00401403062 0.004154319224 0.9102544738 -0.4140089638
1625135666.278922 34.1955503 -46.55916653 0.7153229722 -0.004675902275 0.0006139918739 0.9046203513 -0.4261921855
1625135666.378376 34.09848021 -46.66821249 0.7354250325 -0.01261156572 -0.003294195503 0.8953259014 -0.4452208743
1625135666.478411 34.00474334 -46.77700904 0.7437642023 -0.01517091033 -0.008193847054 0.8879733641000001 -0.4595715494
1625135666.579389 33.90923793 -46.89074893 0.7338250096 -0.01086986861 -0.006644917531 0.8933629682999999 -0.4491550933
1625135666.679691 33.8135064 -46.99959194 0.7218713168999999 -0.009379547836 -0.0005547176545 0.8909715122 -0.4539619817
1625135666.780374 33.71140287 -47.11700501 0.7255487064 -0.01074822315 0.00105535642 0.8920469342 -0.4518137106
1625135666.881413 33.60682496 -47.23091879 0.7459437794 -0.0153094698 -0.003858649243 0.9044028656999999 -0.4263873679
1625135666.981298 33.50193872 -47.3322294 0.7632579093 -0.02229766933 -0.01163720264 0.9048617564 -0.4249618705
1625135667.081451 33.39181784 -47.43540535 0.7574197194 -0.02382663349 -0.005803975543 0.9113870898999999 -0.4108189113
1625135667.180413 33.28415788 -47.52852258 0.7386442891 -0.01821418391 0.002827977086 0.9054537620000001 -0.4240444916
1625135667.280011 33.17306864 -47.63418913 0.7297437959999999 -0.01322783968 -0.0002375032184 0.9038376742999999 -0.4276709322
1625135667.379339 33.06943597 -47.73910977 0.7456646989 -0.01421468009 -0.003003068232 0.8988701834 -0.4379741065
1625135667.478899 32.97156721 -47.84352231 0.7660526069 -0.02362214062 -0.004713074995 0.8931310609000001 -0.4491510764
1625135667.578682 32.8753056 -47.94925585 0.7683082844 -0.02409685273 -0.006370107772 0.8871375137 -0.4608316343
1625135667.679155 32.7776098 -48.0539551 0.7526215357 -0.01731673136 -0.00149054013 0.890125882 -0.4553831609
1625135667.779425 32.67535072 -48.1552066 0.7395505062 -0.01437658401 0.003652782039 0.8892695705 -0.4571428683
1625135667.880601 32.56693688 -48.26944674 0.7441360835 -0.0179540407 0.002742167764 0.9003596815 -0.4347672675
1625135667.980909 32.46227478 -48.36134734 0.7643275048 -0.02194927943 0.002171280217 0.9079509811000001 -0.4184955563
1625135668.080629 32.35251189 -48.4504195 0.7767009514 -0.02567950841 0.006328222576 0.9046441251 -0.425346357
1625135668.181148 32.23684441 -48.54628272 0.7643247836 -0.02731513054 0.0123248432 0.9162683851 -0.3994423967
1625135668.279819 32.12566086 -48.63166097 0.7429804731 -0.02225672032 0.02112396195 0.9058197484 -0.4225505887
1625135668.379648 32.00954277 -48.73254144 0.7353616971 -0.0175083376 0.01972317288 0.9044292187 -0.4258077535
1625135668.479816 31.89254466 -48.83930214 0.7504564036 -0.0274470204 0.009915473195 0.9083916005 -0.4171007608
1625135668.579356 31.78618128 -48.94392807 0.7635017156 -0.041125245 0.000501846517 0.9026617 -0.4283810426
1625135668.679205 31.68423879 -49.05247436 0.7549911267 -0.04414551531 -0.002823443909 0.8963807424 -0.4410722916
1625135668.779807 31.5810955 -49.16455555 0.7295019339 -0.04450050925 -0.004038111043 0.9003556108 -0.4328546783
1625135668.880196 31.47597834 -49.27771573 0.7123125209 -0.04741832284 -0.005565178864 0.9037075275000001 -0.4254800067
1625135668.980083 31.36839982 -49.38541443 0.728499734 -0.04489812698 0.001451486133 0.9017616442 -0.4298929964
1625135669.080323 31.25989808 -49.48453175 0.7546904746999999 -0.04345850868 -0.002157058201 0.9034915529000001 -0.4263915089
1625135669.180925 31.14532903 -49.58094641 0.7613485875 -0.04318947004 -0.002632427871 0.9137990848 -0.4038551382
1625135669.280285 31.03171263 -49.67255376 0.7437676444 -0.04066369787 0.0005374582758 0.9113281454 -0.4096671652
1625135669.379659 30.91380283 -49.76313928 0.7229715692999999 -0.0341272375 0.005492447566 0.9046953496 -0.4246545527
1625135669.47998 30.80025472 -49.85324434 0.7167429475 -0.01831647846 0.008266464697000001 0.9119163115 -0.4098839019
1625135669.579254 30.69360662 -49.94391029 0.7325654788 -0.01794478236 0.01280433852 0.9026976598999999 -0.429710331
1625135669.679289 30.57874738 -50.04054102 0.7464626853 -0.02540758623 0.01171058122 0.9006295707999999 -0.433686169
1625135669.779588 30.46074684 -50.14324191 0.7341955564 -0.02564865176 0.01215413604 0.9015081117 -0.4318304624
1625135669.880043 30.34338822 -50.24394553 0.7106022323 -0.0252237416 0.016407428 0.9056911313 -0.4228689323
1625135669.980646 30.22767793 -50.34481308 0.7048133096 -0.02583519174 0.01929836393 0.9130671244 -0.4065323386
1625135670.081135 30.11277592 -50.43970363 0.7180447185 -0.02649926691 0.01914786775 0.9236807053 -0.3817657694
1625135670.180651 29.9969107 -50.5272135 0.7313677347999999 -0.03438520061 0.01546833531 0.9238157471 -0.3809761856
1625135670.280426 29.87422888 -50.61956201 0.7234316146000001 -0.03670277455 0.01855629887 0.9261855707 -0.3748184343
1625135670.379912 29.75013931 -50.70306076 0.7029516679 -0.03206717778 0.0256536748 0.9272736364 -0.3721252321
1625135670.479036 29.6272545 -50.78619225 0.6953424645 -0.02715968859 0.03076780472 0.9203210844 -0.3890048781
1625135670.579037 29.50202078 -50.87720711 0.7106130321 -0.02998193935 0.0305533072 0.9201604677 -0.3891944147
1625135670.679185 29.37995975 -50.96460229 0.7288277934 -0.03917466796 0.0282594621 0.9228458668 -0.3821285835
1625135670.779305 29.25741119 -51.05588172 0.726809054 -0.04041189871 0.02056221045 0.9236005556 -0.3806653223
1625135670.880109 29.13175651 -51.15086888 0.709179045 -0.03315335328 0.02080571907 0.934579132 -0.3535955644
1625135670.979868 29.0099743 -51.23356402 0.7006441628 -0.03035728638 0.02992963082 0.9359721374 -0.3494836339
1625135671.080037 28.88631494 -51.31786327 0.7163035064 -0.03062560022 0.03736648986 0.939590864 -0.3388728763
1625135671.180516 28.75926922 -51.39630317 0.7415094724 -0.04012911233 0.02980526874 0.9504030259 -0.306977831
1625135671.280009 28.62848335 -51.46883766 0.7462697634 -0.0442753043 0.02809831413 0.9518995996 -0.3018896065
1625135671.37992 28.49534043 -51.54112868 0.7291686246 -0.04453974626 0.02502056557 0.9572327783 -0.2847728753
1625135671.479399 28.36231702 -51.61569627 0.7106430243 -0.04536083159 0.02180255732 0.9590379737 -0.2787708888
1625135671.578357 28.23637266 -51.68484316 0.7110912851 -0.03970484429 0.01813960382 0.9548381669 -0.2939022884
1625135671.677902 28.10669285 -51.76061892 0.7300311624 -0.04613699345 0.02189794056 0.9502786989999999 -0.3071843946
1625135671.778025 27.97751522 -51.83701611 0.7433355843 -0.05455643319 0.01370881754 0.9501257758 -0.3067518119
1625135671.878479 27.84576643 -51.92023034 0.7338887088 -0.05454898747 0.005536859469 0.9515076459 -0.3026994401
1625135671.978983 27.71262126 -52.00767367 0.7157903946 -0.05261232471 0.001930545761 0.9545069083 -0.2935043072
1625135672.078775 27.58462664 -52.0832221 0.712323638 -0.04849298763 0.004835264187 0.9504112646 -0.3071538351
1625135672.179979 27.45527894 -52.15987945 0.7287662239 -0.04742105839 -0.0002011136106 0.9584165465 -0.2814052702
1625135672.28023 27.3233762 -52.22685466 0.7482971359 -0.05624604569 -0.008927002898999999 0.9621134494 -0.2666353341
1625135672.379964 27.18408337 -52.2933368 0.7472658545999999 -0.06325454601 -0.006545176137 0.9616980566 -0.2666324644
1625135672.479159 27.04712711 -52.3501152 0.7334319647999999 -0.05266633772 0.005710971149 0.9590540946 -0.2782245233
1625135672.578734 26.9188776 -52.4106926 0.7315856701 -0.03471716999 0.01105640177 0.9567426639 -0.2886450226
1625135672.678824 26.78886798 -52.475938 0.7493602242 -0.02755128811 0.003094533724 0.9582881586999999 -0.2844558934
1625135672.77924 26.65708221 -52.55090701 0.7702362404999999 -0.04177612461 -0.008908836776 0.9626113283 -0.2674973246
1625135672.878883 26.52931215 -52.62478237 0.772528329 -0.05051662777 -0.02064162012 0.9602099172 -0.2738957991
1625135672.97877 26.40129254 -52.69391069 0.7550957014 -0.04243725119 -0.0172333469 0.9595831679 -0.2776728926
1625135673.07894 26.27370718 -52.75830346 0.7456522934000001 -0.03508388727 -0.007699634148 0.9614405995 -0.2726569459
1625135673.179332 26.14364019 -52.81978698 0.7590364716 -0.02831455863 0.003912526723 0.9653694727 -0.2593159447
1625135673.279963 26.01212383 -52.87694117 0.78503829 -0.03148758898 0.002008321586 0.972475395 -0.2308594909
1625135673.380161 25.87785924 -52.92781587 0.8005092208 -0.03641642817 -0.00154043577 0.9776059737 -0.2072631924
1625135673.480159 25.74140061 -52.97358913 0.7895772049999999 -0.03536401327 0.002126459814 0.9828013744 -0.1812355461
1625135673.579101 25.60670334 -53.01438494 0.7680073552 -0.02867431193 0.0113527743 0.9824294199 -0.1840688277
1625135673.677915 25.47305972 -53.05910095 0.761959052 -0.02214213968 0.01257572598 0.9786517112000001 -0.2039421609
1625135673.777352 25.33579064 -53.11239017 0.7837694494 -0.02960497272 0.01706485197 0.9752101694999999 -0.2186263059
1625135673.87714 25.20347591 -53.17265144 0.8034173351 -0.03828615268 0.01630388782 0.9720434903 -0.2310839821
1625135673.977718 25.06931103 -53.23857132 0.7940121447 -0.03994491546 0.01334904005 0.9718029577 -0.2320026254
1625135674.078965 24.93195278 -53.30573952 0.7774908442 -0.03980173409 0.01264034942 0.9774996851 -0.2067617208
1625135674.179566 24.79563095 -53.36491582 0.7809954065 -0.03927100977 0.01576222427 0.9803507482 -0.1926700562
1625135674.279844 24.66021684 -53.41498406 0.7989088276 -0.03155767817 0.02856473534 0.9813533265 -0.1874401702
1625135674.380359 24.52054286 -53.455159 0.818274549 -0.03978852929 0.02795319146 0.9843824332 -0.1691943182
1625135674.480838 24.37512029 -53.49061858 0.8198733194 -0.04747995002 0.02713681715 0.9882540546 -0.1426995834
1625135674.580863 24.22912451 -53.52382358 0.7993082421 -0.04582038295 0.03108245558 0.9914449078999999 -0.1182005414
1625135674.680024 24.08242581 -53.55489778 0.7790241781 -0.04173814199 0.03279708621 0.9916068012 -0.1178907568
1625135674.778518 23.94343613 -53.58965873 0.7805722496 -0.03589297147 0.03152810664 0.9889485007 -0.140351473
1625135674.877879 23.80345193 -53.62641088 0.8010130592 -0.0423409781 0.03452831988 0.9860361148 -0.1573143889
1625135674.978777 23.65672805 -53.66167327 0.8127309129 -0.04700708585 0.02542319591 0.9904036646 -0.1274542117
1625135675.078824 23.51462709 -53.70345345 0.8000177154 -0.03712133372 0.01935513935 0.9921899783 -0.1175007752
1625135675.178599 23.36876839 -53.74245449 0.7821781495 -0.03381616716 0.02043330699 0.9915988979 -0.1231688779
1625135675.27854 23.21676832 -53.77695117 0.7822518657999999 -0.03467129058 0.03160254012 0.9912627898 -0.1232771783
1625135675.378682 23.06449493 -53.8075275 0.8023461431 -0.0435529605 0.03215480959 0.9909342769 -0.1229571746
1625135675.47936 22.91692479 -53.82981956 0.8183986693 -0.04944715981 0.02277953587 0.9929324637 -0.1054570701
1625135675.580172 22.77139138 -53.84627576 0.8133541387 -0.04935816733 0.01831505355 0.9959753077 -0.07253631186999999
1625135675.679634 22.62734416 -53.86294566 0.7964591203 -0.04397292956 0.02364429224 0.9962452801 -0.07072956129999999
1625135675.77866 22.4859932 -53.8884962 0.7902577465 -0.03669928172 0.02005634845 0.994933414 -0.09142432589
1625135675.877847 22.3423042 -53.91597324 0.8054911393999999 -0.04390650633 0.01879584685 0.9914970794 -0.1210474142
1625135675.978139 22.19894309 -53.9411468 0.8242825216 -0.05283342674 0.02066536585 0.9909756771 -0.1214445513
1625135676.078779 22.05406958 -53.96404752 0.8248267856 -0.05744644797 0.021581546 0.991943405 -0.1108260971
1625135676.178557 21.9154909 -53.98901077 0.8092478117 -0.04568983734 0.02935282458 0.9911439558 -0.1211796576
1625135676.278386 21.77479171 -54.01593959 0.8061732825 -0.03965334278 0.03727685819 0.9890088046 -0.1374759351
1625135676.379418 21.62394327 -54.04285352 0.8245968804 -0.04200304718 0.03726069134 0.99133863 -0.1187228101
1625135676.480587 21.46855239 -54.07025441 0.8444167201 -0.05540193167 0.02365789605 0.9952153767 -0.07692388389
1625135676.580097 21.32052692 -54.09118454 0.8480706984 -0.06269273441000001 0.01677961317 0.9949783406 -0.07619821165
1625135676.679944 21.1778628 -54.10742173 0.834909455 -0.05276719123 0.01608378933 0.9965553872 -0.06192168892
1625135676.779042 21.03417793 -54.11938788 0.8216271917 -0.04481486951 0.01957253516 0.9966030494 -0.06626390566
1625135676.878245 20.89220155 -54.13218856 0.8264963436 -0.03613261427 0.02237884576 0.9963471158 -0.07406784957
1625135676.977696 20.74365005 -54.15121378 0.848413481 -0.04609351974 0.0251005821 0.995062549 -0.08423699774
1625135677.077767 20.59273003 -54.17455513 0.8579860407 -0.05998342839 0.01506353883 0.9946686142 -0.08251924632
1625135677.178136 20.44219568 -54.19929071 0.8408570596 -0.06179378675 0.006351414305 0.9952725565 -0.07465738869000001
1625135677.27803 20.29470572 -54.22681767 0.8166906402 -0.05579911493 0.01032686309 0.9952246264 -0.07942139367000001
1625135677.377823 20.15167589 -54.25203047 0.8116997966 -0.04788891761 0.02313325883 0.9939757733 -0.09583144595
1625135677.479319 20.00280982 -54.27346673 0.8294702772 -0.04256838781 0.0259376213 0.9971171566 -0.05720618986
1625135677.579392 19.8608532 -54.28975934 0.8528258706 -0.05213111751 0.02616358112 0.9972664775 -0.04535842265
1625135677.679015 19.71994412 -54.29705071 0.8526564908000001 -0.04802090398 0.03427485511 0.9967632675 -0.05460966611
1625135677.779757 19.58033145 -54.29919794 0.834408854 -0.03915040797 0.03745194017 0.9983284483 -0.02012230123
1625135677.87937 19.43730944 -54.30367325 0.8205810949 -0.03398133719 0.03611230396 0.9986515162 -0.01537268636
1625135677.978953 19.28772314 -54.30518631 0.8285011239 -0.03360891723 0.03567629945 0.9987194921 -0.01253069882
1625135678.078328 19.13922921 -54.3088252 0.8511029937 -0.04369225986 0.04367833769 0.9979026044 -0.01932825313
1625135678.177982 18.99097836 -54.31373685 0.8601352997 -0.04826745747 0.04064804682 0.9976670548 -0.02604681477
1625135678.278663 18.83877092 -54.31817582 0.8433026346 -0.04771011896 0.03481321727 0.9982543281 -0.0002844074076
1625135678.37867 18.68994335 -54.32265896 0.825476007 -0.04300248538 0.03841064244 0.9982669516 0.0117686948
1625135678.478122 18.54617028 -54.3217012 0.8328179535 -0.0346825442 0.0501662266 0.9981371848 0.001622073064
1625135678.579001 18.39558592 -54.31252459 0.8572712062 -0.03304259379 0.05360147514 0.997567366 0.02990684125
1625135678.679502 18.25399718 -54.29791454 0.8745203293 -0.04149686367 0.04664207837 0.9961334333 0.0618118916
1625135678.779312 18.11130725 -54.28092099 0.8640457164000001 -0.04297603584 0.0403405644 0.9955802195 0.07311446978
1625135678.878966 17.96473252 -54.26111736 0.8398758889 -0.04073675934 0.03695483592 0.9951271511000001 0.08183403699
1625135678.978093 17.82110467 -54.24601995 0.827587114 -0.03937999281 0.03094590305 0.9961059658 0.07255668267
1625135679.07683 17.68038651 -54.23237265 0.8379023737 -0.03494192131 0.0318131187 0.9981879809 0.03725241451
1625135679.177252 17.53316745 -54.21863751 0.8542985226000001 -0.04479063193 0.03421467069 0.9975178082 0.0422063728
1625135679.276785 17.38771864 -54.20472812 0.8549622614 -0.05223212337 0.03338787825 0.9979124148 0.01810710743
1625135679.377338 17.23344744 -54.18557299 0.8342556867000001 -0.04686427476 0.03338302658 0.9982872216000001 0.01058000149
1625135679.478467 17.08583524 -54.16900558 0.8142517687 -0.0414027452 0.03248414577 0.9981337661 0.03097705527
1625135679.578778 16.9365885 -54.15173249 0.8130947077 -0.04146384409 0.03641493563 0.9980487839 0.02921176128
1625135679.679717 16.78505023 -54.12365814 0.8311953439999999 -0.05632465912 0.03857385616 0.9961452682 0.05508352811
1625135679.779663 16.64387478 -54.08993392 0.8411680256 -0.05949731074 0.04126660134 0.9954215712 0.06239417541
1625135679.879662 16.50489926 -54.05695792 0.8291231328000001 -0.05186589227 0.04053183319 0.9950621468 0.07428609318
1625135679.978968 16.36677856 -54.02739021 0.8110722122 -0.04026781842 0.03744251315 0.9960664309 0.069485439
1625135680.078499 16.22296722 -54.00058393 0.8071284955 -0.04285782342 0.0236894963 0.9967024574 0.06470105269
1625135680.178248 16.07346642 -53.97646761 0.8200902193 -0.05560389762 0.02204873106 0.996140899 0.06422903796
1625135680.277433 15.93207663 -53.95274135 0.8281596382 -0.06370395597 0.02801442899 0.9966122678 0.04382904844
1625135680.377515 15.78517334 -53.92337296 0.8176899349 -0.06885023019 0.03360530076 0.9964493396 0.03491479775
1625135680.478509 15.64030849 -53.8952828 0.7880130681 -0.0613482447 0.03367948754 0.9957473929 0.05991005312
1625135680.57925 15.49429314 -53.86801592 0.7608347161 -0.05823933975 0.03611742853 0.9942117194 0.08274519776
1625135680.679392 15.34796673 -53.84093085 0.7645708803 -0.05774706449 0.04415589886 0.9931238228 0.09176385897
1625135680.779598 15.19717562 -53.80648956 0.7878883826999999 -0.07657790079 0.04056205013 0.9907249705 0.10466412
1625135680.879286 15.05886446 -53.77201117 0.8008854441 -0.08497795569 0.03901559564 0.9897615182 0.1078362997
1625135680.978883 14.92589674 -53.73835677 0.7927490913 -0.07396573016999999 0.0373443102 0.9909280922 0.105811102
1625135681.078586 14.79138277 -53.69798044 0.7820260083 -0.05659237197 0.03692001318 0.9921258682 0.1054536753
1625135681.178251 14.66774818 -53.66626545 0.7849777271 -0.03915090965 0.02718745556 0.9933928082 0.1043972087
1625135681.277772 14.53211349 -53.63464236 0.8060256862 -0.03365427729 0.03128369396 0.9949939185 0.08874582942000001
1625135681.377783 14.39704161 -53.60442361 0.8208437255 -0.03810962864 0.02956409066 0.9951997339 0.08515345181
1625135681.477916 14.2540803 -53.57741423 0.8096865961 -0.03834516226 0.02197426045 0.9960231436 0.07736069933
1625135681.578587 14.10633747 -53.55071166 0.787028544 -0.03150024374 0.01724558337 0.9953779232 0.08906803273
1625135681.679116 13.96928316 -53.52854789 0.7869610075 -0.02161040844 0.01667101779 0.9940198699 0.1057334649
1625135681.779048 13.82767013 -53.50050981 0.8125093497 -0.02514573687 0.009328977528 0.994464397 0.1015934312
1625135681.879989 13.69123647 -53.46093339 0.8383402472 -0.0343165248 -0.00420554329 0.9895314436 0.1401149945
1625135681.979363 13.56323502 -53.41726618 0.8402725797 -0.03323574354 -0.00804673662 0.9894059905 0.1410901181
1625135682.078452 13.43809584 -53.36607123 0.8236483159 -0.02677539819 -0.004999952964 0.9913573288999999 0.1283305303
1625135682.177882 13.30585655 -53.31056685 0.8094827711 -0.02331579015 -0.007074128859 0.9924423442 0.12026855
1625135682.277222 13.17622362 -53.26221555 0.8156802553 -0.02210144961 -0.0159806645 0.9940161927 0.1057731201
1625135682.376507 13.04640045 -53.22590183 0.8380722285 -0.03363547183 -0.01260118234 0.9964964664 0.07552918472
1625135682.47656 12.91363721 -53.18624469 0.848494553 -0.04309357222 -0.01213403357 0.9974506012 0.05556984202
1625135682.577376 12.77993608 -53.1493566 0.8329831857 -0.04133653056 -0.01238738771 0.9975172254 0.05565275283
1625135682.67771 12.64399569 -53.11330732 0.8115924772000001 -0.03223678136 -0.007167287344 0.9986502911 0.04008760346
1625135682.778651 12.50228779 -53.07476577 0.8074705391 -0.02661461317 0.002981034635 0.998752957 0.04213438865
1625135682.879606 12.35833546 -53.03867357 0.82456542 -0.02507643146 0.006753691035 0.9980258001 0.05718446115
1625135682.979874 12.21763432 -53.00327106 0.8392948036 -0.04212095089 0.00563848744 0.9973117044000001 0.05969419778
1625135683.080287 12.07478217 -52.97050656 0.8338281527 -0.05014028499 0.004580813788 0.9957800503000001 0.07672717473
1625135683.179537 11.93689688 -52.93985242 0.8096805399 -0.05108164021 0.006987684239 0.9963088409999999 0.06863331284
1625135683.278315 11.7939171 -52.91207491 0.7795658311 -0.05724446201 0.01210553784 0.9975235327 0.03902985001
1625135683.377414 11.6492795 -52.8885058 0.7680293911 -0.06975117173000001 0.01230899026 0.9974212523 0.01158051492
1625135683.476903 11.50088385 -52.87816005 0.7812956208 -0.09036752721000001 0.01633981015 0.9956514802 -0.01564770181
1625135683.576421 11.36229758 -52.8804883 0.7931957105 -0.09343811556000001 0.01209366229 0.9941218649 -0.05333647479
1625135683.677033 11.23236434 -52.89821926 0.7908187229 -0.07345085262000001 0.00297655499 0.9952554022 -0.06374007208
1625135683.776942 11.10354037 -52.92023104 0.7855809624 -0.0541424877 0.0008600167526 0.9938333393 -0.09676334594
1625135683.877116 10.9739603 -52.94641997 0.7899809662 -0.04192027458 0.00134025979 0.9906553957000001 -0.1297797414
1625135683.978052 10.83565101 -52.97602197 0.8072996921 -0.04419620944 -9.650568721999999e-05 0.9890111935 -0.1410799236
1625135684.078456 10.69932522 -52.99259957 0.8200655522 -0.0483643413 2.40430592e-06 0.9858864776 -0.1602770843
1625135684.179077 10.56503448 -53.01168521 0.8152603797 -0.03959041596 0.004421976353 0.9839810589 -0.1737651313
1625135684.279224 10.43262714 -53.02527468 0.8037423326000001 -0.02412336471 0.007176917511 0.9816492355999999 -0.1890273352
1625135684.378818 10.30243324 -53.05161272 0.7993816611 -0.01337144757 0.002166260894 0.9741555287 -0.2254717668
1625135684.478493 10.17423226 -53.08542016 0.8109404042 -0.007030132963 -0.005411411684 0.9667449239 -0.2555886263
1625135684.577926 10.04998762 -53.13047869 0.8249288395 -0.01836943365 -0.006818644642 0.9544816826 -0.2976252469
1625135684.677889 9.922224025 -53.19002673 0.8196516245 -0.03076262252 -0.01232899274 0.9439714397 -0.3283589165
1625135684.778122 9.797327148999999 -53.25572256 0.7970095143 -0.02816539838 -0.0142694716 0.9361641116 -0.350142612
1625135684.878399 9.674923625 -53.32538944 0.782381968 -0.0210230957 -0.01644038302 0.9271675027 -0.3736952838
1625135684.979169 9.556883000999999 -53.39645966 0.794625615 -0.01316525456 -0.01409202795 0.9269005643 -0.3748111988
1625135685.078982 9.441426853999999 -53.45894669 0.8234230963 -0.01743736248 -0.01280432916 0.9176494543 -0.3968015456
1625135685.179426 9.323976003 -53.5228636 0.8437984844 -0.02136441877 -0.009078386084 0.9161357125 -0.4001955782
1625135685.279235 9.207339152999999 -53.57952861 0.8476212400000001 -0.01615492007 -0.004345185795 0.9120271668 -0.4097884636
1625135685.378764 9.090301102 -53.64271939 0.8442470211000001 -0.008591866634 -0.003074127194 0.9026635351 -0.4302502435
1625135685.478694 8.974036284 -53.70991172 0.8478989644 -0.008842345945 -0.009699310344 0.899841598 -0.4360193055
1625135685.57808 8.85925726 -53.78264594 0.8639113654 -0.01687527372 -0.01556275141 0.8876964763 -0.4598564905
1625135685.678061 8.745979003 -53.86144724 0.8787909774 -0.03338092544 -0.02101386195 0.8820170096 -0.4695637615
1625135685.777892 8.637834311000001 -53.93821767 0.8794397601 -0.0426463137 -0.02428067527 0.8718872922000001 -0.4872415114
1625135685.878183 8.534304067000001 -54.01788205 0.8660178294999999 -0.03674916982 -0.01811546776 0.8675319597 -0.4956910603
1625135685.978877 8.430471652 -54.10161589 0.8526639789 -0.02994149928 -0.0119441481 0.8699022926 -0.492169529
1625135686.079439 8.330941741 -54.18540941 0.8549014404 -0.02326642744 -0.01058743166 0.8736918462 -0.4858077166
1625135686.179898 8.228456445000001 -54.27580255 0.8651955220000001 -0.02599059679 -0.0176925353 0.8784986822999999 -0.4767090604
1625135686.279956 8.126927453 -54.35744308 0.8724392359000001 -0.03372400713 -0.02379264252 0.8829028554 -0.4677383344
1625135686.379468 8.027795767000001 -54.43168665 0.8722352547 -0.03238423748 -0.01843888069 0.8803991021000001 -0.4727670566
1625135686.478827 7.930145461 -54.49987218 0.8653795226 -0.02068403301 -0.009797694661 0.8759242848 -0.481905409
1625135686.578381 7.835407159 -54.5727152 0.8625621574 -0.007648042 -0.005698351191 0.8710376873 -0.4911235929
1625135686.678165 7.746885409 -54.64670257 0.8764688799 -0.01407073826 -0.005800784916 0.8675356487 -0.4971420958
1625135686.777699 7.671942309 -54.7168968 0.8968096526 0.02355031018 0.005013937385 -0.8570289077 0.5147054445
1625135686.877883 7.601288718 -54.7884274 0.9033843056 0.01966797024 0.001636833704 -0.851984035 0.5231956572999999
1625135686.978537 7.536209961 -54.86158673 0.8983437686 0.01638886478 -0.001701826883 -0.8557091595 0.5171946861
1625135687.079078 7.477717841 -54.94062477 0.8928246795 0.009620570078000001 -0.006823823436 -0.8585886227 0.5125294695
1625135687.178982 7.434427535 -55.00557961 0.8975176976 0.001602761513 -0.01488023921 -0.8558837349 0.5169516824
1625135687.27977 7.384085086 -55.08734133 0.9117583101 0.002270194292 -0.01439531405 -0.8641450025 0.5030318437
1625135687.380023 7.339550664 -55.14336607 0.923073577 -0.002710511261 0.01028931556 0.8765335717 -0.4812231092
1625135687.479035 7.290902123 -55.20376516 0.9300098691000001 0.007688549046 -0.01020393874 -0.8649178536 0.5017508071
1625135687.579443 7.233742312 -55.25723061 0.9326320803 -0.009364919102 0.01591225365 0.8789338258 -0.4765862235
1625135687.67838 7.178341616 -55.30882045 0.9292401068 -0.008518413537000001 0.01856514345 0.8701525419 -0.4923589401
1625135687.77847 7.11263107 -55.36274878 0.9260272532 -0.007701056467 0.01785329397 0.8757580896 -0.4823584996
1625135687.877761 7.055734994 -55.40882791 0.924197291 -0.003694186608 0.01571543221 0.8701514225 -0.4925199286
1625135687.977824 6.997158488 -55.46470952 0.9248757027 -0.009046439793000001 0.008043237615999999 0.8702797903 -0.4924089304
1625135688.077719 6.945181977 -55.51511842 0.9234488389 -0.0142850511 -0.003461499391 0.8681272095 -0.4961240807
1625135688.17775 6.894402911 -55.57188535 0.9186188539 0.0173437695 0.01330712685 -0.8645886443 0.5020045719
1625135688.277964 6.849932182 -55.62701084 0.9111440593 0.01646526288 0.01423303141 -0.8642405515 0.5026077845
1625135688.378084 6.809848281 -55.68421062 0.9045690446 0.01192577583 0.009632817864 -0.8618654477 0.5069052523000001
1625135688.478255 6.772044526 -55.74909791 0.9017031832 0.004678218302 0.002768857017 -0.8603450674999999 0.5096830511
1625135688.578809 6.734067255 -55.82170902 0.9004686811 -0.003723924339 -0.001719470361 -0.8649789726 0.5017913439
1625135688.679024 6.698593635 -55.89279205 0.90663519 0.00458966845 0.002632026729 0.8688618113 -0.4950264238
1625135688.779327 6.66168566 -55.96119377 0.912436458 -0.0008392803267 0.001263194386 0.8760523486 -0.4822136273
1625135688.878617 6.636478951 -56.00238692 0.9164368471 -0.006022445442 -0.003038760236 0.8713626893 -0.4905930695
1625135688.978558 6.601111626 -56.04763286 0.9194325785 -0.007878419369 0.0002671644819 0.8722820169 -0.4889396099
1625135689.077925 6.574104345 -56.07241133 0.9213429536 -0.009095223061 0.005550792305 0.8668041832 -0.4985348268
1625135689.177574 6.555730763 -56.09020162 0.9206357745 0.006103843557 -0.008382941445 -0.8589538608 0.5119479802
1625135689.277776 6.538334978 -56.10641683 0.9214803258000001 0.007097104465 -0.00530817258 -0.8603101281 0.5096939649
1625135689.377657 6.522336236 -56.11876454 0.9202400361 0.005265286808 -0.00251910045 -0.8539606895 0.5203047873
1625135689.478142 6.511141565 -56.13116464 0.9150182212 0.004232139123 -0.001804975594 -0.8569786304 0.5153314060999999
1625135689.578355 6.506506115 -56.1347185 0.9110593412 0.007000475402 -0.002268803343 -0.8584655416 0.5128184471
1625135689.678611 6.509363897 -56.13574266 0.909507742 0.007644837066 -0.001921632259 -0.861281147 0.508067564
1625135689.778707 6.509780373 -56.13540278 0.9112680283 0.006684017592 -0.005322839771 -0.863514354 0.5042518733
1625135689.878624 6.509914368 -56.13516505 0.9111519249 0.006394154834 -0.006364003562 -0.8639317402 0.5035281150000001
1625135689.978513 6.511089709 -56.13514293 0.9088465604 0.00422283838 -0.004659505046 -0.8643798997 0.5028000056
1625135690.078356 6.513678879 -56.13551652 0.9064385598 0.001340103229 -0.001751516095 -0.8652340348000001 0.5013633426
1625135690.178206 6.513234086 -56.13527065 0.9049664854 -0.001128746759 -0.0005192835895 -0.8645569315 0.5025333505
1625135690.278127 6.507917333 -56.14014384 0.9036982909 0.0002025085011 0.001286926568 -0.8642916378 0.5029893315
1625135690.378025 6.50049231 -56.14677408 0.900477092 0.003521805727 0.002086556423 -0.8627868668000001 0.5055512492999999
1625135690.478137 6.487810209 -56.15503468 0.8967405318 0.006815781606 0.002795464793 -0.8633179863 0.5046065646
1625135690.578215 6.478004613 -56.16121269 0.8936255619 0.009729967811000001 0.003819283161 -0.8634114278 0.504392156
1625135690.678241 6.469814025 -56.16565818 0.8900647839 0.01119957769 0.004968986188 -0.8630674564 0.5049400402999999
1625135690.778302 6.461445258 -56.16845109 0.8880451291 0.01073175746 0.005610287231 -0.8635241934 0.5041619993000001
