1617800346.113943 -23.82655215 -32.43756122 0.9011914911 0.03747000826 0.006640348628 0.7429605339000001 0.6682526090000001
1617800346.214079 -23.8269095 -32.44009161 0.9121319552 0.03781910451 0.003254323575 0.7402317913000001 0.6712793902999999
1617800346.3143 -23.82418335 -32.44107683 0.9218726903 0.0379799481 -0.000796394605 0.7340427266 0.6780399432999999
1617800346.414451 -23.82080552 -32.44225617 0.930761176 0.03737441175 -0.005689651185 0.7287536434 0.6837316055
1617800346.514528 -23.81779414 -32.44401018 0.9387444588 0.03657571034 -0.01200655278 0.7232045919 0.689560134
1617800346.614548 -23.81589254 -32.44500163 0.946452257 0.03390351149 -0.01777093074 0.7200716932 0.6928430577
1617800346.714489 -23.81422355 -32.44500253 0.9519285701 0.03165202368 -0.02316306537 0.7174128699 0.695543238
1617800346.814372 -23.81175807 -32.44346026 0.9551578386 0.03101471072 -0.02503215533 0.7174037382 0.6955166104
1617800346.914352 -23.80833918 -32.43854861 0.9576611444000001 0.02878892238 -0.02613543025 0.7182973771 0.6946488431
1617800347.014542 -23.80262815 -32.43211619 0.9598934314000001 0.02799943316 -0.02637386431 0.7134474866 0.6996521528
1617800347.114237 -23.79846686 -32.42845656 0.962530523 0.02981355606 -0.0237837288 0.7191971235 0.6937585918
1617800347.214339 -23.7942658 -32.4276262 0.9647595589 0.03238627849 -0.02539852972 0.7159872388 0.6968990727
1617800347.314375 -23.79217804 -32.42851031 0.9658631391 0.03373908806 -0.03015028488 0.711358599 0.7013712126
1617800347.414217 -23.79369497 -32.4305699 0.9655699129 0.03243640814 -0.03350562326 0.7096499613 0.7030093776
1617800347.514147 -23.79640076 -32.43420877 0.9636176041 0.03172617547 -0.04004754612 0.7033712565 0.7089841461
1617800347.613704 -23.80094163 -32.43961209 0.962611704 0.03193936411 -0.04519996349 0.7028291760000001 0.7092023616000001
1617800347.713375 -23.80541429 -32.44609829 0.9610046306 0.03457435866 -0.0500871217 0.701142559 0.7104188946
1617800347.813041 -23.80927178 -32.4516415 0.9588451486 0.0376098742 -0.05301142016 0.7032541415 0.7079610859
1617800347.912865 -23.81215678 -32.45306142 0.9566229852 0.03867057902 -0.05284842402 0.7046446597 0.7065320474
1617800348.013026 -23.81460893 -32.44696115 0.9528546817 0.03460815258 -0.04901154701 0.7056353825 0.706030347
1617800348.113289 -23.81608127 -32.43246843 0.9479262976 0.02588522286 -0.03895285943 0.7121022342 0.7005162654
1617800348.214114 -23.81288079 -32.4143447 0.9408057108 0.01942273716 -0.02889189248 0.7103445845 0.7029925939
1617800348.314711 -23.80788185 -32.39728954 0.9350409987 0.01540601367 -0.01989766491 0.7113120154 0.7024257644
1617800348.415154 -23.80233768 -32.38297071 0.9310356712 0.01387153605 -0.01150301833 0.7157135656 0.698161409
1617800348.515868 -23.79538835 -32.37293943 0.9271153385999999 0.01440592673 -0.01063086817 0.7090849974 0.7048956805
1617800348.616085 -23.79044777 -32.36707829 0.9278740291000001 0.01567212268 -0.01154601739 0.7053428926999999 0.7085989541
1617800348.716149 -23.78829567 -32.36332188 0.9319096521 0.01762452378 -0.01620962447 0.7030129954 0.7107737703
1617800348.815986 -23.78898005 -32.36002081 0.93620615 0.01655821893 -0.02023196622 0.700774147 0.7129039822
1617800348.915733 -23.79196653 -32.3573376 0.9395106157000001 0.01526199411 -0.02392751342 0.7032649136 0.7103611807
1617800349.015408 -23.79491265 -32.35197166 0.9442273904 0.01139177608 -0.02419165007 0.7079682313 0.705737894
1617800349.115003 -23.79630736 -32.34351002 0.9495716766 0.009586562652000001 -0.0213021178 0.714375216 0.6993728393
1617800349.214753 -23.79637894 -32.33118347 0.9514273903 0.01226927381 -0.0145563087 0.7233780108 0.6901897075
1617800349.315005 -23.79557282 -32.31106623 0.9517806317 0.01391890695 -0.00610338913 0.7254427159 0.6881147278
1617800349.415274 -23.79975626 -32.28232398 0.9500677749000001 0.01084477808 0.0006806913808 0.7289993688 0.6844281173
1617800349.515478 -23.81320426 -32.25077848 0.9507850427 0.01193992 0.007446137726 0.7323557008 0.680776851
1617800349.615371 -23.83702236 -32.22139633 0.9522800496 0.01718913954 0.007759113078 0.7414741468 0.6707163478
1617800349.71538 -23.86406628 -32.18899116 0.954692892 0.02572094922 0.004958422908 0.7436409912 0.6680658074
1617800349.815189 -23.88923657 -32.15261427 0.9590785916 0.03569650286 0.005112919739 0.7478381701 0.6629009648
1617800349.915056 -23.90940325 -32.1109539 0.9679823242 0.04509274247 0.009530971629999999 0.7464126668 0.6638854841
1617800350.014882 -23.92760669 -32.06006308 0.9732727187 0.05271750831 0.01060677191 0.747603449 0.6619648357
1617800350.115231 -23.94467234 -31.99416047 0.9735994276 0.05379474322 0.008807460954 0.7356938033 0.6751171617
1617800350.214926 -23.9653249 -31.91524747 0.9714101273 0.04924987439 0.0033207013 0.7301602709 0.6814905733
1617800350.314689 -23.98818822 -31.82841271 0.966421258 0.04180459178 -0.004816280861 0.7275376942 0.6847759364
1617800350.413736 -24.01316166 -31.73516686 0.9669209469 0.03616094452 -0.006446030547 0.7440110668 0.6671569285
1617800350.514358 -24.03326064 -31.62777924 0.9741447888 0.02655523571 -0.01080181146 0.7368671959999999 0.675429401
1617800350.614681 -24.0539034 -31.5151455 0.9712692049 0.0109086958 -0.009557765520000001 0.7318038546 0.6813609674
1617800350.715099 -24.08002913 -31.39432935 0.9560352982 -0.00221884282 -0.01064048806 0.726782819 0.6867813267
1617800350.815027 -24.11204346 -31.26281253 0.9336846139 -0.02007783368 -0.008258369522 0.7249242691 0.6884863717
1617800350.914379 -24.14311332 -31.13147238 0.917837542 -0.02559000682 0.009424677887999999 0.7386979758 0.6734846899
1617800351.014274 -24.168604 -31.00193901 0.9174591048 -0.01848107171 0.01931468753 0.7419393115 0.6699339154
1617800351.113919 -24.1947748 -30.87468402 0.9268861324 -0.01524285181 0.02665763054 0.7468498755 0.6642832902
1617800351.214197 -24.22067605 -30.74534129 0.9323563704 -0.01690962066 0.02970823419 0.7397678215 0.6719933451
1617800351.314155 -24.24986227 -30.61263336 0.9206028603999999 -0.01942034292 0.02436113181 0.7372273447 0.6749260906
1617800351.413581 -24.28305211 -30.48211074 0.9029157135 -0.01578600672 0.01344634145 0.7463350178 0.6652473518000001
1617800351.512353 -24.32387502 -30.35706275 0.9026305389 -0.01045704545 0.008313653262999999 0.7799270683 0.6257278174999999
1617800351.614017 -24.35806331 -30.22507149 0.9155291527 -0.009618897999 -1.042304842e-05 0.7571570886 0.6531620166
1617800351.7136 -24.39691139 -30.0964841 0.9220341788999999 -0.005168649111 -0.002747137027 0.7663608412 0.6423836854
1617800351.813755 -24.43869344 -29.96162771 0.9119785526 -0.007754766074 -0.006065665079 0.7656908328000001 0.6431334386999999
1617800351.913734 -24.48315843 -29.82534761 0.8892408898 -0.006281341098 -0.01049641242 0.7683286577 0.639938625
1617800352.013789 -24.52826521 -29.69163801 0.8774103234 -0.001299528354 -0.01082117761 0.7659629094 0.6427923729
1617800352.113568 -24.57220749 -29.55638249 0.8859380881 0.00700201908 -0.005707489162 0.7684729692 0.6398184835
1617800352.214087 -24.61161186 -29.41181464 0.8932267871 0.007500792487 -0.008353333423000001 0.7473298215 0.6643584107
1617800352.313364 -24.6554126 -29.2637297 0.8758866881 0.007299088302 -0.008720378983 0.7459379913999999 0.6659183067
1617800352.412579 -24.70250239 -29.11300933 0.8340286589 0.008723968844999999 -0.01240674793 0.7528864312 0.6579756733
1617800352.511372 -24.7546669 -28.96220085 0.8054616107 0.001215483571 -0.01062234585 0.7713213187 0.6363561202
1617800352.61157 -24.80905175 -28.81099354 0.8038281326 0.003833039123 -0.00950423289 0.7773137865 0.6290296136
1617800352.712131 -24.86693473 -28.66145212 0.8054627875 0.006677672253 -0.009003295716 0.7739809008 0.6331097177
1617800352.812546 -24.93322794 -28.51320603 0.7874408927 0.005686774131 -0.01753129668 0.7752644889 0.6313677902
1617800352.912814 -25.00485495 -28.36762904 0.7609424633 0.003457156482 -0.0291573044 0.7719714309 0.6349787473
1617800353.012779 -25.07825963 -28.22723952 0.7533034566 0.002886331068 -0.0360189294 0.7800856515 0.6246284353
1617800353.113235 -25.14168007 -28.08471331 0.764950262 0.005400942918 -0.04014636054 0.7751750222 0.6304464962
1617800353.213605 -25.19670394 -27.93611307 0.7743213313 0.01035258376 -0.03914822286 0.7626694783 0.6455195641
1617800353.313219 -25.24947829 -27.78128654 0.7548890579999999 0.02115848755 -0.04038328297 0.7655430174 0.6417674012
1617800353.412949 -25.2986983 -27.61827449 0.7183497218 0.02866374287 -0.03983340787 0.7598850621 0.6482024235
1617800353.511805 -25.35257966 -27.45557964 0.7029749 0.02577952213 -0.02995343238 0.7812750327 0.6229346125
1617800353.612288 -25.40547092 -27.2881677 0.715252283 0.01653472832 -0.01395124532 0.7742914246 0.6324592914
1617800353.713326 -25.46313091 -27.11867906 0.717280353 0.01291672465 -0.01935415991 0.7556281428 0.6545874155
1617800353.812903 -25.52841482 -26.9511045 0.690514879 0.003695430268 -0.01789413564 0.7565644074 0.6536638595000001
1617800353.913037 -25.59420331 -26.7837016 0.6594705634 -0.002719516031 -0.01432349827 0.7570331151 0.6532138273
1617800354.013216 -25.65480169 -26.6201381 0.6502502366 -0.004207657396 -0.009026945882000001 0.7572673402 0.6530290846
1617800354.113707 -25.70297703 -26.45674085 0.6663514073 -0.001728006671 -0.001197345575 0.7466047773 0.665264524
1617800354.213781 -25.742317 -26.29348516 0.6804339359 -1.576443926e-05 0.003267359822 0.7374558937 0.6753873918
1617800354.313756 -25.77831863 -26.13089988 0.6607143109 0.006967832286 -0.0002436651527 0.7338863574 0.6792364863
1617800354.413155 -25.81438956 -25.96784467 0.6387976115 0.006434115885 -0.004680288798 0.7369195752 0.6759336038
1617800354.511796 -25.85467855 -25.80692609 0.6391935255 0.01552681444 -0.00589428214 0.7725479882 0.6347391444
1617800354.613492 -25.88427714 -25.63531173 0.6571690459 0.02002583228 -0.000188753114 0.741522489 0.6706290544
1617800354.7127 -25.92711322 -25.46759824 0.6607226044 0.02279500446 0.003777366171 0.762801765 0.6462194570000001
1617800354.813191 -25.97480609 -25.29588619 0.6296633201 0.02198885364 0.0004603387394 0.7539237949000001 0.6565936261
1617800354.912499 -26.02920671 -25.12694986 0.5900062512000001 0.01376313324 0.009672701218999999 0.7732616119 0.6338639401
1617800355.013011 -26.07145855 -24.94792212 0.5778889125 0.008252149029000001 0.0265085886 0.7668293387 0.6412503116
1617800355.113841 -26.098391 -24.76452351 0.5895560912 0.001688871628 0.03634146487 0.751474726 0.6587580602000001
1617800355.213572 -26.12552944 -24.585331 0.5815518655 -0.002795434839 0.04024248675 0.7534078237 0.6563149998
1617800355.313972 -26.15103643 -24.40794621 0.5489152803 0.002988183223 0.02927288244 0.737804908 0.6743723651
1617800355.412656 -26.18561671 -24.24221374 0.5347165489 0.008218297859000001 0.02598503499 0.7633009854 0.6454679257
1617800355.513505 -26.22132403 -24.07713294 0.5500600577 0.01589719876 0.02163515553 0.7519747459 0.658644958
1617800355.612619 -26.2725082 -23.91626854 0.5752459086 0.02270147659 0.02703107356 0.7751580383 0.6307804529
1617800355.713911 -26.33274562 -23.74576954 0.5660304453 0.01959442299 0.01406985636 0.7618725085 0.6472776673
1617800355.813511 -26.40234287 -23.57744947 0.5387527697 0.01339264741 0.01072413053 0.7736163219 0.6334219893
1617800355.913748 -26.46886479 -23.4030736 0.5295324729000001 0.008425669028 0.02428831275 0.7793776383 0.6260268228
1617800356.014313 -26.52335748 -23.22323245 0.5414741846 -0.001744760931 0.03606937804 0.7839297989 0.6197983754
1617800356.115473 -26.5627131 -23.04417209 0.5545551909999999 -0.007165326048 0.04093422786 0.758219989 0.6506731094
1617800356.215211 -26.60494312 -22.87793852 0.5341968189 -7.749904444e-05 0.03761252158 0.7656362922 0.6421731544
1617800356.315386 -26.64626026 -22.71555861 0.5059186788 0.005001137156 0.02156323464 0.754195257 0.6562770221999999
1617800356.414319 -26.69447631 -22.56321151 0.5041374312 0.01044168115 0.007629232241 0.774898145 0.6319538203
1617800356.514131 -26.7416185 -22.41305861 0.5206075489000001 0.01489959633 0.0115050084 0.7698514725 0.6379454108
1617800356.614145 -26.7981865 -22.25984568 0.5291113045 0.01170383583 -0.0006225514340000001 0.773989067 0.6330904808
1617800356.714044 -26.85904186 -22.10374658 0.5015867708 0.006243515706 -0.01881536193 0.7630055363 0.6460878826999999
1617800356.813359 -26.9226262 -21.95397528 0.4686558177 0.002462112646 -0.02843043891 0.777154677 0.6286622750999999
1617800356.913793 -26.97730473 -21.80217304 0.4625756011 -0.001294677402 -0.03816106577 0.7672250940000001 0.6402403549
1617800357.014138 -27.01950078 -21.65393739 0.479578146 0.0009264191191 -0.04529500243 0.75277043 0.6567223037
1617800357.113104 -27.05841913 -21.50505678 0.4956355241 0.005761962897 -0.04064672865 0.7672286514 0.6400584659
1617800357.21312 -27.09035594 -21.34257616 0.4753754526 0.01158194204 -0.03900576344 0.7666373921 0.6407897612
1617800357.312464 -27.12011924 -21.17540407 0.4494743654 0.01298829718 -0.03088433864 0.7799796530999999 0.6249073552
1617800357.412192 -27.15379047 -21.00478162 0.4494261353 0.01097645854 -0.01159449697 0.8004885916 0.5991352934
1617800357.513551 -27.18998629 -20.83206891 0.4619698695 0.0009944212319 -0.001044114175 0.7835515848 0.6213250638
1617800357.613768 -27.23900831 -20.66795032 0.4521518162 -0.007990409257 0.001743746261 0.7797857912 0.6259929973
1617800357.713381 -27.29155319 -20.50952525 0.4242645437 -0.01086219884 0.01143812215 0.7908518014 0.6118043888
1617800357.813876 -27.33886771 -20.35185842 0.4025586863 -0.01187550032 0.01203358695 0.7841599909 0.6203283598
1617800357.914533 -27.38194154 -20.19380759 0.4025137541 -0.01217006841 0.01143867066 0.7639070994 0.6451100601999999
1617800358.014037 -27.42387271 -20.0381045 0.4194528093 -0.01681683666 0.01915404267 0.7632372138 0.6456154212
1617800358.113937 -27.461665 -19.87984225 0.4287749718 -0.01357198884 0.01850054563 0.7505559543 0.660408427
1617800358.212898 -27.50455791 -19.72372786 0.4082914613 -0.01251699456 0.01569593997 0.7623694604 0.6468305559
1617800358.312834 -27.54832119 -19.56761434 0.3872156921 -0.01245694392 0.008025548629 0.752213653 0.6587526359
1617800358.411756 -27.60105189 -19.42305781 0.3924200113 -0.0007910814277 0.006541043597 0.7794160148 0.6264720781999999
1617800358.51233 -27.65239875 -19.27955793 0.4152131037 0.007522347276 0.006222754093 0.7699725438 0.6380023303
1617800358.612843 -27.71084178 -19.1391319 0.4141685716 0.01866002245 0.0008569838924 0.7674659013 0.6408175711
1617800358.712918 -27.77389312 -18.99707178 0.3918077689 0.02567188355 0.0006910557316 0.7704525608 0.6369798493
1617800358.812747 -27.83663282 -18.85406249 0.3794429827 0.02893767241 0.007735557129 0.781079223 0.6237130908
1617800358.913342 -27.89110998 -18.70611247 0.3887277857 0.0307508117 0.0184005283 0.7777220663 0.6275860066
1617800359.015084 -27.93647376 -18.55210569 0.4071077337 0.02477974599 0.01611289885 0.7391002611 0.6729466121
1617800359.114206 -27.99115705 -18.40238073 0.4009037556 0.01662784834 0.01907465086 0.7337005881000001 0.6790015607
1617800359.21346 -28.05003037 -18.25291256 0.3681304837 0.01312730626 0.01384649158 0.7299604226999999 0.6832230454
1617800359.311497 -28.11400271 -18.10745451 0.3495723611 0.00597514433 0.01167727854 0.7523207257 0.6586664289
1617800359.411306 -28.17893427 -17.96112071 0.3583644522 0.0106441984 0.001899367128 0.7570222639 0.6532996139
1617800359.510532 -28.24516616 -17.81985698 0.3749209807 0.008334771583 0.009221918366 0.7660448532 0.6426669205
1617800359.610676 -28.31862905 -17.67169821 0.3735149779 0.003744024424 0.01044528768 0.7757587162 0.6309320824
1617800359.711183 -28.39683015 -17.51619517 0.3411669941 -0.004121544837 0.006300833024 0.7746454273 0.6323509898
1617800359.811865 -28.47590218 -17.36207087 0.3123408175 -0.01045362934 0.007185660588 0.7771481338 0.6291898489
1617800359.912279 -28.54944119 -17.21034795 0.3105912256 -0.01340755817 0.01741865751 0.7765562683 0.629664347
1617800360.013022 -28.61449414 -17.0614513 0.3225307385 -0.01829091788 0.02540231288 0.7731381414 0.6334647419
1617800360.112939 -28.67696516 -16.91559597 0.3263704121 -0.01911802512 0.02592027446 0.7736897709 0.6327454297
1617800360.213012 -28.73892963 -16.7701875 0.3053528894 -0.009300559103000001 0.01632826592 0.769216502 0.6387118758
1617800360.312436 -28.80112757 -16.62966508 0.287390798 -0.002089963868 0.008616570824999999 0.7733417655 0.6339273622
1617800360.411796 -28.86848274 -16.49185847 0.2898377129 0.004296184566 0.002271637543 0.7971530669 0.6037577083
1617800360.512693 -28.93125256 -16.34810055 0.3013803285 -0.0003780247661 0.001821914897 0.77795341 0.6283192099
1617800360.612489 -29.00124527 -16.20458636 0.2990225657 -0.001423559697 0.007698358453 0.7871103991 0.6167624571
1617800360.712153 -29.07870241 -16.05788438 0.2729742697 -0.005430916314 0.007841120256000001 0.7984165919 0.6020298728
1617800360.811715 -29.16297475 -15.91226241 0.2470878668 -0.01250067262 0.01478710082 0.817545329 0.5755386259
1617800360.911868 -29.24711764 -15.76759564 0.2433305589 -0.01017761674 0.02614767562 0.8327224281 0.5529792699
1617800361.012949 -29.32448207 -15.62408887 0.2516130304 -0.008868952471999999 0.03045043564 0.8350144953 0.5493131213
1617800361.113705 -29.40559565 -15.48215395 0.2506612156 -0.01045119628 0.03112661795 0.8355094696000001 0.5484941498
1617800361.213723 -29.4960176 -15.34222899 0.2297309606 -0.01258373056 0.02518242991 0.845649738 0.5329953242
1617800361.313536 -29.58729557 -15.20818661 0.2098347859 -0.008322959058 0.01754934006 0.8552427491 0.5178634851
1617800361.412819 -29.68195925 -15.09171185 0.2108687185 0.004260264229 0.01463972624 0.8796093379 0.4754523543
1617800361.51221 -29.787735 -14.98655116 0.2355490304 0.008634405319 0.02423863416 0.8934267115 0.448471456
1617800361.612335 -29.90844394 -14.8877723 0.252495157 0.01139388739 0.02482963491 0.9094756765999999 0.414858605
1617800361.712265 -30.04006639 -14.79555641 0.2403266179 0.0115150419 0.01826763635 0.922349051 0.3857537108
1617800361.812712 -30.18159857 -14.71091505 0.2252554624 0.004415406409 0.00982078135 0.9330889028 0.3594845698
1617800361.91278 -30.32615698 -14.63544755 0.2273719763 -0.00411517456 0.008941251052999999 0.947794326 0.3187303484
1617800362.014064 -30.46752721 -14.56120623 0.2400497473 -0.01156679718 0.006829564728 0.9475057921 0.3194563198
1617800362.114179 -30.60852194 -14.4969612 0.2466806002 -0.01357915994 0.005721057711 0.9560593906 0.2928025231
1617800362.214546 -30.74978644 -14.4385637 0.2341648501 -0.005471739338 -0.00566444291 0.9613589353999999 0.2751853401
1617800362.314333 -30.88809419 -14.39225122 0.2235249253 0.007708553 -0.01866611412 0.9683933161 0.248609211
1617800362.41339 -31.02390008 -14.3657832 0.2331675716 0.01983506885 -0.02538589759 0.983006246 0.1807231215
1617800362.514199 -31.16113561 -14.3418699 0.2599195054 0.0268068641 -0.02893010161 0.983293752 0.1777015436
1617800362.613865 -31.30552927 -14.32245779 0.2759012799 0.026668982 -0.03062690039 0.9894159176 0.1393086515
1617800362.71393 -31.46231063 -14.30123663 0.2608104491 0.01941078297 -0.02743477676 0.9919334963000001 0.1222231301
1617800362.813927 -31.62271186 -14.28545678 0.2397889059 0.007385440729 -0.01901646296 0.9952717250999999 0.09496327002
1617800362.914498 -31.78408913 -14.26898931 0.2398092117 -0.001911112811 -0.009945006699 0.9957949443 0.09104874138000001
1617800363.015264 -31.94215027 -14.24717375 0.2557527806 -0.009253768032000001 -0.01365068616 0.9939179309 0.1088814635
1617800363.115083 -32.08838689 -14.22491214 0.2641677279 -0.009623029283 -0.006666924215 0.9930234719 0.1173342816
1617800363.214537 -32.23438557 -14.2043666 0.2510578782 -0.006524438421 -0.007393789892 0.9936718386 0.1118885195
1617800363.314326 -32.38820689 -14.18199228 0.235291021 -0.002787147682 -0.01759743414 0.9920367933999999 0.1246818457
1617800363.412781 -32.5412481 -14.16963016 0.2364608024 -0.002291893024 -0.01826650886 0.9962348756 0.08471808853
1617800363.513049 -32.69933966 -14.15693805 0.2543845047 -0.007097031732 -0.01607899421 0.9960590588 0.08693359257
1617800363.613032 -32.86281875 -14.14634603 0.2618684543 -0.01863493839 -0.01236096595 0.9967214268 0.07775823413000001
1617800363.713675 -33.02627937 -14.13694312 0.2454211233 -0.02184376078 -0.01263535003 0.9956697076 0.08947084062000001
1617800363.81305 -33.1824517 -14.13980595 0.2244985053 -0.01735954035 -0.00888615523 0.9981319537 0.05789892579
1617800363.912912 -33.34124297 -14.14779337 0.2243613516 -0.01996608368 -0.004835512579 0.9993939456000001 0.02810186411
1617800364.014246 -33.50679329 -14.14682925 0.251252695 -0.02636468579 -0.006445987371 0.9986165017 0.04503815242
1617800364.114687 -33.66785577 -14.13995467 0.2698446237 -0.03482719267 -0.0006833208816 0.9986318046 0.039001521
1617800364.215739 -33.83312651 -14.12981657 0.2592590454 -0.03521462773 -0.004979371453 0.997704701 0.05762347969
1617800364.315695 -34.00343458 -14.12559719 0.235255783 -0.03850130738 -0.01467525886 0.9978492061999999 0.05098281952
1617800364.414638 -34.17034205 -14.12863882 0.226744573 -0.04513501116 -0.0170971504 0.9987677773 0.01155184708
1617800364.515296 -34.33414849 -14.13122148 0.2359733804 -0.04457717268 -0.01901292079 0.9987496322 0.01227015474
1617800364.614681 -34.49333243 -14.13755304 0.2505112814 -0.0476834242 -0.009775716083 0.9987583306 -0.01060770464
1617800364.71505 -34.6543591 -14.14101552 0.2477601626 -0.04185172445 -0.008219737935000001 0.9990305908 -0.01089714627
1617800364.814528 -34.80909024 -14.14868462 0.2312913363 -0.03258699827 -0.005050023924 0.9989155813 -0.03286710001
1617800364.914683 -34.96461618 -14.15909665 0.2250575801 -0.0288315061 -0.002909798018 0.998676949 -0.04248092366
1617800365.015364 -35.12826657 -14.16499091 0.2414284708 -0.03425628121 -0.0109438798 0.9989784034 -0.02736582405
1617800365.115869 -35.29120939 -14.16309469 0.2547087212 -0.03925481425 -0.01753235764 0.9990752191 0.0006185801807999999
1617800365.215301 -35.4483201 -14.16012307 0.2417182247 -0.03570337971 -0.01793813353 0.9992008729 0.001052462472
1617800365.314437 -35.6038179 -14.15487554 0.2147449177 -0.02487181351 -0.01387297807 0.99948741 -0.0146236297
1617800365.413667 -35.75779954 -14.15102763 0.2103182065 -0.01629067337 -0.01060741577 0.9991270727 -0.0369755232
1617800365.514263 -35.91295204 -14.14958619 0.2288847308 -0.004852760193 -0.008837539915 0.9992317288 -0.03787216382
1617800365.613868 -36.0718591 -14.1553225 0.2437744144 -0.01409063633 -0.005192242775 0.9986233629 -0.05025807131
1617800365.714052 -36.2378502 -14.16522315 0.2299563995 -0.01809736173 -0.005405509943 0.9979752557 -0.06073429795
1617800365.814174 -36.40103517 -14.17912942 0.2054624472 -0.01745032401 -0.005208101922 0.9970038135 -0.07517817378
1617800365.914333 -36.56398123 -14.1916922 0.1957430067 -0.02010615091 0.003907191028 0.9961549218 -0.08518126707
1617800366.015593 -36.72807872 -14.19406994 0.2067849967 -0.0201596195 0.006615143311 0.9981927142 -0.05622397196
1617800366.11576 -36.88340771 -14.1962629 0.2202611469 -0.02680317711 0.005633226898 0.9984902361 -0.04761412549
1617800366.215938 -37.03934694 -14.19880931 0.2183677156 -0.02423673886 0.002181379872 0.9993801145 -0.02544030026
1617800366.314973 -37.19626097 -14.20544271 0.1956061872 -0.01755173507 0.0001780102543 0.9989706848 -0.04182673688
1617800366.414442 -37.35674737 -14.20866394 0.1848497058 -0.01126035797 0.001091593561 0.9991914934 -0.03857942826
1617800366.514064 -37.5185208 -14.21532515 0.1946767507 -0.005387017513 0.00170196522 0.9985040219 -0.054385674
1617800366.613829 -37.68352851 -14.22234801 0.2109658214 -0.02176312035 0.006744232294 0.9986316583 -0.04707114774
1617800366.71414 -37.85363752 -14.23289977 0.209785306 -0.02807963273 0.004952975395 0.9985070908 -0.04658961105
1617800366.814687 -38.02544151 -14.24153559 0.1893679239 -0.02182344236 -0.0001373928933 0.9995801625 -0.01905826063
1617800366.914572 -38.19067457 -14.25134886 0.1729376997 -0.02429895308 0.002080067442 0.9995863576 -0.01524296358
1617800367.014328 -38.35655303 -14.25933466 0.1788292422 -0.03251173896 -0.0007071415068 0.9993187888 -0.0174483537
1617800367.115276 -38.52412781 -14.25542731 0.1930782449 -0.03793346744 -0.008469909923000001 0.9989717647 0.02333936698
1617800367.214419 -38.68852999 -14.25283231 0.1904894166 -0.04460088406 -0.008393636042 0.9988275065 0.0168499316
1617800367.313881 -38.8570115 -14.24489919 0.1626460777 -0.05222025599 -0.008829250322 0.9985208891 0.01229321881
1617800367.413144 -39.02491449 -14.23576547 0.1456882872 -0.05538565412 -0.005879938749 0.9984224151 -0.007108910196
1617800367.513351 -39.1920302 -14.22694322 0.160418239 -0.05620860447 -0.001238097615 0.9982986894 -0.01545272245
1617800367.613764 -39.35521994 -14.22173713 0.1843558724 -0.05817212555 0.0002989415399 0.9982734711 -0.008123511214
1617800367.714179 -39.51483882 -14.22548916 0.1851045098 -0.05441055865 -0.003182496196 0.9985135549 -0.0002087292724
1617800367.81382 -39.66944637 -14.24084056 0.1683839878 -0.05165401153 -0.003937613428 0.998314528 -0.02616221494
1617800367.914506 -39.82354492 -14.25586698 0.1650546644 -0.0431569063 -0.01011180102 0.998833691 -0.01914394536
1617800368.015192 -39.97799157 -14.26665772 0.1886606865 -0.0355666827 -0.01449409928 0.9992433795 -0.006131944375
1617800368.115755 -40.1330205 -14.27199619 0.2105235269 -0.03156621368 -0.02335561702 0.9990835284 0.01703504288
1617800368.215463 -40.29005234 -14.27774475 0.2086804571 -0.03017022275 -0.02800351809 0.9988744318 0.02356756335
1617800368.314543 -40.44808268 -14.28219964 0.1872597168 -0.03187065385 -0.02380327262 0.9992064886000001 0.002014657763
1617800368.414116 -40.6058844 -14.28181372 0.1777983388 -0.02927237966 -0.02053869369 0.9992582901 -0.01428844094
1617800368.514889 -40.76344229 -14.27713922 0.1928148271 -0.01856136678 -0.01933265151 0.9996323605 -0.004107085317
1617800368.614609 -40.91706618 -14.27665296 0.2117480281 -0.0187992477 -0.007262736081 0.9996511512 -0.01707093456
1617800368.71528 -41.07485237 -14.27720725 0.2062768864 -0.01341204396 -0.004441458968 0.9999000639 -0.0005027827705999999
1617800368.814936 -41.23323561 -14.28646466 0.184837366 -0.008187171387 -0.003366890057 0.9999126754 -0.009812029647
1617800368.914921 -41.39079208 -14.30007238 0.174249261 -0.008379983847 0.003158173909 0.9998779999 -0.01279793338
1617800369.015007 -41.54668201 -14.31514172 0.1885184132 -0.007242171835 0.00898862081 0.9998930557 -0.008979582357999999
1617800369.115544 -41.7033809 -14.32729328 0.207206583 -0.009733969324000001 0.00546414777 0.9998608353 0.01239769925
1617800369.215208 -41.8610896 -14.34131375 0.2040481862 -0.009012221349 0.001176265401 0.9997005032 0.02272224006
1617800369.314445 -42.02057197 -14.35792574 0.1762305507 -0.004690695298 -0.002801487617 0.999883451 0.01425599722
1617800369.413765 -42.1826764 -14.37285756 0.1635146198 -0.007858277958000001 -0.01287375487 0.9998838463 0.00219268172
1617800369.513976 -42.34379477 -14.38480497 0.17404471 0.0009735956893 -0.0189136831 0.9998180195 0.002291830485
1617800369.614054 -42.50467595 -14.39696221 0.1829383709 0.001276532259 -0.02041363843 0.9997046062 0.01312836975
1617800369.714235 -42.67293286 -14.41106519 0.1727098702 -0.001696748772 -0.0225046567 0.9996678671 0.01244254405
1617800369.814149 -42.84463932 -14.42460025 0.1469514045 -0.005068178127 -0.02173372763 0.9997032938 0.009761299370999999
1617800369.914374 -43.01340915 -14.43774937 0.1334278813 -0.006632118054 -0.01697347007 0.9997464202 0.01322919407
1617800370.0144 -43.17490145 -14.44672915 0.1472398503 -0.008412183275 -0.004462257485 0.9998816666 0.0120820659
1617800370.115021 -43.33412544 -14.44569353 0.1715450632 -0.01041749867 -0.003366542474 0.999158765 0.03952093665
1617800370.214697 -43.49521268 -14.44330359 0.1782563005 -0.009620623135000001 -0.002715419613 0.9987500129 0.04897429783
1617800370.314278 -43.66206591 -14.43996535 0.157217186 -0.006283470508 -0.006404885847 0.9985634450999999 0.05282557757
1617800370.413604 -43.83249808 -14.43427467 0.1420006198 -0.006573892875 -0.006099967844 0.9988779273 0.04650226533
1617800370.513359 -44.00311358 -14.42604371 0.1507700155 -0.006322269474 -0.002996429905 0.9993540691 0.0352490415
1617800370.613416 -44.1725774 -14.414144 0.1710294575 -0.01618930725 -4.766009535e-05 0.9986691577 0.04896751567
1617800370.712887 -44.33994215 -14.40610917 0.172744513 -0.02362823264 0.007982105628999999 0.9991372590000001 0.03320738357
1617800370.813165 -44.50922743 -14.39606146 0.1472484247 -0.02583722907 0.01029523317 0.9990392255 0.03386844576
1617800370.913733 -44.68230304 -14.38187823 0.1295684743 -0.03194100985 0.01146965528 0.9980468689000001 0.05244679544
1617800371.013761 -44.85295007 -14.36383212 0.139605558 -0.03812310585 0.02126883074 0.9976141288 0.05348191833
1617800371.114411 -45.02214642 -14.33489633 0.1632660181 -0.04463888117 0.01970115423 0.9953740968 0.08276256494000001
1617800371.214291 -45.18727796 -14.30378952 0.1669789109 -0.04664208055 0.01484579047 0.9936735076 0.1010795679
1617800371.313631 -45.34893495 -14.27215603 0.1454966548 -0.04569439322 0.01107412345 0.994171896 0.09701354273
1617800371.413093 -45.50935789 -14.23640226 0.1325113057 -0.04699388098 0.006561895704 0.9945877071 0.09243272972
1617800371.513296 -45.67138708 -14.1972973 0.1460985827 -0.04397312578 0.002335061107 0.9946075681 0.09389726914
1617800371.612686 -45.83291176 -14.16201097 0.1665688949 -0.05546320588 0.01489953141 0.99561207 0.07388127581999999
1617800371.713398 -45.99874055 -14.12664956 0.1650111242 -0.05930836296 0.01964973122 0.9954427526 0.07204257401
1617800371.813789 -46.16701519 -14.09157692 0.144441672 -0.05863755087 0.02238363243 0.995732637 0.06765446155
1617800371.914079 -46.33249235 -14.0540299 0.1331887605 -0.06031430941 0.03586238972 0.995752954 0.05959972826
1617800372.014652 -46.4967438 -14.01076266 0.1431901733 -0.06927741905 0.04358243137 0.9943065453 0.0682327252
1617800372.115417 -46.65866532 -13.9617743 0.1579020151 -0.08080900987 0.0395412097 0.9912423059 0.09666999327
1617800372.215058 -46.81617225 -13.91387983 0.154584468 -0.08861282591 0.03453464665 0.9900341548 0.103862879
1617800372.314535 -46.96863338 -13.86272331 0.1320600559 -0.08429884687 0.03189680584 0.990545247 0.103423459
1617800372.413584 -47.11605562 -13.80991346 0.1222800017 -0.07837080032 0.03096826587 0.992324799 0.09050125715
1617800372.513644 -47.26345929 -13.75645702 0.1396077055 -0.07597042453 0.02849630113 0.9922360675 0.09425519474000001
1617800372.613068 -47.40618706 -13.71164594 0.1613225261 -0.07541707268 0.03530864389 0.993530655 0.07721659364
1617800372.713263 -47.54930267 -13.67331873 0.1611859103 -0.06941908796 0.03373506918 0.9939276903000001 0.07842628243999999
1617800372.813428 -47.69520665 -13.64393731 0.1463462122 -0.06061301934 0.02717618554 0.9951007896 0.07322523683
1617800372.913833 -47.84132774 -13.6208072 0.1420598482 -0.05373502797 0.01722101851 0.995346154 0.07811540767
1617800373.013723 -47.98616862 -13.60411563 0.1579614668 -0.05113981447 0.01126817559 0.99644477 0.0659967264
1617800373.11414 -48.12914956 -13.58145845 0.1752088482 -0.05052284926 -0.0009858369341 0.9960993379999999 0.07233656457
1617800373.213651 -48.26928742 -13.55488707 0.1773699036 -0.0493907822 -0.0009943528364 0.9973868048 0.05271739316
1617800373.313883 -48.41111851 -13.51950235 0.1597567275 -0.03879227141 -0.006340500968 0.9980159240000001 0.04918509135
1617800373.414164 -48.55360343 -13.48369231 0.1471607645 -0.03179203302 -0.01935717412 0.9981404183 0.04827288824
1617800373.513854 -48.69246183 -13.45648822 0.1553107454 -0.03098832551 -0.02707411555 0.9989386804 0.02069368651
1617800373.614491 -48.83313054 -13.43085144 0.1757812496 -0.03212245903 -0.0368744834 0.9984915605 0.02496044154
1617800373.714748 -48.97840305 -13.40847668 0.1818300601 -0.03427489313 -0.04060209892 0.9984889237 0.01402036411
1617800373.814795 -49.12748686 -13.38478414 0.1669388827 -0.03558055182 -0.04099309225 0.9984941501 0.007938703847
1617800373.914819 -49.27591418 -13.36299486 0.1540475958 -0.03955432203 -0.03710687096 0.9985261714 -0.002005163017
1617800374.01499 -49.41994378 -13.34369784 0.163496797 -0.03779744873 -0.03549441349 0.9986522967 -0.002256059582
1617800374.115023 -49.55708344 -13.32476045 0.1851846822 -0.04009708401 -0.03592095907 0.9985433438 0.003619264079
1617800374.214469 -49.69189669 -13.3052536 0.2010107518 -0.04074257531 -0.03106355766 0.9986440901 -0.009223846281
1617800374.313749 -49.83128798 -13.28173436 0.1977672797 -0.0376128683 -0.02702720855 0.9987996406 -0.01593988632
1617800374.413232 -49.97090621 -13.25587819 0.1856182655 -0.0347017582 -0.02044485913 0.9986007638 -0.03426821178
1617800374.512784 -50.10786048 -13.23151091 0.1860327053 -0.03762663917 -0.01421916664 0.9975776788 -0.05675232209
1617800374.612929 -50.24212017 -13.21157667 0.1994584985 -0.0479046298 -0.008118825059000001 0.9965365918 -0.0674837192
1617800374.713171 -50.37079971 -13.19700831 0.2084446825 -0.05676818779 -0.001328791131 0.9957535664 -0.07245993556999999
1617800374.813884 -50.49439835 -13.1868079 0.2014800456 -0.05634101283 -0.002328165179 0.9961981437 -0.06640428001
1617800374.914158 -50.61090484 -13.18647098 0.1908430002 -0.05174378698 -0.01009871635 0.9964734366 -0.06527853151
1617800375.014544 -50.71922172 -13.19375963 0.1886588099 -0.04424896238 -0.0127024697 0.9972542977 -0.0580046746
1617800375.114332 -50.82318603 -13.20238036 0.204141535 -0.04242143837 -0.01288513986 0.996489048 -0.07102092607
1617800375.214391 -50.9237865 -13.20378269 0.2234678731 -0.03627804898 -0.02302582059 0.9972630797000001 -0.06016697217
1617800375.313191 -51.01892972 -13.20859903 0.231362511 -0.03693032792 -0.01962629997 0.9941202215 -0.09987964941999999
1617800375.413018 -51.12108893 -13.20664352 0.2230425924 -0.04051937517 -0.02057497596 0.9914420913000001 -0.1223823118
1617800375.513116 -51.22557382 -13.19783884 0.2135515254 -0.04621039034 -0.02342343091 0.9892923545 -0.136442589
1617800375.613292 -51.32114618 -13.1877725 0.2155338366 -0.05208375607 -0.01609547281 0.9862692835 -0.1558881603
1617800375.713706 -51.40600575 -13.18369744 0.2270528109 -0.05333495811 -0.01135822649 0.9847163658 -0.1654087419
1617800375.813913 -51.47722941 -13.19027801 0.2316285474 -0.05531181314 -0.005553856555 0.9821006674 -0.1799667668
1617800375.914639 -51.53841429 -13.20327454 0.2288075014 -0.05376655103 -0.009348850961999999 0.9836177617 -0.1718076129
1617800376.015031 -51.58481599 -13.2174168 0.2259599603 -0.04725718285 -0.01458305014 0.9858545143 -0.1601404695
1617800376.114957 -51.61549522 -13.22724323 0.2308764727 -0.03734868605 -0.01504025223 0.9881508606 -0.1481105774
1617800376.215063 -51.63602811 -13.22882678 0.2414721978 -0.02216899524 -0.01945865941 0.991428517 -0.1272768314
1617800376.313078 -51.64804619 -13.23396895 0.2541429914 -0.01115235937 -0.01486475047 0.9863743962 -0.1634631904
1617800376.412277 -51.66061896 -13.23827512 0.2617456205 -0.01120621795 -0.01188488355 0.9816870056 -0.1897993499
1617800376.51176 -51.67442976 -13.24027734 0.2647869988 -0.01356399708 -0.008382808562999999 0.978378664 -0.2062060531
1617800376.611353 -51.68405253 -13.24471762 0.2632397847 -0.0194289236 0.0026463629 0.971608823 -0.2357791525
1617800376.712203 -51.6905553 -13.24945087 0.2593733813 -0.017623029 0.006203784195 0.9695361338 -0.2442347787
1617800376.813032 -51.69150425 -13.25659002 0.2569946585 -0.01627760038 0.006419539856 0.9658645264 -0.258456081
1617800376.913763 -51.68378165 -13.26990484 0.2550120993 -0.01314122415 0.006122153568 0.9592806067 -0.2820825146
1617800377.014023 -51.67203358 -13.28940276 0.2550960094 -0.01290786053 0.003813606155 0.9473604378 -0.3198859865
1617800377.114791 -51.66171306 -13.30893745 0.2529078205 -0.01356661186 0.00209050095 0.9378192613 -0.3468524325
1617800377.215252 -51.65158115 -13.32608287 0.2495002523 -0.01546945777 0.001260812363 0.9283600971 -0.371357828
1617800377.315324 -51.63899351 -13.33889301 0.2488013203 -0.01678236535 0.0004122273218 0.9164389939000001 -0.3998221513
1617800377.415035 -51.62145933 -13.34433554 0.2505434724 -0.01298389282 -0.002074267474 0.9022790201000001 -0.430952069
1617800377.514463 -51.59936941 -13.34144982 0.2532041933 -0.004152109136 -0.004343292983 0.8869138534 -0.4618957809
1617800377.613882 -51.57437172 -13.3361783 0.2581258303 0.00484453976 -0.01024489768 0.8698815168 -0.4931305296
1617800377.712895 -51.5462317 -13.33522212 0.2635419028 -0.008244459273 0.01816169863 -0.8457424168 0.5332184787000001
1617800377.812244 -51.51482807 -13.33889577 0.2643719751 -0.005597021617 0.02570073223 -0.8161702749999999 0.5772124634
1617800377.911957 -51.48284126 -13.3464433 0.2614910346 -0.0003556756874 0.0320986339 -0.7862167882 0.6171164502000001
1617800378.012106 -51.45066175 -13.35618715 0.2582078849 0.006306524668 0.03325188452 -0.758235191 0.6511020927
1617800378.112773 -51.41969226 -13.36639274 0.2542623339 0.01180765763 0.03299497215 -0.7345474219 0.6776518251
1617800378.213683 -51.39066663 -13.37827908 0.2513195513 0.01281129482 0.0316507211 -0.716229511 0.6970289737000001
1617800378.314162 -51.35782886 -13.3925189 0.2479508592 0.01616333763 0.02725221797 -0.6955115654 0.7178159413
1617800378.414325 -51.31688179 -13.40799295 0.244282112 0.01917532191 0.02231168791 -0.669875475 0.7418903851
1617800378.514396 -51.27085225 -13.42450848 0.241169468 0.02177483046 0.02011649139 -0.6399633409 0.7678333842
1617800378.614315 -51.2272131 -13.44026468 0.2339627659 0.02672263938 0.01799338584 -0.6037064836 0.7965554722
1617800378.71436 -51.18706221 -13.45574261 0.229031036 0.02680215073 0.01734746624 -0.570477947 0.8206921604
1617800378.814034 -51.14682173 -13.46931918 0.2289883224 0.0271739802 0.01648044712 -0.5267115372 0.8494497785
1617800378.914211 -51.10982233 -13.47856701 0.2283353316 0.02252839458 0.01452349998 -0.4898298053 0.8714059336
1617800379.014126 -51.0742592 -13.48210823 0.2285497956 0.01750450955 0.01437543461 -0.4477983376 0.8938476312
1617800379.114291 -51.0404998 -13.48326548 0.2273304348 0.008087214057999999 0.01596672302 -0.4119721292 0.9110206504
1617800379.214387 -51.0082705 -13.4866664 0.2228380397 0.004222733952 0.01810140746 -0.3766907173 0.9261525852
1617800379.314604 -50.97375463 -13.49450986 0.2144328607 0.004887896712 0.02076694684 -0.3466657054 0.9377460909000001
1617800379.414765 -50.93255324 -13.50730541 0.2031542311 0.01161045599 0.02817331121 -0.3197212053 0.9470215482
1617800379.515109 -50.88395331 -13.52461984 0.1941204932 0.0177420389 0.03857834409 -0.3039939016 0.9517271874
1617800379.615284 -50.83301014 -13.53994113 0.1883515906 0.01849094656 0.04670070051 -0.2978621614 0.9532865583
1617800379.714954 -50.78509891 -13.55091709 0.1843726874 0.02456999618 0.04785335793 -0.2847666129 0.9570863846
1617800379.815439 -50.73950026 -13.56782512 0.1863360818 0.02468552198 0.04640336304 -0.2966358024 0.9535431577
1617800379.915405 -50.69841372 -13.58898072 0.1879056436 0.02620852616 0.0437007727 -0.3048568103 0.9510340062
1617800380.015311 -50.65788855 -13.6165893 0.1878652266 0.02389584746 0.04148972955 -0.3130171317 0.94853986
1617800380.114959 -50.60892129 -13.65478656 0.1874080035 0.02073608267 0.04310684159 -0.3200904215 0.9461785968999999
1617800380.21472 -50.55197147 -13.70148037 0.1810493868 0.0179313632 0.04778803811 -0.324341362 0.9445620416
1617800380.314285 -50.49251839 -13.75190261 0.1736060601 0.01759478809 0.04833668086 -0.3209593581 0.9456950244
1617800380.413454 -50.43012365 -13.80482649 0.1778096858 0.02544642853 0.04872010662 -0.3055642641 0.9505836686
1617800380.513619 -50.36192979 -13.86330805 0.188485625 0.02118005856 0.04624883418 -0.3120535865 0.9487017496
1617800380.613191 -50.28613722 -13.91609392 0.1901403342 0.02091017913 0.0439535446 -0.307024562 0.9504560846
1617800380.712846 -50.19627704 -13.96582267 0.181515466 0.02140552997 0.04498790406 -0.2949869047 0.9542015604
1617800380.813456 -50.09567597 -14.02379998 0.1669904582 0.01907753593 0.04948098221 -0.3092121017 0.949513326
1617800380.91401 -49.99363523 -14.0861305 0.1604289426 0.02356008461 0.05014427555 -0.3212477362 0.9453731359000001
1617800381.013996 -49.89276222 -14.15154588 0.1714611237 0.02570465532 0.0562475453 -0.3217321318 0.9448089329
1617800381.114333 -49.80041903 -14.22044606 0.1821456293 0.02362879577 0.05991193885 -0.3405614622 0.9380139285
1617800381.213919 -49.70831403 -14.29093919 0.1821214801 0.02424671289 0.06019051468 -0.3352706535 0.9398844545
1617800381.313894 -49.61640944 -14.36878315 0.1641000511 0.02098016364 0.0555414553 -0.3385149386 0.9390860535
1617800381.413491 -49.52908834 -14.44872901 0.1497915964 0.02036741604 0.05005448156 -0.3319379477 0.941752046
1617800381.514078 -49.45032563 -14.53365944 0.1538172141 0.01805889225 0.03941166668 -0.3387998484 0.9398591701
1617800381.614896 -49.38209557 -14.62607968 0.1672665249 0.01730240824 0.0355202049 -0.3726718352 0.9271216991
1617800381.715317 -49.31754563 -14.72013107 0.1762947471 0.0168852302 0.03203957027 -0.3992457259 0.9161283782
1617800381.815003 -49.25460593 -14.81296114 0.171037606 0.01434526025 0.02698224145 -0.4151020621 0.9092614862
1617800381.915057 -49.19790246 -14.9091713 0.1593683817 0.0122598204 0.02064578498 -0.446712285 0.8943554007
1617800382.015382 -49.15532564 -15.00893442 0.1553994177 0.009200966525 0.01741683145 -0.5006884617 0.8654034091
1617800382.115242 -49.13216078 -15.10877076 0.1626327781 0.003897355249 0.02274248099 -0.5533173031 0.8326509186
1617800382.214854 -49.12854377 -15.21113502 0.1740858468 0.002295336087 0.0320390486 -0.616170636 0.7869574182
1617800382.3138 -49.13555927 -15.316002 0.1722427466 0.007772257952 0.03589940139 -0.6600683643 0.7503069902
1617800382.412767 -49.15452073 -15.42322676 0.1549626246 0.01682483058 0.03801402014 -0.6944844899 0.7183057515
1617800382.512356 -49.18812937 -15.52855848 0.1393745933 0.02919171403 0.03618187346 -0.7245361209 0.6876671617
1617800382.612865 -49.23792644 -15.62717409 0.1413558852 0.03860342903 0.02531026258 -0.7607531379 0.6473977364
1617800382.713311 -49.29542022 -15.71804295 0.1507729586 0.04714534857 0.01167980902 -0.7928390262 0.6074925322
1617800382.813428 -49.35060772 -15.80889139 0.1547760242 0.05412758343 0.001673393063 -0.8175516452 0.5733033333000001
1617800382.913644 -49.40085711 -15.90560129 0.1507123726 0.05498394285 -0.001033151845 -0.8390234734000001 0.5413088857
1617800383.013464 -49.44834829 -16.00380233 0.1459751475 0.05790541525 -0.004641725175 -0.8514603522 0.521191602
1617800383.113962 -49.50225461 -16.10037237 0.1508562989 -0.05870716855 0.008718574987999999 0.8721379989 -0.48564675
1617800383.213924 -49.56428917 -16.19704855 0.1669556564 -0.06014431355 0.002188517595 0.8852084531 -0.4612850166
1617800383.314252 -49.63670029 -16.29020763 0.1766298912 -0.06271870743000001 -0.004819377007 0.9049679046 -0.4208042646
1617800383.413724 -49.71397077 -16.38464349 0.1743450538 -0.0673527091 -0.007309036018 0.9110919531 -0.4065976433
1617800383.513559 -49.79925775 -16.47765363 0.1621862493 -0.06495386406000001 -0.008836568100000001 0.918705299 -0.3894656394
1617800383.613055 -49.88397738 -16.56749659 0.1586035244 -0.06311285926 -0.002712054559 0.9180558513 -0.3913858271
1617800383.713338 -49.96952179 -16.65823528 0.1754483885 -0.05369277747 -0.002601816993 0.9225072255 -0.3822181773
1617800383.813684 -50.05068126 -16.75424622 0.1900154178 -0.04275976698 -0.005235471224 0.9289403023 -0.3677147085
1617800383.913292 -50.12782292 -16.85849769 0.1905199801 -0.03520361309 -0.001751660035 0.9243278471 -0.3799679834
1617800384.013835 -50.21049505 -16.96992917 0.1837750381 -0.02377596899 0.001575863919 0.9263749089 -0.3758480386
1617800384.114302 -50.29355836 -17.08131782 0.1843951209 -0.01613831125 0.008043459197999999 0.9279961504999999 -0.3721531973
1617800384.214649 -50.37877925 -17.19014471 0.2027256699 -0.007500698572 0.01361000216 0.932674044 -0.3603853979
1617800384.314369 -50.46395122 -17.29894709 0.2195595652 -0.008602950078 0.01585336673 0.927452245 -0.3735063496
1617800384.414523 -50.55873524 -17.41394134 0.2239757712 -0.01239911983 0.01341760791 0.9265920226 -0.375624085
1617800384.514288 -50.65899051 -17.53234438 0.2087347019 -0.01585868871 0.0119422249 0.9209503835 -0.3891738382
1617800384.613948 -50.75974074 -17.64412881 0.1904505107 -0.02112500645 0.01494100512 0.9135558102 -0.405889495
1617800384.714225 -50.86180636 -17.75003461 0.1917199675 -0.01892423589 0.01986363678 0.9070621635 -0.4201018219
1617800384.814914 -50.96437863 -17.85309347 0.2002556303 -0.02280141095 0.02037681831 0.9087578986 -0.4162018292
1617800384.915323 -51.06293574 -17.95960566 0.196832192 -0.02069029329 0.02071171511 0.9103599909 -0.4127803576
1617800385.014877 -51.15691762 -18.07150981 0.1790968568 -0.02052029423 0.01949384911 0.9014019025 -0.4320573082
1617800385.115147 -51.25362721 -18.18528381 0.165357296 -0.01824166479 0.01609240307 0.9064541934 -0.4216029785
1617800385.215072 -51.34712546 -18.29807614 0.1726590138 -0.01458050956 0.01396847723 0.9080975233 -0.4182716565
1617800385.315072 -51.4419929 -18.4087526 0.1951206462 -0.013300189 0.006568991874 0.9131494716 -0.407354877
1617800385.414955 -51.53903114 -18.51794309 0.2095904269 -0.01198890371 -0.001652779769 0.9167442049 -0.399291369
1617800385.514206 -51.64081655 -18.6291616 0.2063796228 -0.01495024808 -0.002615520857 0.9104300024 -0.4133846392
1617800385.614166 -51.75020175 -18.7387775 0.2014195195 -0.01517565039 -0.0001591225112 0.9111746891 -0.4117406468
1617800385.713267 -51.85293414 -18.84448042 0.211919535 -0.01316272334 0.007129589329 0.898064572 -0.4396088445
1617800385.813849 -51.95602508 -18.94908196 0.2330807684 -0.007589590966 0.01053188127 0.903906497 -0.4275330658
1617800385.913738 -52.0504438 -19.05896972 0.2411042985 -0.00534970958 0.008211932224000001 0.9034116926 -0.4286621729
1617800386.013574 -52.1430284 -19.17692432 0.2298891591 -0.002848130471 0.004447778418 0.9032043038000001 -0.4291783906
1617800386.113199 -52.23112692 -19.2957376 0.2185632311 0.0003579825614 0.009472404635999999 0.897954747 -0.4399857018
1617800386.21308 -52.31651098 -19.4100423 0.2214880085 0.004354828803 0.01820905983 0.8923321598 -0.4509908892
1617800386.31392 -52.40742549 -19.51799355 0.2356599426 0.01513821504 0.01975378378 0.9038613381 -0.4271010465
1617800386.413938 -52.49702898 -19.62483837 0.250481149 0.01847670885 0.01250103735 0.9125089857999999 -0.408447899
1617800386.513567 -52.58631485 -19.73392151 0.2453732899 0.02486815706 0.007130770452 0.9127872793 -0.4076151489
1617800386.613134 -52.67949888 -19.84243052 0.2226568134 0.03555113789 0.005016266317 0.9134602099 -0.4053410892
1617800386.712048 -52.76968422 -19.94903187 0.2185401403 0.03964770994 0.002119414798 0.9036676994 -0.4263897938
1617800386.812027 -52.85849859 -20.05273904 0.2361625925 0.04784520586 0.005421006902 0.8992706774 -0.4347340541
1617800386.91202 -52.94456974 -20.15755236 0.253710738 0.04504448674 0.00631718788 0.8967315205 -0.4402313794
1617800387.012107 -53.02776297 -20.26870467 0.252045958 0.04226078725 0.003816254008 0.8918071091999999 -0.450421516
1617800387.111902 -53.10852206 -20.38632073 0.2329091638 0.0390342748 0.003970710114 0.8815766778 -0.4704073978
1617800387.212215 -53.18775608 -20.51331397 0.2191537491 0.02958806638 0.002370455288 0.87119435 -0.4900401329
1617800387.312948 -53.26821622 -20.64638878 0.2221681621 0.01719737997 -0.004515653713 0.8697046817 -0.4932520913
1617800387.413255 -53.34735241 -20.77646656 0.2280098093 0.00147397083 -0.01377395458 0.8676275157 -0.4970217295
1617800387.51271 -53.41804736 -20.90313826 0.2274877654 0.01398316333 0.01587606947 -0.8513834335 0.5241170392
1617800387.612516 -53.48473729 -21.0276941 0.2103018652 0.02141439517 0.01459548627 -0.8374908471 0.5458364924
1617800387.71214 -53.54456619 -21.14852113 0.1912420163 0.02236071453 0.0102318557 -0.8190014285 0.5732643088
1617800387.81143 -53.59074303 -21.26337415 0.1897340807 0.01807783922 0.0006995148634999999 -0.7835426041 0.6210746252
1617800387.912091 -53.62573116 -21.37678854 0.2073531309 0.007508096563 -0.003937281691 -0.7703689943000001 0.6375419507
1617800388.01161 -53.63945322 -21.49147283 0.2205546129 0.00299149086 -0.004551924068 -0.7301840303 0.6832288144999999
1617800388.112059 -53.64543992 -21.618285 0.2117984367 0.0009092323842 0.00232163384 -0.7033575524 0.7108318626
1617800388.212458 -53.64383975 -21.75791622 0.1887721047 0.007879469482000001 0.01142720876 -0.6660183995 0.7458061574
1617800388.313544 -53.64087303 -21.90371822 0.175406833 0.01662305445 0.01928479785 -0.6419768315 0.766301193
1617800388.414501 -53.63623877 -22.04873562 0.1800940551 0.01753351963 0.02839218372 -0.6260704841 0.7790521218000001
1617800388.514988 -53.63130441 -22.18668501 0.182959642 0.01959819379 0.035986283 -0.6132183559 0.7888498883
1617800388.615534 -53.62701931 -22.32137246 0.1790736879 0.01916843982 0.03987738683 -0.6118021806 0.7897724082000001
1617800388.715159 -53.61935495 -22.45310794 0.1680385497 0.01212299221 0.03861089728 -0.6013128984 0.7979881139
1617800388.814284 -53.60843207 -22.58394115 0.1578456506 0.004709508346 0.03611000873 -0.5795222812 0.8141423791
1617800388.913929 -53.59490282 -22.71752459 0.1551624889 -0.008498432541 0.04347171683 -0.5577730942 0.8288106911999999
1617800389.014709 -53.57644215 -22.85762738 0.1647803282 -0.0208298251 0.05188720798 -0.5664638189 0.822187678
1617800389.114171 -53.54502956 -22.99440537 0.1690151177 -0.01916009769 0.05860174508 -0.5266977548 0.8478137774
1617800389.215132 -53.51148262 -23.14116267 0.1509469303 -0.02311363384 0.06414381765 -0.5195137109 0.8517375387
1617800389.315394 -53.47397241 -23.28935955 0.1239560732 -0.018781343 0.06741948625999999 -0.4847011237 0.8718753894
1617800389.416985 -53.44249467 -23.44278156 0.1139242602 -0.009407424018 0.06211037167 -0.4965112998 0.865754198
1617800389.517319 -53.41145995 -23.59085927 0.1282072029 0.003630670182 0.07028462861 -0.4882079014 0.8698850121
1617800389.617978 -53.38719384 -23.7368258 0.1436692988 0.001795329725 0.07616512682 -0.5061246733 0.8590887412
1617800389.717198 -53.3677403 -23.87311615 0.1500014904 0.001407874818 0.07258280437 -0.5015850264 0.8620569678
1617800389.815944 -53.3569426 -23.99389029 0.1623240732 0.005562258735 0.06078291156 -0.4792207484 0.8755695136
1617800389.916342 -53.34562739 -24.10824815 0.1992919907 -0.01042712309 0.04897905264 -0.4800192493 0.8758275217
1617800390.016802 -53.3217684 -24.22312178 0.2375260016 -0.02816573114 0.05960035 -0.5036988637000001 0.8613605195
1617800390.115424 -53.29009965 -24.32834341 0.2630925849 -0.01771621378 0.06847219771 -0.4851284805 0.8715779089
1617800390.215044 -53.26523747 -24.43236966 0.2832712668 -0.01589211446 0.06925416589 -0.480863415 0.8739117102
1617800390.314478 -53.25223312 -24.52344436 0.3070632701 -0.01275738558 0.06548044158999999 -0.4636023823 0.8835283764
1617800390.415303 -53.25337157 -24.6064302 0.3422995697 -0.009848762503 0.0583384462 -0.4755799584 0.8776806542
1617800390.516048 -53.26170571 -24.6892648 0.3870043187 -0.004491087718 0.05212702953 -0.4980544007 0.8655659518
1617800390.616412 -53.27346284 -24.77331502 0.4209019374 -0.001875929956 0.04755792622 -0.5091764719 0.8593451257
1617800390.716908 -53.28838775 -24.86073838 0.4428330524 -0.007709597561 0.04700411716 -0.5378369200000001 0.8417022173000001
1617800390.816393 -53.29641051 -24.93986206 0.4656182572 -0.007675665038 0.04901729439 -0.540733518 0.8397295109
1617800390.915788 -53.29506696 -25.0130312 0.4981803154 -0.007662203875 0.04819923761 -0.5308689958 0.8460474180000001
1617800391.014943 -53.28591883 -25.08802754 0.538874005 0.008138509939 0.04666814604 -0.5173984175 0.8544324001
1617800391.115016 -53.27052475 -25.16504403 0.5665381585 0.02118007568 0.0415378814 -0.5104079459 0.8586674196
1617800391.214602 -53.25024622 -25.23720554 0.5830688663 0.02707928786 0.04094191744 -0.4924288005 0.8689674033
1617800391.315593 -53.23367411 -25.30430193 0.6096343969 0.02959888249 0.04371815028 -0.4941035702 0.8677985316
1617800391.416546 -53.22418645 -25.36664245 0.6525851194 0.02759833642 0.04637776323 -0.5132961565 0.8565129834
1617800391.516578 -53.22137095 -25.42478863 0.6933930722 0.03170175959 0.04412447692 -0.5102032193 0.8583360088
1617800391.617553 -53.22540894 -25.49141912 0.7230267257 0.02699762499 0.05093386842 -0.5408108219 0.8391665653
1617800391.716837 -53.22397553 -25.55626686 0.7399615872999999 0.02438547329 0.05175205915 -0.5358295332 0.8423857694
1617800391.81614 -53.21494671 -25.61920376 0.7682164516 0.03023309107 0.0469342955 -0.5273576944 0.8478071681
1617800391.915497 -53.19337836 -25.68198189 0.8150256758 0.0327908002 0.05095901292 -0.506680718 0.8600015072
1617800392.014741 -53.16041478 -25.74257267 0.8604183344 0.04328041343 0.05296616607 -0.4821799878 0.8733978764
1617800392.115457 -53.12467593 -25.80364546 0.8849431406 0.04139114263 0.04791689241 -0.4846785159 0.8723975475
1617800392.215552 -53.08422945 -25.86392212 0.8916340746 0.03534269971 0.04871393168 -0.4774853198 0.8765760753
1617800392.316023 -53.03997153 -25.92373119 0.9050657275 0.02375880456 0.04237509589 -0.4769947699 0.8775624536
1617800392.417043 -52.99463649 -25.98310563 0.9390380357 0.0129106567 0.03412752898 -0.5024186215000001 0.8638542444
1617800392.516913 -52.94771055 -26.04250105 0.9897901872 0.006330513499 0.03707816092 -0.511051929 0.8587264177
1617800392.617421 -52.91047744 -26.10560986 1.02642938 -0.007226941771 0.03711075366 -0.5371297833000001 0.8426518612
1617800392.716915 -52.87569256 -26.17610666 1.048193817 -0.01747175117 0.03863912956 -0.5454829427 0.8370484543
1617800392.816675 -52.8415887 -26.25623476 1.057592285 -0.02654963503 0.04015409248 -0.5507161687 0.8333033465
1617800392.915934 -52.81233869 -26.34040038 1.052720822 -0.03249796778 0.03084468579 -0.543398605 0.8382782613999999
1617800393.015646 -52.78552398 -26.43441539 1.05426758 -0.04128173907 0.02496382932 -0.5366359439 0.8424336703999999
1617800393.115587 -52.76167875 -26.53414445 1.072118858 -0.04282098128 0.01783765582 -0.5412532711 0.8395791077
1617800393.215414 -52.73510665 -26.62637868 1.088520115 -0.03972878303 0.008591084376000001 -0.5214057696 0.852340214
1617800393.316436 -52.7052415 -26.72453364 1.092438095 -0.04529115292 0.001043238094 -0.5427841158 0.8386495255999999
1617800393.416518 -52.66388339 -26.82989138 1.079432234 -0.04917224221 0.003978173962 -0.540707745 0.8397627041
1617800393.516811 -52.62007618 -26.94096852 1.063003227 -0.05086146134 0.002764679656 -0.5457030951 0.8364290767
1617800393.616709 -52.58000084 -27.04991539 1.066889363 -0.04940316714 -0.008240315337000001 -0.5420081426 0.8388793701
1617800393.716774 -52.54673618 -27.15982946 1.093160781 -0.04359405155 -0.01390314846 -0.5469565058 0.8359095895999999
1617800393.816994 -52.52293298 -27.27394305 1.107115491 -0.0379212225 -0.02239310187 -0.5515169018 0.8330003823
1617800393.917108 -52.50012048 -27.39696981 1.106304536 -0.03382744513 -0.01827168676 -0.5666013252 0.8230946408000001
1617800394.016388 -52.47758683 -27.5220376 1.087795521 -0.02525454508 -0.01873425249 -0.5590090521 0.8285650943
1617800394.115819 -52.45606619 -27.64481198 1.0786945 -0.02407598131 -0.01822270854 -0.5460193999 0.8372282215
1617800394.216233 -52.43457028 -27.76867899 1.09042702 -0.03316959939 -0.01451390757 -0.5602550355 0.8275285006
1617800394.316362 -52.40945781 -27.88688088 1.103833767 -0.04324381987 -0.01723016749 -0.5662860044 0.8228932218
1617800394.416445 -52.38010825 -28.00734291 1.102604696 -0.04724549016 -0.01954235332 -0.574665552 0.8167897302
1617800394.515974 -52.34261854 -28.13873664 1.092434374 -0.05239065267 -0.01231880797 -0.5672206469 0.821805454
1617800394.616177 -52.301155 -28.27879465 1.083928659 -0.05825085219 -0.008130585645999999 -0.5702110241 0.8193900902
1617800394.715425 -52.25570829 -28.41543377 1.084842804 -0.04968582048 -0.006791708262 -0.544348907 0.8373586205
1617800394.81703 -52.21817201 -28.56275555 1.099578009 -0.0516342529 -0.001299466695 -0.5755970872 0.8161006118
1617800394.916714 -52.18391281 -28.70278724 1.108320737 -0.04687373988 0.002323924278 -0.5718625268 0.8190059233
1617800395.016764 -52.15255945 -28.84595051 1.104713048 -0.0422391244 -0.001726693147 -0.5718117251 0.8192949566
1617800395.116683 -52.1205682 -28.9992492 1.089393155 -0.03937178055 -0.002584894102 -0.5712529343 0.8198251437
1617800395.216011 -52.08382257 -29.15388277 1.083630277 -0.02977593886 0.0005097009482 -0.5510457399000001 0.833943479
1617800395.316475 -52.04372638 -29.30689644 1.097851476 -0.03019837926 0.001852186891 -0.55047289 0.8343046354
1617800395.417093 -51.9988122 -29.45768818 1.115415556 -0.03167980887 0.005913170581 -0.5671935341 0.8229537770000001
1617800395.516459 -51.94540172 -29.60102276 1.111253567 -0.02869180378 0.01359083389 -0.5574931097 0.8295742898
1617800395.61579 -51.88736347 -29.74476546 1.092646584 -0.01750115099 0.01561827073 -0.5319513888 0.846449939
1617800395.71661 -51.83528975 -29.89440777 1.083702972 -0.01271334685 0.01367690333 -0.5471943498 0.8367972614
1617800395.817041 -51.78998067 -30.03552797 1.097410705 -0.009053420328 0.006545448076 -0.5550744426999999 0.8317256493
1617800395.917172 -51.75067195 -30.17022341 1.12192747 -0.006228231566 0.004362797723 -0.5658320106 0.8244854825
1617800396.016977 -51.7169679 -30.3044184 1.134228615 -0.004531885814 0.0008180906796 -0.5738939343 0.8189166898
1617800396.116778 -51.68749149 -30.44415288 1.121385754 -0.005866815338 -0.001793554601 -0.5862514999 0.8101058835
1617800396.216392 -51.6600849 -30.58473078 1.107391925 -0.009616463935 -0.004143319296 -0.5948275646 0.8037851236
1617800396.315601 -51.6282392 -30.72228157 1.118048699 -0.01251180627 -0.01064791147 -0.5847036933999999 0.8110805556
1617800396.415658 -51.5908515 -30.86303525 1.145301853 -0.0102017084 -0.01070941338 -0.5878664793 0.808822747
1617800396.515949 -51.5479644 -31.00385182 1.151727006 -0.008246830558000001 -0.009541957538999999 -0.5940390027 0.8043373696
1617800396.615454 -51.496736 -31.14418124 1.136251464 -0.0007848786875 -0.006250665417 -0.58259461 0.8127384779
1617800396.7155 -51.44197149 -31.28589289 1.117368657 0.005123665822 -0.006888975983 -0.5739149572 0.8188698993
1617800396.816044 -51.39300708 -31.42720152 1.118378496 0.01267191369 -0.01545206224 -0.5750369341 0.817883354
1617800396.916711 -51.35181457 -31.56741434 1.140470691 0.01685125452 -0.0168718529 -0.5830837991 0.8120619797999999
1617800397.017866 -51.31722143 -31.70660629 1.15142088 0.01576180663 -0.01359982201 -0.6118100426999999 0.7907307266
1617800397.117773 -51.27963262 -31.84598398 1.141390227 0.01190882094 -0.008160339391000001 -0.6261007217 0.7796085397
1617800397.217257 -51.24167079 -31.98833232 1.116883938 0.007702240291 -0.006616827851 -0.6253759432 0.7802575362
1617800397.316603 -51.20883464 -32.12901361 1.109086422 0.003009896427 -0.01132553565 -0.6228718364 0.7822361205
1617800397.416129 -51.17599682 -32.26666403 1.128945171 -0.003121603728 -0.01865647625 -0.611967805 0.7906564343
1617800397.516229 -51.140487 -32.40382677 1.149957836 -0.005149084076 -0.02027106639 -0.617559378 0.7862461354
1617800397.616002 -51.09909608 -32.54239459 1.148981832 -0.004323279195 -0.02074523516 -0.6077289852 0.7938617165
1617800397.716171 -51.05328719 -32.68899166 1.133151617 -0.002044488353 -0.01765142725 -0.6020292238 0.7982763061
1617800397.816372 -51.00720231 -32.83603877 1.121015786 0.002569523925 -0.01468559351 -0.5973949844999999 0.8018085578
1617800397.917331 -50.96985986 -32.98366616 1.126753001 0.003184027301 -0.01431601716 -0.6120984201 0.7906455829
1617800398.017538 -50.93991655 -33.12557356 1.140248663 0.001643129789 -0.0104208866 -0.6196823927 0.7847817768999999
1617800398.117252 -50.91396857 -33.26369191 1.146766659 0.005557623102 -0.00968675043 -0.6214992504 0.7833351527
1617800398.217026 -50.88843517 -33.40587861 1.132222061 0.001944533596 -0.007840484276999999 -0.6199417653 0.7846062409
1617800398.316606 -50.86602358 -33.55256124 1.113550137 -0.0001709387401 -0.008540322175 -0.6176018133 0.7864445524
1617800398.415459 -50.84260193 -33.69463168 1.115185994 -0.0006025114183 -0.01422733237 -0.5926819813999999 0.8053106785
1617800398.516142 -50.81730558 -33.83735446 1.133735638 -0.004668942975 -0.01216540503 -0.5996285555999999 0.800172356
1617800398.615956 -50.78146548 -33.97745797 1.143723052 -0.005360301853 -0.00530712768 -0.5941954967999999 0.8042852809
1617800398.716331 -50.74363415 -34.12377623 1.132460779 -0.001624818292 0.00478469156 -0.5998323369 0.8001097639
1617800398.81636 -50.70638696 -34.26576193 1.104281272 -0.001519810323 0.004640152357 -0.5967123473 0.8024403615
1617800398.916891 -50.66958844 -34.40087519 1.092690903 -0.001852252831 -0.002765826237 -0.5989426302 0.8007850181
1617800399.01703 -50.63491939 -34.52948799 1.108018775 -0.006340981077 -0.007091872016 -0.5984051339000001 0.8011371874
1617800399.117989 -50.60780465 -34.65727698 1.123242729 -0.0136551165 -0.008643550765999999 -0.6267000119 0.7790930123000001
1617800399.217361 -50.57681416 -34.78441426 1.120144913 -0.01438723541 -0.0113127769 -0.6234906391 0.781616563
1617800399.316984 -50.54734593 -34.91643372 1.09523108 -0.02016096455 -0.01688284361 -0.6253827209 0.7798749627
1617800399.416465 -50.52127401 -35.04909769 1.079925473 -0.02546246379 -0.02204786269 -0.6231560551000001 0.7813719253
1617800399.516395 -50.49783644 -35.18027756 1.090287685 -0.03384789714 -0.02953236263 -0.6223439048 0.7814539165
1617800399.616041 -50.4725749 -35.30884877 1.113877067 -0.03168264556 -0.03488502847 -0.6211435084 0.7822787141999999
1617800399.715929 -50.44135076 -35.43744057 1.123161023 -0.03077877138 -0.03781069749 -0.6128322448 0.7887075872
1617800399.816247 -50.40382131 -35.57195549 1.110680429 -0.03208445357 -0.03692561097 -0.6144052545000001 0.7874727108
1617800399.916204 -50.36147923 -35.70727872 1.094367941 -0.02663823558 -0.03725597063 -0.6034541477000001 0.7960813329999999
1617800400.016656 -50.32234214 -35.84256299 1.093404255 -0.02019272038 -0.03713148976 -0.6055373418 0.7946936732
1617800400.117191 -50.29152439 -35.97806002 1.106778153 -0.01169073905 -0.02943091005 -0.6142722907 0.7884584333
1617800400.217203 -50.2693156 -36.1087056 1.117235889 -0.005099439536 -0.02354061079 -0.620620333 0.7837411803
1617800400.316823 -50.24956593 -36.23691822 1.114656976 -0.001111732945 -0.02109166361 -0.6235087873 0.7815309962
1617800400.416201 -50.23048968 -36.3642561 1.102363319 0.0005179447308000001 -0.02490025266 -0.6163677558 0.787064482
1617800400.515253 -50.21065468 -36.48635505 1.098729727 0.004831461456 -0.02846169636 -0.5911649042 0.8060338981
1617800400.615605 -50.18621547 -36.60305922 1.109272954 0.007072669067 -0.0306201371 -0.5818442569 0.8126928358
1617800400.714888 -50.14950756 -36.70607127 1.125239879 0.02049167784 -0.02940294448 -0.5460509177 0.8369850377
1617800400.815455 -50.1044552 -36.79960023 1.128630239 0.02616800707 -0.0278287372 -0.5308367584 0.8466127407
1617800400.915481 -50.04799892 -36.87747655 1.118385952 0.02758510765 -0.02822904423 -0.4987869857 0.8658254592
1617800401.016114 -49.98454199 -36.94430896 1.111168836 0.02129964918 -0.02543366322 -0.4832588375 0.8748487582
1617800401.116458 -49.91614768 -36.99658371 1.111986317 0.01249429236 -0.02440201319 -0.4593788579 0.8878172669
1617800401.216677 -49.84427411 -37.03934297 1.12082082 -0.002609231435 -0.02134781432 -0.4337673227 0.9007682124
1617800401.316371 -49.77386481 -37.07896475 1.124968093 -0.01096940372 -0.01940038226 -0.3941642014 0.9187697643
1617800401.416182 -49.70605829 -37.12201371 1.124362321 -0.01009456454 -0.01805254594 -0.3557243801 0.9343620127
1617800401.516119 -49.63858005 -37.16752077 1.119724623 -0.009045186392 -0.01900478647 -0.3197590444 0.9472650929
1617800401.61591 -49.57005398 -37.21025088 1.113169741 -0.01036245348 -0.01691876637 -0.2759109685 0.9609784141
1617800401.71595 -49.49972727 -37.2463827 1.108903476 -0.01399580878 -0.01137363001 -0.2332069641 0.9722598777
1617800401.815776 -49.42727271 -37.27037449 1.111457443 -0.01534461397 -0.008200513259 -0.1860926137 0.982378152
1617800401.915662 -49.35355152 -37.28286515 1.112358712 -0.01554077402 -0.002841716195 -0.1368575944 0.9904647434
1617800402.015381 -49.27667609 -37.28967751 1.108642096 -0.007309792871 0.002995730907 -0.07670847304 0.9970222679
1617800402.116164 -49.19372312 -37.29721421 1.100931878 -0.002025597233 0.01043825492 -0.04914715074 0.9987349485
1617800402.216564 -49.11278942 -37.29800517 1.090660598 0.002045730406 0.01499418868 -0.0230862619 0.9996189343
1617800402.317177 -49.0351458 -37.2908157 1.085475542 0.002939318618 0.01476117062 -0.01023681955 0.9998343242
1617800402.416915 -48.9604339 -37.27372042 1.0848105 0.002987554199 0.01785390603 0.01515712239 0.9997212482
1617800402.516779 -48.88959001 -37.25276144 1.084785128 -0.002002149183 0.01837416983 0.03636101028 0.9991677828
1617800402.61599 -48.82092118 -37.23050156 1.088798411 -0.005136784901 0.01844793697 0.06731201857999999 0.9975481839
1617800402.715699 -48.75373151 -37.21070109 1.089260222 -0.00658426356 0.01467242594 0.09353616314 0.9954859886
1617800402.815001 -48.69340387 -37.1909599 1.087421969 -0.008685544759 0.009449069605000001 0.1274855572 0.9917573842
1617800402.914393 -48.6420734 -37.16854275 1.089127987 -0.01262913407 -0.0008248561475 0.1733267906 0.9847830463
1617800403.014289 -48.59580214 -37.14372243 1.0972285 -0.01666362365 -0.0114293762 0.2126144256 0.976927223
1617800403.11444 -48.55411105 -37.1174325 1.103937673 -0.01375320204 -0.01559066832 0.2493282276 0.9681958559
1617800403.214908 -48.51518569 -37.0858794 1.107100465 -0.01365093315 -0.01724722307 0.2840511634 0.9585567912
1617800403.315708 -48.47465654 -37.05105508 1.103577738 -0.01487494406 -0.01655662453 0.3043301471 0.9523065556
1617800403.416812 -48.43296347 -37.01877969 1.093713733 -0.01582903812 -0.01379241928 0.3053297846 0.952015196
1617800403.517641 -48.39320412 -36.99154486 1.085259817 -0.02193658865 -0.009952275012 0.2950428069 0.9551803392
1617800403.618541 -48.35300986 -36.97296771 1.079502495 -0.03205979795 -0.009155341577999999 0.2625241584 0.9643492185
1617800403.718404 -48.31693403 -36.96077761 1.073359965 -0.03403922665 -0.008720995792999999 0.2454037495 0.9687839155
1617800403.817754 -48.283358 -36.94873459 1.074851343 -0.0393622324 -0.009172874354999999 0.2345583233 0.9712614818
1617800403.916602 -48.25081678 -36.93774318 1.07393992 -0.03932735127 -0.008219932669 0.2416858462 0.9695224308
1617800404.015241 -48.21743361 -36.92937897 1.071507131 -0.03444432039 -0.00388977455 0.2596833292 0.9650715139
1617800404.114495 -48.18480119 -36.92440056 1.072994587 -0.02900648625 -0.002475109584 0.2768432818 0.9604739949
1617800404.213843 -48.16060712 -36.92369084 1.076002168 -0.01710797158 -0.001553505169 0.3025278074 0.9529857447
1617800404.313788 -48.14728755 -36.92404466 1.079808219 -0.007911195334999999 -0.006641624063 0.3188678405 0.9477428986999999
1617800404.413307 -48.14276898 -36.91674424 1.088764795 -0.0007336598057 -0.005483349107 0.3649545041 0.9310089175
1617800404.513567 -48.13910446 -36.90502033 1.097277738 0.007459949489 0.002367598292 0.4081740695 0.9128705673
1617800404.615306 -48.13071155 -36.89422788 1.103476342 0.008581214251000001 0.005884447054 0.4141536331 0.9101475178
1617800404.716053 -48.12700441 -36.88402164 1.104994991 0.01327108276 0.01051618091 0.43658481 0.8995037476
1617800404.81672 -48.12877337 -36.87172391 1.106310413 0.01462138228 0.009627476103 0.4468607438 0.8944322236
1617800404.91628 -48.1419815 -36.85074108 1.107903129 0.01362499012 0.01135671536 0.4818289818 0.8760857361
1617800405.01566 -48.16294981 -36.82255813 1.10807587 0.01067823755 0.01392321834 0.5224069342 0.8525157561
1617800405.115231 -48.18735617 -36.79009773 1.107329252 0.008490512686 0.01690586369 0.5612329294 0.8274416608
1617800405.21508 -48.21619213 -36.75617283 1.103575069 0.007319842861 0.01981634517 0.5985055277 0.8008400999
1617800405.314795 -48.25112621 -36.72112391 1.099605416 0.005564367907 0.02161503193 0.6346622316 0.7724672679
1617800405.414685 -48.29230639 -36.68403563 1.097627323 0.003965106966 0.02250484775 0.6701595648000001 0.7418651949
1617800405.515063 -48.33786105 -36.64669925 1.095658564 0.003236659306 0.02211935795 0.6982315013 0.7155229058
1617800405.615174 -48.38766147 -36.61070111 1.094697889 0.004431020517 0.02107053802 0.7302194342 0.6828733238
1617800405.715708 -48.43698252 -36.57412995 1.095229995 0.006313167428 0.02105595655 0.7517126669 0.6591243108
1617800405.816011 -48.48562234 -36.53677885 1.094911913 0.004651128713 0.02148916848 0.7752255002 0.6313018347
1617800405.916339 -48.53237676 -36.49476841 1.090505046 0.0001829720084 0.01828508091 0.7917564562 0.6105631305
1617800406.01627 -48.57989369 -36.44479067 1.082090537 -0.004304445818 0.01754903575 0.8103706452 0.5856388995
1617800406.116087 -48.62778913 -36.38693894 1.071104584 -0.01003989479 0.01893356524 0.8239708937 0.5662267099
1617800406.215576 -48.67683996 -36.32534445 1.062000117 -0.01461504368 0.02164916936 0.8440475087 0.5356318857
1617800406.315593 -48.7256776 -36.26064507 1.06009865 -0.01420059405 0.02410433185 0.8573918129 0.5139033016
1617800406.415594 -48.7797223 -36.19452533 1.061617587 -0.01368991415 0.0252454467 0.8740487609000001 0.4849886774
1617800406.516201 -48.84310904 -36.12429894 1.055682059 -0.01514093224 0.02362105052 0.8789761053 0.4760397089
1617800406.616177 -48.92129479 -36.05283681 1.045823618 -0.02119415873 0.02376933349 0.8886405324 0.4574973558
1617800406.716351 -49.00903298 -35.97917005 1.030666383 -0.02767521645 0.01977775731 0.8972512238 0.4402080917
1617800406.816587 -49.09716525 -35.90045276 1.01914439 -0.03108534639 0.02157495996 0.8981464904000001 0.4380651825
1617800406.917186 -49.18123054 -35.81327104 1.025060024 -0.03416917165 0.02509408366 0.891240038 0.4515461763
1617800407.016818 -49.25830457 -35.72119334 1.037625047 -0.03446027731 0.03289302249 0.8900016547 0.4534617877
1617800407.116922 -49.32922572 -35.62142363 1.045808771 -0.03416926615 0.03717785758 0.8798514223 0.4725587189
1617800407.216592 -49.4020793 -35.51564773 1.045629848 -0.03573582067 0.03646630798 0.873427751 0.4842696803
1617800407.316105 -49.47649758 -35.40614509 1.037394648 -0.0358469483 0.03360393381 0.8676902123 0.49467107
1617800407.415122 -49.55141714 -35.29902401 1.038151942 -0.03417843107 0.03388924861 0.8738448714 0.4838165916
1617800407.515209 -49.62559514 -35.18656684 1.058827364 -0.03631041782 0.03113690007 0.8655969069 0.4984516444
1617800407.614939 -49.70253238 -35.074162 1.076973503 -0.03972748367 0.03529710338 0.8657719397 0.4976090735
1617800407.715003 -49.78012839 -34.95988854 1.077555598 -0.03690126704 0.03679257482 0.8624241306 0.5034969929999999
1617800407.815285 -49.85994932 -34.84369392 1.066363869 -0.03098362692 0.03483328413 0.8560493114 0.5147875617
1617800407.915175 -49.940894 -34.73019524 1.060087054 -0.02583971941 0.0378765318 0.857153464 0.513016195
1617800408.015687 -50.01874543 -34.61577608 1.072093148 -0.01998548018 0.03718675279 0.8465844266 0.5305775482
1617800408.115815 -50.09541696 -34.50094322 1.088668208 -0.02270864636 0.03404516711 0.8410761299 0.5393664688000001
1617800408.215844 -50.17267036 -34.37980539 1.090724273 -0.02896327883 0.02785637468 0.8340634057 0.5502030409000001
1617800408.315459 -50.25059707 -34.25199064 1.070993629 -0.03386223342 0.02261249114 0.831914499 0.5534078883
1617800408.414811 -50.32434308 -34.12286992 1.052043782 -0.03286354144 0.02250814169 0.8359312323 0.547386834
1617800408.514376 -50.392763 -33.99044961 1.061318505 -0.02847191483 0.02594807047 0.8442018959000001 0.534639324
1617800408.61439 -50.45720843 -33.85150716 1.084896028 -0.0266085101 0.03380710796 0.8410531087000001 0.5392390332
1617800408.714233 -50.52432057 -33.71480506 1.091048217 -0.02716085176 0.04442109888 0.8461345391 0.5304200184
1617800408.814648 -50.59584228 -33.57794438 1.076593798 -0.02594101776 0.04298976373 0.8434672716 0.5348288564
1617800408.914554 -50.67208621 -33.44385957 1.064545597 -0.02875978975 0.04792301244 0.8497341062 0.5242406014
1617800409.015503 -50.74348373 -33.30528771 1.072213152 -0.02960020496 0.05166725336 0.8430903481000001 0.5344651417
1617800409.11603 -50.80881534 -33.16603249 1.092928997 -0.03639278976 0.05011938454 0.8319787273 0.5513392871
1617800409.215995 -50.86829033 -33.03269989 1.104175328 -0.03729162779 0.04836969919 0.825622262 0.5609078241
1617800409.315216 -50.92523563 -32.90354988 1.101140543 -0.03459980961 0.04336259403 0.8267452018 0.5598347165999999
1617800409.414707 -50.97783644 -32.77562676 1.095090742 -0.02518008895 0.03381701767 0.8279615363 0.5591976992
1617800409.513738 -51.0275508 -32.65091609 1.105255818 -0.01410270699 0.02283149636 0.841818336 0.5390934294
1617800409.614393 -51.07275935 -32.52208043 1.130663432 -0.004233772666 0.01426603637 0.8328473649 0.5533026497
1617800409.714224 -51.12376138 -32.39528459 1.147595385 0.00149101558 0.01051743165 0.8430904579 0.5376668487
1617800409.814937 -51.17694007 -32.25866414 1.144633179 0.002285312994 0.001819769843 0.8386771344 0.5446210885
1617800409.915135 -51.23188965 -32.11888423 1.130626847 0.00538766337 0.002698442066 0.8434941617 0.5371045436
1617800410.015837 -51.28384852 -31.97581006 1.129545267 0.005075533455 0.006486822175 0.8402552094 0.5421285302
1617800410.116196 -51.3289281 -31.83303183 1.148285068 0.006677523944 0.004776650694 0.8304643994000001 0.5570111988999999
1617800410.215953 -51.36950341 -31.69301492 1.16804135 0.009092444010999999 0.002445662717 0.8247373991 0.5654375021
1617800410.315259 -51.40948597 -31.55058771 1.167066652 0.01221141067 0.00177871053 0.8261852865 0.5632633398
1617800410.414655 -51.44785937 -31.40034149 1.14464953 0.01327335817 0.00294658681 0.8316174782 0.5551824074
1617800410.513863 -51.48296656 -31.24613205 1.131399455 0.01002382634 0.01191628776 0.8418010071000001 0.5395633322
1617800410.614772 -51.51212672 -31.08986241 1.141282019 0.01014477182 0.0150346043 0.8380887125000001 0.5452323856
1617800410.715091 -51.54179064 -30.94061048 1.154914024 0.007064171188 0.02038319578 0.8344966677 0.5505905324
1617800410.81532 -51.5772995 -30.79239436 1.151335777 0.001851063506 0.0272482307 0.833530938 0.5517973205
1617800410.91601 -51.61530103 -30.64193101 1.128715731 -0.000415566057 0.02876835024 0.8281815378 0.5597209571
1617800411.016085 -51.65477777 -30.49632782 1.116182525 0.001386893461 0.02934939364 0.8259621441 0.5629593467
1617800411.116596 -51.69317148 -30.35326066 1.129540271 0.003396807427 0.02509178157 0.8135485473 0.5809454582
1617800411.21664 -51.72940439 -30.2147718 1.148760251 0.003849525974 0.01978465586 0.8017546529 0.5973133391
1617800411.31616 -51.76276954 -30.07964391 1.158452646 0.01126693678 0.01440079569 0.7947900538 0.6066089709
1617800411.415024 -51.79729949 -29.94686953 1.149658204 0.02200200321 0.007308721834 0.8045523514 0.5934290255
1617800411.514594 -51.83247844 -29.81172954 1.139065443 0.02999535652 -0.006423980359 0.8094178547999999 0.5864313664
1617800411.614704 -51.86899941 -29.67938568 1.143718026 0.03512102251 -0.02497309616 0.8144381912999999 0.5786478124
1617800411.715177 -51.90500761 -29.54907924 1.165321702 0.03962200997 -0.0307517656 0.8091225707 0.5854955942
1617800411.815341 -51.94795136 -29.41963 1.177290867 0.043317991 -0.03974369624 0.816850113 0.5738465676
1617800411.916041 -51.99375987 -29.28064201 1.160837619 0.04435604684 -0.05595056983 0.8087606293 0.5837879062
1617800412.016116 -52.04246088 -29.13903404 1.135979828 0.04511107282 -0.06205518271 0.8099589999 0.581446957
1617800412.116525 -52.08847768 -28.99665628 1.132024488 0.04546702922 -0.06650831829999999 0.8003415314 0.5941067462
1617800412.216444 -52.13024648 -28.85435035 1.147146753 0.04018937721 -0.07002595963 0.7913041046 0.6060684721
1617800412.315976 -52.16887135 -28.70733058 1.154490836 0.03484715983 -0.0682107309 0.7836463108 0.6164668938
1617800412.414783 -52.20419062 -28.55408888 1.131543447 0.03329970206 -0.05457883009 0.79165006 0.6076203285
1617800412.514283 -52.23369827 -28.394412 1.105593793 0.03691343237 -0.04293279916 0.7927617975 0.6068961243
1617800412.613358 -52.26458657 -28.23977909 1.105054994 0.03822790152 -0.03371266611 0.8080149144 0.5869531341999999
1617800412.714626 -52.29382582 -28.08575948 1.122522874 0.03811453995 -0.02631332977 0.7891774418 0.6124164073
1617800412.814678 -52.33589134 -27.93984964 1.130497951 0.03261796851 -0.02663613331 0.7842805439 0.6189754542
1617800412.914244 -52.38893769 -27.79504872 1.115661001 0.02665996121 -0.01872715377 0.7955648815 0.6049917847
1617800413.014208 -52.44228354 -27.64766085 1.096568272 0.02514223098 -0.004956098049 0.8051887686 0.5924646421999999
1617800413.114946 -52.4893618 -27.49717551 1.096540473 0.02449689897 0.01077599726 0.8037486985 0.5943667297
1617800413.215608 -52.52724911 -27.34882977 1.110454933 0.02613209102 0.02567607514 0.7932161048 0.6078372019
1617800413.315914 -52.56220725 -27.204196 1.122041811 0.02505799332 0.04028120965 0.7837817301 0.619221867
1617800413.415711 -52.60239809 -27.06125571 1.115474267 0.02134316045 0.04786281281 0.7818432705 0.6212686383
1617800413.515115 -52.64861192 -26.92090863 1.091153934 0.01845200282 0.04948201625 0.786349604 0.6155203928
1617800413.614267 -52.6982896 -26.78643201 1.074186975 0.01520199395 0.04985477307 0.8053930092 0.5904451724999999
1617800413.714636 -52.7446489 -26.65488717 1.077490985 0.01024458725 0.04868440428 0.805635215 0.5903192166
1617800413.815222 -52.79018364 -26.52845227 1.089620645 0.007740255898 0.04803022315 0.8049424093999999 0.5913551418
1617800413.915054 -52.83876655 -26.40523262 1.091830707 0.002104040779 0.04214302771 0.8126633272 0.5812037981
1617800414.015229 -52.88628614 -26.27883749 1.076849924 -0.002409653146 0.03907066823 0.8201404431 0.5708216271
1617800414.116031 -52.92780711 -26.15199437 1.061839051 -0.002762081726 0.02784011253 0.8110046792 0.5843703528999999
1617800414.215671 -52.96635589 -26.03330216 1.066453381 -0.001098997142 0.02612426509 0.8134214038000001 0.5810868565
1617800414.316074 -52.9969765 -25.91740473 1.07863125 -0.007229831866 0.02159711543 0.8015493513 0.5974947126
1617800414.4157 -53.02572136 -25.80190152 1.083818931 -0.01005818283 0.01374458378 0.7974209422 0.6031830239
1617800414.515059 -53.05386001 -25.68699844 1.066132849 -0.01291782814 0.007527051988 0.800428246 0.5992421015
1617800414.613853 -53.08179174 -25.58162968 1.046389512 -0.01112845982 0.006179315542 0.8189141089999999 0.5737749170999999
1617800414.714171 -53.10607067 -25.4826505 1.041504723 -0.004752951373 0.0002852091654 0.8211762449 0.570654802
1617800414.814206 -53.1309122 -25.39026272 1.042096398 -0.005660937742 -0.0005230124351 0.8295195175 0.5584487893
1617800414.915162 -53.15314081 -25.29564559 1.033500022 -0.007667750587 -0.007192334311 0.8167742629 0.5768615774
1617800415.015285 -53.17770018 -25.20464861 1.005735713 -0.008549544447999999 -0.008143033168 0.8163611327 0.5774210746
1617800415.115775 -53.20299795 -25.11521348 0.9701151164 -0.008041724893 -0.01318578327 0.80488052 0.5932358843
1617800415.215476 -53.23208302 -25.03036653 0.9239037429 -0.005161413208 -0.01753137702 0.8003587833 0.5992427125999999
1617800415.314952 -53.26495103 -24.9531197 0.8742633480999999 0.004610773664 -0.02696767666 0.8043650777 0.5935051028
1617800415.414511 -53.3004853 -24.87641057 0.8398002827 0.005548096121 -0.03748601726 0.8012430681 0.597137809
1617800415.513376 -53.3393097 -24.7986634 0.7937899287 0.001717962186 -0.04753588373 0.8186127239 0.5723727776999999
1617800415.613166 -53.37436703 -24.72066964 0.7322641675 0.008807757131 -0.05675750734 0.8317246283 0.5522093366
1617800415.714547 -53.40537634 -24.64617351 0.6854410601000001 0.01262049053 -0.06917572704 0.8152822376 0.5747784921
1617800415.814492 -53.44415996 -24.57400086 0.6478479586 0.01039302383 -0.07322977892 0.8194461917 0.5683637247
1617800415.914545 -53.48497125 -24.49426756 0.5981450802 0.01691922174 -0.07556079084 0.8229447397 0.5628199199
1617800416.014488 -53.52640733 -24.40897978 0.5544312769 0.01509506886 -0.07274148280000001 0.8284617562 0.5550963287
1617800416.114223 -53.57046337 -24.31798793 0.5260471911 0.005959063854 -0.07213047852 0.8400059508 0.5377282643
1617800416.213218 -53.61200187 -24.2285898 0.4732884809 0.009467661247999999 -0.05794821156 0.8704017205 0.4888284087
1617800416.314355 -53.65165167 -24.13786391 0.4149441832 0.009326507312 -0.05144095256 0.8728416976 0.4851950284
1617800416.414583 -53.70029185 -24.04850744 0.378364576 0.006836980261 -0.03795869321 0.8760557698 0.4806648329
1617800416.514961 -53.75193495 -23.95991331 0.3390108958 0.008288014052 -0.02713950719 0.8812337385 0.4718282039
1617800416.615205 -53.79840086 -23.87751279 0.2823348922 0.01575316948 -0.02618409392 0.8787695934999999 0.476266976
1617800416.714398 -53.85074259 -23.79797832 0.2435489623 0.01235864421 -0.02448715729 0.8895140707 0.4560837215
1617800416.813303 -53.91014864 -23.7111234 0.2210906738 0.01156404937 -0.02004706208 0.9117347135 0.4101270538
1617800416.912968 -53.96942355 -23.61848061 0.189811321 0.01331148113 -0.01021681447 0.9294967922 0.3684482792
1617800417.013934 -54.03258949 -23.52829474 0.1651746003 0.01695555993 -0.005823373599 0.9330565037 0.3592828389
1617800417.114574 -54.11448102 -23.44786502 0.1639333594 0.007796274159 -0.001443397793 0.9380504162 0.3464080706
1617800417.214057 -54.21654186 -23.37995052 0.1618455598 -0.008579657381 -0.001745895247 0.9534577485 0.3013995076
1617800417.314434 -54.32567691 -23.31431159 0.1412271032 -0.0214926034 0.002465704248 0.9603819185 0.2778462866
1617800417.41437 -54.43487813 -23.25544271 0.133495882 -0.02984598784 0.01595342908 0.9692763596 0.2436350626
1617800417.514526 -54.54189436 -23.20066574 0.1419276755 -0.03817949793 0.02721982454 0.9774537476 0.205877581
1617800417.615468 -54.64895444 -23.14854293 0.1472730666 -0.04092079929 0.02849872397 0.9790096289 0.1976194764
1617800417.715257 -54.75903415 -23.1103452 0.142110036 -0.04017959892 0.02759761758 0.9856823271 0.1614135105
1617800417.815381 -54.87121067 -23.08098025 0.1315956696 -0.03158325818 0.01834510265 0.9899319546000001 0.1367504309
1617800417.914638 -54.98187248 -23.06612484 0.1337830432 -0.02316935428 0.006750077725 0.9962470857 0.08312256983000001
1617800418.014324 -55.09058679 -23.06247573 0.154133404 -0.01165579427 -0.0076554757 0.9993312804 0.0338013035
1617800418.114101 -55.1977235 -23.07056785 0.1757300908 -0.003804986327 -0.009198587958 0.9998199985 -0.01615174079
1617800418.214235 -55.31175655 -23.09156643 0.1803945154 0.001376054877 -0.01241777366 0.9977885716 -0.06528301205000001
1617800418.314325 -55.43707556 -23.1253824 0.1650707986 -0.003505971122 -0.01661031062 0.9933263463000001 -0.1140814424
1617800418.414677 -55.56791748 -23.16848115 0.1539400287 -0.01807831243 -0.01723684333 0.9866752723 -0.1607730479
1617800418.515012 -55.6955821 -23.21611947 0.1649059299 -0.02714376553 -0.01515771757 0.9783875222 -0.2044292443
1617800418.615574 -55.81589837 -23.26104755 0.1833446339 -0.03454569375 -0.01137712871 0.9720481996 -0.2319470922
1617800418.716082 -55.93313541 -23.30520828 0.1960546113 -0.03247671761 -0.009191377541999999 0.9669327797 -0.2527880156
1617800418.816044 -56.05044374 -23.35367091 0.1967464919 -0.02943832228 -0.01164193545 0.9600375149 -0.2780752066
1617800418.916258 -56.16341233 -23.40447692 0.1919401903 -0.02140180529 -0.01893205142 0.957494325 -0.287033374
1617800419.015321 -56.26198066 -23.46272725 0.1958884135 -0.006195442853 -0.02784333433 0.9423970461 -0.3332779212
1617800419.115336 -56.36190781 -23.52838158 0.2118471631 0.004811160174 -0.03806172859 0.9357514142 -0.3505673237
1617800419.214446 -56.46244952 -23.60279979 0.2175959659 -0.001556117682 -0.03912645913 0.9163851731 -0.3983778522
1617800419.315131 -56.57539602 -23.68455837 0.2062876963 -0.01131694327 -0.04304352923 0.9133033587 -0.4048409025
1617800419.415169 -56.6825451 -23.77052042 0.1819080133 -0.01503931989 -0.04092780846 0.9046339262999999 -0.4239530548
1617800419.515276 -56.78149056 -23.85517262 0.1690867207 -0.01680800216 -0.03144917409 0.8952641104 -0.4441065336
1617800419.616058 -56.87944471 -23.93648629 0.1833703315 -0.008671582387 -0.03011276499 0.9000590724999999 -0.4346397256
1617800419.71615 -56.97054638 -24.01480923 0.197908104 -0.0007064537566 -0.03100293851 0.9019580182 -0.4307087789
1617800419.815901 -57.06024749 -24.0954035 0.1947046774 0.00841701978 -0.02549682474 0.9036045744 -0.4275252493
1617800419.914784 -57.15241071 -24.18487622 0.1756878098 0.008971552257 -0.02164151543 0.8900447956999999 -0.4552707082
1617800420.015096 -57.25194221 -24.28185361 0.1623332793 0.01649694836 -0.01892222168 0.8932402966 -0.4488781268
1617800420.114564 -57.34243531 -24.38465253 0.163807208 0.02524114607 -0.01758134303 0.8820154643 -0.470215378
1617800420.214778 -57.431095 -24.49558264 0.1751228377 0.02719294567 -0.0155879635 0.8807956401 -0.4724580399
1617800420.314476 -57.51437344 -24.61481053 0.1715405106 0.01844731303 -0.01710696782 0.8688337384 -0.4944643397
1617800420.414552 -57.59182767 -24.73669389 0.1492698136 -0.02357117696 0.01521609543 -0.8628683724 0.5046494248
1617800420.513927 -57.65916558 -24.86170055 0.1281051123 -0.01838835081 0.007641835092 -0.8394780086 0.5430286769
1617800420.614908 -57.73080859 -24.99058645 0.1313188183 -0.01892470791 0.005448112755 -0.8348309983 0.5501539583
1617800420.715638 -57.80201762 -25.1168364 0.1476205941 -0.02402252186 0.01387325616 -0.841709962 0.5392168313
1617800420.815133 -57.86291068 -25.24305547 0.1561361394 -0.01883827063 0.01805857322 -0.8251922083 0.5642489051
1617800420.915178 -57.92680691 -25.37557561 0.1465103595 -0.0179086197 0.01813641011 -0.8180115293 0.5746368331
1617800421.014931 -57.98874842 -25.51155154 0.1219774772 -0.01291538701 0.01947546254 -0.8050341883 0.5927679603
1617800421.11406 -58.0405929 -25.64781857 0.1109778068 -0.01076859409 0.02128706387 -0.7794517189 0.6260079202
1617800421.214566 -58.08663415 -25.78608877 0.122630964 -0.0162689676 0.02201695214 -0.7736931184 0.6329688247
1617800421.313874 -58.12022437 -25.92239558 0.1344010186 -0.01537358406 0.0183655555 -0.7516199465 0.6591614486
1617800421.413862 -58.14648651 -26.06326878 0.127511458 -0.0143100452 0.01638298473 -0.7376428055000001 0.6748406566
1617800421.513889 -58.16518078 -26.204431 0.1073335145 -0.01579472987 0.0121444536 -0.7216663525 0.6919542719
1617800421.614187 -58.18091265 -26.34184736 0.09350912813999999 -0.01608439072 0.006842341959 -0.7118244273 0.7021399144
1617800421.714852 -58.19648707 -26.47767936 0.1054787408 -0.02087915453 0.008780643475999999 -0.7145664883 0.6992007544
1617800421.815056 -58.21238457 -26.60988678 0.1251693908 -0.02157603898 0.01271403141 -0.715517889 0.6981453849
1617800421.914725 -58.2283424 -26.7397043 0.1300114854 -0.02257737429 0.01153695954 -0.7094474995 0.7043020703
1617800422.014137 -58.2445427 -26.87290909 0.1199400748 -0.02288340862 0.009650473838000001 -0.6922158806000001 0.7212630537
1617800422.114089 -58.26101404 -27.00864325 0.1179009491 -0.02708506657 0.010737726 -0.6838225309 0.7290664213
1617800422.213972 -58.27245629 -27.14176675 0.1332007789 -0.03161351513 0.0127711974 -0.6726181136 0.7392038659
1617800422.313483 -58.27655355 -27.26926526 0.1585665257 -0.02358162773 0.01093440314 -0.652377651 0.7574481805
1617800422.413649 -58.27472324 -27.39635069 0.1732029941 -0.01715938873 0.007628080925 -0.635255264 0.7720739067
1617800422.513843 -58.26611412 -27.52511898 0.1683710388 -0.009985463734 0.005111209529 -0.6208948641000001 0.7838135836
1617800422.614249 -58.250965 -27.65422024 0.1612111049 -0.003923015027 -0.000227953499 -0.6085774725 0.7934847308
1617800422.715121 -58.23357439 -27.78666011 0.1728086038 -0.004217694772 -0.007225856359 -0.6112960058 0.791357815
1617800422.815435 -58.21794544 -27.91923048 0.1939467378 -0.000613186943 -0.007063577337 -0.6130819252 0.7899875207
1617800422.915998 -58.20624944 -28.05389437 0.2036967627 -0.002409545733 0.0003010526362 -0.6284551489 0.7778420336
1617800423.015368 -58.19365015 -28.18837371 0.1978926298 -0.001817468163 0.003764728698 -0.6304264137 0.7762377603
1617800423.114552 -58.18001116 -28.32198065 0.1837353837 -0.002458354124 -0.001027994274 -0.6217092161 0.7832436086
1617800423.213857 -58.16329206 -28.45502829 0.1839863939 -0.01040928294 -0.00279581771 -0.6112085003 0.7913962341
1617800423.313514 -58.14170946 -28.58717014 0.2093208811 -0.0195072666 -0.009161776723 -0.5993159549 0.8002224157
1617800423.413477 -58.11446127 -28.7150146 0.2363224776 -0.01776688816 -0.02026112056 -0.583592762 0.8115992317
1617800423.513709 -58.07689962 -28.84395339 0.2498285769 -0.02262478341 -0.02785147802 -0.568880575 0.8216369671
1617800423.614198 -58.02769746 -28.9747471 0.243847307 -0.0281522591 -0.0294654727 -0.5553435118 0.8306219478
1617800423.715012 -57.9727109 -29.10668301 0.2391994813 -0.03210321214 -0.02766251708 -0.5501097592999999 0.8340164396999999
1617800423.81582 -57.9207417 -29.24044446 0.2535340974 -0.03327838103 -0.02001115463 -0.5544418541 0.831316025
1617800423.916523 -57.87731952 -29.37585165 0.2724602485 -0.03208679233 -0.01156404134 -0.5626474427 0.8259930786
1617800424.016528 -57.84027572 -29.51390719 0.2755141718 -0.02674755174 -0.003257571355 -0.5693577748999999 0.8216481490999999
1617800424.116317 -57.80661685 -29.65593768 0.2558459219 -0.02144672919 -0.0002507623525 -0.5709478188 0.8207061369
1617800424.215679 -57.77507254 -29.79941548 0.2366123897 -0.01826391017 -0.001957257806 -0.5712534574 0.8205681484
1617800424.314522 -57.74125795 -29.93890108 0.2334318086 -0.01375897757 -0.003906531045 -0.5542590405 0.8322213321
1617800424.414198 -57.70384518 -30.07904336 0.2470724658 -0.007881199938999999 -0.001832050108 -0.5565690792 0.8307619335999999
1617800424.513507 -57.66041094 -30.21320373 0.2549201736 -0.001756254392 -0.00212252081 -0.5454679834 0.8381271321
1617800424.613357 -57.61266658 -30.34432667 0.2449609252 -0.002048060004 -0.002698756244 -0.5424262012 0.8400966245
1617800424.713463 -57.55870087 -30.47189872 0.2305571079 -0.004823549513 -0.007318321915 -0.5340937974 0.845379791
1617800424.813951 -57.50287989 -30.6004 0.2323278113 -0.004195427279 -0.009485160317 -0.5251096644 0.8509713688
1617800424.91537 -57.45564709 -30.73613272 0.2500826832 -0.004923715998 -0.009726921961 -0.5548682709 0.8318667838
1617800425.015736 -57.41311709 -30.8722284 0.2619856535 -0.002145209038 -0.005276644665 -0.5635594528 0.8260558687
1617800425.115481 -57.37442372 -31.01240006 0.2587814292 0.001584593756 -0.002730588735 -0.5675833858 0.8233098646
1617800425.215122 -57.33933212 -31.15503132 0.2436892548 0.003759596563 -0.00839435706 -0.5702182437 0.8214417538
1617800425.314292 -57.30577506 -31.29339068 0.2391306643 0.002063821718 -0.01267808585 -0.5631836741 0.826231902
1617800425.414506 -57.27436302 -31.4277357 0.2552924112 -0.009273454782 -0.02203525591 -0.5794783467 0.8146369107
1617800425.513675 -57.2380264 -31.55220966 0.2753203813 -0.01268780547 -0.02916977535 -0.5824707629 0.8122290035
1617800425.613111 -57.19746564 -31.67591748 0.2792502224 -0.01563442172 -0.03839866071 -0.5788793299 0.8143585384000001
1617800425.713234 -57.15569213 -31.80395434 0.2664400929 -0.0252514452 -0.04979895045 -0.5907427359 0.8049257413000001
1617800425.812885 -57.11168361 -31.92962994 0.2606522056 -0.02792015552 -0.05800854184 -0.5897862417 0.8049892316
1617800425.913036 -57.07112101 -32.05575547 0.276224246 -0.02648519407 -0.06755782155999999 -0.590356085 0.8038744729
1617800426.013511 -57.03612244 -32.18525329 0.297111564 -0.02528110129 -0.06814070749999999 -0.5983236949 0.7979514183
1617800426.114036 -57.00589569 -32.31770427 0.3047922119 -0.02075008583 -0.06653302504 -0.6132761856 0.7867878435
1617800426.213957 -56.97549227 -32.45196183 0.292058768 -0.0190421916 -0.06160845544 -0.6101326929999999 0.7896707479
1617800426.313859 -56.94793391 -32.58922794 0.271466317 -0.01876299634 -0.05831437682 -0.6089851767 0.7908125176
1617800426.413204 -56.9220101 -32.7244975 0.2645727816 -0.01514671988 -0.05147514454 -0.5898247584 0.8057466356
1617800426.513702 -56.90004492 -32.8640406 0.2753235968 -0.01418504252 -0.04761575722 -0.5954310226 0.8018687059
1617800426.613948 -56.87720196 -33.00545454 0.2814349898 -0.008874487613 -0.03694078064 -0.6006953207 0.7985748267
1617800426.713691 -56.85414657 -33.14600014 0.2761709206 -0.001010855642 -0.03323380011 -0.5862711606 0.8094322819000001
1617800426.814163 -56.83101521 -33.28745198 0.2619479352 -0.000328651798 -0.03372200527 -0.5884773854000001 0.8078100552
1617800426.914654 -56.80403686 -33.42516544 0.2528597094 -0.0003898495222 -0.03284965738 -0.5903684303 0.8064650424000001
1617800427.01509 -56.77530811 -33.56110588 0.2616570154 -0.0003480421711 -0.02877799614 -0.5992290451 0.8000601586
1617800427.11516 -56.7454461 -33.6972591 0.2765424153 -0.0006674455173000001 -0.02581940083 -0.6000700315 0.7995304062
1617800427.2154 -56.71826761 -33.83785627 0.2821877601 -0.004198620014 -0.02231532246 -0.6168552084 0.7867490387
1617800427.314614 -56.68950401 -33.9755715 0.2715531831 -0.009741898543 -0.02572020454 -0.6111501447 0.791036704
1617800427.413859 -56.65916899 -34.1126715 0.264039391 -0.01794392782 -0.02619335603 -0.6046340617 0.7958703255
1617800427.51347 -56.62606096 -34.24772561 0.2726121346 -0.02697232851 -0.02535243722 -0.5953650069 0.8026021779
1617800427.6132 -56.58890795 -34.38216426 0.289975351 -0.02589856247 -0.02266167742 -0.5920103641 0.8051952817
1617800427.713126 -56.54675297 -34.51937995 0.2976003431 -0.02386548688 -0.01818212068 -0.5819388633 0.8126789086
1617800427.813125 -56.50170542 -34.66122958 0.2866914442 -0.02153948431 -0.01397673848 -0.5782696349999999 0.8154415556
1617800427.913503 -56.45450429 -34.80182724 0.2669541371 -0.01698710285 -0.01401659137 -0.5736841486000001 0.818780478
1617800428.014082 -56.40742868 -34.9402913 0.2652639154 -0.01493629429 -0.01452372398 -0.5823868037 0.8126448052
1617800428.114844 -56.36205372 -35.08169441 0.2845733345 -0.02059806029 -0.008562946392 -0.6038560934 0.7967811584
1617800428.214638 -56.31946679 -35.22257574 0.2982367625 -0.01763071149 -0.002714203578 -0.6049858581999999 0.7960363700999999
1617800428.31414 -56.28140201 -35.36660809 0.2921713989 -0.01148702614 -0.002622927259 -0.5995294406 0.8002659672
1617800428.413594 -56.24943332 -35.51396177 0.2800870268 -0.002993645171 -0.01295979679 -0.5881441266 0.8086467510999999
1617800428.512817 -56.22093507 -35.65782321 0.2865885123 0.000718552816 -0.02098960937 -0.5667878143 0.8235960742
1617800428.613897 -56.19235449 -35.80160331 0.3117533621 -0.003685058252 -0.02826156853 -0.5799561921 0.814148954
1617800428.713678 -56.15057343 -35.94059615 0.3273506681 -0.003349557611 -0.02324340437 -0.5761979234 0.8169727521
1617800428.813369 -56.09783278 -36.0846251 0.3174583857 0.0006937874052 -0.01419718632 -0.5579622738 0.8297445749
1617800428.913564 -56.04316256 -36.23532674 0.29448594 0.008553570865 -0.009671538705 -0.5499476182 0.8350993444
1617800429.013803 -55.98920283 -36.38680918 0.2849245103 0.01864354715 -0.008277226794 -0.5455403755 0.8378362635
1617800429.114264 -55.93949747 -36.53703581 0.3042805094 0.02536571536 -0.01195378927 -0.5525847816 0.8329848417
1617800429.214539 -55.89519975 -36.68066593 0.3225491067 0.02592383361 -0.01321653913 -0.5585349799 0.8289704181999999
1617800429.314731 -55.85343386 -36.8229392 0.3313320342 0.02068898872 -0.01345406896 -0.5771391155 0.816272868
1617800429.41355 -55.80805351 -36.95851233 0.3223957784 0.01274203748 -0.02023781223 -0.5591004607 0.8287549373999999
1617800429.513368 -55.76280541 -37.09503842 0.3115736159 -0.001269138702 -0.0241446502 -0.5585703648 0.8291046814
1617800429.613235 -55.71485707 -37.23014671 0.3191447609 -0.01706365087 -0.0257456287 -0.5454324713000001 0.8375854665
1617800429.713827 -55.66643325 -37.36795951 0.3394354348 -0.0192913939 -0.02553317595 -0.556331204 0.8303442
1617800429.813554 -55.61034059 -37.50378174 0.345877447 -0.02192216242 -0.02457742772 -0.5336353995999999 0.8450731502
1617800429.914096 -55.54739084 -37.64589324 0.327527233 -0.02995307903 -0.02026106229 -0.5281078621 0.848406971
1617800430.014841 -55.48120796 -37.7874963 0.3076666014 -0.03703879524 -0.01724009286 -0.5293912965000001 0.8473935107
1617800430.115035 -55.41949971 -37.92430548 0.3141142402 -0.03970020057 -0.01767532977 -0.5280010253 0.8481311184
1617800430.215207 -55.3649353 -38.06182167 0.3354610042 -0.04079314361 -0.01547409868 -0.5283245898 0.8479207506999999
1617800430.315391 -55.31488213 -38.20378942 0.3470155315 -0.04363694102 -0.00884708553 -0.5460387946 0.836575867
1617800430.414406 -55.26478842 -38.34516435 0.3327092505 -0.04231911885 -0.009075079699 -0.5379195079 0.8418843971
1617800430.51396 -55.21530102 -38.4909269 0.3172276543 -0.04736744492 -0.01462839858 -0.5363599594 0.8425320938
1617800430.61337 -55.16155022 -38.63653466 0.3253350341 -0.05140737038 -0.008961222443000001 -0.5269943034 0.8482652786
1617800430.713363 -55.10351657 -38.77921977 0.3457654391 -0.04870372393 -0.003871043339 -0.5269218789 0.8485082768
1617800430.812804 -55.04003375 -38.918975 0.3519030195 -0.04045121424 0.005272581199 -0.510421071 0.858956477
1617800430.913035 -54.97202594 -39.06558305 0.3335913 -0.03351082046 0.01647461746 -0.5076667931 0.860743887
1617800431.013401 -54.90099978 -39.21295458 0.3110537631 -0.02271671759 0.02307650796 -0.4976819182 0.8667549445
1617800431.11412 -54.834755 -39.35735463 0.3105276754 -0.01380421253 0.0239008907 -0.49836862 0.8665257698
1617800431.214984 -54.77430486 -39.49804396 0.3309689171 -0.009889261381000001 0.02365677188 -0.5121153209 0.8585339002
1617800431.315527 -54.72378243 -39.63202771 0.3440688399 -0.008188483179999999 0.01836750092 -0.5247351563 0.8510279663
1617800431.41578 -54.6772857 -39.76555857 0.3449668586 -0.01522404403 0.01419934671 -0.5503375655 0.8346826768
1617800431.514698 -54.62892652 -39.89607219 0.3311189453 -0.01815209322 0.004438031508 -0.5425966760000001 0.8397854801
1617800431.614384 -54.58087373 -40.02824672 0.3280934906 -0.02998878768 -0.002380279798 -0.5547417161 0.8314785837999999
1617800431.713401 -54.52618843 -40.15405136 0.3474822445 -0.04059961181 -0.01159019971 -0.5426796703 0.8388778899
1617800431.812999 -54.46911273 -40.28039978 0.3677087906 -0.03993740818 -0.01932018275 -0.5388741944 0.8412171757
1617800431.913165 -54.40567951 -40.41398553 0.3716041358 -0.04471430017 -0.02056999736 -0.5373381688 0.8419294501
1617800432.013008 -54.33579209 -40.5514121 0.3547073657 -0.04489447016 -0.01925653334 -0.5264014943999999 0.8488316318
1617800432.113298 -54.26402771 -40.68694551 0.3425206026 -0.04257603437 -0.02067253429 -0.514678019 0.8560762024
1617800432.213823 -54.19636922 -40.81998102 0.3536956438 -0.0426545502 -0.02174175535 -0.5062895987 0.8610335229
1617800432.314923 -54.13796767 -40.95512075 0.37458749 -0.04034307926 -0.01337621742 -0.52310374 0.8512085467
1617800432.415196 -54.08789374 -41.0902596 0.3783159912 -0.03736962167 -0.01114049968 -0.5300990239 0.847038621
1617800432.514862 -54.04526839 -41.22649944 0.3577707805 -0.03600809548 -0.01184075267 -0.5340933556 0.8445753378
1617800432.6141 -54.00506099 -41.36099698 0.3455062238 -0.04120687549 -0.01182359956 -0.5298803827 0.8469881793
1617800432.713482 -53.96419605 -41.49271616 0.3607508582 -0.04884413833 -0.008888493571 -0.5286406208 0.847392671
1617800432.812865 -53.92143113 -41.62155353 0.3864861355 -0.04745081166 -0.004973258673 -0.5249681163 0.8497835984
1617800432.913116 -53.87957054 -41.75415546 0.3970607331 -0.04582579466 -0.003945423321 -0.5369106029 0.8423843747
1617800433.01296 -53.83522981 -41.88748885 0.3851448947 -0.0428800238 -0.002311506118 -0.5362193922 0.8429856013
1617800433.112964 -53.79069466 -42.02043445 0.3693189841 -0.03978034812 -0.008656178859 -0.5364534181 0.8429474033
1617800433.213336 -53.74794245 -42.15245163 0.3721706642 -0.03834580355 -0.01633365367 -0.5369872535 0.8425600873
1617800433.314147 -53.71494547 -42.28721484 0.3934848014 -0.04045008379 -0.01798290428 -0.5660304327 0.8231949679
1617800433.415119 -53.6943486 -42.42359313 0.4093709432 -0.04058842634 -0.01404352411 -0.6103010593 0.7910044096
1617800433.514827 -53.68149817 -42.56049633 0.4047777482 -0.042314472 -0.01174359767 -0.6380332947 0.7687555452
1617800433.613889 -53.67300859 -42.69983095 0.384714225 -0.04303755211 -0.01083670566 -0.6494896945 0.7590740884
1617800433.713089 -53.66903205 -42.83900242 0.3741815132 -0.04609548269 -0.00424197953 -0.6570024545000001 0.7524659373
1617800433.813043 -53.67187966 -42.9772632 0.384529633 -0.04591106615 0.0002649152377 -0.6753728938 0.7360458941
1617800433.913311 -53.67864893 -43.11343471 0.3981936491 -0.04287899919 0.002819704583 -0.6891385628 0.7233543267
1617800434.013848 -53.69415324 -43.24959285 0.3965134834 -0.03915924486 0.002427700648 -0.7145844327 0.6984481
1617800434.114375 -53.71496436 -43.38491013 0.3825333016 -0.03743756708 -0.002554949161 -0.7393128219 0.6723157385
1617800434.214432 -53.73909242 -43.51612901 0.3716347602 -0.03510990997 -0.01113647231 -0.7547386348 0.6549907376
1617800434.315583 -53.77587861 -43.64304889 0.3771614515 -0.03530871509 -0.02187627805 -0.7992040438 0.5996228978
1617800434.41529 -53.81914159 -43.76244467 0.3968766567 -0.02984891477 -0.02353908947 -0.8250034256 0.5638477643000001
1617800434.515177 -53.87349126 -43.87739144 0.4105808963 -0.03010468138 -0.01977228421 -0.8558272713 0.5160062468
1617800434.614378 -53.93599952 -43.98877154 0.4026613547 0.02913623469 0.01811742215 0.8773431366 -0.4786354139
1617800434.713586 -54.00916118 -44.09559298 0.3867851784 0.02498175684 0.01771050144 0.89469963 -0.4456173493
1617800434.812576 -54.08991686 -44.19576344 0.3836435209 0.01973873446 0.0228760275 0.9006603748000001 -0.4334719818
1617800434.913182 -54.18419509 -44.29030357 0.3957033833 0.0103036611 0.02467132417 0.9235948376000001 -0.3824365782
1617800435.013104 -54.2831592 -44.38615497 0.4079961968 -0.001270674665 0.02451535217 0.9323616348 -0.3606926182
1617800435.113734 -54.39189816 -44.4837163 0.401201594 -0.009389018705 0.0225579886 0.9482582957 -0.3165583487
1617800435.214002 -54.49967109 -44.57943944 0.3841531637 -0.01100464983 0.02566969962 0.9588709031 -0.2824651402
1617800435.314176 -54.60167075 -44.66716725 0.3745419595 -0.007455006359 0.03293594965 0.9676513463999999 -0.2500210348
1617800435.413705 -54.70210437 -44.74679381 0.3846585277 -0.00407871935 0.03503371235 0.9719592519 -0.2324891734
1617800435.514092 -54.81575187 -44.81850777 0.4015278768 -0.004183023379 0.02700568568 0.9802872278 -0.1956786813
1617800435.613337 -54.93707702 -44.88665378 0.3973414573 -0.00689117274 0.02471076994 0.9822255941 -0.1859429266
1617800435.713133 -55.06615418 -44.9516519 0.3741279232 -0.001954576399 0.02068443368 0.9848060962 -0.1724102279
1617800435.812452 -55.19494589 -45.01592824 0.3596441365 0.001524688882 0.01243229424 0.9845577764 -0.1746112777
1617800435.912813 -55.32649719 -45.07600177 0.3686670213 0.007217128325 0.008573177628 0.9870809603 -0.1598298833
1617800436.012207 -55.45560673 -45.13894971 0.3897085074 0.01096388156 0.01491098327 0.9837705161 -0.1784741652
1617800436.112773 -55.59096787 -45.20435567 0.3933026201 0.01490895245 0.01440019315 0.9845185817 -0.1740503371
1617800436.212848 -55.72499075 -45.27339551 0.3745318821 0.01975264967 0.01452455499 0.9814650793 -0.1900662209
1617800436.313389 -55.86364762 -45.34170646 0.3584638495 0.01740491017 0.01293506042 0.9807443298 -0.1940884153
1617800436.414286 -56.00696725 -45.40240051 0.362089686 0.01509087582 0.01254522506 0.9828990756 -0.1830963955
1617800436.515121 -56.15147036 -45.45163655 0.3760579435 0.0124936914 0.007139770262 0.9878454094 -0.1547720209
1617800436.615308 -56.29253894 -45.49484874 0.3813574719 0.01626073346 0.002204513811 0.9908046213 -0.134301642
1617800436.714544 -56.43161104 -45.53885996 0.3677925747 0.02276379209 0.0008570428442999999 0.9899591556 -0.1395060767
1617800436.814068 -56.57168213 -45.58205003 0.3555428051 0.03297389147 -0.001063654 0.9891886612 -0.1428894103
1617800436.913645 -56.7079849 -45.62503722 0.364031821 0.04853173814 -0.001706449086 0.9869431586 -0.1535739567
1617800437.013509 -56.84425273 -45.66935177 0.3894738243 0.05233996184 0.001920548254 0.9870149579 -0.1518496386
1617800437.113379 -56.98465316 -45.7199371 0.39900768 0.05404712934 0.0001794703545 0.9849150066 -0.1643815849
1617800437.213532 -57.13564638 -45.77479493 0.3806055704 0.04924839515 -0.001000030427 0.9852911197000001 -0.1636306968
1617800437.313496 -57.28739409 -45.83381143 0.3560685354 0.03985257387 0.0002731117054 0.9832244158 -0.1779928257
1617800437.414122 -57.43589784 -45.89206304 0.3502040183 0.03903118782 0.002458440887 0.9853963635 -0.1657242569
1617800437.513865 -57.57871055 -45.95557029 0.364442105 0.03092212309 -0.001113226951 0.9833005017999999 -0.1793396392
1617800437.613917 -57.72140807 -46.01984415 0.3728908009 0.0268335821 -0.005452774172 0.9829763351 -0.181680353
1617800437.71349 -57.8605866 -46.08432342 0.3558267981 0.02951886635 -0.005542918591 0.9788926398 -0.2021561583
1617800437.81301 -57.99422243 -46.14756796 0.3321624446 0.03852570724 -0.001985625452 0.9735639328 -0.2251335069
1617800437.91221 -58.11505619 -46.21698241 0.3247864963 0.04914514663 -0.002302292023 0.9592276339 -0.2783196011
1617800438.012424 -58.22723457 -46.29605791 0.3384973921 0.05070366721 0.006321721379 0.950538307 -0.3063757512
1617800438.112342 -58.32826277 -46.39096446 0.3510765468 0.04615932306 0.01041287302 0.929467848 -0.3658557208
1617800438.21331 -58.430429 -46.4977634 0.338484142 0.03829202406 0.00679688226 0.9173660325 -0.3961402348
1617800438.314098 -58.52659831 -46.6140133 0.3129239726 0.03243135115 0.001496661549 0.9054663534 -0.4231744915
1617800438.414798 -58.61593766 -46.73454252 0.3007619935 0.02345098254 -0.001670159308 0.8908554718 -0.4536780691
1617800438.515371 -58.69827062 -46.85536158 0.3034540256 0.01514513549 -0.008328153136999999 0.8803762609 -0.4739608697
1617800438.615096 -58.7677192 -46.97462458 0.3067483171 -0.006695392599 0.008667185508999999 -0.8622240861 0.5064086067
1617800438.714643 -58.82529028 -47.09739678 0.3017226577 -0.0001497487907 0.01053542822 -0.840322313 0.5419846793
1617800438.813946 -58.87125925 -47.22110005 0.2830397925 0.003021490036 0.006942720525 -0.8096447441 0.5868714149000001
1617800438.913127 -58.90014689 -47.34128545 0.2675851167 0.004250199616 0.002858632548 -0.766940021 0.6416983467
1617800439.013648 -58.91339923 -47.46044776 0.2702633937 -0.001640331051 -0.003006792091 -0.7407556295 0.6717658564
1617800439.113064 -58.90400936 -47.57810979 0.2831961722 0.002698995989 -0.01217549209 -0.6887023654 0.7249369108
1617800439.213688 -58.88020156 -47.70291097 0.2815361792 0.00389739127 -0.01523459253 -0.6519533459 0.7580960047
1617800439.314466 -58.84458429 -47.83691565 0.2661546082 0.004219830018 -0.009515856485 -0.6197061678 0.7847648738
1617800439.415716 -58.80722456 -47.97514221 0.2594229271 0.01079531591 -0.006789351165 -0.6050605626 0.7960773087
1617800439.516742 -58.77032829 -48.11590952 0.2726107771 0.009297094778 0.002479033642 -0.6044933022 0.7965521113
1617800439.617217 -58.73393461 -48.2553503 0.2863663744 0.006065720603 0.01482047707 -0.6095650105 0.7925743236
1617800439.716965 -58.69862389 -48.39238758 0.2901275916 -0.002345926559 0.01982473237 -0.6126795439 0.7900792701
1617800439.816053 -58.66606092 -48.52899568 0.2780980417 -0.00898755404 0.0155235543 -0.6016977461 0.7985224264
1617800439.91542 -58.63845613 -48.66714811 0.2701566969 -0.01522014652 0.004392883216 -0.595713715 0.8030406088000001
1617800440.015086 -58.61161527 -48.80778391 0.2911036735 -0.02310985787 -0.005368643254 -0.5975099546 0.8015104280999999
1617800440.114303 -58.57851604 -48.94894437 0.3268595153 -0.01793082291 -0.009297463309 -0.5918840794 0.8057699916
1617800440.21381 -58.53629993 -49.09227472 0.3403948741 -0.0137964558 -0.008316631983999999 -0.5835974001000001 0.8118833451
1617800440.313876 -58.48566283 -49.2377928 0.326327088 -0.01597491181 -0.005204034093 -0.5899892347 0.8072362870999999
1617800440.413451 -58.43000475 -49.37807851 0.3102467254 -0.01468665487 -0.01048559846 -0.5798934487 0.8144924447
1617800440.513566 -58.37949904 -49.51785749 0.3210554995 -0.01341427645 -0.02161136321 -0.584660747 0.8108790397
1617800440.613838 -58.33366471 -49.65902729 0.3515742794 -0.01376935495 -0.01854367488 -0.5912119401 0.8061854494
1617800440.714332 -58.29272292 -49.80065788 0.3706591725 -0.01499316669 -0.01748490107 -0.6090371467 0.7928071879
1617800440.813648 -58.25205983 -49.94011526 0.3602373481 -0.01358107732 -0.02129998098 -0.6035378589 0.7969340738
1617800440.913506 -58.21249118 -50.08256252 0.3364261437 -0.01487803003 -0.02609155316 -0.6041221857 0.7963254735999999
1617800441.012787 -58.17016325 -50.22036198 0.3265709335 -0.01567061735 -0.03203477181 -0.5879718133 0.8080948904
1617800441.11327 -58.12356603 -50.35805607 0.3424836852 -0.01680332562 -0.03400291597 -0.5956430619999999 0.8023532842
1617800441.212783 -58.06699872 -50.48875804 0.3576169317 -0.01440526828 -0.03149450174 -0.5740442197 0.818091571
1617800441.31342 -58.0079627 -50.62259782 0.3507436114 -0.01645582451 -0.02549673627 -0.5817262174 0.812818387
1617800441.413344 -57.94405177 -50.75402119 0.3287688715 -0.01513072736 -0.02214129298 -0.5719160159 0.8198737068
1617800441.513511 -57.88049813 -50.88246948 0.3116475025 -0.009596933516 -0.0205086308 -0.5631500799 0.8260443586
1617800441.613333 -57.81653593 -51.00266021 0.3134206016 -0.01186075418 -0.02031398176 -0.5568955846 0.8302493435
1617800441.713207 -57.7481067 -51.11458807 0.3170618927 -0.009100831419 -0.01472073113 -0.5440777411 0.8388562966999999
1617800441.8124 -57.67553435 -51.22387859 0.3191454623 -0.0007959419486 -0.01218605777 -0.512317227 0.8587094534
1617800441.9116 -57.60114524 -51.32789597 0.3120240416 0.009204556839999999 -0.02134123349 -0.4641613241 0.8854457031
1617800442.010947 -57.52383718 -51.42088724 0.3038387313 0.0183688705 -0.03380540314 -0.4002826786 0.9155837245
1617800442.111235 -57.43924055 -51.49932049 0.3036162243 0.01802797454 -0.04265859395 -0.336398144 0.9405804193
1617800442.212397 -57.34151771 -51.56572345 0.3148008997 0.01303881543 -0.04186340793 -0.3020918646 0.9522698933
1617800442.311946 -57.22744186 -51.60974887 0.3207298915 0.01795549969 -0.03008388455 -0.203281142 0.9784934017
1617800442.412861 -57.09986244 -51.6474136 0.3144786726 0.01610665278 -0.01150309036 -0.1461647768 0.989062239
1617800442.51397 -56.96746033 -51.67391596 0.2961796987 0.01837054642 -0.004579896737 -0.09089398654 0.9956805867
1617800442.614704 -56.83691119 -51.68785775 0.2851397003 0.01883321852 0.0007104558695 -0.04045613617 0.9990035566
1617800442.715284 -56.70575811 -51.69032043 0.2936204061 0.007959883304 0.0122347716 -8.654363949999999e-05 0.9998934658999999
1617800442.815706 -56.57883061 -51.68537319 0.2973047255 -0.001430103209 0.02050272409 0.03298241216 0.9992445915
1617800442.915636 -56.45144737 -51.67232586 0.2943771572 -0.0161744003 0.02774147016 0.06489624801 0.9973751935
1617800443.01526 -56.32428399 -51.65232678 0.2850120719 -0.03171929545 0.02697466365 0.102837771 0.9938262658
1617800443.115031 -56.20018227 -51.63298559 0.2804278924 -0.0449499716 0.01668304062 0.1297180891 0.9903910306
1617800443.214331 -56.08199197 -51.61455588 0.2930122447 -0.05002457983 0.0002560030445 0.1734030387 0.9835796165
1617800443.315063 -55.95701794 -51.5992426 0.3142629715 -0.04947941492 -0.01587727198 0.1751760581 0.9831648124
1617800443.414892 -55.82322108 -51.57620747 0.3193517141 -0.04871154815 -0.01944011825 0.1885543474 0.9806612692
1617800443.514946 -55.67458684 -51.54298602 0.3069404093 -0.04873400251 -0.01194679636 0.1920167776 0.9801080696
1617800443.614158 -55.52254411 -51.50138664 0.2941319439 -0.04297564347 -0.00174436281 0.2148715432 0.9756947633
1617800443.714079 -55.37047796 -51.46162459 0.3021916679 -0.03132675418 0.004482246841 0.2251597001 0.9738078113
1617800443.814281 -55.21781555 -51.4289355 0.3224762678 -0.02279847248 0.01819925714 0.2107727812 0.9770997142
1617800443.914503 -55.06658333 -51.40030772 0.3341662609 -0.02077137092 0.02069599834 0.1940560982 0.9805521182
1617800444.014129 -54.91801487 -51.36963136 0.3260157861 -0.02486882656 0.01941772053 0.1799668291 0.9831665342
1617800444.1133 -54.77417894 -51.33806338 0.3062076984 -0.01686488016 0.01596340911 0.1917003278 0.981178745
1617800444.213081 -54.62653151 -51.30749844 0.3071180452 -0.01573174638 0.01030065412 0.1904308238 0.9815205092
1617800444.313156 -54.47582291 -51.27505676 0.3308314201 -0.01541553563 0.008406251161 0.1774730633 0.9839690077
1617800444.412654 -54.33174519 -51.24089104 0.3412677961 -0.002485429906 0.007686254546 0.1911020148 0.9815369397
1617800444.512639 -54.18326541 -51.20388947 0.3374719874 0.002495692343 0.00588743852 0.1857522744 0.9825757997
1617800444.612298 -54.03173248 -51.15974092 0.3273718762 0.007715966375 0.00656033584 0.2025187461 0.9792260124
1617800444.712886 -53.87899914 -51.11755874 0.3261964125 0.01129562402 0.003972477763 0.1887536774 0.981951464
1617800444.813208 -53.72868225 -51.07516362 0.3413517777 0.01388930097 0.003909648842 0.1740103979 0.9846380977
1617800444.913575 -53.57835027 -51.03271188 0.3589871678 0.008202457425 0.005602913166 0.1605730665 0.98697397
1617800445.013112 -53.4323318 -50.99143025 0.3588706553 0.008943780428 0.004406757961 0.1592211059 0.9871925996000001
1617800445.112727 -53.28812581 -50.95189436 0.3408884241 0.01335686954 -0.005519103191 0.1688052545 0.9855434641
1617800445.212669 -53.14463759 -50.91492626 0.3340569596 0.01037706953 -0.01889666491 0.1665900717 0.9857905358
1617800445.313119 -53.00173754 -50.87742127 0.3540099054 0.009658640511999999 -0.03267860146 0.1541965444 0.9874524016
1617800445.412534 -52.86008028 -50.83358719 0.3716764049 0.01571387419 -0.03534427552 0.1809263439 0.9827357297
1617800445.513505 -52.70877246 -50.78771188 0.3678995499 0.01061685086 -0.0364897717 0.1564392953 0.9869561925
1617800445.612559 -52.56232088 -50.7307212 0.3515480963 0.006154663876 -0.03823079759 0.1915792241 0.9807129688
1617800445.713314 -52.41253271 -50.67593125 0.3487176429 0.001139260855 -0.04176335474 0.1824269446 0.982331377
1617800445.813623 -52.26448533 -50.62761813 0.3698269208 -0.0008421129194 -0.04537125055 0.1791225697 0.9827796526
1617800445.914159 -52.11329719 -50.58415901 0.3934040117 -0.004670659707 -0.04133998438 0.1673863941 0.9850131906
1617800446.014193 -51.95660135 -50.54283085 0.3948052457 -0.007029698175 -0.03452487803 0.1585857157 0.986716366
1617800446.113681 -51.79905176 -50.50486904 0.3722065832 -0.001164914331 -0.03066549711 0.1679261236 0.9853218191000001
1617800446.213473 -51.64181853 -50.46910374 0.3609574601 0.002434199416 -0.03210045218 0.1718997733 0.9845882914
1617800446.31295 -51.49008348 -50.42954367 0.3766558705 0.001561358119 -0.03682102317 0.1908580831 0.9809255663000001
1617800446.413087 -51.33761124 -50.38918313 0.3994816824 0.005076460328 -0.03091823157 0.1876846771 0.9817294711
1617800446.512577 -51.18282644 -50.33983082 0.4038247914 0.003254619265 -0.01847857864 0.2140496451 0.9766425646
1617800446.612436 -51.02412742 -50.28643538 0.3838440109 0.007803775333 -0.006734586865 0.2287376867 0.9734335196
1617800446.712409 -50.86589165 -50.23437407 0.3667535159 0.01783524416 0.0006557867043 0.2446435214 0.9694488234999999
1617800446.813191 -50.70326531 -50.1899183 0.3778294616 0.02720937548 0.003442962101 0.2330052895 0.9720886436
1617800446.913897 -50.54460167 -50.15227892 0.4014741135 0.02867545927 0.009378811813 0.2153566481 0.9760692957
1617800447.014739 -50.38947529 -50.11719557 0.412379592 0.02301754435 0.01180099716 0.1865624915 0.9821025231
1617800447.114335 -50.23914719 -50.08189043 0.3972335645 0.01932356158 0.01182469089 0.1784391284 0.983690121
1617800447.214108 -50.08965871 -50.05072735 0.3784689413 0.01539880841 0.0006257524544 0.1689930905 0.9854967379
1617800447.312906 -49.94703793 -50.01898282 0.3873626086 0.009038964801999999 -0.009531698998 0.1870843891 0.9822560131
1617800447.413039 -49.80631013 -49.98904799 0.4157268939 0.01233891171 -0.01767890939 0.1778446936 0.9838223785
1617800447.512207 -49.67041149 -49.95449207 0.434663444 0.0191478959 -0.02156939973 0.2036972867 0.9786089794
1617800447.612789 -49.52838709 -49.91906829 0.4368411281 0.01597773265 -0.02574019277 0.1944913799 0.9804362589
1617800447.713069 -49.39050666 -49.88325441 0.4332528597 0.01310854598 -0.03518161767 0.1951779028 0.9800489815
1617800447.813563 -49.25614011 -49.85427479 0.4449147191 0.01283388024 -0.04182712106 0.198356837 0.979152873
1617800447.915098 -49.1200542 -49.83972955 0.4708389197 0.007696357925 -0.05034348541 0.1529226333 0.9869250062
1617800448.015185 -48.98866239 -49.83279949 0.4912762687 0.004406474761 -0.05079567847 0.1366452977 0.9893070528
1617800448.115227 -48.85184966 -49.83591407 0.4890245503 0.002128082697 -0.04960856369 0.1098354012 0.9927087419
1617800448.214705 -48.7102305 -49.8492456 0.4686731167 0.002899495716 -0.04639001367 0.08979013650000001 0.9948755153
1617800448.314004 -48.56761538 -49.87355269 0.4659321627 0.005744485144 -0.0376714416 0.08271787926 0.9958441725
1617800448.415293 -48.4246906 -49.9145318 0.4850567805 0.005252615496 -0.03175987693 0.004821795275 0.9994700949000001
1617800448.514603 -48.29601882 -49.95159178 0.4935729253 0.006039958964 -0.02369479798 -0.02869287658 0.9992891444999999
1617800448.614707 -48.17235255 -49.99469239 0.4884047909 0.004800535964 -0.01832105193 -0.08182484831 0.9964667521
1617800448.714317 -48.05622266 -50.04381283 0.4760681395 0.004451154685 -0.02402385614 -0.1214272671 0.992299582
1617800448.814251 -47.95033142 -50.09810872 0.4719914392 0.005404386815 -0.03484419763 -0.1738717776 0.9841368195
1617800448.914683 -47.85552655 -50.15867985 0.4838453802 0.002801868471 -0.04619738483 -0.2452299106 0.9683595624
1617800449.01429 -47.77033862 -50.22625309 0.4982009618 -0.004404294737 -0.04646443261 -0.2913138643 0.9554882998999999
1617800449.114738 -47.69054792 -50.31296027 0.4990270273 -0.01205875903 -0.04098992611 -0.3674033961 0.9290797365
1617800449.213842 -47.61260676 -50.40825525 0.4836869498 -0.01816932255 -0.02771315633 -0.401052214 0.9154556124
1617800449.313619 -47.54358015 -50.51267939 0.4636368522 -0.02483692688 -0.02337135536 -0.4479286999 0.8934185954
1617800449.41383 -47.48328777 -50.61918509 0.4549057322 -0.03938096506 -0.02477558622 -0.4969227748 0.8665466322000001
1617800449.512991 -47.42502903 -50.72539231 0.4606066707 -0.04451508112 -0.02530176081 -0.520296733 0.8524491411
1617800449.612625 -47.36848209 -50.83892323 0.4596862547 -0.03954193209 -0.03050145078 -0.535896332 0.8428055638
1617800449.712209 -47.31112035 -50.95726259 0.4484545187 -0.03746525449 -0.03803595613 -0.5450325709 0.8367132826
1617800449.811996 -47.2536521 -51.07520376 0.4361009286 -0.03149209963 -0.05168144156 -0.5460306928000001 0.8355763034
1617800449.912673 -47.19945197 -51.19698386 0.439098741 -0.02450768509 -0.07336208873 -0.5548516188 0.8283459775000001
1617800450.013268 -47.15033241 -51.32259437 0.4566237694 -0.01717427027 -0.0812052712 -0.5693081261 0.8179235942
1617800450.113903 -47.10464015 -51.45033454 0.4677618325 -0.01163994308 -0.07952712407 -0.5813262567 0.8096911334
1617800450.21424 -47.06119454 -51.58217356 0.4626078928 -0.009349323878999999 -0.07259670843 -0.5947080424 0.8006026807
1617800450.313942 -47.02045367 -51.71752186 0.4430998276 -0.004497639571 -0.069956254 -0.5884374485 0.8054981458
1617800450.41345 -46.98567522 -51.85612392 0.428248086 0.003779217132 -0.07063881776 -0.5742596401 0.8156112682
1617800450.51197 -46.9513994 -51.99227957 0.4307401217 0.02578214432 -0.08441058445000001 -0.5270055953 0.8452663703
1617800450.60703 -46.9093459 -52.1091659 0.4351267062 0.07073250295 -0.126617565 -0.3510047351 0.9250732842
1617800450.707422 -46.87001831 -52.23564259 0.4205977392 0.1271810276 -0.1802298959 -0.2142775654 0.9515394347
1617800450.810958 -46.82486063 -52.37914695 0.3811171778 0.1746300102 -0.2114288426 -0.1817773414 0.9443300282
1617800450.914072 -46.77565368 -52.52873192 0.338669943 0.2276424617 -0.2344141416 -0.1361556749 0.9352489252
1617800451.017 -46.7269572 -52.68940539 0.3072217195 0.2876481973 -0.2488221612 -0.1253048345 0.9163213111
1617800451.118336 -46.6772468 -52.84757941 0.291347924 0.3347059823 -0.2502341831 -0.1073399116 0.9021268770999999
1617800451.219289 -46.6189553 -52.99147433 0.2697336773 0.3705401582 -0.2365371031 -0.1160206905 0.8906679456
1617800451.318657 -46.55609877 -53.11577645 0.2526482826 0.3726801618 -0.2192386017 -0.1201551632 0.893647956
1617800451.416638 -46.50245857 -53.23622715 0.2465422232 0.3668773496 -0.215603091 -0.1039795817 0.8989463633
1617800451.515179 -46.46070175 -53.35955984 0.2466846885 0.3616589532 -0.2216423653 -0.09821540689 0.9002395222
1617800451.614523 -46.42119236 -53.49044124 0.262979997 0.3543041237 -0.2163432047 -0.1172365738 0.9021750337
1617800451.7134 -46.37132545 -53.61503387 0.2814500928 0.3458734767 -0.2094484623 -0.1185327788 0.9068918679
1617800451.812819 -46.31024405 -53.73420139 0.2867744543 0.331425542 -0.2019060765 -0.1174383035 0.9141112029
1617800451.91296 -46.24379251 -53.85426195 0.281703179 0.3113673561 -0.194186298 -0.1272878388 0.9214878498
1617800452.013205 -46.18004625 -53.9802216 0.2831341318 0.3045833032 -0.1953025902 -0.1337211816 0.9226074763
1617800452.11363 -46.12156604 -54.11712782 0.2988378063 0.3126082369 -0.1898560786 -0.1379168694 0.9204399474
1617800452.214396 -46.06716858 -54.26073194 0.3123655331 0.3191741738 -0.1741289545 -0.1647564551 0.9168763626999999
1617800452.313996 -46.01849951 -54.39737417 0.3151179351 0.3188168128 -0.1733701383 -0.1617661979 0.9176765946
1617800452.413811 -45.97385409 -54.5279303 0.3032125088 0.308468274 -0.1790483422 -0.1613866651 0.9201865894
1617800452.513398 -45.93433755 -54.66377645 0.2999584456 0.3024934353 -0.1814594551 -0.1537276291 0.9230048775
1617800452.613665 -45.89950164 -54.81223579 0.3164579228 0.3055257485 -0.1837316601 -0.1556183741 0.9212380885
1617800452.713936 -45.86145599 -54.95779236 0.3339784563 0.3146371655 -0.1808122091 -0.1642185933 0.9172473237
1617800452.814181 -45.81423629 -55.09395633 0.338227308 0.3146129688 -0.1751064639 -0.1686267216 0.9175627689
1617800452.914304 -45.75954557 -55.22459705 0.328086833 0.3029815906 -0.1692208035 -0.1705674467 0.9222110504
1617800453.014243 -45.7052922 -55.35607834 0.31884962 0.296683756 -0.1695397093 -0.1726024446 0.9238200214
1617800453.114277 -45.65587957 -55.49444248 0.327587623 0.3026378344 -0.1756001315 -0.1773494371 0.9198489616
1617800453.214567 -45.6073104 -55.63337868 0.3449535283 0.3045515904 -0.1696751022 -0.1863122915 0.918556704
1617800453.314105 -45.55972737 -55.76477272 0.356843116 0.3004402745 -0.1667756795 -0.1840233688 0.9209000564000001
1617800453.413628 -45.51355934 -55.89065761 0.3524896697 0.2857383645 -0.1682383405 -0.1770253879 0.9266668548
1617800453.513456 -45.473734 -56.01865572 0.3446505909 0.2708176874 -0.1752798429 -0.1702512362 0.9311011081
1617800453.613382 -45.44220294 -56.15425088 0.356033784 0.2631430964 -0.1872378668 -0.1533331526 0.9339093298
1617800453.71417 -45.40851539 -56.29268019 0.378910758 0.2618726957 -0.188234572 -0.1642084396 0.9322156539999999
1617800453.814913 -45.36373185 -56.42195846 0.3938628643 0.2528840816 -0.1808795599 -0.177421482 0.9337311411
1617800453.915412 -45.30793813 -56.54569695 0.3903016529 0.2349849734 -0.1659787651 -0.1945671163 0.9377508993
1617800454.015099 -45.25015352 -56.66622865 0.3819098666 0.217909305 -0.1653591244 -0.1990199339 0.9410435488
1617800454.115084 -45.19594338 -56.78895921 0.3876591925 0.2074599648 -0.1711167265 -0.2092800955 0.9401496001
1617800454.214595 -45.14735906 -56.9140206 0.4109578036 0.2017901393 -0.1744749539 -0.2042932638 0.9418617162
1617800454.314608 -45.10019163 -57.04479061 0.4252304265 0.200284055 -0.1685444226 -0.2204711763 0.9396124389
1617800454.414172 -45.05012776 -57.17504034 0.4178352619 0.1958060303 -0.1630162613 -0.2176194837 0.9421928982
1617800454.513853 -45.0016371 -57.30775082 0.3957337774 0.1877742757 -0.1597629061 -0.2174656477 0.9444179834
1617800454.613164 -44.95977878 -57.44184901 0.3883416552 0.1812908666 -0.1606814234 -0.1969438416 0.9500148552
1617800454.713277 -44.92276439 -57.58447304 0.4069661713 0.1795403753 -0.1612327662 -0.1940456168 0.9508499079
1617800454.813479 -44.88329454 -57.72732424 0.4266725361 0.1879190995 -0.1605675752 -0.1795948886 0.9521817798
1617800454.914496 -44.83713061 -57.87217121 0.4249998962 0.1884311266 -0.1504836305 -0.1982583343 0.9500221156999999
1617800455.014505 -44.78873248 -58.00854113 0.4110162969 0.1861323428 -0.1472186777 -0.1942233293 0.9518186331
1617800455.115093 -44.74407182 -58.14216463 0.3999505953 0.1815899434 -0.1504265613 -0.2085252522 0.9491649811
1617800455.215475 -44.70581747 -58.27424899 0.4105131249 0.1824985924 -0.1561683859 -0.2280726013 0.9435510519
1617800455.316307 -44.67324948 -58.40541099 0.4311923675 0.1771633726 -0.1443450985 -0.2745647801 0.9340191718999999
1617800455.415713 -44.64390846 -58.52532674 0.4454090252 0.1697754067 -0.1349157742 -0.2974289282 0.9297903408
1617800455.515128 -44.61773433 -58.64044125 0.4431611848 0.1559684216 -0.1245321265 -0.322700482 0.9252188929
1617800455.616151 -44.60057457 -58.75904255 0.4316126327 0.1362534671 -0.1068851387 -0.4048623605 0.8978290644
1617800455.715126 -44.58667623 -58.86800847 0.4325305722 0.1103878084 -0.09538501382 -0.459070823 0.8763390955
1617800455.813593 -44.57056904 -58.97333578 0.449090193 0.09470617285000001 -0.09195161674000001 -0.481759294 0.866304579
1617800455.913372 -44.55111528 -59.07928545 0.46100012 0.07521383198999999 -0.07900450659 -0.5273839553 0.8425955917
1617800456.013534 -44.523133 -59.18715419 0.463476545 0.04519782666 -0.05898610778 -0.5876710475 0.8056801695
1617800456.112847 -44.4819098 -59.2973817 0.4528953333 0.02507960239 -0.04059838436 -0.6163265422 0.7860434963
1617800456.212453 -44.43055313 -59.41526748 0.4413060877 0.005904273214 -0.02222793468 -0.6384569302000001 0.7693138545
1617800456.31257 -44.37610975 -59.53910591 0.4492019887 -0.009528330154 -0.005559593757 -0.6628823678 0.7486422833
1617800456.412118 -44.329814 -59.65646019 0.4632036161 -0.02066899814 0.002111478291 -0.6681055365 0.7437763952999999
1617800456.512485 -44.29624265 -59.77423857 0.4712772151 -0.03252578266 0.001776212747 -0.6801613375 0.7323383599
1617800456.611843 -44.27092395 -59.89663909 0.463887905 -0.02998006852 -0.003020711095 -0.6660377856 0.7453091567
1617800456.712318 -44.25703619 -60.02847007 0.4530479757 -0.02650616255 -0.009946290742 -0.6602585603 0.7505045824
1617800456.81335 -44.25189938 -60.16480393 0.4539773702 -0.02833288481 -0.01138349875 -0.6687960767 0.7428185993
1617800456.915448 -44.25244467 -60.30401531 0.4704913763 -0.0399612034 -0.01078203882 -0.7108887309 0.7020855091
1617800457.016248 -44.24789503 -60.44022665 0.4797755106 -0.05051945125 -0.003977232566 -0.7478416029 0.6619402569
1617800457.117112 -44.23577322 -60.57684863 0.4744245252 -0.06883056383 0.005773834555 -0.789594022 0.6097296916
1617800457.217536 -44.21520468 -60.7080147 0.463636128 -0.09815536404 0.01017428656 -0.8401195511 0.5333489929
1617800457.316657 -44.18015813 -60.83015825 0.4643158207 0.1289768461 -0.004059708719 0.8727905573 -0.4707283027
1617800457.416492 -44.13830815 -60.95119611 0.4799154169 0.1725014952 0.007121683782 0.9115745835 -0.3731277187
1617800457.515482 -44.09511999 -61.07508903 0.4863862721 0.2064290624 0.01205507179 0.9397460974 -0.2722480302
1617800457.612792 -44.05147743 -61.20641963 0.4829193381 0.2304349189 0.01004145979 0.9450768212 -0.2315787538
1617800457.710764 -44.01212947 -61.34633035 0.4663083745 0.2526222865 0.0100615567 0.9459115076 -0.2033031363
1617800457.80964 -43.97511285 -61.4917824 0.4434026248 0.2768553999 0.01107205856 0.9431918315 -0.1833512097
1617800457.909469 -43.93518428 -61.63226863 0.4368822773 0.303302252 0.02283137342 0.9377791696 -0.1675013475
1617800458.008766 -43.89127056 -61.76762321 0.4493733895 0.3127426657 0.02472676294 0.9304730983 -0.1892100037
1617800458.108633 -43.85112183 -61.9075362 0.460203149 0.3093979958 0.02227271972 0.9202383043 -0.2386174124
1617800458.210547 -43.81979929 -62.05329144 0.4564711678 0.2998234855 0.03101772617 0.9211803973 -0.2461106535
1617800458.312421 -43.78858528 -62.20123755 0.4461297183 0.2908892664 0.0387425512 0.9205888054 -0.2576794537
1617800458.415061 -43.75575475 -62.34206789 0.4490269323 0.2874485616 0.05460622285 0.9312082255 -0.2173539177
1617800458.515115 -43.71977407 -62.48231067 0.4601716047 0.2838923304 0.05346968633 0.9295567176 -0.229064284
1617800458.614843 -43.68877522 -62.6266145 0.469912907 0.2767279448 0.04661462221 0.9297926775000001 -0.2381896269
1617800458.714505 -43.66643595 -62.77770621 0.4614172551 0.2676694265 0.04479017465 0.931687505 -0.2414649281
1617800458.813844 -43.64802188 -62.93420467 0.4416570582 0.257885519 0.04348068644 0.9293586859 -0.260570378
1617800458.913721 -43.62605971 -63.08515713 0.4327836624 0.2558937584 0.04249899399 0.9289076334 -0.2642779381
1617800459.013163 -43.59736116 -63.22385221 0.4378912471 0.2478112385 0.04501684201 0.9271175708 -0.2775177182
1617800459.112695 -43.56291454 -63.35995124 0.4472713798 0.2362257589 0.04637785233 0.9210573771 -0.3061042203
1617800459.213387 -43.52577344 -63.49953467 0.4453267873 0.2292734554 0.04486104567 0.9223594445 -0.3076917685
1617800459.314037 -43.48269544 -63.63827043 0.4320237523 0.2246269377 0.04972515898 0.9237515465 -0.3061914886
1617800459.415667 -43.43648593 -63.77399136 0.4274424141 0.2257344333 0.05432060623 0.9349876025 -0.2681257552
1617800459.515109 -43.38892158 -63.90633525 0.4343207318 0.2269042784 0.0491852751 0.936814342 -0.2616756501
1617800459.614632 -43.34882277 -64.03866936 0.4431786377 0.2258085989 0.04183282979 0.9394268563 -0.2544359892
1617800459.713411 -43.31879047 -64.17731444 0.4398934761 0.2173113223 0.03217378231 0.9382743632 -0.2671738315
1617800459.812734 -43.29904956 -64.32181374 0.4209810057 0.2077445154 0.03022827043 0.938622581 -0.2737080897
1617800459.91207 -43.28173891 -64.46433455 0.4095221996 0.1981464262 0.02522892873 0.9375318070999999 -0.2848431245
1617800460.012172 -43.26231425 -64.5949868 0.4152861665 0.1928151981 0.03510870975 0.9370029084 -0.2891629775
1617800460.111419 -43.23750456 -64.71638731 0.4281355313 0.1830929432 0.04071300809 0.9304033664 -0.3149111001
1617800460.21209 -43.20726883 -64.83964693999999 0.4347196236 0.1809317977 0.04516315194 0.9311652231999999 -0.3132974647
1617800460.312726 -43.16666998 -64.96903761999999 0.4230555264 0.1890905346 0.0442133205 0.9312577836 -0.3083000041
1617800460.413502 -43.11722637 -65.09563799999999 0.4082913251 0.1952035231 0.05121303907 0.9332829215 -0.2970787735
1617800460.514452 -43.06469026 -65.21476249 0.4094462758 0.2038621526 0.06753232999 0.9347960178 -0.2829063665
1617800460.614569 -43.01456408 -65.33119661000001 0.4232236156 0.2087414213 0.0776177646 0.9332293554 -0.2819316793
1617800460.714797 -42.97421431 -65.45147554 0.432033821 0.2132595336 0.08487085784999999 0.9338542263 -0.2742874275
1617800460.814053 -42.94245724 -65.58369017 0.4238234224 0.2116114321 0.08620819157 0.931108093 -0.2842999624
1617800460.913813 -42.9189115 -65.72901254999999 0.3991857417 0.20925941 0.0885369225 0.93009907 -0.2885956214
1617800461.013647 -42.89491419 -65.87644854 0.3870089425 0.212470637 0.08388933344000001 0.9309243172 -0.2849538978
1617800461.113489 -42.86797134 -66.01587587 0.393208578 0.2155217812 0.08687301403 0.9297909049999999 -0.2854685873
1617800461.212919 -42.83793157 -66.15128651000001 0.4072472485 0.2140427253 0.08378630809 0.9254497053 -0.301178368
1617800461.313065 -42.80880624 -66.29055284 0.4077785348 0.2110308846 0.0819331858 0.9256706607 -0.3031282677
1617800461.412964 -42.77639337 -66.43590781 0.3938207048 0.2065870866 0.07762421349 0.9229482968 -0.3153770735
1617800461.513523 -42.74139868 -66.58095645 0.3825165998 0.2038872501 0.0770950431 0.9244800234 -0.3127667339
1617800461.614334 -42.70563551 -66.71984234 0.3901365036 0.2025035398 0.07988443125 0.9340429894 -0.2831509987
1617800461.714037 -42.67084384 -66.85649947 0.4042186215 0.1986868544 0.07907869071 0.9350576293 -0.2827318949
1617800461.814177 -42.64240973 -66.99639120000001 0.4130684535 0.1993265518 0.07517667434 0.9404597212 -0.264863939
1617800461.913253 -42.61817185 -67.14566702 0.4036561536 0.1938710471 0.0663304495 0.9381745632 -0.2790031855
1617800462.012785 -42.59833487 -67.29954861 0.3847504229 0.1871671326 0.06323254742999999 0.9369116025999999 -0.2883864739
1617800462.112585 -42.57526164 -67.44753761 0.3807930139 0.1850321256 0.05962231398 0.9335947995 -0.3010133592
1617800462.2128 -42.54791859 -67.58366916999999 0.3956462234 0.1802425247 0.06081020442 0.9327543188 -0.3062419504
1617800462.31322 -42.51522352 -67.71413575 0.4114195053 0.1807105581 0.06530957469 0.9298875244 -0.3136678908
1617800462.412946 -42.47652012 -67.84926926999999 0.4125424333 0.1778126783 0.06173233782 0.9226312436 -0.3366353492
1617800462.513605 -42.43408325 -67.99011337 0.4055554047 0.1754740998 0.06099168658 0.9237174147 -0.3350149134
1617800462.614559 -42.39024965 -68.12858991 0.4053389221 0.1746785391 0.06123246628 0.9307946142 -0.3152132283
1617800462.714659 -42.34725093 -68.25991864 0.419162907 0.1702489808 0.06535338139000001 0.937437351 -0.2965728123
1617800462.813633 -42.30497129 -68.38970367 0.4331249407 0.1675423025 0.05927981538 0.9311149946 -0.3184970128
1617800462.913088 -42.26833943 -68.52248125 0.4409746587 0.1632363032 0.05512242423 0.9316506462 -0.3199101454
1617800463.012182 -42.23655935 -68.65984772 0.430965421 0.1557515388 0.05578705395 0.92432347 -0.343882808
1617800463.111404 -42.20798871 -68.79519406999999 0.4233659105 0.1459957215 0.05837183466 0.9149757454 -0.3716145362
1617800463.209596 -42.17239957 -68.92621693 0.435564886 0.134255268 0.05681529468 0.8787661641 -0.4544420471
1617800463.309391 -42.13500795 -69.05754035 0.4585732936 -0.1099015964 -0.05240134609 -0.845330331 0.5201849378
1617800463.409586 -42.09444729 -69.19186633 0.4675292848 -0.08646723486000001 -0.0481436311 -0.8077909164 0.5811019217
1617800463.510847 -42.04686008 -69.33019752 0.4565113676 -0.07210404216000001 -0.04246620746 -0.7678736523 0.6351123384
1617800463.612813 -41.99763181 -69.47259923999999 0.4457423828 -0.05821620919 -0.03404133706 -0.7497722059 0.658250484
1617800463.714776 -41.94899818 -69.61098014 0.4477251858 -0.05002968286 -0.03355299107 -0.7407217741 0.6691057322
1617800463.8147 -41.89734121 -69.74210429 0.4572581112 -0.04559441476 -0.03116442698 -0.7073810125 0.7046715767
1617800463.914855 -41.84879124 -69.87913471 0.4638773181 -0.03841658769 -0.02030503385 -0.6897340351 0.7227577964
1617800464.012993 -41.80096162 -70.01989365999999 0.4529611559 -0.01751002681 -0.01547487114 -0.6242188863 0.7808999356
1617800464.113386 -41.76559034 -70.17064526999999 0.4230381378 -0.0007806230518 -0.01855683743 -0.5934860129 0.8046299689
1617800464.213227 -41.73259974 -70.32117771999999 0.407528886 0.01289177302 -0.01882259001 -0.560622242 0.8277573401
1617800464.313234 -41.69524447 -70.46985687999999 0.4133600945 0.0300258011 -0.01831698549 -0.5117687677 0.8584029751
1617800464.414737 -41.65441515 -70.62330948 0.4190033804 0.04834770676 -0.009104170567000001 -0.5122119228999999 0.8574488669
1617800464.514874 -41.60046838 -70.76853024 0.4103267458 0.05526396556 0.00720605301 -0.4924959687 0.8685284611
1617800464.615562 -41.54203391 -70.90534606999999 0.3863354223 0.04669332639 0.01349057803 -0.4873454507 0.8718555782
1617800464.716403 -41.48240146 -71.03652488 0.36977688 0.02742816455 0.02013751633 -0.5140835935 0.8570648955
1617800464.816551 -41.42295506 -71.16053499 0.3767250243 0.01197326284 0.01802838687 -0.5377785574 0.8428083065
1617800464.91578 -41.37460727 -71.28463616000001 0.3946023497 0.00832847858 0.01678438864 -0.5544641999 0.8319966176
1617800465.015389 -41.33985352 -71.41549796 0.3977161644 0.002306265119 0.01166072634 -0.5842035718 0.8115201139
1617800465.113881 -41.30886023 -71.54347188 0.378194544 -0.004774608227 0.002418931489 -0.5890196555 0.8081009821
1617800465.212537 -41.27818846 -71.67097197 0.3625407909 -0.01030375978 -0.005611888602 -0.5788481546000001 0.8153509386
1617800465.311871 -41.2467372 -71.80139611 0.3671013456 -0.01625859531 -0.01956110648 -0.5692356216 0.8217808883
1617800465.412325 -41.21511803 -71.93750878 0.3830353222 -0.01141610597 -0.02897956859 -0.5811567831 0.8131953336
1617800465.511676 -41.17701547 -72.07099162999999 0.3874864323 0.006242320318 -0.03307824061 -0.552149635 0.83306521
1617800465.612947 -41.13439378 -72.20883723999999 0.3733277888 0.01060877267 -0.03479551343 -0.5553875906 0.8307956129
1617800465.713291 -41.08400361 -72.33604287 0.3497697103 0.006618980705 -0.04238304874 -0.5452309619 0.8371875921
1617800465.813734 -41.03426141 -72.45846322 0.3415303748 0.008018710252000001 -0.05172715816 -0.5321868509 0.8450071935
1617800465.915125 -40.99633797 -72.58980703 0.3571843281 0.004936869341 -0.05832073135 -0.5644233083 0.8234079479
1617800466.015307 -40.95716039 -72.72231103999999 0.371736794 -0.00203972924 -0.05413295236 -0.5831159956 0.8105807786
1617800466.114979 -40.90877539 -72.86087225 0.3643086806 -0.01299064288 -0.04526687518 -0.6008422548 0.7979791589
1617800466.213736 -40.85675267 -73.00303941999999 0.3384876547 -0.01627724408 -0.04165825558 -0.5954923045 0.8021150518
1617800466.312794 -40.81151151 -73.14593673 0.3243496136 -0.01645659519 -0.04479664788 -0.5847678567 0.8097956499
1617800466.412953 -40.76896771 -73.28859441 0.3321787276 -0.02436117802 -0.05483354434 -0.5969305458 0.8000460855
1617800466.511744 -40.71269249 -73.42562657000001 0.3452559715 -0.01358169399 -0.05047855952 -0.5756848695 0.8159990096
1617800466.612622 -40.64990738 -73.57183257 0.3360534358 -0.01328357514 -0.04237259424 -0.5816435659 0.8122307998
1617800466.712384 -40.58454902 -73.71390366 0.3128628073 -0.01247490307 -0.03996789737 -0.5788091434 0.8143874505000001
1617800466.812328 -40.5177876 -73.85051862 0.2960922423 -0.003249883533 -0.04103432753 -0.5557029999 0.8303612455
1617800466.913879 -40.45877289 -73.9948649 0.2978755865 -0.001313116652 -0.04302320519 -0.5840436738 0.8105802036999999
1617800467.014027 -40.40267317 -74.13209908 0.3073778675 -0.00449730128 -0.04127734741 -0.5923416548 0.8046162556000001
1617800467.113902 -40.35007595 -74.26351348 0.3109938388 -0.0008696634677000001 -0.04455450318 -0.6011524548 0.797890886
1617800467.213251 -40.29513705 -74.39867561 0.2988027494 -6.16580659e-05 -0.04663420635 -0.5877904249 0.8076680404
1617800467.313955 -40.24038977 -74.54363338 0.282376516 -0.008196699389999999 -0.04688140432 -0.6086568469 0.7920049184
1617800467.413179 -40.17996719 -74.68588964999999 0.280999013 -0.01551763107 -0.04620966807 -0.6006904731 0.7979942514
1617800467.512926 -40.11663378 -74.82965921 0.2956501289 -0.008164057999 -0.03742263455 -0.5964213328 0.8017571255
1617800467.613216 -40.0516121 -74.97260061 0.2992906792 -0.007593368723 -0.03092435947 -0.6014873137 0.798247478
1617800467.712926 -39.98450411 -75.11107294999999 0.2816297486 -0.00315695766 -0.02947313444 -0.5977744757 0.8011161241
1617800467.813375 -39.91606376 -75.24874134 0.2581257556 0.005098650388 -0.032955477 -0.6032114548 0.7968838566999999
1617800467.913453 -39.84861286 -75.38594473000001 0.2550868366 0.007263329009 -0.03120431316 -0.6006274012 0.798886888
1617800468.013972 -39.79403868 -75.52522698999999 0.2720984634 0.01351038413 -0.02941211244 -0.6212696269 0.7829281243
1617800468.114141 -39.74580054 -75.6624723 0.2879053765 0.01526964727 -0.02893852196 -0.6332267643 0.7732743788000001
1617800468.213529 -39.69788693 -75.80038553 0.287228999 0.01813915432 -0.02651426045 -0.6371188247 0.7700958176
1617800468.313093 -39.65051726 -75.94032994 0.2704486378 0.02032145128 -0.03049952952 -0.6333578295 0.7729907355
1617800468.412737 -39.60482465 -76.08038015 0.2643196607 0.01809611986 -0.03358823738 -0.6316100949 0.7743468529999999
1617800468.51301 -39.55837457 -76.2207032 0.2783204208 0.01273737929 -0.03676647603 -0.6380802545000001 0.7689860689
1617800468.612668 -39.50893777 -76.35951353999999 0.2931951746 0.02138570614 -0.03119362018 -0.6367095999 0.7701756261
1617800468.712447 -39.45825283 -76.50228102 0.2964956583 0.03217074016 -0.02491539961 -0.6259159755 0.7788282596
1617800468.812111 -39.40598547 -76.64393708 0.2826643763 0.03840244198 -0.02987239055 -0.6069615868 0.7932405215
1617800468.912627 -39.35125966 -76.78031129999999 0.2688203526 0.04217648886 -0.03548945562 -0.6014081704000001 0.7970381766
1617800469.013639 -39.29671992 -76.9136352 0.2740723798 0.03160682322 -0.03578520011 -0.6197795167 0.7833222701
1617800469.113956 -39.24207593 -77.04674707 0.2900611813 0.02190645668 -0.02676991838 -0.632557657 0.7737404534
1617800469.213402 -39.18867445 -77.18638227 0.2949025259 0.02429823049 -0.01707679287 -0.6264686467 0.7788806159
1617800469.313193 -39.13821213 -77.33325581 0.2774830417 0.02448584246 -0.01134500074 -0.6225737967 0.7820956477
1617800469.412906 -39.08964714 -77.47911748999999 0.2576431797 0.02112453358 -0.009477385776 -0.6204352994 0.7839157943
1617800469.512629 -39.03929713 -77.62327901 0.2589084058 0.01736481635 -0.01121954312 -0.6071909572 0.7942869296
1617800469.612976 -38.98836634 -77.77085533 0.2779625116 0.019566532 -0.00696380125 -0.6118144216 0.7907286322
1617800469.713028 -38.93056299 -77.91524995 0.2842335041 0.02210493429 -0.004494871692 -0.6016964275 0.7984062732
1617800469.812963 -38.867922 -78.05717804 0.2682937346 0.02395814113 -0.005224591303 -0.592842265 0.8049451906
1617800469.912784 -38.80068639 -78.19514671 0.2521794206 0.02719633059 -0.009147076234 -0.5736250152 0.8186153141
1617800470.013478 -38.73636429 -78.33551294 0.2525960444 0.02818711931 -0.01634043932 -0.5754303205 0.8172015802
1617800470.114967 -38.67958456 -78.48107828000001 0.2646193006 0.01896036044 -0.01594811483 -0.6106884681 0.7914832641
1617800470.214613 -38.62205324 -78.62316873 0.2726820233 0.01277122643 -0.01155532441 -0.6205440555 0.7839824267
1617800470.313452 -38.55990202 -78.76895854999999 0.2602547403 0.01089546034 -0.007605222651 -0.6058095024 0.7954987721
1617800470.413079 -38.50020389 -78.92334584 0.2367118913 0.01098748868 -0.006531253873 -0.6025692856 0.7979642058999999
1617800470.512439 -38.44183404 -79.07694898 0.2312491306 0.01001907107 -0.008603003539000001 -0.5897370356 0.8074873593
1617800470.613394 -38.38479362 -79.23142077999999 0.2433464655 0.01474942031 -0.01017885685 -0.610887539 0.7915145357
1617800470.712746 -38.31763503 -79.37902049 0.2482827338 0.01697491838 -0.007738610734 -0.6000173055 0.7997694663
1617800470.812508 -38.24346662 -79.52444187 0.2335120278 0.01343107258 -0.005543812645 -0.5959902944 0.802860163
1617800470.91222 -38.16656658 -79.66056052 0.2087950262 0.004042372378 -0.01090252013 -0.5851558943 0.810837452
1617800471.012557 -38.09422609 -79.79594573999999 0.1994943526 -0.004133997339 -0.01392014382 -0.5811991516 0.8136317876
1617800471.113763 -38.03172045 -79.93622265 0.2148738544 -0.01570748298 -0.01030807031 -0.6120928101999999 0.7905627175
1617800471.213775 -37.972557 -80.07467441 0.2338654354 -0.01704620253 -0.006173821648 -0.6231002425 0.7819318376
1617800471.313116 -37.9132252 -80.21520691000001 0.2256543497 -0.01372273349 -0.009128937102999999 -0.6127945775 0.790070348
1617800471.412821 -37.85652467 -80.36178953 0.1994432375 -0.01078689464 -0.01257566633 -0.6043862086 0.7965191814
1617800471.511818 -37.79742037 -80.50532823 0.1894229038 -0.009734807512 -0.0153716566 -0.5751222145 0.8178651381000001
1617800471.613519 -37.74011432 -80.6530738 0.2029575367 -0.01013628724 -0.01701091572 -0.6033842278 0.7972047152
1617800471.712355 -37.67186102 -80.79165146 0.2136958353 -0.004334938934 -0.01024514866 -0.5705985915 0.821153757
1617800471.813601 -37.60476568 -80.93938091 0.1977409827 -0.004378965522 -0.003126405148 -0.5866734454 0.809805729
1617800471.91312 -37.53848722 -81.07881463 0.1670568798 -0.002913276791 -0.00838336288 -0.5739039532 0.8188745231
1617800472.013306 -37.47848343 -81.21659438 0.1536534273 0.005413761614 -0.01723058233 -0.5705254845 0.8210812809
1617800472.113548 -37.42480639 -81.3596982 0.1637451705 0.01496786231 -0.01292347717 -0.5663273669 0.8239431172
1617800472.214858 -37.38258789 -81.50876363 0.1723579332 0.01040034121 -0.006725520522 -0.6034448108 0.797308573
1617800472.314667 -37.34190711 -81.64701921 0.1524794659 0.005395040392 -0.01276947901 -0.615628894 0.7879142713
1617800472.413886 -37.29729844 -81.78069363 0.1199227354 -0.002731031149 -0.01594838066 -0.6122151664 0.7905256357
1617800472.513498 -37.25325992 -81.91367914 0.1076659309 -0.01565326234 -0.02014350342 -0.6124735043 0.7900793765
1617800472.613268 -37.21007627 -82.04161446000001 0.1246431902 -0.02352973803 -0.02970859215 -0.614748477 0.787812199
1617800472.712742 -37.1619272 -82.16564192 0.1488413848 -0.02159497871 -0.04018293639 -0.6041710446 0.7955478222
1617800472.812911 -37.10774589 -82.29804074 0.1525483404 -0.0250790621 -0.04186330229 -0.6097561615 0.791085285
1617800472.91288 -37.04834141 -82.43534178 0.136563073 -0.0212209481 -0.04044593317 -0.6138815975 0.7880756195
1617800473.01299 -36.98801821 -82.57093427 0.1234375405 -0.01260020637 -0.03604153773 -0.6150056211 0.7875978215
1617800473.113535 -36.93345606 -82.70717451 0.128506725 -0.008096193220000001 -0.02582162113 -0.6315351308 0.7748748764
1617800473.2139 -36.88492781 -82.84245923 0.1399125995 -0.00598912814 -0.01128984476 -0.6475551647 0.761911398
1617800473.313639 -36.83985647 -82.97398369 0.1391843097 -0.004869749347 -0.006809299368 -0.6507378882 0.7592562939
1617800473.413178 -36.79914477 -83.10024033000001 0.121842156 -0.004729461053 -0.0117796431 -0.6444126714 0.764572548
1617800473.512738 -36.76153538 -83.21766361 0.1117705036 -0.01206414777 -0.01866835543 -0.6338193457 0.7731616816
1617800473.613154 -36.72540929 -83.32640944000001 0.120402321 -0.02110523917 -0.02387329213 -0.6386189167 0.7688631309
1617800473.71253 -36.68533821 -83.42352104 0.1405412452 -0.01827497798 -0.02644420865 -0.6196851925 0.7841919352
1617800473.813351 -36.64795868 -83.52458401 0.1562530819 -0.01484286978 -0.02393511645 -0.6299661739 0.7761117311
1617800473.913517 -36.60841435 -83.62580154 0.1526110139 -0.01258257439 -0.01810029402 -0.6358478663 0.7714995457
1617800474.013219 -36.5633091 -83.71732480999999 0.1415161426 -0.006359108394 -0.018607798 -0.6272300513 0.7785857527
1617800474.113631 -36.51673504 -83.80267379 0.1376145189 -0.005064056244 -0.01730338385 -0.6357174631 0.7717112513
1617800474.213388 -36.47243952 -83.88190090000001 0.1485303841 -0.001681932226 -0.007825265409 -0.6308889313 0.7758318714
1617800474.313421 -36.43522398 -83.95488299 0.1602281917 -0.002380700336 0.002419507174 -0.62966457 0.7768597091
1617800474.413638 -36.40593923 -84.01907703000001 0.1672218263 -0.006715204198 0.004962177306 -0.6366031752 0.7711463416
1617800474.513042 -36.3803611 -84.07067704000001 0.1713207344 -0.01220417129 0.001221860283 -0.6249452796 0.7805722021
1617800474.612504 -36.36231363 -84.10816676 0.173737475 -0.01791386888 -0.00838538038 -0.6097574158 0.7923412602
1617800474.712053 -36.35047215 -84.13273817 0.1838401349 -0.02239246335 -0.02067947174 -0.5892595651 0.8073686283
1617800474.812205 -36.34357446 -84.14850921 0.1973277167 -0.02376037003 -0.03161666079 -0.5764792173 0.8161541176
1617800474.913014 -36.34086946 -84.15959453000001 0.2097152696 -0.0251128909 -0.04353519797 -0.583280211 0.8107146383
1617800475.013405 -36.33696447 -84.16573357 0.2146508869 -0.03085139552 -0.05445639931 -0.586125878 0.8077989522
1617800475.113637 -36.33118453 -84.17001859 0.2218277715 -0.04236249235 -0.05705819253 -0.5952866591 0.8003646515
1617800475.212382 -36.32001612 -84.1700022 0.2280199351 -0.04975611536 -0.05237896145 -0.5679035678 0.8199184783
1617800475.311503 -36.30903533 -84.1691335 0.2349964997 -0.04826256692 -0.0440073257 -0.5280367352999999 0.8467061392
1617800475.411596 -36.30194974 -84.17155932999999 0.2421507141 -0.04184844196 -0.04027692012 -0.5068743891 0.8600609463
1617800475.512153 -36.29772156 -84.17427461 0.2460472554 -0.03885766209 -0.03625567086 -0.4936340432 0.8680443766
1617800475.611896 -36.29279772 -84.17079345000001 0.2493014503 -0.03813647992 -0.0376919393 -0.4597086831 0.8864495774
1617800475.712244 -36.28709561 -84.16603752 0.2501648571 -0.03191424185 -0.03807006444 -0.4234356664 0.9045630922
1617800475.812444 -36.2809143 -84.16546382999999 0.2496522914 -0.02303300837 -0.03779787994 -0.391166674 0.9192548253
1617800475.911284 -36.27170898 -84.15877196 0.2461887557 -0.009304172011000001 -0.04066173477 -0.2991946448 0.9532799275
1617800476.012471 -36.26339848 -84.15697863 0.2434799436 0.003163802938 -0.03856259998 -0.271412125 0.9616851744
1617800476.112633 -36.24987614 -84.15088548999999 0.2438584791 0.01124022203 -0.03413373671 -0.2165676522 0.9756059642
1617800476.213383 -36.23759651 -84.143604 0.2389427045 0.01777708313 -0.0325745556 -0.1848677985 0.9820625086
1617800476.313136 -36.22858052 -84.12673491 0.2361200822 0.01731996642 -0.03587184715 -0.120648524 0.991895742
1617800476.413249 -36.22391487 -84.10592712 0.2410232806 0.01314784771 -0.03711407294 -0.06980725083 0.9967831396
1617800476.513503 -36.22178375 -84.08117163 0.2473050191 -4.355176205e-05 -0.03794626745 -0.02712246055 0.9989116332
1617800476.613006 -36.21975523 -84.05281809 0.2527369624 -0.009875347043999999 -0.03569193499 0.02613219902 0.9989723077
1617800476.71261 -36.21871905 -84.02314013 0.2542921843 -0.01567074198 -0.0338563432 0.08557134259 0.9956333267
1617800476.812626 -36.21850442 -83.99679454 0.2547731961 -0.01677043521 -0.03672180455 0.128647926 0.9908682923
1617800476.911701 -36.22340215 -83.97084053 0.2524404956 -0.008108116589 -0.04034865989 0.2124381246 0.9763074758
1617800477.012064 -36.22711633 -83.9528545 0.2504151489 0.0005856528976 -0.04497429868 0.2621531497 0.9639775389
1617800477.112036 -36.22939486 -83.9371194 0.2522603626 0.008354892884000001 -0.04800632125 0.317236487 0.9470937653
1617800477.212313 -36.23104147 -83.91892101000001 0.2544824959 0.015880573 -0.04883584386 0.3659190739 0.9292287658
1617800477.311972 -36.23610839 -83.89477484 0.2539953857 0.01609145953 -0.04833871522 0.4311678944 0.9008322154
1617800477.412313 -36.24116992 -83.86940011 0.250088223 0.01645619874 -0.04632252776 0.4769352571 0.8775626345
1617800477.51182 -36.24881706 -83.84550882000001 0.2458057882 0.02519274878 -0.04116914404 0.5495754845 0.8340486879
1617800477.612495 -36.25173497 -83.82221844999999 0.243576162 0.03423252546 -0.03768245803 0.5924020786999999 0.8040323027
1617800477.712253 -36.26022297 -83.79464152 0.2402108353 0.04210658497 -0.03019613708 0.6495422395 0.7585579134
1617800477.812618 -36.27280803 -83.76054025000001 0.2340418695 0.04983084698 -0.02015600956 0.6978213133 0.714252082
1617800477.913071 -36.28813676 -83.71890427 0.2273195269 0.05295734494 -0.009216305574 0.7297169643 0.6816331355
1617800478.013068 -36.30942643 -83.67204126 0.221292926 0.0510875899 0.0001844582368 0.7623293155999999 0.6451697751
1617800478.113102 -36.33651074 -83.62119822 0.2149387503 0.04808100513 0.007768982698 0.7903764754 0.6106823127
1617800478.213845 -36.36539199 -83.56637888 0.2057765857 0.04410465614 0.01367108703 0.8000893572 0.5981010793
1617800478.31451 -36.39555713 -83.50823672999999 0.1973982834 0.04277092324 0.01808666688 0.800641261 0.5973416877
1617800478.414635 -36.42789673 -83.44795721 0.192793524 0.04482212405 0.01986967853 0.8054523573 0.5906290487
1617800478.514192 -36.4597975 -83.38388005 0.1908987295 0.04467175415 0.02055131004 0.8136526717 0.5792679931
1617800478.61401 -36.49012589 -83.30934575000001 0.18941672 0.03643509448 0.0176038183 0.8190386710000001 0.5723095708
1617800478.713591 -36.52126148 -83.22250149 0.1854411068 0.02600450011 0.01308337531 0.8232153837 0.5669823836
1617800478.812647 -36.55524034 -83.12776353 0.1805749412 0.0192029886 0.01102870427 0.8364037495 0.5476663042
1617800478.911922 -36.58611068 -83.02892151 0.1787479559 0.0134936362 0.00801751199 0.8476931695 0.5302545913
1617800479.01179 -36.60857459 -82.92700062999999 0.1875090159 0.01053080228 0.003902632048 0.8524548918 0.5226801403
1617800479.111561 -36.62736782 -82.81892609000001 0.2026574483 0.007766498864 0.007837795339 0.8594840237 0.5110435045
1617800479.212145 -36.64563852 -82.70232591 0.2095872517 0.006204080534 0.01234154951 0.853343748 0.5211656581
1617800479.311691 -36.66930583 -82.59030491 0.2032804457 0.009754145604 0.01262500222 0.8668746261 0.4982708587
1617800479.412307 -36.6897281 -82.47570453 0.1933966434 0.0195052798 0.01225471206 0.863160221 0.5044044002
1617800479.512417 -36.70800349 -82.36362308 0.1931493987 0.03063611956 0.0127814082 0.8685283603 0.494526593
1617800479.613193 -36.71678612 -82.25003302 0.2076195657 0.03648557237 0.01629707524 0.8567709242 0.5141466638
1617800479.713961 -36.71427344 -82.13856352000001 0.2189758948 0.03804735729 0.01832135795 0.8426593505 0.5367885482
1617800479.815111 -36.69481618 -82.02764885000001 0.2163481957 0.03106201653 0.01549211747 0.8063767968 0.5903825937
1617800479.916673 -36.65172377 -81.92630475 0.2017015132 0.02047948485 0.001706046963 0.7329377147 0.679985284
1617800480.016323 -36.59826813 -81.84635602 0.1912765096 0.01758236353 -0.01634472704 0.6662213219999999 0.745367601
1617800480.116186 -36.53551061 -81.77524858 0.1977941462 0.01671187431 -0.03151216996 0.5742237709 0.817920997
1617800480.21444 -36.46846449 -81.70872008000001 0.199623028 0.01696327222 -0.03428690702 0.4997362259 0.8653325141
1617800480.312494 -36.39516667 -81.64102592 0.1984331308 0.01536665982 -0.03161181188 0.4399064787 0.8973554753
1617800480.410835 -36.31344859 -81.57468403 0.1921104978 0.02151223788 -0.0226879477 0.3899179461 0.9203186818
1617800480.510358 -36.2255065 -81.51846892 0.1841824745 0.03426570631 -0.01792968144 0.3208137929 0.9463524175
1617800480.610302 -36.13770801 -81.47523201 0.1881729191 0.04873439574 -0.0180165639 0.247536222 0.9674844603
1617800480.71082 -36.04653842 -81.43976664 0.1942689952 0.05045649981 -0.02288338034 0.1678787514 0.9842495707
1617800480.811333 -35.94601993 -81.40711297999999 0.1918140253 0.0468988916 -0.02413838933 0.08084832469 0.9953297848
1617800480.910209 -35.8392693 -81.36693021000001 0.1826927012 0.03638168627 -0.02230380657 0.05922466012 0.9973321176
1617800481.009883 -35.72435709 -81.32490335999999 0.1753722063 0.02348588813 -0.02409390984 0.0344511551 0.9988398342
1617800481.109047 -35.60444669 -81.279067 0.181097387 0.01247894482 -0.02598949961 0.04141528681 0.9987259864
1617800481.20964 -35.47276933 -81.23488856 0.2003822231 0.007028526001 -0.0239855293 0.03309904101 0.9991395036
1617800481.310306 -35.33459445 -81.19411223 0.2117594659 0.01262447009 -0.01805548894 0.02740413788 0.9993816265
1617800481.410174 -35.19186765 -81.14948561 0.2127273828 0.0213458128 -0.01117166704 0.05839675456 0.99800269
1617800481.510567 -35.04191832 -81.09873272 0.2090016034 0.02118477411 -0.005895568192 0.07953873190000001 0.9965892021
1617800481.610897 -34.89039492 -81.04495064 0.2109554852 0.0235621995 0.003818391971 0.1097168906 0.9936762282
1617800481.71275 -34.73184619 -81.00119106 0.2301028675 0.02092591808 0.008380531054999999 0.08729691158 0.9959272674
1617800481.81305 -34.57747596 -80.96343082 0.2455339636 0.02312384007 0.01485366227 0.08404784979 0.996082635
1617800481.913288 -34.42263179 -80.92988042 0.2494388933 0.02233189608 0.01999312144 0.07153547540000001 0.9969875813
1617800482.013019 -34.27339295 -80.89708874999999 0.234793565 0.02228224592 0.01257783763 0.06489218636000001 0.9975641852
1617800482.111491 -34.13613522 -80.86269701000001 0.2297946135 0.02387914547 0.007360508715 0.09520601375 0.9951439214
1617800482.210753 -34.00183682 -80.82725765000001 0.254113082 0.0273336443 -0.01522443498 0.1263511148 0.9914920495
1617800482.311519 -33.85443992 -80.78964648 0.2815887403 0.02876915602 -0.01567869918 0.08941674668000001 0.9954552524
1617800482.410905 -33.71022343 -80.73824233000001 0.2799738712 0.02818022879 -0.01932425191 0.1121955018 0.9930984933
1617800482.511393 -33.56720396 -80.68747145 0.2656519748 0.02836165854 -0.02886871002 0.09067422511999999 0.9950579877
1617800482.611083 -33.43196722 -80.6325602 0.2661316437 0.02673491974 -0.03524632021 0.1056491587 0.993418943
1617800482.711864 -33.2977619 -80.58633522 0.2872185075 0.02727443361 -0.04481850581 0.08369477956 0.995109336
1617800482.811922 -33.16719483 -80.54644773 0.3114620061 0.02500088813 -0.05195109551 0.07168010218 0.9957600124
1617800482.911597 -33.03056337 -80.50585334 0.3231618871 0.01868315799 -0.05128194283 0.06768497238 0.9962127516
1617800483.011266 -32.88124349 -80.46183051 0.3096749424 0.009202020776 -0.04269245545 0.07558686100000001 0.9961823646
1617800483.111043 -32.72704791 -80.42015959 0.2936318566 0.004503034061 -0.03277390079 0.08003613583999999 0.9962428474
1617800483.210874 -32.57694733 -80.37872521 0.3017349378 0.0009649998423 -0.03034744785 0.103346874 0.9941818368999999
1617800483.311991 -32.42746062 -80.3394639 0.3218983938 -0.0005415185387 -0.02702623916 0.08041690271 0.9963947064000001
1617800483.411913 -32.28560482 -80.29312802 0.3230195332 0.002926230545 -0.02598618108 0.09311059284000001 0.9953122993
1617800483.512383 -32.14098141 -80.24495358 0.3080282756 0.0005534363091999999 -0.02244281115 0.08033238476 0.9965152893
1617800483.612655 -31.99786047 -80.19849240000001 0.2936834309 0.002194917315 -0.02537266407 0.07525399149000001 0.996839128
1617800483.713396 -31.85910953 -80.16191372 0.3010349561 0.01193542304 -0.03567238586 0.04612493982 0.9982271868
1617800483.813312 -31.72529712 -80.12616638 0.3230377171 0.01867292328 -0.04073441048 0.03324308501 0.9984422502
1617800483.913789 -31.58953973 -80.09030735 0.3350204647 0.01400273686 -0.04281038084 -2.396174878e-05 0.998985082
1617800484.012654 -31.45099334 -80.04618293 0.3272123995 0.006439780122 -0.03850078552 0.003402696415 0.9992320253
1617800484.111431 -31.30539023 -79.99869116000001 0.3053996125 0.006703289001 -0.0351778488 0.02754383575 0.9989789397
1617800484.211156 -31.15423315 -79.95282967 0.3006822976 0.01032142729 -0.03734263947 0.02555075262 0.9989224967
1617800484.310091 -31.00718325 -79.89704655 0.3197842063 0.01596048891 -0.04408570853 0.06766200888 0.9966060233
1617800484.4099 -30.85898571 -79.8317522 0.333152978 0.02161102048 -0.03734159256 0.1025265577 0.9937941810000001
1617800484.510837 -30.70444413 -79.76141774 0.3281806172 0.02140487134 -0.02889357123 0.1133299006 0.9929065045
1617800484.612111 -30.55190848 -79.69321777 0.3158261954 0.0203512359 -0.03436439929 0.1102827874 0.9930974887
1617800484.712603 -30.40920275 -79.62759004999999 0.3129318299 0.02928946551 -0.04296189471 0.1211913283 0.9912663944
1617800484.813894 -30.26262303 -79.56708284 0.3338013182 0.02580689189 -0.04843293514 0.1017093515 0.9932992817
1617800484.914326 -30.11301945 -79.51261448 0.3614264235 0.01220104568 -0.04573286383 0.07791892646 0.9958354686000001
1617800485.014064 -29.95965744 -79.45910309999999 0.3683115348 -0.00191469647 -0.0453755215 0.0606715979 0.997124041
1617800485.113312 -29.80206239 -79.40676485 0.349223004 -0.01056087015 -0.04670607389 0.05192133554 0.997502474
1617800485.212339 -29.6449376 -79.35583095 0.3368411357 -0.01097888051 -0.04413371348 0.058522897 0.9972495927
1617800485.311363 -29.49041872 -79.30296545 0.3480028102 -0.01235033476 -0.04533629944 0.07835069948999999 0.9958178835
1617800485.411303 -29.33214542 -79.24636959999999 0.3649652586 -0.01992236044 -0.03344955867 0.07517112248 0.9964103216
1617800485.511262 -29.17447308 -79.18711218999999 0.3597627699 -0.02534166841 -0.02539922009 0.07833241420000001 0.9962814423
1617800485.61086 -29.02144515 -79.13128752 0.3395769466 -0.01772396437 -0.02125266843 0.09754567978000001 0.9948462321
1617800485.711018 -28.86722419 -79.08264807 0.3291060201 -0.00272651073 -0.01535042296 0.1137713089 0.9933846284
1617800485.812841 -28.70693314 -79.04857987 0.3437703662 0.002239261439 -0.01436779952 0.07243715419000001 0.9972669706
1617800485.9133 -28.55011446 -79.01987750000001 0.3648073398 -0.001433919616 -0.006637543533 0.0499309562 0.9987295863
1617800486.013834 -28.39383853 -78.99316217000001 0.3651135351 -0.01104520405 -0.00289048974 0.01408496449 0.9998356175999999
1617800486.112333 -28.24684602 -78.95985776000001 0.3437559049 -0.004934381715 -0.01063183787 0.02822668202 0.999532826
1617800486.210532 -28.10174726 -78.91968447000001 0.3360407745 0.005707317565 -0.01789856212 0.07233275588 0.9972036103
1617800486.310149 -27.95255037 -78.87880018 0.3571555089 0.005025647371 -0.02690510254 0.09181538910000001 0.9953998155
1617800486.409688 -27.80523463 -78.83379268 0.3837592143 0.01087063853 -0.02058865904 0.1166613948 0.9928988142
1617800486.50971 -27.65861652 -78.78399899 0.3908356802 0.01921428694 -0.01673179188 0.1455672975 0.9890202325
1617800486.610166 -27.51167959 -78.72715286 0.3825525807 0.0201503391 -0.01796291059 0.157264046 0.9871875797
1617800486.710749 -27.36999101 -78.66373344 0.3821949212 0.01989475848 -0.02889285868 0.1716376153 0.9845353881
1617800486.811459 -27.23328094 -78.60415063000001 0.3980166537 0.01631330918 -0.03956723138 0.1694629635 0.9846068323
1617800486.912222 -27.09701843 -78.55056575 0.421605177 0.01209305016 -0.03893352679 0.1563449317 0.9868607809
1617800487.012412 -26.95768331 -78.50023107 0.438267054 0.007954338607999999 -0.04159327933 0.1512768596 0.9875839404
1617800487.112061 -26.81350785 -78.45089376999999 0.4328247705 0.008411841837 -0.0408299663 0.1542138384 0.9871576606
1617800487.212116 -26.66558904 -78.40311686 0.4201076997 0.008485640853 -0.04756540418 0.1495435173 0.9875739277
1617800487.31148 -26.52227586 -78.35237846 0.431626305 0.003824877338 -0.0518892719 0.1608402627 0.9856080781
1617800487.411398 -26.38476828 -78.29497207999999 0.4607917214 0.002064634747 -0.05126768873 0.1619109114 0.9854705567000001
1617800487.511268 -26.25592492 -78.23275928 0.4733781048 0.006590952476 -0.0537252145 0.1677647919 0.984339949
1617800487.611222 -26.12677377 -78.16928781 0.4676527804 0.01046829373 -0.05286454342 0.170731067 0.9838428013
1617800487.710855 -25.99683796 -78.10297581 0.4568504041 0.01802938144 -0.05500492103 0.1908499292 0.9799110697
1617800487.81119 -25.86505253 -78.0373053 0.4647068417 0.03029971052 -0.05394667703 0.194864439 0.9788766695
1617800487.911297 -25.73124713 -77.97053332 0.4928641364 0.04393827411 -0.0499929563 0.2107245877 0.9752770276
1617800488.012285 -25.58947297 -77.90437995000001 0.5174978951 0.04325604607 -0.03582886715 0.1984650956 0.9784972215
1617800488.113182 -25.44664651 -77.83920515 0.5188255347 0.03807372995 -0.0278949785 0.1605105564 0.9859049764
1617800488.212461 -25.31181322 -77.76947082 0.506168536 0.03226308367 -0.02441909283 0.1746055898 0.9838067337
1617800488.311624 -25.17928611 -77.69913954 0.5013546902 0.02824005525 -0.02017446976 0.201628432 0.9788470082
1617800488.412153 -25.04282762 -77.62786928 0.5157003451 0.01760814279 -0.02138866727 0.2047536085 0.9784214011
1617800488.512308 -24.9071439 -77.55765254000001 0.5375131485 0.0178022034 -0.02137344412 0.199199113 0.9795641738999999
1617800488.611832 -24.77881653 -77.48546598999999 0.5483030226 0.02556512718 -0.01323411361 0.2294062825 0.9729049491
1617800488.711794 -24.64857212 -77.41049535000001 0.5479527811 0.02603847112 -0.006100173001 0.2443296802 0.9693233688
1617800488.812109 -24.51754779 -77.33158582999999 0.5428876245000001 0.02460116821 -0.002761026252 0.2586245972 0.9656606428
1617800488.91301 -24.386981 -77.25416739000001 0.5486221635 0.02100772492 -0.00202602061 0.2449450383 0.9693072263
1617800489.01371 -24.25793862 -77.18039743999999 0.5697892305 0.0145509361 -0.0009889942289000001 0.2219877487 0.9749403733000001
1617800489.113519 -24.13224841 -77.11023554000001 0.5873497465 0.009432368708999999 0.004972609777 0.21953439 0.9755464905
1617800489.213065 -24.00547435 -77.04412858000001 0.5860699056999999 0.009065301576000001 0.006222074811 0.211301565 0.9773590715
1617800489.312383 -23.87807416 -76.97887977000001 0.5674907832 0.0132948568 -2.192338085e-05 0.2140109525 0.9767407836999999
1617800489.411846 -23.74740756 -76.91211384 0.5632658896 0.01643887002 -0.007983660003 0.2199138665 0.9753480999
1617800489.511785 -23.61546901 -76.84104449 0.5825832206 0.01611592919 -0.01522225201 0.2245359755 0.9742136088
1617800489.611577 -23.48984993 -76.76663933 0.6037476841 0.01780016537 -0.01350077744 0.2295871012 0.9730316778
1617800489.712068 -23.36573879 -76.69159641 0.6076357524 0.0176585423 -0.01639601303 0.2217190545 0.9748128064
1617800489.812039 -23.24181987 -76.61703695 0.5909175813999999 0.01493657492 -0.02072586105 0.218266936 0.9755546536
1617800489.91212 -23.11931646 -76.54491911 0.5786708613 0.016116228 -0.02937067997 0.2105660787 0.9770054027
1617800490.012744 -22.99694949 -76.47731646 0.5922791798 0.01618020508 -0.03777294476 0.1794336905 0.9829114692000001
1617800490.112545 -22.87711332 -76.40891477 0.6151839508 0.004556384285 -0.03656172361 0.1557401724 0.9871106718
1617800490.212079 -22.75572407 -76.3365423 0.6254156998 -0.009455917313 -0.03323738163 0.1325037909 0.9905799349
1617800490.310837 -22.63241559 -76.26010508 0.6074086214 -0.01411276477 -0.02494002972 0.1385973874 0.9899341337000001
1617800490.409681 -22.50533611 -76.18661806 0.5844192628 -0.008963012033 -0.01447027493 0.1584926197 0.9872134344
1617800490.50939 -22.37774436 -76.11877514 0.5888556105 -0.006777879617 -0.0144568465 0.164267705 0.9862865613
1617800490.609138 -22.25855746 -76.05150999999999 0.6120786592 -0.002024231251 -0.009267202192 0.1715274173 0.9851336795
1617800490.709408 -22.14943439 -75.98088027 0.6232477471 0.001528303796 -0.00769906155 0.1852527595 0.9826595564
1617800490.810285 -22.04488816 -75.90917272 0.6206679668 0.0002227754562 -0.01078105711 0.1789667574 0.9837960251
1617800490.910647 -21.94889706 -75.83773438 0.6126242196 0.01042949461 -0.01937324417 0.190333807 0.9814728447
1617800491.0119 -21.85416579 -75.77431801 0.6158740794999999 0.02160203167 -0.03150859409 0.178740438 0.9831543198
1617800491.112884 -21.75877574 -75.72130996999999 0.6376439667 0.02646097131 -0.0367292218 0.1544201748 0.9869676747
1617800491.212817 -21.66453876 -75.66878713 0.661444141 0.01713057824 -0.03528777108 0.1536969952 0.9873391262
1617800491.312017 -21.5697844 -75.60312184999999 0.6789681782 -0.007891819479000001 -0.03104603251 0.1651654011 0.9857455317
1617800491.410466 -21.48605464 -75.51986943999999 0.6788762153 -0.0372643775 -0.02479784789 0.2265587039 0.9729684407
1617800491.509258 -21.42017049 -75.43228740000001 0.6740668359 -0.06517849027 -0.01841470874 0.2955407235 0.9529262005
1617800491.608695 -21.37962355 -75.34315303 0.6714356992 -0.09094274107 -0.0163390753 0.3684800374 0.9250323856
1617800491.707625 -21.37874531 -75.24490437 0.6636413396 -0.1189439169 -0.0009383077465 0.471070028 0.8740391827
1617800491.807866 -21.41892273 -75.14742117 0.6437363285 -0.1529092972 0.01007969832 0.5655041183 0.8103840069
1617800491.909058 -21.49622382 -75.06631357000001 0.6124967643 -0.1838811449 0.01329452733 0.6448947581 0.7417019152
1617800492.009998 -21.60147956 -75.01581613 0.58154457 -0.1992402141 0.01858140139 0.7258366145 0.6581179816
1617800492.110809 -21.715292 -75.00097045 0.5663941209 -0.1944509106 0.02360500713 0.8031655789 0.5626337173
1617800492.21086 -21.82298549 -75.02144301 0.5721154192 -0.1730276156 0.03048113893 0.8831244487 0.4349983362
1617800492.311113 -21.9013791 -75.06819293 0.5971553474 -0.1404325628 0.03247751934 0.9443318588 0.2957384766
1617800492.411675 -21.93173144 -75.11833067000001 0.6378110592 -0.09804646057999999 0.03162071957 0.9829145766 0.1525318224
1617800492.513853 -21.91835844 -75.15088136999999 0.6774270715 -0.05753086615 0.02379191267 0.9965042984 0.05570751814
1617800492.619636 -21.87118068 -75.14491635 0.7102577828 -0.01769179675 0.01204081564 0.9894498606 0.1432864001
1617800492.720885 -21.7895015 -75.12241498 0.7323994193 0.02623087358 0.02933770661 0.9784399881 0.2027472069
1617800492.823367 -21.66808597 -75.07601133999999 0.7344106096 0.06661600739 0.06928824418 0.919858576 0.3802915288
1617800492.920115 -21.5362786 -75.05016998000001 0.7071286667 0.1167327795 0.1239625673 0.8750912746 0.45301435
1617800493.018225 -21.39529366 -75.04951805 0.6465387438 0.1649646281 0.1775175824 0.7918676643 0.5605531033
1617800493.115958 -21.25737482 -75.08429592 0.5702503452 0.1984803413 0.2213017477 0.6847656525 0.6653774055
1617800493.213163 -21.13268825 -75.1568237 0.4954256819 0.2272569598 0.2583510873 0.5754868675 0.7419055568
1617800493.31142 -21.03213628 -75.26480133 0.4320447101 0.2450705746 0.2803931736 0.4521198884 0.8104984196
1617800493.410545 -20.97005699 -75.39567968 0.383942295 0.2395641257 0.2870964325 0.3156440695 0.8720971789999999
1617800493.509667 -20.95035508 -75.5299474 0.3545806054 0.2299460777 0.2834500446 0.1918589158 0.9110274584
1617800493.609323 -20.96441208 -75.65384382000001 0.3448612338 0.2187928513 0.2662288676 0.08413638444 0.9349721638
1617800493.709498 -20.99684158 -75.76203461999999 0.3599199619 0.1957546518 0.2419724014 -0.02314888341 0.9500492632
1617800493.809316 -21.04731239 -75.84260264 0.395806462 0.1776183632 0.2010563566 -0.1053643947 0.9575627410000001
1617800493.909927 -21.10854774 -75.89180236999999 0.4532987222 0.1432216131 0.1536765126 -0.1921365186 0.9586212272
1617800494.010954 -21.17236774 -75.90319857999999 0.5274859093000001 0.08680350804 0.09836854929 -0.2790058695 0.9512857112000001
1617800494.111919 -21.22183305 -75.87900474 0.602778391 0.008398677239999999 0.04814622745 -0.3598313132 0.931736459
1617800494.211361 -21.23709045 -75.82687661 0.6627440606 -0.05913903863 0.02297361135 -0.3977739368 0.9152872131000001
1617800494.310479 -21.22009727 -75.76098884 0.7012656335 -0.1187505426 0.01038014457 -0.3956808701 0.9106191357
1617800494.411268 -21.19555933 -75.69445795999999 0.7282749482 -0.1688150789 -0.01548810873 -0.4280974728 0.8876903409
1617800494.509867 -21.17000303 -75.60970971 0.7411984348 -0.2133889438 -0.0356066317 -0.3837556032 0.8977354641
1617800494.608527 -21.15094288 -75.50830472 0.7364555894 -0.2509888338 -0.05831732891 -0.3095903199 0.9152909527999999
1617800494.706445 -21.14495046 -75.39133606 0.7167670322 -0.2743635797 -0.06085692528 -0.1596832348 0.9463204137
1617800494.807993 -21.16664677 -75.27035268 0.6930023152 -0.2947133323 -0.09107628742 -0.06953747020999999 0.9486905195000001
1617800494.90866 -21.22332311 -75.14871094999999 0.6579889521 -0.3168856402 -0.1155665159 0.05382531212 0.9398567483
1617800495.008828 -21.31432077 -75.04139399 0.6089962258 -0.3305174847 -0.1200929098 0.2204606637 0.9097983189
1617800495.109074 -21.43300349 -74.96361433 0.5589105680000001 -0.3359528492 -0.1111037938 0.3914689669 0.8494372714
1617800495.209819 -21.56612892 -74.92248721999999 0.5184270944 -0.3296049276 -0.09055797605 0.5530439395 0.7598040837
1617800495.311221 -21.6901378 -74.91474098 0.4999210804 -0.308295812 -0.06259008559 0.6831060695 0.6590920052
1617800495.412824 -21.7875299 -74.92383314999999 0.5084651747 -0.265839553 -0.02562372862 0.7883470848 0.5542396868
1617800495.513949 -21.85895028 -74.93942799 0.532037455 -0.2211002357 0.01490899918 0.8718561225 0.4367600133
1617800495.615785 -21.90912814 -74.95617925000001 0.5593759908 -0.1857272781 0.03443624279 0.9148419035000001 0.3569086927
1617800495.715889 -21.94249971 -74.9773198 0.5933682122 -0.1519402809 0.06324623414 0.9543040384 0.2494350962
1617800495.81789 -21.9511807 -74.98697063 0.6336080478 -0.121061748 0.06151427131 0.9636044775 0.230274746
1617800495.918802 -21.93381756 -74.99579325000001 0.6746920808 -0.08584161744 0.04636146766 0.9664787539 0.2374882089
1617800496.018355 -21.89213187 -75.00727379999999 0.7090520628 -0.0421810842 0.03565245268 0.9666113703 0.2502241346
1617800496.117684 -21.83272441 -75.00791246 0.7338383479 -0.004271227565 0.03122696648 0.9550083643 0.2948994019
1617800496.216614 -21.76026747 -74.99982831 0.740800492 0.02738995311 0.03671648366 0.9372519406000001 0.3456305688
1617800496.315676 -21.67392571 -74.9891212 0.7361516621 0.05977167809 0.05220501481 0.9013640398 0.4257286116
1617800496.413752 -21.58129706 -74.99128928 0.7248380642 0.09807667291 0.06975066349 0.8739463062 0.4708860425
1617800496.514277 -21.47890588 -75.00389118 0.704901789 0.1187738457 0.08122036634 0.7945319488 0.5899279685
1617800496.61283 -21.39013742 -75.04244392 0.6812938569 0.1393057743 0.08298849106 0.7370798024 0.6560641558
1617800496.712607 -21.30167358 -75.10444434 0.6540093489 0.1631632919 0.08060277574999999 0.6633920209 0.7258043534
1617800496.812668 -21.21221745 -75.18835615 0.6259488678 0.1854255361 0.08007099870999999 0.5674039762999999 0.7982848698
1617800496.912535 -21.13364909 -75.2862968 0.6004559145 0.2044254838 0.07948101778 0.4770681089 0.8510575826
1617800497.012731 -21.06816111 -75.39768409 0.5714960711 0.2128674041 0.07822653618 0.3688695994 0.9013896471
1617800497.113517 -21.02182109 -75.52452269 0.5465883238 0.2139586811 0.07416081692 0.2375520712 0.9446114913
1617800497.213673 -21.00680032 -75.65201677 0.5361757106 0.2022828265 0.05890504475 0.1036067536 0.9720480926
1617800497.313924 -21.0222273 -75.75838783 0.5424573409 0.1735027298 0.04413758141 -0.04331343877 0.9828899342
1617800497.413432 -21.06167701 -75.82478905000001 0.5589296263 0.1334622692 0.02831209229 -0.1687139584 0.9761771603
1617800497.512697 -21.11221216 -75.85524601 0.5856246782 0.08574805747 0.007865925813 -0.2830796508 0.9552231724
1617800497.612203 -21.16483205 -75.86157884000001 0.6220925537999999 0.03652653556 -0.01203115269 -0.3956664853 0.9175887401
1617800497.711791 -21.20585033 -75.85090592 0.6618481711999999 -0.01543495898 -0.02403786741 -0.4972637804 0.8671289844
1617800497.811478 -21.21874463 -75.82931795 0.6945625075 -0.07390652053000001 -0.0267066655 -0.5882872385 0.8048246425
1617800497.91069 -21.19683123 -75.80023169 0.7224028211 -0.1296839751 -0.0197638446 -0.6480813406 0.7501879983999999
1617800498.010486 -21.1526786 -75.75730556000001 0.746328578 -0.1822430541 -0.02555543774 -0.6980501011 0.6919974315
1617800498.110127 -21.09299232 -75.69634755 0.7576229783 -0.2239869749 -0.05986221733 -0.7299378071 0.6429907835999999
1617800498.20636 -21.00678795 -75.62697258999999 0.7525737927 -0.2445305098 -0.06327226968999999 -0.6640545995 0.7037278867
1617800498.305586 -20.91546841 -75.54712438 0.7372077046 -0.2424080838 -0.07824951592 -0.5987100516 0.7593823861
1617800498.405269 -20.83086385 -75.4412782 0.7152197277 -0.2317857795 -0.1001525569 -0.508879532 0.8229741428
1617800498.505395 -20.75324612 -75.30005907 0.6848683199 -0.2239071407 -0.1108683843 -0.3797019399 0.8907301671
1617800498.605911 -20.69558192 -75.13656116 0.6510424713 -0.2108984294 -0.1085495174 -0.2142589001 0.9475399614
1617800498.706984 -20.67546409 -74.96873449 0.6226355433 -0.1975748268 -0.08997938355 -0.01273575444 0.9760664419
1617800498.808506 -20.68542649 -74.81924108 0.604361744 -0.174784405 -0.05871174289 0.1908032152 0.9641563546
1617800498.909959 -20.71265225 -74.69631997 0.5956405617 -0.1331237485 -0.01363354787 0.401506863 0.9060267286
1617800499.012194 -20.74068094 -74.59862702 0.5997483524 -0.08504996232000001 0.02281903565 0.5812473228 0.8089482958000001
1617800499.114783 -20.7528804 -74.51721882 0.6146567532 -0.04450805054 0.04469106846 0.7150183669 0.6962546063
1617800499.217972 -20.73273621 -74.44320438 0.6438604535 -0.009582756600000001 0.05598527425 0.7908121029 0.6094177859
1617800499.322096 -20.66777936 -74.36385906 0.6820840562 0.02131128859 0.06889627507 0.7949541641 0.6023678354999999
1617800499.423668 -20.57663146 -74.28467741999999 0.7100432108 0.05209513921 0.08126063669 0.7768130253 0.6222895863
1617800499.52288 -20.4686289 -74.21360452 0.7164644037 0.09042251034 0.1017758705 0.7540453915999999 0.6425581602
1617800499.621457 -20.34270986 -74.14993395 0.7047420509 0.1233287432 0.119258224 0.7127590098 0.6801044707
1617800499.720132 -20.20007214 -74.10144965000001 0.6710095952 0.1513996965 0.134079482 0.634165106 0.7462810748000001
1617800499.81854 -20.05563388 -74.08604558 0.6224414653 0.1837925023 0.147913482 0.5336182094 0.8121536335
1617800499.917023 -19.92029904 -74.11385703000001 0.5695704035 0.2231116595 0.1531986082 0.401050407 0.8751628105
1617800500.01479 -19.80593411 -74.17252788 0.5321395777 0.2566220065 0.1562116181 0.2797073147 0.9118699984999999
1617800500.113228 -19.71508387 -74.2444062 0.5137243262 0.2679486062 0.1540944076 0.1420027029 0.9403689118
1617800500.211658 -19.65517779 -74.30471368000001 0.5138909524 0.2525686644 0.138486981 0.01959003623 0.9574166576000001
1617800500.310486 -19.61427072 -74.34556121999999 0.5404989435000001 0.2129138422 0.1123502236 -0.09732855685 0.9656978177
1617800500.409767 -19.57709993 -74.36366201 0.599310399 0.1610463785 0.07566077853 -0.2037843759 0.9627104646
1617800500.508502 -19.53143854 -74.34410608 0.6812822749 0.1089056446 0.03555836545 -0.2688254996 0.9563514072
1617800500.608048 -19.46944078 -74.27568186000001 0.7560770282 0.03947598716 -0.000457446469 -0.3136744062 0.9487095467
1617800500.70748 -19.38107858 -74.17165352000001 0.8067183282 -0.05360865674 -0.01904411148 -0.3253023527 0.9438971412
1617800500.806946 -19.26705659 -74.04947462 0.8251613565 -0.1304242043 -0.01498609821 -0.2885003024 0.9484368821
1617800500.907685 -19.15335719 -73.91888766 0.8153403460999999 -0.1848019299 -0.02286372564 -0.2432392178 0.9519244611
1617800501.009093 -19.06356881 -73.78416916 0.7948004035 -0.2215790685 -0.04924907183 -0.1932123903 0.9545397936
1617800501.109536 -19.00102389 -73.64669309999999 0.7777957702 -0.2345803603 -0.07266854591999999 -0.08520535535 0.9656248673
1617800501.210729 -18.95862109 -73.51700963 0.7660463386 -0.2406535635 -0.09028597034999999 0.02839609942 0.9659854903
1617800501.311622 -18.93253812 -73.40143 0.7550043888 -0.230321042 -0.09461800820000001 0.1587391364 0.9554064772
1617800501.412403 -18.91657224 -73.30000843000001 0.746321164 -0.2064809586 -0.09384100894 0.2938407151 0.9285564673
1617800501.513165 -18.90297774 -73.2132051 0.7432134684 -0.1829694178 -0.08882689405999999 0.4193782114 0.8847337966
1617800501.61283 -18.88882569 -73.14664088000001 0.751949718 -0.1491358244 -0.07496995217999999 0.5572810724 0.8133731115
1617800501.712213 -18.87034486 -73.09837652 0.7818417159 -0.106146083 -0.04908363176 0.6985337824 0.705956345
1617800501.814013 -18.8338005 -73.0509723 0.8267503322999999 -0.06576774242 -0.03435271637 0.7826754102 0.6179916644
1617800501.917391 -18.77214402 -72.99295054 0.8701360438 -0.02989801094 -0.0286435447 0.7943519511 0.6060450759
1617800502.018196 -18.69639062 -72.93518086 0.9038456142 0.01218143997 -0.01160963606 0.8206208672999999 0.571225193
1617800502.119737 -18.59052678 -72.8640734 0.9255716984 0.06235028431 0.01396684133 0.8072932014 0.5866813925
1617800502.220937 -18.45318727 -72.78458526999999 0.92164335 0.1109779036 0.04464032385 0.7573514577 0.6419578771
1617800502.320343 -18.29984369 -72.71606903 0.8954338361 0.1637669825 0.07553241897 0.7012754157 0.6897013995
1617800502.41866 -18.14346563 -72.66896955999999 0.8566436182 0.2222042427 0.1128002897 0.6456089865 0.7218659195
1617800502.51806 -17.98853514 -72.64616009 0.8030674276 0.2698143496 0.1448575013 0.5386851767 0.7848788451000001
1617800502.616741 -17.85306181 -72.64387761 0.7508469037 0.2948102686 0.1635660731 0.4319538649 0.8365099544
1617800502.715487 -17.73941624 -72.65893468 0.7089259831 0.2947257333 0.1627242758 0.3148232762 0.8874366777
1617800502.814338 -17.64973036 -72.68874391999999 0.6929980542 0.2758867935 0.1418425514 0.1879059725 0.9319112154
1617800502.912948 -17.58605804 -72.71354952999999 0.7113199858 0.2549091075 0.1093953022 0.07279172242 0.957995501
1617800503.011506 -17.5403723 -72.70913045 0.7591171043 0.2229801295 0.07510340795000001 -0.01890292977 0.9717417451
1617800503.111117 -17.5025222 -72.66573635 0.8197250858 0.1574358912 0.03897366268 -0.1179752351 0.9796820085
1617800503.210387 -17.45755367 -72.58123341 0.883352454 0.07858769292999999 -0.0007678082846 -0.1786502747 0.9807688129
1617800503.30942 -17.39802465 -72.46571754999999 0.9401863337 0.004762845041 -0.0399205362 -0.2010311714 0.9787594874
1617800503.408109 -17.32350701 -72.32698492999999 0.9835831672000001 -0.05309973822 -0.0688083993 -0.1683041787 0.9818958832
1617800503.509219 -17.23462128 -72.17955567 1.015651203 -0.1035199576 -0.09731992472000001 -0.1673553629 0.9756047525
1617800503.609801 -17.13921455 -72.02333406 1.032613737 -0.1525105939 -0.1173765325 -0.1433044019 0.9707868545
1617800503.709781 -17.04489922 -71.86153173 1.02633293 -0.2044131883 -0.1190694856 -0.06334110227 0.9695491792000001
1617800503.81074 -16.95398255 -71.70569248 1.002055506 -0.2407950894 -0.1224067467 0.009090586984999999 0.9627832957
1617800503.911398 -16.87734824 -71.56361738 0.969420154 -0.256502255 -0.1213825219 0.1018578262 0.9534662342
1617800504.011008 -16.8291353 -71.43968567 0.9410568191999999 -0.2549041553 -0.1105957711 0.2416104772 0.9297401919
1617800504.111769 -16.81371968 -71.33272457 0.9205700407 -0.2522396786 -0.1096159791 0.3705206556 0.8871718692
1617800504.212333 -16.8297143 -71.23610357 0.8997633228 -0.2582757766 -0.1110804691 0.4911521168 0.8244539713
1617800504.3121 -16.86234893 -71.15125866 0.8763198373 -0.2582602645 -0.08834829112000001 0.6278692774 0.7288870871000001
1617800504.412766 -16.8820443 -71.07159840999999 0.8656412237 -0.2457975569 -0.0416697266 0.7395281856 0.6252561535
1617800504.515097 -16.86580787 -70.99020092000001 0.8816036723 -0.2168139074 -0.01637854717 0.7969103491 0.5636110079
1617800504.615954 -16.82116595 -70.91209765000001 0.922380265 -0.1680350818 0.02074628876 0.8637744086 0.4745814722
1617800504.719197 -16.73783031 -70.81255287 0.9806317047999999 -0.1211402458 0.03189380188 0.8637417278 0.4881168446
1617800504.820056 -16.63264806 -70.71077455 1.026939151 -0.0728106065 0.06010680704 0.8689020546 0.4858960865
1617800504.920886 -16.50035648 -70.60800546 1.047809401 -0.02628541883 0.08599429385 0.8424125566 0.5312768983
1617800505.021925 -16.34749745 -70.51174607999999 1.040735815 0.00520043896 0.09376985207999999 0.7755018282 0.6243212993
1617800505.120884 -16.1885995 -70.43349118 1.025218313 0.03006653161 0.1019761402 0.7027294281000001 0.7034687068
1617800505.218459 -16.03367498 -70.37349818 1.012730697 0.06310923179 0.113648621 0.6401905175 0.7571375814
1617800505.317439 -15.88517142 -70.32105574000001 1.01045886 0.06674772180000001 0.1192801938 0.5196261899 0.8433893524
1617800505.413964 -15.78237388 -70.27103678 1.018453457 0.06818437317999999 0.120894661 0.467428996 0.8730667248
1617800505.511491 -15.71396128 -70.22191513 1.031973792 0.06494935169 0.1008130203 0.4164446263 0.9012170604
1617800505.610214 -15.66641099 -70.17189225 1.052538296 0.05917653451 0.06447229895999999 0.3557510335 0.9304744288
1617800505.708727 -15.63090552 -70.11796321999999 1.077985171 0.0688648467 0.03150664711 0.3269087118 0.9420168036
1617800505.8081 -15.59752822 -70.06005156000001 1.107871739 0.07714175104 -0.009440396821000001 0.3138016641 0.9463025651
1617800505.909166 -15.55156314 -69.99590458999999 1.142035703 0.0736470042 -0.02858189871 0.2743870597 0.9583688931
1617800506.010178 -15.49680768 -69.92338611 1.156470591 0.06089111595 -0.03862939854 0.2576223974 0.9635511101999999
1617800506.111741 -15.42781821 -69.84924534 1.151340073 0.04652208307 -0.03976200266 0.2250451885 0.972424466
1617800506.211552 -15.34935489 -69.77353352999999 1.137064249 0.04248987733 -0.03492807788 0.2479608898 0.9672073391
1617800506.312354 -15.25779777 -69.69976767 1.125368873 0.04204349749 -0.03424923779 0.2533836803 0.9658447311
1617800506.41197 -15.16979767 -69.62415633000001 1.124132767 0.04778604632 -0.03603965212 0.2909834118 0.9548540681
1617800506.51312 -15.08013688 -69.54726836 1.136500783 0.05085447823 -0.03955855444 0.2902058597 0.9547929104
1617800506.613688 -14.99453763 -69.46665648 1.144844112 0.04413394725 -0.04196400756 0.2833432386 0.9570829776000001
1617800506.713196 -14.91624824 -69.37411055 1.142441092 0.02976512772 -0.04705674591 0.300519223 0.9521490936
1617800506.812219 -14.84082851 -69.27087335 1.134834035 0.01636475765 -0.04826891915 0.3363981092 0.9403396292
1617800506.911759 -14.76140246 -69.16340451000001 1.12985511 0.01139512671 -0.04528840976 0.3672170779 0.9289621783000001
1617800507.012149 -14.67730075 -69.05778632000001 1.133758096 0.007602730805 -0.0467795357 0.3737691862 0.9263101365
1617800507.11211 -14.59294142 -68.95291228000001 1.155449451 0.004666570847 -0.03939790633 0.385809977 0.9217248449
1617800507.212803 -14.50532673 -68.84842639 1.173467677 -0.002434445879 -0.03545354138 0.3848236279 0.9223057494
1617800507.313264 -14.41899875 -68.74705373 1.176182714 -0.008289905502000001 -0.03718266268 0.3730456721 0.927030557
1617800507.411979 -14.34281887 -68.64682843999999 1.171691787 -0.0032274882 -0.04323460521 0.4129568046 0.9097181046
1617800507.511641 -14.2692646 -68.54499783 1.174919364 0.003127292219 -0.05137883427 0.4525042516 0.890275428
1617800507.611971 -14.20002805 -68.43822956 1.194838994 0.005857512957 -0.06516927489 0.4754364997 0.8773133932
1617800507.711968 -14.14121583 -68.32653406 1.221403832 0.01409647649 -0.06429510732 0.5201082518 0.8515602356
1617800507.812522 -14.08050823 -68.21051271 1.240136188 0.02371646629 -0.05573016943 0.5494130723 0.8333528385
1617800507.912693 -14.01770931 -68.08660689 1.242301836 0.03295742744 -0.04324364635 0.5833993106000001 0.810363523
1617800508.012238 -13.96063522 -67.95659146 1.235088918 0.04343982162 -0.02563131944 0.6315408733 0.7737002925000001
1617800508.112734 -13.91013238 -67.82285976999999 1.232934757 0.04574862172 -0.01648419586 0.6614230616 0.7484349461000001
1617800508.213662 -13.86318935 -67.68675363 1.250259066 0.0411981138 -0.009858259259 0.675251456 0.7363701524
1617800508.314971 -13.81262715 -67.55007325 1.269364831 0.03030193107 0.000820662402 0.6692051006 0.7424591927
1617800508.415298 -13.76332094 -67.41634472 1.272589123 0.0205166875 0.006779850478 0.6640310421 0.7473927175
1617800508.514563 -13.7198922 -67.28531449 1.262918108 0.01739893439 0.01083154644 0.6847918677 0.7284504462
1617800508.613997 -13.67952886 -67.15505425000001 1.254580251 0.01592538116 0.008987414152 0.7048379797 0.7091325905
1617800508.713594 -13.64527602 -67.02458231999999 1.258893826 0.0178142274 0.007173132192 0.7249310333 0.6885536991
1617800508.813793 -13.62191551 -66.89120065 1.272718419 0.02066738676 0.01167208904 0.7402250903000001 0.6719400547
1617800508.913166 -13.61786852 -66.75793143 1.275588195 0.02053144939 0.01684072709 0.7761718575 0.6299619807
1617800509.013603 -13.62723604 -66.61762993000001 1.263318608 0.01043794015 0.02224224455 0.7970621646 0.603397247
1617800509.114332 -13.64928146 -66.47352488 1.248637157 -0.004763557747 0.02477329397 0.8146611257 0.579388335
1617800509.215506 -13.6692354 -66.32991215 1.248755029 -0.01214420792 0.02698928448 0.8108092008 0.584561833
1617800509.315875 -13.68466737 -66.19517675 1.26818581 -0.01061121033 0.02055797656 0.813639637 0.5809090401
1617800509.41605 -13.69193988 -66.07058748999999 1.283646243 -0.002983430018 0.01480833862 0.8086357781 0.5881156269
1617800509.516339 -13.69807494 -65.94705547 1.283241033 0.00242823003 0.004942849621 0.7974202647 0.6033991990000001
1617800509.615478 -13.708383 -65.82414976 1.262462752 0.005619603173 -0.01426394904 0.7926785373 0.6094470413999999
1617800509.713631 -13.72620719 -65.70811578 1.246531091 0.01031975454 -0.02782086169 0.8146340454 0.5792157409000001
1617800509.813076 -13.74296965 -65.59033602 1.253100432 0.02245962641 -0.04508668356 0.8211258946 0.5685200272000001
1617800509.912673 -13.76018208 -65.46822962 1.269349719 0.02529028993 -0.04362559784 0.8222783462 0.5668470074
1617800510.012457 -13.78586161 -65.34305316 1.271002723 0.02356634235 -0.04307305794 0.833763976 0.5499336065
1617800510.113034 -13.81784756 -65.21144452 1.253704979 0.01868672127 -0.04062486527 0.8300189205 0.5559397615
1617800510.212952 -13.85708978 -65.08028097 1.234016045 0.01912770456 -0.03662621001 0.8403774962 0.5404241996
1617800510.313915 -13.89317999 -64.943116 1.23053339 0.01975616989 -0.02920124673 0.8372653978 0.5456588995
1617800510.414726 -13.92026144 -64.80169831000001 1.244758602 0.01746646782 -0.02072298339 0.8244388761 0.5653017071000001
1617800510.514938 -13.939969 -64.66007332 1.253536144 0.01399728356 -0.01207122629 0.8155501294 0.5783911721
1617800510.614506 -13.95619746 -64.51894679999999 1.244489442 0.01252978837 -0.004448945926 0.809727907 0.5866548627
1617800510.713224 -13.97163533 -64.37988591 1.225289288 0.02030923065 0.007248295442 0.8233314101 0.5671511144
1617800510.813159 -13.98287206 -64.23864771 1.216259203 0.02406194242 0.01458753803 0.8247991267 0.5647252671
1617800510.913054 -13.99860002 -64.10275111999999 1.224426926 0.0306772228 0.01684660277 0.8321240041 0.5534841839
1617800511.013871 -14.02027842 -63.96883949 1.238903934 0.02913106277 0.01914394785 0.8226105709 0.567535672
1617800511.114108 -14.05030653 -63.8375482 1.241054485 0.0246481111 0.01541859334 0.821522565 0.5694342918999999
1617800511.21423 -14.08666259 -63.7051811 1.225939407 0.01854016998 0.007153058954 0.8181486162 0.5746633255
1617800511.314205 -14.12964324 -63.57380721 1.208521496 0.01512669194 -0.001853514316 0.8169613688 0.5764909969000001
1617800511.414386 -14.17382945 -63.44525332 1.207850523 0.01514114327 -0.01191491319 0.8137623524000001 0.5808783129
1617800511.514766 -14.20922244 -63.31736791 1.221949375 0.01814389421 -0.02215698812 0.7979760444 0.6020083883
1617800511.614242 -14.23986989 -63.19130228 1.226190088 0.02243338073 -0.02882921924 0.7957109306 0.6045740107000001
1617800511.713785 -14.26958998 -63.05989884 1.215981977 0.02866497751 -0.03368904347 0.7923418367 0.6084716766
1617800511.812948 -14.30191264 -62.92364011 1.197481239 0.03455256469 -0.03888925297 0.8009803457 0.5964262168
1617800511.912534 -14.33733719 -62.78347992 1.190262696 0.03201362904 -0.04631555015 0.8102493109 0.5833747095
1617800512.012952 -14.37418597 -62.64220008 1.199006395 0.03486800212 -0.05470897917 0.8098886762 0.5829849759
1617800512.113069 -14.41545359 -62.50099189 1.215854985 0.03061641732 -0.04514488108 0.8141220975 0.5781260979
1617800512.213304 -14.46175507 -62.35668247 1.213367894 0.02906742432 -0.04275178017 0.825661872 0.5617916369
1617800512.314393 -14.50715002 -62.20818069 1.190003307 0.03247732022 -0.0396028499 0.809877286 0.5843591529
1617800512.413827 -14.55585233 -62.06875973 1.172070725 0.03533756232 -0.03428767003 0.8236396311 0.5649720085
1617800512.514793 -14.59426161 -61.92893327 1.179630784 0.04098709115 -0.03254321162 0.809195862 0.5852034301
1617800512.615026 -14.62545002 -61.79365813 1.199465839 0.0456576989 -0.03362936605 0.792671741 0.6070057259
1617800512.714197 -14.65950905 -61.65897454 1.210615801 0.04337273679 -0.03094746937 0.7930148084 0.6068678386
1617800512.8136 -14.69663767 -61.51690735 1.195178447 0.04150911099 -0.03038644266 0.7927149605 0.6074180185
1617800512.912798 -14.73663159 -61.36923704 1.173932419 0.03901979667 -0.02995628777 0.7991987859 0.5990503959
1617800513.012236 -14.77716182 -61.22108425 1.172721987 0.03463467409 -0.02496238214 0.8098072606 0.5851405981
1617800513.112662 -14.81677756 -61.07523631 1.1911771 0.03354597863 -0.0162186866 0.8123853599999999 0.5819292468
1617800513.212734 -14.86262259 -60.93249153 1.201063542 0.02966182035 -0.009137131712 0.8219435363000001 0.5687227025
1617800513.313548 -14.91719232 -60.78595063 1.190790909 0.01848711722 -0.00477695988 0.8238702102 0.5664567803
1617800513.41386 -14.97952506 -60.64028823 1.178346161 0.008968168962000001 0.002428851667 0.835818513 0.5489272138
1617800513.51481 -15.0377902 -60.4948715 1.18179705 0.0075265949 0.008060707101 0.8348368215999999 0.5503870063
1617800513.615655 -15.08694653 -60.35137634 1.199469953 0.008620412833 0.008842894114000001 0.8220698073 0.5692527766
1617800513.716111 -15.13084573 -60.21057287 1.21052411 0.003905032136 0.007909610546 0.8098704273 0.5865424792
1617800513.815928 -15.17468618 -60.07035365 1.201158455 -0.001779328149 0.003089695106 0.8013602399 0.598171425
1617800513.915033 -15.22010415 -59.92942992 1.175336178 -0.002756711671 0.002599017657 0.8083113132 0.5887431244
1617800514.014808 -15.26223682 -59.78610384 1.156468476 -0.003544179333 -0.001276546984 0.8080001118 0.5891702881999999
1617800514.11468 -15.30324185 -59.64592932 1.163330438 0.0002431837925 -0.005962303061 0.8102717032 0.5860240258
1617800514.214181 -15.34563892 -59.51135626 1.179852474 0.005033584369 -0.0003073724458 0.8160075413 0.5780192566
1617800514.314044 -15.39460392 -59.37774214 1.18461984 0.0072258772 -0.001618396744 0.8237644686 0.5668838221
1617800514.413957 -15.45100334 -59.24226574 1.167628726 0.006829901298 -0.0003087542472 0.828889001 0.5593713268
1617800514.51415 -15.51494719 -59.10492005 1.146940876 0.002621437596 0.00213949361 0.8351439537999999 0.5500210242
1617800514.614965 -15.57494389 -58.96332189 1.146486218 -0.003076184221 0.007591776496 0.8275014448 0.5614038305
1617800514.715317 -15.62720312 -58.82051687 1.161257854 -0.01218209785 0.01345283644 0.8220107893 0.5691826421
1617800514.81563 -15.67247881 -58.67584642 1.166883766 -0.02061664837 0.01923339397 0.8112374725 0.5840366371
1617800514.914872 -15.71347337 -58.53499354 1.150285454 -0.01737215368 0.02848036436 0.814313485 0.5794658103
1617800515.014328 -15.75099083 -58.39450717 1.129796928 -0.006686918099 0.0346605314 0.8220461959000001 0.5683255972
1617800515.113716 -15.785915 -58.25664968 1.123291667 0.001531060985 0.03641215038 0.8305932033 0.5556858301000001
1617800515.214789 -15.82031134 -58.11841591 1.136119439 0.009081162336999999 0.0303382054 0.8169548128 0.5758315376000001
1617800515.314457 -15.86398833 -57.99050598 1.147304673 0.01181344248 0.0247154623 0.8173615649 0.5754734231
1617800515.414714 -15.91873841 -57.86179402 1.142135705 0.006493262745 0.01418387284 0.8171133978 0.5762658678
1617800515.514623 -15.97749225 -57.73067134 1.116579525 0.004256731996 0.003617421375 0.8161484694 0.5778152562
1617800515.614653 -16.03569132 -57.59810246 1.097587708 0.008034336947000001 -0.002045536283 0.8139339489 0.5808982631
1617800515.714524 -16.089296 -57.46478569 1.103914202 0.01192786832 -0.002130588226 0.8097366276 0.5866683734
1617800515.815132 -16.13245928 -57.32911827 1.115270736 0.01108518188 -0.005844807251 0.792446749 0.6098123538
1617800515.914827 -16.17084309 -57.19565849 1.112015107 0.01079909197 -0.006291355835 0.7797642884 0.6259484427000001
1617800516.013634 -16.21335908 -57.06278613 1.084756667 0.01255889514 -0.005439627319 0.7956639281 0.6055836838
1617800516.113915 -16.25212127 -56.92030865 1.05429303 0.009598791874 -0.007698009243 0.7863865232 0.6176122084
1617800516.213036 -16.29392713 -56.77883798 1.044642638 0.008123502362000001 -0.01078885608 0.8033613987 0.59533862
1617800516.313331 -16.3338499 -56.6364101 1.051366499 0.009066500892 -0.0006861596834 0.8026546246 0.5963747826
1617800516.413452 -16.37707285 -56.4938692 1.05357984 0.002217069702 0.00189039306 0.8043782457999999 0.5941103842
1617800516.5139 -16.42244701 -56.34905721 1.042095368 -0.006946381714 3.370907098e-05 0.796783837 0.6042245143
1617800516.61368 -16.4723607 -56.20864687 1.021032199 -0.006688394731 -0.003858737922 0.8027415336 0.5962771216
1617800516.713974 -16.51914803 -56.07081614 1.009228893 0.0001799995689 -0.007059808436 0.7979830404 0.6026385267
1617800516.814087 -16.56040026 -55.93456365 1.020540053 0.004372904365 -0.01017794514 0.7958565386999999 0.6053838922
1617800516.914508 -16.59414108 -55.79551457 1.037380542 2.639840541e-05 -0.0115596395 0.7864614599999999 0.6175311701
1617800517.013921 -16.62704115 -55.65411877 1.037420499 -0.005711035092 -0.01091824725 0.7969733438 0.6038887854
1617800517.114082 -16.65282105 -55.50419722 1.01661698 -0.007436743961 -0.00560562568 0.7987276477 0.6016206584
1617800517.213588 -16.67434994 -55.35419172 0.9989601165999999 -0.01118813101 0.001405193891 0.815673797 0.5784022027
1617800517.314827 -16.68822209 -55.20056834 1.005673975 -0.0130955427 0.0009802251345 0.8080442852 0.5889753637
1617800517.415364 -16.70253391 -55.05188 1.023189331 -0.01468035857 0.006190651921 0.7966011162 0.6042953124
1617800517.515351 -16.72446487 -54.90869837 1.021811954 -0.01814961115 0.004456601524 0.794632399 0.6068031647
1617800517.614864 -16.75271073 -54.76801123 1.003145158 -0.01787333342 0.002986332928 0.7926762408 0.6093734513
1617800517.713984 -16.78644387 -54.63031377 0.9884477219 -0.01188983109 0.007435621885 0.8103916869 0.5857206307
1617800517.814899 -16.81316766 -54.48913472 0.9936042942 -8.544163836e-05 0.005635324757 0.7976072404 0.6031508318
1617800517.914963 -16.83677611 -54.35046312 1.011642307 0.00400942296 0.0007874895989 0.7922269248 0.610212917
1617800518.01491 -16.85951887 -54.2088294 1.021780783 0.001501181877 0.0003849206056 0.7829748493000001 0.6220514317
1617800518.113981 -16.88778909 -54.06227269 1.010508293 -0.007209910662 0.003369592732 0.7936113788 0.6083729469
1617800518.213888 -16.91414045 -53.91030448 0.9932894363 -0.01021765329 0.0043958532 0.7972295943 0.603573732
1617800518.313091 -16.93807792 -53.76489316 0.9903926669000001 -0.005508959377 0.009425781483000001 0.8177558784 0.5754616663
1617800518.41385 -16.95724666 -53.61864911 1.008960946 0.001734793547 0.01619750659 0.8218541211 0.5694650428
1617800518.514288 -16.98085512 -53.47252335 1.025668755 0.005534235391 0.02277134656 0.8228463109 0.5677805797
1617800518.614938 -17.01454896 -53.32760695 1.01978263 0.006764032544 0.02525078294 0.8209526336 0.5703975974
1617800518.714505 -17.05929981 -53.19081362 1.002675861 0.01060256836 0.0288361008 0.8363591218 0.5473202758
1617800518.815204 -17.10225793 -53.05176101 0.9994039558 0.01612354536 0.03289198474 0.8316349864 0.5541131635
1617800518.915815 -17.13987339 -52.90791963 1.024263915 0.01616117906 0.0327057693 0.8228015144 0.5671567832
1617800519.015803 -17.17254631 -52.76497052 1.043620963 0.01338007415 0.02910028444 0.8139000728 0.5801213826
1617800519.11583 -17.20670703 -52.62171612 1.035030374 0.008661474258 0.02105384602 0.8030895718 0.5954232562
1617800519.214896 -17.24291657 -52.4782595 1.00540056 0.008323219679 0.01476882882 0.8025483383000001 0.5963461833
1617800519.313698 -17.27987819 -52.33649442 0.9913649605 0.005033700608 0.01232010095 0.816084031 0.5777800024999999
1617800519.413662 -17.31773866 -52.19630555 1.004585661 0.01203533414 -0.005788927475 0.8180287529 0.5750222591
1617800519.513854 -17.36081845 -52.05892265 1.016047767 0.01238794717 -0.005336444798 0.8102498339 0.5859294051
1617800519.613564 -17.41346661 -51.92409528 1.008708014 0.01703363777 -0.01171968416 0.8203273151 0.5715204286
1617800519.714122 -17.46846635 -51.7842765 0.987506832 0.01986419255 -0.01561892986 0.8111907818 0.5842353793
1617800519.81429 -17.52491681 -51.64560653 0.9687481563 0.02337498951 -0.01727328956 0.8161065217 0.5771701557
1617800519.915217 -17.57474018 -51.50298761 0.9664161134 0.02174421251 -0.01748203851 0.8032275796 0.5950185064
1617800520.015592 -17.61819727 -51.35961537 0.9808922799000001 0.01444597026 -0.01554307179 0.7927122934 0.6092265151
1617800520.115178 -17.65921693 -51.21614923 0.9910753644 0.008113137369 -0.01554779005 0.790482145 0.6122339599
1617800520.214549 -17.69880338 -51.06806015 0.9708538083 0.003888524 -0.01375027662 0.7950727451 0.6063457258
1617800520.314168 -17.73489312 -50.91206033 0.939063451 0.001835147729 -0.01095517984 0.8004189832 0.5993380245
1617800520.413908 -17.770181 -50.75573296 0.9273900182 -0.002888424173 -0.009229510391 0.8017188417 0.597623102
1617800520.513654 -17.81000822 -50.60558296 0.9412531519 -0.005891585319 -5.978661505e-05 0.8136352531 0.5813458185
1617800520.613841 -17.85365728 -50.45699848 0.9537561337 -0.01154498443 0.006499427494 0.8175470733 0.5757093484
1617800520.714638 -17.90044621 -50.3073507 0.9377399021 -0.01670860852 -0.0001145202085 0.8066002748 0.5908610717
1617800520.813728 -17.95273403 -50.16517396 0.910577748 -0.0126781234 -0.007609705522 0.8205517212 0.5713809853
1617800520.913825 -18.0014958 -50.02707958 0.9001940181 -0.006565739669 -0.004903951368 0.8262545835 0.5632372551
1617800521.014368 -18.04222408 -49.88671056 0.9148896543 -0.001968987205 -0.00915778926 0.8205326942 0.5715228392
1617800521.114913 -18.0744371 -49.74428895 0.9326591674 -0.003645697353 -0.01051627033 0.8051859954 0.5929178946
1617800521.214588 -18.10613826 -49.60231751 0.9285886915 -0.00127060358 -0.01471017125 0.8005110922999999 0.5991360343
1617800521.313534 -18.13941277 -49.45479451 0.9049822375 -0.0001194095054 -0.01291206287 0.8087250091 0.5880451718
1617800521.413777 -18.16946037 -49.29669639 0.8901335067 -0.005875532767 -0.009779080367000001 0.803187688 0.595616811
1617800521.513525 -18.19614711 -49.14172559 0.8988500295 -0.004956288778 -0.005414002422 0.8031659589 0.5957101361
1617800521.613344 -18.22250953 -48.99266909 0.9177895214 0.002074750456 0.01204506517 0.8085578669 0.588289714
1617800521.713379 -18.25242533 -48.84578093 0.9189806310999999 0.009035381368999999 0.02402588195 0.8122796748 0.5827030537
1617800521.81347 -18.29040557 -48.70055591 0.8967479867 0.01137141888 0.03371781117 0.8136762435 0.5802282058
1617800521.913361 -18.33643284 -48.55962966 0.878153033 0.01418525844 0.04183865661 0.8243001803 0.5644267163
1617800522.014233 -18.37691614 -48.4178157 0.885501316 0.01860745306 0.04683527282 0.8204388274 0.5695088677
1617800522.115123 -18.40816687 -48.2737237 0.9072233779 0.014121933 0.0439118087 0.8081028291 0.5872326128000001
1617800522.214765 -18.44078518 -48.1314754 0.9122020226000001 0.00693927329 0.04189079747 0.8059568239 0.5904494944999999
1617800522.314479 -18.4756446 -47.98726013 0.8887903110000001 0.0008518734111 0.03967364693 0.7979809450000001 0.601374831
1617800522.413341 -18.51053348 -47.84323221 0.8620088945 0.001427778697 0.03718068337 0.8066015242 0.5899233335
1617800522.512318 -18.54376393 -47.69855853 0.8672951912 0.0004202855516 0.03076144105 0.8258813912 0.563003983
1617800522.613433 -18.57356139 -47.55133738 0.8923041685000001 -0.004596085987 0.01952103684 0.8145291854 0.5797758284
1617800522.713068 -18.61227255 -47.41291497 0.9048468276 -0.006901853108 0.01281372287 0.820550236 0.5713890820999999
1617800522.813406 -18.65550615 -47.27247581 0.8930278162 -0.009945085253 0.01077699578 0.8216001906 0.5698754938
1617800522.913509 -18.6991324 -47.130778 0.8695802804 -0.008113806015000001 0.01122619623 0.8245829769 0.5655714393
1617800523.013448 -18.74371898 -46.99136097 0.8628837598 -0.00208202234 0.01304134864 0.8357037695 0.5490216736
1617800523.113989 -18.7865161 -46.84758336 0.8839984048 -0.005244657606 0.009846144295 0.8330794646 0.5530408237
1617800523.214342 -18.82532427 -46.69969531 0.9002135379 -0.01575772285 0.005040681342 0.8236165189 0.5669057377
1617800523.314433 -18.86400616 -46.55088299 0.8895146612 -0.02475813389 0.0009583490299 0.815710643 0.5779292892
1617800523.413419 -18.90219304 -46.4054853 0.859163034 -0.02328112158 0.0007110648228 0.823948001 0.56618652
1617800523.513226 -18.93564706 -46.26253431 0.8496463272 -0.01649167493 -0.005656316576 0.8259275176 0.5635066693
1617800523.612805 -18.97100526 -46.13006432 0.8680266673 -0.001604935652 -0.0202632055 0.8394945278 0.5429878125000001
1617800523.713567 -19.01034336 -45.9996433 0.8920755223 0.006258421946 -0.02695902633 0.8311227156 0.5553999231
1617800523.813661 -19.06131419 -45.86886725 0.8948699094 0.007949216619000001 -0.03568279643 0.8340225768 0.5505178375000001
1617800523.913804 -19.11850071 -45.73147908 0.8733490758 0.006434645638 -0.03365557938 0.8360845175 0.5475295215
1617800524.013686 -19.17538531 -45.5901435 0.8536506641 0.005174758775 -0.02633125162 0.8440497052 0.5355931125
1617800524.114033 -19.22024337 -45.44263888 0.8573144305 0.0038018783 -0.006992283623 0.8435428002000001 0.5370029776
1617800524.215058 -19.25107851 -45.29025545 0.8744692061 0.001695802677 0.00416705415 0.8281857076 0.5604357177
1617800524.315295 -19.27799802 -45.13790895 0.8835208091 0.001782781178 0.009910720576999999 0.8065934274 0.5910208474999999
1617800524.413979 -19.31380025 -44.99335161 0.8701093239 -0.000349537303 0.01904241406 0.8187509750999999 0.5738328198
1617800524.513579 -19.3515094 -44.85041644 0.8528995492 0.001094545318 0.01394880641 0.8171783794 0.5762150024
1617800524.612972 -19.39501292 -44.71333433 0.8524713664 -0.003100977088 -0.0005197549439 0.8207088871 0.5713379354
1617800524.712954 -19.43987232 -44.57784668 0.8736135446 -0.003046601172 -0.005325952775 0.8167756443999999 0.5769227843
1617800524.811949 -19.48492686 -44.44167676 0.8924855416 -0.003182027962 0.007614166697 0.8382754578 0.5451845156
1617800524.912982 -19.52867695 -44.29089412 0.8862078611 -0.006835252011 0.01731605633 0.8319175452000001 0.5545869016
1617800525.012715 -19.57993965 -44.13927182 0.8586674536 -0.01225060115 0.03581837886 0.8379227145 0.5444745090000001
1617800525.113349 -19.63237087 -43.98725634 0.840526489 -0.01826740958 0.05336191431 0.8430235063 0.5349113719
1617800525.214627 -19.6749825 -43.83121288 0.844934061 -0.02785302452 0.06344685231 0.8226515992 0.5643075865
1617800525.314995 -19.70834208 -43.68164377 0.8526822956 -0.03712642173 0.07284325742 0.8117748505 0.5782188866
1617800525.41468 -19.7349423 -43.54036673 0.846752525 -0.03858865153 0.07887759899000001 0.8074403258 0.5833775455
1617800525.514219 -19.75805 -43.40453982 0.8215665839 -0.0327432267 0.07898749581 0.8067952026 0.5846112876
1617800525.613737 -19.77952855 -43.27315433 0.8020198027 -0.02837287149 0.07474840293 0.8098900133 0.5811074107
1617800525.713958 -19.80121106 -43.14921369 0.8071050534999999 -0.02130703866 0.05449131404 0.8082390785 0.5859405249
1617800525.813771 -19.82615926 -43.03437567 0.8303456991 -0.01197381975 0.04193566444 0.8046967618999999 0.592082046
1617800525.913229 -19.85590683 -42.92186979 0.8453425818 -0.00494806841 0.03303809629 0.816946628 0.5757449156
1617800526.01373 -19.88571028 -42.79789584 0.8391731927 -0.00628815854 0.02111926817 0.8050232098 0.5928339289
1617800526.113077 -19.92420689 -42.66988096 0.8254672071 -0.007467227303 0.01719438076 0.8152665282 0.5787824131
1617800526.213243 -19.96391383 -42.53596142 0.8238677925 -0.01118326077 0.01918510757 0.8194402272 0.5727343018
1617800526.313661 -19.99752004 -42.39956983 0.8364741483 -0.02025733352 0.02002212514 0.8142080031 0.5798741955
1617800526.413767 -20.0209391 -42.27117742 0.8462910767 -0.02626449328 0.02260304397 0.8090170155 0.5867629398
1617800526.514481 -20.0298519 -42.14753993 0.8475166079000001 -0.02151678339 0.01649091549 0.7882106058 0.6148081966
1617800526.613283 -20.03247482 -42.03151944 0.8365698079 -0.008674088720999999 0.01359972545 0.7980696611 0.6023492539
1617800526.713004 -20.02857346 -41.91431046 0.8323585732 -0.003031132025 0.01177017319 0.8005227073 0.5991791638
1617800526.813132 -20.02811426 -41.80105618 0.8458130008 0.001465941829 0.003905151768 0.795956199 0.6053398468
1617800526.91357 -20.03198016 -41.69429176 0.8608888298 0.0025320821 0.001991502674 0.7851381091 0.6193123381
1617800527.014656 -20.02979517 -41.58859889 0.8682785943 0.001046345342 -0.0001119751411 0.7532206637 0.6577670745
1617800527.11579 -20.01085218 -41.49325229 0.8598100919 0.003888569777 -0.008425360399 0.7003440990000001 0.7137450773
1617800527.215995 -19.97624599 -41.42249777 0.8535284337 0.01065665221 -0.01707659198 0.6435038396 0.7651781716
1617800527.31613 -19.9265424 -41.37881812 0.8525672519 0.02071839352 -0.02399004777 0.5728328101 0.8190590928
1617800527.416008 -19.86335993 -41.34825344 0.8613966031 0.02105242392 -0.02429381945 0.4862020488 0.8732549304
1617800527.514708 -19.79149268 -41.32107813 0.8707467409 0.008876749454999999 -0.01903515869 0.4175028933 0.9084328265
1617800527.613791 -19.70725848 -41.30038797 0.8676463446 -0.0082811742 -0.01561737036 0.3353022278 0.9419447627
1617800527.711428 -19.61719583 -41.28584199 0.860289405 -0.01653497352 -0.005789680073 0.3002572983 0.9536973466999999
1617800527.809999 -19.51768379 -41.2812062 0.8589020481 -0.02042598248 0.001970285814 0.2673102815 0.9633919818
1617800527.909178 -19.4120467 -41.28484791 0.8645565927 -0.009360744848999999 0.002774462065 0.2351512498 0.9719097533
1617800528.009127 -19.30428915 -41.2831298 0.8677576385 -0.001470117979 0.008035500923 0.2142798739 0.9767381456000001
1617800528.109892 -19.19201539 -41.27062473 0.8635173128 -0.006768630373 0.01286740709 0.1782611211 0.9838757992
1617800528.209894 -19.07597718 -41.24397602 0.8516450461 -0.01429700621 0.02145312667 0.1802611502 0.9832808738
1617800528.310703 -18.95003391 -41.21659886 0.8393194188 -0.01206459166 0.03143702259 0.1736884511 0.9842248123
1617800528.411028 -18.82239662 -41.19494597 0.8368937345 0.002605815464 0.03823942083 0.1885768776 0.9813102046
1617800528.512001 -18.69092609 -41.18260723 0.8501055126 0.01356935431 0.04843308968 0.1838957781 0.9816580114
1617800528.612648 -18.5624282 -41.17614461 0.8586625892 0.01781931891 0.04962093034 0.1797114653 0.9823054639
1617800528.713272 -18.4364352 -41.16984766 0.8577818538 0.01091621179 0.04215865016 0.1608358718 0.9860199323
1617800528.812863 -18.31339611 -41.15963553 0.8494414073 0.002401003569 0.03044440032 0.1575784997 0.9870341383
1617800528.912579 -18.19155813 -41.15004866 0.8465398506 -0.005345519434 0.01401151803 0.1626047 0.986577323
1617800529.012261 -18.06839833 -41.14181213 0.8597096595 -0.01459554769 -0.0022134896 0.1599739799 0.987010839
1617800529.112351 -17.94263971 -41.13044067 0.8775500107 -0.01591946251 -0.008465431236 0.1459795077 0.9891232939
1617800529.211381 -17.81409511 -41.10818999 0.8768184495 -0.01484305186 -0.007411140051 0.1715988943 0.9850271967000001
1617800529.312129 -17.67125768 -41.08167148 0.8525967126 -0.02202057998 -0.000737285787 0.1604548624 0.9867972373
1617800529.411773 -17.52909888 -41.04957381 0.8255787674 -0.01353984921 0.008893730819999999 0.1882278829 0.9819917709
1617800529.512248 -17.38723606 -41.0194233 0.8199059645 -9.453683898000001e-05 0.01442508097 0.2178544275 0.9758746623
1617800529.614247 -17.24062359 -40.99582878 0.8281925673 -0.0003194338204 0.01746624146 0.1901554719 0.9815985559
1617800529.714839 -17.10028624 -40.96945436 0.8277938743 -0.00333063334 0.02353428812 0.1892070385 0.9816494999000001
1617800529.815373 -16.96262532 -40.94398892 0.8113909684 -0.001027567818 0.02395769839 0.1844836067 0.9825430126
1617800529.915432 -16.82808394 -40.91943526 0.7925697991 -0.0005399525539 0.01301184868 0.1852073112 0.9826131752
1617800530.014924 -16.69915553 -40.8945596 0.7899456148 0.002144370235 0.001233385713 0.1977270245 0.9802539999
1617800530.115242 -16.57152678 -40.86806345 0.8101662804 0.006760543497 -0.01473046547 0.194718318 0.9807252852
1617800530.214954 -16.44651894 -40.83247546 0.8308593382 0.01218381335 -0.02312854131 0.1894969517 0.9815332549
1617800530.31425 -16.32167588 -40.78113568 0.8360581374 0.01236459958 -0.0258696658 0.208924072 0.9775114369
1617800530.41345 -16.19425686 -40.71663249 0.832058399 0.01027175069 -0.02253512547 0.2325017274 0.972280621
1617800530.513452 -16.06548044 -40.6458819 0.8323892278 0.007717575016 -0.01497414014 0.2397340642 0.9706924295
1617800530.613413 -15.94094731 -40.57669246 0.8435948988999999 0.01026852198 -0.01197733848 0.2432842295 0.9698267291
1617800530.713768 -15.81833551 -40.51005901 0.857047569 0.0042355693 -0.008408620017999999 0.2394278137 0.9708685169
1617800530.813949 -15.69670025 -40.44574964 0.8620839322 -0.001109109941 -0.005829807366 0.228996756 0.9734090964
1617800530.913294 -15.57793014 -40.38143334 0.8536852206 -0.001340215159 -0.0068441244 0.2467486249 0.9690544246
1617800531.013192 -15.45871308 -40.31739628 0.8424274549 -0.002583088851 -0.01001763835 0.2603184219 0.9654673965
1617800531.113048 -15.34446625 -40.2490139 0.8448894392 -0.007584720035 -0.01920203542 0.2811271246 0.959448432
1617800531.213496 -15.23497455 -40.17470248 0.8621561701 -0.0104263696 -0.02368467671 0.2801667702 0.9596024738
1617800531.312886 -15.13589374 -40.09150529 0.8759929453999999 -0.01340013049 -0.02600091257 0.308183662 0.9508770791
1617800531.412451 -15.03861134 -40.00001795 0.8763760497999999 -0.01836300968 -0.02532291745 0.3346829064 0.9418115002
1617800531.511978 -14.94110833 -39.90074199 0.8643232116 -0.01859668676 -0.02161095984 0.3698521267 0.9286530752
1617800531.6122 -14.84087732 -39.80009634 0.8548449966 -0.01258877585 -0.01644071329 0.3852761207 0.9225689874
1617800531.711704 -14.7427548 -39.7004749 0.8597772852 -0.003222880039 -0.006026914639 0.4188363655 0.908036006
1617800531.812227 -14.64367655 -39.60215242 0.8687199368 -0.001108441507 0.002913883194 0.4338356267 0.9009866423
1617800531.912735 -14.54892753 -39.50183418 0.8676115352 -0.005817922817 0.001554870692 0.4372019799 0.8993431842
1617800532.012792 -14.46131616 -39.39857646 0.8549443355 -0.01009373985 -0.009478422921999999 0.4489969885 0.8934259792
1617800532.112572 -14.38512613 -39.29374011 0.8471314631 -0.02043943682 -0.02506882863 0.4598084899 0.8874288342
1617800532.211643 -14.32833275 -39.18651088 0.8516383804 -0.03029246376 -0.04155991291 0.4952850386 0.8672069365
1617800532.311867 -14.2811788 -39.07592226 0.8665885008999999 -0.0385173212 -0.04942340558 0.4987389453 0.8644843593
1617800532.411492 -14.23839266 -38.96321959 0.8695195323 -0.04263139806 -0.05473317032 0.5188177359 0.8520651389
1617800532.511359 -14.18852843 -38.84636698 0.8516839874 -0.03305452621 -0.04841876959 0.5378816204 0.8409794192
1617800532.612275 -14.1315568 -38.72347521 0.8342566752 -0.02419756904 -0.03888460391 0.5317962897 0.8456330005
1617800532.714091 -14.07409299 -38.59954448 0.8363124132999999 -0.02012118215 -0.03950008479 0.490714614 0.870191961
1617800532.814319 -14.0261992 -38.4836373 0.8449873984 -0.02064589884 -0.03937406069 0.4645615841 0.8844240865
1617800532.913003 -13.98988095 -38.37116889 0.8438770809 -0.01849095268 -0.03718922459 0.4924091017 0.8693723729
1617800533.012651 -13.94873027 -38.25413166 0.8255809729 -0.01498650943 -0.03269802455 0.5036724706 0.8631455764
1617800533.112719 -13.9022742 -38.13536502 0.8011153657 -0.006510278316 -0.03104336885 0.5051619683 0.8624414828
1617800533.212468 -13.85931564 -38.01773557 0.8099763236 0.006937200805 -0.0429335306 0.5203477997 0.8528462666
1617800533.3126 -13.82370044 -37.89761684 0.8618903225 0.02148920344 -0.06323378084 0.5314632258999999 0.8444445172
1617800533.412519 -13.80007003 -37.77099453 0.9173558947 0.02873603607 -0.0838297338 0.5527629713 0.8286132472
1617800533.512719 -13.78635683 -37.63483714 0.9529171773 0.02478142203 -0.1058766865 0.5693002008 0.8149069209000001
1617800533.613556 -13.77449876 -37.49080372 0.967414696 0.0152130814 -0.1235854148 0.5661974001 0.8148102304
1617800533.71434 -13.75805142 -37.34599089 0.9611306852 0.008459011923 -0.1364086857 0.5546706211 0.8207689186
1617800533.814689 -13.73396989 -37.207765 0.9400867082 0.001660800923 -0.1432781235 0.5372411524 0.8311681931
1617800533.914303 -13.69906081 -37.07831018 0.9062440058 -0.005623294077 -0.1400790966 0.5357153824999999 0.8326795627
1617800534.013731 -13.64592081 -36.95149202 0.8576056515 0.00162137706 -0.1171146704 0.5388571252 0.8342149146
1617800534.113053 -13.57920553 -36.82227242 0.7966682861 0.008211719946 -0.08058987089 0.5610338349 0.8238196868
1617800534.213576 -13.50250994 -36.69109332 0.7399924318 0.007790379224 -0.04536289432 0.5548689355 0.8306635795
1617800534.314417 -13.42830501 -36.56158863 0.692769656 0.002725698261 -0.01703719476 0.5308287918 0.8473034276
1617800534.414315 -13.36397923 -36.4291137 0.653798784 -0.00447622304 0.01407099049 0.5336648736 0.8455671312
1617800534.51433 -13.3040989 -36.28431941 0.6290207341 -0.01819756613 0.04169271773 0.5309573903 0.8461765865
1617800534.614396 -13.2476423 -36.13354599 0.6098507493999999 -0.03108170493 0.05983303825 0.5240024212 0.8490438138
1617800534.714642 -13.1920049 -35.98689135 0.6082806327 -0.03047028645 0.06655607273 0.5111271438 0.8563824459
1617800534.81509 -13.13054246 -35.84870313 0.6400226158 -0.02711265938 0.06589645248000001 0.4789830154 0.8749273297
1617800534.914401 -13.06971093 -35.71950061 0.6902246171 -0.02172229625 0.06355473386 0.4728999136 0.8785525649
1617800535.013296 -13.00985442 -35.59901521 0.7537014283 -0.01134178893 0.0515805954 0.4747259341 0.8785477184
1617800535.112384 -12.95145595 -35.48611898 0.815249549 0.001678304209 0.02553645897 0.486917358 0.8730730548
1617800535.212606 -12.88593444 -35.37888412 0.8755108144 0.01315221192 -0.002886440615 0.4667217023 0.8843017248
1617800535.31181 -12.82604032 -35.27252551 0.9332193952 0.02783582185 -0.03173814085 0.4906425216 0.8703377353
1617800535.413168 -12.75785631 -35.16248974 0.9695612628 0.03527013647 -0.04770416038 0.4646110977 0.8835252449
1617800535.512988 -12.69022161 -35.04163108 0.9736358437 0.03070826245 -0.04854036899 0.4728938796 0.8792452524
1617800535.61348 -12.60523055 -34.90385722 0.9462870072 0.02389395619 -0.02204920594 0.464258455 0.8851028179
1617800535.713588 -12.50653253 -34.75195689 0.8926955489 0.01720172365 0.02244436106 0.4763970386 0.8787754053
1617800535.815418 -12.39045165 -34.58852666 0.8278692137 -0.01200034011 0.08203880852999999 0.4196387134 0.9038965516
1617800535.914424 -12.28345235 -34.42780375 0.7631821049 -0.03944335595 0.146820009 0.4239876021 0.8928172377
1617800536.014122 -12.17800233 -34.27761655 0.6973115459 -0.07030155127 0.2045291808 0.4177985202 0.882422746
1617800536.114006 -12.07817285 -34.14083737 0.628423139 -0.1062190527 0.241745973 0.3853372826 0.8841897851
1617800536.212948 -11.98640523 -34.00847296 0.5636732301 -0.1318373903 0.2674314896 0.3837631619 0.8739709014
1617800536.311752 -11.89209565 -33.87731929 0.5108219428 -0.1523072038 0.2895285736 0.3907916534 0.8603822432
1617800536.411515 -11.79411406 -33.74962915 0.4776711527 -0.1724107378 0.3141944766 0.3905124232 0.8479719427
1617800536.511227 -11.69999146 -33.63407254 0.4690218738 -0.1768507493 0.3400506655 0.3968888999 0.834007529
1617800536.6113 -11.61130299 -33.53492401 0.485793232 -0.1533127567 0.3464839637 0.4069064192 0.8311866382999999
1617800536.712114 -11.53044999 -33.45202541 0.5218149567 -0.116181735 0.3136257959 0.4159342334 0.8456591382999999
1617800536.814001 -11.45858411 -33.38028569 0.5750372423 -0.0960474541 0.2423575656 0.3854253511 0.885146878
1617800536.91496 -11.39669758 -33.30836894 0.6456704952 -0.07925837400000001 0.1769479257 0.3585334542 0.9131600648
1617800537.014692 -11.33442693 -33.23172805 0.7211537059000001 -0.07026998241 0.1271886841 0.3468743377 0.9265869425
1617800537.113785 -11.2645243 -33.15047195 0.7911081568 -0.05570146842 0.09010166753 0.3567504383 0.9281746391
1617800537.213124 -11.18772758 -33.07518198 0.8413084462 -0.03039147703 0.05255156153 0.3654317992 0.928856443
1617800537.313034 -11.11239347 -33.01280344 0.8750042745 8.648016290000001e-05 1.569236895e-05 0.3600448809 0.9329349795
1617800537.412259 -11.04843141 -32.95461727 0.8955614913 0.02732617775 -0.05418560239 0.3733215065 0.9257149957
1617800537.513241 -10.98263407 -32.88964764 0.9121377837 0.0451043294 -0.09912013167 0.3458250201 0.9319580755
1617800537.612848 -10.91444222 -32.80762084 0.924351196 0.05256396699 -0.1238865497 0.3490879798 0.9273762637
1617800537.71283 -10.83557031 -32.70676643 0.9154242667 0.05034721854 -0.1325597741 0.3581016691 0.9228522409
1617800537.813131 -10.74504973 -32.59442729 0.895501825 0.05316790662 -0.1328229495 0.3594549769 0.9221297942
1617800537.914419 -10.64095976 -32.47379413 0.8844076322 0.05657480582 -0.1211870418 0.3295011282 0.9346346874
1617800538.014417 -10.53020325 -32.35390304 0.8852973548 0.05663276554 -0.09534687048 0.3202627306 0.9408153312999999
1617800538.114557 -10.40613316 -32.23136084 0.8819256608 0.0484236709 -0.05750591371 0.310522111 0.9475886431
1617800538.214239 -10.26838492 -32.10012216 0.8566826391 0.03295242973 -0.006866530687 0.3084604615 0.9506414318
1617800538.314427 -10.11744338 -31.96348277 0.8083299576 0.01108008757 0.04929879859 0.2937221016 0.9545544443
1617800538.414432 -9.962427667 -31.82693967 0.7561834993 -0.02029808536 0.1080689308 0.2718666727 0.9560322203
1617800538.513303 -9.818242306 -31.69436736 0.7191913652 -0.04086282038 0.1637149967 0.2931996086 0.9410428360999999
1617800538.613311 -9.681488101999999 -31.56967775 0.6846607955 -0.06317741289000001 0.2153152348 0.286741419 0.9313577845
1617800538.713266 -9.552556654 -31.44585112 0.6388421709 -0.08530716627 0.2622715814 0.289478054 0.9165908363
1617800538.813392 -9.424716135000001 -31.32249702 0.5765311971 -0.1024667659 0.3095811737 0.2876908502 0.9004965483
1617800538.913328 -9.299526106 -31.19953633 0.5088108926 -0.1109318019 0.3588420905 0.2947672292 0.8786573678
1617800539.014171 -9.174781925 -31.0834458 0.4509487947 -0.1269443163 0.399120139 0.2762064501 0.8650423412
1617800539.114369 -9.059430111999999 -30.98164642 0.4093475462 -0.1348761911 0.432787566 0.2708736378 0.8491942111
1617800539.214264 -8.948689178 -30.89604639 0.3861066877 -0.1322166239 0.4519846689 0.2665012882 0.8409552229
1617800539.314282 -8.838800816999999 -30.82056071 0.3822729305 -0.1209504441 0.4432354463 0.2661326104 0.8474000017
1617800539.414564 -8.726877773 -30.75082368 0.4018507418 -0.1155168161 0.4123649799 0.2630417089 0.8645345846
1617800539.514453 -8.616996669000001 -30.68669138 0.4529884156 -0.09836148473 0.3743080355 0.2762906204 0.879705636
1617800539.61469 -8.510859996000001 -30.63163075 0.5280758335 -0.08535774239 0.3315041432 0.2688413378 0.9003018349
1617800539.71471 -8.413647809 -30.57614046 0.6110971160000001 -0.06938603037 0.2827192587 0.2664719255 0.9188297516
1617800539.814238 -8.32483023 -30.51622429 0.6876017966 -0.04976043875 0.2253454508 0.2771128127 0.9327120754
1617800539.9145 -8.238784846 -30.45529134 0.7530990077 -0.03343493521 0.1644524156 0.2703108492 0.9480345737
1617800540.01458 -8.155918757 -30.39655942 0.8131240297 -0.01631149679 0.1065694339 0.2617989875 0.959081947
1617800540.1145 -8.074882074 -30.34319841 0.867620489 0.004373784986 0.05474578782 0.2571694745 0.9648044518
1617800540.214634 -7.992577816 -30.29369839 0.9091558201 0.01425308545 0.002810921713 0.2370504446 0.9713887147
1617800540.313879 -7.905423514 -30.23838083 0.9288079632 0.01911848641 -0.03806009488 0.2419614319 0.9693505961
1617800540.413229 -7.810114134 -30.18092017 0.9284032188 0.02308337104 -0.07835815329 0.2503247013 0.9647096463
1617800540.51354 -7.703102944 -30.12639355 0.9275151871 0.02496503296 -0.1117677425 0.2318902466 0.9659770351
1617800540.613156 -7.594904632 -30.07794198 0.9376132829 0.03886069282 -0.1416530301 0.2255914698 0.9630850193
1617800540.712812 -7.486725181 -30.02866869 0.9540978106 0.05307764265 -0.1586769657 0.2243915121 0.9600275172
1617800540.812471 -7.373849344 -29.96883643 0.9587615923 0.05356252466 -0.1657819544 0.2309223176 0.9572472423
1617800540.91301 -7.248873018 -29.90042036 0.9483395252 0.0501786333 -0.1694404759 0.2109575097 0.9613890778
1617800541.013612 -7.116802034 -29.82855624 0.9407770155 0.04789659112 -0.1692623361 0.1875246899 0.9663801885
1617800541.113967 -6.977798885 -29.75684933 0.9446990362 0.04193638401 -0.155611662 0.1631456632 0.973349805
1617800541.213969 -6.824483546 -29.68566776 0.9492818132 0.02633588633 -0.1269990995 0.140526637 0.9815446571999999
1617800541.312863 -6.654708152 -29.61465001 0.9431729649 0.01192685501 -0.07373274047 0.1474340199 0.986247658
1617800541.41229 -6.474112602 -29.54910723 0.9144999591 0.005723398703 -0.01656983951 0.161690956 0.986685724
1617800541.512794 -6.290368331 -29.49416813 0.8728239993 -0.002705363018 0.03424460568 0.143115917 0.9891096109
1617800541.613044 -6.108369351 -29.44555993 0.8377670343 -0.008945648353 0.08564093784 0.1246852726 0.9884529265000001
1617800541.712877 -5.930908231 -29.39967315 0.8089510674 -0.006933711053 0.1425254045 0.1226240764 0.9821414199
1617800541.813115 -5.756344148 -29.3586892 0.7720873116 -0.00301363424 0.1947977148 0.113879937 0.974205383
1617800541.912776 -5.588411508 -29.31782688 0.7153085943 0.004139136277 0.2433151628 0.1118006628 0.9634735133
1617800542.012835 -5.423993601 -29.27668283 0.6510364958 0.01689663264 0.2815210633 0.1113881472 0.9529181892
1617800542.113596 -5.258827977 -29.24254153 0.5996658372 0.02311539866 0.3164118523 0.08122192621 0.9448556592
1617800542.213846 -5.097717942 -29.21060794 0.5571797521 0.02631719049 0.3563886135 0.06232040473 0.9318855771
1617800542.313823 -4.938604323 -29.18041422 0.512839689 0.02175950408 0.4011684738 0.04934297511 0.9144154692000001
1617800542.413319 -4.786717899 -29.15184848 0.4601547682 0.02916073213 0.4340678235 0.05472962468 0.8987432584
1617800542.513191 -4.635239854 -29.12858383 0.4094074369 0.0335783184 0.4536273753 0.05600481618 0.8887959054
1617800542.613401 -4.479879217 -29.10816238 0.3817990871 0.03160314386 0.4665672347 0.05919451134 0.8819366568
1617800542.713646 -4.327412498 -29.092008 0.3836937197 0.03068258695 0.4739312897 0.05271910152 0.8784465879
1617800542.813632 -4.185795639 -29.07388107 0.4069371555 0.03523617567 0.4682831719 0.05023611327 0.8814451859
1617800542.913575 -4.051919638 -29.05144349 0.4447801525 0.03412736511 0.4393555426 0.04918846931 0.8963160851999999
1617800543.013838 -3.926584356 -29.02725654 0.4928848088 0.02553352018 0.3882195253 0.03566597743 0.9205224480999999
1617800543.114054 -3.807128022 -29.00359118 0.5534274145 0.01858865945 0.3323431109 0.01043486686 0.9429176167
1617800543.213941 -3.691153787 -28.98095504 0.6219454822 0.01171898858 0.2883016196 -0.01252294258 0.9573860336
1617800543.313037 -3.579335889 -28.96155827 0.6887355695 0.01075283871 0.2460681693 -0.0143830846 0.9690861465
1617800543.412166 -3.470446008 -28.94928822 0.7428939442 0.01746948401 0.1972984744 -0.008389552268 0.9801518987
1617800543.511948 -3.361067139 -28.94525771 0.7833797941 0.02334387471 0.1405226879 -0.006724009782 0.9897793821999999
1617800543.612263 -3.25143306 -28.94731537 0.8195825981 0.02702629827 0.08727752629 -0.01253766098 0.9957384293
1617800543.713042 -3.139190578 -28.94945822 0.862274631 0.02598360297 0.04912328985 -0.02423921415 0.9981604156
1617800543.813455 -3.024236903 -28.94245245 0.9016805967 0.01964160394 0.02121304977 -0.03522550409 0.9989611493
1617800543.912974 -2.900888871 -28.92571754 0.926135322 0.01104402189 -0.001594790966 -0.01296292754 0.9998537137
1617800544.013596 -2.769940364 -28.91090543 0.9379096511 0.007572430985 -0.03109943568 -0.02574684104 0.9991559356
1617800544.113736 -2.647843678 -28.89626031 0.9428564413 0.008906656674000001 -0.06993334673 -0.03007636722 0.9970583787
1617800544.214613 -2.532503347 -28.88460793 0.9517245133 0.008958883088999999 -0.1109587277 -0.06561212596 0.9916163311
1617800544.314272 -2.421726597 -28.87140244 0.9668164575 0.001356210779 -0.1384327379 -0.07861149693 0.9872460536
1617800544.414072 -2.305164482 -28.85966852 0.975862353 -0.01171104927 -0.1565151491 -0.09000064618 0.983496692
1617800544.513753 -2.177371995 -28.85622916 0.9631350376 -0.01788678521 -0.165925033 -0.09849963635 0.9810437136
1617800544.61356 -2.035377446 -28.86440803 0.9497711206 -0.02169186645 -0.1665114169 -0.1055517715 0.980133784
1617800544.713113 -1.880609845 -28.88046725 0.951886533 -0.01747595213 -0.1572805413 -0.09704514286 0.9826187779
1617800544.812822 -1.709586218 -28.89705341 0.9667630882 -0.01134873583 -0.1212689007 -0.08622634208 0.9888023452
1617800544.912838 -1.522649134 -28.90999545 0.9660939403 -0.009788398903 -0.06618889706 -0.08376354136 0.9942368361
1617800545.012967 -1.329325572 -28.92195395 0.9366113328 -0.009056114981000001 -0.008932822797999999 -0.08421696620000001 0.9963662449
1617800545.113097 -1.136946694 -28.93495198 0.8942160992 -0.002922794434 0.0412675323 -0.08300714582 0.9956898422
1617800545.213689 -0.9493870975000001 -28.95297128 0.8596575574 0.007310184912 0.09206842285 -0.09725105307 0.9909652866999999
1617800545.313612 -0.7753539449 -28.97665148 0.8392914616 0.02032467359 0.1421456479 -0.1117297949 0.9833097047
1617800545.413429 -0.619001607 -29.00520611 0.8241190953999999 0.03034776599 0.1752326348 -0.1200872558 0.9767044526000001
1617800545.513215 -0.4725060428 -29.03665663 0.7911110882 0.03027668532 0.2037527784 -0.1474811351 0.9673765773
1617800545.612186 -0.3207281607 -29.06699378 0.7406658745 0.03095901286 0.2395636388 -0.1459838237 0.9593432783
1617800545.711091 -0.1626597051 -29.09819669 0.6847472535 0.03560320929 0.2814127656 -0.1245307698 0.9508056343
1617800545.810932 0.0007831070598 -29.13489997 0.6373831499 0.04344210793 0.3272914995 -0.1109340375 0.9373828977000001
1617800545.911156 0.1606661128 -29.17340262 0.5908506634 0.05819374691 0.3730648878 -0.1013290781 0.9204175657
1617800546.012264 0.3196017783 -29.21528487 0.5371743713 0.06624931273 0.4186165127 -0.1036525779 0.8997929690000001
1617800546.112907 0.47201532 -29.2567136 0.4781511471 0.08360422627 0.4537713116 -0.09857705973 0.8816941042000001
1617800546.213859 0.6218094757 -29.30105722 0.4313927501 0.09519104216 0.4771968644 -0.1076506491 0.866967794
1617800546.314193 0.7708862927 -29.34904777 0.4186889392 0.1114751991 0.4932261114 -0.1181339374 0.8546026304
1617800546.414115 0.9018396562 -29.39473163 0.4360408866 0.1283417953 0.4916160689 -0.1209012805 0.8527748265
1617800546.513957 1.015847465 -29.44170507 0.4750458459 0.1314151488 0.4731466978 -0.1304234148 0.8613083036
1617800546.613767 1.11955215 -29.49302826 0.5289796255 0.1258560216 0.4314515629 -0.143339143 0.8817390208
1617800546.713382 1.219219726 -29.55012819 0.5973020060000001 0.1089862179 0.3746843967 -0.1594513805 0.9068124748
1617800546.812381 1.311668479 -29.60355147 0.6789349687 0.09402530672999999 0.3107722938 -0.1574352004 0.9326274609
1617800546.912676 1.403677003 -29.65670832 0.7729108445 0.064042716 0.2469093384 -0.1828821649 0.9494674417
1617800547.012335 1.496586955 -29.70500509 0.8544609968 0.04825716326 0.189431698 -0.1937121785 0.961385703
1617800547.112194 1.596945288 -29.75510911 0.9163926056 0.03664696848 0.1327166525 -0.2001454583 0.9700438574
1617800547.212189 1.7025204 -29.80921205 0.9580230525 0.03257545552 0.08528204469 -0.2121446005 0.9729647892
1617800547.312413 1.809114571 -29.86248727 0.9869717877 0.0291592399 0.0473691303 -0.2221169047 0.9734320648
1617800547.413249 1.914494012 -29.91669953 1.013815773 0.01834927815 0.01670155838 -0.2635081149 0.9643380296
1617800547.513412 2.018670527 -29.96663479 1.033886663 -7.32368099e-05 -0.003612175959 -0.2890639988 0.957302957
1617800547.613039 2.125138025 -30.01633886 1.03814311 -0.02301490343 -0.02090152117 -0.3057501349 0.9516040645
1617800547.712505 2.231413314 -30.0715571 1.024239241 -0.03734511951 -0.03960004601 -0.3136902501 0.9479639262
1617800547.812136 2.333917387 -30.13556077 1.011116101 -0.04842330466 -0.06330212983 -0.321952596 0.9433952246
1617800547.912092 2.433800338 -30.20405589 1.011624477 -0.05479854957 -0.09186517608 -0.3305650972 0.9377017782
1617800548.011816 2.536453748 -30.27221026 1.018038769 -0.04841399878 -0.1076125199 -0.3291489285 0.936875986
1617800548.111788 2.649713348 -30.34390579 1.01494526 -0.04251561581 -0.108554953 -0.3286015601 0.9372455704
1617800548.212129 2.776857395 -30.4213742 0.9942290589 -0.03990610791 -0.09805266643 -0.3355953664 0.936038956
1617800548.31265 2.914494431 -30.50233852 0.9757710326 -0.04105076206 -0.08286386774 -0.3468509458 0.9333503285
1617800548.41371 3.054353005 -30.58969136 0.9775695147 -0.04322335495 -0.06271292136999999 -0.3810147504 0.9214263894
1617800548.513428 3.190436556 -30.67918171 0.9881741542 -0.04391898889 -0.0377588972 -0.391381872 0.9184038428
1617800548.613576 3.322379317 -30.77851878 0.9889139236 -0.04002952455 -0.007526460924 -0.4074020975 0.9123401342
1617800548.713093 3.447535124 -30.88328957 0.9702362218 -0.03062004585 0.0147889867 -0.4121374278 0.9104869243
1617800548.812207 3.565626238 -30.99260427 0.946412773 -0.01371716975 0.02581954356 -0.3885643387 0.9209576239
1617800548.911937 3.676421391 -31.11146115 0.9436100982 0.009415691227999999 0.03295293149 -0.3705694969 0.9281722346
1617800549.012667 3.785075346 -31.23958434 0.9626782525000001 0.03625904682 0.04509820596 -0.373944048 0.9256442526000001
1617800549.112953 3.896355286 -31.36350075 0.9707560459 0.06061088326 0.06043442683 -0.3700003611 0.9250803931
1617800549.213576 4.003798385 -31.47455029 0.9624975756 0.06129986801 0.06007226373 -0.3784687021 0.9216263293
1617800549.314198 4.105406641 -31.57354129 0.951058729 0.05229654148 0.04742594605 -0.3991649415 0.9141570986000001
1617800549.414454 4.205582475 -31.66754578 0.9569872943 0.04456053943 0.03250938809 -0.4210845921 0.9053426226
1617800549.514695 4.306066412 -31.76314619 0.9829784064 0.03062699823 0.0269671387 -0.4582101962 0.887906626
1617800549.614237 4.406759004 -31.85834929 1.004030994 0.01146156251 0.02958155204 -0.4847160928 0.8740960324
1617800549.713699 4.508463842 -31.95677013 1.005481329 -0.008550645443 0.03152395727 -0.5145572539 0.8568336822
1617800549.811446 4.61337605 -32.0549725 0.9884584259 -0.01751742707 0.03132273407 -0.4894668361 0.8712831012
1617800549.910944 4.71550055 -32.16333546 0.9792030606 -0.02459989317 0.03583878279 -0.4760079991 0.8783659896
1617800550.010925 4.811900306 -32.27389744 0.9895969344 -0.03005329635 0.02837522442 -0.4704491344 0.8814585968999999
1617800550.111604 4.907531908 -32.3876573 1.004587907 -0.02613519318 0.02742827835 -0.4709111634 0.8813667326
1617800550.212005 5.0089554 -32.5039645 1.005806288 -0.02228616422 0.03122898865 -0.4699252047 0.8818720878
1617800550.31192 5.114391976 -32.61788202 0.9907881226 -0.01528715077 0.03316304707 -0.4500136764 0.8922747371
1617800550.412646 5.211943824 -32.73204979 0.9815478331 -0.00945646241 0.02920046781 -0.4530840095 0.8909392731
1617800550.513247 5.297994132 -32.8461401 0.9923343989 -0.001986627894 0.01909793777 -0.4575246271 0.8889896162000001
1617800550.61443 5.375200999 -32.96734799 1.013957146 -0.000218529802 0.01565333727 -0.4875279476 0.8729670244
1617800550.7147 5.452205527 -33.09134274 1.021750897 -0.003933106361 0.01519236599 -0.5180392543 0.8552128704
1617800550.813594 5.535333159 -33.21400345 0.9995818603 -0.00483407241 0.01643652782 -0.5125048397999999 0.858513402
1617800550.912838 5.615306946 -33.33898248 0.9760477999 -0.007792158649 0.01274421406 -0.5102452718 0.8598991975
1617800551.011781 5.690652049 -33.45821073 0.9768208319 -0.01227686999 0.001031883028 -0.4940178818 0.8693644496
1617800551.112052 5.767152116 -33.57842275 0.9965301424 -0.01504662289 -0.007585136319 -0.5000254609 0.8658467551
1617800551.212061 5.849344749 -33.70076519 1.008744875 -0.01319863427 -0.009408767740000001 -0.5081375775 0.8611233788
1617800551.3116 5.939905401 -33.82230817 1.001126092 -0.01242999004 -0.006674487253 -0.4912313481 0.8709148691
1617800551.412355 6.029067866 -33.94904173 0.9856189319999999 -0.007950068487999999 -0.00595386168 -0.500531706 0.8656612266
1617800551.512618 6.10991373 -34.07663649 0.9834994238 0.005393928942 -0.004198244063 -0.5075120745 0.8616175337999999
1617800551.612411 6.186615303 -34.20747567 0.9985834259 0.01832512822 0.005625846236 -0.500282944 0.8656497649
1617800551.713465 6.255740071 -34.34829732 1.009086554 0.02384401005 0.02250463602 -0.5339062838 0.8449077374
1617800551.813041 6.319535132 -34.48409552 0.9924352438 0.02558458606 0.03231277398 -0.5440613458 0.8380325564
1617800551.912552 6.375929266 -34.61645378 0.9664280819 0.02169064214 0.03222416424 -0.5469558123 0.8362598033999999
1617800552.011836 6.426045456 -34.7429916 0.9565973145 0.0163077849 0.02966958604 -0.5426653917000001 0.8392663728
1617800552.11175 6.477977862 -34.86870208 0.9716218242 0.003847355574 0.02872086879 -0.5391138998 0.8417342292
1617800552.212251 6.532141627 -34.99980295 0.9873905589 0.001460118246 0.03618585397 -0.5586552264 0.8286089488
1617800552.312085 6.589053377 -35.1310109 0.9860673625 0.0002800824822 0.04041856338 -0.5589744757 0.8281991287
1617800552.411981 6.64286031 -35.26414305 0.9708572148 0.002532391278 0.03479708355 -0.5628579534 0.8258169738
1617800552.511505 6.692978841 -35.39780586 0.9625494333 0.01395384736 0.0255195365 -0.5534954656 0.8323441673999999
1617800552.611749 6.737404821 -35.53644319 0.9743779334 0.02623018602 0.0206600209 -0.5562606749 0.8303368006
1617800552.712167 6.773974421 -35.67699375 0.9928962841 0.03062708554 0.01803238673 -0.5692179035 0.8214181596
1617800552.813057 6.802254316 -35.81942787 0.9997980856999999 0.02798969691 0.01926378613 -0.6073786606 0.7936854831
1617800552.912381 6.830814175 -35.95967825 0.9849130579000001 0.02718696191 0.01814058725 -0.616224324 0.7868922231
1617800553.011727 6.855553206 -36.10197518 0.9683001801 0.02563913751 0.01516168381 -0.6167841312 0.7865685561
1617800553.111038 6.875903975 -36.24107096 0.9714755721 0.01942579168 0.005664926652 -0.6200494411 0.7843017517
1617800553.21082 6.897875111 -36.3772419 0.9949073818 0.01519517776 -0.005644769912 -0.6249924806 0.7804624542
1617800553.310611 6.925553024 -36.5160011 1.010114124 0.01747869632 -0.008028812938 -0.6284076071 0.7776463931000001
1617800553.410655 6.961302703 -36.6602157 1.003809103 0.01673089503 -0.004530486959 -0.6279087929 0.7780938887
1617800553.510681 6.9996142 -36.80679537 0.9880984453 0.02067681602 -0.008598159899999999 -0.6212298745 0.7833083581
1617800553.610997 7.032105283 -36.9529658 0.9836934986 0.03312489445 -0.02037789524 -0.6115664839 0.7902366219
1617800553.712215 7.053786014 -37.10402181 0.9968797342 0.04607459562 -0.02430831912 -0.624385576 0.7793772448
1617800553.813073 7.069059715 -37.25792678 1.010724125 0.05742046441 -0.01510650057 -0.6368894942 0.7686653733
1617800553.913568 7.080195357 -37.410066 1.003005956 0.06087532128 -0.004454689501 -0.6566198114 0.751747813
1617800554.012759 7.089559068 -37.55507316 0.9764967755 0.05993899758 -0.006173836153 -0.6504628745 0.7571441404
1617800554.112426 7.092581024 -37.69872801 0.9609079049 0.05410518734 -0.008026321067 -0.6511882967 0.7569425400999999
1617800554.21188 7.100298981 -37.84067218 0.9730766518 0.04285327767 -0.01035058029 -0.6396846185 0.7673721724
1617800554.311977 7.110375893 -37.98461135 0.9864918891 0.04620616405 -0.008521037618000001 -0.6438420558 0.7637144686
1617800554.411915 7.124362783 -38.13406833 0.986459092 0.05256486144 -0.003072030751 -0.6414416828 0.7653627019
1617800554.511724 7.140439171 -38.28795856 0.9682213185 0.05901056482 0.001810446334 -0.6398660181 0.7662153447
1617800554.611822 7.156964077 -38.4413696 0.9532407149 0.059666308 0.008657377269 -0.6382151923 0.7674935503
1617800554.712477 7.167184757 -38.5927809 0.9596052655 0.05551326684 0.01303042769 -0.661539909 0.7477388809
1617800554.812664 7.173357431 -38.74036742 0.9839359515 0.04811280757 0.02334216063 -0.6830141553 0.7284448949
1617800554.912024 7.174757547 -38.88150153 1.000687985 0.04193800465 0.02825150426 -0.6922231153 0.7199098658
1617800555.011509 7.167733593 -39.01745532 0.9980012263 0.03318279621 0.02362211759 -0.6993775919 0.7135908362
1617800555.111282 7.153249067 -39.14824558 0.9945026719 0.01651446967 0.01450585463 -0.7095993961 0.7042624152
1617800555.210971 7.140177424 -39.27175472 1.009519464 -0.009085538668 0.002669254351 -0.7168178474 0.6971961717
1617800555.310871 7.132879493 -39.3990975 1.045796748 -0.0309061819 -0.003918943028 -0.7255279725 0.6874871715
1617800555.410752 7.127529035 -39.53697865 1.069371065 -0.03808886744 0.0008435521578999999 -0.7368683849 0.6749618581
1617800555.510271 7.124104919 -39.68109827 1.064444121 -0.03962973768 0.007698577582 -0.735987033 0.6757908723
1617800555.610013 7.117926249 -39.82724448 1.049369645 -0.04024189918 0.004137207566 -0.7333333133 0.6786646629
1617800555.710418 7.106505681 -39.97214427 1.046968567 -0.03841500435 -0.002799876403 -0.7386871494 0.6729470584
1617800555.810859 7.097573465 -40.11609776 1.06754916 -0.04120269424 -0.000581655128 -0.7495676841 0.6606438424
1617800555.910994 7.100517721 -40.26342696 1.086355969 -0.05796972784 0.02575954918 -0.7542656544 0.6534977268
1617800556.011195 7.111100534 -40.41752008 1.081061682 -0.07821781703 0.06309796149000001 -0.7643053207 0.6369756644
1617800556.110985 7.120275015 -40.57388032 1.051167282 -0.09869049921 0.1027753476 -0.7561233237 0.6387291544
1617800556.211065 7.115470412 -40.72898895 1.022297941 -0.115422549 0.1327927029 -0.7569753116 0.6293108221
1617800556.311354 7.106134098 -40.88158697 1.009412261 -0.132989677 0.159298048 -0.7594215776 0.6166171788
1617800556.411262 7.102887156 -41.03087448 1.003089839 -0.1480976787 0.1918034821 -0.7568481458 0.6070085551
1617800556.510799 7.102120137 -41.17544359 0.9813789821 -0.1555943438 0.2218443238 -0.7408665246 0.614566749
1617800556.611818 7.086874011 -41.31846415 0.9491060368000001 -0.1633172709 0.2323571993 -0.7491421293 0.5984343498
1617800556.71215 7.048462732 -41.45276591 0.9334228968 -0.156763498 0.2084640561 -0.7633491573 0.5909873155000001
1617800556.811753 6.99409599 -41.58010341 0.9473470801 -0.1320385824 0.1718644539 -0.7693420911 0.6009502218
1617800556.911454 6.923975546 -41.69981275 0.9795399525 -0.1083859326 0.1338570738 -0.7808806985 0.6004665753
1617800557.011492 6.838731179 -41.80929486 1.009174097 -0.07953506298 0.08864624817 -0.79544861 0.5942032694
1617800557.111203 6.738319354 -41.90891349 1.020873867 -0.04655762031 0.02615890703 -0.8078604289 0.5869494245
1617800557.21101 6.625021315 -42.00336853 1.007576297 -0.008733466225 -0.04732785637 -0.8168378789 0.5748562256999999
1617800557.310688 6.507110291 -42.09545311 0.9855381088 0.027196565 -0.1190516011 -0.8160058523 0.5649969134
1617800557.411831 6.386401902 -42.18488292 0.9677277924 0.06346757954 -0.1849798996 -0.836938121 0.5111642443
1617800557.511871 6.287391202 -42.27557612 0.9524705838 -0.08652130822 0.2297019352 0.8447822142 -0.4754935277
1617800557.611897 6.211035679 -42.37123475 0.9301902323 -0.09402444025999999 0.2514477303 0.861017425 -0.4319518925
1617800557.711548 6.154077497 -42.46893369 0.9028770784 -0.08538385957 0.2743060704 0.8674716992 -0.4061509907
1617800557.811834 6.107638131 -42.56768992 0.8755282241 -0.07309144307 0.3014815525 0.879209416 -0.3616038126
1617800557.911042 6.060769915 -42.67422424 0.8696967935 -0.06538423179 0.3248403905 0.8742177893 -0.3548899546
1617800558.010964 5.996419688 -42.7949083 0.8836021136 -0.07104216834 0.3203441043 0.878129364 -0.3481687597
1617800558.111736 5.922778271 -42.93747199 0.8999210524 -0.08692556585 0.2820592633 0.8997033947 -0.3215902977
1617800558.211616 5.854163103 -43.09659286 0.9092904193 -0.08291139604 0.2305814211 0.9154577149999999 -0.3192100886
1617800558.311168 5.793527001 -43.26097499 0.9211739597 -0.06441424424 0.177905528 0.9226574896 -0.3360112871
1617800558.411393 5.741114694 -43.42799418 0.9487208297 -0.04539570168 0.1193151025 0.9302351006 -0.3440433028
1617800558.511926 5.70050585 -43.59902402 0.9797111708 -0.0242046678 0.05674784498 0.9373066333 -0.3430015908
1617800558.611558 5.67424387 -43.7736473 0.9986642508 0.004727811756 -0.001648808317 0.9276128452 -0.3735094894
1617800558.711339 5.658023224 -43.94832055 0.9993976782 0.03654415322 -0.05338029142 0.9091439961 -0.4114271062
1617800558.812164 5.647491898 -44.11475709 0.9900588064 0.07834913729 -0.09780451496000001 0.8963157731 -0.4253395403
1617800558.913435 5.634843384 -44.26735246 0.9842401416 0.1277202707 -0.135227408 0.8955184724 -0.4042867128
1617800559.013024 5.614587774 -44.40857493 0.9807951244999999 0.1583180696 -0.1720049001 0.8769149785 -0.4199640742
1617800559.112616 5.574937874 -44.54004323 0.9698664104 0.1757160618 -0.1984512464 0.8602398095 -0.4355782807
1617800559.212685 5.516501327 -44.6652218 0.9441160504 0.1944172917 -0.2151484201 0.84590709 -0.4476095052
1617800559.313422 5.441402645 -44.78510021 0.9189557846 0.2146406622 -0.2305497969 0.8423033613000001 -0.4373799548
1617800559.41436 5.354050564 -44.89418464 0.9162749174 0.234603178 -0.2279746207 0.8515800048 -0.4096344915
1617800559.514085 5.26627628 -44.99840178 0.9372036027 0.2314339616 -0.2207268808 0.8534276096 -0.4115571415
1617800559.613647 5.162140217 -45.09378578 0.9614303172000001 0.2160979909 -0.1915758797 0.8630035673999999 -0.4145180132
1617800559.713094 5.038670121 -45.18036913 0.9735228842 0.1854562034 -0.1461924923 0.8731848416 -0.4263589851
1617800559.812923 4.900724955 -45.26055528 0.9800136793000001 0.1537108685 -0.08866885176 0.8858924446000001 -0.4286086562
1617800559.913621 4.758248482 -45.3386993 0.9968968463 0.1215875461 -0.0351730343 0.9055559088 -0.4049047078
1617800560.013956 4.620677445 -45.41436313 1.017059261 0.09777508226999999 0.00508580951 0.9240602315000001 -0.3694954078
1617800560.114083 4.48284507 -45.48464608 1.024052774 0.07347947748 0.03926210053 0.940447096 -0.3295732294
1617800560.213495 4.342475275 -45.5427093 1.006188142 0.05283429052 0.08468198294 0.9475202641 -0.3037150779
1617800560.312727 4.19783239 -45.58803272 0.9766195274 0.03068205171 0.1435675597 0.9457007992000001 -0.2899947689
1617800560.412202 4.049610028 -45.62506332 0.9526085044 0.006403541817 0.2055644817 0.939237256 -0.2748374347
1617800560.512629 3.90084474 -45.66392637 0.9423814284000001 -0.02512741197 0.255462714 0.9380287812 -0.2328291661
1617800560.612098 3.762805246 -45.71673187 0.9332005889 -0.05468838412 0.2871656868 0.9315399951 -0.2162828855
1617800560.71197 3.640051379 -45.78850667 0.9161455907 -0.07228038817 0.2945457296 0.9328514918 -0.1944388155
1617800560.811733 3.536401055 -45.87098265 0.8974343491 -0.07329910746 0.2990738797 0.9336744375 -0.1828499387
1617800560.911677 3.450564527 -45.95302925 0.88816219 -0.05729598952 0.3123369959 0.9324942866 -0.1720964151
1617800561.011703 3.376436145 -46.03915466 0.9069094009000001 -0.02993858226 0.3170061559 0.9333181572 -0.1659156288
1617800561.112227 3.303950595 -46.14341599 0.947472286 -0.005617868647 0.282739194 0.946994354 -0.1524095838
1617800561.212617 3.227032365 -46.27301785 0.989220128 0.0123509161 0.2150566102 0.9661627964 -0.1418716327
1617800561.3123 3.146102513 -46.42290935 1.012905552 0.03359713714 0.1331529901 0.9777100083 -0.1588227099
1617800561.411951 3.061504469 -46.57762574 1.019527459 0.05649988683 0.05042020205 0.9791740132 -0.1883714888
1617800561.512219 2.976670314 -46.73045973 1.020935383 0.07986749483 -0.02793801868 0.9737751471 -0.2111933078
1617800561.613076 2.892312751 -46.8788743 1.019284657 0.1019166981 -0.09734442607 0.9670204748 -0.2121519517
1617800561.712843 2.806720413 -47.02136665 1.00280857 0.1107904302 -0.1590351948 0.9517390286 -0.2379624104
1617800561.812853 2.711471475 -47.15354963 0.9690579895 0.1079902945 -0.2036037544 0.936050394 -0.2658820554
1617800561.913764 2.607325977 -47.27373612 0.9280085075 0.1118321671 -0.2352794497 0.9273182827999999 -0.268733975
1617800562.014896 2.5018238 -47.38534396 0.9030781838 0.1242798121 -0.2609217331 0.9228939304 -0.2544428632
1617800562.114581 2.399011771 -47.48980051 0.8956734713 0.127850498 -0.2887482575 0.9126617677 -0.2594748383
1617800562.214319 2.289666073 -47.58223497 0.8925538505 0.1292343756 -0.3067926822 0.9069523924 -0.2580970443
1617800562.313708 2.169090751 -47.65948349 0.8849287114 0.1183967629 -0.3060886462 0.9043789249999999 -0.2727465989
1617800562.413704 2.033620698 -47.71394118 0.8826090098 0.1135558426 -0.2769613468 0.9132337117 -0.2764085215
1617800562.513495 1.895840125 -47.74735312 0.9015385657 0.1130374981 -0.2315274704 0.9214800747 -0.2906751218
1617800562.613831 1.757263123 -47.7682882 0.9482547726 0.1189499746 -0.1781798109 0.9366633947 -0.2770641508
1617800562.713959 1.614246361 -47.79079774 0.9967525185 0.1092334498 -0.1295716286 0.9477869454 -0.2701465391
1617800562.814178 1.456330613 -47.81070061 1.021564147 0.09117467725 -0.07541696949 0.9615616514999999 -0.2477875083
1617800562.91379 1.290475072 -47.82422121 1.019735164 0.07193307999 -0.007107385032 0.9712527917 -0.2268107839
1617800563.012663 1.129521048 -47.83669112 1.0129072 0.05499072207 0.06397106021 0.9675345744 -0.2382447717
1617800563.113526 0.9678087488 -47.84333267 1.013638893 0.03683527593 0.1282912848 0.9739266769 -0.1834430066
1617800563.213538 0.8133553366 -47.85194112 1.011762895 0.01501441831 0.1744698973 0.9749818572 -0.1369131125
1617800563.313299 0.6617632059 -47.8620817 0.9956179174999999 -0.008286848544000001 0.2138362283 0.9718272186 -0.09877880774
1617800563.412682 0.5136012995 -47.87383143 0.9619950172 -0.02518479422 0.250638037 0.9650124416 -0.0727824715
1617800563.511791 0.3690535654 -47.88756845 0.9259558755 -0.03291246907 0.2859572506 0.9551992369 -0.06884502907999999
1617800563.611233 0.2284172004 -47.89513 0.8981857648 -0.02845729355 0.3366406223 0.9382685791000001 -0.07426538469000001
1617800563.711718 0.09033993041000001 -47.90678694 0.8826066002 -0.03629539672 0.3754403467 0.9241594235 -0.06046941512
1617800563.812503 -0.04564744674 -47.93798917 0.88177319 -0.04947846956 0.3790002072 0.9231810818 -0.04058835087
1617800563.912997 -0.179466972 -47.99464186 0.8930961633 -0.05535822885 0.3411209339 0.9381577457 -0.02078506761
1617800564.013102 -0.3071645672 -48.07071567 0.9145587669 -0.04840992266 0.2811646373 0.9584346236 -0.002449149824
1617800564.113297 -0.4244830962 -48.15406251 0.9511414635 -0.02699876857 0.2190277728 0.9750046489 0.02576501296
1617800564.212907 -0.5343710135 -48.24060562 1.000658857 -0.0009167336664 0.1470230804 0.9881488435 0.04410483473
1617800564.312173 -0.6464353623 -48.33319637 1.046418194 0.02198900836 0.06588069320000001 0.9965071187 0.04636572181
1617800564.411262 -0.7685030648 -48.43092878 1.071508402 0.03501017841 -0.008734191125999999 0.9990505179 0.02441442185
1617800564.511253 -0.8957991088 -48.52388399 1.071283924 0.05538926133 -0.0689988726 0.9960487758 0.007617187119
1617800564.610649 -1.018761373 -48.61725428 1.068454319 0.07528327953 -0.1266957805 0.9882519305 -0.04048121641
1617800564.711458 -1.141107798 -48.7123389 1.070456302 0.09346914713 -0.1868681376 0.9759573537 -0.06205692097
1617800564.812113 -1.264104276 -48.80573916 1.062073408 0.098060434 -0.240585344 0.9619162677 -0.08497021522000001
1617800564.912572 -1.390514793 -48.88995178 1.032625227 0.0914041406 -0.2822735145 0.9472288406 -0.1213444258
1617800565.014257 -1.522999933 -48.96098872 0.9940194449999999 0.09672983279 -0.3148354419 0.9362535655000001 -0.1222752841
1617800565.116306 -1.657079412 -49.0133545 0.9755611922 0.1153399542 -0.3297014801 0.932447177 -0.09238988664
1617800565.216667 -1.789916346 -49.05044022 0.9944556458 0.1253788874 -0.3252302069 0.9342153576 -0.07580971431
1617800565.315969 -1.927597465 -49.06995897 1.029755103 0.1119251968 -0.3081631144 0.9412422592 -0.08106327613
1617800565.41479 -2.073336655 -49.06662228 1.059697149 0.09061820072 -0.2680319025 0.9543345766 -0.09587886587
1617800565.513861 -2.226486887 -49.04183036 1.075068817 0.07210926978 -0.2129495433 0.96787639 -0.1125523833
1617800565.613996 -2.382100851 -49.00244489 1.083365852 0.07030817209 -0.1553757015 0.9801483671 -0.1011154328
1617800565.714717 -2.534015903 -48.9555917 1.098481741 0.08150290764 -0.09757507343000001 0.9900185755000001 -0.06082434776
1617800565.814144 -2.681365097 -48.90977585 1.118559792 0.0769686411 -0.03590044079 0.9954164051 -0.04396779699
1617800565.913971 -2.833290775 -48.85866873 1.120844648 0.06278205913 0.03394352259 0.997205408 -0.02208222541
1617800566.013681 -2.985842635 -48.80392224 1.090383658 0.0492799654 0.1094180359 0.9927279093 0.009511917143999999
1617800566.113008 -3.133540288 -48.75677224 1.048307408 0.04275256571 0.18106042 0.9824022692 0.01658685721
1617800566.213542 -3.277984499 -48.71321334 1.012762548 0.02992299122 0.2442594527 0.9670826179999999 0.06475449265
1617800566.313216 -3.416940944 -48.67750429 0.9839562941 0.0139410277 0.2967038906 0.950704356 0.08907118829000001
1617800566.412837 -3.553215088 -48.64474383 0.9588068063 -0.005878544575 0.3365489731 0.9352758125 0.1093589777
1617800566.512374 -3.684818045 -48.62616463 0.932600079 -0.0162753984 0.3567512117 0.9259134836 0.1230768266
1617800566.612118 -3.808510008 -48.62252027 0.9084383533 -0.006199784254 0.3601196456 0.9229914981 0.135506819
1617800566.711958 -3.924282138 -48.63101735 0.9044094873 0.01820611507 0.346706356 0.9273405772 0.1396520461
1617800566.812575 -4.041836898 -48.65012177 0.9319508399 0.03300178986 0.313575042 0.9354131063 0.1599496652
1617800566.912823 -4.166990429 -48.68466111 0.9753854922 0.03294940908 0.2632622226 0.9491515913 0.1694656168
1617800567.013008 -4.301430544 -48.73348101 1.010404694 0.02750198009 0.2003092988 0.9630906420999999 0.1776970486
1617800567.11266 -4.443726849 -48.79124868 1.02432793 0.02378610554 0.1391827132 0.9755038147 0.168685213
1617800567.212635 -4.587927061 -48.84590986 1.02873869 0.02484346483 0.08757097404 0.982936542 0.1598433018
1617800567.313138 -4.732082524 -48.89175017 1.040205835 0.0227643989 0.04714661974 0.9853370334 0.1623881433
1617800567.413692 -4.875337625 -48.92928411 1.055913061 0.01813206056 0.005162383226 0.9858051252 0.1668317515
1617800567.514212 -5.01375109 -48.95554193 1.060852563 0.0179716877 -0.03079984961 0.9828542107 0.1809032564
1617800567.613996 -5.146888955 -48.96487209 1.048324979 0.02600216851 -0.04939098972 0.9823923915 0.1782964009
1617800567.713382 -5.275718746 -48.95184189 1.030217145 0.03903165393 -0.05458817514 0.9842945046 0.1632819323
1617800567.813075 -5.4021752 -48.92406948 1.021132253 0.05484579697 -0.05847772989 0.9848172742 0.1539715238
1617800567.912687 -5.530917568 -48.89327341 1.03241124 0.06526491262 -0.06025725462 0.98603188 0.1408924631
1617800568.013383 -5.673309173 -48.86115475 1.04979463 0.0558975448 -0.06368902885 0.983552565 0.159510263
1617800568.11287 -5.827198199 -48.83094903 1.048463926 0.03564601687 -0.0700493241 0.9848562289 0.1545336926
1617800568.212558 -5.983206424 -48.7945955 1.029616292 0.02047348478 -0.06200032466 0.9869564604 0.147152103
1617800568.31306 -6.134021343 -48.75050289 1.015811492 0.01768402301 -0.05034254812 0.9852439119 0.1626263733
1617800568.41405 -6.277364244 -48.69834667 1.022198267 0.01897797719 -0.03689909362 0.9785736071 0.2016729745
1617800568.513626 -6.414781902 -48.64594023 1.037734755 0.01216114561 -0.02510826344 0.9790343043 0.2017758973
1617800568.614052 -6.55502377 -48.58489137 1.047429521 0.005286263351 -0.02233327411 0.9722792632 0.2326936067
1617800568.713804 -6.697952511 -48.51939491 1.032588682 -0.004976493859 -0.01485843935 0.9679377831 0.2507008365
1617800568.813061 -6.838494806 -48.45371408 1.010513298 -0.01457458617 -0.003022827545 0.969741962 0.2436780071
1617800568.91272 -6.973080567 -48.38713033 1.006038262 -0.02077908908 0.00598436562 0.9702407661 0.2411747763
1617800569.012788 -7.107512201 -48.32231167 1.018126809 -0.0323606436 0.01900906456 0.9699626593 0.2403411819
1617800569.113369 -7.246124812 -48.2594105 1.020851667 -0.04808900708 0.02761389746 0.965517899 0.2543621566
1617800569.213593 -7.383173027 -48.20402551 1.006591231 -0.05483984748 0.03179475173 0.9616699181 0.2667820339
1617800569.31332 -7.51552262 -48.15798456 0.9875119595 -0.04743196928 0.03604446081 0.9629873696 0.2628808306
1617800569.413541 -7.644662289 -48.11403519 0.9838200701000001 -0.03839375012 0.03884044358 0.9600671155 0.2743874518
1617800569.513732 -7.773909887 -48.06828367 1.00021198 -0.03655874754 0.03232138741 0.9559787798 0.2893498895
1617800569.613811 -7.902847081 -48.01403204 1.012380259 -0.04310112709 0.02807511526 0.9478352468 0.3145829394
1617800569.71283 -8.031790448000001 -47.95589195 1.006457123 -0.0455620441 0.02897131015 0.9509706733 0.3045316764
1617800569.812643 -8.156953566 -47.88857067 0.9836088608 -0.03984396896 0.02905167143 0.9480779838 0.3141919718
1617800569.912229 -8.270209789000001 -47.82175114 0.9721932729 -0.02349020301 0.0299882088 0.9488352926 0.3134653173
1617800570.012681 -8.373582623000001 -47.75791027 0.9885310706 0.00570634488 0.03214172893 0.9449255917 0.3256531484
1617800570.112546 -8.484184172000001 -47.70175788 1.017674231 0.02174320609 0.02918148256 0.945880227 0.3224690222
1617800570.213189 -8.60565959 -47.64494331 1.0286941 0.02386140639 0.01901949068 0.939167208 0.3421021013
1617800570.312539 -8.732272439999999 -47.59016279 1.011794779 0.02940162814 0.0194177272 0.941037028 0.3364636801
1617800570.412204 -8.862747503 -47.52590551 0.9989411619 0.03070376648 0.02465693267 0.9465333499 0.3201935851
1617800570.512861 -8.99350916 -47.44173152 1.003644817 0.02743106306 0.04118466206 0.940880716 0.3351042207
1617800570.613414 -9.122628295 -47.34924178 1.011789851 0.01463283035 0.05166115863 0.9326602144 0.3567379002
1617800570.714074 -9.249782663 -47.25092593 1.012824065 -0.006003594445 0.05734842109 0.9170372664000001 0.3946109063
1617800570.813302 -9.374841736 -47.1558045 0.9919790405 -0.0152322625 0.06262106383 0.9156306919 0.3968211393
1617800570.912914 -9.497292227999999 -47.06161011 0.9615214734 -0.01556406285 0.05446630981 0.9114834451 0.4074176116
1617800571.01218 -9.613129128000001 -46.97244294 0.9529419907 -0.01413789695 0.04911969 0.9155786642 0.3988772814
1617800571.112418 -9.720878517999999 -46.88332015 0.9638665272 -0.007442361133 0.05337453696 0.9086465531 0.4140739204
1617800571.212726 -9.827524331999999 -46.79757321 0.9773152174 -0.002263697712 0.05135752338 0.9020545045 0.4285498237
1617800571.312541 -9.937243733000001 -46.71633839 0.9740372945 0.005502301261 0.04379871257 0.8998536601 0.4339525179
1617800571.41231 -10.05307816 -46.63994733 0.9568172862 0.01415210253 0.03259418256 0.8992843266 0.435918613
1617800571.512801 -10.17043767 -46.56350788 0.9478121399 0.01987443899 0.01942817154 0.8918423438999999 0.4514917347
1617800571.613365 -10.28169514 -46.48158165 0.9611627939 0.02462972434 0.003490796058 0.8750127221 0.4834603678
1617800571.713695 -10.38461214 -46.39306241 0.9760565342 0.02429210672 -0.0120736556 0.8573412709 0.5140331366999999
1617800571.813008 -10.48471358 -46.30030781 0.9682947081 0.02585948909 -0.0217734913 0.853103629 0.5206451767
1617800571.912303 -10.58625595 -46.19744898 0.9427467345 0.02551366994 -0.02666518614 0.8580296729 0.5122724869
1617800572.012178 -10.68744166 -46.08219736 0.9244126875999999 0.0220432539 -0.02870492182 0.854399019 0.5183555139
1617800572.111603 -10.7875724 -45.96774972 0.9265632168 0.02394589295 -0.02205675674 0.8661626848 0.4987006088
1617800572.212317 -10.88745495 -45.84899656 0.9359519548 0.01724254039 -0.009545406538 0.8606838617 0.5087581647
1617800572.312582 -10.99462846 -45.72831671 0.9321377618 0.005091333094 -0.002646004031 0.8634409891 0.5044172233999999
1617800572.413113 -11.10367546 -45.60440316 0.9048674435 -0.004369534753 0.007652252363 0.8589791138 0.511934793
1617800572.512835 -11.21119967 -45.48658965 0.8771480361 -0.001822134235 0.0219575027 0.8690694591 0.4941991735
1617800572.613475 -11.31033526 -45.36867005 0.8746094772 0.001595595802 0.03233459038 0.8639911810999999 0.5024650906
1617800572.71371 -11.4045802 -45.24850223 0.8921976531 -0.004507730578 0.03656585599 0.8602890796 0.5084735176
1617800572.813775 -11.49633268 -45.12273419 0.8991020532 -0.01666092808 0.04045199825 0.8551015735 0.5166114094000001
1617800572.913843 -11.58258819 -44.99422839 0.8807842055 -0.0216072143 0.03956724194 0.8443568509 0.5338811384
1617800573.01264 -11.66587656 -44.87269832 0.8659624287 -0.02110269302 0.03892664136 0.8541355913999999 0.5181619288
1617800573.112277 -11.74591808 -44.75734522 0.8711342409 -0.008364948125 0.03693292943 0.8599603353 0.5089540334
1617800573.21218 -11.8292459 -44.64194617 0.8935361223 0.002406925195 0.04703883401 0.8591369789 0.5095735533
1617800573.312119 -11.92481689 -44.52105254 0.9049522268 0.0001198367269 0.05914836774 0.865940539 0.4966371303
1617800573.412101 -12.03146359 -44.3976993 0.8875480379 -0.01305803801 0.07009664534 0.8681217685 0.4912031586
1617800573.511797 -12.14102677 -44.28130943 0.863598356 -0.01944311951 0.08703021616000001 0.8818147918 0.4630878745
1617800573.612589 -12.24513825 -44.16398079 0.8587004271000001 -0.0181686278 0.1027072289 0.8804146016 0.4625918886
1617800573.713392 -12.3412818 -44.04711181 0.8686246956 -0.02066351624 0.106801608 0.8704193012 0.4801423494
1617800573.813889 -12.43119406 -43.93591422 0.8785952684 -0.02313977649 0.1050871215 0.8623467551 0.4947517778
1617800573.913546 -12.52076015 -43.8320399 0.8739611104 -0.02041858762 0.09842454875999999 0.8613643184000001 0.4979429691
1617800574.013245 -12.60774733 -43.73129631 0.8566545758 -0.006952351317 0.08821428905000001 0.8609539007 0.5009274248
1617800574.111707 -12.69771404 -43.64013445 0.8507291429 0.009044646417 0.07745417071000001 0.8810287625 0.4665912187
1617800574.211694 -12.79264463 -43.55626141 0.8663732685 0.02779071204 0.06740737727 0.8904046181 0.4492922634
1617800574.310794 -12.89990114 -43.47679216 0.889881738 0.03577898037 0.06800685782 0.9135818381 0.3993283823
1617800574.412027 -13.02383142 -43.38650174 0.897214507 0.0220256142 0.06426710971000001 0.91668494 0.393793514
1617800574.511606 -13.16286284 -43.30326279 0.881495882 0.0009526596207 0.06601300589 0.9341925453 0.3506075638
1617800574.611035 -13.30585261 -43.23285149 0.8615299526 -0.01052999257 0.07577871085 0.9565317624 0.2814137413
1617800574.711665 -13.44514728 -43.17159357 0.8596243094 -0.007639500774 0.08391247064 0.9682626272 0.2353036761
1617800574.812655 -13.58019634 -43.11921552 0.8698688679 -0.008024478028 0.08403714668999999 0.976342157 0.1990712392
1617800574.913394 -13.7130579 -43.07651021 0.872648086 -0.007230751797 0.07927031648000001 0.9822273431 0.1699805272
1617800575.013788 -13.84403662 -43.04498606 0.8622551347 0.001961862616 0.06570273107000001 0.9885615832 0.135739819
1617800575.113401 -13.97209943 -43.02233564 0.8543378021 0.01506060672 0.04885577136 0.9949597846 0.0862630789
1617800575.212893 -14.1024437 -43.00342508 0.8632323132 0.02103627425 0.03890758157 0.9987418841 0.02362888641
1617800575.313201 -14.23879087 -42.98807306 0.8790161043 0.02015912893 0.03372091298 0.9992150817 -0.005072477956
1617800575.413047 -14.38027071 -42.98639296 0.8803464788000001 0.01544033423 0.02476715838 0.9990752387 -0.03157295322
1617800575.51272 -14.52827834 -42.99558448 0.864431744 0.002838971653 0.01946279247 0.9980855117 -0.05863830954
1617800575.612189 -14.67793146 -43.01105455 0.8480325004 -0.001872603361 0.02187373562 0.9948738217999999 -0.09871226779
1617800575.713138 -14.82689636 -43.02461019 0.8461582458 -0.002702111676 0.02212119066 0.9950244150999999 -0.09710697661999999
1617800575.813454 -14.97044744 -43.04100671 0.860597605 -0.004679147131 0.01503805211 0.9947154346 -0.1014552447
1617800575.914276 -15.11042376 -43.05782604 0.8764805441 -0.002625192438 0.001813731993 0.9963914693 -0.08481661754
1617800576.013877 -15.24821071 -43.07566347 0.8773202281 0.002979334165 -0.007967087797 0.9972595767 -0.07349139934
1617800576.1122 -15.38746555 -43.09763527 0.863329196 0.007061257775 -0.01194999174 0.9928156574 -0.1188461475
1617800576.211967 -15.53434936 -43.11723857 0.8581258327 0.01284784799 -0.0174604978 0.9913595974 -0.1293685143
1617800576.311829 -15.68174453 -43.14018439 0.8728062508 0.01649260707 -0.02399693425 0.9884981026 -0.1484036461
1617800576.411938 -15.82995488 -43.16523841 0.8893599288 0.008790045747 -0.01814043983 0.9866325892 -0.1617089779
1617800576.512178 -15.98011923 -43.19392007 0.8811802519 0.002977692488 -0.01265151568 0.9827735594 -0.1843561862
1617800576.612823 -16.133656 -43.22507725 0.8514214604 -0.000200095966 -0.006594254478 0.9834528393 -0.1810441619
1617800576.712666 -16.2845685 -43.25906133 0.831065503 -0.005147200072 0.004630976036 0.9805101194 -0.196346546
1617800576.81349 -16.44150217 -43.28506464 0.8407785939 -0.01109278616 0.009218896965000001 0.983806989 -0.178649854
1617800576.914135 -16.5996964 -43.30331178 0.8589901723 -0.0182340214 0.004983764511 0.9900645823000001 -0.1393370211
1617800577.013521 -16.75037113 -43.32305105 0.8665349695 -0.01763639603 0.0004028415342 0.9911500054 -0.1315692291
1617800577.112777 -16.89589958 -43.34177002 0.8534285641 -0.007886511317 -0.003734393545 0.9929670846999999 -0.1180687336
1617800577.211249 -17.03547545 -43.36402622 0.8427488822 0.006600859207 -0.005250012328 0.9877017648 -0.1561220351
1617800577.310292 -17.17600435 -43.38786576 0.8530244985 0.01968287485 -0.007848201601000001 0.981579711 -0.1898743296
1617800577.410734 -17.32215674 -43.4162857 0.8753261218 0.0218131047 -0.009421450307 0.9778999267 -0.2077189403
1617800577.511321 -17.47285082 -43.44768675 0.8852938617 0.011841075 -0.007389021961 0.9762347899 -0.2162656382
1617800577.612642 -17.62969322 -43.47963064 0.8706124732 0.005393489007 -0.007107941987 0.9785216662 -0.2059508101
1617800577.711926 -17.77770603 -43.5178693 0.8507710509999999 0.01205691616 -0.004029817636 0.9684949777 -0.2487084027
1617800577.813354 -17.9284334 -43.55431975 0.8440415321 0.01395146284 -0.0003166212967 0.9702637119 -0.2416476481
1617800577.914537 -18.07856872 -43.58233124 0.858153228 0.01032543938 -0.001279842404 0.9787705298 -0.2046948885
1617800578.014557 -18.2226594 -43.60324415 0.8734731232 0.008005650408 -0.007382767952 0.983216093 -0.1821195176
1617800578.112788 -18.3590931 -43.62800635 0.8682997448000001 0.003832953081 -0.01393467811 0.9772470648 -0.2116112178
1617800578.212685 -18.50053208 -43.64752858 0.8445693976 0.000601337198 -0.01887111542 0.9771231668 -0.2118344548
1617800578.313473 -18.6449318 -43.65534252 0.8283441778 0.004507519501 -0.02718686836 0.9841238812000001 -0.1753303819
1617800578.413376 -18.78169761 -43.66161514 0.8354776779 0.01374248385 -0.03085682208 0.9850284182 -0.1690503356
1617800578.514229 -18.91819225 -43.6633354 0.8519209749 0.01416149574 -0.02669842042 0.9914773158 -0.1267256041
1617800578.614063 -19.05222635 -43.66523891 0.8575370071 0.01155524338 -0.02172714177 0.9943862959000001 -0.1029091936
1617800578.71494 -19.18910508 -43.6572041 0.8435737859 0.0134251964 -0.01378495684 0.9991978754 -0.03511900974
1617800578.814817 -19.3162849 -43.64256395 0.8275630907 0.01710828584 -0.002209123666 0.9995936797 0.02269145025
1617800578.914496 -19.43018066 -43.61944461 0.8336920786000001 0.02467123821 0.009998459160000001 0.9963145748 0.08153912446
1617800579.01392 -19.53579681 -43.58402384 0.8576424102 0.02698422157 0.01417234755 0.9900392904999999 0.1374525355
1617800579.113459 -19.63706929 -43.53275718 0.8763865042 0.02362109053 0.02275553928 0.9794776029 0.1988664247
1617800579.212597 -19.73647726 -43.47146302 0.8753324095 0.01652204862 0.03114893528 0.9701524834 0.2399185795
1617800579.312251 -19.83534029 -43.40001081 0.8638974796 0.009221428017000001 0.03309250648 0.9570544191 0.2878657501
1617800579.411485 -19.92785637 -43.3224117 0.8602395595 0.002278264423 0.03403802325 0.9496187297000001 0.3115453269
1617800579.511507 -20.01033124 -43.23547508 0.8720095988 0.004620826772 0.04185818857 0.9385241105 0.3426354243
1617800579.611965 -20.08555819 -43.14347048 0.8829845688 0.001189857605 0.05269933724 0.9236049332 0.3797042158
1617800579.712699 -20.15728617 -43.04786949 0.8835972592 0.005586634317 0.05211105261 0.9076928746 0.4163494604
1617800579.81293 -20.22828359 -42.95201489 0.8758624417999999 0.01040760367 0.05150559518 0.891762792 0.4494418519
1617800579.912285 -20.3049114 -42.86110104 0.8712728493 0.01990849145 0.05007235278 0.8977029077000001 0.4372938382
1617800580.013647 -20.38050666 -42.76035731 0.8765326351 0.02526849205 0.04579533367 0.8729070069 0.4850748891
1617800580.113424 -20.4552061 -42.65360455 0.8940967072 0.02042434898 0.03866864956 0.8611498598 0.5064666825
1617800580.213746 -20.52350927 -42.53517395 0.9040311516 0.00587408417 0.02787983053 0.8401691023 0.5415755624
1617800580.313371 -20.58501825 -42.41157075 0.8942931169 -0.004126070739 0.02154717376 0.8204274557 0.5713295763
1617800580.412026 -20.64174537 -42.28426606 0.8722597852 -0.006590273501 0.02330592586 0.8276412614999999 0.560734647
1617800580.512074 -20.69133418 -42.14546464 0.861750538 -0.01301335105 0.02367092082 0.8215617394 0.5694792784
1617800580.611825 -20.73993282 -42.0044915 0.8694084288 -0.01515042248 0.0283581876 0.8205057018 0.5707334502
1617800580.711986 -20.78961376 -41.86241022 0.8790994984 -0.0166399488 0.0396650584 0.8208613229 0.5695054731
1617800580.811801 -20.84154824 -41.72180947 0.8732130643 -0.01653539389 0.0502934184 0.8249870855 0.5626663857
1617800580.912086 -20.89694231 -41.58301436 0.8573412333 -0.01206833628 0.04982315766 0.8319009075 0.552551254
1617800581.01336 -20.95174252 -41.44372308 0.8474666769 -0.01084494932 0.04061890052 0.8152511565 0.5775794697
1617800581.113784 -21.01111863 -41.30956932 0.8595002621 -0.01263027386 0.02441582882 0.8048734977000001 0.5928094097
1617800581.214041 -21.0681619 -41.17813802 0.8809943961 -0.01790729718 0.00271689022 0.7894517038 0.6135453973
1617800581.31338 -21.11969752 -41.04722116 0.8911199269 -0.01773825616 -0.01080300794 0.7828606342 0.6218503652
1617800581.411979 -21.16737779 -40.91790252 0.8825601722999999 -0.007300187425 -0.01892042395 0.7997662116000001 0.5999689422
1617800581.511993 -21.20865721 -40.78444382 0.8761345468 0.002685585078 -0.03211221899 0.7993855676 0.5999535877
1617800581.611722 -21.24938568 -40.65348055 0.8878617828000001 0.01628863312 -0.04802643441 0.8019111769 0.595286995
1617800581.712103 -21.29208997 -40.51957419 0.9116750179999999 0.02787771136 -0.05292411661 0.8005455764 0.5962790045
1617800581.812238 -21.33807516 -40.38027372 0.9230460632 0.03224299796 -0.05150321881 0.7965692891 0.6014858063
1617800581.911916 -21.39222425 -40.23896826 0.910900891 0.03046815503 -0.04965242049 0.8085919154 0.5854788151
1617800582.012401 -21.44896476 -40.09117765 0.8942940745 0.02863055852 -0.04687002091 0.8073477232 0.5875143795
1617800582.112989 -21.50404156 -39.94193506 0.8958404834 0.02436100585 -0.0441234388 0.7995774033 0.5984443497
1617800582.213664 -21.55347509 -39.79720233 0.9086005506 0.02305986682 -0.04784035002 0.7863377387 0.6155099545
1617800582.313552 -21.59936476 -39.65624878 0.9147606448 0.02040267146 -0.04966046278 0.7721658144 0.633148896
1617800582.412278 -21.6498087 -39.5148474 0.8982607011 0.01447435696 -0.04577992418 0.7863953278 0.6158547555
1617800582.512186 -21.69433059 -39.36343982 0.8734884929 0.01256902848 -0.03813927208 0.7836871221 0.6198563625
1617800582.61117 -21.73549606 -39.21080978 0.8677529595 0.01048166931 -0.02548274352 0.7988795241 0.6008596096
1617800582.711329 -21.77461322 -39.05421148 0.8851812459 0.007589684433 -0.00762665022 0.8087249074 0.5880886455
1617800582.81228 -21.81374655 -38.89334632 0.8974227123 0.001474958724 0.00756361445 0.7996949625999999 0.6003570462
1617800582.912416 -21.85924889 -38.73599699 0.8879179064 -0.0008713156834 0.01585722517 0.8025931442000001 0.5963153815
1617800583.012838 -21.9058163 -38.58045219 0.868372107 0.004877595364 0.024719944 0.8040530772 0.5940233855
1617800583.113605 -21.95180403 -38.42951468 0.8609677098 0.01201795639 0.02860345094 0.7943589456 0.6066558141
1617800583.21377 -21.9977038 -38.28374373 0.8757243839 0.01463585584 0.03198777755 0.7879570749 0.614724509
1617800583.313751 -22.03952644 -38.14153449 0.9014644529 0.01174724573 0.03256209876 0.7775571481 0.6278587368
1617800583.412944 -22.08058854 -38.00434172 0.9169104416 0.01044847695 0.0326679672 0.778208651 0.62706852
1617800583.512146 -22.12249799 -37.86673959 0.9170225016 0.0108448422 0.03097008352 0.7892202583 0.6132329305999999
1617800583.612539 -22.15969349 -37.72332002 0.9220599944 0.007196533672 0.02422417316 0.7764405726 0.6296836003
1617800583.711624 -22.19873544 -37.58332388 0.9426068394 0.0101465191 0.01410734958 0.7960046819 0.6050409715
1617800583.812448 -22.23012516 -37.43843933 0.9658552467 0.01347915396 0.01122972201 0.7872371191 0.6164007821
1617800583.912774 -22.26426935 -37.2985639 0.9716869308 0.01760141526 0.001556812167 0.7868241065 0.6169243
1617800584.013454 -22.30382212 -37.16142653 0.956121488 0.0256422971 -0.01429521657 0.7785167614 0.6269368163
1617800584.112948 -22.34873599 -37.02499462 0.9421855839 0.03117586796 -0.0212000015 0.7928368492 0.6082666815
1617800584.21351 -22.3889066 -36.87870692 0.9505573489 0.02886703199 -0.01828036953 0.786079808 0.6171799234999999
1617800584.313571 -22.42421038 -36.72644278 0.9645561334 0.01841442571 -0.01013913958 0.7818927996 0.6230583895
1617800584.413836 -22.45826963 -36.56880243 0.9673233596 0.001323257282 -0.006185670983 0.7647658241 0.6442772856
1617800584.512355 -22.49720937 -36.41957707 0.9441586355 -0.00566722421 -0.005537278187 0.7832556603 0.6216492514
1617800584.612417 -22.52717842 -36.27245946 0.9204202321 -0.00437043501 -0.01287388618 0.7826815552 0.6222738508
1617800584.711971 -22.54990229 -36.13417202 0.9193243853 0.006713194273 -0.02048265401 0.784313662 0.6199898979
1617800584.81218 -22.57324691 -36.0016294 0.9405212136 0.01969531716 -0.02116492024 0.7846385736 0.6192789755
1617800584.911988 -22.60203512 -35.87151499 0.9558804758 0.02824796733 -0.01572254813 0.7924370945 0.6090963019
1617800585.012531 -22.63875472 -35.73612996 0.9476904521 0.02608519746 -0.01536069424 0.7962259267 0.6042415785
1617800585.113175 -22.68170117 -35.59704696 0.9261580481 0.02552264953 -0.01606613458 0.7874444096 0.6156474441000001
1617800585.212942 -22.731779 -35.46090176 0.9174634894 0.02257045262 -0.01972521549 0.7964567458 0.6039521029
1617800585.314326 -22.77531587 -35.32335195 0.9298171104 0.01945341081 -0.02692724722 0.7661434147 0.6418105299
1617800585.413863 -22.81612462 -35.1922253 0.9421456964 0.01282788466 -0.03326611662 0.7582676582 0.6509677176000001
1617800585.513159 -22.85489793 -35.05870259 0.9395809556 0.006207025501 -0.03332058477 0.7549149156 0.6549463196999999
1617800585.612106 -22.89341413 -34.92317178 0.9180306127 0.00384045664 -0.03348683214 0.763136379 0.6453578465000001
1617800585.711642 -22.92970172 -34.78734936 0.9003731621 0.005916232248 -0.03404415394 0.771606318 0.6351611478
1617800585.811263 -22.96465479 -34.65573729 0.9074397511 0.0158990162 -0.02982012618 0.7838962591 0.6199714803
1617800585.911546 -22.99878572 -34.52735924 0.926435692 0.0239928996 -0.01774312524 0.7942986345 0.6067942003
1617800586.011639 -23.03454715 -34.40306973 0.9349230695 0.02961084092 -0.006093128276 0.8110138357 0.584245351
1617800586.112666 -23.073677 -34.27803676 0.9252310513000001 0.03515086364 0.001820635059 0.8144795285 0.5791236481000001
1617800586.213238 -23.11783143 -34.15726996 0.9121076187 0.04277932173 0.00357892416 0.814386978 0.5787322101
1617800586.313857 -23.16275864 -34.04246484 0.9116613971 0.04852765635 0.003539547042 0.8042984983 0.5922300767999999
1617800586.413173 -23.20808428 -33.9370737 0.9236306409 0.04455844345 0.00332008833 0.8093077153 0.5856829723
1617800586.512749 -23.24954491 -33.835538 0.9340524803 0.03789553182 0.00109488485 0.8054263295 0.5914821702
1617800586.611499 -23.29103148 -33.73924347 0.9280737846 0.0336116365 -0.004115216251 0.8106253409 0.5845852201
1617800586.710279 -23.33471032 -33.6474089 0.9138183341 0.02783370198 -0.009811541667 0.8252101864 0.5640542233
1617800586.809893 -23.37550904 -33.56357621 0.9073419751 0.02430058476 -0.01873260053 0.8298425652 0.5571533795
1617800586.910099 -23.41356626 -33.49172907 0.9134728509 0.0284600348 -0.02996719839 0.8336860174 0.5506901287
1617800587.010559 -23.44995756 -33.4303055 0.9202223275 0.02935936398 -0.03730132438 0.8293013064 0.5567818083
1617800587.11008 -23.49043741 -33.37826446 0.9248059722 0.02664832833 -0.04167455728 0.84665512 0.5298379050000001
1617800587.211154 -23.5273127 -33.32711797 0.9247495809 0.02275209468 -0.0416167925 0.8413537585999999 0.5383997006
1617800587.311737 -23.56123523 -33.28204669 0.9226971022 0.01939281824 -0.03490996556 0.8426765381 0.5369371145
1617800587.412374 -23.58959806 -33.24213584 0.9263333783 0.01649198716 -0.02798107297 0.8403790245 0.5410251096000001
1617800587.512583 -23.61412543 -33.20899988 0.9302019321 0.0146306472 -0.0263553629 0.8369171526 0.5464988735
1617800587.611798 -23.63502772 -33.18345225 0.9321636161 0.01327762381 -0.02374566423 0.8464539655 0.5317664266
1617800587.711515 -23.65045499 -33.16136733 0.9306001658 0.01124550145 -0.02276638485 0.8511574356 0.5242959567
1617800587.811481 -23.66097917 -33.14103369 0.9309834411 0.003981703093 -0.02213129135 0.8479582468 0.5295858416
1617800587.911379 -23.66630139 -33.12663871 0.9312557834 0.001124665821 -0.02264030574 0.8497312533 0.5267285343
1617800588.011307 -23.66624901 -33.11701066 0.9314098631 0.003748921084 -0.02338500959 0.8484711303 0.5287114789
1617800588.111094 -23.66394045 -33.11202574 0.9343542651 0.007679343468 -0.02226525292 0.8523369081 0.5224625167
1617800588.211249 -23.66056729 -33.11114053 0.9381327752 0.01280261616 -0.02409524065 0.854863191 0.5181355393
1617800588.311671 -23.65625025 -33.11298617 0.9411040711000001 0.02004394291 -0.02705403306 0.8529845971 0.5208489193
1617800588.411948 -23.65315779 -33.11498642 0.944701802 0.02416429286 -0.02953195811 0.8508504485 0.5240204811
1617800588.511937 -23.65232381 -33.11594919 0.9459260098 0.02551986105 -0.02983902102 0.8524291343 0.5213664166999999
1617800588.611872 -23.65168281 -33.11369348 0.9445542008 0.02551742405 -0.02660776489 0.8539907727 0.5189803927
1617800588.711597 -23.64986198 -33.10881543 0.9423186146 0.0245261177 -0.0207937941 0.8555621341 0.5167006119000001
1617800588.811427 -23.64722555 -33.10295309 0.9390852639 0.02404517935 -0.01431302103 0.8576683083 0.5134413693
1617800588.911449 -23.64356379 -33.09660345 0.9373889828999999 0.02338501642 -0.008104071693 0.8553040065 0.5175350437
1617800589.011362 -23.64173036 -33.09249117 0.9367789909000001 0.0226221957 -0.004093603675 0.8588454169 0.5117187006
1617800589.111692 -23.63943803 -33.08855005 0.9369167698 0.02261315835 -0.002498948852 0.8547239403 0.5185840204
1617800589.211662 -23.63855606 -33.08570743 0.9378771272999999 0.02200932106 -0.001438920579 0.8556348865 0.5171097178
1617800589.311767 -23.63749343 -33.08181465 0.940496731 0.02162845909 0.0002810515135 0.8548349119999999 0.5184490369
1617800589.411762 -23.63677609 -33.07710133 0.9434702033 0.02067421681 0.002744745705 0.8551107065 0.5180257934
1617800589.511763 -23.63669831 -33.07190348 0.9465666763 0.01896667204 0.004895304941 0.8563643836 0.5160003332
1617800589.611796 -23.63715808 -33.06633689 0.9511534136000001 0.01680451602 0.007026618574 0.8562372185 0.5162616202
1617800589.71179 -23.63770867 -33.06111914 0.9567766793 0.0152547385 0.009050992038 0.856101134 0.516503844
1617800589.811718 -23.63745702 -33.05723983 0.9629934176 0.01436813565 0.01039224502 0.8556391217 0.5172690317999999
