1617800135.917478 -23.325 -33.1028 1.04093 -0.0107561 -0.009855330000000001 0.820045 0.572113
1617800136.017536 -23.3317 -33.0989 1.03831 -0.010362 -0.009725299999999999 0.81947 0.572946
1617800136.11744 -23.3131 -33.0936 1.01975 -0.0111838 -0.0103423 0.818842 0.573817
1617800136.217348 -23.3322 -33.091 1.02851 -0.0105084 -0.009872509999999999 0.819481 0.572925
1617800136.317042 -23.3114 -33.092 1.02987 -0.00895926 -0.0100009 0.819221 0.5733200000000001
1617800136.4169 -23.3462 -33.103 1.04806 -0.00571516 -0.009668960000000001 0.820708 0.571237
1617800136.516873 -23.3122 -33.1023 1.04337 -0.00519413 -0.0112741 0.819429 0.573047
1617800136.616906 -23.3078 -33.0828 1.0356 -0.00511335 -0.0124879 0.819092 0.573504
1617800136.71701 -23.3155 -33.0895 1.03378 -0.00588677 -0.0126811 0.8187720000000001 0.573949
1617800136.817112 -23.3179 -33.0923 1.03734 -0.00590692 -0.0126048 0.818368 0.574526
1617800136.917301 -23.311 -33.1109 1.03394 -0.00694313 -0.0117154 0.818401 0.5744860000000001
1617800137.017423 -23.3259 -33.0917 1.03693 -0.00725019 -0.0109507 0.817993 0.575078
1617800137.11728 -23.3173 -33.0954 1.02981 -0.00751997 -0.0113701 0.818039 0.575001
1617800137.217163 -23.3122 -33.0993 1.04319 -0.0084437 -0.0111056 0.817415 0.575881
1617800137.317072 -23.3194 -33.0931 1.03383 -0.0100897 -0.0120385 0.816603 0.576985
1617800137.416923 -23.3123 -33.0877 1.03439 -0.0109953 -0.0128946 0.8168609999999999 0.576585
1617800137.516893 -23.3334 -33.0891 1.05367 -0.0102955 -0.0118229 0.817482 0.5757409999999999
1617800137.616904 -23.3134 -33.0934 1.03165 -0.00965212 -0.0137308 0.817066 0.576299
1617800137.716912 -23.3345 -33.0877 1.03811 -0.008277100000000001 -0.0128622 0.817519 0.575699
1617800137.81681 -23.3227 -33.0894 1.03062 -0.00717892 -0.0134436 0.817955 0.575081
1617800137.91664 -23.3211 -33.0943 1.0236 -0.00521162 -0.013606 0.818775 0.5739300000000001
1617800138.016379 -23.3171 -33.1074 1.02829 -0.00417324 -0.0127111 0.818895 0.573787
1617800138.116261 -23.3312 -33.102 1.02993 -0.00200061 -0.0125747 0.819161 0.573423
1617800138.216158 -23.3276 -33.0996 1.03687 -0.000506342 -0.0109098 0.819426 0.573081
1617800138.316129 -23.318 -33.1085 1.03228 0.000401117 -0.0109721 0.819841 0.572485
1617800138.416342 -23.3189 -33.0932 1.04141 0.000993854 -0.0102011 0.819534 0.572939
1617800138.516482 -23.3096 -33.107 1.0308 7.76701e-05 -0.0112876 0.81976 0.572596
1617800138.616562 -23.3072 -33.1108 1.03097 -0.00238579 -0.0120132 0.818509 0.574363
1617800138.716628 -23.3137 -33.1066 1.03716 -0.00401742 -0.0123835 0.818017 0.5750459999999999
1617800138.816743 -23.3259 -33.0923 1.03423 -0.00591496 -0.0126948 0.817858 0.575249
1617800138.916937 -23.3054 -33.0958 1.03249 -0.00886206 -0.0128172 0.81747 0.57576
1617800139.017236 -23.3108 -33.0984 1.03437 -0.0115621 -0.0138814 0.817503 0.57564
1617800139.117537 -23.338 -33.0861 1.03647 -0.0117844 -0.0139645 0.817624 0.575462
1617800139.217714 -23.3451 -33.0871 1.03566 -0.0108429 -0.0145214 0.819258 0.573138
1617800139.317698 -23.3485 -33.0758 1.03859 -0.00668594 -0.0126635 0.822051 0.569234
1617800139.417766 -23.3516 -33.0889 1.03273 -0.00290333 -0.0104136 0.824989 0.565045
1617800139.5179 -23.3138 -33.1012 1.03681 -0.000689497 -0.0110703 0.822806 0.568214
1617800139.618302 -23.3309 -33.0869 1.0352 -0.000668393 -0.0153426 0.821844 0.569506
1617800139.718503 -23.3152 -33.0969 1.03829 -0.00229238 -0.0179329 0.819177 0.573255
1617800139.818696 -23.3358 -33.0805 1.03557 -0.00543443 -0.0196637 0.816336 0.577216
1617800139.918742 -23.3778 -33.0412 1.04152 -0.00895171 -0.019912 0.814527 0.579715
1617800140.018528 -23.3947 -33.0237 1.04472 -0.0143791 -0.0180064 0.813507 0.581098
1617800140.118212 -23.4531 -32.9623 1.02991 -0.0178533 -0.0177323 0.816725 0.576478
1617800140.217765 -23.4631 -32.917 1.01727 -0.0170806 -0.0179952 0.8194360000000001 0.5726329999999999
1617800140.317413 -23.433 -32.9392 1.03052 -0.0164677 -0.0191507 0.821478 0.569681
1617800140.417417 -23.5022 -32.805 1.01358 -0.0204782 -0.0231821 0.822905 0.567337
1617800140.516926 -23.4898 -32.8091 1.01717 -0.0269272 -0.023357 0.8293970000000001 0.557521
1617800140.616857 -23.5594 -32.6847 1.03392 -0.0329953 -0.023488 0.832657 0.552307
1617800140.716519 -23.568 -32.6536 1.00425 -0.0351723 -0.0226879 0.843538 0.535436
1617800140.816709 -23.5771 -32.5671 1.00766 -0.035999 -0.0162425 0.848483 0.527747
1617800140.917298 -23.581 -32.518 1.0003 -0.0360442 -0.008111439999999999 0.850158 0.5252289999999999
1617800141.018194 -23.5733 -32.4745 1.00578 -0.041824 5.09872e-05 0.84685 0.530185
1617800141.118908 -23.6133 -32.365 0.992981 -0.0462289 0.00420573 0.839135 0.5419389999999999
1617800141.219154 -23.7446 -32.2454 1.01655 -0.0434808 0.010575 0.841849 0.537855
1617800141.31881 -23.6694 -32.225 1.0455 -0.0457487 0.0136393 0.8380300000000001 0.543532
1617800141.41898 -23.7641 -32.0661 1.00673 -0.0484561 0.0213878 0.832098 0.5520929999999999
1617800141.518413 -23.795 -31.9387 0.988151 -0.0483935 0.027144 0.833476 0.549763
1617800141.617876 -23.7759 -31.9481 1.00748 -0.0462855 0.0262559 0.834769 0.548023
1617800141.717946 -23.9252 -31.7336 1.00442 -0.0400554 0.0175458 0.834734 0.548914
1617800141.817175 -23.8819 -31.6833 1.01275 -0.0338972 0.0141234 0.84148 0.539039
1617800141.917157 -23.9674 -31.5426 1.01194 -0.0308698 0.0194447 0.846164 0.531672
1617800142.016977 -23.9275 -31.4849 0.983896 -0.031496 0.0304894 0.8498289999999999 0.525232
1617800142.11727 -23.9577 -31.3941 0.995162 -0.0290105 0.0375599 0.850841 0.523275
1617800142.217895 -23.888 -31.3421 1.00529 -0.0334064 0.0408692 0.842909 0.535461
1617800142.318916 -23.9309 -31.1814 1.00126 -0.0428399 0.0368803 0.829844 0.555124
1617800142.419075 -24.0678 -31.0348 1.01619 -0.0512494 0.0342103 0.828893 0.556003
1617800142.518587 -24.0705 -30.9396 1.01102 -0.0577458 0.0298646 0.826767 0.558775
1617800142.618225 -24.1905 -30.8067 1.02004 -0.0572055 0.028716 0.827825 0.557322
1617800142.717619 -24.2031 -30.6933 1.00719 -0.0581246 0.0241059 0.8289609999999999 0.555756
1617800142.81723 -24.2467 -30.5434 1.00254 -0.0607431 0.0173896 0.829909 0.5543090000000001
1617800142.916758 -24.3021 -30.4307 1.00965 -0.0596784 0.00680441 0.8371769999999999 0.543623
1617800143.016551 -24.3863 -30.3024 0.995038 -0.0578659 0.00105909 0.843889 0.5333869999999999
1617800143.116451 -24.3719 -30.2606 0.994158 -0.054652 0.00274662 0.848464 0.526416
1617800143.216983 -24.4158 -30.1883 0.973462 -0.0460584 0.008314 0.850258 0.524282
1617800143.317717 -24.3175 -30.1667 0.984542 -0.0418497 0.0130234 0.844208 0.5342209999999999
1617800143.418975 -24.3099 -30.1011 0.984656 -0.0398182 0.0092602 0.826088 0.562056
1617800143.519611 -24.6084 -29.7178 0.981446 -0.0305698 0.00714595 0.820038 0.571447
1617800143.618532 -24.3803 -29.8846 1.01629 -0.0281053 0.00458388 0.819706 0.572076
1617800143.718661 -24.6022 -29.5657 0.973276 -0.0253957 0.00214278 0.8104479999999999 0.585255
1617800143.817892 -24.543 -29.5221 0.960324 -0.0226566 0.00163979 0.809812 0.586249
1617800143.917672 -24.5021 -29.4783 0.9678020000000001 -0.0229203 -0.0048485 0.803372 0.595016
1617800144.017584 -24.7821 -29.1445 0.971337 -0.0200647 -0.011452 0.806926 0.5901999999999999
1617800144.116831 -24.7876 -29.0143 0.951692 -0.0232479 -0.00461285 0.813216 0.58148
1617800144.216281 -24.8636 -28.8345 0.959283 -0.0177359 0.00478929 0.824098 0.566149
1617800144.315985 -24.821 -28.8506 0.927626 -0.0119803 0.00936728 0.832873 0.553256
1617800144.416538 -24.767 -28.7806 0.91379 -0.00519987 0.00460748 0.829302 0.5587569999999999
1617800144.517303 -24.6831 -28.8156 0.912635 -0.000367612 0.0015319 0.821625 0.570027
1617800144.618645 -25.005 -28.291 0.919984 0.0007751499999999999 -0.00386919 0.805346 0.592792
1617800144.717814 -24.9248 -28.3489 0.957801 -0.00509908 0.00102215 0.812701 0.582658
1617800144.817893 -25.0297 -28.0911 0.913568 -0.0103642 -0.000128244 0.808093 0.588964
1617800144.917548 -25.0567 -28.0039 0.8769479999999999 -0.00905246 -0.00855204 0.8094749999999999 0.587022
1617800145.017624 -25.137 -27.7784 0.8915650000000001 -0.0102089 -0.0193899 0.807396 0.589602
1617800145.117565 -25.2458 -27.518 0.908427 -0.0194314 -0.0154196 0.808443 0.588051
1617800145.217151 -25.2582 -27.4944 0.902031 -0.0282795 -0.009173239999999999 0.816302 0.57686
1617800145.317157 -25.4082 -27.2204 0.832624 -0.0242619 -0.00114024 0.818903 0.573418
1617800145.416785 -25.3269 -27.2333 0.829099 -0.0150433 0.00691914 0.82092 0.5708029999999999
1617800145.517402 -25.3056 -27.0784 0.821474 -0.00106527 0.0148788 0.801376 0.597975
1617800145.617716 -25.5777 -26.7055 0.831777 0.0134283 0.0139654 0.808155 0.588651
1617800145.716839 -25.2945 -26.86 0.869393 0.00932444 0.021101 0.8043129999999999 0.593757
1617800145.81774 -25.5756 -26.3901 0.809007 0.00883519 0.0177722 0.790668 0.611923
1617800145.916715 -25.6592 -26.2697 0.803888 0.0181731 0.00809787 0.808779 0.587777
1617800146.01634 -25.5044 -26.3473 0.830959 0.00540577 -0.00458635 0.809762 0.586716
1617800146.117055 -25.7851 -25.9097 0.815574 -0.00512525 -0.009973610000000001 0.803805 0.594788
1617800146.216217 -25.9405 -25.701 0.7939079999999999 -0.004295 -0.0073675 0.829887 0.557867
1617800146.315918 -25.8491 -25.6855 0.763483 0.000263205 -0.00430409 0.842771 0.538254
1617800146.416427 -25.6931 -25.7593 0.743443 0.014259 -0.009229050000000001 0.8422190000000001 0.538868
1617800146.518364 -25.689 -25.598 0.749313 0.0233072 -0.0166597 0.816958 0.575985
1617800146.619319 -25.8212 -25.2907 0.772019 0.0208918 -0.0240656 0.802845 0.5953349999999999
1617800146.71887 -25.8435 -25.1534 0.783601 0.0136755 -0.0169552 0.794242 0.6072109999999999
1617800146.818425 -25.9569 -24.9119 0.759879 0.00367961 -0.0162695 0.792177 0.6100640000000001
1617800146.917498 -26.0221 -24.6564 0.759037 -0.00836859 -0.0205101 0.792826 0.609046
1617800147.016534 -26.1248 -24.4467 0.716536 -0.0302048 -0.0241561 0.805866 0.5908330000000001
1617800147.11578 -26.2425 -24.224 0.715114 -0.0385595 -0.0280759 0.832628 0.551775
1617800147.215056 -26.1384 -24.169 0.682316 -0.0439648 -0.0323519 0.833379 0.55
1617800147.315643 -26.2439 -24.1244 0.664476 -0.0334999 -0.0313738 0.842313 0.537032
1617800147.416662 -26.1824 -24.0277 0.642647 -0.0218614 -0.0238703 0.834897 0.549454
1617800147.518048 -26.2722 -23.7872 0.626351 -0.00709378 -0.0155736 0.824285 0.565917
1617800147.618389 -26.4063 -23.5701 0.6568889999999999 0.00375792 -0.009893849999999999 0.829551 0.558331
1617800147.718123 -26.3045 -23.4739 0.670923 0.0111646 0.000698267 0.825134 0.564827
1617800147.818121 -26.3689 -23.3125 0.6587190000000001 0.0224608 0.000293696 0.824661 0.565181
1617800147.917945 -26.3181 -23.2214 0.620828 0.025975 -0.00543523 0.819546 0.572398
1617800148.018178 -26.5325 -22.8507 0.588899 0.0300638 -0.00391761 0.818347 0.573924
1617800148.117246 -26.5668 -22.7818 0.614125 0.0284263 0.008959119999999999 0.8342039999999999 0.5506490000000001
1617800148.216944 -26.5531 -22.6141 0.6307120000000001 0.0177743 0.0128575 0.83636 0.547742
1617800148.316789 -26.6292 -22.4803 0.59154 0.0139148 0.0104986 0.845114 0.5343020000000001
1617800148.416761 -26.5482 -22.4794 0.583911 0.0059583 -0.00096616 0.842589 0.538523
1617800148.51792 -26.6898 -22.1761 0.611901 -0.009572860000000001 -0.0201511 0.824343 0.56565
1617800148.617644 -26.8183 -22.0339 0.57399 -0.0188318 -0.0330535 0.831325 0.5544829999999999
1617800148.717153 -26.771 -21.9237 0.596975 -0.0146547 -0.0336683 0.82877 0.558383
1617800148.817264 -26.7949 -21.7566 0.5791770000000001 -0.00595036 -0.0345888 0.823946 0.56558
1617800148.917443 -26.7289 -21.6549 0.552146 -0.00558306 -0.0290423 0.815044 0.578643
1617800149.017934 -26.8929 -21.3672 0.528245 -0.00612942 -0.0154866 0.815319 0.578772
1617800149.117426 -27.017 -21.1678 0.561171 -0.00561054 -0.00452182 0.829955 0.557785
1617800149.216475 -26.9 -21.153 0.604622 -0.0178753 -0.00762809 0.842216 0.53879
1617800149.317396 -27.0424 -20.9196 0.548925 -0.0286624 -0.0155368 0.840967 0.540103
1617800149.41776 -27.0067 -20.8941 0.54559 -0.0397322 -0.0261801 0.83683 0.545391
1617800149.519041 -27.1488 -20.6683 0.557129 -0.0536866 -0.0376669 0.82583 0.560092
1617800149.618886 -27.2109 -20.4546 0.506128 -0.0548307 -0.0373147 0.826739 0.558663
1617800149.71792 -27.27 -20.2937 0.495617 -0.0367616 -0.0182651 0.843631 0.5353520000000001
1617800149.81746 -27.2071 -20.1312 0.470344 -0.0181248 -0.0076215 0.845735 0.533241
1617800149.91715 -27.2259 -20.0078 0.471515 0.00321335 0.008570400000000001 0.855016 0.518521
1617800150.016948 -27.1321 -20.0037 0.535541 -0.000130304 0.0199892 0.851709 0.523634
1617800150.117713 -27.3551 -19.6285 0.533891 -0.00598933 0.0209456 0.846826 0.531424
1617800150.216115 -27.4734 -19.5221 0.551879 -0.0169317 0.0133394 0.87456 0.484438
1617800150.314571 -27.4478 -19.482 0.539528 -0.0269104 -0.00490872 0.900979 0.433
1617800150.416822 -27.4352 -19.2782 0.563022 -0.0243684 -0.0365379 0.866882 0.496575
1617800150.520071 -27.5359 -19.1667 0.498392 -0.0224818 -0.0734196 0.8234399999999999 0.562184
1617800150.619475 -27.587 -19.0632 0.526443 -0.0222017 -0.0769777 0.820721 0.565685
1617800150.71858 -27.603 -18.867 0.488653 -0.0202752 -0.063111 0.8174169999999999 0.57222
1617800150.81768 -27.6829 -18.6123 0.461429 -0.00610954 -0.0372319 0.826366 0.561867
1617800150.916403 -27.6009 -18.5653 0.46099 0.00432147 -0.0170874 0.83717 0.546659
1617800151.016817 -27.669 -18.2928 0.443885 0.0158482 -0.00200118 0.836774 0.547315
1617800151.116625 -27.6986 -18.1306 0.521865 0.0234459 0.0183005 0.847673 0.529684
1617800151.216899 -27.6581 -18.0907 0.548269 0.00166225 0.0220848 0.845401 0.533672
1617800151.317748 -27.7949 -17.8244 0.507095 -0.0147013 0.0164643 0.844662 0.534845
1617800151.417894 -27.7927 -17.8031 0.503458 -0.0482599 0.00751754 0.834327 0.549102
1617800151.519051 -27.9307 -17.3366 0.436352 -0.0533382 0.00260881 0.821614 0.567537
1617800151.617235 -27.9867 -17.3728 0.517943 -0.0668724 0.00884529 0.844123 0.5318889999999999
1617800151.717068 -27.9912 -17.1484 0.453602 -0.089835 0.00536031 0.835646 0.541845
1617800151.816867 -28.0908 -16.7899 0.405709 -0.0860948 -0.000382978 0.849688 0.52021
1617800151.915851 -28.1206 -16.7909 0.429495 -0.0837282 -0.00598801 0.860452 0.502569
1617800152.016043 -28.1707 -16.4281 0.382794 -0.0801743 -0.0157296 0.877645 0.472297
1617800152.11543 -28.2671 -16.4744 0.415008 -0.0698254 -0.0111343 0.90044 0.429195
1617800152.21574 -28.3259 -16.3315 0.425169 -0.066778 -0.0152427 0.913621 0.400755
1617800152.316736 -28.436 -16.1704 0.399034 -0.0582216 -0.0227226 0.924148 0.376889
1617800152.417174 -28.4878 -16.1466 0.428531 -0.0518479 -0.0360812 0.930061 0.361934
1617800152.518277 -28.6159 -15.947 0.409855 -0.0554511 -0.0547267 0.932215 0.353419
1617800152.617621 -28.7429 -15.7868 0.399738 -0.0604411 -0.0633613 0.949095 0.302575
1617800152.717421 -28.7964 -15.68 0.37668 -0.0549378 -0.0610298 0.956457 0.280086
1617800152.817445 -28.8975 -15.6212 0.344733 -0.0445372 -0.0515012 0.965496 0.251361
1617800152.917571 -28.9985 -15.4764 0.376435 -0.0338379 -0.0424029 0.971847 0.229282
1617800153.017567 -29.0837 -15.3845 0.357878 -0.034092 -0.0395747 0.97519 0.215117
1617800153.117437 -29.2608 -15.2273 0.388809 -0.0359308 -0.0339309 0.984446 0.168594
1617800153.216669 -29.3317 -15.2264 0.388936 -0.0381187 -0.0300857 0.987982 0.146742
1617800153.316698 -29.5031 -15.2213 0.382833 -0.0368332 -0.0352923 0.991174 0.122356
1617800153.417468 -29.6601 -15.0852 0.373074 -0.0366458 -0.0430626 0.990259 0.12724
1617800153.51766 -29.7585 -15.0502 0.364542 -0.0418125 -0.0448317 0.9918670000000001 0.111544
1617800153.616798 -29.9588 -15.0456 0.389516 -0.0444124 -0.0360192 0.9961179999999999 0.0669317
1617800153.717263 -30.0284 -14.9154 0.386448 -0.0467616 -0.0392327 0.995239 0.0759872
1617800153.8179 -30.2192 -14.8549 0.371883 -0.0392395 -0.0470119 0.99539 0.07381600000000001
1617800153.91782 -30.4344 -14.7651 0.355731 -0.0351471 -0.0507585 0.996642 0.0537884
1617800154.017155 -30.5331 -14.68 0.373793 -0.0421194 -0.0534979 0.9972220000000001 0.0301939
1617800154.116842 -30.8585 -14.6741 0.364918 -0.0494688 -0.0528816 0.997194 -0.0189682
1617800154.216449 -30.8469 -14.6327 0.342627 -0.052472 -0.0520238 0.996966 -0.0244684
1617800154.316871 -30.9331 -14.7222 0.313194 -0.047824 -0.0458269 0.996756 -0.0457104
1617800154.418172 -31.2007 -14.5652 0.328442 -0.0406734 -0.0438741 0.998017 -0.0195586
1617800154.518204 -31.2636 -14.5801 0.380617 -0.0425221 -0.0553711 0.9974229999999999 -0.0165167
1617800154.618368 -31.5361 -14.526 0.333302 -0.0442112 -0.0589253 0.997254 -0.00765568
1617800154.717379 -31.7511 -14.5489 0.319812 -0.0446961 -0.0449208 0.9971139999999999 -0.041802
1617800154.816722 -31.7567 -14.4579 0.325848 -0.0499201 -0.0432997 0.997191 -0.035267
1617800154.916996 -32.0319 -14.4356 0.293772 -0.0566254 -0.0466119 0.996661 -0.0358901
1617800155.016362 -32.3655 -14.4939 0.288839 -0.060429 -0.0297475 0.994411 -0.0813044
1617800155.115161 -32.3325 -14.4615 0.331933 -0.0637904 -0.0195121 0.991825 -0.108779
1617800155.215901 -32.5022 -14.4913 0.30428 -0.0562361 -0.0139325 0.9918940000000001 -0.113089
1617800155.316662 -32.6804 -14.4922 0.270752 -0.0457972 0.00423047 0.991801 -0.11923
1617800155.417231 -32.6679 -14.4337 0.331403 -0.042535 0.0133491 0.993455 -0.105167
1617800155.518569 -32.9042 -14.3822 0.366066 -0.0416155 0.0026163 0.996109 -0.0776425
1617800155.61887 -33.0713 -14.3749 0.346986 -0.0449287 -0.00839964 0.997702 -0.0500172
1617800155.718514 -33.4114 -14.4176 0.325 -0.0421439 -0.00768145 0.99759 -0.0545831
1617800155.817282 -33.5013 -14.3879 0.330929 -0.0384052 -0.0125892 0.997394 -0.0597589
1617800155.916646 -33.6621 -14.4267 0.335578 -0.0358208 -0.0219674 0.996646 -0.0702243
1617800156.016101 -33.9285 -14.4488 0.331139 -0.0385584 -0.0218656 0.9953 -0.08610139999999999
1617800156.115146 -33.9549 -14.4587 0.32282 -0.0402201 -0.0175068 0.993903 -0.101155
1617800156.21565 -34.2971 -14.5238 0.323167 -0.0250405 -0.00757903 0.991824 -0.124904
1617800156.31576 -34.1623 -14.4788 0.345331 -0.00938377 -0.009832189999999999 0.993848 -0.109912
1617800156.417539 -34.3661 -14.4857 0.345666 0.00074579 -0.0172905 0.996609 -0.08043930000000001
1617800156.518236 -34.6265 -14.5084 0.351198 0.00288157 -0.0213064 0.99669 -0.07840759999999999
1617800156.61811 -34.7244 -14.4835 0.338982 0.000320369 -0.0200032 0.997672 -0.0652015
1617800156.718298 -35.0871 -14.5258 0.346036 0.0111538 -0.0138197 0.997004 -0.07528360000000001
1617800156.817559 -35.0051 -14.4863 0.372367 0.0248596 -0.0212632 0.996837 -0.07243289999999999
1617800156.917992 -35.2189 -14.4847 0.346504 0.024068 -0.0360387 0.99724 -0.0602846
1617800157.017805 -35.5521 -14.5629 0.325793 0.0147914 -0.0347755 0.996113 -0.0795607
1617800157.116233 -35.664 -14.5756 0.34061 0.0160882 -0.0205052 0.992713 -0.117654
1617800157.216443 -35.7376 -14.5917 0.343948 0.0244351 -0.0184972 0.9917899999999999 -0.124153
1617800157.317481 -35.8256 -14.5896 0.314487 0.0276126 -0.0225489 0.993264 -0.110252
1617800157.418736 -36.0724 -14.5779 0.330489 0.027979 -0.0256486 0.994833 -0.09416529999999999
1617800157.518764 -36.2157 -14.6225 0.332806 0.0186093 -0.0267209 0.99536 -0.0905475
1617800157.618855 -36.4322 -14.6139 0.320113 0.009097640000000001 -0.0208403 0.996783 -0.07685790000000001
1617800157.718467 -36.6235 -14.6604 0.31426 0.00942402 -0.0114933 0.9967549999999999 -0.07911650000000001
1617800157.817968 -36.6677 -14.6198 0.318609 0.00516005 -0.0105111 0.997914 -0.06347949999999999
1617800157.918222 -36.9655 -14.5963 0.304027 -0.00813814 -0.014514 0.998729 -0.0475712
1617800158.017372 -37.3113 -14.6769 0.302913 -0.0186844 -0.0101535 0.996804 -0.07700990000000001
1617800158.115594 -37.2855 -14.6707 0.315295 -0.0183791 -0.00741179 0.995779 -0.0896216
1617800158.215776 -37.4531 -14.6834 0.296487 -0.0112171 -0.0049186 0.996488 -0.0828338
1617800158.316067 -37.6001 -14.6839 0.274457 0.000677451 -0.00412262 0.99776 -0.0667683
1617800158.416358 -37.866 -14.7093 0.289397 0.0133171 -3.5319e-05 0.9976699999999999 -0.0669077
1617800158.515603 -37.8596 -14.6926 0.317127 0.0140642 -0.00352641 0.996768 -0.07902090000000001
1617800158.615997 -38.1659 -14.7014 0.319472 0.008814839999999999 -0.000314602 0.997574 -0.0690509
1617800158.715413 -38.3392 -14.7308 0.297447 0.0107183 0.00554154 0.996263 -0.0855187
1617800158.815307 -38.4666 -14.6551 0.289417 0.011302 0.00790485 0.996441 -0.0831514
1617800158.915566 -38.6679 -14.6509 0.281964 0.00671296 0.00789047 0.9959249999999999 -0.0895871
1617800159.015829 -38.9218 -14.6861 0.304461 -0.000993865 0.0160831 0.99437 -0.104731
1617800159.115766 -38.9958 -14.6616 0.308546 -0.00173075 0.0149593 0.993994 -0.108398
1617800159.216203 -39.1731 -14.7316 0.292783 0.00658202 0.013801 0.993071 -0.116513
1617800159.316632 -39.3175 -14.6738 0.266819 0.0102329 0.00770418 0.994292 -0.105921
1617800159.416927 -39.5481 -14.7435 0.296107 0.00900453 0.00491102 0.993913 -0.109691
1617800159.516348 -39.6013 -14.6981 0.32638 0.00268519 -0.00446413 0.993265 -0.115744
1617800159.617035 -39.9278 -14.7555 0.295672 -0.00522965 -0.0115414 0.9948129999999999 -0.100926
1617800159.716164 -39.9745 -14.7653 0.297805 -0.009147880000000001 -0.0176382 0.992544 -0.12026
1617800159.816328 -40.2896 -14.783 0.28273 -0.0121051 -0.0289492 0.992316 -0.119687
1617800159.915652 -40.378 -14.7822 0.260599 -0.0196713 -0.0340911 0.988726 -0.144474
1617800160.015865 -40.6112 -14.798 0.292496 -0.0336568 -0.0368915 0.987832 -0.147286
1617800160.115925 -40.7649 -14.8582 0.286188 -0.0356566 -0.0392074 0.9856549999999999 -0.160239
1617800160.216002 -40.9468 -14.9011 0.259903 -0.0206701 -0.0358561 0.983297 -0.177238
1617800160.31641 -41.0086 -14.8403 0.281403 -0.0113252 -0.0347769 0.986235 -0.161255
1617800160.417396 -41.2446 -14.8886 0.289007 -0.0131386 -0.0426063 0.986466 -0.157788
1617800160.517264 -41.3598 -14.8525 0.288863 -0.0213308 -0.0488366 0.987164 -0.150555
1617800160.617275 -41.6253 -14.9521 0.283306 -0.0216316 -0.044998 0.9868170000000001 -0.153948
1617800160.716359 -41.7559 -14.9644 0.27192 -0.016091 -0.0436901 0.984423 -0.16954
1617800160.815721 -41.9417 -14.97 0.28475 -0.0158327 -0.0538802 0.9818750000000001 -0.18102
1617800160.915165 -42.1467 -15.0363 0.285934 -0.0148094 -0.0596507 0.9794119999999999 -0.19229
1617800161.014131 -42.1913 -15.0311 0.291158 -0.0155849 -0.06313489999999999 0.972997 -0.221468
1617800161.114556 -42.4418 -15.1097 0.269115 -0.0141382 -0.0613047 0.973393 -0.220334
1617800161.214499 -42.5614 -15.114 0.250347 -0.011068 -0.0534872 0.971824 -0.229291
1617800161.314981 -42.7747 -15.1472 0.244414 -0.008956449999999999 -0.0469546 0.972622 -0.227422
1617800161.414863 -42.965 -15.1871 0.283317 -0.00560878 -0.0461436 0.96785 -0.247197
1617800161.514809 -43.0198 -15.1378 0.284163 -0.00962259 -0.0496883 0.969367 -0.240344
1617800161.615672 -43.232 -15.2569 0.273928 -0.0106334 -0.0442473 0.969783 -0.239688
1617800161.715875 -43.4131 -15.2028 0.251902 -0.008940119999999999 -0.0398247 0.974257 -0.221715
1617800161.816218 -43.5127 -15.2751 0.266028 -0.0066487 -0.037434 0.973592 -0.225107
1617800161.916416 -43.7889 -15.2893 0.265338 -0.0125279 -0.0335051 0.9757 -0.216171
1617800162.015907 -43.9161 -15.2931 0.282291 -0.0146711 -0.025498 0.974239 -0.223592
1617800162.115905 -44.1068 -15.381 0.275964 -0.00615827 -0.0165728 0.974374 -0.224238
1617800162.215573 -44.161 -15.3355 0.245258 -0.000460959 -0.00785282 0.97504 -0.22189
1617800162.316468 -44.4072 -15.3278 0.245363 0.00119601 -0.00522673 0.984449 -0.175588
1617800162.416505 -44.5725 -15.4017 0.279405 -0.00295659 -0.00657999 0.983536 -0.180569
1617800162.515968 -44.8113 -15.3934 0.282586 -0.0134712 -0.00696279 0.9862109999999999 -0.164797
1617800162.615335 -44.9997 -15.4599 0.27633 -0.0186009 -0.00521929 0.98463 -0.173583
1617800162.714515 -45.1477 -15.4566 0.268124 -0.0185571 -0.0087633 0.983058 -0.182141
1617800162.814329 -45.3079 -15.4502 0.23889 -0.0243622 -0.0201536 0.982707 -0.182447
1617800162.914207 -45.534 -15.6051 0.261039 -0.0292261 -0.0133242 0.981004 -0.19131
1617800163.013191 -45.6329 -15.5218 0.257647 -0.0326883 -0.00762105 0.9731340000000001 -0.227779
1617800163.113818 -45.8294 -15.6041 0.246882 -0.03132 0.000834539 0.972566 -0.230506
1617800163.214258 -45.9252 -15.5575 0.234699 -0.0225377 0.005219 0.97105 -0.237753
1617800163.315855 -46.1682 -15.6033 0.236256 -0.0169051 0.00352603 0.975745 -0.218227
1617800163.416412 -46.277 -15.6032 0.270154 -0.0159588 6.44268e-05 0.97478 -0.222595
1617800163.516781 -46.4996 -15.6237 0.271859 -0.0166068 -0.00611668 0.977362 -0.210833
1617800163.616676 -46.6531 -15.7057 0.29598 -0.0155348 -0.00685036 0.9754389999999999 -0.219616
1617800163.716277 -46.8089 -15.7136 0.276993 -0.0166179 -0.017429 0.973646 -0.22679
1617800163.815896 -46.9803 -15.7291 0.261168 -0.0240923 -0.0334041 0.969836 -0.240254
1617800163.915922 -47.1128 -15.8479 0.263502 -0.0369039 -0.0385684 0.965681 -0.254188
1617800164.015335 -47.2971 -15.8393 0.249124 -0.0500914 -0.0430732 0.955371 -0.287927
1617800164.116084 -47.4617 -15.9863 0.269496 -0.0466817 -0.0429896 0.952104 -0.299115
1617800164.216276 -47.5636 -15.9305 0.226224 -0.0379005 -0.0457237 0.946569 -0.316985
1617800164.317428 -47.7303 -16.0243 0.268133 -0.0320031 -0.0507991 0.947642 -0.313641
1617800164.41765 -47.8867 -16.0823 0.25612 -0.0337856 -0.0604106 0.942786 -0.326135
1617800164.517718 -48.0487 -16.1561 0.287559 -0.0337183 -0.067875 0.939416 -0.334295
1617800164.617694 -48.2047 -16.2331 0.259603 -0.0360294 -0.0694772 0.935706 -0.343989
1617800164.717367 -48.3336 -16.2881 0.242767 -0.0350484 -0.0651159 0.929172 -0.362175
1617800164.816997 -48.4602 -16.3623 0.23236 -0.0335682 -0.0639523 0.921723 -0.381065
1617800164.916874 -48.6161 -16.4566 0.219201 -0.0319088 -0.0594857 0.913928 -0.400223
1617800165.016251 -48.6473 -16.4469 0.277533 -0.0323944 -0.0513902 0.9011169999999999 -0.4293
1617800165.117103 -48.8203 -16.5313 0.266822 -0.0233246 -0.0560624 0.904288 -0.422583
1617800165.217629 -48.9309 -16.6179 0.229879 -0.009006500000000001 -0.0527574 0.901768 -0.428894
1617800165.317888 -49.0843 -16.6892 0.246824 0.00122725 -0.0494746 0.902327 -0.428202
1617800165.418129 -49.2372 -16.7923 0.281596 0.00488974 -0.0472051 0.9007309999999999 -0.431777
1617800165.517581 -49.4017 -16.8322 0.278515 -0.00254084 -0.043317 0.895663 -0.442612
1617800165.618297 -49.5399 -17.0074 0.275317 -0.0069172 -0.0372596 0.901455 -0.431211
1617800165.717234 -49.5774 -17.0018 0.26872 0.00366585 -0.0233493 0.889319 -0.456676
1617800165.817642 -49.7516 -17.1187 0.241626 0.00827321 -0.0213402 0.895272 -0.444932
1617800165.917266 -49.9207 -17.1852 0.288001 0.0085938 -0.0148008 0.894028 -0.447684
1617800166.016634 -50.0185 -17.2507 0.286862 0.00734699 -0.0100399 0.887636 -0.460377
1617800166.116717 -50.1442 -17.3999 0.302305 0.00704279 -0.00559913 0.893396 -0.44918
1617800166.216089 -50.2406 -17.484 0.289308 0.0218182 0.00131689 0.884747 -0.465558
1617800166.316025 -50.3657 -17.5831 0.265504 0.0288037 0.00614581 0.885043 -0.464576
1617800166.416404 -50.4547 -17.6675 0.32048 0.0338531 -0.00397713 0.888832 -0.456963
1617800166.5165 -50.6128 -17.7702 0.293016 0.0286974 -0.017833 0.8913180000000001 -0.452118
1617800166.616294 -50.6242 -17.9709 0.278189 0.026568 -0.0112368 0.882595 -0.469249
1617800166.714873 -50.8007 -18.0044 0.257821 0.0345011 -0.00199192 0.868466 -0.494543
1617800166.815424 -50.9529 -18.1227 0.272536 0.0429241 -0.00638006 0.87127 -0.488882
1617800166.915229 -51.1068 -18.2564 0.290309 0.0410542 -0.00632272 0.867828 -0.495125
1617800167.01479 -51.2166 -18.3391 0.27416 -0.0225969 0.00299777 -0.859389 0.510813
1617800167.114941 -51.3148 -18.5118 0.280098 -0.0121981 -0.000969824 -0.853464 0.521008
1617800167.214684 -51.4369 -18.6265 0.245282 -0.0146913 -0.011302 -0.846432 0.532174
1617800167.314986 -51.5309 -18.6776 0.237967 -0.0169039 -0.0164326 -0.849654 0.526813
1617800167.416183 -51.6511 -18.8767 0.237896 -0.0124944 -0.007842190000000001 -0.865812 0.500153
1617800167.516075 -51.7769 -18.9937 0.296625 0.009358160000000001 -0.0128046 0.868781 -0.494942
1617800167.615298 -51.8862 -19.144 0.298359 -0.0110276 0.0168142 -0.8609329999999999 0.508321
1617800167.71476 -51.9608 -19.2343 0.301884 -0.0177914 0.0225036 -0.8574310000000001 0.513799
1617800167.814278 -52.0142 -19.3181 0.258176 -0.02033 0.031844 -0.846622 0.530853
1617800167.914338 -52.1733 -19.5008 0.281814 -0.0183586 0.0393021 -0.839091 0.542259
1617800168.013805 -52.192 -19.5822 0.253326 -0.0166353 0.0309506 -0.813298 0.580786
1617800168.114346 -52.3157 -19.7303 0.265455 -0.0158523 0.0306059 -0.808304 0.5877559999999999
1617800168.215058 -52.3772 -19.8577 0.230716 -0.0228059 0.0277931 -0.79533 0.60511
1617800168.315972 -52.4742 -20.0227 0.219396 -0.0248155 0.022649 -0.790075 0.612089
1617800168.416962 -52.5451 -20.1777 0.259614 -0.0280783 0.0276821 -0.78533 0.61782
1617800168.517067 -52.6481 -20.2896 0.274958 -0.0292389 0.031998 -0.7672949999999999 0.639828
1617800168.617244 -52.6759 -20.4012 0.232706 -0.0301322 0.0338702 -0.755713 0.653331
1617800168.71712 -52.7132 -20.5447 0.248811 -0.0384125 0.033008 -0.738951 0.671853
1617800168.816605 -52.8727 -20.7373 0.212684 -0.0435861 0.0330058 -0.717071 0.6948530000000001
1617800168.916436 -52.915 -20.8736 0.214675 -0.0385961 0.0374682 -0.699753 0.712357
1617800169.016158 -52.9442 -20.9804 0.25311 -0.0333702 0.0374914 -0.678555 0.732833
1617800169.11629 -52.9622 -21.1521 0.234167 -0.0270387 0.0307165 -0.659532 0.750561
1617800169.216336 -53.0559 -21.2752 0.227353 -0.033889 0.0238947 -0.6398509999999999 0.767379
1617800169.316911 -53.0782 -21.4237 0.215135 -0.0374876 0.0128132 -0.623999 0.78042
1617800169.417567 -53.1142 -21.5887 0.194902 -0.0324043 0.009775839999999999 -0.620218 0.783699
1617800169.517729 -53.1765 -21.7566 0.218235 -0.0263133 0.0161598 -0.610276 0.791587
1617800169.617776 -53.2279 -21.9315 0.208717 -0.0206945 0.020895 -0.60442 0.796123
1617800169.717379 -53.1866 -22.0773 0.241978 -0.0230445 0.024308 -0.590425 0.806397
1617800169.816516 -53.2269 -22.2272 0.199739 -0.0321693 0.0218926 -0.577104 0.815743
1617800169.916204 -53.2597 -22.3976 0.180441 -0.0333697 0.0285842 -0.581908 0.812067
1617800170.015545 -53.2342 -22.5548 0.17066 -0.0294679 0.0292616 -0.555507 0.830474
1617800170.114923 -53.2657 -22.7619 0.177044 -0.0236858 0.0208714 -0.553655 0.832147
1617800170.214436 -53.2426 -22.8832 0.173641 -0.0246742 0.00330008 -0.535919 0.843903
1617800170.31404 -53.3918 -22.9806 0.143284 -0.0284977 -0.00478431 -0.534274 0.844817
1617800170.415564 -53.2861 -23.1777 0.174018 -0.0411089 -0.00414208 -0.554396 0.831227
1617800170.515811 -53.2665 -23.3951 0.211402 -0.0491132 -0.00151663 -0.554491 0.830738
1617800170.615422 -53.2891 -23.5277 0.194564 -0.051165 0.00626585 -0.54128 0.839261
1617800170.715509 -53.3013 -23.6732 0.168879 -0.0443418 0.00898823 -0.537385 0.842123
1617800170.815871 -53.2803 -23.7986 0.18011 -0.0395338 0.0116763 -0.536568 0.842849
1617800170.916117 -53.2784 -23.9878 0.17604 -0.0345411 0.018684 -0.528645 0.847934
1617800171.01655 -53.3008 -24.163 0.20653 -0.0252272 0.0344876 -0.53757 0.842136
1617800171.116535 -53.3242 -24.3116 0.216513 -0.0157737 0.0556296 -0.531629 0.845001
1617800171.216826 -53.2008 -24.499 0.243552 -0.00461653 0.0658789 -0.528543 0.846334
1617800171.315925 -53.2598 -24.5596 0.270089 0.0104169 0.07303510000000001 -0.513371 0.85499
1617800171.416139 -53.266 -24.6861 0.255797 0.0172696 0.0762905 -0.517492 0.852106
1617800171.516531 -53.3003 -24.7807 0.354452 0.016382 0.083161 -0.526088 0.8461959999999999
1617800171.617033 -53.2853 -24.8427 0.369458 0.00780471 0.0878607 -0.540341 0.8368100000000001
1617800171.717529 -53.2829 -24.9623 0.407179 -0.00457603 0.0906759 -0.562744 0.82163
1617800171.81715 -53.3011 -25.067 0.429716 -0.008477200000000001 0.0897507 -0.563261 0.821346
1617800171.916045 -53.2916 -25.1096 0.467832 0.0012441 0.08208559999999999 -0.5503130000000001 0.830913
1617800172.015664 -53.2976 -25.1909 0.502208 0.0177766 0.08132789999999999 -0.550146 0.830909
1617800172.115479 -53.2937 -25.2854 0.52305 0.0296161 0.07235220000000001 -0.548356 0.832583
1617800172.215162 -53.2492 -25.3348 0.562931 0.0379485 0.0606701 -0.533824 0.842562
1617800172.315535 -53.2975 -25.4094 0.5768259999999999 0.0359463 0.0559925 -0.5389119999999999 0.83973
1617800172.416019 -53.2956 -25.4198 0.615175 0.032645 0.053229 -0.539447 0.839701
1617800172.517004 -53.2867 -25.5062 0.687098 0.0307143 0.06426999999999999 -0.552732 0.830309
1617800172.617627 -53.3057 -25.6012 0.680715 0.0269039 0.0785855 -0.5689109999999999 0.818194
1617800172.717813 -53.2482 -25.7406 0.699383 0.0275005 0.0937558 -0.5736830000000001 0.813229
1617800172.817093 -53.2075 -25.8097 0.74265 0.0340434 0.104947 -0.563315 0.818843
1617800172.916407 -53.2085 -25.8543 0.816212 0.0369071 0.111956 -0.553308 0.824593
1617800173.016104 -53.1777 -25.9634 0.794503 0.0375044 0.105001 -0.544219 0.831501
1617800173.115773 -53.2035 -25.9973 0.895089 0.0351722 0.09128269999999999 -0.531509 0.841385
1617800173.216085 -53.2161 -26.051 0.875818 0.0267107 0.07535650000000001 -0.536817 0.839902
1617800173.316685 -53.2303 -26.2013 0.88484 0.0224215 0.0604047 -0.545703 0.835498
1617800173.416871 -53.2773 -26.2713 0.901358 0.0305964 0.0572174 -0.559389 0.826362
1617800173.516917 -53.2198 -26.4184 0.969179 0.0393338 0.0592514 -0.560705 0.824956
1617800173.616997 -53.228 -26.5304 1.00795 0.037219 0.0604138 -0.583827 0.808771
1617800173.716485 -53.1599 -26.6163 1.04205 0.0272343 0.0554268 -0.585284 0.808473
1617800173.815621 -53.1494 -26.7662 1.02662 0.0151298 0.041851 -0.584114 0.810451
1617800173.91526 -53.1419 -26.893 1.04055 0.00168998 0.0291416 -0.592724 0.804876
1617800174.014222 -53.0857 -27.0469 1.05795 -0.00109958 0.0120683 -0.572438 0.819858
1617800174.113079 -53.0861 -27.1264 1.07786 -0.00126556 0.00110543 -0.548806 0.835948
1617800174.213029 -53.0792 -27.271 1.07519 0.0040304 -0.0127585 -0.547281 0.836842
1617800174.31341 -53.0632 -27.3645 1.07216 0.00102361 -0.0245143 -0.538243 0.842433
1617800174.414641 -53.051 -27.5039 1.06132 -0.00629045 -0.0334674 -0.551191 0.833684
1617800174.515961 -52.9977 -27.723 1.0889 -0.0038649 -0.0385273 -0.56216 0.826122
1617800174.615803 -53.0229 -27.8087 1.09418 -0.00479234 -0.0371221 -0.557109 0.829595
1617800174.716702 -52.9397 -28.0393 1.12439 -0.0075658 -0.0332736 -0.567894 0.822394
1617800174.816284 -52.9633 -28.123 1.05141 -0.0126375 -0.0283212 -0.569859 0.821157
1617800174.915921 -52.8849 -28.3875 1.09744 -0.0130872 -0.0213501 -0.558009 0.829457
1617800175.015036 -52.9101 -28.4848 1.09577 -0.0082918 -0.0172188 -0.551799 0.833758
1617800175.11452 -52.8586 -28.655 1.11254 -0.00642974 -0.00752416 -0.5350009999999999 0.844794
1617800175.214491 -52.7912 -28.8515 1.14397 -0.00416817 -0.00763211 -0.522056 0.852867
1617800175.314228 -52.8132 -28.9045 1.14052 -0.0127344 -0.0103575 -0.513877 0.857707
1617800175.415339 -52.7311 -29.0611 1.14862 -0.0311566 -0.0103676 -0.519603 0.853777
1617800175.515519 -52.7075 -29.218 1.14438 -0.0386009 -0.0127547 -0.519739 0.853357
1617800175.615638 -52.6337 -29.4235 1.169 -0.0403533 -0.0112074 -0.50593 0.861557
1617800175.715513 -52.6537 -29.5601 1.15173 -0.0421566 -0.0164641 -0.503576 0.862765
1617800175.815879 -52.6205 -29.6705 1.16307 -0.045829 -0.0188254 -0.504938 0.861733
1617800175.91615 -52.5687 -29.8629 1.12928 -0.0502645 -0.0185258 -0.503204 0.862506
1617800176.01579 -52.5253 -30.0277 1.10716 -0.0506333 -0.00778418 -0.490656 0.869846
1617800176.11536 -52.4706 -30.1657 1.15636 -0.0399178 0.00244582 -0.481469 0.8755500000000001
1617800176.214961 -52.3416 -30.4694 1.16663 -0.0377424 -0.00081463 -0.449751 0.892356
1617800176.313801 -52.3779 -30.4289 1.16083 -0.0313551 -0.0121534 -0.434698 0.899948
1617800176.414721 -52.3685 -30.6014 1.15996 -0.0294242 -0.0138379 -0.454626 0.890089
1617800176.51543 -52.2931 -30.7458 1.13879 -0.0251736 0.000691761 -0.466404 0.884213
1617800176.615039 -52.1452 -31.0556 1.17314 -0.0209583 0.00385208 -0.433884 0.900717
1617800176.714381 -52.1879 -31.0168 1.20133 -0.0204975 0.00411853 -0.435221 0.900081
1617800176.815401 -52.1335 -31.1716 1.17737 -0.0258614 -0.0029781 -0.447014 0.8941480000000001
1617800176.916255 -52.1046 -31.3578 1.17842 -0.0292031 -0.00410687 -0.458915 0.8879899999999999
1617800177.016482 -52.0116 -31.6182 1.14218 -0.0204073 -0.00450759 -0.447672 0.893954
1617800177.115855 -51.9825 -31.695 1.19239 -0.00527116 -0.000840205 -0.43247 0.901632
1617800177.215644 -51.9292 -31.8191 1.21769 -0.00287817 -0.00371596 -0.421214 0.906949
1617800177.316093 -51.9393 -31.8578 1.21848 -0.008192100000000001 -0.00648558 -0.442641 0.896638
1617800177.417006 -51.8218 -32.1513 1.18442 -0.0177114 -0.014799 -0.456963 0.889186
1617800177.516221 -51.7878 -32.2207 1.20975 -0.0157184 -0.0158212 -0.453339 0.891059
1617800177.616142 -51.7154 -32.4366 1.22041 -0.0144536 -0.0181602 -0.454482 0.890454
1617800177.71564 -51.7323 -32.4164 1.21094 -0.0104977 -0.0162635 -0.471807 0.881489
1617800177.816304 -51.6632 -32.6798 1.22423 -0.0198329 -0.0107827 -0.494489 0.8688900000000001
1617800177.915521 -51.6106 -32.8232 1.22024 -0.0288008 -0.0117058 -0.495675 0.8679519999999999
1617800178.014956 -51.5822 -32.9304 1.17381 -0.0370124 -0.00406107 -0.498481 0.866101
1617800178.114963 -51.4828 -33.2209 1.20672 -0.0381383 0.00075427 -0.491238 0.870189
1617800178.214112 -51.4392 -33.3044 1.22057 -0.0333189 -0.00349128 -0.471908 0.881011
1617800178.3141 -51.3617 -33.4721 1.2223 -0.0348802 -0.018115 -0.451668 0.89132
1617800178.414637 -51.4109 -33.4612 1.23811 -0.0425983 -0.0225813 -0.470469 0.881098
1617800178.517003 -51.3093 -33.7075 1.21202 -0.0560121 -0.0362082 -0.489678 0.869349
1617800178.61678 -51.2715 -33.829 1.21111 -0.06420820000000001 -0.033548 -0.485022 0.871496
1617800178.716761 -51.1762 -34.0181 1.19075 -0.0550571 -0.0285331 -0.476382 0.877049
1617800178.816327 -51.1495 -34.1502 1.19467 -0.0465991 -0.0271867 -0.464168 0.884103
1617800178.915624 -51.0893 -34.2828 1.17272 -0.0406754 -0.0298972 -0.445359 0.8939279999999999
1617800179.015594 -51.0945 -34.3862 1.15589 -0.0406008 -0.020531 -0.450086 0.891825
1617800179.115807 -50.966 -34.6653 1.12239 -0.0321242 -0.0138619 -0.43631 0.899116
1617800179.215079 -50.9449 -34.7722 1.19195 -0.0234604 -0.008687439999999999 -0.416432 0.908822
1617800179.314877 -50.8935 -34.8388 1.17281 -0.0206666 -0.0137898 -0.408934 0.912226
1617800179.415654 -50.8574 -34.9625 1.13047 -0.0189838 -0.0216584 -0.416869 0.90851
1617800179.51668 -50.8249 -35.1501 1.16436 -0.0170126 -0.0145356 -0.459669 0.887808
1617800179.61772 -50.7046 -35.2982 1.15326 -0.0152352 -0.00451138 -0.471396 0.881779
1617800179.71684 -50.6451 -35.4412 1.14712 -0.0123504 0.0028518 -0.470877 0.882108
1617800179.816115 -50.5921 -35.5848 1.1602 -0.00722299 0.0062072 -0.46821 0.883566
1617800179.915285 -50.565 -35.7044 1.13893 -0.00329116 0.00235453 -0.467562 0.883951
1617800180.015056 -50.5304 -35.8401 1.12796 -0.00439258 0.00516348 -0.477785 0.87845
1617800180.115392 -50.486 -36.0169 1.11292 -0.00249516 0.00428047 -0.48567 0.874128
1617800180.214894 -50.4248 -36.1165 1.16983 -0.00109799 0.00141432 -0.47099 0.8821369999999999
1617800180.315444 -50.4198 -36.2337 1.15733 0.0019513 0.00233403 -0.487686 0.873014
1617800180.415996 -50.3854 -36.3245 1.16313 -0.00632911 0.0021805 -0.497029 0.867708
1617800180.516479 -50.3547 -36.4687 1.14373 -0.0112403 -0.00643465 -0.515631 0.8567129999999999
1617800180.617303 -50.2771 -36.5931 1.12831 -0.0200928 -0.0193191 -0.541122 0.840482
1617800180.717133 -50.3343 -36.7074 1.17436 -0.0233964 -0.0184657 -0.574433 0.818009
1617800180.817753 -50.3024 -36.8091 1.15381 -0.0261149 -0.0157657 -0.613447 0.789146
1617800180.917241 -50.3237 -36.9087 1.1912 -0.0300024 -0.0128507 -0.656758 0.753395
1617800181.017065 -50.3252 -37.0661 1.12774 -0.0416565 -0.0103489 -0.697908 0.7149
1617800181.116464 -50.3497 -37.1206 1.08929 -0.0487661 -0.0144686 -0.7296859999999999 0.681888
1617800181.216879 -50.3709 -37.175 1.10398 -0.0450882 -0.0243523 -0.781168 0.622214
1617800181.316091 -50.41 -37.2306 1.12277 -0.0421767 -0.0307831 -0.818025 0.572807
1617800181.417395 -50.3946 -37.2332 1.11994 0.0352517 0.0252775 0.881397 -0.47038
1617800181.517499 -50.3632 -37.2322 1.11186 0.0254329 0.0209817 0.927189 -0.37314
1617800181.61812 -50.5037 -37.205 1.07811 0.015274 0.0128396 0.966082 -0.257463
1617800181.717435 -50.5956 -37.2466 1.08922 0.00541758 0.00658837 0.987075 -0.160033
1617800181.817212 -50.6501 -37.1966 1.03571 -0.00960422 0.00755009 0.999143 -0.0395541
1617800181.916387 -50.7209 -37.0467 1.05808 -0.0157479 0.0141861 0.99758 0.0662179
1617800182.015492 -50.7608 -36.984 1.06703 -0.0200342 0.0164908 0.986464 0.161914
1617800182.114752 -50.8225 -36.8664 1.06225 -0.0213761 0.009758299999999999 0.967176 0.253018
1617800182.21405 -50.8707 -36.9461 1.08635 -0.0104447 0.00424855 0.938654 0.344676
1617800182.313442 -51.002 -36.7172 1.08791 -0.0175526 -0.00746712 0.910148 0.413845
1617800182.412992 -50.9888 -36.6441 1.08972 -0.0197679 -0.00339208 0.8909010000000001 0.453755
1617800182.512884 -51.0176 -36.4271 1.03283 -0.0114039 0.0104425 0.8722 0.488906
1617800182.612793 -51.0327 -36.2843 1.05166 -0.00358708 0.019853 0.861614 0.5071639999999999
1617800182.71359 -51.0772 -36.1666 1.06999 0.00949375 0.0272654 0.838604 0.543975
1617800182.814735 -51.0807 -35.9958 1.1095 0.0154632 0.0235519 0.823093 0.567207
1617800182.915317 -51.1188 -35.8258 1.13359 0.00337154 0.009647670000000001 0.808815 0.587974
1617800183.016539 -51.1045 -35.6281 1.11531 0.00419819 0.00625685 0.796926 0.60403
1617800183.116234 -51.1775 -35.4866 1.09971 0.00347991 -0.00541496 0.807805 0.589414
1617800183.21631 -51.1502 -35.305 1.07839 0.00111201 -0.0198226 0.804867 0.593123
1617800183.316089 -51.1782 -35.1312 1.13111 -0.0164765 -0.0303025 0.808218 0.587872
1617800183.416447 -51.2293 -34.8522 1.11815 -0.0192012 -0.0200796 0.810624 0.584908
1617800183.515293 -51.2456 -34.738 1.09919 -0.0102023 -0.00209512 0.834199 0.551365
1617800183.615131 -51.2464 -34.6187 1.07872 -0.00925306 0.00186332 0.835777 0.548987
1617800183.715733 -51.2294 -34.5087 1.09598 -0.0185392 0.00157944 0.825169 0.5645790000000001
1617800183.817028 -51.3038 -34.1885 1.10995 -0.0181255 0.0149216 0.81632 0.5771230000000001
1617800183.916575 -51.3076 -34.0832 1.12301 -0.0329081 0.015628 0.819755 0.571555
1617800184.017002 -51.3272 -33.8747 1.11561 -0.0256814 0.0214006 0.812356 0.582203
1617800184.116458 -51.3789 -33.7097 1.14623 -0.0230239 0.007852090000000001 0.821569 0.569589
1617800184.216217 -51.3546 -33.5844 1.14122 -0.0285807 -0.0105759 0.816288 0.576841
1617800184.316609 -51.4217 -33.239 1.15718 -0.0296657 -0.0123168 0.818098 0.574182
1617800184.415379 -51.434 -33.1235 1.13927 -0.0278283 -0.00217376 0.842356 0.538199
1617800184.514996 -51.4475 -32.9738 1.13334 -0.0135491 0.0120656 0.8579 0.513496
1617800184.61553 -51.4017 -32.9504 1.15084 -0.00151941 0.00759268 0.851527 0.524253
1617800184.717276 -51.426 -32.7952 1.16309 0.00356936 -0.00760155 0.8346980000000001 0.550644
1617800184.818238 -51.4802 -32.457 1.17008 0.00517277 -0.0180131 0.833403 0.552348
1617800184.917048 -51.4767 -32.4345 1.19189 -0.0059422 -0.0185 0.843652 0.536538
1617800185.018079 -51.5181 -32.1188 1.16343 -0.0101428 -0.0119173 0.830417 0.5569229999999999
1617800185.117297 -51.5584 -31.9426 1.16665 -0.0208652 -0.0100929 0.842152 0.538741
1617800185.217258 -51.5656 -31.8537 1.1693 -0.0423735 -0.00448741 0.833584 0.550747
1617800185.318081 -51.6254 -31.5062 1.16453 -0.0549275 4.85982e-05 0.828757 0.556907
1617800185.416113 -51.6719 -31.3443 1.14762 -0.0545713 0.0116733 0.858038 0.5105460000000001
1617800185.516215 -51.6816 -31.1831 1.14744 -0.049359 0.0126238 0.858175 0.510823
1617800185.616597 -51.6547 -31.122 1.11784 -0.0420802 0.00335773 0.856644 0.514178
1617800185.718149 -51.699 -30.8756 1.13936 -0.0364836 -0.00327704 0.839259 0.542497
1617800185.818234 -51.7464 -30.6725 1.17006 -0.0342058 -0.0127366 0.841665 0.538765
1617800185.917596 -51.7709 -30.5311 1.19933 -0.0314373 -0.0169032 0.840148 0.541181
1617800186.017644 -51.7564 -30.2831 1.13765 -0.0275331 -0.0212858 0.838125 0.544367
1617800186.116466 -51.7988 -30.057 1.1399 -0.0137589 -0.0244499 0.856962 0.514616
1617800186.215265 -51.7827 -29.99 1.12039 -0.0105252 -0.0185761 0.862569 0.505489
1617800186.31634 -51.8015 -29.7481 1.09395 -0.0164372 -0.00659545 0.851758 0.523637
1617800186.415866 -51.8674 -29.5609 1.10306 -0.0241802 0.0043674 0.8606470000000001 0.508609
1617800186.515879 -51.8677 -29.4093 1.13113 -0.022322 0.00806315 0.859365 0.510811
1617800186.616028 -51.9313 -29.2482 1.11733 -0.0112336 0.00435299 0.857674 0.514053
1617800186.716398 -51.9619 -29.1178 1.11386 -0.0132895 -0.0108601 0.847821 0.5300049999999999
1617800186.816935 -52.0402 -28.7813 1.12407 -0.0292841 -0.0208319 0.8357869999999999 0.547876
1617800186.915424 -52.0537 -28.6511 1.12327 -0.0259195 -0.0233374 0.8566550000000001 0.51471
1617800187.014719 -52.084 -28.4958 1.08113 -0.0154759 -0.0134656 0.863442 0.504032
1617800187.11504 -52.1058 -28.3076 1.0224 -0.0173785 0.00201079 0.861978 0.506644
1617800187.214887 -52.1143 -28.1019 1.03516 -0.0174113 0.0255103 0.869749 0.492527
1617800187.315005 -52.186 -27.905 1.0824 -0.0101513 0.0374038 0.876036 0.480687
1617800187.415212 -52.2077 -27.7312 1.10405 -0.00574955 0.0348591 0.878867 0.475757
1617800187.515352 -52.252 -27.6114 1.11147 0.00738842 0.0257578 0.881488 0.471445
1617800187.616346 -52.2809 -27.4935 1.07655 0.016403 0.0100789 0.8701989999999999 0.492325
1617800187.716952 -52.3742 -27.2975 1.06485 0.0190955 -0.00212856 0.865695 0.500202
1617800187.816556 -52.3858 -27.1597 1.06312 0.0133049 -0.00579358 0.860616 0.509047
1617800187.916875 -52.4798 -26.9265 1.08648 0.0034481 -0.00830759 0.861109 0.508342
1617800188.015966 -52.4998 -26.8128 1.06394 0.00393058 -0.00682917 0.864938 0.501816
1617800188.115972 -52.5133 -26.6195 1.07443 -0.000879482 -0.0220752 0.863429 0.503986
1617800188.21589 -52.6085 -26.5065 1.09824 -0.00930988 -0.0455753 0.869461 0.491807
1617800188.31615 -52.6801 -26.3289 1.09 -0.0137722 -0.06302629999999999 0.873598 0.482353
1617800188.41588 -52.7264 -26.1896 1.0507 -0.0156612 -0.0599474 0.88198 0.467196
1617800188.516006 -52.7892 -26.0259 1.01186 -0.01445 -0.0412382 0.890819 0.452251
1617800188.616419 -52.838 -25.8976 1.0381 -0.00496103 -0.0302649 0.895584 0.443834
1617800188.717469 -52.8412 -25.7321 1.03847 0.0115942 -0.0378739 0.886022 0.461948
1617800188.818017 -52.872 -25.5964 0.9907859999999999 0.0298175 -0.0467387 0.880907 0.47003
1617800188.917845 -52.9162 -25.5222 0.970243 0.0338897 -0.0461106 0.877316 0.476489
1617800189.01785 -52.9811 -25.3061 0.926965 0.0362334 -0.0391904 0.874021 0.482948
1617800189.116525 -53.0444 -25.1442 0.964776 0.0370495 -0.0238139 0.888117 0.457502
1617800189.215011 -53.0483 -25.0889 0.919506 0.0354728 -0.00998099 0.899678 0.434996
1617800189.314937 -53.1015 -24.955 0.876758 0.0472706 -0.00780706 0.904217 0.424377
1617800189.41499 -53.0942 -24.8484 0.751285 0.0593764 0.00258857 0.904909 0.421435
1617800189.515756 -53.1148 -24.7062 0.702371 0.0618736 0.0163144 0.901922 0.427133
1617800189.616443 -53.1776 -24.6084 0.652554 0.0563352 0.017918 0.901299 0.429145
1617800189.716645 -53.2398 -24.4597 0.641115 0.048452 0.00578659 0.905284 0.421995
1617800189.816581 -53.4075 -24.3378 0.585144 0.0449638 -0.00287253 0.915676 0.399384
1617800189.915562 -53.3577 -24.3134 0.495644 0.0409728 -0.00176381 0.9249810000000001 0.377793
1617800190.016799 -53.378 -24.138 0.441393 0.0198455 -0.0108569 0.91178 0.410055
1617800190.117232 -53.6078 -24.0147 0.411062 0.000752666 -0.0130527 0.923001 0.384575
1617800190.215547 -53.7078 -23.9529 0.384707 0.000406076 -0.0163487 0.940242 0.340113
1617800190.315088 -53.7743 -23.8183 0.346485 -0.00256072 -0.0287086 0.94783 0.317471
1617800190.414685 -53.8273 -23.7703 0.203651 0.00161139 -0.0384794 0.958824 0.281378
1617800190.515126 -53.9965 -23.6661 0.132975 0.00158276 -0.029759 0.96756 0.250877
1617800190.615001 -54.0743 -23.6425 0.134799 0.0106305 -0.0229286 0.977529 0.209278
1617800190.715443 -54.0652 -23.5022 0.141958 0.0105556 -0.0286721 0.98262 0.183094
1617800190.816203 -54.2444 -23.4765 0.184007 0.00734487 -0.0348167 0.988061 0.149897
1617800190.916459 -54.3542 -23.4375 0.158533 0.00767444 -0.0361034 0.992285 0.118357
1617800191.016264 -54.481 -23.4031 0.155706 0.0106991 -0.0420402 0.997637 0.053277
1617800191.116077 -54.5475 -23.4769 0.135535 0.0118334 -0.035046 0.999248 0.0116663
1617800191.21542 -54.5984 -23.4184 0.156967 0.0122427 -0.0236915 0.997055 -0.071897
1617800191.315523 -54.7841 -23.3877 0.153046 0.0203325 -0.0125515 0.990516 -0.135302
1617800191.416215 -54.8142 -23.3386 0.0907168 0.0296348 -0.008837660000000001 0.983777 -0.176712
1617800191.517621 -54.9181 -23.2615 0.149713 0.0392622 -0.0178289 0.980005 -0.194244
1617800191.618232 -55.0368 -23.2328 0.146363 0.0435378 -0.0280062 0.973915 -0.220928
1617800191.718451 -55.197 -23.3268 0.14163 0.0354121 -0.0300129 0.9653620000000001 -0.256752
1617800191.817687 -55.3088 -23.2782 0.15194 0.0242006 -0.0348938 0.95723 -0.286196
1617800191.917534 -55.4483 -23.3352 0.106345 0.0123891 -0.0352658 0.949218 -0.312392
1617800192.016628 -55.6337 -23.4251 0.0580815 -0.00338618 -0.028665 0.93228 -0.360584
1617800192.115883 -55.7175 -23.3679 0.079621 -0.0221101 -0.046572 0.917971 -0.393283
1617800192.216441 -55.873 -23.5403 0.108618 -0.0340506 -0.0485133 0.906864 -0.417234
1617800192.31583 -55.9722 -23.5146 0.161715 -0.031825 -0.0477786 0.889258 -0.453788
1617800192.416387 -56.0342 -23.5453 0.0592448 -0.0173685 -0.0363976 0.877586 -0.477721
1617800192.517137 -56.1442 -23.5971 0.104382 -0.00238892 -0.0291114 0.874592 -0.48398
1617800192.618482 -56.2773 -23.6712 0.142806 0.00266371 -0.0416914 0.883559 -0.466452
1617800192.718934 -56.4587 -23.8553 0.0989275 -0.00152226 -0.0482026 0.882151 -0.468491
1617800192.818156 -56.5764 -23.9238 0.13301 -0.0211745 -0.0561434 0.873265 -0.483537
1617800192.917508 -56.6739 -23.9701 0.142298 -0.0271008 -0.0573707 0.8638439999999999 -0.499748
1617800193.017129 -56.792 -24.0902 0.174166 0.0202163 0.0508093 -0.86314 0.501995
1617800193.117397 -56.8844 -24.2251 0.149588 0.012559 0.0521847 -0.862255 0.503622
1617800193.215642 -56.8835 -24.4452 0.201438 0.0130346 0.0440006 -0.820294 0.570098
1617800193.313565 -57.0284 -24.3686 0.199254 0.0141694 0.0268947 -0.775977 0.630028
1617800193.415268 -57.2463 -24.4688 0.12259 0.00663248 0.0179299 -0.789316 0.61369
1617800193.518719 -57.3543 -24.5765 0.149732 -0.00630166 0.0142589 -0.828802 0.559325
1617800193.619275 -57.3441 -24.7164 0.135002 -0.0118671 0.0101888 -0.824505 0.565639
1617800193.719175 -57.48 -24.8841 0.168009 -0.0163935 0.0303455 -0.825662 0.56311
1617800193.819203 -57.5425 -25.0054 0.157764 -0.008639849999999999 0.0479634 -0.830365 0.555084
1617800193.9168 -57.5164 -25.2066 0.130727 -0.0063435 0.0407502 -0.776759 0.6284459999999999
1617800194.015351 -57.7314 -25.276 0.170396 -0.012622 0.0383747 -0.762146 0.646143
1617800194.116167 -57.7103 -25.4011 0.118773 -0.0118383 0.0529975 -0.754869 0.653624
1617800194.216088 -57.6643 -25.6513 0.132773 -0.0118036 0.0446322 -0.724047 0.688204
1617800194.314574 -57.8207 -25.7247 0.148373 -0.015308 0.0308737 -0.667535 0.74378
1617800194.415771 -57.9228 -25.8508 0.146774 -0.0132699 0.0319608 -0.663546 0.7473340000000001
1617800194.51737 -57.9083 -25.9753 0.0768586 -0.017234 0.0313668 -0.658956 0.751329
1617800194.618078 -57.9259 -26.1854 0.07181750000000001 -0.0180868 0.0324123 -0.641812 0.765964
1617800194.718149 -57.935 -26.3307 0.09829880000000001 -0.00738159 0.043266 -0.623579 0.780527
1617800194.81775 -57.9925 -26.4464 0.126345 -0.00686889 0.0457347 -0.607297 0.7931280000000001
1617800194.917934 -57.984 -26.6268 0.0966359 -0.00446367 0.0509148 -0.6003039999999999 0.798137
1617800195.017853 -57.9706 -26.7921 0.0573971 -0.00618913 0.0542097 -0.594322 0.802374
1617800195.116962 -57.9858 -26.9561 0.0726209 -0.00034723 0.0719791 -0.5634670000000001 0.822997
1617800195.216317 -58.0269 -27.0727 0.0792611 0.0102572 0.0788604 -0.552628 0.8296249999999999
1617800195.316334 -57.9726 -27.2607 0.102566 0.0129204 0.07733810000000001 -0.539385 0.838401
1617800195.415947 -57.9373 -27.3542 0.135149 0.00400812 0.0669927 -0.5221440000000001 0.850212
1617800195.516232 -57.9922 -27.5369 0.10277 -0.00462496 0.0591615 -0.529466 0.846253
1617800195.616958 -57.9843 -27.6556 0.118166 -0.0114154 0.065805 -0.541377 0.838123
1617800195.717074 -57.8869 -27.8631 0.0945025 -0.0036712 0.0725156 -0.544167 0.835829
1617800195.815994 -57.8664 -27.9945 0.07219059999999999 -0.00416764 0.0767259 -0.530782 0.844018
1617800195.91589 -57.8469 -28.1577 0.117714 -0.0150101 0.0847922 -0.533681 0.841291
1617800196.015439 -57.8155 -28.2921 0.160273 -0.0252436 0.078805 -0.527069 0.845784
1617800196.115309 -57.7552 -28.463 0.115712 -0.037784 0.079193 -0.521064 0.8489950000000001
1617800196.215159 -57.7373 -28.6584 0.143316 -0.0338115 0.0783837 -0.511772 0.854869
1617800196.314699 -57.7333 -28.8054 0.179922 -0.0224005 0.0773408 -0.493969 0.865743
1617800196.415018 -57.736 -28.898 0.207702 -0.0170084 0.0696083 -0.493958 0.866528
1617800196.515682 -57.7042 -29.0824 0.17002 -0.0204514 0.0450861 -0.497424 0.866094
1617800196.616569 -57.6725 -29.232 0.187943 -0.0207491 0.0227494 -0.512035 0.858413
1617800196.716785 -57.6914 -29.3661 0.170291 -0.0167729 0.0119007 -0.519738 0.854078
1617800196.817055 -57.6606 -29.4887 0.289088 -0.0103089 0.00811954 -0.538779 0.842345
1617800196.917269 -57.5755 -29.6907 0.22012 -0.00775662 -0.00659233 -0.552179 0.833663
1617800197.016066 -57.5573 -29.8913 0.197215 -0.00633575 -0.0226651 -0.530589 0.847303
1617800197.115542 -57.5898 -29.9699 0.216871 0.00359371 -0.0246023 -0.5389389999999999 0.841978
1617800197.216415 -57.56 -30.2035 0.230639 0.00637867 -0.0142428 -0.557701 0.829895
1617800197.316201 -57.5231 -30.3739 0.184902 0.0178575 -0.00681445 -0.553102 0.832894
1617800197.416136 -57.4603 -30.5204 0.2798 0.0205775 -0.00153351 -0.556821 0.830376
1617800197.516108 -57.4346 -30.6045 0.228666 0.00328918 -0.00770618 -0.565658 0.824597
1617800197.616432 -57.3229 -30.8826 0.25739 -0.00516357 -0.0278268 -0.557847 0.829461
1617800197.716233 -57.3211 -30.9387 0.287201 -0.0013755 -0.0331184 -0.555808 0.830649
1617800197.816789 -57.3012 -31.1127 0.229496 0.000236933 -0.0257415 -0.5604749999999999 0.827771
1617800197.917586 -57.2465 -31.2784 0.211382 0.008971170000000001 -0.0164779 -0.575833 0.817352
1617800198.017221 -57.2048 -31.4388 0.304313 0.0102532 -0.0129432 -0.566812 0.823681
1617800198.117006 -57.1368 -31.6059 0.351956 0.0141442 -0.00414671 -0.564696 0.825168
1617800198.217036 -57.1348 -31.7594 0.274753 0.012747 0.0104594 -0.568838 0.822284
1617800198.316371 -57.0388 -32.0316 0.224601 0.0188534 0.00432353 -0.537868 0.842807
1617800198.415293 -57.0458 -32.0692 0.225753 0.0280334 0.0106907 -0.527767 0.848859
1617800198.515889 -56.9742 -32.2307 0.254186 0.0223176 0.00982674 -0.539485 0.841642
1617800198.616394 -56.9293 -32.3333 0.254921 0.0177941 0.010302 -0.546493 0.837211
1617800198.71704 -56.8644 -32.5738 0.228714 0.0155709 0.0127015 -0.5631699999999999 0.826097
1617800198.816863 -56.8111 -32.7429 0.205477 0.008289929999999999 0.0244654 -0.551946 0.83348
1617800198.916282 -56.7407 -32.8988 0.285944 0.00424738 0.0264792 -0.546975 0.836719
1617800199.01632 -56.6955 -33.0867 0.241601 0.00436541 0.0268903 -0.551388 0.833804
1617800199.116051 -56.6505 -33.2545 0.236612 0.00616808 0.029358 -0.544201 0.838418
1617800199.21595 -56.6259 -33.3039 0.312444 0.0109141 0.0399101 -0.546736 0.836282
1617800199.316215 -56.5371 -33.5096 0.257157 0.00623596 0.0450893 -0.543468 0.838195
1617800199.416394 -56.4943 -33.7533 0.285102 -0.0009365760000000001 0.0427339 -0.541328 0.8397250000000001
1617800199.515939 -56.427 -33.8854 0.230562 -0.0117038 0.0260846 -0.522133 0.8523849999999999
1617800199.61638 -56.4164 -33.9485 0.257332 -0.0158743 0.0137414 -0.541156 0.84066
1617800199.717644 -56.3575 -34.1279 0.249911 -0.0199127 0.0208368 -0.564789 0.824732
1617800199.81786 -56.2727 -34.3229 0.308809 -0.0190682 0.02048 -0.561709 0.826862
1617800199.917128 -56.2625 -34.4521 0.348942 -0.0164666 0.0228435 -0.5691619999999999 0.821743
1617800200.017198 -56.2169 -34.6246 0.30961 -0.0127282 0.0270459 -0.578294 0.815281
1617800200.116406 -56.1529 -34.7913 0.281245 -0.0169872 0.0311859 -0.570608 0.820454
1617800200.215894 -56.1112 -34.9491 0.268358 -0.021207 0.0457413 -0.57663 0.815448
1617800200.315665 -56.0053 -35.2407 0.325243 -0.0311553 0.0517681 -0.556992 0.828317
1617800200.4142 -56.0251 -35.2744 0.327493 -0.0318295 0.0469908 -0.53599 0.842314
1617800200.514405 -55.9544 -35.493 0.356456 -0.0380127 0.0297252 -0.524549 0.850012
1617800200.614478 -55.9387 -35.5408 0.341817 -0.0310769 0.00753438 -0.522209 0.852218
1617800200.715608 -55.8803 -35.7546 0.323987 -0.02651 -0.0115944 -0.529469 0.847836
1617800200.815959 -55.8287 -35.9135 0.355149 -0.0203058 -0.0165831 -0.52539 0.850458
1617800200.916398 -55.8472 -36.0601 0.33493 -0.0114182 -0.0151142 -0.542627 0.83976
1617800201.01669 -55.8024 -36.2673 0.281883 -0.009456340000000001 -0.014417 -0.543029 0.839537
1617800201.115906 -55.7546 -36.4312 0.2825 -0.00589592 -0.0140063 -0.536138 0.843994
1617800201.215328 -55.7338 -36.6056 0.273701 -0.00220823 -0.00286888 -0.534944 0.844879
1617800201.315162 -55.6493 -36.8263 0.321662 -0.000199039 0.00323217 -0.523508 0.852015
1617800201.414095 -55.6189 -36.9644 0.334671 0.00443232 0.0008839679999999999 -0.504607 0.863337
1617800201.514025 -55.5734 -37.0426 0.343768 0.00677996 -0.00738492 -0.497478 0.8674190000000001
1617800201.614979 -55.5199 -37.2053 0.348399 0.00448484 -0.0133761 -0.506916 0.86188
1617800201.716116 -55.4821 -37.3959 0.32778 0.0007152699999999999 -0.0118497 -0.519639 0.854304
1617800201.816517 -55.3946 -37.5471 0.361857 -0.00216326 0.0010431 -0.516219 0.856453
1617800201.917135 -55.3784 -37.7027 0.326227 -0.00483448 0.0114664 -0.534793 0.8448909999999999
1617800202.016716 -55.2857 -37.9353 0.369213 -0.0136827 0.008959460000000001 -0.520401 0.853765
1617800202.115875 -55.2605 -38.0614 0.348139 -0.0157581 -0.00171825 -0.507397 0.861567
1617800202.215411 -55.2007 -38.1664 0.330508 -0.0132093 -0.000379242 -0.504122 0.863532
1617800202.316017 -55.1502 -38.4182 0.334679 -0.0122672 0.0081221 -0.5109089999999999 0.859509
1617800202.415208 -55.1151 -38.5371 0.365083 -0.0100752 0.0105741 -0.490711 0.8712
1617800202.515034 -55.0435 -38.6568 0.367696 -0.0123653 -0.0017853 -0.475606 0.879569
1617800202.615356 -55.0563 -38.757 0.340423 -0.0115421 -0.0113362 -0.484885 0.874428
1617800202.716258 -54.9341 -38.9694 0.320971 -0.0163452 -0.0177955 -0.483283 0.875131
1617800202.816271 -54.918 -39.0955 0.381702 -0.0117556 -0.00924926 -0.490925 0.871073
1617800202.916283 -54.8404 -39.2592 0.380969 -0.0123692 -0.0030315 -0.482775 0.875652
1617800203.015883 -54.7817 -39.4417 0.369241 -0.008892850000000001 -0.00814785 -0.471068 0.882015
1617800203.116117 -54.726 -39.6199 0.293754 -0.010445 -0.0125517 -0.472843 0.880995
1617800203.216018 -54.6751 -39.7452 0.355671 -0.012303 -0.0102283 -0.459766 0.887896
1617800203.316018 -54.5964 -39.942 0.352849 -0.00911694 -0.0165611 -0.446205 0.8947310000000001
1617800203.415475 -54.5874 -40.0678 0.385488 0.0019132 -0.0137301 -0.426756 0.904261
1617800203.516067 -54.4925 -40.215 0.353976 0.00267677 -0.0157913 -0.423833 0.905599
1617800203.616182 -54.4288 -40.3364 0.334314 0.00185318 -0.0207614 -0.41652 0.908887
1617800203.716801 -54.373 -40.4972 0.354141 0.0023056 -0.0167875 -0.424588 0.905228
1617800203.817566 -54.2638 -40.6852 0.333845 -0.000892924 -0.00124678 -0.435615 0.900132
1617800203.917588 -54.2062 -40.8548 0.367343 -0.00623269 0.0158672 -0.436794 0.8994
1617800204.017055 -54.103 -41.0257 0.350715 -0.00507645 0.0212827 -0.42615 0.904388
1617800204.116159 -54.0047 -41.1821 0.34233 -0.00505678 0.0220156 -0.407422 0.912961
1617800204.215309 -53.953 -41.2882 0.344146 -0.0114597 0.0333509 -0.388447 0.9207959999999999
1617800204.315708 -53.7991 -41.4853 0.375886 -0.0145124 0.0512851 -0.386954 0.920557
1617800204.414085 -53.7355 -41.5954 0.389953 -0.0166974 0.0507852 -0.336929 0.940011
1617800204.513971 -53.6485 -41.6613 0.381182 -0.0173881 0.0383237 -0.317791 0.947226
1617800204.614028 -53.6414 -41.8055 0.361326 -0.0158051 0.026457 -0.301107 0.9530920000000001
1617800204.715305 -53.5871 -41.9698 0.368222 -0.0169549 0.0238645 -0.323071 0.945922
1617800204.816523 -53.4297 -42.1038 0.38306 -0.02318 0.0330577 -0.332684 0.942174
1617800204.916453 -53.3392 -42.2507 0.383996 -0.0296316 0.0385738 -0.331074 0.94235
1617800205.015706 -53.1963 -42.3234 0.382744 -0.0244625 0.0312271 -0.30126 0.952717
1617800205.115013 -53.1115 -42.5099 0.370907 -0.022132 0.0172223 -0.271863 0.961927
1617800205.214568 -53.0788 -42.6256 0.374062 -0.020061 0.0151837 -0.248455 0.968317
1617800205.314899 -52.9168 -42.7614 0.382134 -0.00755434 0.0159262 -0.231781 0.972608
1617800205.414611 -52.855 -42.8769 0.398759 -0.0028188 0.0195486 -0.214964 0.976422
1617800205.514875 -52.7235 -42.9421 0.388365 -0.00444781 0.017936 -0.192454 0.981132
1617800205.614866 -52.6026 -43.0229 0.376379 -0.00996057 0.0119897 -0.17342 0.984725
1617800205.715155 -52.4929 -43.1169 0.359751 -0.0201833 0.0218287 -0.163366 0.986117
1617800205.815464 -52.263 -43.1987 0.402782 -0.0278184 0.0318994 -0.143431 0.9887550000000001
1617800205.914609 -52.1971 -43.2614 0.42097 -0.0296889 0.0359839 -0.105905 0.993281
1617800206.01471 -52.0353 -43.3528 0.399342 -0.0309452 0.0398952 -0.07616870000000001 0.995816
1617800206.115023 -51.9451 -43.4815 0.377518 -0.0407716 0.0490203 -0.06952750000000001 0.99554
1617800206.215463 -51.7546 -43.4712 0.39539 -0.0479341 0.0563217 -0.0436522 0.996306
1617800206.31542 -51.5292 -43.5448 0.384586 -0.0451027 0.059882 -0.0214611 0.996955
1617800206.414419 -51.4523 -43.534 0.41558 -0.0324745 0.0495577 0.0296517 0.997803
1617800206.514623 -51.3894 -43.5658 0.380376 -0.0204737 0.0363309 0.0396915 0.998341
1617800206.615735 -51.2114 -43.638 0.371543 -0.00490025 0.0177496 0.0420922 0.9989440000000001
1617800206.716413 -51.1977 -43.6513 0.382361 -0.00285228 0.0123797 0.0280704 0.999525
1617800206.817738 -50.9521 -43.7607 0.428567 -0.00447525 0.0203573 0.00287564 0.999779
1617800206.917536 -50.872 -43.7816 0.432195 -0.007995769999999999 0.0358125 -0.008304580000000001 0.999292
1617800207.017693 -50.6178 -43.7958 0.434148 -0.008065950000000001 0.0403704 -0.0158364 0.999027
1617800207.116902 -50.5069 -43.8779 0.391331 -0.0172461 0.038813 -0.0315087 0.998601
1617800207.216575 -50.3387 -43.9193 0.380329 -0.0135085 0.0447342 -0.0405945 0.998082
1617800207.315949 -50.2149 -43.9895 0.399756 -0.00399096 0.0554261 -0.065428 0.996309
1617800207.415692 -50.0899 -44.0826 0.44307 -0.00695083 0.0664415 -0.0856788 0.994081
1617800207.516433 -49.9188 -44.0816 0.4314 -0.0085366 0.0612383 -0.133035 0.989181
1617800207.616988 -49.7931 -44.1107 0.400972 -0.00722061 0.043558 -0.175143 0.983553
1617800207.717506 -49.6622 -44.2778 0.401833 -0.00688281 0.0317738 -0.220151 0.974924
1617800207.818073 -49.5638 -44.3054 0.415187 0.00210419 0.032859 -0.274089 0.96114
1617800207.917775 -49.4033 -44.4845 0.439813 0.0129922 0.0354993 -0.30917 0.950255
1617800208.017551 -49.3325 -44.5845 0.44606 0.0229573 0.0371117 -0.359804 0.932007
1617800208.117043 -49.1766 -44.6859 0.445975 0.0177407 0.0306614 -0.399695 0.915963
1617800208.216537 -49.0744 -44.8761 0.432096 0.0124632 0.0271118 -0.419626 0.907207
1617800208.31529 -49.0238 -45.0146 0.42484 0.0189852 0.0226631 -0.432536 0.901132
1617800208.414854 -48.9866 -45.143 0.479764 0.0191867 0.0186795 -0.447569 0.893848
1617800208.515596 -48.8617 -45.2968 0.479203 0.009871339999999999 0.0122208 -0.489536 0.871842
1617800208.61588 -48.8033 -45.4017 0.46256 -0.00362616 -0.00292562 -0.512194 0.858857
1617800208.716604 -48.7318 -45.5995 0.455217 -0.0123024 -0.0179404 -0.535 0.844572
1617800208.816661 -48.6923 -45.695 0.514315 -0.0101607 -0.0170298 -0.5414870000000001 0.840475
1617800208.917102 -48.631 -45.8525 0.535003 -0.0146576 -0.0115599 -0.565972 0.824213
1617800209.017518 -48.5526 -46.0713 0.498065 -0.0199153 -0.0108634 -0.575691 0.817353
1617800209.117218 -48.511 -46.2545 0.474653 -0.0198601 -0.0169702 -0.579206 0.814762
1617800209.216654 -48.4572 -46.446 0.467474 -0.0177634 -0.0258292 -0.565116 0.824415
1617800209.31558 -48.4271 -46.5542 0.490632 -0.00742461 -0.0362743 -0.548589 0.835272
1617800209.415435 -48.3814 -46.632 0.54295 0.00648408 -0.0423553 -0.546238 0.836534
1617800209.515866 -48.3691 -46.8646 0.499121 0.00264297 -0.0454198 -0.558453 0.828288
1617800209.615619 -48.3225 -46.9859 0.474912 -0.00128568 -0.0522909 -0.5517339999999999 0.832378
1617800209.715626 -48.3241 -47.144 0.462367 0.000384094 -0.0578867 -0.562032 0.825087
1617800209.816311 -48.2721 -47.3441 0.480347 0.00891487 -0.0477961 -0.574075 0.817358
1617800209.916346 -48.2617 -47.4234 0.509254 0.0150954 -0.0296174 -0.583437 0.811478
1617800210.01687 -48.1587 -47.7336 0.496109 0.0124706 -0.0187915 -0.596317 0.802432
1617800210.115902 -48.1116 -47.8905 0.476962 -0.000894639 -0.0182706 -0.5814780000000001 0.813357
1617800210.215606 -48.0669 -48.0725 0.489859 -0.0112137 -0.0126271 -0.574155 0.818573
1617800210.31507 -48.0208 -48.2203 0.441312 -0.00653264 -0.008416369999999999 -0.560589 0.828026
1617800210.414739 -47.9285 -48.4348 0.47279 0.00371327 -0.0140139 -0.523898 0.851657
1617800210.514513 -47.9634 -48.5354 0.477505 0.00604611 -0.0160852 -0.521027 0.853367
1617800210.615421 -47.9199 -48.6169 0.480354 0.00263744 -0.0153433 -0.525637 0.850567
1617800210.71672 -47.887 -48.7981 0.506621 -0.0019234 -0.00290759 -0.551932 0.833882
1617800210.817381 -47.8027 -49.0654 0.475657 -0.009986190000000001 0.0252666 -0.547868 0.836124
1617800210.916463 -47.6525 -49.2218 0.500507 -0.00387687 0.0335663 -0.522217 0.852143
1617800211.016132 -47.6111 -49.3949 0.488264 0.000974338 0.0335487 -0.5106000000000001 0.859163
1617800211.116106 -47.5689 -49.5483 0.462108 -0.00180895 0.0271787 -0.494476 0.868764
1617800211.216386 -47.593 -49.6685 0.468392 -0.0046272 0.0313486 -0.486766 0.872958
1617800211.317062 -47.5731 -49.8626 0.469891 -0.00766073 0.0363911 -0.489198 0.871379
1617800211.417137 -47.4227 -50.0365 0.478474 -0.00382853 0.028336 -0.466837 0.883881
1617800211.51685 -47.4362 -50.1442 0.489219 -0.00455778 0.0158625 -0.45953 0.888009
1617800211.61714 -47.4144 -50.2441 0.491734 -0.0105544 0.000112589 -0.461891 0.8868740000000001
1617800211.717739 -47.4373 -50.3876 0.479113 -0.0162899 -0.00550058 -0.48753 0.872937
1617800211.81801 -47.3912 -50.5517 0.507793 -0.0218069 0.00411169 -0.500003 0.865739
1617800211.917574 -47.297 -50.7674 0.510582 -0.0242486 0.0154109 -0.508307 0.860697
1617800212.016434 -47.2136 -50.9202 0.499018 -0.0244957 0.0091485 -0.496427 0.867684
1617800212.115645 -47.2459 -51.0541 0.487744 -0.0281567 -0.000425972 -0.500194 0.865455
1617800212.21538 -47.2128 -51.201 0.482872 -0.0304244 0.000842657 -0.4998 0.865606
1617800212.315185 -47.1786 -51.3786 0.472626 -0.0324209 0.00385164 -0.500825 0.864933
1617800212.415128 -47.1033 -51.5492 0.496559 -0.0266218 0.0121933 -0.490688 0.870843
1617800212.51509 -47.0631 -51.6561 0.496204 -0.0217152 0.0122774 -0.48546 0.873903
1617800212.615609 -46.997 -51.8356 0.477187 -0.0228034 0.00251165 -0.48541 0.873986
1617800212.715994 -47.0581 -51.8903 0.480679 -0.0223957 -0.00125704 -0.490231 0.871304
1617800212.817589 -47.0177 -52.1045 0.520406 -0.0280102 0.0108627 -0.5300319999999999 0.847445
1617800212.917794 -46.8722 -52.3439 0.489017 -0.0303325 0.0202059 -0.525878 0.849779
1617800213.016806 -46.8438 -52.4736 0.499733 -0.0210216 0.0182154 -0.517693 0.855114
1617800213.116294 -46.8482 -52.6214 0.501181 -0.0188618 0.018995 -0.52019 0.853631
1617800213.215929 -46.8159 -52.7619 0.489216 -0.0245598 0.0286246 -0.52464 0.850488
1617800213.315719 -46.6756 -53.0164 0.467283 -0.0265301 0.0375353 -0.522686 0.851285
1617800213.4149 -46.5654 -53.2137 0.488552 -0.018146 0.0319979 -0.495405 0.867883
1617800213.513946 -46.5884 -53.2657 0.488905 -0.008046350000000001 0.0198905 -0.461432 0.886916
1617800213.615233 -46.5927 -53.4253 0.468199 -0.00912635 0.00723704 -0.47005 0.882563
1617800213.716486 -46.5231 -53.5661 0.453943 -0.00559075 -0.00891082 -0.472262 0.881396
1617800213.817726 -46.5426 -53.7268 0.492562 -0.00476096 -0.012242 -0.487203 0.87319
1617800213.918508 -46.5364 -53.8066 0.521134 -0.0100796 -0.00126129 -0.503105 0.864166
1617800214.019345 -46.44 -54.0691 0.503576 -0.0115077 0.00950228 -0.5303099999999999 0.847672
1617800214.118392 -46.2929 -54.2832 0.466424 -0.00985216 0.00340545 -0.521774 0.85302
1617800214.216829 -46.2699 -54.4391 0.463043 -0.00554694 -0.00574903 -0.504134 0.863588
1617800214.315805 -46.2345 -54.5651 0.457829 -0.00385622 -0.0108382 -0.488271 0.8726159999999999
1617800214.41561 -46.2445 -54.7131 0.477704 0.00799653 -0.0131117 -0.496075 0.868144
1617800214.515544 -46.1536 -54.8877 0.509422 0.009871400000000001 -0.0217603 -0.482909 0.875344
1617800214.615191 -46.1964 -54.9227 0.48634 0.0094529 -0.026518 -0.490725 0.870859
1617800214.716402 -46.1069 -55.1111 0.475707 0.00488284 -0.0320563 -0.51114 0.858885
1617800214.817214 -46.0728 -55.3375 0.46778 0.008384300000000001 -0.032781 -0.527564 0.848841
1617800214.917314 -46.0619 -55.4604 0.48805 0.0132568 -0.0145098 -0.531983 0.846527
1617800215.01811 -46.0069 -55.6475 0.485634 0.0242904 -0.00193228 -0.561295 0.827257
1617800215.117787 -45.8783 -55.8906 0.444357 0.0274007 -0.008108010000000001 -0.5470429999999999 0.836616
1617800215.216751 -45.8982 -55.9331 0.468647 0.030622 -0.00721742 -0.547502 0.836213
1617800215.317264 -45.8261 -56.1943 0.432495 0.0269461 0.000477916 -0.563252 0.8258450000000001
1617800215.416606 -45.6884 -56.4244 0.451621 0.0366357 -0.0113808 -0.527903 0.848438
1617800215.515122 -45.6999 -56.4548 0.474465 0.0353042 -0.0179355 -0.5078009999999999 0.860564
1617800215.615948 -45.6592 -56.5886 0.482455 0.0223488 -0.023263 -0.513607 0.857419
1617800215.716904 -45.6585 -56.7387 0.466902 0.00310732 -0.027605 -0.532371 0.846055
1617800215.817703 -45.5962 -56.8802 0.478843 -0.0116348 -0.020106 -0.540625 0.840943
1617800215.917994 -45.4836 -57.1439 0.485496 -0.0149086 -0.00774844 -0.538066 0.842735
1617800216.01719 -45.4178 -57.3147 0.483212 -0.0125779 -0.00436374 -0.523606 0.8518559999999999
1617800216.116504 -45.3393 -57.4567 0.45326 -0.009277820000000001 -0.0115524 -0.498847 0.866563
1617800216.216157 -45.3915 -57.519 0.490609 -0.0166293 -0.009890349999999999 -0.502203 0.864533
1617800216.31714 -45.3237 -57.7699 0.47437 -0.0290684 -0.00586416 -0.519035 0.8542380000000001
1617800216.416538 -45.2284 -57.8908 0.469472 -0.0288271 -0.0068598 -0.502965 0.863798
1617800216.516438 -45.2294 -58.0551 0.506112 -0.0330577 0.000737669 -0.508534 0.860407
1617800216.61618 -45.1953 -58.203 0.470621 -0.0317748 -0.00120883 -0.514879 0.856673
1617800216.715708 -45.043 -58.324 0.488869 -0.0260941 -0.0091932 -0.504848 0.862765
1617800216.815754 -45.0605 -58.5389 0.487664 -0.0278565 -0.0115629 -0.512935 0.857897
1617800216.915424 -45.0073 -58.6462 0.494704 -0.024149 -0.008000989999999999 -0.512921 0.858059
1617800217.015774 -44.9037 -58.8853 0.516805 -0.0164327 -0.0145672 -0.517277 0.855536
1617800217.115082 -44.8866 -58.9407 0.499429 -0.0166106 -0.0240776 -0.508251 0.860712
1617800217.21596 -44.9207 -59.1572 0.49011 -0.0216417 -0.0286887 -0.536368 0.8432190000000001
1617800217.315977 -44.7665 -59.4114 0.493618 -0.0201692 -0.0359875 -0.5082140000000001 0.860242
1617800217.414731 -44.7936 -59.4448 0.511144 -0.0108798 -0.031976 -0.502387 0.8639829999999999
1617800217.515302 -44.7332 -59.7028 0.501434 -0.00443143 -0.0198222 -0.49968 0.865972
1617800217.614997 -44.6858 -59.8065 0.458923 0.00482835 -0.00886665 -0.495945 0.868295
1617800217.715501 -44.5937 -59.9563 0.463929 0.018151 0.00370538 -0.498947 0.866435
1617800217.816402 -44.5835 -60.1603 0.463363 0.0234152 0.0227738 -0.535902 0.843648
1617800217.91642 -44.418 -60.3566 0.467207 0.0211872 0.0236001 -0.515853 0.85609
1617800218.015676 -44.4371 -60.4106 0.495547 0.0144989 0.0247885 -0.540389 0.840925
1617800218.116444 -44.3298 -60.6751 0.480124 0.00227591 0.0320076 -0.541689 0.839966
1617800218.215709 -44.3236 -60.8291 0.447837 -0.00253026 0.0414206 -0.5409350000000001 0.84004
1617800218.315421 -44.2057 -61.0111 0.450512 -0.00720524 0.0484662 -0.531881 0.845401
1617800218.415172 -44.1311 -61.2527 0.472417 -0.0129721 0.0424015 -0.506304 0.861214
1617800218.51424 -44.1094 -61.2563 0.469053 -0.0164808 0.0348391 -0.497775 0.866449
1617800218.61518 -43.9951 -61.4878 0.441849 -0.0148723 0.0141099 -0.487488 0.872889
1617800218.715449 -43.9999 -61.5432 0.418565 -0.00505593 0.000269188 -0.494013 0.86944
1617800218.816849 -43.9719 -61.7356 0.453858 -0.00319458 -0.0109374 -0.509804 0.860215
1617800218.917321 -43.926 -61.858 0.489148 -0.0107665 -0.0103453 -0.52826 0.848952
1617800219.017732 -43.8821 -62.055 0.478015 -0.0159522 -0.00405555 -0.546169 0.837513
1617800219.117283 -43.7878 -62.2699 0.479248 -0.0125543 -0.00685528 -0.545197 0.838186
1617800219.215978 -43.7566 -62.445 0.452911 -0.0116511 -0.00578984 -0.536466 0.843822
1617800219.314952 -43.6838 -62.5504 0.455041 -0.0080867 -0.00406872 -0.526251 0.850281
1617800219.414693 -43.6555 -62.7394 0.445131 -0.00451142 -0.00546433 -0.525307 0.8508829999999999
1617800219.514333 -43.5851 -62.8949 0.450454 -0.00215793 -0.009773230000000001 -0.511172 0.85942
1617800219.614542 -43.5339 -63.0151 0.443787 0.000768077 -0.0151665 -0.519577 0.854289
1617800219.715752 -43.5146 -63.1608 0.43261 -0.000425087 -0.0208357 -0.54312 0.839396
1617800219.816661 -43.4645 -63.3304 0.444536 -0.00153377 -0.0208631 -0.563322 0.825973
1617800219.916614 -43.3716 -63.5004 0.486032 -0.00434916 -0.0211484 -0.558045 0.82953
1617800220.016121 -43.3739 -63.6305 0.464719 -0.00248447 -0.0191522 -0.577524 0.816145
1617800220.116558 -43.2242 -63.818 0.471403 -0.00496236 -0.0270443 -0.5776829999999999 0.815798
1617800220.214895 -43.2677 -63.9591 0.433847 -0.00455631 -0.0277768 -0.549721 0.834874
1617800220.315202 -43.238 -64.1754 0.441191 -0.00242381 -0.0201844 -0.5523400000000001 0.833371
1617800220.415305 -43.1958 -64.3473 0.420864 0.00456976 -0.00934715 -0.548606 0.836016
1617800220.515181 -43.1475 -64.4646 0.431219 0.0186682 0.00433441 -0.544005 0.838863
1617800220.615427 -43.0451 -64.67570000000001 0.400476 0.0198332 0.00652124 -0.54591 0.837583
1617800220.715511 -43.0165 -64.78789999999999 0.411681 0.0140513 0.0146592 -0.553155 0.832831
1617800220.816408 -42.9802 -65.01220000000001 0.405151 0.008184779999999999 0.0351066 -0.581465 0.812773
1617800220.915888 -42.7828 -65.1926 0.447375 0.0045171 0.0445355 -0.563603 0.824832
1617800221.014486 -42.7945 -65.34999999999999 0.415995 0.00497229 0.0442449 -0.552213 0.832514
1617800221.114505 -42.6698 -65.5202 0.430409 -0.0009914189999999999 0.036681 -0.547253 0.836163
1617800221.214515 -42.6412 -65.64790000000001 0.400181 -0.009649970000000001 0.0326783 -0.5352 0.844038
1617800221.314611 -42.5924 -65.8039 0.38884 -0.0160829 0.0293112 -0.51545 0.856267
1617800221.415398 -42.5607 -65.98779999999999 0.411914 -0.0157463 0.0286524 -0.515505 0.856263
1617800221.515703 -42.5228 -66.12350000000001 0.423564 -0.00942756 0.0277802 -0.5003840000000001 0.865306
1617800221.616262 -42.4715 -66.27719999999999 0.423179 -0.00608007 0.0194285 -0.498944 0.866395
1617800221.716994 -42.4403 -66.4228 0.384503 -0.00820384 0.0113902 -0.506611 0.862061
1617800221.817667 -42.4223 -66.5694 0.413295 -0.0119563 0.00805146 -0.529623 0.8481109999999999
1617800221.917993 -42.317 -66.7435 0.461075 -0.0253944 0.0108201 -0.542496 0.839605
1617800222.017202 -42.301 -66.8647 0.455874 -0.0307544 0.00986071 -0.558121 0.829131
1617800222.117035 -42.1669 -67.063 0.438267 -0.036766 0.00572279 -0.564837 0.824363
1617800222.215041 -42.1586 -67.2295 0.393396 -0.0354488 -0.00769534 -0.532363 0.845739
1617800222.314212 -42.1178 -67.35339999999999 0.420611 -0.0376831 -0.0139846 -0.5115229999999999 0.858329
1617800222.414345 -42.1316 -67.51909999999999 0.426843 -0.038265 -0.0105773 -0.5173489999999999 0.854853
1617800222.515441 -42.0656 -67.6758 0.400299 -0.0341916 0.00353216 -0.521975 0.852268
1617800222.615328 -41.9955 -67.83969999999999 0.410917 -0.0213868 0.00131525 -0.510981 0.859325
1617800222.716056 -41.9441 -68.0149 0.408505 -0.018469 -0.00207892 -0.524942 0.850935
1617800222.8172 -41.8955 -68.1767 0.445063 -0.0250831 -0.000823861 -0.5464059999999999 0.837145
1617800222.916923 -41.8191 -68.3193 0.445085 -0.0281031 0.00361521 -0.543891 0.838677
1617800223.016623 -41.7748 -68.4868 0.429562 -0.0293189 0.00499725 -0.54941 0.835023
1617800223.1163 -41.7296 -68.6506 0.427094 -0.0278142 0.00647532 -0.551417 0.833741
1617800223.215838 -41.6811 -68.8104 0.412056 -0.0271715 0.00617762 -0.5511779999999999 0.833923
1617800223.31509 -41.6222 -68.99809999999999 0.40021 -0.0345454 0.0159311 -0.537006 0.84272
1617800223.413651 -41.6245 -69.157 0.375572 -0.0258247 0.0264773 -0.509923 0.859425
1617800223.514105 -41.4629 -69.32470000000001 0.387619 -0.0133039 0.0256174 -0.506474 0.861772
1617800223.61317 -41.4948 -69.4768 0.42818 -0.00108916 -0.00138784 -0.481551 0.876416
1617800223.71506 -41.4612 -69.6824 0.399883 -0.00416607 -0.0173305 -0.525511 0.8506
1617800223.815771 -41.4005 -69.822 0.41821 -0.0102251 -0.0260897 -0.530975 0.846924
1617800223.91572 -41.3914 -69.9873 0.43386 -0.00995911 -0.0254355 -0.540693 0.840776
1617800224.015773 -41.344 -70.1704 0.432872 -0.00557457 -0.0269018 -0.5507030000000001 0.834249
1617800224.115354 -41.2854 -70.3261 0.416656 -0.00717183 -0.0309174 -0.548512 0.8355399999999999
1617800224.215193 -41.2346 -70.479 0.427381 -0.0186719 -0.0359978 -0.55301 0.832187
1617800224.314191 -41.2106 -70.6225 0.418352 -0.0265554 -0.0367187 -0.539143 0.840994
1617800224.414547 -41.1702 -70.7903 0.437824 -0.0330451 -0.0304851 -0.545309 0.837028
1617800224.513916 -41.1464 -70.9495 0.462763 -0.0244637 -0.0267498 -0.535241 0.843921
1617800224.614523 -41.1048 -71.1185 0.43126 -0.0278266 -0.022423 -0.536898 0.84289
1617800224.714445 -41.0317 -71.2796 0.4022 -0.0260539 -0.0283333 -0.533259 0.845076
1617800224.815681 -40.9993 -71.4528 0.385205 -0.033397 -0.0198352 -0.555921 0.830327
1617800224.915318 -40.9303 -71.5855 0.444218 -0.0259101 -0.0151 -0.5496220000000001 0.834875
1617800225.015296 -40.904 -71.7704 0.405019 -0.0226527 -0.0100123 -0.555416 0.8312040000000001
1617800225.114859 -40.816 -71.8839 0.456046 -0.0236149 -0.0195588 -0.544799 0.838006
1617800225.213973 -40.8268 -72.0724 0.406488 -0.0315326 -0.034661 -0.531182 0.845961
1617800225.314082 -40.7856 -72.1901 0.432345 -0.0461194 -0.0352502 -0.524296 0.8495549999999999
1617800225.413792 -40.7549 -72.3588 0.423113 -0.0437888 -0.0406709 -0.513211 0.856179
1617800225.51405 -40.7088 -72.5343 0.453249 -0.0420077 -0.0375855 -0.518315 0.85333
1617800225.614219 -40.6768 -72.6691 0.438452 -0.0450192 -0.0391985 -0.5132060000000001 0.856187
1617800225.713871 -40.6286 -72.8214 0.385474 -0.0467645 -0.0497181 -0.508975 0.858071
1617800225.814291 -40.6014 -73.0025 0.400872 -0.0461095 -0.0516677 -0.525547 0.8479409999999999
1617800225.913953 -40.5337 -73.15470000000001 0.396801 -0.0432529 -0.0464908 -0.52034 0.851595
1617800226.013904 -40.5133 -73.30929999999999 0.407648 -0.0356836 -0.0335724 -0.530516 0.846258
1617800226.113276 -40.416 -73.45180000000001 0.41755 -0.0311429 -0.0405997 -0.518711 0.853417
1617800226.212697 -40.4126 -73.61499999999999 0.400014 -0.0376637 -0.0464151 -0.5118549999999999 0.85699
1617800226.312821 -40.3668 -73.7987 0.389685 -0.0488359 -0.0435269 -0.507555 0.859132
1617800226.412559 -40.3355 -73.9765 0.357007 -0.04269 -0.0374207 -0.498958 0.864765
1617800226.513118 -40.2275 -74.1177 0.396408 -0.0278488 -0.0295402 -0.496985 0.8668090000000001
1617800226.61355 -40.2222 -74.29179999999999 0.373578 -0.0248205 -0.0153035 -0.496028 0.8678169999999999
1617800226.714497 -40.1454 -74.46510000000001 0.354335 -0.021119 -0.0136535 -0.50631 0.861985
1617800226.815103 -40.106 -74.6474 0.326572 -0.0168472 -0.00935224 -0.511393 0.859131
1617800226.915351 -40.0301 -74.8094 0.346107 0.00237711 -0.010215 -0.512387 0.858691
1617800227.015353 -40.0225 -74.9627 0.376462 0.00612416 -0.00510409 -0.522281 0.852736
1617800227.116015 -39.9497 -75.1288 0.374823 0.00175844 -0.00347891 -0.541301 0.84082
1617800227.21541 -39.8806 -75.2992 0.353765 -0.00213023 -0.00408151 -0.531814 0.846849
1617800227.314605 -39.8456 -75.46129999999999 0.364875 -0.009152530000000001 -0.0063619 -0.521606 0.853114
1617800227.414162 -39.7927 -75.61839999999999 0.357728 -0.0147378 -0.0118166 -0.514978 0.856995
1617800227.513498 -39.6231 -75.7311 0.377699 -0.0129907 -0.0251042 -0.472198 0.881039
1617800227.612836 -39.7165 -75.8716 0.354982 -0.0111547 -0.0334862 -0.46624 0.883954
1617800227.714185 -39.6586 -76.0068 0.347901 -0.0176584 -0.0440006 -0.474222 0.879127
1617800227.815149 -39.6506 -76.16330000000001 0.311125 -0.0154865 -0.0543167 -0.499128 0.864685
1617800227.916452 -39.5679 -76.3617 0.350697 -0.0175295 -0.0458349 -0.5292790000000001 0.847028
1617800228.016478 -39.5392 -76.5008 0.351883 -0.0105641 -0.0245518 -0.542691 0.839507
1617800228.116429 -39.4257 -76.7103 0.349017 -0.00899348 -0.0123679 -0.54728 0.8368100000000001
1617800228.215116 -39.3753 -76.8408 0.35901 -0.0103674 -0.0113417 -0.530744 0.847393
1617800228.314926 -39.3054 -77.0341 0.352943 -0.0162886 -0.0113398 -0.5302 0.8476399999999999
1617800228.414267 -39.3435 -77.1568 0.319331 -0.0215399 -0.00183286 -0.524764 0.850973
1617800228.514798 -39.1319 -77.3458 0.323381 -0.0171944 -0.00246693 -0.522014 0.85276
1617800228.613602 -39.1261 -77.4592 0.338944 -0.0104385 -0.0124209 -0.49078 0.871132
1617800228.713852 -39.1267 -77.6053 0.318637 -0.0102752 -0.0176355 -0.49095 0.870949
1617800228.814822 -39.1934 -77.73090000000001 0.291656 -0.000894516 -0.0168868 -0.52868 0.848653
1617800228.916713 -38.9075 -77.9515 0.335722 -0.00302378 -0.0224076 -0.54409 0.838722
1617800229.015002 -39.0766 -78.039 0.334707 -0.00939045 -0.0171976 -0.528765 0.848542
1617800229.115964 -38.8785 -78.2676 0.321021 -0.0128212 -0.00361598 -0.553227 0.832924
1617800229.214586 -38.8414 -78.3712 0.314739 -0.0125171 0.00442911 -0.533911 0.845436
1617800229.313754 -38.7273 -78.5583 0.298221 -0.0208966 0.00464219 -0.513262 0.857965
1617800229.412749 -38.6683 -78.6555 0.305207 -0.0306323 0.00508303 -0.483463 0.874814
1617800229.512441 -38.585 -78.8108 0.319776 -0.0384279 0.00904485 -0.458969 0.887575
1617800229.612395 -38.5036 -78.94880000000001 0.304687 -0.0402034 0.0156835 -0.429812 0.901887
1617800229.712747 -38.3056 -79.0699 0.279319 -0.0372994 0.00988546 -0.38491 0.922147
1617800229.81299 -38.3713 -79.14190000000001 0.263108 -0.0431515 -0.00500262 -0.348697 0.9362279999999999
1617800229.914985 -38.2257 -79.30249999999999 0.301623 -0.0572101 -0.0183513 -0.348366 0.935431
1617800230.015611 -38.0549 -79.40770000000001 0.289093 -0.0683165 -0.0244242 -0.298779 0.951561
1617800230.115792 -37.9765 -79.542 0.266096 -0.0570523 -0.0286032 -0.27395 0.959624
1617800230.21604 -37.7955 -79.6546 0.271199 -0.0439467 -0.0345797 -0.218943 0.9741340000000001
1617800230.315468 -37.8802 -79.7456 0.246554 -0.0472399 -0.028512 -0.18651 0.9809020000000001
1617800230.416639 -37.53 -79.8832 0.252632 -0.0482156 -0.0167214 -0.148258 0.987631
1617800230.515925 -37.3821 -79.9708 0.280215 -0.0387927 -0.00662867 -0.07760300000000001 0.996207
1617800230.615542 -37.3984 -79.97190000000001 0.277653 -0.0343516 0.0136878 -0.0410818 0.998471
1617800230.716584 -37.166 -80.0068 0.247443 -0.0409961 0.0208693 -0.00971556 0.9988939999999999
1617800230.816616 -37.0546 -80.08499999999999 0.248437 -0.0418661 0.023268 0.0271348 0.998484
1617800230.917464 -36.8301 -80.1018 0.258148 -0.0476426 0.03187 0.0618436 0.996439
1617800231.017548 -36.7557 -80.1452 0.281299 -0.0585403 0.0472797 0.0726383 0.994516
1617800231.118194 -36.5149 -80.13200000000001 0.251016 -0.0685482 0.0493782 0.09253989999999999 0.992119
1617800231.21768 -36.2845 -80.1771 0.227764 -0.0698983 0.0385286 0.126942 0.988694
1617800231.316825 -36.2135 -80.2487 0.194872 -0.0589009 0.0303817 0.161265 0.984683
1617800231.416335 -36.0242 -80.24460000000001 0.193897 -0.0422499 0.0304903 0.191973 0.980016
1617800231.516074 -35.8764 -80.233 0.213015 -0.0201268 0.033138 0.207086 0.977554
1617800231.616226 -35.7821 -80.26990000000001 0.238573 -0.0152498 0.0329191 0.20408 0.978282
1617800231.716425 -35.5698 -80.2462 0.205203 -0.00673466 0.0186618 0.215252 0.976357
1617800231.816229 -35.426 -80.2642 0.20723 0.0128729 0.0130703 0.207479 0.978067
1617800231.916427 -35.2966 -80.25239999999999 0.214405 0.0148842 0.0180015 0.200368 0.979442
1617800232.016461 -35.101 -80.2375 0.245359 0.0114954 0.0294764 0.193139 0.980661
1617800232.115877 -34.8945 -80.2174 0.261377 0.008218019999999999 0.0307353 0.191457 0.980985
1617800232.215272 -34.6794 -80.2129 0.237799 0.009668299999999999 0.021864 0.199191 0.979669
1617800232.314219 -34.5105 -80.1649 0.247666 0.0138092 0.00808501 0.221595 0.975007
1617800232.413774 -34.4442 -80.149 0.271332 0.012569 0.00687372 0.221491 0.975057
1617800232.514703 -34.2193 -80.1354 0.253986 0.0154051 0.0108022 0.210651 0.97738
1617800232.614364 -34.0535 -80.0795 0.282793 0.0133897 0.0165342 0.233845 0.972041
1617800232.714147 -33.9194 -80.0432 0.288082 0.0137099 0.009079129999999999 0.231084 0.972795
1617800232.81473 -33.7549 -80.039 0.263849 0.0125088 -0.00262302 0.214912 0.97655
1617800232.914999 -33.448 -79.9825 0.266847 0.0174874 -0.0135372 0.230299 0.972869
1617800233.013572 -33.4281 -79.93380000000001 0.293745 0.00447569 -0.00238698 0.24536 0.969419
1617800233.114913 -33.181 -79.96120000000001 0.299537 -0.00396423 0.00131741 0.198189 0.980155
1617800233.214395 -32.9534 -79.8552 0.292533 -0.0101997 -0.012024 0.242402 0.970048
1617800233.313479 -32.8767 -79.8429 0.321086 -0.01349 -0.0221211 0.250917 0.967662
1617800233.414013 -32.6834 -79.7991 0.293772 -0.0132196 -0.0247495 0.26631 0.963479
1617800233.514473 -32.4789 -79.7465 0.303881 -0.00575956 -0.0174072 0.29046 0.956711
1617800233.614931 -32.3668 -79.71899999999999 0.293314 0.00189317 -0.00547522 0.301641 0.953404
1617800233.716264 -32.1941 -79.6514 0.319124 0.0104998 -0.00817068 0.302562 0.953037
1617800233.817394 -32.0431 -79.66540000000001 0.314508 0.0136166 -0.0117074 0.279099 0.960094
1617800233.918644 -31.8653 -79.60169999999999 0.304054 0.00718378 -0.00968755 0.261629 0.965093
1617800234.018364 -31.7043 -79.5262 0.336065 0.000410466 -0.00175251 0.252274 0.967654
1617800234.11809 -31.4976 -79.53870000000001 0.351819 -0.00493898 0.00142735 0.232492 0.972585
1617800234.216832 -31.2715 -79.4589 0.336866 -0.00442969 -0.00749652 0.271558 0.962383
1617800234.314859 -31.1301 -79.4213 0.326637 -0.00366449 -0.0100986 0.280161 0.959893
1617800234.414583 -30.9741 -79.3725 0.320724 -0.00307914 -0.00389366 0.27997 0.959996
1617800234.514459 -30.813 -79.2834 0.350713 -0.00299513 0.00158426 0.28716 0.957877
1617800234.614499 -30.6261 -79.2677 0.358427 0.008124340000000001 0.00215813 0.278125 0.960508
1617800234.714439 -30.5034 -79.1794 0.373303 0.0191322 -0.0124119 0.301002 0.9533509999999999
1617800234.814624 -30.36 -79.14919999999999 0.351325 0.0261658 -0.0199185 0.277913 0.960043
1617800234.916235 -30.1425 -79.104 0.331048 0.024882 -0.0167845 0.254563 0.9665899999999999
1617800235.016325 -29.9666 -79.02160000000001 0.368316 0.00856442 0.00280539 0.245821 0.9692730000000001
1617800235.117087 -29.7307 -79.00149999999999 0.350383 0.0016292 0.0223321 0.215079 0.97634
1617800235.216088 -29.5892 -78.896 0.35329 -0.00167405 0.0269461 0.248239 0.968322
1617800235.314815 -29.4373 -78.8421 0.318734 -0.00725213 0.0312406 0.255524 0.96627
1617800235.414848 -29.2065 -78.77160000000001 0.330243 -0.00923978 0.0428647 0.258925 0.964902
1617800235.514402 -29.0667 -78.6688 0.389134 -0.00382226 0.0428614 0.295856 0.954263
1617800235.613767 -28.9741 -78.6464 0.410135 -0.00438242 0.0326313 0.320481 0.9466830000000001
1617800235.714258 -28.8301 -78.5859 0.376291 0.0013554 0.0115019 0.328946 0.944278
1617800235.814993 -28.684 -78.51430000000001 0.394418 0.003446 0.00155297 0.324188 0.945985
1617800235.916079 -28.4617 -78.4662 0.380126 0.002985 0.00615007 0.309084 0.95101
1617800236.015608 -28.3589 -78.3693 0.387608 -0.00249986 0.015679 0.331086 0.9434669999999999
1617800236.116064 -28.1401 -78.35299999999999 0.402538 -0.000412718 0.0210958 0.308797 0.950894
1617800236.215661 -27.9931 -78.24939999999999 0.420301 0.00106078 0.0142336 0.334099 0.94243
1617800236.314536 -27.8635 -78.2077 0.400242 0.00242058 0.00740166 0.348511 0.937272
1617800236.414766 -27.7025 -78.1904 0.425371 -0.00541975 0.00655425 0.325989 0.945335
1617800236.514942 -27.5366 -78.0578 0.43237 -0.0165339 0.008079619999999999 0.336078 0.941654
1617800236.614564 -27.3601 -78.0343 0.420875 -0.0235663 0.0138893 0.332327 0.9427680000000001
1617800236.714639 -27.2217 -77.91679999999999 0.431184 -0.0238641 0.0126799 0.349785 0.9364400000000001
1617800236.814358 -27.0454 -77.87130000000001 0.418325 -0.0187126 0.0143827 0.362195 0.931803
1617800236.914745 -26.8981 -77.7589 0.417086 -0.0198548 0.0243765 0.377224 0.925588
1617800237.015396 -26.7377 -77.68989999999999 0.47735 -0.0264767 0.030578 0.377056 0.925307
1617800237.115849 -26.5995 -77.6246 0.480161 -0.0309598 0.0255262 0.384164 0.922392
1617800237.216003 -26.4439 -77.4949 0.473159 -0.0275346 0.016653 0.406609 0.913035
1617800237.315532 -26.2754 -77.4658 0.435186 -0.0277269 0.0132299 0.421286 0.906407
1617800237.416044 -26.0819 -77.3352 0.444882 -0.0223941 0.0219027 0.43128 0.901674
1617800237.514992 -26.0055 -77.251 0.495611 -0.00490764 0.0293867 0.480204 0.876651
1617800237.61507 -25.8487 -77.2124 0.487788 0.0102033 0.0318537 0.48173 0.875681
1617800237.715244 -25.7407 -77.0981 0.465409 0.0256034 0.0260401 0.504318 0.862745
1617800237.815776 -25.5842 -77.0526 0.464817 0.0370691 0.0234217 0.499696 0.86509
1617800237.916615 -25.4522 -76.9906 0.507253 0.0340131 0.0257352 0.486629 0.872567
1617800238.017893 -25.2941 -76.8254 0.523154 0.0207648 0.0342391 0.461264 0.886359
1617800238.117726 -25.1798 -76.71080000000001 0.515141 0.0146269 0.0394561 0.45935 0.887258
1617800238.21725 -25.0354 -76.6041 0.527577 0.009176399999999999 0.0357581 0.452348 0.891077
1617800238.316941 -24.9013 -76.47709999999999 0.503816 -0.00518418 0.0319724 0.443584 0.895647
1617800238.416037 -24.7792 -76.34650000000001 0.521925 -0.00564902 0.0346203 0.449359 0.892662
1617800238.515005 -24.6423 -76.2259 0.537173 -0.00157346 0.0405385 0.463393 0.885224
1617800238.61475 -24.522 -76.13630000000001 0.55611 -0.00529352 0.0454789 0.456407 0.888593
1617800238.714914 -24.4249 -76.0164 0.548126 -0.00544804 0.0379836 0.452659 0.890858
1617800238.815256 -24.301 -75.93470000000001 0.562156 -0.00509795 0.0203533 0.440272 0.8976189999999999
1617800238.915846 -24.1386 -75.80589999999999 0.562048 -0.00272297 0.008088990000000001 0.429508 0.903023
1617800239.016001 -24.001 -75.661 0.590184 -0.00598167 0.00661888 0.429336 0.903101
1617800239.116432 -23.8642 -75.6125 0.5842889999999999 -0.00547131 0.00848118 0.410291 0.911899
1617800239.216573 -23.732 -75.4344 0.585811 0.00312356 -0.000145329 0.422622 0.9063
1617800239.316003 -23.5655 -75.3382 0.579643 0.0115253 -0.008990359999999999 0.438314 0.898703
1617800239.41609 -23.4074 -75.2724 0.58279 0.0115116 -0.00596745 0.435556 0.900068
1617800239.51644 -23.2839 -75.1108 0.609426 0.0131585 0.00817784 0.44852 0.893638
1617800239.616086 -23.1768 -74.99120000000001 0.628874 0.0197079 0.0149383 0.464317 0.885324
1617800239.716076 -23.0808 -74.9699 0.609396 0.0176546 0.00657857 0.46285 0.886236
1617800239.817431 -22.8605 -74.789 0.576932 0.0196316 0.00246857 0.440152 0.897705
1617800239.916971 -22.7663 -74.67010000000001 0.615026 0.0134399 0.0151886 0.440618 0.897465
1617800240.017768 -22.6307 -74.56310000000001 0.640703 -0.00172758 0.0290244 0.4139 0.9098579999999999
1617800240.117121 -22.4898 -74.39 0.643557 -0.00641354 0.0342896 0.425805 0.904142
1617800240.215679 -22.3495 -74.3156 0.646767 -0.008660910000000001 0.0292957 0.432987 0.900882
1617800240.315227 -22.1881 -74.1478 0.654287 -0.0169096 0.0204749 0.448814 0.893231
1617800240.41452 -22.0919 -74.0818 0.6605760000000001 -0.0243432 0.0197335 0.455069 0.8899049999999999
1617800240.514973 -21.8918 -73.85760000000001 0.682794 -0.0301205 0.0277582 0.480016 0.8763030000000001
1617800240.613986 -21.8922 -73.8526 0.701697 -0.0348692 0.0330561 0.487479 0.871812
1617800240.715155 -21.7303 -73.6395 0.683295 -0.0264818 0.0180122 0.495724 0.867889
1617800240.814767 -21.6588 -73.6148 0.676328 -0.0171953 0.009264140000000001 0.496521 0.867805
1617800240.916127 -21.4871 -73.47790000000001 0.708062 -0.0255792 0.00826956 0.462409 0.886259
1617800241.016676 -21.3958 -73.376 0.739918 -0.042163 0.0127492 0.440934 0.896458
1617800241.11686 -21.2411 -73.2349 0.750978 -0.0403571 0.00470387 0.421 0.90615
1617800241.215659 -21.1244 -73.12730000000001 0.731945 -0.0329445 -0.00580006 0.419725 0.907035
1617800241.314577 -20.9405 -73.02760000000001 0.713028 -0.0275716 -0.00852582 0.419498 0.907297
1617800241.41322 -20.8507 -72.9554 0.710257 -0.0180251 -0.00269029 0.418555 0.908009
1617800241.513427 -20.6478 -72.8105 0.763166 -0.00470756 0.00343935 0.408732 0.912636
1617800241.612567 -20.5456 -72.7513 0.768223 0.00248327 0.00425986 0.41585 0.90942
1617800241.712572 -20.4326 -72.63939999999999 0.75173 0.012607 0.000177439 0.418022 0.908349
1617800241.813372 -20.2883 -72.56189999999999 0.725862 0.02979 -0.00322638 0.400859 0.91565
1617800241.914126 -20.1418 -72.4499 0.764953 0.0407362 -0.00226657 0.398627 0.916205
1617800242.014913 -19.9706 -72.33459999999999 0.806498 0.0447649 0.00312403 0.396422 0.916971
1617800242.11499 -19.8668 -72.2816 0.8256790000000001 0.0384493 0.0109444 0.369921 0.928203
1617800242.216574 -19.7052 -72.1688 0.833825 0.0320337 0.0121391 0.34982 0.93619
1617800242.316486 -19.5463 -72.07859999999999 0.832396 0.0204315 0.0129452 0.341168 0.9396910000000001
1617800242.416018 -19.4135 -71.9781 0.820572 0.012062 0.0162745 0.340444 0.940047
1617800242.515517 -19.2527 -71.8147 0.842612 0.0119748 0.0240733 0.358624 0.933095
1617800242.614505 -19.1232 -71.78360000000001 0.856011 0.0104165 0.0359923 0.356817 0.933423
1617800242.714371 -19.0034 -71.62479999999999 0.861417 0.0104854 0.0334963 0.365372 0.930199
1617800242.814199 -18.8844 -71.5834 0.876105 0.00257999 0.0302243 0.340416 0.939786
1617800242.915303 -18.7158 -71.45229999999999 0.8723030000000001 -0.009493329999999999 0.0217414 0.336278 0.941464
1617800243.015358 -18.6022 -71.3443 0.913936 -0.0281298 0.0231378 0.334595 0.941658
1617800243.115719 -18.4488 -71.2458 0.930509 -0.0455365 0.0228069 0.321849 0.94542
1617800243.216044 -18.3094 -71.1553 0.890284 -0.0562131 0.0237737 0.312424 0.94798
1617800243.316079 -18.1157 -70.9688 0.848216 -0.04163 0.0291928 0.347927 0.936142
1617800243.41486 -17.9602 -70.8745 0.865239 -0.0240695 0.0346043 0.380013 0.92402
1617800243.514712 -17.8071 -70.8426 0.903911 -0.009082170000000001 0.0436976 0.395515 0.9173750000000001
1617800243.615276 -17.631 -70.75149999999999 0.8955379999999999 0.00992091 0.0452669 0.413353 0.9093909999999999
1617800243.715619 -17.5583 -70.7236 0.928766 0.0320948 0.0395786 0.42283 0.904775
1617800243.817494 -17.4379 -70.68259999999999 0.937622 0.0331965 0.0351608 0.360567 0.9314789999999999
1617800243.919204 -17.2452 -70.5509 0.971514 0.0303201 0.0287246 0.342485 0.938595
1617800244.018699 -17.0654 -70.4216 1.00849 0.0231433 0.0290191 0.341284 0.939227
1617800244.11745 -16.9866 -70.3652 1.02957 0.0202461 0.0285258 0.325235 0.944986
1617800244.217255 -16.7823 -70.235 1.00167 0.0172168 0.008537309999999999 0.317774 0.947972
1617800244.31604 -16.69 -70.10760000000001 1.03474 0.0243945 -0.0171512 0.331864 0.942856
1617800244.414379 -16.5728 -69.9983 1.08012 0.0237713 -0.04489 0.382233 0.922669
1617800244.513369 -16.4614 -70.035 1.08731 0.0217416 -0.0508981 0.363446 0.92997
1617800244.614212 -16.3142 -69.8451 1.10335 0.0249279 -0.0578812 0.383406 0.921427
1617800244.713936 -16.2064 -69.7681 1.08915 0.0324765 -0.06365850000000001 0.394556 0.916089
1617800244.81445 -16.0727 -69.6622 1.08977 0.0327654 -0.0738564 0.40449 0.9109660000000001
1617800244.915161 -15.939 -69.6002 1.13632 0.0217678 -0.0722209 0.392529 0.916641
1617800245.016404 -15.7928 -69.4088 1.17281 0.000321153 -0.0576058 0.397361 0.915852
1617800245.116501 -15.6532 -69.3385 1.18409 -0.0220618 -0.0297915 0.384007 0.922586
1617800245.216877 -15.4682 -69.09910000000001 1.1556 -0.0342276 -0.0192254 0.402153 0.91473
1617800245.315562 -15.3612 -69.0145 1.16312 -0.0464774 -0.011648 0.43399 0.899643
1617800245.41501 -15.2249 -68.8789 1.18299 -0.0652702 -0.00863629 0.463674 0.883556
1617800245.515228 -15.1732 -68.7557 1.17578 -0.0692904 0.008617720000000001 0.473968 0.877769
1617800245.614503 -15.0681 -68.703 1.17667 -0.0651427 0.0208202 0.524246 0.848816
1617800245.715128 -14.9825 -68.54859999999999 1.17072 -0.049806 0.0182472 0.541045 0.839319
1617800245.81549 -14.779 -68.4928 1.17808 -0.032629 0.00958203 0.56486 0.8244860000000001
1617800245.91689 -14.68 -68.36060000000001 1.19434 -0.0233857 0.0038855 0.566449 0.823755
1617800246.017438 -14.5647 -68.2323 1.25219 -0.0225846 0.0116961 0.5720499999999999 0.819824
1617800246.117481 -14.4286 -68.13590000000001 1.2427 -0.0232545 0.0182838 0.574684 0.817841
1617800246.217041 -14.3873 -68.01139999999999 1.2569 -0.0149525 0.0144572 0.5870570000000001 0.8092780000000001
1617800246.315857 -14.2765 -67.87439999999999 1.26935 -0.00818808 0.00306577 0.609806 0.792503
1617800246.415189 -14.2514 -67.7441 1.29282 -0.00909919 -0.0149098 0.632777 0.774137
1617800246.514757 -14.1226 -67.62690000000001 1.28381 -0.0025802 -0.0231519 0.650825 0.75887
1617800246.614622 -14.09 -67.51519999999999 1.30272 0.00213097 -0.0171414 0.672987 0.739452
1617800246.714812 -14.0486 -67.3677 1.35416 0.00638045 -0.0251146 0.692469 0.720982
1617800246.814838 -13.9656 -67.261 1.30901 0.0214001 -0.0377244 0.719352 0.693291
1617800246.916126 -13.8827 -67.1146 1.32006 0.0273273 -0.0513871 0.712112 0.69965
1617800247.017007 -13.8486 -66.94880000000001 1.30785 0.0158706 -0.0549075 0.712357 0.6994860000000001
1617800247.117221 -13.8414 -66.79300000000001 1.30148 1.02083e-05 -0.0489416 0.717019 0.695333
1617800247.216833 -13.8631 -66.5759 1.33646 -0.0103569 -0.0510078 0.7322650000000001 0.679028
1617800247.315545 -13.8397 -66.41759999999999 1.30491 -0.0138529 -0.0556014 0.764235 0.642387
1617800247.415216 -13.7963 -66.32170000000001 1.30607 -0.0205408 -0.07146569999999999 0.773752 0.629109
1617800247.515557 -13.8253 -66.0877 1.29718 -0.0266598 -0.0832295 0.7882130000000001 0.609165
1617800247.614407 -13.855 -65.9391 1.27055 -0.0151555 -0.0703495 0.831874 0.550279
1617800247.714166 -13.8107 -65.8593 1.28479 0.0125803 -0.0512701 0.859829 0.507846
1617800247.815611 -13.7398 -65.791 1.24528 0.0363198 -0.0413239 0.859162 0.508737
1617800247.918095 -13.7676 -65.574 1.28092 0.0414177 -0.0414449 0.8483309999999999 0.526214
1617800248.018955 -13.7958 -65.4011 1.25259 0.0333796 -0.037315 0.846234 0.530454
1617800248.119029 -13.7999 -65.2248 1.26288 0.00986037 -0.017866 0.844492 0.535179
1617800248.218877 -13.8635 -64.96559999999999 1.25654 -0.000733005 0.0006560029999999999 0.844874 0.534965
1617800248.317688 -13.9129 -64.8189 1.26821 -0.00621261 0.007980579999999999 0.857337 0.514657
1617800248.417031 -13.9623 -64.6283 1.22915 -0.0110228 0.0106114 0.866795 0.49843
1617800248.51681 -13.944 -64.4911 1.22728 -0.0226416 0.0213763 0.864086 0.502379
1617800248.616558 -14.0434 -64.3069 1.29638 -0.0348128 0.023755 0.8759940000000001 0.480476
1617800248.716962 -14.0605 -64.08629999999999 1.25983 -0.0230856 0.0239161 0.873541 0.485614
1617800248.816417 -14.1064 -63.9859 1.22883 -0.0114529 0.0182711 0.881593 0.471518
1617800248.9172 -14.1222 -63.8498 1.22899 0.0006042070000000001 0.0231949 0.865608 0.500184
1617800249.017838 -14.2064 -63.6382 1.26148 0.00295496 0.0266777 0.864479 0.501953
1617800249.117741 -14.2509 -63.5175 1.29901 -0.0111217 0.0175104 0.849678 0.526894
1617800249.218892 -14.2374 -63.2788 1.26626 -0.00871281 0.0176461 0.83835 0.544778
1617800249.317763 -14.3159 -63.0284 1.26389 0.011795 0.0133114 0.858645 0.512262
1617800249.41641 -14.3289 -62.953 1.28253 0.0228468 0.00178916 0.86158 0.507104
1617800249.516617 -14.3512 -62.7586 1.25452 0.030922 0.00359233 0.858659 0.511601
1617800249.616168 -14.3823 -62.6259 1.27303 0.030937 0.00811016 0.8690600000000001 0.493671
1617800249.716084 -14.4261 -62.4575 1.27286 0.0341766 0.00890232 0.869905 0.491953
1617800249.816111 -14.4863 -62.3721 1.25504 0.0336283 -0.00303079 0.865345 0.500038
1617800249.917095 -14.5101 -62.242 1.25995 0.0254847 -0.0131177 0.845204 0.533674
1617800250.017596 -14.594 -61.9816 1.26735 0.009163640000000001 -0.012963 0.839093 0.543756
1617800250.117151 -14.6582 -61.7243 1.28531 0.00725175 -0.0172154 0.847857 0.529896
1617800250.215986 -14.6892 -61.6063 1.27314 0.013291 -0.0266599 0.853999 0.51942
1617800250.315786 -14.7073 -61.4602 1.24888 0.0249933 -0.037475 0.853034 0.519908
1617800250.415799 -14.7393 -61.2872 1.22203 0.0316388 -0.0409999 0.853719 0.5181519999999999
1617800250.515843 -14.7641 -61.0744 1.23248 0.0393975 -0.0373311 0.858609 0.50975
1617800250.61528 -14.8183 -60.9801 1.237 0.0323929 -0.0324593 0.86493 0.499793
1617800250.715778 -14.8381 -60.8146 1.25134 0.0290117 -0.0301898 0.862927 0.503591
1617800250.815882 -14.9483 -60.6662 1.23891 0.0187447 -0.0353536 0.866053 0.498348
1617800250.916756 -14.9391 -60.4917 1.24374 0.0212688 -0.0431497 0.8417790000000001 0.537674
1617800251.017349 -15.0314 -60.2596 1.24501 0.0195228 -0.0539888 0.849683 0.524159
1617800251.116275 -15.0243 -60.1806 1.25592 0.009553330000000001 -0.0552971 0.844594 0.532458
1617800251.216791 -15.0618 -59.9312 1.24644 0.0163362 -0.0479244 0.850936 0.522824
1617800251.315393 -15.1341 -59.8121 1.20291 0.0273915 -0.0415105 0.8652840000000001 0.498808
1617800251.416076 -15.109 -59.6428 1.17482 0.0289978 -0.0268432 0.854723 0.517578
1617800251.516554 -15.1466 -59.3949 1.15058 0.0272271 -0.00811709 0.85734 0.513966
1617800251.616143 -15.1835 -59.3089 1.1984 0.0180041 0.00901508 0.867839 0.496437
1617800251.716477 -15.2071 -59.1263 1.1928 0.0186507 0.0160173 0.861836 0.506591
1617800251.817068 -15.2598 -58.8912 1.18552 0.0244676 0.0109228 0.857138 0.51439
1617800251.917016 -15.292 -58.7912 1.18778 0.0296008 0.0121582 0.848459 0.528293
1617800252.017295 -15.3174 -58.5849 1.19682 0.0189791 0.0148281 0.838592 0.544228
1617800252.116766 -15.4173 -58.4199 1.23158 0.0055455 0.0148546 0.836502 0.547735
1617800252.216816 -15.3894 -58.2171 1.19256 0.00263985 0.0121763 0.822671 0.568381
1617800252.316095 -15.4532 -58.0288 1.16037 0.00842355 0.00796636 0.829469 0.558432
1617800252.41497 -15.4994 -57.8543 1.15231 0.0123905 0.0114828 0.838732 0.544282
1617800252.514475 -15.5208 -57.7239 1.16605 0.0106675 0.0196663 0.838728 0.544091
1617800252.615064 -15.5887 -57.5294 1.17042 -0.00594786 0.0250437 0.836356 0.547582
1617800252.715783 -15.6274 -57.3134 1.14555 -0.0243392 0.0290101 0.831661 0.553991
1617800252.816262 -15.7042 -57.1837 1.16261 -0.0446288 0.0267758 0.828524 0.5575290000000001
1617800252.917356 -15.7078 -57.0101 1.18665 -0.0603755 0.0167585 0.803269 0.5923119999999999
1617800253.017564 -15.7388 -56.6249 1.11711 -0.06375649999999999 0.00859266 0.8303779999999999 0.553474
1617800253.115431 -15.9049 -56.6284 1.17264 -0.0658371 0.00325453 0.844315 0.531778
1617800253.216 -15.9429 -56.3754 1.15024 -0.0559201 -0.00683786 0.847356 0.528029
1617800253.315965 -15.9833 -56.3032 1.13496 -0.0458742 -0.0154012 0.854994 0.516375
1617800253.41674 -16.0538 -56.1146 1.12753 -0.0400579 -0.0178289 0.863526 0.502395
1617800253.516961 -16.0761 -55.9266 1.11985 -0.0360161 -0.0131747 0.868422 0.49434
1617800253.617382 -16.0843 -55.7851 1.15355 -0.0399315 -0.00596422 0.867045 0.496591
1617800253.717938 -16.1626 -55.6655 1.14171 -0.0335681 -0.0133601 0.867715 0.495747
1617800253.818615 -16.1743 -55.5339 1.12644 -0.0221487 -0.0233219 0.854645 0.518216
1617800253.919272 -16.2411 -55.3129 1.11529 -0.0107054 -0.0259001 0.846056 0.532357
1617800254.018604 -16.3186 -55.1145 1.10987 -0.008598 -0.0245495 0.8517 0.523384
1617800254.11776 -16.3023 -54.9819 1.12775 -0.00760531 -0.018853 0.845823 0.533076
1617800254.217311 -16.3326 -54.7216 1.12275 0.00591909 -0.0213369 0.856868 0.51506
1617800254.316064 -16.3938 -54.6805 1.11881 0.0246904 -0.0277497 0.860007 0.508929
1617800254.416245 -16.4037 -54.4715 1.10121 0.0334389 -0.0341098 0.855526 0.515552
1617800254.516253 -16.4715 -54.2853 1.10988 0.0335141 -0.0291685 0.861633 0.505584
1617800254.615944 -16.4586 -54.1952 1.12575 0.0250271 -0.0272403 0.857154 0.513729
1617800254.716546 -16.5616 -53.9143 1.11232 0.0271742 -0.0371299 0.860084 0.508073
1617800254.81608 -16.5563 -53.9749 1.0792 0.0343702 -0.0430992 0.858456 0.509916
1617800254.917324 -16.6707 -53.5882 1.07176 0.0435754 -0.0441339 0.8467209999999999 0.52841
1617800255.016745 -16.7522 -53.4211 1.09553 0.046449 -0.0342171 0.859716 0.507503
1617800255.11598 -16.719 -53.4796 1.10352 0.0463307 -0.0264172 0.853441 0.5184530000000001
1617800255.217011 -16.754 -53.1435 1.06492 0.0396687 -0.0223538 0.8404509999999999 0.53997
1617800255.316614 -16.7986 -52.9617 1.07158 0.0338618 -0.0300348 0.8423850000000001 0.536972
1617800255.416186 -16.848 -52.8214 1.06706 0.0291864 -0.0413708 0.846526 0.529934
1617800255.516143 -16.9022 -52.5622 1.07924 0.0282436 -0.0416867 0.8569020000000001 0.513014
1617800255.615739 -16.9191 -52.5181 1.0688 0.0257598 -0.0354311 0.861782 0.5053840000000001
1617800255.716308 -17.036 -52.3303 1.0604 0.0369888 -0.0376012 0.870937 0.488556
1617800255.816584 -17.0168 -52.2733 1.03434 0.0505228 -0.0387861 0.866672 0.494796
1617800255.917839 -17.0827 -52.0654 1.03207 0.0527267 -0.0308644 0.862895 0.501677
1617800256.018252 -17.0803 -51.8656 1.05267 0.0432773 -0.0213425 0.859169 0.509412
1617800256.118219 -17.0781 -51.7777 1.06071 0.0281653 -0.0189977 0.852096 0.522281
1617800256.218311 -17.1956 -51.4555 1.04827 0.0264639 -0.0234895 0.853288 0.520238
1617800256.316914 -17.2006 -51.3372 1.04088 0.0302976 -0.0293502 0.8592 0.509898
1617800256.416301 -17.213 -51.2477 1.03782 0.0246326 -0.0331771 0.858563 0.51104
1617800256.516125 -17.3071 -50.9439 1.04554 0.0143947 -0.0261494 0.858013 0.51276
1617800256.615176 -17.4117 -50.7043 1.02461 0.00697705 -0.0164044 0.871545 0.489991
1617800256.713925 -17.3792 -50.7819 1.02198 0.0174678 -0.0157703 0.8825190000000001 0.469687
1617800256.814904 -17.3727 -50.5993 1.00542 0.023251 -0.016971 0.872673 0.487456
1617800256.915832 -17.4462 -50.399 1.0055 0.0265381 -0.0166024 0.865523 0.49989
1617800257.016488 -17.5483 -50.1189 1.03613 0.028734 -0.014083 0.8652260000000001 0.50036
1617800257.11611 -17.5235 -50.1492 1.043 0.0316863 -0.0141078 0.866834 0.497389
1617800257.216884 -17.5651 -49.8672 1.03111 0.034962 -0.0192819 0.856287 0.514954
1617800257.31675 -17.6318 -49.6778 1.01113 0.0398216 -0.0272275 0.857204 0.512713
1617800257.416523 -17.7225 -49.4451 0.980337 0.0382044 -0.0254068 0.862507 0.503962
1617800257.516129 -17.7038 -49.3889 1.01271 0.0297193 -0.0158818 0.865937 0.499017
1617800257.616463 -17.7077 -49.2462 1.02278 0.0181344 -0.0115755 0.856011 0.516509
1617800257.716811 -17.9335 -48.9238 1.0022 0.0163487 -0.0114702 0.860425 0.509185
1617800257.815783 -17.8495 -48.9614 0.9789639999999999 0.0244203 -0.00901123 0.865623 0.500019
1617800257.916497 -17.9158 -48.7174 0.992793 0.0302206 -0.00784924 0.854871 0.5179009999999999
1617800258.016569 -17.9927 -48.5347 0.997602 0.0226778 -0.00762632 0.855176 0.517786
1617800258.116329 -18.0331 -48.3583 1.00133 0.0264779 -0.00866782 0.8505779999999999 0.525111
1617800258.215989 -18.1441 -48.1736 0.994015 0.0377409 -0.0140072 0.857472 0.512953
1617800258.315378 -18.136 -48.0311 0.980865 0.0494174 -0.0223347 0.860152 0.507147
1617800258.415395 -18.1293 -47.9959 0.96532 0.0482691 -0.0286058 0.85926 0.508453
1617800258.516159 -18.2444 -47.6834 0.977078 0.0395788 -0.0242914 0.8554619999999999 0.51578
1617800258.616042 -18.2566 -47.5804 0.967395 0.0290231 -0.0164327 0.855527 0.516683
1617800258.716071 -18.4198 -47.3315 0.990731 0.0373084 -0.0209063 0.86341 0.502687
1617800258.815419 -18.3749 -47.3692 0.970631 0.0496763 -0.026845 0.864919 0.498725
1617800258.916296 -18.4174 -47.1486 0.94854 0.0431445 -0.0260717 0.85327 0.519027
1617800259.016536 -18.5508 -46.839 0.96835 0.0313909 -0.0221408 0.852688 0.521006
1617800259.115735 -18.657 -46.7086 0.982741 0.0311224 -0.0232361 0.862831 0.5039979999999999
1617800259.215123 -18.6806 -46.5781 0.973353 0.0370651 -0.0267854 0.869221 0.492305
1617800259.314947 -18.7106 -46.4265 0.970276 0.0407057 -0.0356747 0.874702 0.48163
1617800259.415147 -18.7006 -46.3808 0.947539 0.0336676 -0.0371121 0.8748 0.481886
1617800259.515995 -18.8406 -46.0804 0.965418 0.02324 -0.0322918 0.875285 0.481968
1617800259.615995 -18.7766 -46.0493 0.972563 0.0101831 -0.0289126 0.872854 0.487017
1617800259.716872 -18.8315 -46.007 0.952593 0.00496298 -0.0309298 0.86473 0.501259
1617800259.818106 -18.9637 -45.732 0.917772 0.00767473 -0.0310599 0.844356 0.534826
1617800259.918165 -19.052 -45.5522 0.901969 0.0149155 -0.0219992 0.836759 0.5469270000000001
1617800260.017702 -19.1108 -45.3901 0.918423 0.0106756 -0.00297465 0.833947 0.5517339999999999
1617800260.117048 -19.0127 -45.3677 0.922955 0.00584894 0.0139627 0.8213549999999999 0.570217
1617800260.217019 -18.9827 -45.232 0.943607 -0.00309319 0.0187429 0.801262 0.598012
1617800260.317089 -19.019 -45.0162 0.92162 -0.0112593 0.0106723 0.767559 0.640791
1617800260.41652 -19.0488 -44.9012 0.902143 -0.0168966 0.00971822 0.74716 0.664358
1617800260.516304 -19.0878 -44.5919 0.877993 -0.0113969 0.0124677 0.7090610000000001 0.704945
1617800260.615252 -18.871 -44.8766 0.891796 -0.00292809 0.0138243 0.69465 0.719209
1617800260.715783 -18.812 -44.7469 0.878926 0.00488391 0.009108740000000001 0.639271 0.768912
1617800260.816199 -18.7519 -44.7426 0.848361 0.0201656 0.00434252 0.575677 0.8174169999999999
1617800260.917133 -18.6609 -44.8027 0.826864 0.0372975 0.010613 0.501883 0.864066
1617800261.016733 -18.9287 -44.0706 0.840713 0.0572128 0.00397183 0.43364 0.899259
1617800261.115741 -18.8683 -44.1849 0.854591 0.0684346 0.00855966 0.375042 0.924439
1617800261.215996 -18.7214 -44.0567 0.895424 0.06654839999999999 0.0132642 0.313408 0.947191
1617800261.316222 -18.4452 -44.2354 0.873405 0.0499267 0.0182058 0.25804 0.964672
1617800261.415554 -18.4742 -43.6992 0.840992 0.0427624 0.0124402 0.194508 0.979889
1617800261.514482 -18.2517 -43.5803 0.869821 0.0424712 0.0144945 0.183405 0.982013
1617800261.61313 -18.2476 -43.4885 0.893058 0.0288841 0.021281 0.185122 0.98206
1617800261.713225 -18.0067 -43.3407 0.876526 0.0161553 0.0200193 0.16808 0.985438
1617800261.813212 -17.9884 -43.306 0.8636509999999999 0.009058979999999999 0.0101486 0.157084 0.987492
1617800261.914349 -17.6968 -43.1977 0.824435 0.0111769 0.0068917 0.141981 0.9897820000000001
1617800262.01481 -17.4891 -43.0786 0.870873 0.012275 0.0163989 0.151481 0.988248
1617800262.115019 -17.6742 -43.1226 0.900072 -0.00634585 0.0251472 0.138465 0.990028
1617800262.216912 -17.0683 -42.88 0.841826 -0.0132819 0.0181908 0.12282 0.992173
1617800262.315731 -17.0447 -42.7415 0.811682 -0.0059634 0.0140769 0.168655 0.985557
1617800262.415763 -16.8715 -42.7153 0.847002 -0.00177115 0.0188229 0.176538 0.984112
1617800262.515913 -16.7901 -42.6887 0.82335 -0.00457424 0.0342436 0.184449 0.982235
1617800262.616204 -16.6508 -42.5169 0.836815 0.00371543 0.0371112 0.205121 0.978026
1617800262.716682 -16.7316 -42.5437 0.867047 0.0019642 0.0379178 0.183786 0.982233
1617800262.818201 -16.5012 -42.4391 0.800489 0.000536179 0.0316444 0.157233 0.987054
1617800262.918735 -16.1783 -42.3011 0.806229 0.0138464 0.026632 0.152784 0.987804
1617800263.018243 -16.0972 -42.1798 0.877932 0.0120202 0.0291003 0.164535 0.985869
1617800263.117934 -15.9732 -42.1346 0.866907 0.000234527 0.0343781 0.165014 0.985692
1617800263.217597 -15.5532 -41.9127 0.851487 0.00211663 0.0277095 0.210955 0.977101
1617800263.316023 -15.5688 -41.7681 0.853012 8.11487e-05 0.0163196 0.259689 0.965554
1617800263.415936 -15.6367 -41.5594 0.838654 -0.00431253 0.00374294 0.290578 0.956834
1617800263.515361 -15.5963 -41.4225 0.823977 0.00303444 -0.0039794 0.362684 0.931899
1617800263.615376 -15.4925 -41.4247 0.866251 0.00736509 -0.00754714 0.42828 0.9035840000000001
1617800263.716527 -15.4789 -41.2567 0.8552729999999999 0.008316570000000001 -0.0135647 0.467208 0.884004
1617800263.817387 -15.3296 -41.1805 0.849146 0.0105354 -0.0233878 0.506676 0.861755
1617800263.918717 -15.2798 -41.0624 0.872515 0.00104662 -0.0268093 0.518893 0.854418
1617800264.019893 -15.3295 -40.8377 0.836267 -0.00555647 -0.0184697 0.52418 0.851389
1617800264.118585 -15.2665 -40.7491 0.855299 -0.000730888 -0.00533783 0.580595 0.814174
1617800264.218324 -15.0906 -40.6067 0.870726 -0.00558197 0.0074007 0.58951 0.807708
1617800264.318073 -15.0771 -40.4069 0.8273509999999999 -0.0107166 0.0104928 0.604226 0.796672
1617800264.417099 -15.0135 -40.2666 0.850514 -0.0101875 0.00274199 0.630393 0.776205
1617800264.516275 -14.8782 -40.1631 0.854833 -0.0134975 -0.00177376 0.644625 0.764378
1617800264.616202 -14.9431 -39.9414 0.818499 -0.00969683 0.00421289 0.65677 0.754017
1617800264.715731 -14.8753 -39.8063 0.809756 0.00271126 0.0121217 0.676291 0.73653
1617800264.815876 -14.6945 -39.7785 0.8170269999999999 0.0117827 0.0161635 0.686113 0.72722
1617800264.91794 -14.6245 -39.5282 0.824973 0.0159539 0.022682 0.649379 0.7599590000000001
1617800265.018538 -14.6347 -39.3395 0.865502 0.0151894 0.0272291 0.644648 0.763843
1617800265.118578 -14.5297 -39.1891 0.86238 0.009047990000000001 0.034104 0.63259 0.773682
1617800265.218404 -14.5458 -38.9401 0.859473 0.0125722 0.0321953 0.634468 0.772176
1617800265.317187 -14.387 -38.8857 0.868131 0.00884185 0.0180281 0.642189 0.766283
1617800265.417592 -14.4498 -38.5892 0.840157 0.00126401 0.00741029 0.630819 0.775894
1617800265.516603 -14.4345 -38.4345 0.851085 0.00150666 0.0120627 0.643532 0.7653219999999999
1617800265.61592 -14.3037 -38.3186 0.888493 -0.00792502 0.0161081 0.6534 0.7568
1617800265.716617 -14.2295 -38.1444 0.86621 -0.0162631 0.008333770000000001 0.638472 0.769428
1617800265.817202 -14.2481 -37.9803 0.824888 -0.0142077 0.00213951 0.624045 0.781257
1617800265.917532 -14.2559 -37.7453 0.819174 -0.0107365 0.0106013 0.6193419999999999 0.784977
1617800266.016912 -14.2179 -37.5522 0.8499910000000001 -0.0116667 0.0222294 0.631868 0.7746690000000001
1617800266.116735 -14.0274 -37.4905 0.866604 -0.0192594 0.0274292 0.625398 0.779586
1617800266.217602 -14.0471 -37.2298 0.845848 -0.023361 0.0328065 0.605729 0.794651
1617800266.31718 -13.9492 -37.0694 0.83349 -0.0306104 0.0368689 0.60163 0.797336
1617800266.416838 -13.9245 -36.9465 0.818654 -0.0386369 0.0447949 0.598776 0.798729
1617800266.517001 -13.8806 -36.6594 0.818985 -0.0373346 0.0467773 0.591141 0.804345
1617800266.615964 -13.7496 -36.5728 0.833032 -0.0316069 0.0364541 0.609297 0.791473
1617800266.716093 -13.6678 -36.4523 0.821166 -0.021659 0.0196202 0.605969 0.794951
1617800266.816629 -13.6233 -36.2778 0.788658 -0.00273405 0.00910559 0.597764 0.801616
1617800266.916548 -13.5922 -36.1195 0.831251 0.0141475 0.00138392 0.602598 0.797919
1617800267.016866 -13.4565 -35.986 0.89995 0.009987360000000001 -0.00583327 0.594793 0.803796
1617800267.117616 -13.4006 -35.8306 0.872665 0.00469311 -0.008297219999999999 0.567738 0.8231540000000001
1617800267.217595 -13.3314 -35.6733 0.859 0.00477216 -0.0137605 0.557408 0.830111
1617800267.317169 -13.2595 -35.4738 0.861551 0.00576155 -0.0266863 0.55758 0.829674
1617800267.415408 -13.2096 -35.3862 0.840032 0.00800181 -0.0274839 0.580628 0.813665
1617800267.515599 -13.0922 -35.1711 0.855155 0.0120353 -0.0188288 0.570677 0.820871
1617800267.614722 -13.0337 -35.042 0.861285 0.0188982 -0.0206905 0.588791 0.8078
1617800267.714971 -12.8886 -34.9254 0.849818 0.0247668 -0.0289709 0.5795439999999999 0.814049
1617800267.815709 -12.7773 -34.7877 0.822905 0.0318302 -0.0305993 0.564732 0.824092
1617800267.91699 -12.6935 -34.6305 0.875658 0.0299135 -0.0296153 0.527085 0.84877
1617800268.017046 -12.6437 -34.464 0.864462 0.0212139 -0.0251141 0.516974 0.855369
1617800268.116906 -12.5316 -34.3001 0.844334 0.0235604 -0.0233091 0.506269 0.861739
1617800268.216623 -12.3616 -34.1809 0.831588 0.0318449 -0.030308 0.49983 0.865007
1617800268.316104 -12.3203 -34.0037 0.853983 0.0384417 -0.0394869 0.509683 0.858595
1617800268.41575 -12.1997 -33.9234 0.848332 0.0370439 -0.037688 0.50362 0.862308
1617800268.516068 -12.1471 -33.7758 0.829179 0.0415135 -0.0241299 0.499177 0.865169
1617800268.616199 -11.9975 -33.6019 0.835182 0.0469942 -0.0212704 0.493087 0.868449
1617800268.716413 -11.8755 -33.4889 0.844199 0.0485304 -0.0266733 0.479829 0.875613
1617800268.81699 -11.8215 -33.3419 0.821202 0.0501269 -0.02077 0.454302 0.889194
1617800268.917136 -11.7015 -33.1586 0.8438020000000001 0.0495834 -0.00859526 0.451656 0.890772
1617800269.016268 -11.6526 -33.0562 0.851644 0.0475144 0.00494084 0.447684 0.892915
1617800269.116679 -11.4073 -32.8775 0.835338 0.0483528 0.00578423 0.429721 0.901648
1617800269.216395 -11.3723 -32.723 0.867735 0.0426488 -0.00369356 0.426785 0.90334
1617800269.316618 -11.2072 -32.6277 0.861524 0.026551 -0.0125352 0.406621 0.913125
1617800269.416751 -11.1158 -32.4638 0.839962 0.0232836 -0.0116325 0.410215 0.911617
1617800269.515694 -11.0291 -32.3332 0.854626 0.0259965 -0.0049202 0.427638 0.903563
1617800269.616251 -10.9558 -32.2198 0.851977 0.0230919 -0.00368493 0.405973 0.913586
1617800269.717246 -10.79 -32.0804 0.837039 0.0171939 -0.000833334 0.387618 0.921659
1617800269.817657 -10.722 -31.9545 0.8613 0.00732726 0.0145317 0.362195 0.93196
1617800269.918125 -10.4647 -31.7574 0.89061 -0.009064910000000001 0.0289024 0.35799 0.933234
1617800270.017503 -10.4153 -31.6638 0.875428 -0.0253366 0.0371475 0.342661 0.938382
1617800270.117507 -10.0684 -31.4556 0.845098 -0.0333573 0.0384894 0.350424 0.935205
1617800270.216512 -10.0367 -31.3852 0.843212 -0.0420838 0.0425538 0.349942 0.934857
1617800270.316462 -10.0075 -31.2393 0.835802 -0.0571806 0.0498859 0.341107 0.936957
1617800270.416895 -9.590170000000001 -31.0389 0.808706 -0.0540372 0.0475814 0.355195 0.932015
1617800270.516024 -9.68042 -31.0051 0.809405 -0.0419426 0.0496225 0.336167 0.939558
1617800270.61687 -9.474 -30.8378 0.791475 -0.0286402 0.0418712 0.33752 0.93995
1617800270.716912 -9.415100000000001 -30.7896 0.8196020000000001 -0.0199085 0.0383437 0.322614 0.9455440000000001
1617800270.817564 -9.2546 -30.6762 0.852456 -0.0238788 0.0408422 0.302634 0.951932
1617800270.917708 -9.06263 -30.5137 0.874548 -0.0307699 0.0419895 0.304421 0.951114
1617800271.017318 -9.003019999999999 -30.4584 0.873414 -0.0371238 0.0391942 0.287981 0.956113
1617800271.117543 -8.708170000000001 -30.2928 0.823182 -0.0363879 0.0275564 0.290434 0.955806
1617800271.216916 -8.52861 -30.2117 0.787871 -0.0242119 0.0230973 0.307316 0.9510189999999999
1617800271.316396 -8.44746 -30.1396 0.811705 -0.00801988 0.0221014 0.317956 0.947814
1617800271.41636 -8.43094 -30.1127 0.8439 -0.00124807 0.0223216 0.31002 0.950467
1617800271.517108 -8.269970000000001 -29.9996 0.87461 -0.00223711 0.0133302 0.293295 0.9559260000000001
1617800271.617514 -8.1083 -29.8683 0.842132 -0.00416788 0.00389881 0.275344 0.961329
1617800271.718147 -7.83752 -29.7859 0.816459 0.00582201 -0.00015813 0.242756 0.97007
1617800271.816983 -7.86018 -29.7692 0.898456 0.0066121 0.00360048 0.230454 0.973054
1617800271.91687 -7.55754 -29.668 0.891687 -0.00167259 -0.000548085 0.202625 0.979255
1617800272.016053 -7.39063 -29.5474 0.89211 -0.00204555 -0.0109531 0.215355 0.976472
1617800272.115361 -7.21965 -29.5114 0.853818 -0.00283377 -0.0170863 0.198923 0.979862
1617800272.215299 -6.88861 -29.3671 0.826779 0.00250952 -0.0255179 0.229029 0.973082
1617800272.314839 -6.91701 -29.3867 0.839549 0.0149126 -0.025035 0.231628 0.972368
1617800272.415769 -6.80668 -29.3413 0.874255 0.0192225 -0.0256028 0.225979 0.973606
1617800272.51671 -6.68772 -29.2666 0.86961 0.0196171 -0.0362205 0.209227 0.976999
1617800272.617898 -6.47607 -29.2059 0.845541 0.0167595 -0.047914 0.185088 0.98141
1617800272.71944 -6.19311 -29.1071 0.827359 0.0263562 -0.0602772 0.145951 0.987102
1617800272.818824 -6.07726 -29.0563 0.872627 0.0337668 -0.0679308 0.159822 0.984227
1617800272.91818 -6.10624 -29.1279 0.891516 0.0351865 -0.0631058 0.131844 0.988634
1617800273.018527 -5.8201 -29.0087 0.880588 0.0353951 -0.0639917 0.116012 0.990552
1617800273.117864 -5.71037 -28.9804 0.87124 0.0331481 -0.066564 0.105934 0.9915890000000001
1617800273.217623 -5.47009 -28.9402 0.883952 0.0298926 -0.0659477 0.09738769999999999 0.992609
1617800273.317204 -5.22804 -28.8665 0.913344 0.0292189 -0.0580111 0.0961077 0.993249
1617800273.416799 -5.27621 -28.9127 0.91664 0.0256579 -0.0356595 0.0759881 0.99614
1617800273.517414 -4.92306 -28.7978 0.89453 0.0210863 -0.0277426 0.0655326 0.997242
1617800273.617028 -4.8782 -28.7961 0.860263 0.0222093 -0.0275657 0.0505926 0.998092
1617800273.717401 -4.53407 -28.7133 0.890231 0.0271328 -0.0449801 0.0388389 0.997864
1617800273.816803 -4.73578 -28.7785 0.949395 0.0161696 -0.0384778 0.0295184 0.998692
1617800273.917739 -4.26376 -28.7356 0.936259 0.00675741 -0.0290459 -0.0174775 0.999402
1617800274.017655 -4.00467 -28.6021 0.913349 0.00534548 -0.03826 -0.000221639 0.9992529999999999
1617800274.116745 -3.91802 -28.653 0.914309 0.00109047 -0.0485913 0.00105702 0.998818
1617800274.216838 -3.76875 -28.6611 0.91786 -0.00912896 -0.0406888 -0.0118011 0.9990599999999999
1617800274.317317 -3.43401 -28.6137 0.919535 -0.00859418 -0.0291149 -0.008920539999999999 0.999499
1617800274.416956 -3.33327 -28.595 0.905352 -0.00239001 -0.0178332 0.0076904 0.9998089999999999
1617800274.517032 -3.26224 -28.6682 0.900313 0.00336575 -0.0210091 0.000544557 0.999773
1617800274.617869 -3.21171 -28.6779 0.875522 0.00745163 -0.0192478 -0.0391461 0.99902
1617800274.71899 -2.85781 -28.6746 0.888954 0.00886988 -0.0156195 -0.05979 0.998049
1617800274.818723 -2.71213 -28.6833 0.928988 0.0105461 -0.0101144 -0.0692826 0.99749
1617800274.918227 -2.51795 -28.7084 0.934984 0.00577798 -0.013179 -0.0873485 0.996074
1617800275.017755 -2.40956 -28.7868 0.910812 0.000694451 -0.010196 -0.101933 0.994739
1617800275.118041 -2.03716 -28.8033 0.900154 -0.00250831 -0.0190564 -0.107359 0.994035
1617800275.216062 -1.98449 -28.7207 0.887552 0.00117788 -0.02501 -0.0867911 0.995912
1617800275.31595 -1.68029 -28.802 0.9264869999999999 0.00880157 -0.0247768 -0.0839799 0.99612
1617800275.415371 -1.70888 -28.8294 0.915004 0.0116694 -0.0176962 -0.0819546 0.996411
1617800275.516316 -1.42499 -28.852 0.891365 0.0198057 -0.0220293 -0.0867139 0.995793
1617800275.616488 -1.48792 -28.9331 0.870283 0.0252175 -0.0216429 -0.11 0.993376
1617800275.717941 -1.10338 -28.9462 0.916736 0.0258499 -0.0211307 -0.131419 0.990764
1617800275.817852 -0.895991 -28.9639 0.93143 0.0266329 -0.0176976 -0.129173 0.991106
1617800275.917264 -0.79883 -29.0397 0.924275 0.0284161 -0.0186759 -0.138156 0.989827
1617800276.017101 -0.6137860000000001 -29.0774 0.926679 0.0277754 -0.0281612 -0.142308 0.989032
1617800276.116729 -0.421437 -29.133 0.923671 0.0253533 -0.0375307 -0.143559 0.988605
1617800276.216296 -0.326523 -29.1798 0.916658 0.0205881 -0.0368794 -0.145885 0.9883999999999999
1617800276.316577 -0.0133786 -29.203 0.945173 0.0210528 -0.0348451 -0.134302 0.990104
1617800276.416539 0.0159036 -29.271 0.950388 0.0202249 -0.0242094 -0.155961 0.987259
1617800276.517585 0.242939 -29.3308 0.931046 0.0193789 -0.0310944 -0.161381 0.986212
1617800276.617642 0.334481 -29.3905 0.919346 0.02525 -0.0368068 -0.170778 0.984298
1617800276.718182 0.556639 -29.4559 0.97827 0.024771 -0.0366032 -0.184918 0.98176
1617800276.818147 0.654012 -29.5093 0.982324 0.0196752 -0.0328754 -0.202251 0.978584
1617800276.918369 0.869794 -29.6051 0.985756 0.0165837 -0.040776 -0.212572 0.976153
1617800277.017833 0.995935 -29.6584 0.966736 0.0116988 -0.0556327 -0.217635 0.974373
1617800277.117474 1.2141 -29.6958 0.987564 0.00617337 -0.0669293 -0.212296 0.974891
1617800277.217101 1.24577 -29.8214 1.00271 -0.000312108 -0.0631748 -0.226863 0.971876
1617800277.317461 1.45882 -29.8488 1.02191 -0.0020189 -0.0494162 -0.240042 0.969502
1617800277.417842 1.68829 -29.9679 1.01784 -0.00091566 -0.0423277 -0.246145 0.9683079999999999
1617800277.517242 1.84679 -29.9926 0.993742 -0.00108082 -0.0415498 -0.23499 0.971109
1617800277.617386 1.96646 -30.0799 0.986996 -0.000313766 -0.0337472 -0.255572 0.966201
1617800277.718069 2.1304 -30.1964 0.996544 -0.00131549 -0.0190386 -0.268864 0.962989
1617800277.817998 2.422 -30.318 1.03464 -0.00097264 -0.020342 -0.245961 0.969066
1617800277.917303 2.45005 -30.3791 1.00946 -0.00626851 -0.0231542 -0.256412 0.96627
1617800278.017988 2.61692 -30.4714 0.99608 -0.0154111 -0.0239186 -0.267797 0.963055
1617800278.118282 2.74341 -30.5629 1.00008 -0.0252141 -0.0279806 -0.282488 0.958531
1617800278.218594 2.91894 -30.7196 1.01003 -0.0240649 -0.0296994 -0.285325 0.957668
1617800278.3177 3.11238 -30.7946 1.01386 -0.0147769 -0.0368903 -0.256504 0.965726
1617800278.417206 3.16808 -30.9167 0.992722 -0.00584237 -0.0506372 -0.26252 0.963579
1617800278.517393 3.32313 -30.9853 0.972434 0.00512492 -0.0581557 -0.261468 0.963445
1617800278.618072 3.46621 -31.1528 0.965684 0.0212033 -0.0485077 -0.28524 0.956993
1617800278.718397 3.43199 -31.2534 1.08276 0.0315135 -0.00389339 -0.326959 0.944505
1617800278.819924 3.72439 -31.4005 1.05953 0.0250757 0.0222397 -0.373771 0.926915
1617800278.919197 3.93579 -31.5144 1.04195 0.0185687 0.024981 -0.363729 0.930985
1617800279.0178 4.04731 -31.6232 1.03325 0.009159479999999999 0.0181526 -0.359978 0.932739
1617800279.116987 4.1236 -31.748 1.01352 0.00308325 0.0164065 -0.3672 0.929992
1617800279.216809 4.25933 -31.9164 1.02631 0.008450640000000001 0.0152126 -0.364695 0.930964
1617800279.316559 4.38894 -32.036 1.04912 0.0122227 0.0153488 -0.387199 0.9217880000000001
1617800279.41749 4.48353 -32.1592 1.03507 0.0115869 0.00356323 -0.392475 0.919683
1617800279.517737 4.62413 -32.2783 1.01074 0.011881 -0.0109527 -0.41713 0.908703
1617800279.618665 4.66888 -32.4822 1.02745 0.0157388 -0.0217203 -0.418968 0.907605
1617800279.718107 4.71731 -32.5617 1.0584 0.0124187 -0.0181494 -0.426681 0.904135
1617800279.819212 4.8946 -32.7356 1.07311 0.00678829 -0.0127999 -0.473632 0.8806040000000001
1617800279.919261 4.98389 -32.9107 1.03318 0.000723367 -0.00839348 -0.466339 0.884566
1617800280.018041 5.10832 -33.0126 1.03394 -0.00630685 -0.0030659 -0.474828 0.880051
1617800280.117919 5.16531 -33.2352 1.03199 -0.018134 -0.00664427 -0.477713 0.878304
1617800280.216978 5.2738 -33.413 1.03672 -0.0149137 -0.0310343 -0.428554 0.90286
1617800280.315644 5.35276 -33.4816 1.04311 -0.00991705 -0.045549 -0.427343 0.902887
1617800280.416758 5.47114 -33.6182 1.01079 -0.00792206 -0.0535664 -0.453666 0.889525
1617800280.518608 5.49977 -33.829 1.01342 -0.00359506 -0.05641 -0.471879 0.879849
1617800280.618778 5.62547 -33.9327 1.07104 0.00105391 -0.0366665 -0.48338 0.874642
1617800280.719738 5.6874 -34.133 1.07446 0.00380075 -0.0131208 -0.535153 0.844645
1617800280.819588 5.75769 -34.362 1.04776 0.0009442 -0.0135981 -0.511988 0.858885
1617800280.917651 5.89505 -34.4543 1.0612 -0.00850951 -0.0187494 -0.502321 0.864436
1617800281.017409 5.93284 -34.6096 1.0489 -0.0181715 -0.0144985 -0.516115 0.856204
1617800281.117764 5.96753 -34.8287 1.05043 -0.014266 -0.0149526 -0.503403 0.863805
1617800281.216889 6.0687 -34.9599 1.05365 -0.0030076 -0.0211633 -0.493743 0.869345
1617800281.316948 6.17157 -35.0917 1.04727 0.00255783 -0.026654 -0.495266 0.868328
1617800281.417662 6.24289 -35.2391 1.02566 0.0053044 -0.0303636 -0.538924 0.84179
1617800281.519233 6.245 -35.4338 1.04579 0.0101987 -0.0365402 -0.565154 0.824113
1617800281.618683 6.36299 -35.5697 1.10531 0.00689829 -0.0258002 -0.577107 0.816232
1617800281.718692 6.40542 -35.7501 1.10089 0.006412 -0.0123666 -0.618569 0.7856070000000001
1617800281.818448 6.36882 -36.0026 1.07786 -6.746790000000001e-05 -0.0118836 -0.609975 0.792332
1617800281.916268 6.49022 -36.1049 1.05773 -0.0025449 -0.0136765 -0.597842 0.801494
1617800282.0157 6.52705 -36.2963 1.05554 -0.00476795 -0.00901221 -0.60339 0.797381
1617800282.115866 6.55326 -36.4945 1.05495 -0.00575318 -0.0149573 -0.605335 0.795809
1617800282.216088 6.54278 -36.6867 1.0594 -0.00688475 -0.0190336 -0.598328 0.800996
1617800282.316145 6.66364 -36.7938 1.04692 -0.00495644 -0.0188366 -0.597229 0.801834
1617800282.417755 6.68093 -36.9784 0.999431 0.00398767 -0.0197305 -0.643158 0.765469
1617800282.519174 6.65769 -37.2101 1.02891 0.00528835 -0.0260421 -0.634265 0.772659
1617800282.618198 6.74836 -37.3584 1.06314 -0.00284627 -0.0342206 -0.631271 0.774801
1617800282.718157 6.684 -37.5245 1.05572 -0.0135919 -0.0419578 -0.643661 0.764039
1617800282.817743 6.75818 -37.7006 1.04672 -0.0224874 -0.0479693 -0.62868 0.775857
1617800282.917223 6.69806 -37.8252 1.0341 -0.0263148 -0.0489109 -0.647941 0.759663
1617800283.017275 6.7552 -38.0015 1.05401 -0.0286929 -0.0441236 -0.639999 0.766571
1617800283.117293 6.72034 -38.1702 1.08489 -0.0286791 -0.0350043 -0.647945 0.760342
1617800283.217373 6.75569 -38.3355 1.09088 -0.0224439 -0.0231029 -0.662985 0.747939
1617800283.317765 6.75195 -38.5769 1.06016 -0.0273338 -0.0211272 -0.657307 0.752831
1617800283.4172 6.84769 -38.687 1.03882 -0.0290153 -0.0211917 -0.676818 0.735273
1617800283.518349 6.73829 -38.8952 1.06219 -0.0283345 -0.0147903 -0.691428 0.721738
1617800283.617729 6.82353 -39.0489 1.09331 -0.0223786 -0.00908481 -0.6807609999999999 0.732108
1617800283.717436 6.81563 -39.2289 1.08725 -0.0183907 -0.00187155 -0.702989 0.710961
1617800283.817801 6.77559 -39.4813 1.06539 -0.0284127 -0.00503471 -0.697543 0.715962
1617800283.917055 6.74667 -39.6085 1.04204 -0.032626 -0.007937939999999999 -0.6929999999999999 0.720155
1617800284.017062 6.76032 -39.7613 1.02946 -0.0183095 -0.0114332 -0.696774 0.716966
1617800284.117453 6.75846 -39.9585 1.04792 -0.0022066 -0.0127975 -0.692645 0.721162
1617800284.217734 6.7568 -40.1062 1.05306 0.00716571 -0.0167345 -0.707635 0.706344
1617800284.318434 6.75927 -40.2407 1.05521 0.0110821 -0.0192013 -0.722286 0.691239
1617800284.419206 6.71826 -40.4182 1.02836 0.0213455 -0.0142659 -0.754884 0.655356
1617800284.519653 6.67744 -40.627 1.02892 0.0355981 -0.0129016 -0.76744 0.640001
1617800284.618465 6.64774 -40.8451 1.06502 0.0465159 -0.0120679 -0.757894 0.650606
1617800284.717355 6.63974 -40.9618 1.06694 0.0486513 -0.009280389999999999 -0.78177 0.621597
1617800284.817487 6.57445 -41.2266 1.02602 0.0393895 -0.0172329 -0.783031 0.620495
1617800284.91664 6.56496 -41.3555 1.03898 0.0312291 -0.0253564 -0.783373 0.6202490000000001
1617800285.016529 6.55477 -41.4782 1.04639 0.0316608 -0.0250177 -0.795078 0.605163
1617800285.117148 6.46031 -41.6914 1.0541 0.0333996 -0.0256756 -0.796305 0.603426
1617800285.216894 6.50013 -41.7594 1.07094 0.0383285 -0.0219915 -0.809816 0.585017
1617800285.31782 6.45174 -41.9446 1.07277 0.0352265 -0.0135342 -0.827668 0.559948
1617800285.418365 6.39495 -42.1501 1.04574 0.0343464 -0.00213179 -0.846893 0.530649
1617800285.518204 6.37064 -42.2917 1.0875 0.0349724 0.0126336 -0.854725 0.517748
1617800285.617931 6.2227 -42.571 1.05452 0.0263622 0.0218929 -0.855301 0.516997
1617800285.716705 6.23254 -42.7252 1.06098 0.0170567 0.0187843 -0.85003 0.526122
1617800285.816737 6.20726 -42.8225 1.04823 0.0054117 0.0203113 -0.8609019999999999 0.508337
1617800285.917587 6.02137 -43.0705 1.02004 0.0132237 -0.0153436 0.8691179999999999 -0.49419
1617800286.016887 5.99344 -43.1872 1.01924 -0.00917074 0.00703427 -0.853015 0.5217580000000001
1617800286.116897 5.97459 -43.2427 1.06327 0.00618503 0.0120722 -0.861504 0.507569
1617800286.218134 5.81208 -43.5371 1.0232 -0.00631316 -0.00694631 0.866179 -0.499645
1617800286.317869 5.84019 -43.6209 1.01873 0.00626511 -0.00209409 -0.862988 0.50518
1617800286.418498 5.74075 -43.7378 1.0199 -0.008740400000000001 0.00203973 0.880352 -0.474236
1617800286.518924 5.5732 -43.9591 1.03085 -0.00650463 0.00276642 0.881683 -0.47179
1617800286.617825 5.58128 -44.0375 1.05901 -0.00546642 0.00376253 0.88162 -0.471914
1617800286.717976 5.43531 -44.1967 1.06107 0.000972868 0.00128363 0.894476 -0.447113
1617800286.817541 5.35999 -44.3709 1.05133 0.0120443 -0.00204487 0.892099 -0.451674
1617800286.917119 5.24804 -44.4683 1.03397 0.0111224 -0.00648876 0.900416 -0.434839
1617800287.016799 5.07527 -44.6754 1.03566 0.008965839999999999 -0.00651002 0.900976 -0.433728
1617800287.11575 4.99931 -44.8626 1.04935 0.009145520000000001 -0.00163 0.883298 -0.46872
1617800287.215366 4.95051 -44.9227 1.04822 0.00812558 0.00404381 0.887667 -0.460396
1617800287.316298 4.86597 -45.0249 1.02465 0.008737740000000001 0.008479789999999999 0.895914 -0.44406
1617800287.417961 4.6969 -45.2313 1.03452 0.00870393 0.0116176 0.910675 -0.412868
1617800287.517843 4.64815 -45.3223 1.06294 0.00532598 0.0151402 0.9134640000000001 -0.406602
1617800287.618142 4.49831 -45.4792 1.05612 0.00669706 0.0231062 0.9183210000000001 -0.395104
1617800287.71803 4.37816 -45.5972 1.05684 0.0159256 0.0307435 0.919148 -0.392387
1617800287.818007 4.28477 -45.6784 1.04079 0.0260442 0.0409835 0.923721 -0.379976
1617800287.918161 4.15695 -45.7944 1.03218 0.0199253 0.044218 0.923623 -0.38022
1617800288.01832 4.03032 -45.8496 1.06684 0.00520075 0.0369923 0.93106 -0.362949
1617800288.118506 3.90599 -45.9859 1.07904 -0.00812889 0.0268092 0.936854 -0.348596
1617800288.218339 3.73494 -46.1434 1.06041 -0.008589670000000001 0.0219082 0.941035 -0.337489
1617800288.318063 3.69519 -46.1836 1.065 -0.0100673 0.0159349 0.945984 -0.323665
1617800288.418815 3.53076 -46.3311 1.07427 -0.0124481 0.0139328 0.961767 -0.273232
1617800288.518198 3.2974 -46.649 1.08401 -0.00568365 0.0164608 0.954837 -0.296621
1617800288.61668 3.29312 -46.5492 1.08968 0.000838332 0.0223911 0.956685 -0.290262
1617800288.717093 3.08301 -46.7246 1.07564 0.00566239 0.0246759 0.960325 -0.277733
1617800288.817053 2.93284 -46.8011 1.08015 0.0052958 0.0238545 0.963109 -0.268
1617800288.916837 2.77045 -46.9697 1.08072 0.00758843 0.0238633 0.961019 -0.275345
1617800289.016436 2.62768 -47.0855 1.10435 0.0105472 0.0277156 0.955798 -0.292524
1617800289.116252 2.58435 -47.0191 1.10242 0.0020167 0.0234061 0.957687 -0.286851
1617800289.217547 2.35909 -47.2365 1.08386 0.00530504 0.0188821 0.962561 -0.270356
1617800289.317642 2.27324 -47.2497 1.06093 0.00792613 0.0173083 0.965686 -0.259013
1617800289.418451 2.10242 -47.3588 1.07926 0.00493267 0.0166947 0.974378 -0.224241
1617800289.517872 1.87287 -47.6081 1.10294 0.0105474 0.0183035 0.969342 -0.244806
1617800289.616948 1.81365 -47.4635 1.08797 0.0146444 0.0242029 0.9759370000000001 -0.216212
1617800289.718028 1.56567 -47.7233 1.06282 0.0253706 0.0288034 0.9805120000000001 -0.192671
1617800289.816935 1.49137 -47.681 1.06207 0.0307676 0.0355059 0.980774 -0.189409
1617800289.916666 1.32566 -47.7842 1.07095 0.0291942 0.0386893 0.979504 -0.195507
1617800290.016576 1.18803 -47.8033 1.11395 0.0198086 0.035728 0.981733 -0.185825
1617800290.116942 1.0795 -47.8568 1.10342 0.012109 0.0304881 0.9848980000000001 -0.17
1617800290.217587 0.895643 -47.9299 1.07711 0.0117344 0.0251583 0.9884770000000001 -0.148803
1617800290.318035 0.704105 -48.029 1.06292 0.0130778 0.0262985 0.991565 -0.126237
1617800290.417996 0.531191 -48.1171 1.09752 0.012664 0.0349919 0.992955 -0.112497
1617800290.517251 0.433262 -48.1506 1.12746 0.00555327 0.0309792 0.992167 -0.120891
1617800290.617676 0.251479 -48.1512 1.11378 0.00528975 0.0225381 0.996426 -0.0812407
1617800290.717653 0.0205674 -48.291 1.10732 0.0140341 0.015649 0.996631 -0.07927099999999999
1617800290.817168 -0.160183 -48.353 1.11701 0.0199646 0.00911588 0.996602 -0.0793859
1617800290.916418 -0.276587 -48.3993 1.12422 0.0193108 0.009318379999999999 0.995938 -0.08744589999999999
1617800291.016278 -0.47326 -48.457 1.13108 0.0161007 0.009359559999999999 0.995584 -0.0920038
1617800291.116249 -0.62663 -48.4666 1.12187 0.0258293 0.0110291 0.9959249999999999 -0.0856949
1617800291.216298 -0.7723719999999999 -48.5165 1.10637 0.0431762 0.015458 0.995282 -0.08550240000000001
1617800291.316811 -0.899607 -48.4996 1.10799 0.0534706 0.0193477 0.996533 -0.0607409
1617800291.417261 -1.09462 -48.5698 1.11215 0.0569873 0.0255254 0.997009 -0.045534
1617800291.516699 -1.23183 -48.6226 1.15762 0.0583207 0.0302061 0.996561 -0.0505168
1617800291.616811 -1.37722 -48.5692 1.15215 0.0552899 0.0281123 0.997828 -0.0221907
1617800291.716911 -1.58507 -48.6494 1.14864 0.0575012 0.0228656 0.997879 -0.0201844
1617800291.816335 -1.7502 -48.7031 1.1527 0.047445 0.0211912 0.998267 -0.0276142
1617800291.916283 -1.89568 -48.6442 1.16964 0.0285128 0.0182379 0.999339 -0.0132733
1617800292.016594 -2.12068 -48.7021 1.16791 0.0177085 0.017617 0.99968 -0.00404178
1617800292.116393 -2.31535 -48.7725 1.13507 0.0190812 0.0237594 0.999485 -0.0101038
1617800292.216516 -2.47286 -48.7684 1.12463 0.0251103 0.0297538 0.999242 -0.00037396
1617800292.317041 -2.59754 -48.7455 1.11465 0.0243579 0.0359907 0.99878 0.0234596
1617800292.417683 -2.8221 -48.7736 1.14234 0.0231511 0.044222 0.998112 0.0357909
1617800292.51727 -2.94214 -48.7565 1.18087 0.0243972 0.0422633 0.998054 0.0388183
1617800292.617926 -3.14345 -48.7746 1.17985 0.0288386 0.0303838 0.996366 0.074166
1617800292.718175 -3.27176 -48.7273 1.17532 0.0295864 0.0132267 0.995136 0.09302340000000001
1617800292.817839 -3.50639 -48.7849 1.16977 0.0238127 0.00610501 0.9961950000000001 0.083608
1617800292.916949 -3.695 -48.7773 1.17849 0.0166313 0.0113268 0.996651 0.0792562
1617800293.015787 -3.81301 -48.7854 1.19511 0.00749462 0.0118543 0.9974690000000001 0.0697097
1617800293.116063 -4.03359 -48.7271 1.1689 0.000969412 0.0108763 0.996395 0.0841267
1617800293.215754 -4.18955 -48.7418 1.15061 -6.898949999999999e-05 0.0075663 0.996215 0.0865967
1617800293.316488 -4.38258 -48.6717 1.13587 0.00156133 0.008089880000000001 0.992268 0.123838
1617800293.416292 -4.59275 -48.723 1.17323 0.00216895 0.0137746 0.994071 0.107835
1617800293.515862 -4.70733 -48.6779 1.18732 0.00504322 0.0104226 0.992382 0.122653
1617800293.61661 -4.90489 -48.6431 1.16169 0.0080879 0.00461755 0.9891529999999999 0.146594
1617800293.716857 -5.09357 -48.6233 1.15219 0.013731 0.00118723 0.988546 0.150287
1617800293.816798 -5.24561 -48.5791 1.16253 0.0105937 -0.00350999 0.987289 0.158542
1617800293.916802 -5.42078 -48.5148 1.16728 0.00607706 -0.00565093 0.987289 0.158719
1617800294.016315 -5.6161 -48.5322 1.15678 0.008512209999999999 -0.0015592 0.98776 0.155742
1617800294.116271 -5.78297 -48.5095 1.11793 0.0165949 0.000196342 0.985347 0.169752
1617800294.216689 -5.92627 -48.4763 1.10845 0.0194099 0.00379209 0.9817669999999999 0.189057
1617800294.317382 -6.11174 -48.3673 1.11377 0.0159634 0.0143341 0.97555 0.218729
1617800294.416833 -6.32249 -48.3568 1.15734 0.0100962 0.0179847 0.978451 0.205447
1617800294.51633 -6.40748 -48.3438 1.14308 0.00707217 0.0131502 0.971486 0.236625
1617800294.616997 -6.72818 -48.184 1.10167 0.0154532 0.0101174 0.973007 0.230034
1617800294.715708 -6.8092 -48.163 1.06131 0.0322743 0.015634 0.975987 0.214859
1617800294.815879 -6.96401 -48.1254 1.08269 0.0356078 0.0236415 0.978598 0.201294
1617800294.916166 -7.08578 -48.0692 1.1055 0.0303963 0.0332084 0.976367 0.211376
1617800295.016826 -7.23994 -48.0152 1.1252 0.0274428 0.0342403 0.97377 0.223265
1617800295.117245 -7.46485 -47.9186 1.08812 0.0370123 0.0280994 0.972065 0.230063
1617800295.216998 -7.56268 -47.9308 1.06347 0.0509292 0.0261308 0.968324 0.243047
1617800295.317622 -7.79614 -47.8418 1.08701 0.0541548 0.0354877 0.965479 0.252308
1617800295.416358 -7.81061 -47.7966 1.109 0.0404158 0.0414135 0.969449 0.23837
1617800295.517614 -8.05932 -47.6437 1.09094 0.0284962 0.0417558 0.958793 0.279572
1617800295.617198 -8.21407 -47.5904 1.09675 0.0323631 0.0309554 0.960811 0.273564
1617800295.717041 -8.351940000000001 -47.4787 1.0797 0.0329141 0.0179896 0.959574 0.278944
1617800295.81677 -8.54034 -47.4768 1.06785 0.0284206 0.0155662 0.963423 0.266018
1617800295.916791 -8.71818 -47.3707 1.09107 0.0224547 0.0170425 0.963992 0.264434
1617800296.016564 -8.85281 -47.2729 1.0789 0.0215134 0.0134769 0.964564 0.262625
1617800296.116587 -9.000069999999999 -47.2178 1.06577 0.026885 0.00662058 0.9641110000000001 0.264051
1617800296.216883 -9.06498 -47.1396 1.04134 0.0212347 0.00108286 0.958695 0.28364
1617800296.317954 -9.358409999999999 -47.0436 1.07413 0.0122568 -0.00618648 0.951885 0.306149
1617800296.416587 -9.460710000000001 -46.9964 1.0717 -0.0030265 -0.0118411 0.957265 0.288955
1617800296.516655 -9.71855 -46.8238 1.05143 -0.00383823 -0.019701 0.955248 0.295124
1617800296.616049 -9.843 -46.7736 1.01392 0.00288104 -0.0249892 0.958658 0.283446
1617800296.716342 -10.0566 -46.701 0.97895 0.0118495 -0.0227973 0.960707 0.276371
1617800296.815947 -10.1051 -46.5893 1.01233 0.0161506 -0.014262 0.965733 0.258643
1617800296.916838 -10.1796 -46.4995 1.04342 0.00459397 -0.011863 0.960881 0.27667
1617800297.017938 -10.4609 -46.3509 1.01483 0.00288342 -0.0115057 0.959554 0.281276
1617800297.11788 -10.5159 -46.2835 0.995992 0.00359185 -0.009214669999999999 0.958003 0.286588
1617800297.218884 -10.6984 -46.107 0.956827 0.00761992 -0.00216452 0.947219 0.320489
1617800297.318527 -10.8863 -46.0584 0.988802 0.00894404 0.0113209 0.953148 0.302161
1617800297.417666 -10.8974 -45.9465 0.994726 -0.000312186 0.019677 0.946956 0.320759
1617800297.517956 -11.1404 -45.8024 0.98184 -0.00252738 0.0237449 0.945006 0.326181
1617800297.617342 -11.2236 -45.6709 0.951523 0.000314783 0.0189128 0.943611 0.330517
1617800297.717252 -11.4497 -45.61 0.931208 0.00526783 0.0191863 0.94797 0.317737
1617800297.817044 -11.5476 -45.4442 0.951889 0.0129929 0.0210954 0.946891 0.320598
1617800297.91679 -11.5457 -45.3594 0.981369 0.0146302 0.0171859 0.949099 0.314169
1617800298.017832 -11.7537 -45.2361 0.945231 0.020756 0.012765 0.94272 0.332695
1617800298.117928 -11.8905 -45.1561 0.921701 0.0353418 0.0125622 0.9418069999999999 0.334056
1617800298.21807 -12.0088 -45.0244 0.955741 0.0441456 0.009684170000000001 0.939308 0.340086
1617800298.317995 -12.0624 -44.9424 0.977957 0.0342891 0.00764796 0.938624 0.343148
1617800298.418045 -12.2069 -44.8112 0.980426 0.0241398 0.00560151 0.935786 0.351698
1617800298.518062 -12.344 -44.6881 0.9811609999999999 0.0217862 -0.0022923 0.934824 0.354436
1617800298.617947 -12.5286 -44.5022 0.9525130000000001 0.0311349 -0.0162346 0.933969 0.355625
1617800298.717404 -12.5494 -44.4889 0.957081 0.0359595 -0.0243023 0.937063 0.346453
1617800298.817784 -12.6337 -44.3526 0.971592 0.0242473 -0.0299377 0.930541 0.364155
1617800298.917716 -12.7104 -44.231 0.96799 0.00947422 -0.0318483 0.924379 0.380025
1617800299.017759 -12.9518 -44.048 0.914027 0.009513310000000001 -0.0316744 0.923046 0.383265
1617800299.117169 -13.0651 -43.9518 0.8752799999999999 0.0197112 -0.0232261 0.927069 0.373651
1617800299.217005 -13.1422 -43.8228 0.873319 0.0302944 -0.00801351 0.9280389999999999 0.371164
1617800299.317156 -13.1534 -43.7093 0.937743 0.027955 -0.00110845 0.926863 0.374355
1617800299.417835 -13.249 -43.5193 0.946581 0.0236658 -0.00354928 0.918942 0.393667
1617800299.518038 -13.3474 -43.3827 0.956942 0.0189019 -0.00962646 0.9181240000000001 0.395725
1617800299.617982 -13.4896 -43.2225 0.926265 0.0164021 -0.0208828 0.918264 0.395078
1617800299.717232 -13.6359 -43.1255 0.906134 0.0178162 -0.0237243 0.93097 0.363887
1617800299.816652 -13.6302 -42.9887 0.918513 0.00931864 -0.0222912 0.93641 0.350074
1617800299.916859 -13.8069 -42.8899 0.919981 0.000668755 -0.0208957 0.943008 0.332113
1617800300.016375 -13.9584 -42.8141 0.898865 0.00702202 -0.0210847 0.956402 0.291206
1617800300.115949 -14.0368 -42.6712 0.86299 0.0142092 -0.0207671 0.968278 0.248606
1617800300.216537 -14.1557 -42.6289 0.868817 0.0160952 -0.0197272 0.975216 0.219787
1617800300.316797 -14.2838 -42.5476 0.855204 0.0105199 -0.012653 0.984135 0.176658
1617800300.417064 -14.4142 -42.4673 0.858894 0.007812929999999999 0.00063066 0.991089 0.132968
1617800300.517607 -14.5332 -42.3192 0.880883 0.00613491 0.00380698 0.995265 0.0969269
1617800300.618066 -14.6668 -42.2958 0.86519 0.00824542 -0.00201255 0.9976930000000001 0.0673613
1617800300.717842 -14.7967 -42.1985 0.867401 0.0147508 -0.00743514 0.999702 0.0179941
1617800300.818197 -14.9561 -42.2034 0.883834 0.0215978 -0.0120141 0.999575 -0.0154577
1617800300.917676 -15.0876 -42.1944 0.883439 0.033347 -0.00983679 0.997488 -0.06171
1617800301.017469 -15.213 -42.1721 0.86474 0.0456888 -0.00326101 0.993807 -0.101241
1617800301.117395 -15.2992 -42.0939 0.83665 0.0560756 0.00416191 0.990996 -0.121515
1617800301.218235 -15.474 -42.1043 0.8537940000000001 0.0506375 0.009644170000000001 0.990532 -0.127235
1617800301.318181 -15.6488 -42.1068 0.894831 0.0369182 0.0119173 0.987916 -0.150054
1617800301.417953 -15.7602 -42.0302 0.900774 0.0236524 0.00732991 0.989102 -0.145132
1617800301.518219 -15.93 -42.0903 0.902648 0.0147517 -8.55129e-05 0.989434 -0.144229
1617800301.61805 -16.1329 -42.0892 0.886629 0.00565164 -0.0108961 0.98959 -0.143394
1617800301.717702 -16.3182 -42.1226 0.876521 -0.0128976 -0.0120407 0.988754 -0.148506
1617800301.817234 -16.539 -42.1852 0.870541 -0.0258203 -0.00977596 0.98614 -0.163603
1617800301.916533 -16.659 -42.1802 0.893173 -0.0318191 -0.00689964 0.982161 -0.185204
1617800302.016926 -16.8033 -42.1097 0.881206 -0.0344678 -0.0131726 0.985069 -0.168161
1617800302.117841 -17.0123 -42.212 0.83245 -0.0282852 -0.00935047 0.9862570000000001 -0.16251
1617800302.217678 -17.1523 -42.2386 0.8566279999999999 -0.0227159 -0.007840700000000001 0.984488 -0.173799
1617800302.317532 -17.3192 -42.2821 0.898822 -0.0136195 -0.0138216 0.981863 -0.188598
1617800302.417635 -17.4811 -42.2947 0.893248 -0.00526222 -0.0201135 0.981911 -0.188199
1617800302.517909 -17.608 -42.3103 0.886779 0.00771319 -0.024472 0.98144 -0.190046
1617800302.618266 -17.8006 -42.3926 0.86335 0.0183788 -0.0259041 0.979832 -0.197282
1617800302.717957 -17.912 -42.3445 0.863279 0.0181279 -0.0257756 0.976967 -0.211053
1617800302.818564 -18.0773 -42.3659 0.898262 0.00661928 -0.0279878 0.977939 -0.206902
1617800302.918939 -18.2649 -42.3906 0.915629 0.00228322 -0.0331996 0.979492 -0.198718
1617800303.019029 -18.3793 -42.42 0.850707 0.0113751 -0.0282166 0.981379 -0.189658
1617800303.118756 -18.5203 -42.434 0.8373390000000001 0.0243444 -0.0172621 0.982067 -0.186156
1617800303.218744 -18.6925 -42.4628 0.864242 0.0268523 -0.008979010000000001 0.985069 -0.169818
1617800303.318259 -18.8509 -42.4651 0.880293 0.0267932 -0.00487396 0.986588 -0.160941
1617800303.417827 -18.9516 -42.4578 0.897473 0.0296546 -0.00170229 0.987781 -0.15299
1617800303.517956 -19.1021 -42.3324 0.917728 0.0286751 -0.008916200000000001 0.993611 -0.108794
1617800303.618852 -19.3044 -42.4538 0.9030280000000001 0.032334 -0.0160739 0.997328 -0.0635131
1617800303.717629 -19.3948 -42.3674 0.888084 0.0350101 -0.0224967 0.997205 -0.0620529
1617800303.81797 -19.6132 -42.4524 0.908177 0.0352979 -0.0223022 0.998817 -0.0249384
1617800303.91714 -19.6618 -42.2526 0.919137 0.0392762 -0.0273863 0.998853 0.000165634
1617800304.01861 -19.8116 -42.3078 0.893899 0.0368526 -0.0296218 0.996405 0.0703001
1617800304.118953 -19.9343 -42.218 0.876464 0.0430342 -0.0231698 0.989376 0.13692
1617800304.219335 -20.0264 -42.1448 0.866927 0.0434853 -0.0119366 0.977738 0.204925
1617800304.319589 -20.1347 -42.1642 0.874134 0.0374564 -0.00359035 0.962143 0.269935
1617800304.418884 -20.1735 -41.9632 0.908097 0.0194589 0.00170797 0.942842 0.332666
1617800304.519092 -20.2726 -42.0569 0.923544 -0.00412114 -0.000252797 0.911187 0.411972
1617800304.617973 -20.4268 -41.8888 0.900864 -0.0133955 -0.00506911 0.890086 0.455568
1617800304.71607 -20.5403 -41.8361 0.878906 -0.0210735 -0.00803565 0.886779 0.461644
1617800304.815169 -20.6462 -41.6201 0.881481 -0.0247762 -0.00578779 0.8763570000000001 0.480991
1617800304.914658 -20.8072 -41.5522 0.898291 -0.0195402 -0.00771921 0.8789940000000001 0.476369
1617800305.014728 -20.853 -41.4202 0.8961440000000001 -0.00649445 -0.0140689 0.87475 0.484327
1617800305.11544 -20.951 -41.3455 0.875142 0.0122065 -0.0134329 0.870912 0.491104
1617800305.216546 -21.0353 -41.1683 0.859285 0.0324134 -0.004144 0.861867 0.50608
1617800305.317322 -21.0442 -41.0251 0.885084 0.0410371 0.00847122 0.855764 0.515666
1617800305.417745 -21.0121 -41.0544 0.894501 0.0300853 0.0144252 0.85377 0.51958
1617800305.518885 -21.1319 -40.73 0.902487 0.0180229 0.0184685 0.8340880000000001 0.551027
1617800305.618603 -21.161 -40.6296 0.894594 0.008138950000000001 0.0149356 0.8304280000000001 0.556866
1617800305.718374 -21.2873 -40.3952 0.920419 0.000137186 0.00710036 0.827349 0.561644
1617800305.817789 -21.3196 -40.2478 0.892616 -0.0133123 0.00501191 0.824647 0.565468
1617800305.917233 -21.5715 -40.0418 0.909399 -0.00560293 0.00307785 0.838483 0.54489
1617800306.016075 -21.4786 -39.9579 0.897271 0.0032215 0.00379885 0.84919 0.528064
1617800306.116382 -21.5481 -39.868 0.894004 0.0141749 0.00236341 0.85127 0.524531
1617800306.217067 -21.5847 -39.6511 0.873783 0.0273713 0.000445397 0.845209 0.533735
1617800306.317298 -21.6019 -39.5988 0.882171 0.0352799 -0.0024132 0.8459989999999999 0.53201
1617800306.417721 -21.6344 -39.3884 0.922183 0.0315029 -0.0128249 0.841815 0.538694
1617800306.51765 -21.6614 -39.2581 0.93323 0.0238783 -0.0226615 0.837229 0.545861
1617800306.617328 -21.7753 -39.1238 0.938126 0.0187374 -0.0299817 0.837341 0.545536
1617800306.717035 -21.7683 -38.9039 0.913359 0.00967673 -0.0370395 0.830584 0.555576
1617800306.816589 -21.9454 -38.7109 0.908447 0.00629743 -0.0384933 0.841544 0.538778
1617800306.91594 -22 -38.4909 0.909469 0.00636714 -0.0305176 0.846895 0.530846
1617800307.015539 -22.0355 -38.4476 0.934382 0.0137933 -0.0190815 0.85744 0.514046
1617800307.115812 -21.9355 -38.4578 0.915082 0.018425 -0.0164874 0.85271 0.5218
1617800307.217362 -22.0958 -38.1655 0.897996 0.0261784 -0.0119848 0.8383620000000001 0.544353
1617800307.317843 -22.1163 -37.9819 0.895409 0.0341208 -0.00231713 0.834248 0.550328
1617800307.418181 -22.148 -37.8626 0.925578 0.0292085 0.00471148 0.835642 0.548476
1617800307.518402 -22.1541 -37.7374 0.949408 0.0196925 0.00711374 0.830457 0.556688
1617800307.618685 -22.1832 -37.544 0.938704 0.0121585 0.00551045 0.8228760000000001 0.568065
1617800307.718757 -22.2921 -37.3012 0.922384 0.00158939 0.00863527 0.8209959999999999 0.570866
1617800307.818022 -22.3317 -37.2099 0.906877 -0.010065 0.0113595 0.827478 0.561293
1617800307.917864 -22.4563 -36.9424 0.9261470000000001 -0.007860239999999999 0.0154402 0.827902 0.560605
1617800308.016966 -22.4235 -36.8542 0.932783 -0.00339816 0.0163444 0.840954 0.540849
1617800308.11744 -22.4992 -36.6281 0.9089699999999999 0.00425058 0.00808185 0.842481 0.538648
1617800308.217701 -22.4807 -36.5688 0.892873 0.0102308 0.0045444 0.8414199999999999 0.540266
1617800308.318568 -22.5911 -36.3441 0.907002 0.0133914 0.0064348 0.839994 0.542392
1617800308.418701 -22.6292 -36.2643 0.930646 0.0140033 0.00268404 0.8459100000000001 0.533135
1617800308.519072 -22.5842 -36.1129 0.9423 0.0102105 -0.00263765 0.835715 0.5490620000000001
1617800308.619405 -22.7867 -35.883 0.92757 0.0136062 -0.00287319 0.838589 0.544588
1617800308.718793 -22.7565 -35.7289 0.915287 0.0185199 -0.0013559 0.840252 0.541878
1617800308.818395 -22.7965 -35.6227 0.9294210000000001 0.0220836 -0.00248869 0.843368 0.536877
1617800308.918072 -22.8811 -35.4196 0.945647 0.0257507 -0.00320999 0.848973 0.527799
1617800309.017645 -22.8723 -35.302 0.93463 0.0274681 0.00196812 0.848933 0.527782
1617800309.117824 -22.8527 -35.2558 0.90983 0.0300249 0.005035 0.8461419999999999 0.532087
1617800309.218695 -22.922 -35.0789 0.914131 0.0370951 0.00571522 0.830745 0.555386
1617800309.31892 -23.0566 -34.874 0.929194 0.0454313 0.0107799 0.827143 0.560049
1617800309.418466 -22.9742 -34.7796 0.943972 0.0357513 0.0162151 0.822136 0.567936
1617800309.518462 -23.0653 -34.5849 0.975139 0.0272572 0.0170419 0.814344 0.579492
1617800309.618024 -23.0566 -34.4672 0.977797 0.0184786 0.0145651 0.804966 0.592854
1617800309.717857 -23.1851 -34.2157 0.95686 0.0122086 0.00523244 0.800877 0.598682
1617800309.81677 -23.1736 -34.1679 0.940284 0.00437224 0.00399994 0.8034210000000001 0.595382
1617800309.916641 -23.3091 -34.0843 0.959999 0.00832893 0.00615837 0.8052009999999999 0.592911
1617800310.015161 -23.2337 -33.902 1.00229 0.00845971 0.0118347 0.822418 0.568697
1617800310.116277 -23.3982 -33.7061 0.963544 0.008916210000000001 0.00930077 0.824669 0.565469
1617800310.216885 -23.2876 -33.6783 0.935662 0.00786355 0.009410429999999999 0.818333 0.574613
1617800310.318285 -23.4285 -33.4524 0.929068 0.00352179 0.0102384 0.812906 0.582294
1617800310.41822 -23.4525 -33.4034 0.96172 -0.00614868 0.00946111 0.822146 0.569165
1617800310.518192 -23.4638 -33.3296 0.974434 -0.0120407 0.005573 0.823536 0.567109
1617800310.618116 -23.4598 -33.2769 0.979982 -0.0148814 -0.00402083 0.823778 0.566703
1617800310.718203 -23.6156 -33.0989 1.00942 -0.008542589999999999 -0.0112849 0.825583 0.564104
1617800310.817243 -23.5444 -33.1507 0.971257 -0.00561572 -0.0118704 0.839646 0.542975
1617800310.91729 -23.6064 -33.0816 0.982008 -0.000744576 -0.00475538 0.845191 0.534443
1617800311.017259 -23.4559 -33.1596 0.990654 -2.45378e-05 0.00075352 0.84155 0.540178
1617800311.118441 -23.5605 -33.0464 0.987287 -0.00180261 0.00303668 0.832077 0.5546489999999999
1617800311.218297 -23.4972 -33.0691 0.990866 -0.0046073 0.00364575 0.828173 0.560442
1617800311.318454 -23.5277 -33.0394 1.00368 -0.00925075 0.00347343 0.822092 0.569269
1617800311.418385 -23.5754 -33.0087 1.01861 -0.0137445 0.00438434 0.820899 0.570892
1617800311.518141 -23.5694 -33.0123 0.994119 -0.0159981 0.00137759 0.818542 0.574223
1617800311.61793 -23.594 -33.0084 1.0036 -0.0155972 -0.00244741 0.817642 0.57551
1617800311.717598 -23.5959 -33.0169 0.99382 -0.0144158 -0.00927062 0.816831 0.576623
1617800311.817225 -23.6448 -32.9541 0.9993109999999999 -0.0103133 -0.0141833 0.817327 0.5759069999999999
1617800311.91643 -23.5985 -33.0299 0.996457 -0.00556525 -0.0162278 0.821022 0.570639
1617800312.016254 -23.6454 -32.9759 0.98942 0.0001808 -0.0154067 0.821594 0.569864
1617800312.11575 -23.6312 -32.9994 0.979647 0.00454269 -0.009642410000000001 0.826969 0.562147
1617800312.215565 -23.5467 -33.0559 1.00366 0.00300268 -0.00419453 0.82529 0.564685
1617800312.315949 -23.5774 -33.0112 1.00667 0.00237525 -0.00422087 0.82168 0.569928
1617800312.416107 -23.555 -33.0234 1.01298 -0.000285389 -0.00415314 0.819294 0.573359
1617800312.51614 -23.5798 -33.0007 0.994128 -0.00455395 -0.00549866 0.817726 0.575563
1617800312.616014 -23.5366 -33.0522 0.992594 -0.0102667 -0.007988210000000001 0.8168339999999999 0.576726
1617800312.716204 -23.6164 -32.9669 1.00175 -0.0128807 -0.0101875 0.8161389999999999 0.577623
1617800312.815916 -23.6587 -32.9916 1.00219 -0.0121576 -0.00927762 0.8244669999999999 0.565703
