1666259385.734506130 35.139850852161452 114.906595889361554 -1.274419348455590 -0.413172157260666 0.910454794447510 -0.007934554354419 0.017259159287378
1666259385.833487511 35.140993575660168 114.906235348410490 -1.272342977875883 -0.413746177613239 0.910220601546828 -0.006602939285104 0.016399945821941
1666259385.934114218 35.141757805832626 114.906733548965107 -1.271209499998600 -0.412895791541082 0.910580931865540 -0.007777672685696 0.017289871547919
1666259386.034798861 35.142212315659890 114.907667836227773 -1.271103330142338 -0.412587593159983 0.910737180808779 -0.007022591198458 0.016731666856266
1666259386.135816336 35.142953651905074 114.908816298696365 -1.271963833089796 -0.413008403010564 0.910558308931366 -0.006558426222833 0.016266902722814
1666259386.235140562 35.144735849292559 114.910058684335496 -1.273934448562311 -0.412956859408889 0.910584782843051 -0.006604743560811 0.016073670530326
1666259386.335562468 35.146181646745113 114.911555863625253 -1.276177569363984 -0.412741044937872 0.910694182808543 -0.006969540563383 0.015243383043462
1666259386.434538364 35.146885071126519 114.913130334907237 -1.277930865751935 -0.412860299871038 0.910663900552787 -0.006254776421265 0.014089385802765
1666259386.534187317 35.147096587676707 114.914111895471237 -1.279432630857176 -0.412110794471369 0.910987691291299 -0.006931024188377 0.014767542098316
1666259386.635807514 35.146587746705897 114.914027609971342 -1.280860871837450 -0.411559770053316 0.911250045974208 -0.006490102963082 0.014134636507271
1666259386.733784199 35.145652812821204 114.913015628341370 -1.281580858243049 -0.410797891269034 0.911565830976262 -0.007534894347972 0.015364038942838
1666259386.833417177 35.144386357983286 114.911867960265965 -1.281552717730293 -0.410615566850725 0.911669468262958 -0.005812345335850 0.014827458942457
1666259386.933835983 35.143185693282568 114.911390116205112 -1.281329873123446 -0.410660743176183 0.911654742674417 -0.004708350996137 0.014873318531014
1666259387.033909082 35.142338349986773 114.911326627219097 -1.281202571753569 -0.409645455516135 0.912081915225827 -0.006800035212424 0.015841092578314
1666259387.135209084 35.141996077408237 114.911171876306355 -1.280335862751449 -0.410362065621958 0.911788336514589 -0.006076239959037 0.014425110134737
1666259387.234813452 35.141830094090388 114.910046083338059 -1.279389012550065 -0.410372852972586 0.911786241291795 -0.006223866562611 0.014185739992416
1666259387.335502863 35.141145324072738 114.907947144951038 -1.278912397471181 -0.410066897766407 0.911930106345985 -0.005373487442892 0.014133157068978
1666259387.434268713 35.140607178526160 114.905209249896799 -1.278836708576107 -0.409868154773072 0.912001877548501 -0.005069452209660 0.015328786814990
1666259387.533932447 35.141348804223739 114.904051612138176 -1.279855360577180 -0.411065914467322 0.911492485171131 -0.001948391066041 0.014229097369608
1666259387.633838177 35.143675588822276 114.904596541780251 -1.279936114623350 -0.413451325963210 0.910412819547549 -0.002163094118819 0.014206339661503
1666259387.726821661 35.147825843164725 114.904561114631420 -1.279388348525812 -0.416361226108389 0.909100536722743 -0.000861316987439 0.013371673679349
1666259387.828252792 35.153669482092269 114.903365025707615 -1.278617620998029 -0.417377604455988 0.908653049201361 0.000732289686314 0.012043057230823
1666259387.930399895 35.159648943912480 114.903726659503818 -1.276803005298405 -0.414850688401188 0.909826829181808 0.001415228660249 0.010585100938439
1666259388.031468391 35.166081780070243 114.906271891128711 -1.274983263484659 -0.412696848880438 0.910838867263247 0.003315537755088 0.006547978020483
1666259388.131973505 35.174121793496596 114.908412039275063 -1.272689402225806 -0.412131159742754 0.911116989769178 0.003364392418422 0.001555309197335
1666259388.232866526 35.182188970929658 114.909859737512718 -1.270943625494724 -0.410994955302426 0.911626699945487 0.004022024814979 -0.001931315315131
1666259388.334104300 35.187943543852903 114.909648561621538 -1.270639291690657 -0.410656294014502 0.911761523470578 0.005804794360771 -0.004317043816517
1666259388.434792995 35.190242562856007 114.908143023875823 -1.270605344008457 -0.412164345829700 0.911068815896416 0.007021808359014 -0.004985873569114
1666259388.527947426 35.191504518406553 114.907138304348251 -1.270605605124843 -0.414939252331855 0.909804843000155 0.007262192042556 -0.005274949713723
1666259388.627187252 35.193149468043345 114.907858646631098 -1.270796780955070 -0.416689890334863 0.909023828863564 0.004136659624323 -0.005301122343257
1666259388.727504969 35.194087196774539 114.908464947324930 -1.271014460469654 -0.418861697961354 0.908032025831444 0.002144758022357 -0.005302646358302
1666259388.827313662 35.194928594194643 114.907711751151552 -1.270584936169018 -0.420162792808061 0.907425143084157 0.002169587461468 -0.006174959811698
1666259388.927870989 35.196915192367420 114.905740834180989 -1.270538129831658 -0.419842886920287 0.907579581241732 0.001133343421898 -0.005474445013823
1666259389.029026508 35.199342044834403 114.902081297708278 -1.270969529730538 -0.418210838178451 0.908328575164052 0.003366302604429 -0.005249988313930
1666259389.129398108 35.201179888490543 114.897085279003264 -1.272703598936091 -0.415468714781191 0.909580504554710 0.005218891464812 -0.004670754108739
1666259389.229677439 35.201605821494681 114.893056544189122 -1.274525743056290 -0.414127139979508 0.910179698344658 0.007429295988321 -0.004053913509002
1666259389.330037355 35.201414083981021 114.891184986053915 -1.275941240509612 -0.412397644922492 0.910979753309637 0.006200786140755 -0.002371027948357
1666259389.431504488 35.200918314237462 114.891563880493791 -1.277062261934105 -0.410883907028908 0.911672181336190 0.004908046612675 -0.002039558977080
1666259389.536190510 35.199640862236379 114.892853533392511 -1.277709555191397 -0.410172454775092 0.912003053156382 0.002676980772599 -0.001349870792335
1666259389.636928558 35.196964895741111 114.892765640453447 -1.277477352417091 -0.409507434345517 0.912300242136015 0.003334022141509 -0.000902059133698
1666259389.737318277 35.193243032250166 114.891324144720954 -1.277099557939429 -0.408840589592341 0.912605156589827 0.000884835701241 0.000646168109825
1666259389.835756540 35.190167779064396 114.890049581450683 -1.277041544472720 -0.409938361817196 0.912107069256241 0.003031216236122 0.001430192837930
1666259389.934536457 35.187637194891806 114.890258541312917 -1.277031121635251 -0.410529691777741 0.911839717626134 0.003515675792888 0.001158253894264
1666259390.035863876 35.185269596471315 114.892384697371440 -1.276628236772607 -0.411779311529706 0.911276735895839 0.003134964587377 0.001637439520145
1666259390.135505438 35.183353608341712 114.895026083740888 -1.276054696568500 -0.412104763019805 0.911133177633247 0.001084105022671 0.002195820719464
1666259390.237874269 35.181231719967435 114.897854613017088 -1.275683913757762 -0.412115799947299 0.911128860041986 -0.001233741035607 0.001801586924463
1666259390.337836027 35.179377087235558 114.899983153835706 -1.275579900494840 -0.411619838945941 0.911352949151446 -0.001343718338704 0.001762010245723
1666259390.436530352 35.177854127742052 114.901147788418967 -1.275615907420128 -0.410555187375489 0.911834118891327 -0.000015757600433 0.001725542364879
1666259390.535380125 35.176446192934172 114.902322725161682 -1.275832935328266 -0.409511129321236 0.912301021161184 -0.001161476566590 0.002476433421509
1666259390.636030674 35.174821455024563 114.903275289193374 -1.275686011657365 -0.408677288554761 0.912673553126276 -0.001694785159607 0.002643283308716
1666259390.736425638 35.173680471406286 114.904169987633708 -1.275045203704041 -0.408284920104552 0.912852016172708 -0.001338254882986 0.001682158883777
1666259390.836382866 35.172865567549891 114.904096306135543 -1.274168428721385 -0.408279252894840 0.912856768512651 -0.000515133328611 0.000553600872718
1666259390.934786558 35.172528885416469 114.902666406800634 -1.272592242547067 -0.407679402648732 0.913122460249829 -0.001606441173561 0.001515450437322
1666259391.034205437 35.173578361950185 114.900572971711526 -1.270328690597016 -0.407707101965745 0.913111364781825 -0.000953940640541 0.001282384583692
1666259391.136695862 35.175719836403950 114.898864435136232 -1.268986314997951 -0.407157849482014 0.913354557929660 -0.001953539284213 0.001456296179233
1666259391.237471819 35.178764629049518 114.897876961796712 -1.268599002905210 -0.407706548186719 0.913112707996263 0.000540450961542 -0.000510856300340
1666259391.328283310 35.182018355134147 114.897568163826577 -1.269259373786193 -0.406780765519179 0.913524840860191 -0.000832553251025 0.001039610540918
1666259391.429075241 35.184965976565572 114.897697478309965 -1.270911097027559 -0.406469056550878 0.913662088295400 0.001770620885905 -0.001165924528498
1666259391.531219244 35.186450660306228 114.897772342001417 -1.272705378361686 -0.405336217905483 0.914167656474851 -0.000210053657105 0.000046763447821
1666259391.636767149 35.186693935159994 114.897816381920705 -1.274291210456410 -0.405080091264123 0.914280591479437 0.001028785598582 -0.000247599785114
1666259391.733863831 35.186135974816480 114.897669398561192 -1.275288914750338 -0.404764435241553 0.914420510273653 0.000886110361150 0.000311709618561
1666259391.836259365 35.185632196774598 114.897584731488990 -1.275781096074941 -0.404612341901153 0.914487514121392 0.001189460713898 -0.000156462617916
1666259391.937531710 35.186191919070900 114.897289075545928 -1.275682024685183 -0.404378740116695 0.914591384374997 0.000424173473458 -0.000504227651927
1666259392.036671638 35.186817475500085 114.896345719944833 -1.275475299717260 -0.404512999959219 0.914531771424716 0.000886039711697 -0.000294707301862
1666259392.130188704 35.187157142583864 114.894852014790274 -1.275508027194601 -0.404886107060535 0.914365815773596 0.001346263314136 0.000763432473144
1666259392.229539394 35.188008362029983 114.893529251206161 -1.275360262510053 -0.405312782104108 0.914175982252062 0.001113109017486 0.001607210260624
1666259392.327889442 35.188551472334176 114.892534800537206 -1.275508648752518 -0.406040510953468 0.913849034889101 0.002462219481170 0.002232122786087
1666259392.432022810 35.188745678437151 114.891922811387630 -1.275779512342416 -0.406218506291211 0.913765299978659 0.002970902893062 0.003267328793976
1666259392.535670996 35.188494810543766 114.891915915210490 -1.276507624416855 -0.406632867644602 0.913580545393759 0.003426680001507 0.002925045869324
1666259392.640959501 35.186673107540059 114.891381944671792 -1.277858557302982 -0.405940698053610 0.913889880413649 0.001021438715084 0.004048802813724
1666259392.730342627 35.184183370093166 114.890316665915890 -1.279128715566569 -0.406545312739391 0.913615863603775 0.002372462908667 0.004618861429632
1666259392.833498478 35.181485916720014 114.888889315938997 -1.279916207278549 -0.406255119774546 0.913739808942488 0.002877421676082 0.005297136510752
1666259392.932846308 35.179133590035711 114.887854220099513 -1.280360071946741 -0.406033076347024 0.913834352254698 0.003117616918919 0.005847906989206
1666259393.034116983 35.176397375607024 114.887055757516620 -1.280789161198812 -0.405356826663778 0.914129318658120 0.002639601828166 0.006816476281933
1666259393.135130644 35.173287780602983 114.886618481244014 -1.281604070472020 -0.404986795526621 0.914295914871323 0.002324123797695 0.006578293643686
1666259393.236412764 35.169921656999094 114.887157610678656 -1.282793653627628 -0.403253491871530 0.915059231464319 0.002225843435691 0.006947648979841
1666259393.328258276 35.165645486689911 114.888657399887023 -1.283875678878394 -0.401629776864040 0.915774885767356 0.002458773840850 0.006620828130071
1666259393.431855440 35.159711457685923 114.890941998601747 -1.284305065460313 -0.396928454495921 0.917820382188722 0.000222782200276 0.007314261310624
1666259393.531965494 35.153590690883398 114.893674760445265 -1.284715835210058 -0.389225041561901 0.921111623939325 0.000361751662109 0.007557274689341
1666259393.635105848 35.146517376737116 114.896868560859872 -1.284928881129664 -0.378011694727054 0.925777364938363 0.001911937981691 0.006306640192322
1666259393.735006094 35.138242023805745 114.899144679329723 -1.284480957322230 -0.362825449004016 0.931831201906809 0.001510938717012 0.006783934856730
1666259393.837791443 35.127491932295683 114.899837533645908 -1.283230028142570 -0.340893428263048 0.940069991621350 0.001645463369439 0.007574554138764
1666259393.928162098 35.116215420203666 114.900852720413752 -1.281943052539244 -0.320707580493776 0.947137786769667 0.002727076651255 0.008320080517794
1666259394.030746460 35.102397633722944 114.902766854079246 -1.280088654665473 -0.296385114469065 0.955027241511358 -0.000682220833241 0.008852483668405
1666259394.132255316 35.088246525949792 114.903031003794609 -1.278050723956874 -0.274736547121201 0.961484460409147 -0.001380152849888 0.008096742910681
1666259394.236306429 35.074232039436900 114.899348430267608 -1.276176481808116 -0.252746465499497 0.967484929963571 -0.004962406204289 0.008216385796599
1666259394.334567785 35.060975841972983 114.891539975448453 -1.275036533291904 -0.233090068900434 0.972387191901769 -0.006638760461834 0.009385929091611
1666259394.435223818 35.047535462032776 114.880783481442336 -1.274740448648519 -0.215838516188141 0.976347227662231 -0.007125756339609 0.010442679855533
1666259394.526748180 35.036461152373022 114.871425497321979 -1.275359668802025 -0.203717103612837 0.978934987189545 -0.006646454766832 0.011893577713784
1666259394.629879236 35.024053773388502 114.861920338894663 -1.277136540839056 -0.192270660138012 0.981242626673763 -0.007310394992642 0.011893652656723
1666259394.729729176 35.010493334373663 114.850902946582977 -1.278437255215435 -0.185606572641216 0.982457903125144 -0.009674027401353 0.015267022406631
1666259394.831545115 34.996859337457636 114.836696151089754 -1.279207391862052 -0.182143176532454 0.983000335762997 -0.011505580705365 0.020045566720198
1666259394.931289911 34.985087059330908 114.821397169609625 -1.279791367421327 -0.180913729478116 0.983167961364644 -0.010485214918061 0.023260320301550
1666259395.032250166 34.975490867977641 114.807154081610364 -1.279047526409499 -0.181057173210291 0.983073127529205 -0.009706206628850 0.026292879490906
1666259395.128727913 34.968930994192334 114.796000092372196 -1.279745717923398 -0.183080143377364 0.982685175755281 -0.011827226622351 0.025915693356725
1666259395.229367971 34.962016411086395 114.784822961707647 -1.283209791110546 -0.186655983112790 0.981983086789188 -0.014747963828752 0.025519772551533
1666259395.332561016 34.951931210426309 114.771323855187461 -1.287745818031348 -0.186898464432878 0.981859252706349 -0.015501133488956 0.027947928869970
1666259395.432504416 34.939774946739007 114.755611577888260 -1.292438605975783 -0.186768379352983 0.981775619172784 -0.016958229174121 0.030767264016064
1666259395.534328938 34.926131887656162 114.735263549656537 -1.295973550540985 -0.184861789977593 0.982063186330812 -0.016372054449460 0.033316249686264
1666259395.636323690 34.910834081751396 114.709353251868436 -1.299664939083810 -0.181748733918649 0.982560628711716 -0.014305237125042 0.036570053532944
1666259395.727407932 34.892912989988702 114.680523007484823 -1.305549050043988 -0.179947412264442 0.982854655372855 -0.008590826486983 0.039266435176985
1666259395.826080084 34.865666173217079 114.643723135098853 -1.310041548160223 -0.181014841293725 0.982473580065061 -0.000998970213840 0.044478014389829
1666259395.928745985 34.828317964935323 114.599560155634038 -1.314758847463796 -0.193626409502162 0.979852556452229 0.005194288240373 0.048690866977384
1666259396.028548479 34.787346155855495 114.552330876710016 -1.323108108003564 -0.215229018410452 0.975278692483776 0.010039785187723 0.049062657231289
1666259396.129045248 34.741224298036471 114.504714972550531 -1.331876438545499 -0.240941771237853 0.969515094948065 0.009233039889114 0.043615301386298
1666259396.230568886 34.687522101680280 114.457919226849270 -1.327065686570175 -0.275504706160310 0.960842017179242 0.005845902724056 0.029079207825985
1666259396.331591606 34.622701788956164 114.405806449708265 -1.310727849883281 -0.304921225297247 0.952129977236314 0.003209760918956 0.021476737323096
1666259396.432473421 34.550709719221402 114.350159443577439 -1.303521518765892 -0.325339761988140 0.945183156759043 0.001296150831203 0.027949229712703
1666259396.536189318 34.473168729130023 114.290136555671694 -1.309193813742967 -0.347101845324819 0.937049623227652 -0.003091412444737 0.038062524221560
1666259396.637729645 34.395461984227204 114.227373760393391 -1.326239112184680 -0.358011447855726 0.932529632972238 -0.008357784351875 0.046329626305829
1666259396.731548071 34.325000548770895 114.161532673185448 -1.344254765738096 -0.373044019217864 0.926234966200712 -0.021379640132584 0.049697666954795
1666259396.830811501 34.254623307560124 114.076759791658645 -1.349246547507794 -0.380256241449691 0.923272449335567 -0.030588997632040 0.045138546280573
1666259396.933952332 34.182990826987158 113.972657894582312 -1.339215736606959 -0.371413451678884 0.927098309928410 -0.031274140230036 0.039530997871738
1666259397.034983873 34.112684385240264 113.857186017040235 -1.331730251426874 -0.372452525310090 0.926615223985146 -0.023331749716197 0.046032298707279
1666259397.136242628 34.044823264508231 113.735809441726104 -1.332095967577705 -0.382780525604168 0.922219275670442 -0.013908647882996 0.052888810859653
1666259397.234936237 33.984570886403667 113.612670620861209 -1.353889033932831 -0.406568123072088 0.911918462133835 -0.004758518617735 0.055537700903672
1666259397.335808992 33.924963990315604 113.483564678714430 -1.376412983209688 -0.430056597422914 0.901427914104099 0.002660282245061 0.049718825261022
1666259397.427160740 33.866503034713062 113.362899012658247 -1.370330427495004 -0.453453182498420 0.890445039079893 0.004514262273496 0.038307507047410
1666259397.526356697 33.800582206687842 113.223636626108430 -1.354592247640592 -0.481123221492289 0.875716444865994 0.008486298512956 0.039612329768596
1666259397.627822161 33.736374191198671 113.082805106758926 -1.345592583890730 -0.502517104339075 0.863103291956833 0.013989545494826 0.048306934044682
1666259397.731717825 33.675128240346702 112.945212272882443 -1.368416279716841 -0.511904227106713 0.857457625130099 0.017945403932263 0.048973930353174
1666259397.831501722 33.616952608948928 112.816787565641164 -1.400969541523127 -0.510783587461822 0.858539376195843 0.013287783949661 0.042821736286513
1666259397.933600187 33.552564455858210 112.684587816470426 -1.399339292560990 -0.506043030547096 0.861845361709344 0.003797135415294 0.033594724250071
1666259398.033037663 33.484569693448385 112.550482808095538 -1.376098145662966 -0.499150468099788 0.865735213054433 0.004915036335539 0.036430666905487
1666259398.133144379 33.414763260316164 112.418028333803591 -1.366128043637192 -0.495291914531262 0.867819195798711 0.005612749976977 0.039297071658471
1666259398.234976768 33.347839471627360 112.285576427959882 -1.396269080461324 -0.512831002280991 0.857612610010598 -0.000362388851707 0.038792304966369
1666259398.334100485 33.286595413087454 112.151454580474947 -1.425214929536411 -0.530542088886131 0.847130373390011 -0.004879363710561 0.029519725781606
1666259398.425392151 33.230574586459589 112.024783893368920 -1.422471677684546 -0.545718497353404 0.837809502411025 -0.011147071045634 0.011929045361523
1666259398.526201248 33.166801422938548 111.879086592353019 -1.404088058111405 -0.559697913471696 0.828598007256789 -0.008324452058194 0.009710382249884
1666259398.628226042 33.100250464813612 111.732807081423729 -1.399580447530782 -0.568079755103141 0.822845260958478 -0.009966020225105 0.010571035947476
1666259398.731089830 33.032836132274191 111.586371154610418 -1.438053901786174 -0.565185797690755 0.824862994901406 -0.011684111385013 0.005434636334726
1666259398.832775354 32.960605923529322 111.437701094025257 -1.468913807859784 -0.543642640426786 0.839185569695448 -0.014725076821333 0.001852359934050
1666259398.934297323 32.877786760610540 111.282738575808565 -1.447601569726564 -0.526830063294143 0.849816713631799 -0.009336220203393 0.013208808949032
1666259399.036638260 32.791532789820501 111.133450164565190 -1.423937252144942 -0.510198964970201 0.859743657382792 0.001980518758693 0.023107082871779
1666259399.134896994 32.709541276200667 110.999365094584547 -1.441533101798229 -0.501568316395275 0.864646522061685 0.000980610187288 0.028542149160533
1666259399.234215021 32.631556439416990 110.867735383653113 -1.481059982831903 -0.522393731882253 0.852316660657942 -0.007694761065861 0.024533436513589
1666259399.328149557 32.562379160415759 110.741527753120792 -1.485185947909480 -0.539885761698964 0.841560195449012 -0.015380062926721 0.007953327286161
1666259399.427755833 32.491040833325066 110.600761839205347 -1.462200558938345 -0.550234640842612 0.834824551601976 -0.016909873739369 0.004885102811591
1666259399.527951002 32.420965452504035 110.459403482900669 -1.450094831627337 -0.562247752182904 0.826838241105227 -0.013524280010017 0.005751700748280
1666259399.637318373 32.346783040534632 110.306339414939700 -1.484764551707306 -0.561654871994679 0.827277470910606 -0.012390236374823 0.001507624279329
1666259399.737421989 32.276279570482799 110.165951474798263 -1.520625360518357 -0.543872188176427 0.838989334167096 -0.017165375381806 -0.002299993487150
1666259399.837949753 32.198891160144704 110.023123026295195 -1.511373252094631 -0.526892942534010 0.849551130206133 -0.024735659823298 -0.005903507977587
1666259399.936478138 32.117846217864184 109.878887252641150 -1.484898707825597 -0.512771960439637 0.858252833185948 -0.021591340119114 0.000897188411531
1666259400.028393984 32.041797750707637 109.743609935123487 -1.489853097348781 -0.507078068819511 0.861608653921639 -0.021243691338663 0.007145991038575
1666259400.127715349 31.965115318837498 109.593901067811032 -1.531039019435984 -0.523148990226653 0.851867622100187 -0.023544935918033 0.009073281370218
1666259400.226607800 31.893106831633389 109.441457585029951 -1.550190258524438 -0.541229120167674 0.840559040339185 -0.023016782845054 0.001329245672071
1666259400.327819586 31.819822606728529 109.277940492446533 -1.526997567619763 -0.550676569053994 0.834575052111375 -0.015339018280437 0.002124430843686
1666259400.429310560 31.745511172620031 109.117117055116239 -1.503837105912083 -0.558400671004539 0.829420347073214 -0.009524332594496 0.012643795761526
1666259400.532486677 31.673321477146086 108.959537664414199 -1.523978237300342 -0.566894957790822 0.823591079866382 -0.006862383588813 0.016755527068680
1666259400.635748148 31.602653490248258 108.802541693012103 -1.561037667571478 -0.550502338601805 0.834634932967931 -0.006627243581921 0.016964183035663
1666259400.737183571 31.529093445288257 108.643651911152432 -1.556848055651800 -0.536404327904995 0.843761981211837 -0.012663457936069 0.013257182934834
1666259400.836939096 31.453765119244412 108.481300419265040 -1.534860218354565 -0.533030129690143 0.845749401054614 -0.006929503059524 0.023212355451770
1666259400.936446667 31.375596844562640 108.323912343312145 -1.526854509499959 -0.526468323306847 0.849556023949318 -0.000180265844663 0.032948964022078
1666259401.040615320 31.296958147173765 108.167279335808431 -1.559913512333100 -0.538337270552014 0.842051248956842 -0.002716502670571 0.033694181664960
1666259401.128976583 31.233619064780410 108.037509631743276 -1.585566100168565 -0.554656128338376 0.831662486309294 -0.004955939330969 0.025875216479764
1666259401.229944706 31.163156737985734 107.888472867186820 -1.571331008828740 -0.570451405221427 0.821232490595507 -0.008522267364415 0.009474261457662
1666259401.329997301 31.093651616627440 107.737566583138573 -1.542288802854300 -0.574397069406165 0.818471893509616 -0.005551460379099 0.011872130392269
1666259401.429963112 31.024291465874775 107.588491002990068 -1.538599708466616 -0.581265693730389 0.813590454949718 -0.002714391592395 0.013906724457026
1666259401.535990238 30.950494064488272 107.431002677527403 -1.578999082717756 -0.570802132463579 0.821000141348224 -0.001566753123950 0.011884391691475
1666259401.635949135 30.878192043715071 107.278930071232992 -1.595754004513242 -0.552745437683405 0.833232075449956 -0.010151322239044 0.009681953229495
1666259401.735947847 30.803325851788564 107.120455598443755 -1.569798493068866 -0.543214422244205 0.839316862587480 -0.014222660558213 0.016217631419212
1666259401.836991310 30.729929357079207 106.959492113920817 -1.545285064659760 -0.537924058853562 0.842484646130114 -0.010616741231446 0.027287593282480
1666259401.935479641 30.662833904102914 106.805795387335053 -1.560646677439403 -0.537488760520792 0.842557415084117 -0.012581370464707 0.032319401569708
1666259402.036643744 30.602701345041261 106.649129893351557 -1.596616907392185 -0.555428606169443 0.831009837808331 -0.015729021353454 0.025967495098749
1666259402.129377365 30.553054551108236 106.503733516357215 -1.595701458923015 -0.567960419071510 0.822856190686806 -0.016287108221855 0.007961276423009
1666259402.231575966 30.499854958561137 106.337190112035728 -1.568687454037820 -0.574902811874081 0.818154376541941 -0.009826625412627 0.003689238070866
1666259402.335125446 30.444531816542892 106.171279243389506 -1.550831670894856 -0.586802700207394 0.809692907937173 -0.003568386170389 0.006874044347786
1666259402.437097788 30.388408869257137 106.011869988751513 -1.578142784191377 -0.589188771032935 0.807980164803629 0.001027226712702 0.004856972089804
1666259402.537979364 30.327895960981017 105.854269469632825 -1.610895248171742 -0.573901918976460 0.818903123121073 -0.004289664116584 0.003982602096184
1666259402.638588190 30.260418818692095 105.690348267126723 -1.600656319463995 -0.567427505102423 0.823277165536108 -0.014999915340593 0.003967076990308
1666259402.737349987 30.191195723364121 105.522137096204077 -1.571528270210119 -0.564966560524874 0.824830741592541 -0.012035955241174 0.017949066661696
1666259402.835746050 30.122067552367778 105.357631769635375 -1.570704527606455 -0.564195757903615 0.825063346494400 -0.012439748209127 0.028264353867050
1666259402.935555220 30.057965064794242 105.192188766122683 -1.609819062869317 -0.583169980038765 0.811472541097143 -0.018889243353652 0.032684643373599
1666259403.026757956 30.003519977496651 105.038013212105184 -1.623600585687694 -0.601626311656117 0.798042704452026 -0.021830196092044 0.026401998646629
1666259403.127277136 29.943032926031258 104.861507342296250 -1.601069156271129 -0.600593994985828 0.799105427299381 -0.017378702244756 0.020380136307818
1666259403.228265762 29.884039508069431 104.681792035744209 -1.576870120675304 -0.605768552486720 0.795003886697445 -0.005674472310716 0.031322217643314
1666259403.330733299 29.827722570922855 104.507399635307678 -1.590796953378605 -0.602480575642467 0.797436640774029 0.004102351314925 0.033092758093625
1666259403.433261871 29.772584065973064 104.339933134695329 -1.627869819762366 -0.589739916524157 0.806926905144942 0.003686959771801 0.032591516364340
1666259403.534740686 29.716043459644048 104.175568391897372 -1.626885194209476 -0.577659212323115 0.815823685216313 -0.004410011900742 0.026871934306052
1666259403.636315346 29.660187222390903 104.007866408905599 -1.596131430014230 -0.565706516656961 0.823908308533214 -0.005300108718889 0.033513355387868
1666259403.737850904 29.606104978271329 103.845260026731680 -1.583139113117511 -0.555546909656709 0.830817043796428 -0.001248681953765 0.033303328686817
1666259403.826374769 29.561572980789013 103.706237032040619 -1.611506963012786 -0.562830209426843 0.826126373034858 -0.005227911626443 0.026646577131655
1666259403.926381588 29.511962275902931 103.546649880262081 -1.640299547917243 -0.582781336144793 0.812341995067127 -0.014970878354586 0.015565027881210
1666259404.025694847 29.458397500603748 103.384333423894915 -1.625919174899861 -0.597679522634520 0.801513058308890 -0.018867847667717 0.000099539388979
1666259404.125823975 29.399823696186253 103.217761116818025 -1.596022856613205 -0.611528284921857 0.790986566621131 -0.017874134255960 0.007343261540143
1666259404.227543354 29.338732243976597 103.053906572300590 -1.595250763191101 -0.616345721260053 0.787188390821900 -0.018992804119943 0.009574060335833
1666259404.328846455 29.280275979057308 102.891853354870918 -1.631542813689545 -0.603621985412776 0.797016899622513 -0.019486482643139 0.004983717152346
1666259404.431688547 29.218467834338139 102.727423827030194 -1.642298268339449 -0.573193008297165 0.818941654032272 -0.028006091295500 0.000037154836280
1666259404.535365820 29.151557554037478 102.557463235104535 -1.614367884026334 -0.562570411185960 0.826497571007548 -0.020302097342754 0.002030374391360
1666259404.635691166 29.082202308829256 102.397751365495836 -1.594945552899600 -0.540498689565172 0.841134161624359 -0.015848972575317 0.010163601483986
1666259404.734429598 29.014937701744650 102.246535487404543 -1.628026295428187 -0.538638127219927 0.842176864309392 -0.021522231423744 0.011995444199940
1666259404.833209991 28.950964048740982 102.097370751677531 -1.659626397866256 -0.558917124052293 0.828858374506894 -0.024251757709038 0.004158809796720
1666259404.932698011 28.887024833941453 101.939578255166708 -1.637672617604716 -0.566634889901674 0.823430913616192 -0.028927979082008 -0.007043015941418
1666259405.033315182 28.823308756499404 101.773905245369690 -1.606950958279380 -0.573583528277822 0.818765945990395 -0.024928525240315 -0.001682380504807
1666259405.134165525 28.760289180484282 101.609745702404382 -1.611948974618106 -0.582060609666291 0.812886090459496 -0.020453800774178 0.001814565036583
1666259405.235292435 28.693863999290556 101.445850328449112 -1.654139587301256 -0.578456272231517 0.815496651403916 -0.018779423462275 0.000941232937561
1666259405.335009098 28.621165364168604 101.284944799504473 -1.669904079737564 -0.564093251045525 0.825276860083257 -0.026667289586204 -0.002400833633511
1666259405.434729099 28.543878152149539 101.120283250802260 -1.645254222898599 -0.558556984863621 0.828827019531308 -0.032187463830051 0.004881959350311
1666259405.534658909 28.467689565661136 100.957077891673521 -1.622682816961427 -0.544363891899311 0.838302123226677 -0.027064899414392 0.013601272351116
1666259405.634148359 28.396602575686323 100.798097342660725 -1.645083646397559 -0.542829273014872 0.839296891068833 -0.027315161224301 0.013076351464691
1666259405.733396292 28.333076614163158 100.639866676383306 -1.679989059919484 -0.559160729068680 0.828464273778804 -0.030761869404376 0.006319298243332
1666259405.824629545 28.276498241441026 100.490979661272434 -1.672675194445110 -0.574139572231544 0.818078423130831 -0.031788494701977 -0.010046731315941
1666259405.925181150 28.210308782701180 100.316471030392364 -1.644508352585073 -0.582154054709624 0.812701078939371 -0.024317552283059 -0.004719059957989
1666259406.025677204 28.140202003544310 100.140659341722056 -1.633591599776384 -0.592882218460778 0.805123277901186 -0.015617172580150 0.004825591702304
1666259406.125641108 28.069238022819839 99.969171342454899 -1.671558933482792 -0.590774206221003 0.806759995084456 -0.007756931080400 0.007998600845491
1666259406.227345705 27.992477340801905 99.800324806466620 -1.705469484360192 -0.562452543037999 0.826781030546385 -0.006423043337635 0.006245708368850
1666259406.327239275 27.911423272356394 99.634523990425492 -1.688763806094346 -0.550874264495443 0.834435061166354 -0.014065504918017 0.007604931578187
1666259406.426817417 27.829783534245582 99.467348796933535 -1.658924571385153 -0.528825496602869 0.848521354546882 -0.006564067723003 0.017664032257142
1666259406.525851965 27.750423924197776 99.304658449943574 -1.663981445531870 -0.518624697156433 0.854593150377271 -0.009075384081060 0.024831597440177
1666259406.624277353 27.676235821264118 99.139568438270416 -1.698851814692353 -0.539153755804348 0.841697384180078 -0.011569299613861 0.026923825376886
1666259406.723617315 27.604932877286799 98.967221806806577 -1.696548424142873 -0.554473395268312 0.831880406619757 -0.013216844682782 0.018962015673690
1666259406.823489189 27.535467323157079 98.784962933832702 -1.667495670532251 -0.569063693944225 0.821743823284903 -0.010125034259507 0.028303441644213
1666259406.923771620 27.472117920011605 98.604931540530373 -1.646273562905408 -0.589280169590936 0.806960795241332 -0.004397163316761 0.039291495582652
1666259407.025212288 27.418854498038975 98.427748298578592 -1.662922533724397 -0.594425022930825 0.803366722543023 0.002806019865224 0.035396715620024
1666259407.126094818 27.372511142865125 98.251335314476790 -1.680161368775135 -0.578217915493917 0.815477938087550 0.009319310266162 0.023935854914966
1666259407.227073193 27.324250834265555 98.072992458033497 -1.657744359559607 -0.562240754994868 0.826770402262301 0.013739728214486 0.012134876778354
1666259407.327439070 27.267529767237153 97.895526753187681 -1.622301273561245 -0.549879131390918 0.834637765467852 0.026431049636159 0.017724021291210
1666259407.426759720 27.203459916842931 97.727920257834128 -1.621248608010508 -0.550054789110705 0.834446704530515 0.024676980853249 0.023010277932036
1666259407.525561810 27.137742896855869 97.562879268651940 -1.655267738053640 -0.572152731711822 0.819471583973920 0.016307790382803 0.029010870838452
1666259407.625257492 27.072852082202107 97.392601816567662 -1.653280419215291 -0.590364172493795 0.806756489960974 0.008652416430183 0.023221658672117
1666259407.725785255 27.008974713919077 97.213735502663212 -1.620625038901234 -0.596245339396725 0.802300961762429 0.008130981710501 0.027176260581391
1666259407.825778008 26.949193325322426 97.039637461048514 -1.599626864199610 -0.613595441573282 0.788652007293622 0.009176807155609 0.038005679610538
1666259407.926278591 26.893988453210056 96.873095473450704 -1.620210130521280 -0.615224015554102 0.787400143701619 0.005965862399474 0.038273135094814
1666259408.026976585 26.838276515745370 96.704844959666929 -1.640767361874619 -0.600171682675845 0.799186223758058 0.000298673305532 0.033094438560544
1666259408.127223492 26.782562346067611 96.535320519081239 -1.623242986882675 -0.587342952869688 0.808792025178786 -0.013812347605441 0.026323654289264
1666259408.226872921 26.726421001498338 96.362429316290445 -1.593263951099799 -0.571414798228627 0.819977866571683 -0.009417173146034 0.032136327541069
1666259408.325612545 26.670234756789934 96.193593118671657 -1.587317765029949 -0.561804568210394 0.826536331166397 -0.010942035291767 0.033069506552091
1666259408.424723148 26.617177399287588 96.018787886831049 -1.618813881993233 -0.565372622970803 0.824062427673203 -0.014240078087950 0.032743437029573
1666259408.523721457 26.566005384405923 95.837977575369194 -1.624779435029359 -0.584859656568205 0.810485549099495 -0.019389404488060 0.026007841383126
1666259408.623970032 26.512963711457601 95.654534281699625 -1.599944023775575 -0.594608758870398 0.803447929336535 -0.018715466552294 0.023697679868934
1666259408.724563122 26.459496604157810 95.472558524967624 -1.568341179231495 -0.610583403323960 0.790865685002005 -0.018872185842618 0.036921761512166
1666259408.825282097 26.410552036730284 95.295205400559681 -1.575963058163439 -0.612689725399473 0.789410517031545 -0.016129155841534 0.034382936491039
1666259408.926526070 26.356139433231423 95.111382359276917 -1.593740504657015 -0.594081637620976 0.803490697349473 -0.013725238151520 0.035795599619526
1666259409.026989222 26.292248249321638 94.923386643661033 -1.565552380086663 -0.579625282900720 0.813638633602887 -0.018049186187416 0.041242359402183
1666259409.126718521 26.230436236197466 94.733944052527278 -1.527667415727725 -0.564812258846550 0.823269999814139 -0.006736079544136 0.056287164567604
1666259409.226327658 26.174980304899243 94.553162730510579 -1.518471393985262 -0.547005177687137 0.834985808639439 0.003514435838066 0.059763564945081
1666259409.325514793 26.126538291898321 94.378068021588447 -1.536525127626329 -0.549848204076332 0.833401860009445 0.006990969693963 0.055312010897890
1666259409.424779415 26.076365908315569 94.204401122347662 -1.522373593998518 -0.558377321432679 0.828535587945027 0.003613019781405 0.041599188769906
1666259409.524685383 26.019638764418023 94.027455852771297 -1.487620518437634 -0.570677928622187 0.820172955030972 0.002678522688477 0.040445656571023
1666259409.624997377 25.959835520169662 93.852516581593051 -1.458724198753137 -0.586142581213342 0.808558322889075 0.000708581886795 0.051670212764000
1666259409.725695133 25.905125088794421 93.681448656470252 -1.468759740247860 -0.591114671474879 0.804948301566351 -0.001145658852408 0.051384476628515
1666259409.826888084 25.850791460101853 93.508119954726439 -1.480844279483095 -0.580487026467071 0.812906950119650 -0.001883919646908 0.047048415460580
1666259409.927341700 25.792602418276864 93.336909526777248 -1.451456211954823 -0.569209331002250 0.821260609624205 -0.009117204384939 0.038060808765103
1666259410.027418375 25.733001702544549 93.166069150518695 -1.415089227011134 -0.553907643522468 0.831469722643770 -0.004523196655486 0.042707885291778
1666259410.127046585 25.672611342077410 93.001567083961760 -1.402800525948710 -0.543988329199353 0.838108117282939 -0.003048210899689 0.040523941684582
1666259410.225719929 25.614848732193277 92.838490224324644 -1.419449003119082 -0.547483445683053 0.836179610827824 -0.003966494644262 0.032400649053344
1666259410.324811220 25.555614511636222 92.668630825479994 -1.408098983114725 -0.556745368245814 0.830368518536154 -0.009347045192225 0.020865069064812
1666259410.424403429 25.494544571051271 92.490074330995625 -1.369123395011306 -0.566249536582810 0.823947788260047 -0.002881881555692 0.021522065417376
1666259410.524162292 25.438773371129958 92.316201824635570 -1.341232469526587 -0.584312751564303 0.811009821205753 -0.001864806453484 0.028951697084216
1666259410.624424458 25.388458293852224 92.147421546493248 -1.352829905625476 -0.596750831490165 0.801940269667301 -0.003948508818418 0.027652455222711
1666259410.725591898 25.332809699698441 91.978255737627165 -1.364677840701001 -0.585664347474187 0.810183430314950 -0.009382881706910 0.022628364315817
1666259410.826258898 25.268045402527875 91.806722910642932 -1.331615610919671 -0.575027397875620 0.817672914670956 -0.016622071814471 0.021867853906871
1666259410.926595449 25.201586808672236 91.635684213109172 -1.294508893586337 -0.562823358394344 0.825849913715669 -0.011824156260883 0.032587982297960
1666259411.026189804 25.137470160802128 91.473071813136031 -1.291835414120574 -0.552858577993293 0.832374217419915 -0.010783610671012 0.037205761041992
1666259411.125476360 25.078167040021285 91.312857174509617 -1.314038820618266 -0.560383677790626 0.827359810812336 -0.013527953574511 0.035536904627630
1666259411.225237608 25.020008898520956 91.151788134032543 -1.302592809832367 -0.562192918117941 0.826606679889664 -0.017254884683020 0.019047008541924
1666259411.324919939 24.957475271696335 90.984215869385395 -1.266991037303120 -0.566773887144790 0.823514054086049 -0.017268699804648 0.017139299303079
1666259411.424915314 24.893201942546558 90.817388809380788 -1.237896508107687 -0.579290301153834 0.814575595420080 -0.015078080583663 0.025729318316578
1666259411.525366306 24.831537973833370 90.652429981353180 -1.246778634877304 -0.579449843076656 0.814496910051804 -0.012301224724670 0.026102542879491
1666259411.626233816 24.766695073397187 90.481939776102678 -1.258505121342772 -0.566568178107821 0.823368600848082 -0.015337723683797 0.028799321611045
1666259411.726203680 24.696843787812487 90.313123193717715 -1.227261174910671 -0.560524742062292 0.827334267819010 -0.023853490197917 0.027586841677898
1666259411.826293707 24.629689681846404 90.150095542616086 -1.189174960043775 -0.546441201756673 0.836482564384748 -0.021656631017900 0.035070255716105
1666259411.925909996 24.568875490574438 89.998104144349725 -1.174185207425486 -0.535477180210204 0.843659886025184 -0.021822177602284 0.032030903059346
1666259412.025587320 24.514160635354333 89.845017541785381 -1.187988121528039 -0.537397652834304 0.842685652149571 -0.024181140566948 0.022359043591247
1666259412.124754667 24.460203676837015 89.685521899730077 -1.177441315818752 -0.550185612095301 0.834567920633341 -0.027279181134834 0.006929961736774
1666259412.224474192 24.400589918105684 89.517603881604074 -1.139745678475450 -0.560995165174578 0.827392583671050 -0.026484765996013 0.002119978072974
1666259412.324410439 24.337469815115810 89.347652867134300 -1.109674166786477 -0.574150324458235 0.818386653105646 -0.021644740931929 0.011233705222809
1666259412.424430370 24.276773198911012 89.179986499299801 -1.115542294867040 -0.585495078768781 0.810284736262878 -0.020002650339463 0.015298787413849
1666259412.525419712 24.211705420229752 89.009515848511839 -1.136311842620717 -0.575928647746772 0.817032040496116 -0.019995887130140 0.019105025653120
1666259412.626204014 24.139059330875718 88.836150824292233 -1.114798373181823 -0.559814095687272 0.828140876903618 -0.021585013580921 0.018026465539878
1666259412.726574898 24.068824537477326 88.661838875480100 -1.080752928382638 -0.542001377693966 0.839816554288785 -0.011050192186226 0.028645330736482
1666259412.826612949 24.003344412598803 88.497379311087428 -1.064178210374446 -0.530724955975108 0.846906696629154 -0.001202250915542 0.032842394898215
1666259412.925064087 23.944174685415920 88.342962749275557 -1.079615344149915 -0.536681301614806 0.843260807501517 -0.003151356993025 0.029571269469352
1666259413.024705410 23.883549196329618 88.186006053201282 -1.079431533569476 -0.552943235124206 0.832987550579778 -0.007231108266552 0.018254598946989
1666259413.124449492 23.818068757459891 88.023770427864761 -1.045314802272077 -0.564494778370275 0.825250592749900 -0.013289431144208 0.011423457379330
1666259413.224564791 23.753610512890184 87.861001778251037 -1.013989797409545 -0.578824428480651 0.815123933232082 -0.013546027347859 0.018755255514120
1666259413.325132608 23.694541669617369 87.703103959631491 -1.016835175648579 -0.590243527439068 0.806802034077068 -0.016985922848330 0.019862893806857
1666259413.425804853 23.632424469563897 87.543584783421508 -1.038523294325879 -0.585384221271936 0.810179706687928 -0.023844884792732 0.019120089595329
1666259413.526307583 23.563010511872314 87.377067120258005 -1.025887194012086 -0.573522393869268 0.818175643148367 -0.036317632871840 0.018485405914067
1666259413.626552820 23.496330543114851 87.202024377342113 -0.991788951341847 -0.560390103094140 0.827269913862690 -0.028208153229168 0.028137556097790
1666259413.726437807 23.436419907635781 87.030816012730497 -0.970595931172939 -0.541977735333574 0.839454024073224 -0.015484713719141 0.036569105963899
1666259413.825955868 23.380697852687916 86.867598233926770 -0.984788431361226 -0.538672311296605 0.841772519983571 -0.006903417221337 0.034691619644395
1666259413.924595594 23.323076909512391 86.709418158966585 -0.992041360105435 -0.551921241024999 0.833439084284860 -0.007738067261457 0.026502052880776
1666259414.024343014 23.256627226513583 86.549992684545472 -0.959875287001822 -0.563260033097925 0.826053077956890 -0.012847318800825 0.014470449616500
1666259414.124134302 23.186939328097580 86.388615741625543 -0.924078296459161 -0.576191105008518 0.816893493664028 -0.011194103468895 0.023738630246294
1666259414.224797487 23.121205992077417 86.233073923245087 -0.914457588265217 -0.585440274682870 0.810108047706835 -0.013301819792188 0.028420017770631
1666259414.326067924 23.055563898648511 86.078315347714678 -0.933456980773083 -0.575847145311478 0.816969975805189 -0.015073947330398 0.027072125542169
1666259414.427027941 22.982718074980081 85.921595219116838 -0.928795504718429 -0.563793957863846 0.825382771398398 -0.020572898804174 0.021363744749289
1666259414.526164055 22.910070395278762 85.763955763868722 -0.895849107720733 -0.550170459818144 0.834168799861351 -0.028959152757794 0.025223916288231
1666259414.625775814 22.841350778352815 85.604901006785084 -0.866223126821966 -0.539485014627238 0.840893001068982 -0.026145759029572 0.034223954047086
1666259414.725507736 22.783054347213618 85.448639767662357 -0.868281691916832 -0.535306994519515 0.843651100768460 -0.025853225309504 0.032106892277930
1666259414.824646950 22.730294823278072 85.291537678829940 -0.885262244055546 -0.542822617528363 0.839290820322395 -0.021374251345442 0.021855575985079
1666259414.924303770 22.670734185365603 85.130019836621656 -0.862045547665794 -0.556423526665194 0.830502955812036 -0.024596139381362 0.007261493542799
1666259415.023957253 22.604604890610197 84.963341824921258 -0.824362318669166 -0.570799660585400 0.820684440771116 -0.022840825921307 0.011962141239139
1666259415.124078274 22.539732270232708 84.800229424191826 -0.804206782232507 -0.585925730697454 0.809818104613853 -0.021410218295388 0.020670706297171
1666259415.224493980 22.480907075414386 84.638170827086782 -0.818980235373516 -0.586356710170242 0.809613370245916 -0.016422125862262 0.021031237232818
1666259415.325442553 22.417706950836646 84.474093025235746 -0.828817278113294 -0.568451580384002 0.822369466019605 -0.014446712898124 0.019040866681942
1666259415.425710440 22.350030380428386 84.310285237032161 -0.800728593396487 -0.557707256565869 0.829616257213929 -0.018023967548252 0.019355059647121
1666259415.525836229 22.286341319525466 84.147183766172930 -0.768999011175084 -0.545187398558980 0.837793224444252 -0.010613591915686 0.027578346477680
1666259415.625338793 22.226825474287583 83.991435020420397 -0.762859058445718 -0.533243414421390 0.845498734435818 -0.003966811930674 0.027705873867377
1666259415.724405766 22.170912885143800 83.838629168525443 -0.783743832293295 -0.538766870063984 0.842154502242679 -0.004152844181097 0.022109001765130
1666259415.824168921 22.111608503083410 83.683285401233277 -0.779581800422308 -0.545941985002995 0.837702780717991 -0.009815951441315 0.010249257809062
1666259415.924109459 22.043659213047807 83.517035801650323 -0.741688828980948 -0.553105385671327 0.833032970135284 -0.006524671813816 0.009377188634171
1666259416.023600817 21.973191935746041 83.352787162325669 -0.712427496309448 -0.563913002108150 0.825449414855437 -0.005609581863575 0.024574827761493
1666259416.124762058 21.908319175332895 83.193329237231282 -0.717957232038150 -0.567687654530612 0.822825435580519 -0.000675406857517 0.026240679885242
1666259416.224815607 21.847073917186712 83.035381725852574 -0.737495048657333 -0.555716767145315 0.830930357045757 -0.003979432907223 0.026791427119629
1666259416.325310946 21.785111867821758 82.876436312129925 -0.725023696155007 -0.541408870071648 0.840390977257669 -0.015322478010001 0.019612812630398
1666259416.425718069 21.726281410602795 82.715362478234923 -0.696064892348426 -0.523572900661088 0.851634575474380 -0.012105721854221 0.021057517619488
1666259416.525490284 21.668801244229698 82.558724336785914 -0.671208754450574 -0.514302422912177 0.857275036115738 -0.006289402340756 0.023086222246637
1666259416.624489307 21.613859034843340 82.408960029508592 -0.682505741845027 -0.511094319793421 0.859314052093346 -0.006622440571351 0.017835342180456
1666259416.723830700 21.558589298888453 82.257482903681222 -0.698931690342909 -0.523474843749512 0.851899909901321 -0.012330694972061 0.009411983481247
1666259416.823738337 21.496666579827867 82.103249100899674 -0.671846701225860 -0.535174004559060 0.844544907356494 -0.016500689267829 -0.007772487125452
1666259416.923531771 21.426816875380627 81.944366723740615 -0.634358968350792 -0.543209922826530 0.839423645812508 -0.017055854034493 -0.000142957291159
1666259417.024125099 21.355040975916047 81.789237761762777 -0.618245947383510 -0.550853345389121 0.834430396966801 -0.016634587904947 0.003129692744292
1666259417.125051022 21.281587517239458 81.635612845217850 -0.639460771785129 -0.539875087219150 0.841576149325197 -0.016642677928171 0.002737947856931
1666259417.225852966 21.199838422604707 81.478997399623040 -0.646311134986374 -0.517466805325630 0.855353711890594 -0.024394362492127 0.001745857861332
1666259417.325504065 21.113816928253719 81.318613817454207 -0.620306376067322 -0.504214003884167 0.862965219804164 -0.031041358533836 0.009782727422504
1666259417.425786018 21.030060280527341 81.158022272661853 -0.593400283654720 -0.488260415886469 0.872052655320846 -0.022797464512741 0.024621296432650
1666259417.525553465 20.953300191506486 81.006157664451649 -0.599757671375942 -0.484519281401340 0.874109805404093 -0.019587632058508 0.028096952096076
1666259417.623977661 20.884410466029259 80.857150400017460 -0.625738362269639 -0.494595739425133 0.868625148756206 -0.017511154535847 0.023638209695041
1666259417.723927021 20.812873408774710 80.703190031741499 -0.607934605035516 -0.504214786895072 0.863433715334573 -0.014244775930610 0.006837708576699
1666259417.823388577 20.736408282582126 80.541502796565368 -0.572050287666453 -0.508714345087227 0.860920971679331 -0.002522420589245 0.004293369255286
1666259417.923869610 20.655231755804163 80.380541166994760 -0.546820794223137 -0.504302409258529 0.863392435654375 0.008825613978697 0.012437467939613
1666259418.024615765 20.571934686218480 80.226527379369315 -0.559473429499869 -0.499794626819853 0.865937645266673 0.013336427899178 0.013396462327940
1666259418.125267982 20.476223502585015 80.077466061754180 -0.579466319064820 -0.475354690296348 0.879602247897815 0.010361627887234 0.015180269230142
1666259418.225029230 20.366165951585433 79.927223372738084 -0.555526216028698 -0.461729432780596 0.886686629234197 -0.004058869647109 0.024005791355326
1666259418.324581146 20.254356154699916 79.774112294890855 -0.522256398689341 -0.450638706847362 0.891516677021457 -0.003938031117992 0.045904927779827
1666259418.423958540 20.152462337990286 79.628624325763013 -0.514115432327328 -0.444278293020332 0.893941414380148 -0.001358056803486 0.059022891226029
1666259418.523438931 20.064866881206669 79.489234919621950 -0.537624194089802 -0.445148919132589 0.893442763249935 -0.003941588989515 0.059891004897619
1666259418.623533487 19.983357261167384 79.346846943351338 -0.541653426236110 -0.457354359598739 0.888022721239659 -0.004467558717162 0.047145277995230
1666259418.723456383 19.900183052956848 79.196940976305228 -0.509159220849072 -0.467847045122784 0.883068719953048 -0.001196124670714 0.036157260628214
1666259418.825054884 19.813279812639429 79.045652371337582 -0.477703371257735 -0.472194711180591 0.880587002708551 0.010380231261501 0.038612642914038
1666259418.924630880 19.728080973658141 78.907748726292283 -0.473271364635247 -0.479164773977984 0.876792061107054 0.012903091258410 0.038344637098931
1666259419.025505543 19.635933094334888 78.775638168323553 -0.495638610282014 -0.470191580035913 0.881844739921779 0.010117038070119 0.034166917863773
1666259419.125759363 19.531042891115614 78.648219569676456 -0.492336633385912 -0.449432044075091 0.892868093155240 -0.006033670716455 0.027586242975366
1666259419.227546215 19.415507871203442 78.516055235232656 -0.464925800646780 -0.430568052058110 0.901854257743640 -0.015249188338910 0.032210442275097
1666259419.333993912 19.293267535134735 78.379715296360402 -0.440605949576997 -0.424762857127150 0.903880542293063 -0.022965532757466 0.045266596672875
1666259419.425079107 19.196959456305184 78.267031987282209 -0.452311136240694 -0.417139557809452 0.907221344908845 -0.031009797710243 0.044524297841643
1666259419.524134636 19.098999650305231 78.137826911662259 -0.475496564469915 -0.429581427864063 0.901486056364929 -0.038953616343405 0.035571094833482
1666259419.623506546 18.994231809307941 77.990776051617573 -0.450411069427099 -0.433848524849192 0.899895292445052 -0.035004203231346 0.027177672408672
1666259419.723577261 18.883257733501825 77.832349752109025 -0.415169951524468 -0.435778335295365 0.898951980008405 -0.019976356913811 0.039793533276414
1666259419.823599339 18.776539271631918 77.680229254084466 -0.405203282282107 -0.448458505036206 0.892088853625307 -0.007630319191804 0.054810808488904
1666259419.924966574 18.672399195503651 77.535071406703779 -0.426541302687798 -0.440660747384609 0.895489606989081 -0.001336229935562 0.062567435447993
1666259420.024463177 18.568877216730197 77.400656811188810 -0.434877832720251 -0.430317662717478 0.900651698490566 -0.002901058627752 0.060372270275877
1666259420.125061035 18.465099000877554 77.268731266266329 -0.406404141047456 -0.405868830295335 0.912196910431652 -0.005845907342505 0.055974231222835
1666259420.225038528 18.361553941581462 77.140809704914915 -0.373949747775129 -0.382482994331055 0.921971474402887 0.002431852037011 0.060575948449758
1666259420.324831247 18.261673078753649 77.021791856586248 -0.367515086494039 -0.361622095369021 0.930536651808636 0.006569255959267 0.057339730186271
1666259420.425110817 18.164907025019268 76.905315070436885 -0.389847135648200 -0.364010594595869 0.930200141460470 0.002576199357109 0.047088714632668
1666259420.523567200 18.064719876141609 76.788179253777670 -0.387701526462709 -0.370946916471168 0.928138528138656 -0.003884355108474 0.030694780183814
1666259420.623023510 17.952901394269496 76.659814657452884 -0.354710288818398 -0.378427007867124 0.925236507380124 -0.004888922115658 0.026580134843755
1666259420.722939253 17.840660573165760 76.531389931503639 -0.325645760034242 -0.382971848758078 0.923187478384549 -0.001270610280628 0.032493512618864
1666259420.823463440 17.733101254058017 76.408960693621651 -0.327091478071757 -0.386047770621144 0.921976938872709 -0.000079924582813 0.030424276448498
1666259420.923943758 17.622046368746389 76.292831363532699 -0.345434474640942 -0.370381234190124 0.928594401527712 -0.002639893148590 0.022873779210142
1666259421.024792910 17.501944059849112 76.181998555293660 -0.329996488972808 -0.341652597926324 0.939650701197939 -0.014322996317607 0.011176486250169
1666259421.126292944 17.379879453264927 76.074463699158244 -0.297958659941477 -0.298746287498573 0.954231213142625 -0.011637766440723 0.007616427144402
1666259421.224917650 17.261619020830690 75.978954501478697 -0.279055441748959 -0.270199681538182 0.962667974670541 -0.015435896432742 0.004922980977071
1666259421.324580669 17.142780461674036 75.883536776333301 -0.300635521567797 -0.261308760914120 0.964868822130558 -0.027048658317056 -0.003775928119609
1666259421.423311472 17.019204507863051 75.774418158684654 -0.320416729256877 -0.281243601825183 0.958921519810476 -0.034910595499820 -0.012361456168818
1666259421.524215460 16.875982112675182 75.643960485065492 -0.298078355889109 -0.291960997468822 0.955811743743191 -0.032060481887736 -0.012442346271404
1666259421.623631954 16.725525922402518 75.506378550759237 -0.271121914496314 -0.308350777618066 0.950983455425426 -0.021166585095048 0.010111435351351
1666259421.723352909 16.581209982783079 75.372761361765967 -0.275607592239326 -0.320626741961118 0.946626598424261 -0.016445363479970 0.028742399258295
1666259421.825421810 16.438384312214215 75.245076283831992 -0.306932672062507 -0.308646202937654 0.950509997444717 -0.010346398703353 0.034076651884892
1666259421.925483942 16.296616863079695 75.130095986280281 -0.307059249703424 -0.295054734064082 0.954874948090152 -0.019084287072304 0.028148310839994
1666259422.026019335 16.153197460033248 75.018423286235162 -0.279704144410719 -0.268899606523717 0.962469060879412 -0.019318833519299 0.031194408677633
1666259422.125731230 16.009590135114241 74.918585396693288 -0.254393274950810 -0.240721374806572 0.969762303579564 -0.016858204381770 0.036470470415305
1666259422.224984646 15.870384940034153 74.828006244333821 -0.269196610523558 -0.232225103576248 0.971760454309064 -0.024098422405068 0.034240133580786
1666259422.323775768 15.733021961726081 74.738734455274681 -0.293525117572197 -0.247004810663303 0.968087922558413 -0.034278984979614 0.024886721248282
1666259422.423077583 15.588210849352576 74.645103047835264 -0.276157377890374 -0.260472724329882 0.964428450982502 -0.043253535125122 0.012682843326340
1666259422.523241997 15.438266334833084 74.544143780841566 -0.239776226462946 -0.274826922134323 0.960078173739700 -0.047252360914544 0.022074364471484
1666259422.623481274 15.299896282652151 74.444698674775339 -0.227549105211547 -0.280493848915353 0.958227253309558 -0.050492770204445 0.023962718805508
1666259422.724409580 15.164772504289767 74.345660476558280 -0.255920075406012 -0.272641003885687 0.960464569197226 -0.053348987108078 0.018126772783221
1666259422.824821234 15.023723419282778 74.249734657896099 -0.268059237860752 -0.254493009497656 0.964867861844311 -0.065007912523563 0.006106439727179
1666259422.925248384 14.879117384332021 74.154079565367141 -0.251339318759071 -0.221201105767224 0.972992973010777 -0.065902915952679 -0.003398668554156
1666259423.025337696 14.726124740718692 74.061597520247389 -0.219855852468077 -0.189903248248933 0.980197424776662 -0.055793390153540 0.006071439769842
1666259423.124315977 14.578087655522282 73.973223838979919 -0.224761332815577 -0.181803583790558 0.981653682367294 -0.057062728840553 0.006881118579930
1666259423.223019600 14.432925001376923 73.882721376743291 -0.257611399414915 -0.200934121639099 0.977962443783805 -0.056681431429855 0.001467187988521
1666259423.322309732 14.283332852023010 73.791596693386367 -0.255232018633435 -0.223859333104093 0.972514411126421 -0.062680374563815 -0.013186727348417
1666259423.423408747 14.117574055149635 73.691102969657393 -0.226649230217048 -0.240338757314964 0.968925807898339 -0.058350600431020 -0.003907422448357
1666259423.523529768 13.953858882700988 73.591670274911024 -0.204702140985653 -0.256378483446162 0.964816257648010 -0.057073688877145 0.011927122112605
1666259423.624145985 13.794898598378095 73.494936431408092 -0.227270715680679 -0.247563194095058 0.967386080093844 -0.050117181394421 0.019102489345576
1666259423.726227522 13.630282245482084 73.404436531524311 -0.247495878023966 -0.229045549759345 0.971933698298699 -0.049763659414431 0.020164336054949
1666259423.825466394 13.466592473314483 73.319848304876260 -0.225001173751102 -0.207834129058921 0.976707851437017 -0.049373334773957 0.020224281270387
1666259423.926457882 13.299931890255474 73.235754213337600 -0.194456488071437 -0.170265918711448 0.984111616112873 -0.036957201720835 0.034176149549370
1666259424.025054455 13.143439378425249 73.158762599690576 -0.196711764597367 -0.147464208801074 0.987810719919278 -0.031378148335282 0.038725967286564
1666259424.123909473 12.991451637473695 73.081019096353160 -0.223321288752285 -0.158679123278147 0.986240279882302 -0.032275930436944 0.033306313032025
1666259424.222553968 12.837347938416935 73.000112925462275 -0.215226355894095 -0.177804912932081 0.983256411835403 -0.035150177373879 0.018886676583446
1666259424.322589636 12.669403737938996 72.909754184824962 -0.178596780517189 -0.197152445581822 0.979552613429364 -0.031702237379904 0.024547074569435
1666259424.423169851 12.504144407663741 72.820743722342357 -0.154940013455011 -0.216692755946840 0.975036909951245 -0.031759641556414 0.036586868151011
1666259424.523982048 12.346837182522293 72.734216406231511 -0.174480264093645 -0.224548938173854 0.973119510101815 -0.032655924419948 0.039367296382613
1666259424.624557257 12.188070202493265 72.653555580459994 -0.194441672247231 -0.214674926807433 0.975570064606707 -0.032213313774930 0.033764289702696
1666259424.725329399 12.025826700360646 72.573862717697054 -0.173654192064694 -0.194391201223341 0.980036530552896 -0.034402954298551 0.023598652595461
1666259424.825496197 11.860843500574038 72.492344385117619 -0.139527161493048 -0.173259964951807 0.983974980016369 -0.027072033265232 0.032269618243337
1666259424.924857855 11.704419097864202 72.414651941821617 -0.129489844964721 -0.165943833239833 0.985330522424037 -0.023920132045838 0.031847026111629
1666259425.023753166 11.559006610744149 72.336336070014056 -0.155717853992135 -0.177288205191022 0.983473262779092 -0.029016404391205 0.022522921102723
1666259425.122708082 11.413763924764751 72.254891276863702 -0.153098884131012 -0.206504987121650 0.977998531983343 -0.029515944451122 0.001835961729306
1666259425.222533464 11.257574169185636 72.166747824111695 -0.117433077624831 -0.227212425763684 0.973244429543011 -0.034161898201151 -0.001660919436862
1666259425.322918892 11.101083434071636 72.076265808744964 -0.089591969439973 -0.257587996690497 0.965725232005985 -0.031531539313057 0.005381659271285
1666259425.423624992 10.949682022615006 71.984161369045836 -0.107330276118288 -0.267188207783788 0.963158570891292 -0.029846175691278 0.006725677403576
1666259425.525082588 10.790386278646682 71.890225876502527 -0.134971137940281 -0.253442072146179 0.966921390309581 -0.027781347719468 0.007637915090349
1666259425.625527143 10.619976421876448 71.793714564353053 -0.114669779222911 -0.243008965093590 0.969548634470002 -0.028644490044659 0.010078763395262
1666259425.725712538 10.447805978900629 71.693484852018784 -0.080652203788991 -0.220679746588918 0.974636717831736 -0.020795450138724 0.030842615861165
1666259425.824904680 10.288777298068737 71.596441999763258 -0.073669143281719 -0.215983568721960 0.975386816001559 -0.016433576856320 0.041250391079053
1666259425.923813581 10.141366068209047 71.497876634636611 -0.101604203050181 -0.230827857806257 0.972149402430929 -0.012160330781349 0.038680302080657
1666259426.022627354 9.996327234777329 71.395618751944440 -0.101198465641666 -0.255029300545697 0.966493319371354 -0.014530129359527 0.025290211832051
1666259426.122990131 9.839779115487824 71.286472954467627 -0.064756594322841 -0.266032432360864 0.963604950391971 -0.009569526317083 0.024508542966012
1666259426.222445011 9.682977151731309 71.180369113014933 -0.033038707740664 -0.288410153542508 0.956591581033954 -0.008164004931177 0.041054591120002
1666259426.323038816 9.532818334040101 71.079356746771850 -0.043706514376840 -0.299392641907408 0.952922780239004 -0.005228398950590 0.047695751568481
1666259426.423808575 9.382332150973058 70.983263453228233 -0.072091790846788 -0.289014441466598 0.956086450582809 -0.005914471721616 0.048315325311644
1666259426.524148464 9.232056972852627 70.889657739343022 -0.062477597594997 -0.283469869827125 0.958187559660988 -0.012733125790736 0.036868698359316
1666259426.624864340 9.084459964978914 70.791824291191546 -0.032543721493284 -0.247377576516408 0.968273879362433 -0.003874781399005 0.035142783760012
1666259426.724565268 8.940700430358460 70.701645167816693 -0.006879714069074 -0.230119623346260 0.972478535135500 -0.002703577984578 0.036375105742370
1666259426.823562860 8.805217989860756 70.617904167673103 -0.021253280245267 -0.232564255242620 0.972092699243512 -0.014171372196753 0.027364639061559
1666259426.923445940 8.669594131633154 70.526792702699524 -0.039732218451169 -0.263551517876865 0.964365059093918 -0.020155488374043 0.011592519656629
1666259427.022231817 8.523161173434900 70.419441266586404 -0.013091405946036 -0.286812768959015 0.957720770855090 -0.022060969153349 0.004761751233463
1666259427.122332811 8.368986584809562 70.300587218489355 0.018150935904026 -0.312060639447069 0.949626259910920 -0.020376653984138 0.020320328931775
1666259427.223038197 8.220686258889376 70.181024532315107 0.017172372071243 -0.335201770754522 0.941402721355477 -0.019220284187649 0.032113389470437
1666259427.324213028 8.074583513516078 70.062958866287190 -0.015338962955614 -0.334657574530576 0.941486334760430 -0.016330218079082 0.036621213062563
1666259427.425293446 7.922530439207551 69.947184725633250 -0.017636298345181 -0.318188187113062 0.947202029765571 -0.019732715602232 0.034281369935386
1666259427.525954962 7.766450760319689 69.829432223742927 0.011146642390541 -0.287235492899327 0.956679290504549 -0.014167885978229 0.045384774379762
1666259427.625252485 7.617337016886173 69.717793049541996 0.034015173334026 -0.274230878049947 0.959883460129241 -0.005643937575185 0.058217819118535
1666259427.724638939 7.477551362516110 69.614170941495630 0.017268571553044 -0.268760628485150 0.961318053024453 -0.008315851645149 0.059717435619415
1666259427.823401928 7.340628273879354 69.510411764994700 -0.000179223586205 -0.293041389784590 0.954430281053980 -0.015543207988520 0.054295406488593
1666259427.922733784 7.196313690391053 69.398365851999500 0.025427595628919 -0.305466652368111 0.950987125691439 -0.013931093783440 0.046038415330577
1666259428.022992849 7.048666979293432 69.277659436490595 0.056998152150947 -0.318906739715854 0.945966105862076 -0.006021113804062 0.058398322856929
1666259428.123484373 6.909036690811304 69.158915963196009 0.064339091113855 -0.329644671446590 0.941680319391913 -0.002564799694200 0.067572098231023
1666259428.224920511 6.769602493509080 69.042668625545915 0.040861594049424 -0.320844704463063 0.944725005319540 0.004023283179821 0.067358393199803
1666259428.326271534 6.622526862224725 68.928111110309715 0.041791277378681 -0.309370504579925 0.948930185007875 -0.003530583414755 0.061716528237048
1666259428.425438881 6.474896209478166 68.810640593197121 0.074205280983164 -0.296815111808226 0.952755798983012 -0.004114599067600 0.064344750998238
1666259428.524866819 6.334773560204360 68.693284547387179 0.103678909608678 -0.286891043140665 0.955434171460810 0.002794604827317 0.069507291376638
1666259428.624541998 6.205467214503869 68.583049320439088 0.100313462002663 -0.273131777482365 0.959988687809124 0.002882451686101 0.061744982631123
1666259428.724095345 6.078348736357708 68.473732852692024 0.083173758685850 -0.297658067071716 0.953543186349813 -0.000918672987270 0.046413606980253
1666259428.822330475 5.945047538498724 68.361243245883571 0.103879624478686 -0.322917938386494 0.945858216091136 -0.013928229320720 0.029702601722738
1666259428.922174692 5.799673218470165 68.236226633755422 0.142422442783879 -0.353809918654235 0.934305627600764 -0.017316175074976 0.039895936838225
1666259429.023013830 5.661607243732840 68.110538722218763 0.160737261566573 -0.374810908442744 0.925703419485686 -0.018132073241267 0.047551971408198
1666259429.124135256 5.532956248145880 67.987370325267207 0.140338772924312 -0.375945258051109 0.925339673365768 -0.016359392884721 0.046303586347739
1666259429.224733353 5.401141365000981 67.869963594345251 0.135326187615574 -0.362888916337546 0.930769877933342 -0.023282089784499 0.037907954661004
1666259429.325319767 5.265320468081351 67.751126954856616 0.163921054823289 -0.347308054032930 0.936611652090165 -0.030179440265315 0.034999002243815
1666259429.425302744 5.131080335104921 67.633173876285852 0.197997789430030 -0.334613359085062 0.941076562505379 -0.023718294105723 0.042967964224345
1666259429.525098562 5.003285658527209 67.521830659171997 0.199710120264159 -0.329285821904932 0.942831150306509 -0.027674715922103 0.043294105865909
1666259429.624398232 4.879080600605424 67.408633538579608 0.175651598636791 -0.342103216162764 0.938397704789878 -0.031612744566381 0.037091394111888
1666259429.722952604 4.751262545114040 67.288942969206673 0.188889190817016 -0.366670755668126 0.929279790811061 -0.038341772869251 0.022837157904594
1666259429.822856426 4.613696586106030 67.158996947956396 0.222565436852818 -0.371235911499809 0.927374993657998 -0.037803743343098 0.027025842077223
1666259429.922860384 4.479960339339727 67.028276123078086 0.244673798706838 -0.391987440860265 0.918348066596542 -0.037546703522138 0.039660053464845
1666259430.024188519 4.353910070775392 66.897540832394853 0.224722358054465 -0.389492816749923 0.919335704202833 -0.035311333104711 0.043247178317906
1666259430.124852419 4.227142204198413 66.768774971681310 0.207356822186844 -0.373970213017768 0.925632676742661 -0.039882942863182 0.041949712635889
1666259430.225018978 4.102392232801698 66.638871526987515 0.229460005435038 -0.353946038987533 0.933780466812753 -0.041576481638077 0.032367228157368
1666259430.326998711 3.976189617332038 66.502997854381960 0.266261652153329 -0.325658929805133 0.944228557417437 -0.029201561066379 0.039063558809297
1666259430.425154448 3.858032089311564 66.381615615187059 0.280732013924243 -0.305413014857841 0.951229457635429 -0.020652269463553 0.038195458474239
1666259430.523645163 3.743873514634545 66.266191515950112 0.257203187619792 -0.306240561437836 0.951191315551329 -0.022598189121695 0.030677705233462
1666259430.622406006 3.625707221069584 66.151344285721549 0.249941881291624 -0.331303376497491 0.942850863753951 -0.031335631957022 0.016982332279288
1666259430.722547531 3.496595810693319 66.022391652502506 0.282924102059920 -0.355263621018374 0.934138163352818 -0.030057603714587 0.016437512210630
1666259430.823954105 3.370528698810538 65.888927775096406 0.311829239416714 -0.374309071587033 0.926295230448005 -0.030448874862714 0.030703924773973
1666259430.923445225 3.258219482129891 65.760722074018560 0.304937712406823 -0.387552236310934 0.920776010761100 -0.027967731806076 0.034534158667785
1666259431.024671078 3.147125626718148 65.636342599534260 0.276430608868012 -0.374039963843586 0.926831193813208 -0.020648752347882 0.025527879840453
1666259431.125090599 3.033896389840544 65.519410787620942 0.282764569586906 -0.365203270060061 0.930470447511392 -0.027673539071817 0.009246246840139
1666259431.225524902 2.914849527513697 65.400294605925083 0.314718072514221 -0.346741642151499 0.937556865660354 -0.025899941917421 0.009303239214892
1666259431.324801922 2.793157770046832 65.284966879797494 0.336606443652017 -0.344026185598884 0.938635457768852 -0.020740535791913 0.013389967005323
1666259431.424099684 2.673955473920883 65.174770950871562 0.314158768716095 -0.348048668872399 0.937028542010466 -0.026928446909623 0.010700200975985
1666259431.524683952 2.556052246767783 65.062136664945925 0.283899400700491 -0.371849623037356 0.927764163835307 -0.031325226157427 -0.000494323917329
1666259431.622898817 2.440956716273195 64.948646606800807 0.295892080148746 -0.396183466877507 0.917137393978153 -0.038795206712263 -0.019813961644112
1666259431.722244501 2.321177254215235 64.822268289014033 0.322683784539779 -0.420152116618733 0.906499684712699 -0.037537052271851 -0.017930148446597
1666259431.822831631 2.202607483926046 64.686425060059960 0.333919266337208 -0.438567743661505 0.898172386835049 -0.028043718701421 -0.012579649759941
1666259431.924153805 2.083851748009984 64.544860625598758 0.303607154539044 -0.427696401341964 0.903711180579879 -0.016530825670801 -0.010422196347004
1666259432.025188684 1.958526229595449 64.404082646477733 0.278726639267934 -0.391862195383766 0.919886156942437 -0.011164679318123 -0.011350243627918
1666259432.125574589 1.820357047376087 64.265156262406549 0.302916835135939 -0.364512558545777 0.931177043906945 -0.006282585846836 -0.000660816323078
1666259432.224769831 1.682000818794392 64.136434182413140 0.329712647129731 -0.345629653551390 0.938208402642562 0.001921610782387 0.017362119940813
1666259432.324214458 1.548218293526544 64.022506922167750 0.321583055409977 -0.335621396951056 0.941557663055586 -0.005323488373586 0.028268454529059
1666259432.422735453 1.425923972571657 63.917910341778445 0.290436604556407 -0.361660286008029 0.931652513967988 -0.021530656743920 0.027601839828048
1666259432.521673918 1.312845723105738 63.813246585319916 0.292659667278753 -0.390127890224301 0.919896615465745 -0.038656228241516 0.009805209938797
1666259432.622118473 1.204724036008826 63.693220694777558 0.321699814322147 -0.412056307391770 0.910005126255628 -0.045574336698135 0.004821779926852
1666259432.723875284 1.102718287843891 63.560557429550876 0.343221227572469 -0.431572104839106 0.901204502824950 -0.039268425776276 0.005826933141235
1666259432.823116541 1.004073077243099 63.424699128688601 0.323771421097112 -0.436733340547939 0.899057401787491 -0.030538003221758 0.005216119649017
1666259432.924727201 0.894541584247788 63.281893656560371 0.297360405479126 -0.423533709037377 0.905538875503515 -0.024201634478082 0.005729149104513
1666259433.024630785 0.778679874604128 63.138720222451624 0.310202300036982 -0.414522108502633 0.909658859092506 -0.025442507868247 0.006697792951818
1666259433.125241041 0.660892475015857 62.993000226961961 0.335479347092280 -0.392778152424004 0.919294196179541 -0.013026979298338 0.021302620950449
1666259433.224457741 0.546959023407522 62.858590658933075 0.340876368698484 -0.382115892984702 0.923531138755742 -0.008910650738020 0.031595575330273
1666259433.324451923 0.435914348721300 62.731044634424897 0.306827429923347 -0.391739298289200 0.919325541415430 -0.017095086855005 0.032994379559736
1666259433.422568321 0.328622995938173 62.602760612000004 0.291134244629796 -0.419335676939970 0.907143956901577 -0.025073857643979 0.024874347531083
1666259433.521883965 0.219029426180711 62.454841981702280 0.321107679367856 -0.437089321070237 0.898813491098596 -0.025159848051883 0.021312336134744
1666259433.621981144 0.118119827264498 62.295305199669386 0.348748723116563 -0.460588926534466 0.886731188102918 -0.021968682030258 0.032909235926551
1666259433.722617865 0.028798851506006 62.132272785051761 0.340702956468850 -0.484912337847577 0.873776277385186 -0.011784193067216 0.035159272970838
1666259433.825003147 -0.062433531413849 61.966543609876503 0.308623572228651 -0.476566382750502 0.878553810197528 -0.002136363036567 0.031986268498902
1666259433.925565243 -0.161316643651666 61.806829714829057 0.310491902664424 -0.456501523535683 0.889413115783027 -0.001982687464630 0.023382417179299
1666259434.025852442 -0.273398003737997 61.651025164256851 0.341462325871657 -0.416745149352418 0.908395743428810 0.011018248018737 0.031925726651851
1666259434.125251055 -0.392619589284482 61.509547701556841 0.363331834331339 -0.386904045144140 0.920910405867270 0.019305235275838 0.043088189883372
1666259434.224184513 -0.510913266770088 61.383099183061127 0.340449284853387 -0.373555310974540 0.926315083039207 0.012256248981579 0.047398111119360
1666259434.322514772 -0.626437620937731 61.260932850719783 0.313101598112391 -0.393230042881199 0.918326980106893 -0.002292268342019 0.045171190921346
1666259434.421640396 -0.742891980555625 61.129888195700573 0.331695703689823 -0.413140634867639 0.909468011759288 -0.026210315922664 0.038675195500540
1666259434.521003962 -0.852269416593879 60.981587883566952 0.366891633141516 -0.449637453148233 0.891367633265034 -0.030510935906186 0.048569392460589
1666259434.621954203 -0.948868693277158 60.829772777227625 0.378004846140743 -0.470263810505173 0.880266462899286 -0.031784199779057 0.054522174097705
1666259434.723021269 -1.035400646369464 60.677339723432510 0.343911994988577 -0.478099901050090 0.876541865951996 -0.025369852933502 0.049509720373067
1666259434.824458838 -1.126339410888474 60.523312783401089 0.328979557422805 -0.463043844877106 0.885177142007654 -0.022911844108380 0.039075214498994
1666259434.925745726 -1.230068311107830 60.365360351823412 0.359275956389140 -0.432243524726914 0.900777608948434 -0.012762160095809 0.040029511844208
1666259435.025689125 -1.340579187221308 60.213599689231891 0.391507473002386 -0.396603201050367 0.916520074354027 0.001838809509718 0.051898680159302
1666259435.125809193 -1.451290477688840 60.075669711100844 0.376030811646913 -0.375092758763528 0.925441581538504 0.008064562645182 0.052898622969037
1666259435.223689556 -1.557576927463929 59.948243453691219 0.340845214415968 -0.389607234849020 0.919699379560057 0.000485854926960 0.048569720352672
1666259435.321870089 -1.666309871004786 59.818110835689325 0.348686492808317 -0.403591144881635 0.914176028799313 -0.011536828680166 0.035542618443964
1666259435.421507597 -1.775698716554708 59.673063931703304 0.377861131294776 -0.417610040683772 0.907524370971069 -0.016088933900399 0.041743457207254
1666259435.521674633 -1.875500208479444 59.523706654979392 0.393966147789107 -0.435874339295868 0.898639070306575 -0.013478758104395 0.047746253694812
1666259435.622951746 -1.970480662563517 59.369377238187226 0.366037719822492 -0.436093448441558 0.898790919396113 -0.006700931909736 0.044186931880150
1666259435.723920345 -2.074604760529878 59.209538964792060 0.346406495448059 -0.422016059229149 0.905740562602154 -0.004118510619549 0.038980981004974
1666259435.825158358 -2.194964365537396 59.042019001568789 0.373332238404896 -0.409202024483994 0.911442890728179 -0.003208713555202 0.042605918093418
1666259435.925539494 -2.321247044706710 58.877623442316697 0.404301801102484 -0.383124722264390 0.921803592145855 0.016566157203321 0.056737528430031
1666259436.026652098 -2.446761016507349 58.728456884535944 0.398088470510866 -0.360465590312824 0.930309157486374 0.016789261961927 0.065631931102121
1666259436.126035690 -2.565942887413244 58.593398737049739 0.363941489744045 -0.374612155358881 0.924840501343970 0.007060387010071 0.065467022740280
1666259436.225565910 -2.687427218256775 58.455801790227071 0.369890504601059 -0.392472406365373 0.918132886592972 -0.006179256416636 0.054398801350475
1666259436.325729132 -2.806971664294604 58.302527535479285 0.404241847863184 -0.409797322214125 0.910214977262741 -0.008626276352982 0.059164492975122
1666259436.426133871 -2.912648553684092 58.148879010202734 0.426117956248127 -0.434550392069155 0.898350473677370 -0.008891977720423 0.063665657370420
1666259436.527222395 -3.006434450578195 57.995633718162438 0.402384754594267 -0.449847344383072 0.891410723579619 -0.005910809087814 0.054674957473098
1666259436.626933098 -3.101684507776169 57.842187674285654 0.385406602889132 -0.436231287229879 0.898763709854916 -0.006956672497162 0.043332004308119
1666259436.727246284 -3.206629623898745 57.685914511663000 0.407858882597543 -0.423223046026962 0.905551658204609 0.000065314794990 0.029299204230158
1666259436.827841759 -3.321818777616582 57.531995610027820 0.443118391260000 -0.386334671008018 0.921483626180883 0.016952227283894 0.036415252954940
1666259436.927620411 -3.440650910764770 57.392649803270878 0.443474872602562 -0.368392570239547 0.928629969604195 0.020150644005663 0.039079985815882
1666259437.025183678 -3.557999756967782 57.262917169677756 0.413731659418371 -0.382629128431052 0.923022456372653 0.009733448595482 0.039112083635701
1666259437.124172926 -3.680128305198123 57.125833984501483 0.418422357332742 -0.400013531660415 0.916046566147352 0.001169720464366 0.029094585273612
1666259437.224369526 -3.803862284947113 56.970715326472522 0.451505085976651 -0.411805172042528 0.910446064164663 -0.000096464165605 0.038787307469879
1666259437.324097633 -3.915869391256514 56.816803904331884 0.470564541378622 -0.433929710944351 0.899638740447196 0.001921096877134 0.048491772839565
1666259437.424576283 -4.017528866145304 56.665766941995138 0.448405983518143 -0.445651009124145 0.893985878905134 0.004122492682746 0.046555681059645
1666259437.525899172 -4.121663114447278 56.514653031091491 0.434726578366179 -0.439716403578774 0.897298668010519 -0.002298073866919 0.038720842795576
1666259437.627098560 -4.234002360966726 56.362868019953972 0.461644480840170 -0.421356570807511 0.906171378519184 -0.005300642438966 0.035832613353063
1666259437.727377176 -4.355173723075461 56.215828232726267 0.495913766834508 -0.403755759679884 0.913649006988242 -0.001098091220809 0.047175976411629
1666259437.827456236 -4.475735062717439 56.081044936192562 0.492355624970387 -0.395849312226960 0.916903274127987 -0.008516803455130 0.050191353455812
1666259437.926736593 -4.590338454862646 55.951647178948463 0.462006988900570 -0.411893807554932 0.909949861373220 -0.020133885482980 0.043924568752778
1666259438.026668310 -4.706457470053667 55.815160800470210 0.468796701154770 -0.425461544404165 0.903813889178949 -0.034122965819862 0.030635782413738
1666259438.126914263 -4.825312890395362 55.661092132789889 0.501006624441791 -0.438577804827177 0.897457377359175 -0.029110775261987 0.037044941627862
1666259438.226435184 -4.936190166979559 55.508661427193736 0.519424074118558 -0.448945537898151 0.892097992611662 -0.023080962756433 0.045566925920214
1666259438.327076435 -5.040079075038340 55.359645402975175 0.494734690702953 -0.446644452765474 0.893570483749694 -0.016323899237683 0.042119516840147
1666259438.427486897 -5.149022733721285 55.215351728188054 0.475728710752507 -0.427764093352677 0.903038882279037 -0.016842160900673 0.035425967122800
1666259438.527003288 -5.269871601490318 55.069053309312778 0.508835892644451 -0.421592070766061 0.905815745956178 -0.018009195669724 0.037863295107090
1666259438.627043486 -5.394573499125087 54.928995571183236 0.547172329431142 -0.400848677268982 0.914821065986067 -0.011250830309255 0.047918409585212
1666259438.728066444 -5.517866800712395 54.802104611934872 0.542253754346425 -0.384851666176430 0.921594400105116 -0.013694509686125 0.048635554284636
1666259438.825797319 -5.636064687818341 54.684922808305181 0.509431888734153 -0.396315033467195 0.916899100671468 -0.023370888085777 0.041039432571993
1666259438.925353765 -5.760329796550521 54.557066741614200 0.517887321794810 -0.414480137740394 0.908814387320369 -0.038963060915580 0.027285613467449
1666259439.025827408 -5.889709236118207 54.409152840580070 0.552569089800568 -0.418656662284743 0.907054698708535 -0.033377759577144 0.029398942854790
1666259439.126943588 -6.013811547199254 54.251850524186068 0.575421029387041 -0.430730486887063 0.901265941821692 -0.022842350119150 0.040855560445621
1666259439.227738619 -6.129442889715434 54.092889180777448 0.556856413998040 -0.430143859759644 0.901671052641661 -0.010064381610271 0.043177319995085
1666259439.328976393 -6.249939488891950 53.933871273024124 0.539145469217058 -0.415381735752020 0.908824130834451 0.001357583871727 0.038663545914397
1666259439.429431915 -6.379120617104261 53.774685372665054 0.566434958564533 -0.403503819930609 0.914078192211714 0.001278547762824 0.040547393750892
1666259439.529797316 -6.514112852002205 53.619525510198926 0.601824202382894 -0.380554530295894 0.922822411920305 0.016290361639081 0.057547108064010
1666259439.629025459 -6.641232552262903 53.481261830600609 0.609309927904719 -0.374244651589175 0.924854827850500 0.015509757993302 0.065908539397469
1666259439.728084087 -6.756982878480654 53.352363315158406 0.582176385907980 -0.386901112912784 0.919939237615060 0.006460038931456 0.063068183897082
1666259439.827017069 -6.870727575611162 53.216047397675347 0.589025047338636 -0.406411967614603 0.912477313953407 0.001708919323445 0.047027052796742
1666259439.927007675 -6.988310937596957 53.062787471486239 0.627819898285359 -0.412502170819508 0.909568748009259 0.001662820575966 0.050238299551193
1666259440.026890755 -7.097460656694378 52.913153231979329 0.658972092022882 -0.431105235001623 0.900309415235037 0.006369995333138 0.059587384174806
1666259440.126591206 -7.193998567235838 52.774139855302273 0.647435174604928 -0.437373600318895 0.897395495469592 0.003857700423173 0.058058389595457
1666259440.227361202 -7.297778162878799 52.639598721233753 0.626377876435501 -0.424834344149631 0.903975130174844 0.002569194102179 0.048354351386325
1666259440.327304602 -7.412376700012833 52.506149755215333 0.648614649816977 -0.414763478133833 0.908852727660241 -0.015567059657586 0.041420324533753
1666259440.427420616 -7.532298485228136 52.368810436169760 0.680886564818210 -0.390144815321443 0.919147857516437 -0.015738819887777 0.052024308253756
1666259440.526732206 -7.648028410438046 52.232478782362037 0.693266034294987 -0.385536163496256 0.920592197498316 -0.018528442358076 0.059401762310509
1666259440.626147509 -7.752908469429937 52.092690869614678 0.668298184563521 -0.389084327370963 0.919251602943360 -0.021509053512578 0.055921706852901
1666259440.725543499 -7.853836228735979 51.946490245941547 0.659838965415770 -0.406524264778473 0.912236269656281 -0.027092861615530 0.042766661307577
1666259440.825138092 -7.959737715354034 51.795050085681268 0.687260365869197 -0.421102246476692 0.905772952578475 -0.034162914139056 0.032880871142381
1666259440.925250769 -8.069893420813861 51.638506231543879 0.722623557419573 -0.443346858119554 0.894990264244631 -0.027397762133613 0.041053050226693
1666259441.026276112 -8.176242208668501 51.486982858778063 0.726543470069668 -0.444433539193404 0.894187595210726 -0.029111628946583 0.045385976593655
1666259441.126810074 -8.285092624074434 51.342467144411863 0.701925534962081 -0.435775273582731 0.898584362771950 -0.030204475189213 0.041638246771074
1666259441.227725983 -8.402744671412073 51.199695935989709 0.710534870067312 -0.424614795532691 0.903757931985674 -0.040768723358817 0.035521641057277
1666259441.327157259 -8.523078939643502 51.052196439017635 0.744301307386307 -0.408862698910341 0.910551222586884 -0.038642124328365 0.047271034605488
1666259441.427105188 -8.641511191433613 50.906228207855158 0.771773903031151 -0.392553609928085 0.917312181340916 -0.032587452257580 0.058121280537853
1666259441.526176691 -8.748957908994289 50.768361653185899 0.761116258210138 -0.383242738540029 0.921488095406066 -0.029200045550285 0.055964727472774
1666259441.624887466 -8.852675187481665 50.636088936899561 0.752249328548611 -0.404611281544305 0.912831676034336 -0.033398840642807 0.043732819702551
1666259441.724584818 -8.958714695630416 50.502830135029519 0.780782135240153 -0.419172928373346 0.906535919268998 -0.042060259186207 0.026788389111984
1666259441.825300217 -9.068353801820125 50.361605947729281 0.815364150093551 -0.436615414362058 0.898020190489347 -0.042598376767354 0.033348099071935
1666259441.925817013 -9.172433496782123 50.221965793532071 0.824892232177600 -0.447302666580952 0.892616340477779 -0.039365154321771 0.040084633051228
1666259442.026669264 -9.274152455233434 50.081566850626615 0.798370975496541 -0.439592862514612 0.896693813599588 -0.032503288995045 0.040519823333046
1666259442.127536297 -9.382515581983460 49.937642217973774 0.789433236917905 -0.431545928021175 0.900521430461017 -0.037110974391231 0.038105654022996
1666259442.228317499 -9.496272268630424 49.783119613567685 0.821876744186799 -0.427831932166238 0.901805015505146 -0.035620052331628 0.049383840480056
1666259442.328256130 -9.600773270190286 49.633223420680444 0.850837691757086 -0.410964612717353 0.909355271681289 -0.026272015239137 0.059083484788900
1666259442.427491903 -9.695472433531117 49.492353667812473 0.845873666761055 -0.407940074729421 0.910982720095565 -0.022271335574441 0.056562944838219
1666259442.526265860 -9.784553734468769 49.355476259368892 0.830443358465674 -0.428818216354056 0.901986074092430 -0.026022584897722 0.043114783328847
1666259442.625969887 -9.875359968434401 49.210521945961126 0.853200015846708 -0.448867574689061 0.892674609967400 -0.032026734809870 0.024984582640691
1666259442.725128412 -9.966121982103928 49.053446214113585 0.895290304259151 -0.467946427434885 0.882940866403753 -0.023568745223509 0.029767125049403
1666259442.825084686 -10.050201653431206 48.897684973717510 0.915113704419727 -0.481492175874371 0.875456515664395 -0.020138471587872 0.036546076596893
1666259442.925759554 -10.130930967394324 48.744740664572049 0.894489113278308 -0.485178817865239 0.873570489021800 -0.013619363778235 0.035925316079041
1666259443.026636124 -10.218347680020123 48.595052468122446 0.881385510266277 -0.485439364699659 0.873457776383300 -0.021229066076461 0.031136198050707
1666259443.126562357 -10.307449889943594 48.444831066548495 0.909996285454175 -0.483844843470574 0.874242624892154 -0.029793636658215 0.026577048054490
1666259443.226588249 -10.392786523579812 48.292800344383146 0.943603081636674 -0.475999447867514 0.878293183332709 -0.027859943932617 0.035347323310117
1666259443.326511860 -10.472185774265741 48.146441427219145 0.951214310121713 -0.473676158392636 0.879644142050230 -0.027547411516712 0.033139409256008
1666259443.425919533 -10.546570458236712 48.004726524531989 0.926417030205226 -0.480950481164681 0.876030619783361 -0.026528930523906 0.023520283048900
1666259443.525450468 -10.626580783173523 47.858922588318883 0.935817942125731 -0.496194063377905 0.867308968643640 -0.038068779348717 0.010833855164637
1666259443.625017643 -10.712155023200699 47.698901703157254 0.976528692464259 -0.505293837427019 0.862220133311524 -0.034423264302543 0.008343766852696
1666259443.724908829 -10.792030176284491 47.533986484105910 1.006170292045838 -0.520675607220657 0.853098712948375 -0.028126805238899 0.018121281364190
1666259443.825258970 -10.861882790450576 47.366652218250145 1.000372777069271 -0.530641898897040 0.846916632862626 -0.023948299390671 0.024038949059211
1666259443.927123308 -10.934139436638725 47.193708975325009 0.978954779158579 -0.519951716275966 0.853538084987800 -0.017541814386816 0.028552319784145
1666259444.026860476 -11.006932368485673 47.023164711854086 0.996082485705300 -0.521430780587735 0.852463613692920 -0.024958419203358 0.028156805503154
1666259444.127127171 -11.073751240634095 46.848525519790989 1.029710656707144 -0.505586261008016 0.861791206289693 -0.018371340014096 0.036890965123941
1666259444.226576090 -11.134596693847516 46.678395757882022 1.053075227527560 -0.503733684119877 0.862807779706974 -0.005950088027702 0.042186576213294
1666259444.326234341 -11.188119502274787 46.512989295686921 1.036603838905479 -0.511536737030912 0.858327088809937 -0.002367669406133 0.039989616457384
1666259444.426250696 -11.241107455551957 46.346630077647511 1.032566224239725 -0.527164466942697 0.849337712360202 -0.000621237915411 0.026882879667431
1666259444.525669336 -11.298999540619988 46.176958634498320 1.067971462167899 -0.543328407212124 0.839256974645558 -0.010346302312262 0.018300995972499
1666259444.624781847 -11.358312449630107 46.003190465955861 1.100988655249008 -0.567421123439961 0.822955778385902 -0.008408536002702 0.026577283865717
1666259444.725213528 -11.413838186784824 45.831249649555787 1.105449623732578 -0.584775292930399 0.810423467671109 -0.009851591823160 0.033979493295955
1666259444.825905800 -11.469804225127927 45.658493061396406 1.081635858224556 -0.585561052648808 0.809665794664139 -0.011895963616063 0.037656880133018
1666259444.926864147 -11.529796443714449 45.478929213872469 1.088044802906485 -0.580338424607090 0.813047609373706 -0.023080962971937 0.040350550982006
1666259445.027908564 -11.585774966690131 45.293122541138850 1.121807754607007 -0.562159577091892 0.825361302382032 -0.014047392510196 0.050576686108977
1666259445.126940966 -11.633957670428984 45.118442091030261 1.151379723900174 -0.553207046480050 0.830966997501381 -0.002490594802273 0.058733378294544
1666259445.226899147 -11.674539582819678 44.956872553296918 1.143148476805691 -0.541606291090717 0.838945421799385 0.002838080752761 0.053152140036410
1666259445.326539755 -11.714035848920169 44.800583576841234 1.128488921161978 -0.557603979397166 0.828982494622025 -0.007421598438154 0.042552857099280
1666259445.425366879 -11.759412552101105 44.638555926266591 1.154615248936365 -0.571278226829493 0.819955557158428 -0.023782440672104 0.027358131355054
1666259445.525449991 -11.808509733138493 44.459505402799095 1.189823772727508 -0.587373526057546 0.808210610270707 -0.021954486976605 0.036137941753379
1666259445.626001596 -11.852727188604675 44.279320444975973 1.206818281326579 -0.604339603717941 0.795076003542615 -0.018379686179337 0.047853726131782
1666259445.726687670 -11.892492834327831 44.099658148361350 1.186983344040390 -0.599845573459978 0.798433260006748 -0.011819339697353 0.050496737761816
1666259445.827324867 -11.937532978186766 43.917136308422869 1.183063092776149 -0.595053266624353 0.801936090978494 -0.013480082206706 0.051267955386571
1666259445.927835464 -11.981664162529146 43.738372381111525 1.211135449918821 -0.578539845845607 0.813849327300280 -0.018665744350607 0.050916688911009
1666259446.030206919 -12.022853310615831 43.559760601694805 1.245388902917147 -0.566506818173211 0.822099500846798 -0.006450464382922 0.056398822505037
1666259446.126739502 -12.055062227287587 43.398785419101479 1.248540807601896 -0.563165673215236 0.824484897655541 -0.005505071171582 0.055125060012280
1666259446.225872278 -12.082702585639771 43.230870914307047 1.230406241756904 -0.574245526073787 0.817279348350794 -0.004669685839965 0.047694198574843
1666259446.324556112 -12.113090217820664 43.051889547483590 1.248739117539700 -0.593521486441343 0.803898798189956 -0.010268952720974 0.037060976932847
1666259446.424022436 -12.147684682084323 42.855331314478406 1.289522091067288 -0.607620088100053 0.793136471630886 0.001220043712199 0.041603814723330
1666259446.524239302 -12.182678304312452 42.662921465163905 1.312824433808345 -0.623158201395593 0.779956496229865 0.008746566433472 0.057142082547514
1666259446.624383688 -12.214736553127809 42.481960052326166 1.298812101294845 -0.635655258239076 0.769448320441514 0.013048122294882 0.061003453568837
1666259446.724979401 -12.253089553372925 42.304205896732086 1.284662335478860 -0.631788875404405 0.772800445498244 0.007361869008813 0.059733501803014
1666259446.826015949 -12.294770472152099 42.126866434945605 1.308241764527421 -0.621837950265493 0.781363653571090 -0.006463521146943 0.052408275892558
1666259446.927465677 -12.334304085907302 41.947215057837141 1.341411286649575 -0.600318183591136 0.797729833317904 0.002938019689690 0.056890768361230
1666259447.026090860 -12.372259872327206 41.776553690028095 1.358617929958301 -0.587747953235021 0.806871818859268 0.006660394451668 0.058871474794923
1666259447.125432253 -12.408600392153861 41.609146675751397 1.336941776601748 -0.583748398686455 0.810005589011553 0.003291047924858 0.055838354243320
1666259447.224178314 -12.447386360933425 41.436868241121196 1.336762405085896 -0.606517078085799 0.793458526311245 -0.007418160092737 0.050055688139209
1666259447.324124813 -12.487119275648505 41.248586908030454 1.376009330484617 -0.614347346922049 0.787309667127184 -0.008152744260348 0.051520463302914
1666259447.424310207 -12.521178637115723 41.063385535980373 1.409969694178820 -0.629377383331806 0.774616926949531 -0.002520824700948 0.062019120249329
1666259447.524582624 -12.546293891265929 40.888522165045984 1.406907082336654 -0.635419176980251 0.769463733711011 -0.001145425261079 0.064550135787792
1666259447.625376225 -12.573717102054879 40.713799008676560 1.388860817901865 -0.628010757889299 0.775711462030229 -0.002518905452001 0.062192208238304
1666259447.725671291 -12.603651461206887 40.538204918778298 1.405705975551738 -0.620721966633581 0.782026685353277 -0.013035384491009 0.054484697714844
1666259447.826360226 -12.629836075174813 40.357503657682521 1.441389409279300 -0.592581813475775 0.803477418758554 -0.004633611072771 0.057003171238787
1666259447.927619457 -12.657348522054107 40.181721057184291 1.466733119704484 -0.580894266731892 0.811863799496290 0.003026851293228 0.058565007613027
1666259448.025477409 -12.679132860353509 40.020136621389057 1.451269710003693 -0.579686101729125 0.813217326381555 0.002149888611359 0.051351548310487
1666259448.124949217 -12.701087907303609 39.852913128946696 1.442738030804149 -0.599813241526667 0.799082986013468 -0.006885879334275 0.040534447311703
1666259448.223272324 -12.725182714035613 39.670912406444337 1.479955553907210 -0.612300213090237 0.789608299168260 -0.011678632654670 0.038350912291313
1666259448.325614214 -12.749824861345672 39.478065148905991 1.519119138044062 -0.623832294889745 0.780017080889785 -0.000729918625560 0.049051896921250
1666259448.424659729 -12.767657939275047 39.301698159778866 1.521180624657557 -0.638107524847066 0.767843830432612 0.002068200826900 0.056836267870660
1666259448.525049925 -12.788692652792035 39.129316853085406 1.498853733859163 -0.636113844989318 0.769463729282928 0.001524030781115 0.057292432843202
1666259448.625442028 -12.818063208141073 38.956476074739086 1.509665004153387 -0.633112060407429 0.771968016960122 -0.014847206784783 0.054900457265909
1666259448.726864100 -12.845230236655485 38.780070541049511 1.547630713425066 -0.614359763694761 0.786866392339314 -0.015415264377489 0.056264829014242
1666259448.827316046 -12.870438344488106 38.610576886692797 1.581781959001096 -0.601450519439775 0.796777441206117 -0.007062199346003 0.057906020335159
1666259448.928863764 -12.895413034282241 38.451245377281936 1.574997330426620 -0.584326484945275 0.810165012847340 -0.005144907010070 0.046569742123264
1666259449.027853966 -12.924227533185643 38.295451202982427 1.558954003316011 -0.597455811361730 0.800935163383521 -0.013360478341556 0.037025871284743
1666259449.127896547 -12.961822054433588 38.124056452683611 1.587525094655601 -0.611712767987121 0.790247728509264 -0.024671409970874 0.026595837973883
1666259449.228073835 -13.001499419474953 37.934917822038990 1.621975444049443 -0.629077698491903 0.776201437008746 -0.018226223830650 0.037952380828654
1666259449.328576088 -13.038481111943351 37.744711748104720 1.633843863791357 -0.645388128133636 0.761835620557491 -0.012410371455429 0.054098373305315
1666259449.429296255 -13.071204547768598 37.556144101273318 1.612720322161266 -0.647292647743587 0.759702172870260 -0.004503861989664 0.062004450973145
1666259449.529739141 -13.107838362881784 37.366474409313795 1.609082200655528 -0.643255725222415 0.762920610684941 -0.002600706761356 0.064555790484226
1666259449.630453825 -13.138857931784031 37.179314495661039 1.632697657961085 -0.624337836073885 0.778775574640910 0.000155569518463 0.060916718455810
1666259449.730588436 -13.167517391268756 36.993143891290906 1.666066399955270 -0.603268973214074 0.794717786051699 0.024033315808638 0.062550669233554
1666259449.829787970 -13.195796630606694 36.820041867182454 1.674250815165103 -0.593396373818742 0.801986435603137 0.031937746463669 0.060650482258317
1666259449.928194046 -13.222132338275838 36.655053989493787 1.652746427777874 -0.603858614217482 0.794772067604350 0.028932471480991 0.053432636892170
1666259450.026880503 -13.252182868507173 36.485775722188677 1.661842280151321 -0.628515115392374 0.776409713906353 0.017288835955193 0.043102227627818
1666259450.126747847 -13.284842188842994 36.305911151271999 1.696665450459658 -0.641324703205076 0.765721828235064 0.013110774213016 0.046912838571200
1666259450.226777315 -13.314493981626457 36.130457462233352 1.725587341167743 -0.659609386535522 0.749304291388025 0.010229854825714 0.057912746196039
1666259450.327907801 -13.339773903122540 35.961053977721157 1.719707114234598 -0.667202678169288 0.742603393293866 0.008704342775299 0.057489311432774
1666259450.428988218 -13.369734491151002 35.787883400362333 1.706705668742453 -0.656960591045057 0.751857877115456 -0.000090395423966 0.055789840130952
1666259450.529419661 -13.403166913099836 35.604879561793915 1.735137632221986 -0.640776566685147 0.765409659221505 -0.006194891689974 0.059288012907878
1666259450.629382849 -13.433549934187010 35.421892146582849 1.777537567624694 -0.620220656429801 0.781378417173297 0.009118201534759 0.068490619170161
1666259450.729409933 -13.459414443269974 35.255540782945964 1.799298894261896 -0.600252323253998 0.796952818285836 0.017034663153370 0.065369519699107
1666259450.828173876 -13.478461922433297 35.108223506010582 1.788610171557448 -0.595298975998436 0.801692757462986 0.010907966097861 0.052809734729642
1666259450.926463366 -13.498230359460971 34.963616372918153 1.799410427199968 -0.615587852069780 0.787316412384648 -0.006835235166285 0.033730442245889
1666259451.025995255 -13.517429878790029 34.803613579381903 1.841025775410545 -0.627063975690862 0.778449466726307 -0.017873801827812 0.022084504805810
1666259451.126318216 -13.527390262135418 34.635046479286551 1.880264687439781 -0.645180623608104 0.763476283638772 -0.015024305344436 0.024903764589016
1666259451.226938009 -13.527790487851430 34.466172376834642 1.879907464965150 -0.653886681131949 0.756313146419737 -0.007725405322045 0.019051270391566
1666259451.330036402 -13.531536051902927 34.286501376058979 1.854667420535537 -0.646871233441199 0.762440897679384 -0.000078206531003 0.015539587377283
1666259451.429116726 -13.546196043131648 34.108579926849110 1.869072696081223 -0.642449144335670 0.766172298134578 -0.005573025466442 0.014423865664090
1666259451.530245066 -13.562202754108062 33.931309627499346 1.897656919393012 -0.627515939644054 0.778358471628699 -0.001297588928745 0.019497471616813
1666259451.629952669 -13.575873052206708 33.766797146565729 1.919418097351310 -0.626080258389497 0.779317114600874 -0.000758841384273 0.026225352330582
1666259451.729268074 -13.582176725574625 33.611722807432301 1.907005527629598 -0.631036195196508 0.775375888441435 -0.007435444037484 0.023027508496054
1666259451.828611135 -13.580435223185468 33.453694952472830 1.894836604423274 -0.644285466180971 0.764617354514348 -0.012323178785197 0.010231251540066
1666259451.928261518 -13.576339820554598 33.281146005394270 1.926009466047020 -0.649934427641779 0.759832018294390 -0.015484253285398 -0.000884104529864
1666259452.027243614 -13.575369160227043 33.101804010211019 1.960318642423206 -0.664348943344539 0.747366850501102 -0.006115211683426 0.006773214534033
1666259452.126556635 -13.579464196294982 32.930945276297074 1.969590359313037 -0.684863455334638 0.728501592948186 -0.002980072603990 0.015446546097147
1666259452.226698875 -13.587465125565053 32.766121625950909 1.947275775428439 -0.689194486795846 0.724186321184210 -0.010288312028253 0.021430870619286
1666259452.327150822 -13.598925960581608 32.600703959665466 1.941110031914195 -0.682261911783150 0.730436520175953 -0.024059239428205 0.020058083691685
1666259452.428351164 -13.610863006792197 32.428881669187462 1.965992861059844 -0.657380460814192 0.752650477356769 -0.029678285562269 0.022076866635306
1666259452.528213263 -13.627191088642910 32.255422488678995 1.993732815156124 -0.639305413759992 0.768177147662879 -0.016099953624110 0.030549128285297
1666259452.628507853 -13.650863537506106 32.088641739245325 1.986936405710421 -0.631220206118877 0.774154521001086 -0.020840158420153 0.042561917224730
1666259452.727571487 -13.674097648568599 31.929234527326546 1.956188436799617 -0.641142053964114 0.765375449979084 -0.030315918569028 0.047098113436830
1666259452.827681541 -13.695301770784173 31.764900414983163 1.961320046977436 -0.645900273690411 0.761164901936448 -0.042155062445574 0.040789449823933
1666259452.927713871 -13.709174816819498 31.588966574999549 1.993574582102914 -0.645888259285412 0.761519733597671 -0.034543795312478 0.041506361729276
1666259453.028470993 -13.716449629273994 31.416036212966741 2.012413719804177 -0.647075666237617 0.760852868073773 -0.021275504803532 0.044083423215672
1666259453.128417969 -13.721173044826759 31.251380744053591 1.998340965355838 -0.649651869329146 0.758659967572969 -0.018832529325353 0.045087006094190
1666259453.228468418 -13.731372633595582 31.090270066890081 1.974047444026327 -0.644724731710924 0.762948700165878 -0.023945988941512 0.040815326154375
1666259453.328943014 -13.743867179840633 30.927564883718397 1.987187883733112 -0.639981856120230 0.766541465310747 -0.039562660458316 0.035667936492302
1666259453.429181099 -13.752630794292212 30.757734499326446 2.019614600244271 -0.623832427420985 0.780228427475306 -0.029470807948255 0.034758810916507
1666259453.528499365 -13.759019569343755 30.589317163925930 2.038630372760116 -0.617821393675019 0.785221728510013 -0.021403982012010 0.035572913111429
1666259453.627757072 -13.759671160677595 30.427655693702860 2.019563740646545 -0.628117155099631 0.777207792598185 -0.021523101356966 0.030881105909285
1666259453.728017569 -13.757160700458185 30.269690469458759 2.001428725494835 -0.641362763361446 0.766831767931863 -0.021651212770082 0.012412511810556
1666259453.827374458 -13.757275309222923 30.108023211632570 2.023069419906361 -0.651149197331826 0.758547363709656 -0.024365009748422 -0.004118995412499
1666259453.927707672 -13.761011041939097 29.937124452150730 2.051260416977473 -0.665246526746656 0.746478230042139 -0.014670002547826 -0.001449741325767
1666259454.028323174 -13.767486110812536 29.768210546159100 2.050052220084676 -0.679634780987131 0.733523907379802 -0.006202370669147 -0.000878847498523
1666259454.128663063 -13.773854377863914 29.600979875409806 2.016963778662345 -0.679550625951951 0.733615458112592 -0.003517577202958 -0.002633066118580
1666259454.229386568 -13.785445032047493 29.432261634439769 2.007697226455003 -0.661412208802293 0.749906786986069 -0.007844161516781 -0.010591034397086
1666259454.329029560 -13.800167310016031 29.263523583927640 2.027479340426492 -0.646851993440855 0.762474598817166 -0.007246960210611 -0.012746227202597
1666259454.428179026 -13.820502983082701 29.094965992572703 2.052325816750551 -0.626645974757554 0.779268504274610 0.002614627429960 -0.006970243121256
1666259454.527762413 -13.843888930262876 28.930123273988421 2.040825078959734 -0.630689060803233 0.776030096099326 -0.002924710190931 -0.000211190686830
1666259454.627014160 -13.862528807859862 28.766647916717027 2.003158195461672 -0.652084035240825 0.758077567439609 -0.010182803122566 0.001059834635929
1666259454.727141619 -13.875817851877422 28.597364047178104 2.004040017627757 -0.658665889294240 0.752188052371863 -0.016830977934845 -0.009439191226457
1666259454.825160980 -13.884033151557420 28.419921406115780 2.029394003892832 -0.674672534079661 0.738006480073297 -0.011516251928957 -0.005548249260797
1666259454.925246239 -13.891391903414140 28.240810058848812 2.041890665126917 -0.695502444947651 0.718491387949797 -0.005358343429349 0.004214578212344
1666259455.026561737 -13.898793031164409 28.066685119931172 2.015571304742166 -0.701360443441553 0.712695177283418 -0.008623787803502 0.009205592666687
1666259455.126980305 -13.907942707914664 27.897441018830154 1.984159340335947 -0.693909456439154 0.719793868481940 -0.018144343978078 0.007565443921361
1666259455.227599859 -13.918985897309097 27.723947905295564 1.991323298406125 -0.677955350840121 0.734669969647381 -0.024429122990610 0.006308400389591
1666259455.328723907 -13.933604433793555 27.544487638283002 2.020795732910627 -0.651382190971765 0.758588148253240 -0.008297472303781 0.013282114587311
1666259455.427342892 -13.955173798897190 27.376561061030952 2.021522444907376 -0.635051235107950 0.772181751969196 -0.003584628969323 0.020794738488444
1666259455.526681662 -13.978152685910233 27.216230245137368 1.982972624537749 -0.645861091457755 0.763017336401323 -0.010728032411238 0.023513915297358
1666259455.625693083 -13.997971871124369 27.059878336008918 1.969283640483784 -0.661870608071879 0.749023382192586 -0.025931083441705 0.014793580056193
1666259455.724922180 -14.009338763369453 26.893837758854566 1.995896882767733 -0.677395088960052 0.734725786398575 -0.034734999026823 0.010363015796882
1666259455.824795008 -14.009320417791239 26.721309872212295 2.022992670226688 -0.697050074917301 0.716168788435525 -0.031961224842392 0.014210546616883
1666259455.924863100 -14.001560753813804 26.549035640738545 2.011371221455679 -0.706629170417536 0.707076347193520 -0.024796641006471 0.010167661938279
1666259456.026136637 -13.996626728137521 26.373256735006326 1.974600290131078 -0.704068921884521 0.709786035815648 -0.021010875798126 0.007019949834011
1666259456.125871658 -14.003638506316817 26.198582217976320 1.974258905742220 -0.696471671241831 0.717072506845652 -0.026579936648936 0.005266692647450
1666259456.226488113 -14.022944797377095 26.020668323492998 2.001695953998003 -0.672287384457086 0.739942941763268 -0.017828555007404 0.014009220567879
1666259456.326585770 -14.051931144004929 25.847003101086017 2.013281625455545 -0.652853064884912 0.757072332532114 -0.011325278036812 0.022273236454337
1666259456.425923347 -14.080497615957729 25.678789303057034 1.979632107821259 -0.650884946954924 0.758380787203354 -0.017309290381428 0.030128987616540
1666259456.525089264 -14.103120612811519 25.507978677583377 1.952351643365228 -0.662709059949788 0.748097769780190 -0.021242279723038 0.026743116171127
1666259456.624982595 -14.116105801698755 25.320120531613377 1.976061830352084 -0.670953989606376 0.740886841755187 -0.016578810354765 0.025151035615499
1666259456.724917889 -14.119110635078677 25.130003149451500 2.002063073378511 -0.681213752650112 0.731225654492979 -0.003679884433524 0.035260797810356
1666259456.824801683 -14.112987789699734 24.950822799341143 1.994841639112901 -0.698619440835678 0.714414567115293 0.006291209049242 0.038770141457209
1666259456.926244974 -14.109731857082183 24.776419886503877 1.959901445145714 -0.695799267164697 0.717312022182072 0.007224160629801 0.035702298936247
1666259457.026384830 -14.116439094673130 24.608751795664411 1.949160527678764 -0.693259639929714 0.719988306975637 -0.008705451205252 0.030530715389470
1666259457.127161026 -14.132937516454371 24.439742067480957 1.969760429500454 -0.675514356480239 0.736421531208389 -0.013931142761232 0.034199500334749
1666259457.227018595 -14.155972086595000 24.274720937187084 1.995867033772642 -0.664007572264260 0.746540415946360 -0.014912734790803 0.039356850425534
1666259457.326812267 -14.176376145004435 24.118591886958946 1.976835035895157 -0.657456991578487 0.751799191570212 -0.028389230352157 0.041741243140969
1666259457.425571442 -14.188639405832495 23.963106270126126 1.941734088386690 -0.670469972885810 0.740198818726982 -0.037059286765424 0.034674680649140
1666259457.525659323 -14.197591040715974 23.798289285908869 1.953740093037960 -0.679855483287726 0.731599793055545 -0.046257716309780 0.020456987229298
1666259457.626072884 -14.200711473974502 23.620572400771213 1.983770443087505 -0.689925791263151 0.722579263862770 -0.037282920277739 0.022171915591944
1666259457.725769520 -14.199208375123179 23.444970171217715 1.992296156560063 -0.697393301775398 0.715564080246406 -0.029944904973189 0.026719512833692
1666259457.826395750 -14.197784419848862 23.269031124664995 1.959403499062746 -0.692708343721695 0.720546488219698 -0.020927641774796 0.023020483538662
1666259457.927200794 -14.207066798552242 23.091109804626505 1.935762429432854 -0.675880015089286 0.736407338145650 -0.020861918021298 0.021335836159342
1666259458.027430534 -14.227702582525984 22.912653389942172 1.952791273824479 -0.659248849757652 0.751275305500705 -0.021254326778091 0.022904650864944
1666259458.126944065 -14.256884676658833 22.740823975684531 1.977987257238336 -0.635718834242963 0.770975870114744 -0.015399601959749 0.034937426194036
1666259458.226038694 -14.290230460719854 22.581365326296272 1.970703569357987 -0.629289405710603 0.775815167222010 -0.019997087198699 0.041301170349614
1666259458.324290276 -14.317921546398400 22.427230241793467 1.932582297106494 -0.643609589916201 0.763412112940332 -0.034133648313835 0.042468054307502
1666259458.424002409 -14.335701169579352 22.261599165584446 1.928751750690051 -0.657698567218850 0.751522698377519 -0.040980998107694 0.031093187288250
1666259458.526608706 -14.339084535878751 22.068760520020678 1.962608357583662 -0.668322824329389 0.742874260702569 -0.024936930704446 0.029335724859663
1666259458.626246929 -14.332786258141351 21.879142231134306 1.980359222060506 -0.680177484496092 0.731914932818007 -0.006673781798540 0.040181853355542
1666259458.726733923 -14.325075715500205 21.692796691563490 1.954825390156254 -0.684535698592283 0.727747506504883 0.012615162211856 0.040438865106094
1666259458.827187300 -14.325988915466638 21.507733372119912 1.923716373724289 -0.680848216469828 0.730938507063782 0.020885731129652 0.041694019432100
1666259458.926934719 -14.337166603840707 21.323812785954527 1.934785208734864 -0.679498871004321 0.732008850035946 0.015968307595933 0.046790393516485
1666259459.027138710 -14.354903365596934 21.141671595355948 1.960578000986923 -0.665456363832554 0.743748346380574 0.024332720522420 0.058430675187736
1666259459.127593994 -14.374701443046240 20.973420233414849 1.969543631254968 -0.659148270579553 0.748850167528491 0.025354951134247 0.064063331458140
1666259459.225723267 -14.388422848232814 20.824041662364412 1.943425690963733 -0.666572971965600 0.742846163233200 0.013377287393598 0.060672061087872
1666259459.325396061 -14.397139793714208 20.673632325206459 1.929254941275669 -0.680544972929443 0.731374615483394 -0.000666650429770 0.044150506499769
1666259459.426552296 -14.400163770354368 20.508889745821698 1.954205444814581 -0.688467752255183 0.724674155753952 -0.008207078698256 0.028145442725842
1666259459.526556492 -14.398530127215638 20.338380128979857 1.984918357071710 -0.702305485422058 0.711129027652383 -0.003434317180679 0.032414759628385
1666259459.626558304 -14.393385133365094 20.171973864577073 1.982038040033915 -0.712019209358607 0.701486800899316 0.001010593080783 0.030722831412687
1666259459.727645636 -14.390775432552944 20.004153074804062 1.944765989857687 -0.706176121282624 0.707553214997191 0.001177619506815 0.026121770415967
1666259459.827656031 -14.398202251282189 19.831857657421693 1.937493809079263 -0.695746997975338 0.717933992398306 -0.006519403272973 0.021549820145375
1666259459.929950714 -14.416670317479639 19.647174504560127 1.963876404099014 -0.680858656358346 0.731795666651558 -0.005159117256419 0.029664386746447
1666259460.028052092 -14.438633729119918 19.473790950675106 1.983761945963265 -0.672400760483857 0.739008977628750 -0.003925458590645 0.041563674761679
1666259460.126187801 -14.456995193492629 19.309853375994287 1.960874588516113 -0.670901954312274 0.739839225083030 -0.015409438615985 0.047864787997592
1666259460.225083351 -14.464980568056117 19.146000955110139 1.928806269760963 -0.689104017496126 0.723113292952485 -0.023019023163748 0.041387717969221
1666259460.324846983 -14.462663959673240 18.973181441718388 1.942017905301044 -0.702433107565301 0.710510468135020 -0.030784874707255 0.028546375531201
1666259460.425585985 -14.451359081388928 18.790687768838715 1.975518894861104 -0.715028656627748 0.698236478548412 -0.018461366036631 0.029309012086594
1666259460.526097536 -14.437092720002365 18.616409444286209 1.983450558466267 -0.726347160764644 0.686497668965776 -0.011709979174969 0.031680103241905
1666259460.627259731 -14.423158950657639 18.446593971263820 1.947770172489003 -0.723628447658983 0.689657501989414 -0.006677306688064 0.026264296369124
1666259460.728318214 -14.413087204235859 18.277063853284357 1.927073714577908 -0.714798370446092 0.698825717805833 -0.016980631386360 0.020434380306095
1666259460.828629971 -14.404725169261077 18.107560996457075 1.942210779480494 -0.697371112691800 0.716280807445800 -0.021102357755235 0.013039423490452
1666259460.927436829 -14.398139049545398 17.937789966840857 1.972265732654700 -0.684955394390052 0.728149442338602 -0.014991093339944 0.020242639117099
1666259461.027240515 -14.391665371610488 17.770508694134513 1.968703216997185 -0.686600030660402 0.726509090527081 -0.016699248119510 0.022047094840186
1666259461.124356508 -14.375696513470441 17.606775512000073 1.928783670398597 -0.709622580166361 0.703669695408116 -0.024594376198004 0.026074319583022
1666259461.225024700 -14.351456762782762 17.432913792264873 1.918824473349676 -0.730915572202221 0.681678747830496 -0.029388559396806 0.014588476449824
1666259461.324954033 -14.322863655693077 17.248800605965656 1.939985034886302 -0.741544604281730 0.670394732641061 -0.021965499839461 0.014142811763401
1666259461.426293612 -14.293404274864834 17.059456883621056 1.963370388933666 -0.757815163083414 0.652067921602206 -0.007277103757127 0.021694422765921
1666259461.527288198 -14.264566320664368 16.876392922899921 1.942250003786413 -0.753908699912210 0.656493644056351 0.000195077149412 0.025253305827162
1666259461.628026247 -14.240920958903448 16.693602394692530 1.906300900104908 -0.742182337625339 0.669731381409671 0.007953160805722 0.023706575148666
1666259461.727947235 -14.226175691056753 16.505882572398239 1.918723456482675 -0.732994018852684 0.679691110729197 0.007132281580108 0.026246768969982
1666259461.828726768 -14.216985269935616 16.316202394605714 1.945058057268541 -0.713245250681171 0.699605484534222 0.020098672659541 0.037807694292477
1666259461.928128004 -14.213106160455915 16.140389380245736 1.948997430091074 -0.706642515521788 0.705716113966830 0.022214331551995 0.046126404783961
1666259462.027934790 -14.209347233160200 15.976050768070884 1.916158180099893 -0.715301165365241 0.697108623691938 0.009742977082369 0.047842282544145
1666259462.128366709 -14.202151022117047 15.809603432728682 1.902454767519917 -0.725853418122429 0.686853741952188 -0.006220899801584 0.036469891306690
1666259462.227868319 -14.185826543168595 15.626882129038266 1.930972161371513 -0.732544399570189 0.679930984255939 -0.003790046186845 0.032529907116425
1666259462.328531504 -14.166579492488001 15.442363572266769 1.958136928019393 -0.737964554564138 0.673535559914787 0.001549539485526 0.041901845599094
1666259462.429143429 -14.148471372760856 15.267733951126374 1.942331474064976 -0.738699652099574 0.672746179371097 0.006018910002500 0.041221048651663
1666259462.530167580 -14.136490217228845 15.094550073848543 1.908916184263331 -0.730287115053231 0.681949274851139 -0.000194465587559 0.040322181245197
1666259462.629767418 -14.128755757099690 14.923562247308235 1.913144349752827 -0.722120110138582 0.690787421814716 -0.014748127773749 0.033730952005374
1666259462.729866028 -14.119791096343521 14.748414700053051 1.943922256502127 -0.698829780624567 0.714386578611877 -0.008936392772526 0.034769165875100
1666259462.829608202 -14.114966144542182 14.578819619054503 1.963945529222426 -0.685312586456621 0.727260170322680 -0.007963925150874 0.037092848401722
1666259462.928851604 -14.110255110111195 14.418755327922160 1.936662466730336 -0.687995120686276 0.724701896375260 -0.018086451619376 0.033804667869957
1666259463.026175976 -14.101408586195927 14.259481572426949 1.913276705356498 -0.709136211066200 0.703760459837224 -0.033234904227327 0.027248678231684
1666259463.128076077 -14.083390522897103 14.071512976590144 1.939094828529428 -0.723736199047635 0.688645922535496 -0.037911971073971 0.023138496334127
1666259463.226794720 -14.058788332168779 13.877360981837001 1.967557093878513 -0.737847631100893 0.673653544858473 -0.023874191637313 0.034666954756352
1666259463.327287674 -14.028315927614488 13.682568122957635 1.959625443108933 -0.751103876199330 0.658716852688033 -0.012047950685152 0.042307470113479
1666259463.427915812 -13.996792843122014 13.492180310263448 1.918865774453628 -0.747479268839075 0.662475191508612 -0.009133347988347 0.048145043835827
1666259463.528223991 -13.970069810775430 13.303193826907457 1.914579993284196 -0.742984828807259 0.667942696482227 -0.010532771673762 0.041414479341995
1666259463.628933907 -13.948023796703888 13.107568477748989 1.944905453211522 -0.726044888907078 0.685794888825598 0.001178252465217 0.050426198287424
1666259463.727819443 -13.931250434676141 12.922415437331201 1.967172995276857 -0.723041952759310 0.687902782895337 0.008317709947266 0.062696981873832
1666259463.828281879 -13.912024856144784 12.750583774402447 1.943545690848968 -0.726271316129426 0.684387692776069 0.005899879615337 0.064098773504680
1666259463.925826788 -13.887406324195297 12.588648403494497 1.917789294812288 -0.744734903107799 0.665023753855172 -0.001399586466727 0.055779674247120
1666259464.025548220 -13.856921651297656 12.421526146460762 1.930636477060947 -0.761863307753743 0.646216389917724 -0.018532079025534 0.040314262330106
1666259464.124933481 -13.815072851509662 12.240134560381751 1.959265968361195 -0.781990456492414 0.621884084679663 -0.009916243234338 0.040654388410614
1666259464.227502584 -13.768579393747759 12.051555038477103 1.972516300809236 -0.794757025351552 0.604971945633890 -0.002614663817922 0.048614598459892
1666259464.328691959 -13.723792284764601 11.868708335281610 1.944509900311907 -0.791135588132859 0.610153984551875 0.008675974195074 0.041729172013256
1666259464.428790808 -13.689604097934268 11.686945730197088 1.928843139051051 -0.775534010860229 0.630437653584473 0.007528689391372 0.032228586348130
1666259464.529567242 -13.663373053158411 11.501191423591351 1.947432120419313 -0.755283119838733 0.654598367573437 0.011797925937679 0.030152860567961
1666259464.628437281 -13.647285434945285 11.320869455958581 1.982099244952668 -0.739070174068582 0.672304647390005 0.018100597561210 0.038132758462559
1666259464.728348494 -13.633717131765492 11.150768785351969 1.971943716695021 -0.735820827238002 0.675757943797013 0.003182109909165 0.043689652945985
1666259464.828193903 -13.612226462765701 10.983907739802438 1.936111982060125 -0.755033008417181 0.654180958986021 -0.012849355316328 0.042512623637999
1666259464.928822756 -13.573983629771867 10.802969694985002 1.948267999227057 -0.768241535910320 0.638778865973885 -0.025737785769156 0.033227537840939
1666259465.029941559 -13.520223639669627 10.606887882881088 1.980886444235573 -0.778799395259713 0.626092710391400 -0.009338665903733 0.037312320445034
1666259465.130707979 -13.461892861107723 10.418380605690539 1.987452585586794 -0.790199659204268 0.611267927493055 0.004403116368996 0.043779355614788
1666259465.231305122 -13.404577464044666 10.237014498562962 1.950113884413934 -0.790798304351564 0.610458186505732 0.011465103609691 0.042981342022348
1666259465.332716942 -13.352821866616418 10.053068241335076 1.928546686222288 -0.788742581087993 0.613505736026838 0.005899606053893 0.038223648298249
1666259465.432496309 -13.304232053154459 9.864484826756108 1.950373309516181 -0.776914712784917 0.628056240516788 0.004404477546890 0.043925942036418
1666259465.533151150 -13.261980364669739 9.675272108928123 1.981321741272412 -0.766115573024041 0.640352623635803 0.015864217479002 0.052571596671274
1666259465.632622719 -13.226421551661721 9.502621173664513 1.969854845958176 -0.760982611416325 0.646229990379268 0.012566552271867 0.055985233949684
1666259465.731662035 -13.187193287774697 9.336995006668989 1.934739814762966 -0.772837529674170 0.632664931498434 0.004884070387373 0.049329332406388
1666259465.831295967 -13.137123184008113 9.163027141273945 1.938152592728470 -0.784986812624757 0.617884615837844 -0.013613875027244 0.042766434535589
1666259465.932446003 -13.073777075280120 8.972091730044196 1.966325648233771 -0.791294848209958 0.610096641040668 0.000452038610536 0.040427063316146
1666259466.032577276 -13.009051287900032 8.787723303581249 1.985779326212060 -0.805141243498480 0.590628170484533 0.011449692813118 0.052676814466147
1666259466.134457350 -12.944042744027508 8.612086571182461 1.961473671287587 -0.806382673816529 0.588769580458435 0.017342004953779 0.052883072523137
1666259466.234443426 -12.888478674735444 8.445026262060864 1.938453146496531 -0.798212602904645 0.600557391272775 0.013982994035463 0.044631112798527
1666259466.334805727 -12.842583234787826 8.281389041723147 1.955321418650990 -0.786896304156922 0.615960262786272 -0.001022421612297 0.037230576499582
1666259466.434393644 -12.802754205235098 8.113771806207124 1.992073906585435 -0.772445604338211 0.633561078785836 -0.001385311886606 0.043888822008351
1666259466.534358740 -12.767416358780309 7.951289149796609 1.998702749955892 -0.766179456255159 0.640894556365006 -0.010846026638527 0.045886513709446
1666259466.632516384 -12.728720026672246 7.796894205347913 1.961160976384508 -0.776648608885830 0.627969308098026 -0.025886619173187 0.042442541752047
1666259466.730985880 -12.681179005109001 7.635444437185027 1.950849443787508 -0.797510813390197 0.600403019882808 -0.046566039744160 0.036391210255444
1666259466.831536055 -12.614354486518524 7.453584765214959 1.979835089697548 -0.806848059981049 0.588010112072219 -0.044918326979013 0.034966556980080
1666259466.932317257 -12.536852329750721 7.268870816865769 2.004693677746539 -0.819441985981533 0.571591161965201 -0.022558951914690 0.035909175184397
1666259467.033782244 -12.457974301024700 7.089316322405852 1.980743534329213 -0.819215488506861 0.572239166115778 -0.009151674330428 0.036668337984333
1666259467.134507418 -12.387591760146309 6.909546675788382 1.944227990861326 -0.809487636342699 0.586238354711560 -0.001753985702776 0.032423473095068
1666259467.233941078 -12.324362591102705 6.722894072616527 1.953700031299352 -0.809709638526206 0.585474209768627 -0.006934844437953 0.039270331118852
1666259467.333865166 -12.262673375880349 6.527612901968238 1.982854886592457 -0.801432092657640 0.595793271443922 0.013054500428125 0.050661213754880
1666259467.433436871 -12.203932549925486 6.343687806647210 1.988588419096413 -0.799984091876716 0.596551040831161 0.023556195462658 0.059978446818586
1666259467.531880617 -12.144856378168074 6.176816327816011 1.951891286875283 -0.805608145568965 0.588858037726957 0.021471737280834 0.061487329551972
1666259467.630712032 -12.080162843442322 6.013173780346674 1.936367157965331 -0.822610693790187 0.565950445429898 0.010341234304023 0.053896184028154
1666259467.730633974 -12.003503376659156 5.843135479037467 1.963032997976465 -0.830165386773362 0.555785284788896 0.007854987061897 0.043202395695344
1666259467.830764771 -11.920222405122415 5.672919751354298 1.996271434818256 -0.839206072001134 0.541559221149159 0.019639988017998 0.045398783853714
1666259467.931569338 -11.837565592364257 5.511049643771304 1.991427117564631 -0.843956739109925 0.534299313133339 0.026828755592890 0.039261741804475
1666259468.032647371 -11.758541583077811 5.352204752761945 1.954333918353260 -0.838053139722814 0.544040033476351 0.024977328403992 0.032611501676311
1666259468.132438421 -11.683401813005711 5.189842225301192 1.952921016904424 -0.835710589146751 0.548341521264958 0.009995386294327 0.028451353177815
1666259468.232111454 -11.602841953314801 5.019284681116842 1.983851141108709 -0.832545990850268 0.552662574350450 0.011894770106748 0.035913318916326
1666259468.331906080 -11.523136252990183 4.853415881972002 2.006556561716118 -0.833621111261988 0.550491011582435 0.016091899884028 0.042149018771487
1666259468.432513475 -11.443764892672037 4.696385285374221 1.980607119122604 -0.837549386244092 0.544717700076900 0.011569687358788 0.040740583691184
1666259468.531582594 -11.359640138079207 4.543129512739095 1.953332129139953 -0.856037359145178 0.515540346476038 0.000259770458003 0.037657979531901
1666259468.630914450 -11.267344613712504 4.385625868980957 1.969441031711429 -0.866444852062659 0.498614016153885 -0.011392148044082 0.022969549232680
1666259468.730756044 -11.162537145955367 4.222016486951978 2.003141082089698 -0.876140588231746 0.481264599211052 -0.001156622701651 0.027581106270088
1666259468.830854177 -11.053753501825851 4.065466679793865 2.010219076998234 -0.884398562654811 0.465618739341106 0.008909714571305 0.030967546476307
1666259468.932184935 -10.940784639856137 3.912574206872190 1.971707708504850 -0.882117068648344 0.470003960968607 0.016859011352645 0.026106083760017
1666259469.032231331 -10.826959322513034 3.759618762702874 1.954903344508922 -0.881005785435752 0.472169375339736 0.011209449561875 0.027554224005359
1666259469.131653786 -10.704940890801089 3.601655642809681 1.981304944212135 -0.884488146145866 0.464406040835027 0.020161231137346 0.040015913364705
1666259469.231426001 -10.578854897104074 3.453857628137904 2.008997866043139 -0.891989850069082 0.447771711656283 0.031823373059181 0.053309235046806
1666259469.331907988 -10.453162908370318 3.323094928866182 1.992035099468582 -0.898023998360198 0.435326054013786 0.035158648648361 0.052990513218604
1666259469.432950974 -10.322871713790786 3.199866334802822 1.960179446530931 -0.911970429911174 0.406671474506388 0.030088057646341 0.044977278458129
1666259469.530628443 -10.193485194424845 3.081793589196288 1.968656523126274 -0.921248622514328 0.387461258967682 0.014464160197187 0.031073081347402
1666259469.630811930 -10.053914488164883 2.959817232972336 2.000220468237193 -0.926976521545302 0.373747212628605 0.015347016641382 0.028142825663556
1666259469.731343746 -9.916687909456249 2.843498518705791 2.020887289763587 -0.936954323708351 0.347783371556992 0.018896714441931 0.028394294074308
1666259469.831797361 -9.783358071676643 2.732909319533834 1.991794686558168 -0.939117847171039 0.342432746379762 0.015611683284339 0.023532077610706
1666259469.931717396 -9.650761057278391 2.619614020850705 1.956843124499731 -0.935793656737994 0.351718337334203 0.004642623042863 0.023725286996764
1666259470.032145500 -9.506671280292879 2.493225771027040 1.972412885184531 -0.929612957169887 0.367339422068259 0.004752380906900 0.029307230031717
1666259470.131998301 -9.358459033605765 2.366406294265773 2.003912356373072 -0.929668183105422 0.365499433898404 0.023595034664463 0.039629628822287
1666259470.232220650 -9.215114234672951 2.252818569173263 1.996418363957312 -0.932351722270507 0.357191499458401 0.027266959359480 0.048897971544498
1666259470.333245993 -9.070202429439391 2.153237038585440 1.954958341575493 -0.943318339226732 0.327091467031858 0.020852596932019 0.052219271104227
1666259470.430210590 -8.923189394450651 2.066544005523738 1.952299565695749 -0.953527225703993 0.298246241314486 0.006124154410595 0.042396982390048
1666259470.533067703 -8.749475838308060 1.978667057723245 1.984236142455482 -0.960116848439147 0.276901360922525 0.011596785847494 0.036970099006373
1666259470.632410049 -8.580739084729972 1.901065984140042 2.004232040046343 -0.966730121294930 0.252108500796654 0.025681748277635 0.034851459260102
1666259470.732542038 -8.415146115014547 1.829304392311044 1.978163456027275 -0.968159986634307 0.246479558387681 0.035278749284352 0.025874261848477
1666259470.834163189 -8.251453543809731 1.754458301001799 1.945263914464035 -0.964812313082803 0.260172869662995 0.032679632164938 0.019476140703407
1666259470.935629845 -8.091959009113337 1.675474511274082 1.955780038105193 -0.961899110279452 0.272083720506573 0.020271139984725 0.017596350832460
1666259471.034738302 -7.935587438527058 1.592829898999021 1.987843044646058 -0.957484310638053 0.286385460325272 0.027847305853477 0.020777164218391
1666259471.136551619 -7.783411886879334 1.507579505656415 1.999073851413974 -0.958107980033007 0.283145535719716 0.027145324679502 0.033478882106643
1666259471.233388424 -7.641880576563053 1.435675788693856 1.965947507335712 -0.963740480485067 0.263075605790825 0.016631553254935 0.041459659291070
1666259471.334321499 -7.486471349838062 1.369376731904183 1.944145382533037 -0.971587266147575 0.233080675806118 -0.001283183782066 0.041108834391475
1666259471.433140516 -7.314915251864130 1.306751619391340 1.966463683249406 -0.973478319060616 0.225813726722269 -0.007206851666626 0.036002561461286
1666259471.532577038 -7.136071749269717 1.244570492521138 1.996522473614533 -0.978006584387396 0.205630025341657 0.007530372119405 0.034098490708992
1666259471.633433819 -6.962278365762596 1.183590086692403 1.986401159881057 -0.977716630245503 0.206662871334325 0.015591167474858 0.033429987286888
1666259471.733867884 -6.795291568589902 1.120412176661410 1.942450231612138 -0.975749290659528 0.215550059286579 0.016008883868335 0.034571800014894
1666259471.833146572 -6.633057455152676 1.051078034749993 1.934764071611702 -0.973623934080940 0.225049366553830 0.006027646583410 0.037052463820096
1666259471.933501959 -6.464938352435719 0.975651884802662 1.961128194606716 -0.966914785365316 0.250899327359897 0.014139436455008 0.043879399597424
1666259472.032474041 -6.303870766658501 0.899672116528952 1.979283728166114 -0.961981411822012 0.268102886269526 0.024922903436968 0.045732423587102
1666259472.133568764 -6.146138291723496 0.828107325056397 1.950243773850910 -0.960919132592480 0.270912438002453 0.021305179955588 0.052791674157427
1666259472.232665300 -5.987546111428344 0.766045759567740 1.919002782862291 -0.968564994672511 0.242540057836420 0.007266856960834 0.054802958219939
1666259472.331595898 -5.811566162721738 0.710616348481017 1.935600736815723 -0.975209746288816 0.215520828286323 -0.005520497009335 0.049862284653347
1666259472.432019234 -5.618808089791932 0.660011245916178 1.970447319484986 -0.981758094323405 0.184763065319837 0.009031288999355 0.043955542802981
1666259472.532964468 -5.430546641260475 0.613462971228378 1.974085233302914 -0.984587135040077 0.169595114211608 0.021289348542667 0.037046381574384
1666259472.636751175 -5.242157399873090 0.564027301425161 1.933621521305228 -0.984708495538405 0.169450405534806 0.024927018750328 0.031849373852597
1666259472.729208946 -5.076043315971336 0.511438041940013 1.919939484613935 -0.983418170909394 0.178937582775329 0.018189727810167 0.023220172220227
1666259472.828319311 -4.892329315930080 0.447112305797362 1.942382213434931 -0.979162101958753 0.200303678440990 0.024928485788145 0.022329018944763
1666259472.928307533 -4.711312712553563 0.377860691249542 1.972037794824610 -0.976445284674237 0.210951727692528 0.039055968987549 0.022991431174036
1666259473.027382612 -4.546137726300776 0.313791644832573 1.957978281312803 -0.978314902515126 0.201491364151706 0.036985948815849 0.030548670663319
1666259473.127526999 -4.383488487620204 0.259890627104466 1.919043128527631 -0.984311782472248 0.170345319578100 0.025086769542842 0.038515464141625
1666259473.229141474 -4.218168376805110 0.211185770683379 1.924203779634990 -0.988635084045391 0.146825072010971 0.002747238334578 0.032179519963313
1666259473.327662706 -4.046684411555557 0.167854976244079 1.953190514327860 -0.992036456852557 0.121445727504017 0.003624168469988 0.033188385759876
1666259473.428272963 -3.871976719647857 0.126666603326208 1.968305136511209 -0.994092107796460 0.101977206810796 0.007874775113532 0.036325176183609
1666259473.531147242 -3.697831322621367 0.087998685130676 1.931277110453039 -0.993870716637963 0.105481956834419 0.005502042080075 0.032623349381594
1666259473.630283833 -3.528935966151841 0.047700271368207 1.902404352071352 -0.991680515170712 0.124970324530292 -0.005280764802729 0.030402094346325
1666259473.730943918 -3.350967490829030 0.002329580517131 1.923000646904001 -0.989415977468836 0.141984590468162 -0.007628190764085 0.028951861851051
1666259473.830193520 -3.175322858999133 -0.046146308446188 1.957502618495531 -0.987102875719664 0.157353848065990 0.003202137115685 0.029281829906757
1666259473.928424597 -3.008428912073272 -0.091762159322890 1.948363087735242 -0.987796531727175 0.151579861899106 0.003206754440095 0.035654930940509
1666259474.027702808 -2.841105781437090 -0.129497822023562 1.904186037315523 -0.991931464060420 0.120075400555281 -0.005284471029095 0.040322985434910
1666259474.127468348 -2.665502025412251 -0.159583246360633 1.903746185413089 -0.994972771572512 0.091009863781617 -0.020180274028794 0.036594331034859
1666259474.228517056 -2.471656727075992 -0.182220535028249 1.937994024763166 -0.996591760412534 0.075411060026918 -0.012080717243747 0.031178379918473
1666259474.329828262 -2.276782568020866 -0.197461078797328 1.957430478292107 -0.998306927345285 0.046720912483014 0.001956710161716 0.034591999602698
1666259474.430062771 -2.089314482719672 -0.204765672598631 1.924624695289559 -0.998930205717792 0.035955456494802 0.007898147479905 0.027986934795481
1666259474.530746698 -1.903871050533608 -0.211266014995821 1.890363044588026 -0.998400784443888 0.051768814268131 0.007405947009562 0.021471270106640
1666259474.629803419 -1.717952307359151 -0.220297651097534 1.906936700965213 -0.997824189717731 0.063277193322592 0.004868261390237 0.017865700389442
1666259474.729388237 -1.530730301018739 -0.233405663742736 1.944538090840295 -0.996386750139259 0.080899553653747 0.021137199584079 0.014897152724340
1666259474.828975677 -1.355600356305102 -0.248350524561516 1.948074301560897 -0.996721705396140 0.074699828319090 0.023251069734056 0.020619539217236
1666259474.927525997 -1.188001303174996 -0.254495549223068 1.910010957919371 -0.998518268660923 0.043734936604433 0.018398313266295 0.026646285661501
1666259475.026388645 -1.018094907988118 -0.247645159737159 1.901008998892247 -0.999670569347870 0.001871578367450 0.002829618203676 0.025440975510805
1666259475.125611305 -0.838560316696882 -0.228376730932677 1.928520296480628 -0.999508539770347 -0.022258713181910 -0.001333206499896 0.022032956543857
1666259475.225431204 -0.655324547749530 -0.201503739086721 1.953841010141753 -0.997135840205185 -0.070889535899943 0.010264889182435 0.024278013268429
1666259475.326961994 -0.474272880889144 -0.169493906667703 1.937999859101229 -0.995181845467065 -0.094364472281722 0.015872703758687 0.021365816135764
1666259475.428324699 -0.293933847413026 -0.137689317698923 1.901287480923234 -0.996047571235853 -0.085573385433556 0.015506171968029 0.018055197907967
1666259475.530025721 -0.112626875478105 -0.111101799717868 1.902637481742729 -0.997964893381006 -0.062101980413007 0.004703134148542 0.013685617888908
1666259475.630367756 0.071235890666627 -0.090052780049858 1.928802806352804 -0.999589629520112 -0.021611138082765 0.015995514283660 0.009883055671894
1666259475.732924461 0.254131706500321 -0.074195202340357 1.946523044865141 -0.999515335634419 -0.014378371036587 0.024075641522312 0.013517387441289
1666259475.829769135 0.419384772543990 -0.054383391254043 1.917528822597964 -0.999097374524949 -0.024195454255024 0.022552792862377 0.026653100098365
1666259475.927638292 0.586272236965218 -0.020787531552179 1.891177759432384 -0.997696621264117 -0.058572088391381 0.012907308514197 0.031688543143491
1666259476.026918411 0.764295617640133 0.031813127915905 1.903945746336394 -0.995826034396887 -0.084191152548621 0.003545417835611 0.035068348439517
1666259476.127135754 0.952874896969977 0.105851566948240 1.931777949854936 -0.990997670599489 -0.128654903123415 0.022559216298255 0.029370300112524
1666259476.227930307 1.135468732588573 0.188252689463096 1.926095223614482 -0.988094085927175 -0.147825159092838 0.037658490939384 0.019990941825908
1666259476.329025269 1.312597024402997 0.271008696008734 1.884575344276320 -0.987827980126408 -0.148933713139080 0.044403640881691 0.006553430127584
1666259476.430126667 1.490855760353010 0.345414746437351 1.877333881912277 -0.989372757245190 -0.140021218714877 0.039180478638292 0.000704005912863
1666259476.530130386 1.673354579608718 0.407593675857408 1.907185499468557 -0.991786778967732 -0.118216983875624 0.048585201339395 -0.004817468107983
1666259476.629696131 1.849680070946372 0.452066397234630 1.934536375210361 -0.993655536042804 -0.097183852914745 0.056535635161629 -0.002774235210517
1666259476.730123997 2.014611722229744 0.485023619901906 1.914534202668519 -0.994876369336655 -0.086709086505027 0.051481657928374 0.007223776707886
1666259476.828257561 2.169722624486693 0.517453822608757 1.882431963007569 -0.992567462286663 -0.113128671536901 0.037392619367292 0.024769507523607
1666259476.927445650 2.329495133014790 0.559087712506512 1.891728118468077 -0.990607860001040 -0.131016559584374 0.014948810627645 0.036156076662886
1666259477.027323723 2.496268546402924 0.617704700216770 1.925072015483116 -0.986230991664257 -0.159408901346810 0.018137829037430 0.040103022456533
1666259477.128429651 2.658816829065521 0.688063810463111 1.937062748006178 -0.983922028848888 -0.171935174392258 0.020058965705432 0.043970158601257
1666259477.228136063 2.816119284372536 0.766718214412124 1.897950034553455 -0.983792774787004 -0.174361564189946 0.018466802595094 0.037533963446938
1666259477.328987837 2.980202193334689 0.848035280676731 1.874342985431961 -0.985670637085370 -0.164127213307412 0.012786099796636 0.036771846454247
1666259477.429169655 3.153600018751610 0.929812437714200 1.898758368873227 -0.986281504911674 -0.159230468883673 0.020635277211930 0.038322789337900
1666259477.528635025 3.323966188234485 1.009230755343536 1.928085933704966 -0.985552889031980 -0.161286990969013 0.037680353218031 0.035386444385452
1666259477.629322290 3.484332984616180 1.085555183475435 1.913547700784721 -0.984327510325484 -0.167687892366230 0.040978006693317 0.036068353686425
1666259477.728089809 3.634895973048098 1.164831079454773 1.875713205555763 -0.978182673142670 -0.200468159536203 0.035523352643287 0.041343275059062
1666259477.828624487 3.790844460336453 1.255274895183036 1.879210966203117 -0.973992098367782 -0.222303905682331 0.021365781815300 0.038260543683107
1666259477.929869652 3.953299616358382 1.359713398222345 1.909550671621070 -0.968923854766016 -0.243587343700728 0.030125247310078 0.030728474233109
1666259478.029769659 4.106541003875090 1.463460039182359 1.924834170999567 -0.962887948892684 -0.265661267443567 0.042041968298059 0.022435725063908
1666259478.130357981 4.253852704687630 1.565612639250222 1.894319938038995 -0.961511680777814 -0.270830207300666 0.044859380355439 0.011572490459168
1666259478.232231617 4.405028799765463 1.660605494391290 1.864049378532704 -0.966701311323096 -0.252928696829151 0.038492155237583 0.005831208423597
1666259478.330904245 4.561486243969442 1.743101374533887 1.877052976247851 -0.970764200568561 -0.237235964769167 0.034242904125207 0.012782309321741
1666259478.430752277 4.726796665113701 1.817742765224521 1.908660313701653 -0.976263897869998 -0.211695420589689 0.044590148144985 0.010274692474308
1666259478.529515505 4.884096417263854 1.878501126450530 1.913307133584613 -0.978813172452149 -0.198518691709779 0.046078428705321 0.019795981512544
1666259478.628317595 5.029307256390831 1.936134374762534 1.874023240303315 -0.976187782282724 -0.210687307843296 0.035888834844093 0.037151898595026
1666259478.727360487 5.168776124201366 1.999259554382028 1.848802131605183 -0.970885946547694 -0.233689843547225 0.012842458547453 0.051035351253017
1666259478.828360558 5.316240209227368 2.080240574260144 1.863236370435914 -0.967406920206509 -0.247393356094065 -0.000910323103608 0.054032854902553
1666259478.929746389 5.468089030411307 2.177842747926272 1.891812851667543 -0.962944206234490 -0.265599475606789 0.007632438396175 0.046228996538484
1666259479.030094862 5.615758926733819 2.278294652557189 1.877665875266930 -0.968032939821444 -0.248729676018823 0.011705086734095 0.030145756463739
1666259479.134098530 5.772135575496132 2.378084459203444 1.824172963341923 -0.974372622953662 -0.223783257049276 0.013628927208175 0.018256446696242
1666259479.233954668 5.931787708415531 2.460146012776366 1.812092991996126 -0.978913011361490 -0.203332225009884 0.008996429625881 0.017446682025400
1666259479.332075596 6.096413663471124 2.530208844840717 1.838344863315442 -0.983399155208181 -0.179217259457693 0.021063146265511 0.019068804831678
1666259479.432735920 6.258434023962727 2.592744386338698 1.856777526030073 -0.984033570888398 -0.173399163883269 0.027760976764894 0.028982572319769
1666259479.531683445 6.403853765733701 2.659309862961728 1.825388331005353 -0.981295296428178 -0.187343482396059 0.019348298391418 0.039844750733420
1666259479.632558346 6.545188105196753 2.740265848639620 1.785779343106445 -0.975804729945257 -0.213174112640587 0.001609295422759 0.048573005719274
1666259479.731253386 6.689108710481815 2.837386942692559 1.788712183228862 -0.970599406386478 -0.235394035932425 -0.015625383471589 0.047773293386848
1666259479.834527016 6.849975182251702 2.956193209655594 1.815508369863543 -0.964307756049676 -0.262227357449309 -0.003877562402740 0.036501084057942
1666259479.925003052 6.990851367981964 3.061924039712517 1.813995873625913 -0.961408225109969 -0.273617007753762 0.009634101133813 0.027113499481272
1666259480.024780512 7.142792799786944 3.174089625993334 1.765892277047449 -0.961102031642534 -0.275512608494113 0.013855124154040 0.013554440897304
1666259480.125919580 7.298774049941411 3.274519399570599 1.725782952890996 -0.965178693169364 -0.261108576126762 0.010630564407480 0.011806473872893
1666259480.229178905 7.469851150693020 3.365222578992516 1.737635587207171 -0.971314895860826 -0.236519064871775 0.018023367267057 0.016770905265113
1666259480.326032162 7.633393782534077 3.439544518389323 1.763329812248323 -0.975571489664637 -0.216284841360178 0.033201586337203 0.019462543924603
1666259480.425547838 7.794282474896750 3.508196742896522 1.744926261442328 -0.975968921054361 -0.212518601739753 0.035822642005107 0.032206325005209
1666259480.523450851 7.947181242987682 3.582223040585119 1.689185652152726 -0.968824559048213 -0.240954258429708 0.031504713002271 0.048243882392166
1666259480.623411894 8.108531910116987 3.676363484240478 1.675089518706438 -0.964248342867180 -0.258896680169718 0.024979976900428 0.050731085431412
1666259480.724575996 8.275440163456805 3.789966446062168 1.702069923565496 -0.962267625303632 -0.267533728501085 0.036219862349413 0.033982980713975
1666259480.823823452 8.427460499411792 3.901015889517069 1.715001789054380 -0.960417317948901 -0.273004175375473 0.049731230090478 0.024374174141604
1666259480.924469471 8.572449230073346 4.009062786858106 1.682294395200902 -0.962253379354766 -0.267003110595205 0.051164742895697 0.012646815300091
1666259481.025107622 8.717807380160943 4.109667473640063 1.633674307945685 -0.968070566009169 -0.246961184369373 0.042781129496631 0.004396316703332
1666259481.124302149 8.871400321763979 4.198979048361028 1.628931772351610 -0.975000372655567 -0.218595154381545 0.038562661820009 0.010166263609096
1666259481.223728657 9.037199420107985 4.282141056497168 1.656153478343384 -0.978891587926599 -0.197075028441767 0.053790764702660 0.006264653535563
1666259481.325227737 9.203695211250787 4.355933073274037 1.662432700647317 -0.980400459474262 -0.186598262442702 0.061940544308565 0.012625232147524
1666259481.423037529 9.353425345356218 4.424755812495778 1.615425411503110 -0.976142640625179 -0.206821235864375 0.058987867568293 0.029848836301959
1666259481.522953749 9.503208679229793 4.504644430331505 1.582113337049874 -0.967636021129193 -0.244543886175731 0.045422633946399 0.042609889376843
1666259481.622713804 9.661651458195188 4.610650099223347 1.604327760324461 -0.964545281760386 -0.257110904314530 0.045603021627890 0.038298129650798
1666259481.722348690 9.819193030136576 4.725742629791488 1.636140872314979 -0.960491463903651 -0.270947822441499 0.058936691135643 0.023872404998514
1666259481.823841333 9.969438279799705 4.838820089677400 1.627148362003032 -0.960069777693242 -0.272677328074240 0.061713190024061 0.010226382126496
1666259481.924818516 10.114486117746623 4.939908056857063 1.584867083651463 -0.964997129423368 -0.256781237585606 0.053287125247001 -0.002102025588441
1666259482.025571346 10.267113176438837 5.024468303768735 1.583115267295939 -0.973667173942950 -0.224492270796307 0.039613156886772 -0.002500507974512
1666259482.125474930 10.430678640533959 5.094554350301497 1.614940463591164 -0.981040565754668 -0.188692655411836 0.043414356543675 -0.008347681312192
1666259482.226239681 10.597121919176754 5.148508046189569 1.628805344559472 -0.986152695453660 -0.159674472184127 0.044772937587001 -0.001519289976114
1666259482.327384949 10.758329985253926 5.197292815734916 1.589502530296874 -0.985089361603564 -0.166701381615348 0.038616033009270 0.017843794933903
1666259482.424638748 10.913628497670899 5.254402458219406 1.561088903326245 -0.980355421865514 -0.192243027971126 0.025478027642965 0.036010208591550
1666259482.524534941 11.086943817441984 5.342968911972250 1.587588844289514 -0.977229425376859 -0.207469171178913 0.030956201764355 0.031951631574502
1666259482.625125885 11.255887736315870 5.445125028141927 1.615031083453632 -0.975544081953457 -0.213734495034649 0.047370905858998 0.019680118799625
1666259482.731061697 11.420563334717638 5.548957901221613 1.597720646128744 -0.974276338696457 -0.218605327225980 0.054183187560878 0.007842764206025
1666259482.831092119 11.573108071277865 5.635447871947588 1.558240860708067 -0.976833086838216 -0.207977278455545 0.050198394743085 0.004763745329491
1666259482.930940151 11.726796343529900 5.705332607158579 1.552024455268674 -0.982316192131294 -0.184047851116203 0.033211260583889 0.008848691802230
1666259483.031515121 11.890271815695243 5.765723495558953 1.576749821924741 -0.988504098532125 -0.146849457962381 0.035347956018054 0.006738389027870
1666259483.130783081 12.055213780280933 5.814077567412579 1.592244456932078 -0.992058686598755 -0.120226731592952 0.035185182863339 0.011273786466985
1666259483.229620934 12.216495727241524 5.860839321525523 1.559147544717829 -0.992107966528839 -0.119621636277987 0.028294375262345 0.024736111511378
1666259483.328229666 12.374519917793441 5.913963420418105 1.527448822026252 -0.988069699182185 -0.149204329725239 0.012852666383714 0.035932527271217
1666259483.429798365 12.546518579683950 5.982005915700198 1.545300903607661 -0.987567907683930 -0.152182002171636 0.005358573468835 0.039007071387078
1666259483.528916121 12.717532666212451 6.054989231298023 1.576469343006105 -0.985532164061169 -0.165322853682860 0.014951606051483 0.034222173039499
1666259483.628835440 12.884167541280744 6.126137884448931 1.568952946130785 -0.985201897435938 -0.166848334795107 0.017820196559439 0.034947032196044
1666259483.729091883 13.047616119074995 6.196454344039778 1.525657289634395 -0.986496309677931 -0.159425636171283 0.014396690226977 0.034658806005306
1666259483.829648018 13.209624229448304 6.264841089491093 1.519447881083701 -0.988693769258624 -0.144940567909218 0.003938962161164 0.038227568329949
1666259483.930029392 13.378084485528875 6.331347771520877 1.546353182195318 -0.991780376827992 -0.123043655260075 0.011101812436155 0.033297038904352
1666259484.031191826 13.549703300447430 6.389237048861985 1.565106817819757 -0.994747133433718 -0.097260336061466 0.015795209677901 0.027732271919965
1666259484.130419016 13.715690971408700 6.441043726112494 1.537738628973523 -0.994370025315351 -0.100570917635625 0.011250148711423 0.031419379915059
1666259484.229488611 13.876758139213779 6.492184017871534 1.508149378853625 -0.991134797541492 -0.127533194508229 -0.002031827870044 0.037188292195498
1666259484.330669880 14.043523701062893 6.547834599516822 1.521132140820998 -0.989801450586734 -0.134109862523027 -0.015941931223171 0.045315428049693
1666259484.429912567 14.211283974900613 6.610770264083290 1.547626264605241 -0.986554442598992 -0.157220285710290 -0.010639828552468 0.043346367757188
1666259484.533242941 14.385426222860481 6.681563709157190 1.538380627323037 -0.986902697270817 -0.156039585157588 -0.008793172419472 0.039967413004036
1666259484.626028299 14.544365981455197 6.747349764106231 1.497773253453082 -0.988704424691905 -0.145223122981928 -0.008321851966753 0.036118581448724
1666259484.725741863 14.714047645916439 6.811854608879163 1.478706974826474 -0.991073646006904 -0.127542237135536 -0.014930901005306 0.035820024179424
1666259484.826511860 14.888570001454410 6.870228729792138 1.503080139657361 -0.992615572657141 -0.116654033980149 -0.011118332811835 0.031345557104312
1666259484.926012039 15.061152811173333 6.918441422808064 1.524954474554271 -0.995383728847098 -0.091529397680243 -0.006502630862274 0.028130366130016
1666259485.024975300 15.232272183886611 6.962823817323113 1.498534092077016 -0.995899984658794 -0.084309939399148 -0.009265604757377 0.031451601606358
1666259485.125435352 15.405926809222008 7.010968424731855 1.461403891264217 -0.992796766989130 -0.112892134759328 -0.016527853466051 0.036561939571321
1666259485.224706411 15.582772269156761 7.065629824795566 1.472668560743691 -0.991422266328226 -0.123947800511862 -0.021550237916921 0.035417789634575
1666259485.327238560 15.769456627717997 7.128652235219684 1.497494589317785 -0.989671905031074 -0.139084559777624 -0.005909412253009 0.034206497488828
1666259485.427711010 15.947371836423592 7.191971545414544 1.490628157407366 -0.987563346479613 -0.153666302478455 0.003929837997982 0.033013035999402
1666259485.528717279 16.119954881636492 7.255573695724958 1.448033225052582 -0.987779217070225 -0.152130635338703 0.007102744954718 0.033136673485484
1666259485.627784491 16.283879226454538 7.313819058822907 1.426794490865122 -0.990454419060959 -0.133909402905507 0.000414537110414 0.032682468313966
1666259485.727847815 16.456997527483175 7.371531172446299 1.447833969589086 -0.992203852166323 -0.119981834625866 0.010915755370036 0.031886068914520
1666259485.827808142 16.634556845036421 7.422830147725858 1.469583238938030 -0.994497873717480 -0.100010809334990 0.022904202838915 0.021147450907517
1666259485.925787449 16.805602574752310 7.468912540925664 1.447670046915750 -0.993614491856463 -0.105232474468460 0.027603794087575 0.029906494980833
1666259486.024691582 16.970671318221676 7.514901361401283 1.406346723587673 -0.990019994064878 -0.134197975229302 0.021040192590192 0.037531654531906
1666259486.124077320 17.134942598271856 7.566428539419871 1.411168391993636 -0.988194602446686 -0.147688182634418 0.008947821505764 0.039743740333295
1666259486.224879980 17.306558133330984 7.627374997916224 1.440826595108815 -0.986297533096349 -0.160526496402643 0.017375185314592 0.033860346956767
1666259486.325471640 17.473300431045978 7.690060946257885 1.447085947946991 -0.985410797255942 -0.164811707008431 0.025940969016480 0.033611426790037
1666259486.428031445 17.638193531293091 7.752508251938817 1.410167655375659 -0.987871592387864 -0.150974160842529 0.025039175781017 0.026259462811852
1666259486.529341459 17.795101743319012 7.806726162654043 1.382115942950990 -0.991855354732574 -0.123879462642065 0.014016205384851 0.026084094970733
1666259486.629318714 17.950791008761716 7.851923024514099 1.397969997265755 -0.995349564797011 -0.092309095951172 0.007039445860023 0.026621811829061
1666259486.729570866 18.110855284847052 7.892015022105695 1.427414007907764 -0.997267200654670 -0.067720742668674 0.009920428510018 0.027813964280174
1666259486.828588247 18.270206982605970 7.928444144268903 1.419562925933683 -0.998238868282300 -0.051403177023539 0.004729356478010 0.029231976150505
1666259486.926921844 18.429897904301509 7.968816667970167 1.382110613835261 -0.996743843120488 -0.070996728563005 -0.003439421852506 0.038070278591987
1666259487.024925947 18.588948187802011 8.015105884705955 1.373254591078825 -0.995369487349660 -0.086246685353758 -0.020579832960645 0.037115541139486
1666259487.124823332 18.759197006600033 8.069073265017643 1.395444973696262 -0.994539490908849 -0.095831695601108 -0.017652896789747 0.037361241627038
1666259487.225220442 18.930808319417828 8.127296579852191 1.414118844996840 -0.992673386763196 -0.114875898959272 -0.007249761607461 0.036749367437001
1666259487.326416254 19.099128922936664 8.189439868207431 1.387129511774938 -0.991917215180333 -0.121096006654901 -0.003618931363799 0.037721329999250
1666259487.427108288 19.263343048581433 8.253740790168457 1.347813995389821 -0.992725991365051 -0.114209311707862 -0.004486563943663 0.037831335311778
1666259487.528868198 19.433775455472603 8.318807737951012 1.348770829192829 -0.995494860237147 -0.086595832894475 -0.009375348312126 0.037459949422833
1666259487.629305363 19.614212591978358 8.382460663864403 1.375197607844941 -0.996923251906551 -0.074623540811291 0.007833675124384 0.022671358558743
1666259487.731676102 19.801011669641145 8.440457972492419 1.380621381133014 -0.997776717381781 -0.060506180129690 0.020466264404388 0.019019895853565
1666259487.829938173 19.978989598756325 8.496671003715134 1.341531310075128 -0.996088413340198 -0.079984322861474 0.026905260274217 0.026200913636265
1666259487.930102348 20.154172367961802 8.555604677179772 1.310040045851802 -0.991938538384980 -0.122277300155885 0.022484529221735 0.024508037027337
1666259488.028537273 20.328047800887308 8.616697503041790 1.323936508736614 -0.988882346631305 -0.144353613478994 0.021704612050211 0.028331053850330
1666259488.128165245 20.500895817452918 8.682195430961471 1.353157841911058 -0.985433272042987 -0.164065130921539 0.033942654328333 0.029185533805275
1666259488.231832743 20.669477888782048 8.748536551638265 1.339002369795033 -0.985912261243888 -0.162199557984327 0.034636165967894 0.021648383904972
1666259488.331616402 20.825991760969746 8.807936110543645 1.296640503920996 -0.990116914259938 -0.135480583665968 0.030498951680649 0.019578597812099
1666259488.431193352 20.979357840579489 8.858883083311328 1.292677763604985 -0.993585240811752 -0.110971319101361 0.012562355959261 0.017774217021028
1666259488.530867338 21.136275680580606 8.903886055981090 1.323185993627183 -0.996041725373546 -0.086591189684022 0.010610799583132 0.017036963232976
1666259488.629406214 21.290010347805396 8.938701619885684 1.343432683017514 -0.997694686702038 -0.064698832702278 0.006842115221480 0.019301777969436
1666259488.729223013 21.442646769725911 8.973155817400421 1.309978587938637 -0.996973600952181 -0.071090308636300 -0.005097797490583 0.031045442228816
1666259488.828629732 21.601352510433294 9.015885275584795 1.269609079046137 -0.994314638905237 -0.099677136109547 -0.018489631058858 0.032573009364435
1666259488.927911758 21.776789656745734 9.068743536207272 1.284345459001440 -0.992325917337504 -0.117939136155755 -0.019146354810971 0.031828462742771
1666259489.028084278 21.956719679685605 9.127135119767479 1.312384879656246 -0.989626968014468 -0.140716315095864 -0.001912851906029 0.028874276474383
1666259489.128645897 22.130423007490243 9.185335829769866 1.301171419909619 -0.987167093050159 -0.157185009381652 0.007081435071431 0.027273732819644
1666259489.229947329 22.301822440078098 9.238942049255302 1.250070856610261 -0.988078749561140 -0.151487200504001 0.008208062059042 0.026165635218542
1666259489.332750320 22.482202138819634 9.280924653228819 1.238822347498561 -0.991711151904522 -0.124041709049501 0.004175467657086 0.033244714980439
1666259489.430979013 22.664728467409738 9.312899714000714 1.267233160111127 -0.992613257508916 -0.112733695256105 0.017457669498506 0.041294851339163
1666259489.530636787 22.845671089997989 9.338994302181385 1.282902730227141 -0.993604544977955 -0.096902362001262 0.032478869469277 0.048011076594100
1666259489.629750490 23.015836314497108 9.363668746011410 1.249610477281859 -0.993018250914258 -0.096908238944562 0.034198836810407 0.057913609252625
1666259489.728811264 23.181312990190051 9.393373689585189 1.212488756665602 -0.991005596991262 -0.114352834094282 0.025304115744750 0.064738225129934
1666259489.830963612 23.360119388783179 9.438545681147550 1.231041873710527 -0.989467979916957 -0.128884773057346 0.018561163609553 0.063224324420842
1666259489.929586887 23.532623725670920 9.495288620510598 1.259007530279594 -0.987953928944548 -0.143094901239447 0.027607514822428 0.052045255764888
1666259490.028836489 23.697826755651960 9.557398560037800 1.259074330382649 -0.986591232645006 -0.154664979500182 0.030743339426071 0.042087181720207
1666259490.129364729 23.860393870136679 9.617123076000230 1.221564610256989 -0.987886055858576 -0.149849191572220 0.024654175268627 0.031914449190957
1666259490.230890751 24.025539177617738 9.661920757119759 1.200020261513760 -0.992617030208902 -0.118486189590676 0.008592097873053 0.024466917862339
1666259490.330535412 24.192694140987570 9.693373863424894 1.213659447971684 -0.994981736239261 -0.096813542069777 0.004196094885286 0.024917371649564
1666259490.431935549 24.363797762757979 9.710258824727310 1.241230603201275 -0.997565972679578 -0.064395435511178 0.007781801908184 0.025589091352283
1666259490.532549858 24.528529688686199 9.720683298779914 1.223623810169755 -0.996862772600164 -0.067771854094131 0.001143869295755 0.040869058706944
1666259490.632540464 24.696893233312394 9.740353831296831 1.178996496803368 -0.994382692972906 -0.088650859778129 -0.006440054476838 0.057468344981263
1666259490.724752426 24.865951083278929 9.774979399054175 1.179678988013299 -0.992198305059848 -0.110329491535347 -0.012294990413469 0.056734116232201
1666259490.824561596 25.057744363322136 9.827660606172072 1.201389606110059 -0.990708450577662 -0.125743009915185 0.006596385122624 0.051399894112650
1666259490.924818277 25.244533228308899 9.888613196625890 1.204545740932779 -0.988737858462621 -0.139460347918077 0.023744055474245 0.048831121541041
1666259491.028283834 25.428843298698101 9.951551042969166 1.166646807520635 -0.990021447491719 -0.130390503556495 0.029940504482283 0.044265294306384
1666259491.127574921 25.599066569326890 10.003897488393735 1.143646897077218 -0.992215441148796 -0.113789914685704 0.023493818448835 0.044815333942891
1666259491.227978230 25.767541341612421 10.049688648286118 1.152733363778824 -0.993761829389620 -0.097562071731104 0.018628325984842 0.050715422493883
1666259491.328091860 25.941752472117976 10.091100868104986 1.175212257231656 -0.994281534857398 -0.088925702204033 0.029382261916591 0.051314048893082
1666259491.430874825 26.118822081942465 10.133599801163550 1.159204754678616 -0.992739564322035 -0.099315960494775 0.032241977010858 0.059707221833950
1666259491.530220032 26.289242778062160 10.182526140648754 1.116930316060419 -0.990527149088592 -0.118643426690456 0.028553086483269 0.062963683769707
1666259491.630200148 26.469032836633769 10.240512019554153 1.114432162726324 -0.990718513192807 -0.122242319649464 0.023490436522494 0.054606247771974
1666259491.730799437 26.652703510150538 10.308810918052787 1.138952747783996 -0.990194345367569 -0.127966017398883 0.038386219416808 0.040821011159015
1666259491.831956387 26.826640661579937 10.378897367691982 1.146875109052202 -0.988477630786219 -0.138226148339673 0.049880795091557 0.036296165520293
1666259491.932052135 26.989604795767605 10.445174895848382 1.116181004307094 -0.989969111620397 -0.130384163765602 0.047841078203300 0.025929888411112
1666259492.030932426 27.152456507437876 10.504493555732024 1.090515157395951 -0.992240206430035 -0.115445282933216 0.037526324016377 0.026898594721099
1666259492.130689383 27.326906920592617 10.561726522049272 1.101494370083396 -0.993960619442773 -0.099740851427417 0.035477212794788 0.028903579809188
1666259492.230165243 27.506768498459632 10.613383321215871 1.125001840379260 -0.993601379248971 -0.094944550536078 0.049289525560213 0.036226704902528
1666259492.330460310 27.678727893402979 10.660670379978738 1.110904011843043 -0.992109879073435 -0.100753021750576 0.050632517883343 0.054801136720111
1666259492.428650618 27.841207098903173 10.713919285426934 1.064798307493507 -0.988368211064833 -0.129649880372874 0.042820955383701 0.066974276075429
1666259492.529068947 28.017027804944870 10.784697244712820 1.060483592350538 -0.986943884531544 -0.145497827895847 0.034323451993724 0.059950408727649
1666259492.629237175 28.197599798988907 10.875399665365688 1.088675757896086 -0.983485788444137 -0.164706414102640 0.051252498435449 0.054778485612397
1666259492.730527401 28.367362131009038 10.974177141601578 1.099465344474412 -0.979852290678143 -0.183629311513608 0.066182554504943 0.042304064639639
1666259492.830588102 28.522494673026575 11.070144662534119 1.067981482350421 -0.979786946971805 -0.185927853885323 0.068017354644576 0.028670737005191
1666259492.931399345 28.672137549119324 11.153143463595189 1.038633207560394 -0.985492160355340 -0.159629992208719 0.055295068154549 0.016307142710853
1666259493.032270670 28.816673499651262 11.224115841554207 1.043189028707468 -0.989499774825284 -0.139092183988414 0.034873364401359 0.018094430893929
1666259493.130705118 28.965421709308458 11.286936819333144 1.074671534190593 -0.993198412740821 -0.110240434857284 0.036476538946684 0.008568638051731
1666259493.229578018 29.119196569547888 11.341939046308116 1.070883356511860 -0.993739320592220 -0.104452717281667 0.035848440597337 0.016931682377391
1666259493.328392267 29.279827034851877 11.397212424206627 1.024458654258256 -0.990538632205786 -0.130067121796701 0.032927961419310 0.028835937511758
1666259493.428752184 29.451214118980197 11.456706254536142 1.004679970329676 -0.985322930082168 -0.164934897820444 0.023884146068341 0.036942529716253
1666259493.521113396 29.612746319235111 11.524490155289476 1.024072667776158 -0.981576118683640 -0.185353337790988 0.027088292145606 0.037665472628595
1666259493.622451782 29.777282765224211 11.605700897142377 1.048052619037376 -0.977709442111546 -0.205365146788200 0.031727543214628 0.030046069495923
1666259493.723671913 29.930333482015680 11.685680860810281 1.032399320540700 -0.976637947137493 -0.212555309507060 0.025539940203278 0.018608386975644
1666259493.827962875 30.092109199133560 11.757749643178386 0.992125372521141 -0.979702558205421 -0.199438479479261 0.015200531883358 0.013271555267430
1666259493.928865194 30.261928154059245 11.808887726114813 0.989292857308569 -0.985573955118233 -0.168147602006525 0.004882756657006 0.018615091175884
1666259494.029445171 30.443188809017819 11.845266124821620 1.014539512971960 -0.990329146296242 -0.136008630858228 0.016484178538641 0.021865639394556
1666259494.130297184 30.624392385327788 11.867949167201918 1.019547028586185 -0.992872407221764 -0.110099758303046 0.026666309553065 0.037031528919172
1666259494.229458332 30.797636849424567 11.892266438715913 0.977041078784585 -0.991312365894535 -0.117745433249313 0.025115588189625 0.052962377244608
1666259494.327998400 30.973212373929673 11.935837857034240 0.948757312620135 -0.987152058298899 -0.145822476796655 0.017821916184809 0.062841056329747
1666259494.426233768 31.153838770514223 11.998337879781614 0.956340504323204 -0.987201914947079 -0.146207739396806 0.017952612601972 0.061101389231824
1666259494.525761843 31.334525433502392 12.077014502342033 0.979099725190166 -0.982931769472127 -0.173454698447734 0.034200738935030 0.050881367956225
1666259494.629849195 31.509933804198017 12.158169455465133 0.963959195607176 -0.984713851957440 -0.166810182794731 0.036832998907339 0.034004747765881
1666259494.728866816 31.669095564739074 12.227134949072408 0.917808901486411 -0.988085784452976 -0.149443210514502 0.030111704177260 0.021130420360403
1666259494.828841925 31.832716002726482 12.278859148954902 0.909340201613314 -0.991399982701825 -0.127948400281117 0.016331579930327 0.022103408363941
1666259494.930667162 32.011578403083462 12.313008242453668 0.939044038193164 -0.994001355640741 -0.104283774728282 0.023144345731383 0.023463558414215
1666259495.030899286 32.189808252241072 12.334571653558386 0.947842281634169 -0.994271716819890 -0.096118785585447 0.030797021222007 0.035163556041144
1666259495.126931190 32.360594731853197 12.361137902574201 0.906090534012884 -0.992429229199207 -0.105879574566040 0.032684490584093 0.052966638519366
1666259495.226369858 32.539329312860232 12.403880217523826 0.869445595361339 -0.989358009798249 -0.131778644984280 0.027385284352483 0.055273532319630
1666259495.330149412 32.732378862817448 12.467431595186776 0.882975740236303 -0.987827716962770 -0.145048397257640 0.027776329133088 0.048845056996602
1666259495.428191423 32.909720047147538 12.541286365154711 0.910583508207662 -0.983749464624112 -0.169441694657837 0.042003563522434 0.041978609013059
1666259495.527766943 33.075440508129034 12.617668171271639 0.903519330491247 -0.982519367665947 -0.178980070594330 0.043439752232805 0.027107460547023
1666259495.629712582 33.237151545536555 12.687278517812310 0.858490291409225 -0.983740206364298 -0.175677976088765 0.034186323200293 0.014958288863675
1666259495.735451937 33.411168653097604 12.739548297033483 0.845353659949591 -0.988468866154371 -0.149687102403295 0.017767367454021 0.014401134377226
1666259495.834764004 33.589390362705650 12.772780988825058 0.871638302413878 -0.990854728671549 -0.131701611201431 0.022542237626032 0.018799994653956
1666259495.933732748 33.769567087754112 12.792605736933705 0.886902954584641 -0.993192407983871 -0.108609912481763 0.031550491908691 0.027879994516190
1666259496.032511234 33.947088999911323 12.813000410020212 0.848052761270114 -0.991639921909523 -0.116063862531558 0.032497582367658 0.046079846243116
1666259496.131178141 34.129151715675860 12.848770378782913 0.810120414966112 -0.986442255234080 -0.148256930736840 0.030991367833998 0.063175111372841
1666259496.231465816 34.319753592400190 12.909789603504271 0.823589762426874 -0.984601867587570 -0.161974789131450 0.032552386106938 0.057128558424278
1666259496.331746101 34.499310449369368 12.990717462175713 0.853285815838392 -0.981383907715428 -0.181215977555283 0.048083962036981 0.041645260843278
1666259496.435142279 34.665302973740033 13.080484976368590 0.846200023880855 -0.980369145344833 -0.189651734178659 0.049465523840541 0.021487683217362
1666259496.534775496 34.817822030783233 13.163456327899377 0.800260729597566 -0.981735503211323 -0.185468462447065 0.041831166325480 0.006855997066936
1666259496.634530544 34.979043818936923 13.230897881821761 0.780039180740309 -0.985255124596256 -0.169177386971598 0.024905694848140 0.005572930863605
1666259496.734425545 35.159391571593311 13.282769790537190 0.800346851741821 -0.987798295028357 -0.152953874870487 0.029178547228400 0.002872783112900
1666259496.835622549 35.349150986486428 13.318501684861111 0.818896394538250 -0.990033873325190 -0.133575928040280 0.042334387286418 0.014078379522650
1666259496.933891773 35.529210407323340 13.350109572216317 0.783487173303987 -0.987663348650224 -0.145967155766593 0.044676945434414 0.034909450254722
1666259497.023428917 35.691814072870208 13.388064828354969 0.737028479087886 -0.982369726500257 -0.175158686748596 0.039778663920599 0.051834475101134
1666259497.124004364 35.877556632607387 13.453771694200929 0.740712751503516 -0.979337251789842 -0.190682634841550 0.036231537485353 0.056797497462936
1666259497.224545240 36.055483315774090 13.545681408081894 0.774456762552123 -0.975458866822036 -0.209616457487122 0.050328742983555 0.044810238991924
1666259497.325132608 36.213696762703741 13.646426014303213 0.779137553791644 -0.974772185047062 -0.214601978537219 0.055684166212163 0.025776960638203
1666259497.425917149 36.357812115160854 13.744509302353840 0.736540904344421 -0.976846639299701 -0.208357120819203 0.048525448026941 0.001798440045538
1666259497.528756618 36.503214662127746 13.830937360337405 0.712862682171544 -0.983281019424631 -0.179630942095827 0.027850391469584 -0.010747891700936
1666259497.633811474 36.664170180570032 13.907484429269227 0.734137116807728 -0.985565029483383 -0.167414803542385 0.019633700014738 -0.015759886992456
1666259497.733175516 36.830167427533297 13.962922491612181 0.764546419267993 -0.989219538920855 -0.143233062766341 0.027636301713484 -0.012854119004628
1666259497.831639051 36.996238845938784 14.007138490782879 0.744365823029630 -0.987621402079615 -0.153847360592538 0.029598462195027 0.007673775387236
1666259497.935108900 37.175634104432945 14.057785318969191 0.687400521084854 -0.980796894681331 -0.190749184173444 0.029592696788822 0.027865254662182
1666259498.026535749 37.339138351054871 14.117282417110136 0.677586941519931 -0.974493632836039 -0.218978565403756 0.022732712392053 0.043517482039202
1666259498.127985954 37.521482015010911 14.208295857687391 0.699152127467428 -0.970655641134198 -0.234412811365355 0.035565908774063 0.040166233769476
1666259498.227956295 37.690741821592816 14.307780821712356 0.709254925705574 -0.964201655815164 -0.258290659650057 0.049957343041263 0.033247044035405
1666259498.330750704 37.854338089920439 14.407897679753974 0.665582173681153 -0.966101190938938 -0.252253761467486 0.050811716159627 0.020849417084992
1666259498.430957794 38.013720498233916 14.495868883290452 0.627287514907087 -0.972301433871424 -0.228508994869214 0.045471098315449 0.018599467019817
1666259498.530516863 38.181651594084940 14.572666929328832 0.635321637542817 -0.975668223299437 -0.213083834229070 0.044988415471864 0.025354291693715
1666259498.629835367 38.355547095620175 14.639117362578435 0.657628809953002 -0.979895581003302 -0.189516664543047 0.057529700555348 0.024050316935361
1666259498.729174614 38.524013543526202 14.697674874488053 0.646051154376108 -0.979970234026681 -0.185558873112206 0.060905661460421 0.038945416072881
1666259498.827872753 38.685443787394902 14.762875359462702 0.599632681105969 -0.974899863844994 -0.208627533078456 0.054834732739106 0.055117692277886
1666259498.929923058 38.856217208486434 14.850960950667998 0.592912885598314 -0.971368948481328 -0.226218434488581 0.047225891040975 0.055111714174034
1666259499.030250788 39.024752455627507 14.959453021525375 0.623517468951067 -0.966862252784941 -0.244874261132600 0.058043660734461 0.042952460033555
1666259499.130925417 39.177978757734472 15.068314204836453 0.641546433998630 -0.963501749411804 -0.258257153784224 0.064629338246453 0.028118855550866
1666259499.233920097 39.320021669170416 15.175101052220876 0.609105088323586 -0.962250275256022 -0.266251219521588 0.054671180484594 0.013991350806813
1666259499.332756042 39.460090379586319 15.267110676892827 0.570742923616715 -0.967037784010074 -0.251887797510145 0.037140172774054 0.003327060066590
1666259499.431904793 39.625764319189713 15.349836472520199 0.580892208414032 -0.973016878599044 -0.228115808015738 0.034395573338701 0.004275117472390
1666259499.531688213 39.807719302927744 15.417926554111943 0.609171954292383 -0.977781440088192 -0.203635481259238 0.049728692831313 -0.001761618763951
1666259499.632846355 39.984558801186317 15.473001933502790 0.595185961615458 -0.979375788414288 -0.193816579472261 0.055141603525281 0.014751344014199
1666259499.731670141 40.146890119219542 15.527079009945091 0.544920822112770 -0.974398528839180 -0.216114547304909 0.051365490739564 0.034692878236322
1666259499.829751730 40.302379455999947 15.593121088055559 0.532872199703921 -0.968015075328093 -0.244095362477051 0.033398684667842 0.047421470002544
1666259499.930066824 40.458348974362650 15.683385166922026 0.560168338839934 -0.964336197021171 -0.258625187876365 0.032942859755924 0.045645145434780
1666259500.032459736 40.605626726239450 15.784182505000446 0.581371612949552 -0.959258515795708 -0.278131794516078 0.033377784486448 0.036765857197374
1666259500.134041548 40.744701361261605 15.884635890341714 0.550757332742367 -0.959956888474966 -0.277795816942164 0.024627464591296 0.026565849256175
1666259500.232831717 40.889407331041618 15.976998800610229 0.515015995222379 -0.964714244538982 -0.261784046735409 0.014343136066245 0.024286080503044
1666259500.331893206 41.052884202179889 16.062432411465345 0.523552041618096 -0.970412808414671 -0.239620799370729 0.009623039055359 0.028075806186516
1666259500.432929754 41.228884497976928 16.143479568696399 0.552039676501540 -0.976483824218923 -0.212592336408081 0.025285116854199 0.025387051916468
1666259500.530671597 41.392674848702136 16.216706781673000 0.546428721882648 -0.976473902796014 -0.209923984855961 0.033568614899224 0.036107974662995
1666259500.628508806 41.548495787270646 16.297193683256118 0.501510111902159 -0.970907729404165 -0.232484260166979 0.031021021311104 0.048238428609130
1666259500.727412701 41.704908062321039 16.394875905213418 0.482144042477453 -0.962783650006120 -0.264414017521562 0.020645908430459 0.052025158184108
1666259500.827457190 41.866620318052540 16.512477295812303 0.501429261181668 -0.958803518193886 -0.278470633664308 0.028892480567000 0.048115945925554
1666259500.927749395 42.019252981776681 16.633925849830785 0.521039643594723 -0.952369684254925 -0.300366277955447 0.040584773766614 0.033540419163716
1666259501.029562950 42.162639324838437 16.753287455471401 0.495292571416793 -0.950241681608579 -0.308016275991100 0.040523676928749 0.022903097311251
1666259501.129902124 42.303164178879072 16.862603756642244 0.452305430847049 -0.955343944516318 -0.293002226797839 0.034101695587909 0.017456148645690
1666259501.231140375 42.460023223913645 16.969388628457391 0.453790877240586 -0.962005008573133 -0.271510723802220 0.028520230456051 0.003858341008033
1666259501.331118107 42.630844764555299 17.070930548558096 0.482070683595505 -0.970069549937695 -0.237638714859352 0.049687754323162 -0.004902708842496
1666259501.432597637 42.802287578736376 17.160907065819426 0.476918045762205 -0.973111111146703 -0.222164894293045 0.059906941187701 -0.010425138086488
1666259501.535114288 42.968076955475098 17.246046596550734 0.425507155466279 -0.968200310143498 -0.241910731391068 0.063550889221195 0.005351817921771
1666259501.625599146 43.111819804473086 17.327144887854431 0.409743526960110 -0.960793449998937 -0.271242359723725 0.054006510424956 0.019667881491552
1666259501.729444265 43.273843557199733 17.440749955525078 0.432666321758201 -0.956631711177910 -0.285591945286603 0.054329142769150 0.018475773385918
1666259501.829296112 43.415410099100541 17.559315552698859 0.455386735369259 -0.948476081281770 -0.310578240979342 0.061024850533196 0.014499899446396
1666259501.934081316 43.550792738652831 17.680949448770079 0.429779011182214 -0.947116580340142 -0.316305381857810 0.053784220093283 0.005324126363684
1666259502.027106047 43.670683379385714 17.783004260559828 0.393941141486765 -0.951529476831437 -0.305065626785158 0.038988759763287 0.002548467616224
1666259502.127299070 43.806678218464569 17.883141939612248 0.394430692875796 -0.956675385419573 -0.290610465245993 0.017494760413599 0.003420201732378
1666259502.226634979 43.952463850797201 17.979859467298866 0.424849712246881 -0.963216579155165 -0.268018018492990 0.019093363287933 -0.003950554653274
1666259502.325146914 44.100554055296179 18.069009028119041 0.432831292418261 -0.964407466271044 -0.263647979361709 0.019858151732472 -0.003692666912156
1666259502.435583830 44.264055915382443 18.168657442252140 0.380212399677135 -0.957496428382187 -0.287785807756298 0.018292082885860 0.006731878869091
1666259502.522766829 44.394906103597187 18.253516004675252 0.352483671398150 -0.947078350123022 -0.320338628965005 0.008780958387659 0.018672340262255
1666259502.623782873 44.555259182720178 18.372013739231473 0.369617932537882 -0.939530674587353 -0.341788975209235 0.013202033842370 0.016973928162887
1666259502.722824812 44.710430262763367 18.501179974985273 0.395717856930165 -0.932238910098628 -0.360098845316583 0.034877471243718 0.006557293605482
1666259502.823350430 44.858728376173886 18.631910810407351 0.381132913302793 -0.928531973231624 -0.368368339314619 0.045763967083767 -0.006229012275816
1666259502.925363779 45.005504459122818 18.756552322626728 0.332092888415093 -0.934305874431783 -0.352715491304557 0.047420863878677 -0.020385702466344
1666259503.025646448 45.158577721849873 18.864238185129054 0.322004603185219 -0.945276211330833 -0.322986156516208 0.041372452760467 -0.020521869883043
1666259503.126025677 45.326988260719936 18.957306889674776 0.349676990503145 -0.954171845468887 -0.293176816896346 0.055127914487141 -0.023756186422143
1666259503.231395006 45.507028668157901 19.036156829119172 0.364905219761187 -0.958222708382854 -0.276831446133814 0.070536360163257 -0.014078830413375
1666259503.329912424 45.668160640267594 19.100668039800695 0.325269559501692 -0.957457358791911 -0.277762953716536 0.077094571373554 0.013400548593671
1666259503.428050995 45.825301083590205 19.171451437069894 0.285638233864345 -0.948959110256541 -0.304808094668914 0.072778798542309 0.035663412177739
1666259503.529069662 45.983637610286607 19.266255091259747 0.299208564233272 -0.947166723011540 -0.311027828582331 0.065194480701605 0.043434644616814
1666259503.629044056 46.125498065838848 19.385931770670805 0.330747102999671 -0.938042675211530 -0.335001553515409 0.076605655260413 0.044513730537690
1666259503.730315447 46.249760856893921 19.516440155378902 0.332661008309593 -0.936476053100257 -0.340885617674429 0.077744318040411 0.027666200406261
1666259503.830849886 46.361663047543146 19.645352478245002 0.291241175894229 -0.942747531641191 -0.326548366025660 0.066925937709468 0.010685274545958
1666259503.932534933 46.477019573083851 19.769428493507746 0.270607450105901 -0.949830764111260 -0.309697255133598 0.043634669376583 -0.002268333955012
1666259504.031175613 46.604693823723167 19.884741516656618 0.296215110637350 -0.954973146058243 -0.294582538461662 0.035295357528368 -0.001286886961019
1666259504.129677534 46.747305025791150 19.989829315015825 0.330681369622266 -0.959278438038264 -0.279362084274897 0.040966539430455 -0.007965351941177
1666259504.229881048 46.895590161002438 20.084780098965503 0.312341853006982 -0.957108156662269 -0.286488402372758 0.042913229091266 0.005179432924539
1666259504.328219891 47.042591506282001 20.177006257200052 0.255660778839542 -0.947264054897465 -0.316988577896417 0.042755316633519 0.019520109681717
1666259504.428131819 47.199225938761764 20.284578598939866 0.249545634060909 -0.942418329184840 -0.330727666725578 0.038025213219394 0.031952878404447
1666259504.529184580 47.355314269576709 20.412631406703117 0.284208815839538 -0.937716493026472 -0.342821395729887 0.050270833774991 0.025181592632597
1666259504.630366087 47.493181231123998 20.539823950019617 0.301854734257856 -0.934119326838184 -0.351656573808348 0.058746202625322 0.017539127739358
1666259504.730793715 47.614761527543664 20.661774148243101 0.266018970008061 -0.933730309119520 -0.353805619841181 0.053293668418011 0.011361254636447
1666259504.831722498 47.734934481197200 20.777169168030674 0.224544734845311 -0.943924596735467 -0.327840290879353 0.038406520880678 0.007213772090121
1666259504.931810856 47.867422811066419 20.885944428633774 0.233988972325054 -0.953130530974897 -0.301213185003075 0.026503209850581 0.010506568013882
1666259505.032003403 48.015465277415899 20.989387723980595 0.266583890999979 -0.959649759159837 -0.278768995467384 0.036164629064879 0.007232324327088
1666259505.131040812 48.161761765907180 21.080597964394439 0.263611743906395 -0.963572147607644 -0.263916354436248 0.038748870414314 0.019375222772610
1666259505.231045246 48.301898308020000 21.172279010232113 0.211950017697250 -0.958072427849325 -0.282799706213749 0.033071211866766 0.032060007891160
1666259505.329130173 48.436846962918587 21.268725037353882 0.190270704197527 -0.949556469998609 -0.309307123132465 0.017570542887242 0.048609565786450
1666259505.429894924 48.576852644922198 21.383829447345121 0.216714699709421 -0.947433370586885 -0.315985906661654 0.015031639658945 0.047926661669169
1666259505.530585051 48.711442171163199 21.502216072789125 0.242500305426795 -0.941859614734711 -0.332075398948480 0.020894464419487 0.046795479499759
1666259505.632742167 48.841840043699179 21.618177333440901 0.215327444935119 -0.946659865114289 -0.319630332936454 0.014964547851968 0.038047501314993
1666259505.735094309 48.971117394730456 21.728852730295038 0.166167610037175 -0.954850166867429 -0.294628382640307 0.006593125958164 0.037574002529670
1666259505.834152937 49.103252183884138 21.829846837785947 0.169288311917406 -0.960980241253616 -0.273211098040239 -0.006313442803782 0.042811356761394
1666259505.933363914 49.245416752584994 21.930665127070739 0.199331047092994 -0.967086783258822 -0.252093620701840 -0.000860047915991 0.034514060397503
1666259506.032990217 49.389999846368340 22.024293044186816 0.205339956881358 -0.972577992768897 -0.229076228352189 0.002266575431646 0.040137167580329
1666259506.132757664 49.530564568733162 22.117893743911292 0.157403195124599 -0.968855336588544 -0.242605998937902 -0.000830539027441 0.049608227625719
1666259506.232521534 49.667012392434827 22.218394275972976 0.125731775147855 -0.958177573507702 -0.280062020570022 -0.012993420285196 0.057377463262338
1666259506.332291842 49.808606456268365 22.337328448934887 0.141053658117713 -0.953791896310943 -0.295161819297906 -0.016413461411163 0.053769110508086
1666259506.431176424 49.952249063798284 22.469216154438602 0.169567732759136 -0.946473796316297 -0.319655738087162 -0.000009447304388 0.044805824457504
1666259506.531835318 50.098433669304185 22.604342526840970 0.153298701346605 -0.945710798696283 -0.323867046921523 0.008707066142400 0.025795506328884
1666259506.635925293 50.251608859555311 22.738991159237766 0.098601093616519 -0.948109907593949 -0.317087448052024 0.014976285295244 0.017856771511202
1666259506.727885008 50.392349772478362 22.847034215724740 0.080803366866886 -0.953248236329962 -0.301117549970461 0.015268720397412 0.020319626252211
1666259506.828938246 50.560315455431223 22.961266259591316 0.100762402965392 -0.957430630512509 -0.286269618503195 0.034330594304422 0.014060710265145
1666259506.928413630 50.727802415161754 23.065621911023911 0.117204855642062 -0.957153518240987 -0.283779778798098 0.054598720196921 0.018578466488424
1666259507.026457787 50.880586161109797 23.169376102076686 0.083506558903882 -0.949085529226378 -0.306173180420725 0.064757947672119 0.036070070937547
1666259507.125514507 51.019623740440579 23.285881994638107 0.045973001748431 -0.939007952398478 -0.336777359084465 0.058462851627279 0.037777913125501
1666259507.226630449 51.152929972874659 23.427389217045270 0.063336420999998 -0.934730410319751 -0.349552666840648 0.058892118279796 0.024974217356707
1666259507.328009129 51.269514917884500 23.573068669536614 0.095394769352786 -0.929963792457591 -0.360833322351986 0.068714764015332 0.015650540074987
1666259507.428467989 51.367293986051259 23.711175562209831 0.093295818640035 -0.924035749835044 -0.377385466947082 0.061135333013651 0.000783212124328
1666259507.528489828 51.460248968175001 23.841327699194160 0.051212936146701 -0.926225696865393 -0.374100208964766 0.046280405219066 -0.003621631054487
1666259507.628790140 51.564216642818685 23.968253627194379 0.031081880165529 -0.933471848235739 -0.357446170691697 0.029027408018474 -0.004466899699477
1666259507.729707003 51.686330673228149 24.099917856499665 0.057078660457160 -0.936358376682205 -0.349137244208394 0.036100721460918 -0.005736988202469
1666259507.828968763 51.809589166679025 24.224835810264988 0.081819537236644 -0.936349094652248 -0.347755102178656 0.047838206688706 -0.005316750270392
1666259507.931973934 51.926565376200941 24.346813678067026 0.054623342548960 -0.928131894405983 -0.368452688119697 0.051282771004148 0.013560258178479
1666259508.032261133 52.028483096650440 24.470434184409203 0.007731163834114 -0.914969211314911 -0.400407194730740 0.042290187253994 0.026776123984825
1666259508.131299496 52.122664566254414 24.605057906068851 0.003557542891853 -0.901138055778020 -0.431633961908401 0.020097230012754 0.035191315713995
1666259508.231587648 52.219034636642974 24.757942406854305 0.029108410002265 -0.892257644536551 -0.450118493343189 0.020750874001297 0.028966168968742
1666259508.333568573 52.317731115103122 24.915307574093365 0.036085093922882 -0.886308839292659 -0.462096819062388 0.024183290315091 0.018394011896777
1666259508.434044600 52.416936337821689 25.066681848422355 -0.009690531216587 -0.890971717116559 -0.453330637753852 0.021851030602867 0.013537526866015
1666259508.533894300 52.522363042549095 25.211967904602030 -0.051723971043179 -0.902531038984972 -0.430160157333523 0.014989448961465 0.013239302524589
1666259508.633527517 52.642724126514736 25.357145612835023 -0.036546301840946 -0.912321626356191 -0.408729536272942 0.023267953682381 0.008247338500098
1666259508.732912540 52.769794046216006 25.496990774399912 -0.004516591376841 -0.918562218974546 -0.392957783316906 0.041968385513185 0.008141561314540
1666259508.832927465 52.890439782062941 25.628257555303765 -0.021646439725050 -0.918580503853763 -0.392019835795472 0.048290163878116 0.014084259131493
1666259508.934876204 53.000621155534120 25.761429393185676 -0.071199155637481 -0.906058431890951 -0.419921836844903 0.045911631986533 0.024817151094507
1666259509.022125006 53.085240191513734 25.875914687143851 -0.072786051526983 -0.890168085891105 -0.453211999693945 0.026268947235382 0.038853630532133
1666259509.122837782 53.179371695418368 26.021722784040875 -0.047425772022987 -0.883106179003456 -0.467345785651087 0.019531686138860 0.036467882810182
1666259509.224532604 53.269920369689018 26.173348862485653 -0.025927254471479 -0.875159225341942 -0.482174305681170 0.019459835152333 0.035008342657385
1666259509.325046539 53.354725308607264 26.323109524989473 -0.055553544264177 -0.871607382365585 -0.489042005580520 0.013902094306213 0.030744423193446
1666259509.425499201 53.442717264118833 26.471754229051346 -0.103492161559119 -0.880543717305805 -0.472844552681603 0.006393791672595 0.031936035143010
1666259509.526085138 53.542741092311104 26.628393193890069 -0.096599136935477 -0.884876682013702 -0.464387796139361 0.011530920299133 0.034702597918661
1666259509.625724316 53.648195817729885 26.787720493080155 -0.065248770844349 -0.886717482424725 -0.460481255711889 0.031103421734385 0.026864412459091
1666259509.725252628 53.748654848901452 26.940601054690152 -0.063744378738935 -0.880943094020308 -0.470312083248927 0.043137384257621 0.029748538239597
1666259509.826242685 53.837935169552679 27.090022187572963 -0.110229160484728 -0.867094745197341 -0.495063107698547 0.042221483683004 0.035729099661490
1666259509.925317049 53.915315825420379 27.237183238715378 -0.134452165116682 -0.846400282570014 -0.530315002333607 0.024054121578225 0.042355155535150
1666259510.027885199 53.986693835585037 27.405715138977861 -0.114866449663197 -0.835605601053375 -0.547591304805792 0.018048202734838 0.039765622934400
1666259510.129005909 54.048713314021050 27.580168242767677 -0.089170171360043 -0.819453881064359 -0.572126930098459 0.023322684843053 0.024943236285306
1666259510.227290869 54.103135171851022 27.747655786962547 -0.109932216352196 -0.813531410836268 -0.580969213436085 0.020395177120367 0.015015104809409
1666259510.327457428 54.161340319929053 27.916530912481115 -0.156821045642216 -0.822226315106105 -0.568968974022420 0.013695510674974 0.005534106455763
1666259510.426965475 54.229198897290864 28.088657218476055 -0.156691101045909 -0.831584483946202 -0.555207932158372 0.012838338007014 0.006824602960667
1666259510.527933836 54.305731424351173 28.267745638467115 -0.127526907368805 -0.835200860492230 -0.549132635855848 0.029790609443079 -0.002321736431569
1666259510.626845360 54.377749398595284 28.432974679406289 -0.119396124963383 -0.830660237599215 -0.555167277889089 0.042339332081588 0.000494157585977
1666259510.726112366 54.440043058118036 28.589564564565830 -0.157491253869271 -0.813570393183985 -0.579828475189666 0.042654592456163 0.009096177003611
1666259510.826011419 54.491735958075260 28.745579803655872 -0.186012968280985 -0.791851751474042 -0.609516474735614 0.030542076912201 0.022970682428948
1666259510.926379442 54.531448820682279 28.908472076206461 -0.172538809282710 -0.782147597465823 -0.622016480755915 0.018973188285016 0.031315356820070
1666259511.027112722 54.561158460306522 29.078684238448847 -0.141449414113400 -0.757905737400124 -0.651673989380127 0.017796529727030 0.024149292143660
1666259511.129481316 54.581973570503898 29.248429982221705 -0.145077826979605 -0.745993613255401 -0.665381002112344 0.015786980992287 0.022636745377241
1666259511.233905077 54.599965800347611 29.420807678720884 -0.189198260575246 -0.745004711441586 -0.666753017394392 0.004386473695580 0.019726950444281
1666259511.334806681 54.621289178375918 29.594430564766004 -0.200187370541766 -0.755481520673255 -0.654698973411751 -0.002078388014848 0.024750887622162
1666259511.433156013 54.645641225568177 29.774014323631008 -0.170480268005204 -0.760546027600010 -0.649058879104661 0.005596410959487 0.016155232638943
1666259511.533047199 54.672597325276406 29.953661490153682 -0.154515299875152 -0.762594358291510 -0.646573750382309 0.016957884898607 0.010230354748590
1666259511.630629063 54.693873806895631 30.123731661253331 -0.190840113211359 -0.747435650026447 -0.663486575789098 0.026053500147568 0.021135939706104
1666259511.731374502 54.705445823590317 30.301854257280542 -0.228571694566094 -0.721545401949611 -0.691524538480486 0.021132159453944 0.026823076660544
1666259511.832518101 54.706660230580866 30.499158706189295 -0.208770134420791 -0.713956579016547 -0.699519004861453 0.014250478467550 0.027130959807534
1666259511.932790279 54.702604673022279 30.703035198095915 -0.177889091577343 -0.699991774736775 -0.713649072981794 0.024508090002845 0.010764267624846
1666259512.023829222 54.694060157437072 30.881564704581209 -0.181551015620384 -0.681829711604288 -0.730472013791989 0.038295563572014 0.007234034212783
1666259512.124045849 54.682222270966903 31.072066269330399 -0.227261610833372 -0.674172410156613 -0.737250596425412 0.043392229551037 0.008380564932512
1666259512.224365950 54.670607452607868 31.260638017242186 -0.254813361868029 -0.679074468338541 -0.732796570456537 0.038905604997010 0.018799113747253
1666259512.325790405 54.655574853491409 31.460074429891048 -0.244867819567117 -0.693374458857559 -0.719062234264469 0.044198179706487 0.015095826218213
1666259512.424444675 54.644360501623702 31.658792365524352 -0.219929473285857 -0.705370763335861 -0.706634386276965 0.055854700445662 0.000427551269021
1666259512.525969982 54.632335669284295 31.852059852485365 -0.238995516908738 -0.700679040682196 -0.710508556914641 0.064875277355623 0.004203675508824
1666259512.625174999 54.614374765282861 32.033659833558730 -0.287238921739129 -0.680860655034956 -0.729464889219873 0.064613017893301 0.011614720811457
1666259512.725174665 54.586448516059761 32.221533224892859 -0.284920870058329 -0.665897961951087 -0.743733698158102 0.055041929280413 0.020260220002544
1666259512.829979420 54.542311650277512 32.426986258901032 -0.249930522713347 -0.651248550156782 -0.756338720555856 0.061519875909415 0.006509268369726
1666259512.929751873 54.495117350442818 32.611719253448349 -0.240876054182238 -0.645556058906128 -0.760996343309821 0.064045470293846 -0.006333878236042
1666259513.030055761 54.448208328005350 32.787797338720502 -0.280542226091085 -0.651092508590202 -0.757065111210479 0.051833580136178 -0.015628263366421
1666259513.130536079 54.410100192708278 32.965804368882083 -0.305318111328129 -0.662515812148169 -0.747904828146067 0.040351472136883 -0.009106337674456
1666259513.230448723 54.374611294132649 33.154217084328991 -0.288612801753904 -0.669325447427915 -0.741499238721306 0.046147279684758 -0.007263124592234
1666259513.330063343 54.341562811020871 33.347915790304192 -0.260730924175224 -0.674449438703215 -0.735855672711141 0.056868151891806 -0.020009919344229
1666259513.429634333 54.308999306544138 33.529109218627354 -0.275652477636648 -0.667946073967098 -0.741405748777251 0.062208794987309 -0.017193713333946
1666259513.530393362 54.270323126304966 33.702632765216620 -0.320401649600017 -0.645551618017774 -0.761173024077035 0.062140781864125 -0.004154409870250
1666259513.631911278 54.217580740110911 33.882347734761893 -0.314172771007761 -0.626702410568424 -0.777828488167708 0.046696655271245 0.006808374912105
1666259513.731755495 54.151060834617333 34.064303686815364 -0.277447367719814 -0.616264907346313 -0.786222082699565 0.045424551174743 -0.003001799389081
1666259513.830857038 54.084031898056033 34.233946120794045 -0.262749670022157 -0.602428027017256 -0.797051849740902 0.041340196043955 -0.008933603962039
1666259513.931542397 54.017144909464015 34.398965312829631 -0.302658186764659 -0.593060106507130 -0.804494623345764 0.031941921022745 -0.006915544728013
1666259514.033575773 53.957739094628486 34.573967777774492 -0.333679114606859 -0.611651757413287 -0.790792809055477 0.022991424708462 0.000505162608540
1666259514.131494761 53.906760123209359 34.764344979120914 -0.309202777356260 -0.622405626694067 -0.781830513009433 0.036734732465780 0.001686480844820
1666259514.232286930 53.861545343499579 34.966853906825463 -0.276768526620610 -0.625750695112980 -0.777502415350184 0.062105550929483 -0.008304350305566
1666259514.330444336 53.817470374039182 35.151225720250252 -0.294166119647087 -0.615097974797982 -0.784125292304054 0.082459986726928 -0.001535564227880
1666259514.429794073 53.760550610597960 35.325774768090469 -0.344038108780442 -0.590360284739708 -0.802581318639946 0.085473613929137 0.005676486070546
1666259514.529278755 53.682426534436011 35.505496444308228 -0.336971001507029 -0.575425217979965 -0.814284132663102 0.075741574500422 0.009507034133005
1666259514.629613876 53.583348932205311 35.691719241093573 -0.300403036632655 -0.564810480943952 -0.821515682014352 0.077364234073659 -0.010764762261734
1666259514.730794668 53.481678094251663 35.865303282804057 -0.287121104225014 -0.552876302376754 -0.829508147638244 0.072065492587421 -0.032412837736148
1666259514.830893040 53.385593027487481 36.026644564606059 -0.323137442156860 -0.548779045804733 -0.832859302218635 0.057656787688907 -0.043158271825131
1666259514.933537245 53.295989088514787 36.198207990014950 -0.353324320740314 -0.554771816137713 -0.829644758531595 0.047670504229731 -0.040562663704430
1666259515.036051750 53.213096326881455 36.383214747932435 -0.338698212383905 -0.561222916139674 -0.825322826695172 0.050410520265769 -0.036467102738021
1666259515.134169102 53.139450670790382 36.567703512919309 -0.303512124678458 -0.562879164590383 -0.822571979788935 0.063765016173131 -0.049763509206890
1666259515.234385252 53.070852482734090 36.738682791660082 -0.305110642761394 -0.553161680661439 -0.828435419839420 0.075641271084298 -0.044556798718573
1666259515.331243992 53.001883078828968 36.887726617896391 -0.342203185872024 -0.530632479262158 -0.843604857834872 0.077752127996968 -0.026732421915028
1666259515.430708647 52.920626605960933 37.038683120302082 -0.341648809302420 -0.504069788982508 -0.861156364390954 0.065649214030255 -0.003680299076774
1666259515.530356169 52.819798860476602 37.192421325354559 -0.306761996585184 -0.496832283243131 -0.865943828145263 0.057325431817079 -0.003572630897433
1666259515.629841805 52.712585275511337 37.338454719119454 -0.279071234561348 -0.480661363516301 -0.875128977527709 0.054887913952761 -0.010061968787057
1666259515.729812145 52.605480102119678 37.473733775287528 -0.303991766495834 -0.473425013324773 -0.879854290483036 0.040460506210691 -0.009387849285468
1666259515.831226826 52.501380588181348 37.614509702170594 -0.342548516099804 -0.493116806385960 -0.869430268944645 0.030225105418175 -0.003642211555363
1666259515.931835413 52.396202436811826 37.772276245372211 -0.320686949622770 -0.497171718059055 -0.866998750438514 0.033240700114560 0.005339040752495
1666259516.032235861 52.289527176571383 37.933358707997428 -0.283352668654485 -0.502344801704943 -0.863435916953807 0.045961853469505 -0.003952915355529
1666259516.133669138 52.184338293643592 38.083932978126263 -0.284539745360894 -0.496562601027630 -0.866345309867167 0.053462397378648 -0.003627588505410
1666259516.231522560 52.074503222620486 38.218238034535567 -0.325918979901164 -0.479481771831495 -0.876103072347253 0.050356959889071 0.002194013619976
1666259516.330293179 51.947794428331854 38.354302956589109 -0.333235927346964 -0.453062784864050 -0.890536768178512 0.039788011133164 0.009761744898809
1666259516.431772709 51.799660338318624 38.499279418628191 -0.298493809771682 -0.437909965634691 -0.898429504061214 0.032152798023784 -0.005048347193566
1666259516.532145977 51.656649299703012 38.633795185740809 -0.272853978718981 -0.424032028651615 -0.904917753494478 0.029599658899018 -0.021084550769818
1666259516.630963802 51.521568566544005 38.760767012682130 -0.295073354706489 -0.414826514773958 -0.909225766905608 0.022857146652516 -0.026552180368204
1666259516.734941959 51.382804494697119 38.902802826473156 -0.329783557965010 -0.429700299904170 -0.902479183794525 0.012629263023671 -0.027008828099613
1666259516.826030970 51.260605668603745 39.039246766878158 -0.321052980427593 -0.442836960723165 -0.896274801359295 0.012729729195875 -0.020612148369997
1666259516.925196648 51.128839097721638 39.196164317831851 -0.288628054226996 -0.462072511856375 -0.885817588008323 0.021127632702541 -0.037011048326723
1666259517.024693251 51.009755051761225 39.349685592687024 -0.276990589415604 -0.466746887800904 -0.882842798086838 0.032719906216389 -0.040808630601431
1666259517.124711752 50.897673369432873 39.493122566040384 -0.315726394064768 -0.448227102591613 -0.892274071627614 0.045175047752457 -0.029977669421924
1666259517.222591162 50.781895730553629 39.627083409168009 -0.335243802018693 -0.419589195256051 -0.906464871056115 0.045656044833960 -0.013485931029021
1666259517.322754622 50.647493145552566 39.763033105747851 -0.312736077491695 -0.413790795099517 -0.909237497842376 0.044818151025043 -0.007462154309709
1666259517.423425198 50.505772882701315 39.895052483367500 -0.279448582039973 -0.390700433445699 -0.919055385012560 0.048804372077564 -0.017564277692885
1666259517.524824858 50.369276412978927 40.019545550098066 -0.285666447671772 -0.385776523385241 -0.921231453604217 0.047171937342022 -0.016849071857466
1666259517.625899553 50.238632412156889 40.145240679701750 -0.322309552626555 -0.396712640066644 -0.916800514277523 0.043894709316609 -0.013005872743987
1666259517.727924347 50.109956549122650 40.284222058075500 -0.320285338629379 -0.414711807324070 -0.908936510064183 0.042944366458419 -0.002078203029736
1666259517.830896854 49.978164559405826 40.435919063487425 -0.290925630575083 -0.438967307658445 -0.897066982481996 0.048325736687608 -0.015593425580753
1666259517.934266090 49.851876267374067 40.588706928199244 -0.281226700273222 -0.450191976463618 -0.890856405244530 0.055943090051662 -0.023925305390888
1666259518.024529934 49.743277786118952 40.713479580894543 -0.315236093703604 -0.443062329411813 -0.894186202468555 0.061334593271177 -0.019101707758783
1666259518.123017073 49.621454249998358 40.843897232512660 -0.336521306729501 -0.412975613197549 -0.908896390137630 0.057792626009458 -0.004302008580199
1666259518.222762823 49.483965262059201 40.974548025311790 -0.311983556867714 -0.405873390032983 -0.912393922274761 0.052904118975279 0.002296966403780
1666259518.322371244 49.335271898136021 41.099659051440035 -0.278463923614393 -0.388460972323207 -0.920152131782720 0.047569007632238 -0.012462618918536
1666259518.422729254 49.187575567762167 41.218618394111211 -0.285772057549252 -0.387261192126667 -0.921011684129427 0.035351712909986 -0.022726705965418
1666259518.525911093 49.042587236830279 41.344008658684920 -0.326641172012307 -0.398445081457984 -0.916439030381437 0.026305279974662 -0.026249817159868
1666259518.624773741 48.912191268098091 41.476204449438711 -0.324835164990994 -0.411558843211913 -0.910913945242423 0.021929426974136 -0.019344331716096
1666259518.727460384 48.781405920289252 41.622971472034735 -0.290947915568351 -0.434841214455640 -0.899612440559785 0.024771698784704 -0.031574324064528
1666259518.829664469 48.665553929073887 41.767875203760084 -0.274976886106750 -0.456402437917580 -0.888551895988226 0.029793176915583 -0.035842843189331
1666259518.928698540 48.561632493165490 41.902153550278307 -0.306863956436845 -0.454435812156994 -0.889717875445830 0.033864701386129 -0.027264936115830
1666259519.028553247 48.451457489993068 42.035165963267069 -0.324816014371800 -0.433232338216345 -0.900555071879221 0.034966056266317 -0.009363682255921
1666259519.127651691 48.322165285344653 42.172819777851885 -0.294898796329738 -0.427831092805695 -0.903130164477656 0.035684313028288 -0.006564437747928
1666259519.227852345 48.184340217028932 42.308124536701371 -0.259517453399308 -0.416923922659253 -0.907842532080303 0.039096131719515 -0.021630352401571
1666259519.329079390 48.052556414744885 42.432250438217295 -0.268024672694723 -0.412448619847629 -0.909876180755453 0.037207920777810 -0.025040812907097
1666259519.432207108 47.924161746291553 42.557375756761168 -0.304310017466805 -0.421879890695397 -0.905754819863089 0.034723202595568 -0.020490566686392
1666259519.532362223 47.804059665317702 42.684417598603083 -0.299910371735198 -0.429496315301728 -0.902351395334826 0.035952573491537 -0.001512262830224
1666259519.631658316 47.683137265107433 42.816216903830401 -0.272045957476558 -0.447666175723403 -0.893255847121841 0.041093890777648 -0.000528049789358
1666259519.731721163 47.564300511972782 42.952970824497967 -0.252736047196946 -0.458156771414002 -0.887585088963969 0.047556274713437 -0.004845966539399
1666259519.831156731 47.447241613875548 43.083430381481200 -0.280718851788711 -0.456989018516975 -0.888060894921498 0.050088056763414 0.000265397411193
1666259519.929894686 47.323323795893437 43.213721583102149 -0.306507139743514 -0.433543212050512 -0.899763432209799 0.048977056880735 0.008203489639724
1666259520.031340837 47.181444525598039 43.357220158400104 -0.285849712813058 -0.427196476805134 -0.903081524415739 0.043032787597641 0.009752417946485
1666259520.130401134 47.033017902991283 43.499355561679202 -0.255679387720374 -0.401866561987715 -0.914225298864107 0.051023414815993 -0.009590641976587
1666259520.231729031 46.886537194622512 43.634054411473301 -0.257084878795427 -0.389984803194195 -0.918947411946542 0.053707734344365 -0.023727339208886
1666259520.331455469 46.750406945843750 43.764354278027270 -0.290264963433488 -0.396389689726792 -0.916179309788586 0.051047413425588 -0.029746390977153
1666259520.431519985 46.623448136245813 43.900217294748678 -0.290667888140560 -0.407264074450109 -0.911641943021089 0.051768786242209 -0.019103249933958
1666259520.534795523 46.499113983213846 44.040760399731163 -0.262779475485442 -0.439415141513291 -0.896636691016271 0.050149668537625 -0.021023522012557
1666259520.633217573 46.391034154912120 44.175809326440870 -0.233914883431947 -0.462031704845714 -0.884913456237173 0.052751795019880 -0.025925408577768
1666259520.724258184 46.297364316222165 44.292021933124438 -0.249388772355948 -0.477322602194507 -0.876940634431313 0.053828460359817 -0.015516248669131
1666259520.824977636 46.186472094496850 44.415224254126620 -0.279904539599771 -0.464959960852393 -0.883904819053086 0.050220160331151 0.001562419657203
1666259520.922972202 46.066248554117522 44.540404327526936 -0.265193199164091 -0.451353820184818 -0.890955867870723 0.045263623918011 0.020702049683685
1666259521.023074389 45.930338184690910 44.676614938119961 -0.233931907229497 -0.426327340740956 -0.903320313395039 0.046071576002011 0.011611194138578
1666259521.124283314 45.796327571728050 44.813218122357007 -0.223872711823552 -0.414183636176294 -0.908882340868439 0.048754764440018 0.002789072549838
1666259521.224446535 45.666862532329667 44.947825261160077 -0.256931210739397 -0.413421644522879 -0.909376704805799 0.045981289713809 -0.001507843758354
1666259521.326089621 45.543154254141733 45.094786332824590 -0.277502805578654 -0.436145607854727 -0.898854776867240 0.042796704893416 0.002353912114278
1666259521.425585747 45.429632010193330 45.252294043646963 -0.257133957918756 -0.464514755982618 -0.884260656091612 0.048006314465956 -0.002127753330681
1666259521.525406599 45.329185920663150 45.413977595579780 -0.226455227514547 -0.492877674517574 -0.868044512942014 0.057885998880948 -0.014816634130783
1666259521.624542713 45.240524107899084 45.562814416640990 -0.236380079451130 -0.506653470464783 -0.859727051029250 0.063799387375175 -0.010064629406683
1666259521.723678112 45.148706359697520 45.699971886288843 -0.273530968695699 -0.496138597216689 -0.865782604021326 0.065164118053781 0.004540114996416
1666259521.823099613 45.043361401299052 45.836807329218942 -0.264169848027268 -0.485261493217515 -0.872310188692727 0.056581501569501 0.019868356331293
1666259521.921843052 44.922641963975231 45.975597709378867 -0.227125724761105 -0.473401792029192 -0.879242724351578 0.052415261962939 0.008695705360816
1666259522.022926331 44.801170868140076 46.111074202357202 -0.205212226813026 -0.465493627672013 -0.883651754279353 0.049709283033142 -0.002060809574482
1666259522.123502970 44.683548135011456 46.241547511782812 -0.230128613048170 -0.466092937966449 -0.883749459659921 0.041186018252415 -0.006926588562420
1666259522.223669052 44.574014726881508 46.380777195517574 -0.245929683916955 -0.476270414693633 -0.878480812292268 0.037907093542779 -0.001003384777750
1666259522.323936224 44.469481647732870 46.533110409578597 -0.220028846045717 -0.491371111523270 -0.869917826306942 0.042259010745229 0.003403269696159
1666259522.425049305 44.367927266895983 46.691952668216516 -0.188177937865756 -0.515503330719226 -0.855534606658957 0.046725364350861 -0.011558250411164
1666259522.523406506 44.277675112026365 46.841505043219698 -0.194340323660191 -0.525074391237959 -0.849224243356157 0.054449558101130 -0.012260252233992
1666259522.622251749 44.185954970421719 46.986768725803174 -0.232079675070956 -0.506948778968152 -0.859934858694377 0.059013523072600 -0.005690202065156
1666259522.721752644 44.090696125604694 47.131464800336843 -0.238793699907224 -0.490306799486312 -0.869919972470178 0.052421829078105 0.009509769244329
1666259522.822182894 43.979067932192379 47.281808553029414 -0.211582745730816 -0.481415235570127 -0.875236650146722 0.046814642245058 0.002926853664123
1666259522.923629761 43.863377945275573 47.427608275526758 -0.185431170381441 -0.467023465254621 -0.882900412586669 0.048168559992064 -0.007465533078496
1666259523.025760174 43.751162984320750 47.566276545586447 -0.204322496530554 -0.469986955275966 -0.881749817290460 0.038294791107855 -0.012768341813779
1666259523.126226664 43.648508496016952 47.709633926827621 -0.238292973522080 -0.485060891684478 -0.873858621441591 0.031550790081326 -0.009570200400534
1666259523.227202415 43.556939608963226 47.864878068658477 -0.234572316253969 -0.505928965162240 -0.862068191363788 0.029407601697040 0.003083603583527
1666259523.326523542 43.473200316657561 48.028846878875093 -0.206408311963021 -0.543286800526909 -0.838723903325155 0.035982155885885 -0.009324742465834
1666259523.426755905 43.399974778566751 48.194498505135215 -0.193221859451397 -0.567637825548889 -0.821851796374515 0.046660070865777 -0.013029258954842
1666259523.524677992 43.329689839324736 48.346754482555724 -0.224323399445380 -0.567297808222663 -0.821581164592020 0.056273084573283 -0.003305559860354
1666259523.623442173 43.246412132279659 48.496596860860024 -0.241792888206622 -0.547774464133407 -0.834271666169912 0.061091048325599 0.014205889057588
1666259523.723165512 43.136722151025573 48.653086984003131 -0.211656324655782 -0.537445869173309 -0.841205945927267 0.058835503453736 0.007929550964800
1666259523.823687315 43.016896779828642 48.800054299970462 -0.182368691282694 -0.522564237126469 -0.850629647564466 0.057544233576691 -0.006669478454529
1666259523.923731804 42.898963021648846 48.935531509249969 -0.192378761255608 -0.508020945367275 -0.859886476624211 0.048115642018970 -0.013958917581372
1666259524.026275635 42.788367745721196 49.076688998426611 -0.220409874283082 -0.514797316961731 -0.856268204600049 0.040112291185731 -0.013397325697416
1666259524.126550674 42.691336352848822 49.228829966271903 -0.205162630656736 -0.521149959907586 -0.852391821653677 0.042155300532698 -0.007337050037051
1666259524.226819515 42.604594566221969 49.389535248006887 -0.171441040507591 -0.538164654464222 -0.841169107925532 0.049204952716644 -0.019804271895805
1666259524.326649666 42.534973422683699 49.546133960797022 -0.160400071756210 -0.561973366287956 -0.824713509974342 0.057555291428668 -0.026850520988335
1666259524.425967216 42.476077668408557 49.692497277830746 -0.189489810150624 -0.564665200374232 -0.822666304235976 0.063265507741785 -0.019257177654668
1666259524.525209427 42.419421804682358 49.836790697834715 -0.209296324350752 -0.557519175809862 -0.827867085133022 0.061645654969969 -0.002875966093251
1666259524.624904394 42.350547538950167 49.991165950456818 -0.185557302204476 -0.554305128074533 -0.830322069911961 0.057130904963756 0.006866214780616
1666259524.725292921 42.268346418776801 50.147192820705236 -0.155008833920150 -0.545201318110545 -0.836405651306178 0.056335549547669 -0.002723059083853
1666259524.826998711 42.184204777487075 50.299727577316432 -0.154554093029832 -0.544816311552643 -0.836954814414363 0.050606040426952 -0.010993360136838
1666259524.928076982 42.107024183289546 50.455980901600363 -0.185060601179321 -0.558237004852691 -0.828501865719816 0.041949617157228 -0.014011942486400
1666259525.031419754 42.036867343886783 50.627153065927054 -0.186527581085418 -0.573151001097506 -0.818639750043231 0.035762213964169 -0.006924856855061
1666259525.135864258 41.972758361972190 50.809807545230250 -0.156332197700419 -0.603135665880691 -0.796698402592827 0.034542169792661 -0.017488920913219
1666259525.223350525 41.930639030199494 50.961343720116268 -0.136869022878995 -0.626822676962022 -0.777713343030045 0.038334714987736 -0.028031006867498
1666259525.322997808 41.894529257265859 51.124074345834785 -0.155098391471452 -0.638652750634442 -0.767972779952308 0.043668099260537 -0.020822354966636
1666259525.422049761 41.860364161709825 51.278637583145333 -0.185725069439842 -0.625977448377380 -0.778611601359518 0.043612078096536 -0.003767624638032
1666259525.521030188 41.814550572229138 51.436111204449048 -0.172343545208157 -0.617744106618900 -0.785358283700631 0.037761904504723 0.013365011357768
1666259525.620617628 41.750939278512334 51.599498507331774 -0.139384183151798 -0.600705123350299 -0.798411970102870 0.040623754552492 0.006433610433835
1666259525.720885992 41.684550212083877 51.755436416404031 -0.124974273419351 -0.592725978110317 -0.804517102967960 0.037789584425891 -0.000305309885850
1666259525.822411299 41.621437929818335 51.907101520499324 -0.154132570007059 -0.593980491120405 -0.804072924747087 0.025423563062242 -0.002747780603950
1666259525.923486948 41.571318603059765 52.061640767458336 -0.174498470230120 -0.610332756243048 -0.791830726395624 0.019951702463556 0.009997847835858
1666259526.023874998 41.530059715115648 52.221198256699722 -0.154171837561104 -0.622410994159118 -0.782112916271858 0.018696775476883 0.023545087329537
1666259526.126093149 41.489838636602201 52.383197132549796 -0.121236888772376 -0.641693750587493 -0.766359542975483 0.021730450854013 0.021212469282160
1666259526.226262569 41.455432332933675 52.536474779048859 -0.124370892831154 -0.650677286349184 -0.758581905600079 0.021783398956948 0.026420542297570
1666259526.325241327 41.416971856868315 52.686030746048957 -0.166902513034163 -0.634961627059034 -0.771139945070846 0.022420004266293 0.040795351296161
1666259526.424817324 41.368958825036088 52.842297197528623 -0.181189370322755 -0.622045531696008 -0.781214519297386 0.013031462332910 0.050925556702411
1666259526.525048733 41.306829850253578 53.013019470669605 -0.150080959725159 -0.607419057501788 -0.793218196438941 0.013102926347918 0.040930364558773
1666259526.625255346 41.240144138937367 53.181688059307504 -0.130388428686999 -0.596075284151419 -0.802340449392871 0.018437638029393 0.024578698007599
1666259526.728130102 41.171820546154862 53.348391260811042 -0.160624477303287 -0.598397239258928 -0.800931621346686 0.017337005842830 0.011345051902332
1666259526.832405567 41.111326718616269 53.516037121039275 -0.199664712971175 -0.615441756148710 -0.788010143922856 0.015019231656903 0.006773517823709
1666259526.932397842 41.066727036831224 53.678251564956454 -0.189497057068824 -0.629513338796561 -0.776633892636558 0.016781642235743 0.016466012549035
1666259527.032380581 41.027870554076593 53.841484070907953 -0.162532954235172 -0.652701867834577 -0.757206335663325 0.022189041840015 0.011246482952275
1666259527.131179094 40.994151708145942 53.999231132508775 -0.159988737356240 -0.671257223981137 -0.740618688437819 0.027981689661454 0.010710865206538
1666259527.231992483 40.955607896801659 54.157071552032839 -0.196308069138854 -0.668344402222744 -0.743168975152758 0.027984697315375 0.015247658970780
1666259527.329257727 40.911276219534074 54.309760341210556 -0.217603421743516 -0.654975451615641 -0.754854195730520 0.022238471389944 0.026603596733457
1666259527.429548740 40.854547461642461 54.476118486009049 -0.202401494843114 -0.637557646734198 -0.769276730848565 0.021573192044930 0.035611175923989
1666259527.531004906 40.786810800974258 54.649439202211369 -0.177864157757270 -0.609578294061947 -0.791826167403011 0.029124429443814 0.024028974883638
1666259527.632011652 40.719451998851390 54.818420397995332 -0.188277568036712 -0.603546023135687 -0.796580295262263 0.031134213188170 0.014922865882171
1666259527.732252836 40.656666031480903 54.985190318403298 -0.227544847513268 -0.613205349722166 -0.789344761566988 0.028737047381265 0.009393006264122
1666259527.832616806 40.603493052870725 55.155893456965771 -0.236173453363584 -0.630288660612213 -0.775771156215276 0.026526674456837 0.014548299912284
1666259527.924340248 40.561229659532593 55.317764924626005 -0.218248950322508 -0.650704988247255 -0.758464903819381 0.035268060636946 0.008376863572146
1666259528.023463488 40.525181596068649 55.492528393880775 -0.196277349676600 -0.668168611515231 -0.742880339344200 0.040723415472124 -0.004594718047941
1666259528.122564316 40.494067865290894 55.657534921083297 -0.221170548632633 -0.676340915170370 -0.734949081014799 0.048804788556200 0.005559442057728
1666259528.221432209 40.459274364867532 55.816694211148437 -0.262195518680741 -0.653998981696136 -0.754868325225447 0.047131790055000 0.015418750855970
1666259528.320641756 40.416980047345710 55.980015920050946 -0.256056143576148 -0.637973784682826 -0.768420166209896 0.041511421750314 0.028225876136874
1666259528.421904325 40.360846260229863 56.152348518614268 -0.226832608953928 -0.619942921493623 -0.783105034576088 0.045808671567403 0.017856217986050
1666259528.527166367 40.300373305286605 56.324559776575661 -0.219775973999397 -0.617498161644370 -0.785251965362227 0.045243669184741 0.005327443972951
1666259528.631468534 40.243763426285454 56.492994223920462 -0.260877453552395 -0.628428854536900 -0.777108750322745 0.033724803364092 -0.006465492658308
1666259528.734840870 40.200003616583366 56.666880283721085 -0.285762756028606 -0.656069242996999 -0.754237311119557 0.025935235808777 -0.005156593064097
1666259528.825789690 40.171779182675749 56.828242758644663 -0.275083130636101 -0.677408526623181 -0.735071186254546 0.027521179659375 -0.005533883509957
1666259528.926002502 40.152032134653091 57.006937119040174 -0.251162628538584 -0.700429135978911 -0.712647532843282 0.035574469606583 -0.016339416036988
1666259529.029824972 40.139515787380205 57.182868470009886 -0.264576069148898 -0.702656780569017 -0.709986805638759 0.046148149381213 -0.007907771363911
1666259529.121718407 40.121044416677996 57.332874065432357 -0.305323462817807 -0.681241377241695 -0.730285379750938 0.050248833699635 0.008276760700487
1666259529.221047878 40.082391196620272 57.497741126886957 -0.314969804334068 -0.663339503923012 -0.746857186633802 0.041078462352595 0.022307067027332
1666259529.321401119 40.020463358168236 57.675772421175850 -0.287884393617818 -0.647499287342517 -0.760818878841623 0.041617632421243 0.012933644527297
1666259529.422493696 39.950585481295256 57.851003681756175 -0.269453516966220 -0.630874409678569 -0.774690433856354 0.042941443908623 -0.002871114629147
1666259529.523742437 39.882209830469812 58.017654123604522 -0.300365068620615 -0.630368646945696 -0.775389491934510 0.034452144656135 -0.014817370684053
1666259529.624176741 39.826052107977247 58.181858669297206 -0.334630470927164 -0.646486955647662 -0.762366364123385 0.024135189964892 -0.016420585740654
1666259529.724603653 39.787228325269389 58.350249318820175 -0.324747154582653 -0.665261482304117 -0.746251085264943 0.020753176236307 -0.010285114463636
1666259529.825402021 39.762536766425441 58.522956537824797 -0.292946264556055 -0.683286769257736 -0.729430229028356 0.028279735541154 -0.015842616409149
1666259529.923430681 39.750753681100271 58.685067499516776 -0.290969537780303 -0.695714091997263 -0.717364074053774 0.036402717002206 -0.006747566098428
1666259530.021126270 39.738893569336888 58.840104636154251 -0.333556048198089 -0.682913124945944 -0.729055848252810 0.043125809636862 0.015728904860341
1666259530.120815277 39.719580237022200 59.001443740541433 -0.358205335629323 -0.661244068111000 -0.748497275450635 0.035585042204069 0.035239406951956
1666259530.220639944 39.679257043086452 59.180703279096996 -0.333973949110099 -0.648214265940809 -0.759835432236351 0.036015721943384 0.034223517088600
1666259530.321097374 39.625020515940676 59.364015827046053 -0.308750681444048 -0.637122357448235 -0.769298418754362 0.043677873454681 0.018635662374025
1666259530.422552347 39.569124808777538 59.542873360490574 -0.331086544532982 -0.642932747122204 -0.765091838308481 0.035639069924845 -0.001348453386947
1666259530.524179935 39.523033152596263 59.720860722252773 -0.376044277386661 -0.656404359013831 -0.753576668984538 0.034687268301852 -0.007232900356347
1666259530.625585556 39.495142292517805 59.901877807192484 -0.379007677567195 -0.671523175530064 -0.740177663062002 0.034484863109978 -0.002108565004567
1666259530.725438118 39.480151722441697 60.084990624302471 -0.354983170607565 -0.695401216720181 -0.716975551194803 0.047150478476488 -0.011833813943000
1666259530.824581861 39.476684047107142 60.263249128159998 -0.344338363228526 -0.711069956538632 -0.700626034360769 0.056639725299813 -0.017164451695643
1666259530.923346996 39.475173519396755 60.432396559578109 -0.379740873778628 -0.706819857644340 -0.704077138097130 0.068163141235142 -0.005904119371172
1666259531.023117781 39.470679657702988 60.597971950391496 -0.412627586962602 -0.696118034278388 -0.714833852913133 0.065775436859751 0.010287710516328
1666259531.122274160 39.455690483366695 60.774952635508228 -0.397681958368638 -0.688566703612309 -0.721873629621825 0.067739152279618 0.013629555441399
1666259531.221776009 39.431162816833897 60.952147281794396 -0.370678161101848 -0.676691103112994 -0.732330486990905 0.075878279727450 0.004867797960830
1666259531.321347952 39.403822144897383 61.115703285733936 -0.375030116704708 -0.677267838147579 -0.731902549372684 0.074997187442435 0.001534766560465
1666259531.422190428 39.376556619266161 61.271185771436073 -0.415263044737081 -0.684610587936887 -0.725745823357679 0.067546166790566 0.006233627795729
1666259531.522349358 39.353780646316189 61.427164434674609 -0.421243111218653 -0.695484413965130 -0.716214832679415 0.055324360279197 0.016642071423814
1666259531.622506142 39.334874517614828 61.596287379275793 -0.393609448634942 -0.707255176983373 -0.704450484883629 0.058030209734123 0.013119593577973
1666259531.722285032 39.326654236666720 61.767919317855345 -0.372039928072859 -0.724905954372157 -0.686149860848728 0.060878308151056 0.001886099077176
1666259531.821535826 39.328333169444413 61.931744946201945 -0.390588462320626 -0.733433465690445 -0.677050173720575 0.060356070256011 0.005963090934529
1666259531.920989752 39.332635388904144 62.089808246799542 -0.425330006288839 -0.719271065540179 -0.691635078950730 0.060302487653670 0.025566810991828
1666259532.020330906 39.331739684774071 62.255248486348101 -0.419958696987025 -0.708863369874595 -0.702285489327778 0.053309669004954 0.038286988916062
1666259532.121001959 39.319713607913819 62.437012519646181 -0.391262523886552 -0.696855239776079 -0.713327098056292 0.065930279596755 0.034791151281702
1666259532.221854925 39.295899637292578 62.619293595205534 -0.388310233517658 -0.687951679469600 -0.722013095172124 0.070429966221851 0.021428881746741
1666259532.323185205 39.265936451795277 62.796232550458299 -0.425718187537078 -0.698329145951544 -0.712173539209939 0.071053948942532 0.009828036601937
1666259532.422930717 39.239991881965921 62.958343793332013 -0.446382766238172 -0.707901095238670 -0.703718016150187 0.059231741248820 0.012189911163287
1666259532.532799959 39.214951104071545 63.133360097955688 -0.435311271005799 -0.737450513408275 -0.673691585222554 0.046893006158990 0.010365049327763
1666259532.623443842 39.196332097631696 63.280499751989502 -0.409320069895257 -0.751924202860321 -0.657967203217371 0.041099267901277 0.000053114597320
1666259532.722745895 39.179139210536171 63.438735624610800 -0.417963824004985 -0.757985055326051 -0.651267347110681 0.035736360589132 0.005693067856957
1666259532.821418285 39.155867584570181 63.597934321467548 -0.458760646481342 -0.736142237734319 -0.676084216365419 0.028368918014101 0.014140109468333
1666259532.921385050 39.123510676918357 63.766192897992902 -0.464408570866484 -0.715124409812299 -0.698660615476111 0.011369674954192 0.018470337424895
1666259533.021605015 39.081056551512212 63.948342934121207 -0.436573707999922 -0.692304921237027 -0.721520665694534 0.009939119239527 0.004799887024968
1666259533.122233868 39.037947597831455 64.127745514765635 -0.418332554255269 -0.670741209000563 -0.741518317279996 0.013051339298552 -0.009299367140860
1666259533.224188805 38.998839194631991 64.302199878244068 -0.449321787793732 -0.652031588391766 -0.757938705347391 0.013282548816374 -0.014397936399750
1666259533.323538780 38.967610667636905 64.470428058708990 -0.485609201306385 -0.659483585126832 -0.751516080822744 0.010370593535210 -0.014051049882858
1666259533.425275803 38.942425845849634 64.655498685674772 -0.466966144817423 -0.674728706698839 -0.737638862326696 0.013396764650819 -0.021227525498283
1666259533.526814222 38.925853156056334 64.838025396424655 -0.438729766063248 -0.684475878810610 -0.727721374892015 0.022394823268914 -0.037587813749586
1666259533.624786615 38.923527202928000 64.999282228945262 -0.440939377377610 -0.695159283139317 -0.717134013573081 0.031007568067041 -0.038870404736292
1666259533.723124981 38.927112452260275 65.148008220667904 -0.478443432544140 -0.677511345178157 -0.734185258756263 0.037051981187485 -0.024031930217213
1666259533.821907520 38.929814943904525 65.289931085279733 -0.502104953566591 -0.659043641267591 -0.751599065092600 0.027440917725452 -0.002705603642358
1666259533.921970367 38.921768184325288 65.439248478489930 -0.491224181074512 -0.650570659076597 -0.758915829167862 0.027362928228145 0.007473415944598
1666259534.021959782 38.903837887911791 65.590519454555022 -0.466379339070901 -0.629325584967752 -0.776328445513002 0.035236326969506 0.004674831981983
1666259534.123252869 38.883496864345943 65.738530283491002 -0.474309198137386 -0.631885872836108 -0.774256573858587 0.035310379753026 0.000422644780299
1666259534.224686146 38.866007811068627 65.886712463001146 -0.516047856540766 -0.648698511849548 -0.760354716862301 0.032373148064877 -0.001710132685442
1666259534.326055050 38.855277388726329 66.035401124376818 -0.527077781467874 -0.667218173294433 -0.744203662355354 0.030036547534494 0.008867016111809
1666259534.426931143 38.848576815633272 66.183170401209154 -0.506506244834313 -0.689229176779165 -0.723602673967335 0.034441273298424 0.013270674331810
1666259534.526763201 38.845262670761407 66.325056921441714 -0.483140618835285 -0.702083403904846 -0.710912812463419 0.038948324401754 0.012841147263091
1666259534.624845982 38.839893815082192 66.459107987605435 -0.497013988704120 -0.701040965334379 -0.711413003480724 0.042661663234386 0.024760571311126
1666259534.723974466 38.824028027151861 66.596721738812747 -0.536708815889681 -0.691096254284252 -0.721488672440028 0.032231231274939 0.028305663488126
1666259534.822664261 38.800512799330555 66.739084458365170 -0.549733283115220 -0.677405225121977 -0.734413075676925 0.019133263327085 0.037329793552325
1666259534.922968626 38.769412434502087 66.895181173760434 -0.535449367520654 -0.657816305203694 -0.752291541906268 0.015006879353970 0.033315734368393
1666259535.023570776 38.734568969722872 67.054944029678495 -0.515021536411128 -0.631097001275382 -0.775007671669476 0.023094695971751 0.023373464712143
1666259535.123992443 38.701504915078992 67.208944151771448 -0.529216498439441 -0.622090115331696 -0.782379379909804 0.025261677368431 0.015755695956742
1666259535.225405216 38.671803369047851 67.362796042415553 -0.567688350428249 -0.630633040164734 -0.775598071839966 0.024382292499989 0.012454052479267
1666259535.326109648 38.651652047421059 67.520805725431302 -0.567357817771367 -0.647426418133697 -0.761686565928242 0.022867326033882 0.012234941237009
1666259535.426156282 38.638129737245386 67.679725199945722 -0.542956156282450 -0.665399440916161 -0.745817111380912 0.031561786044040 0.002067380372026
1666259535.525934219 38.633424802432550 67.828702614277091 -0.529814398410905 -0.682667422745802 -0.729616505056874 0.039989772624722 -0.005075781281708
1666259535.624876261 38.633334004144153 67.964772434694723 -0.554028887845294 -0.682067919110164 -0.730109360124446 0.041512419696508 0.000628482572314
1666259535.724327803 38.629553527940217 68.096461291740070 -0.586764821066553 -0.666790692140515 -0.744157518619267 0.037913161257125 0.013503798009432
1666259535.824208021 38.614274156560796 68.232830067248599 -0.580371030615856 -0.651415623777793 -0.757873058752956 0.025720889172184 0.024990953859725
1666259535.923413277 38.585108658546460 68.374131756714078 -0.561261359806750 -0.628325250187686 -0.777256930552558 0.024481002080768 0.021902612212256
1666259536.024785519 38.549594901821280 68.517354262500945 -0.549695227826676 -0.607424624167541 -0.793936559115291 0.023192135400669 0.012735419531774
1666259536.124165297 38.516429529581735 68.655372006372090 -0.570147465689165 -0.601119768200579 -0.798914584150554 0.018473665750384 0.007016778731896
1666259536.225379944 38.491578990668245 68.798502114231937 -0.604022807547276 -0.616553294106197 -0.787085547075728 0.016367039117778 0.009512998571214
1666259536.325889826 38.474941119338546 68.945553638858399 -0.605029031408081 -0.630462567471742 -0.775900346238496 0.013071779281136 0.018020330472745
1666259536.425686121 38.459456607098566 69.097600224556530 -0.584932334700841 -0.653827417563818 -0.756340902180537 0.018249578786755 0.011184838160029
1666259536.525290966 38.446732023228705 69.250336393030622 -0.575746166322593 -0.664156879713966 -0.746927005101109 0.030879752179741 0.006490692152147
1666259536.624089241 38.431150772261738 69.400601061840234 -0.607812652033047 -0.652418273590677 -0.756662828165119 0.041672550934380 0.008669443854450
1666259536.723683119 38.405434748287369 69.554215760364883 -0.644964236098878 -0.641348410344136 -0.766051461742282 0.042412285867621 0.006210677824942
1666259536.823394775 38.370474146801961 69.709531422710967 -0.643131362591870 -0.629256714575539 -0.775873962943812 0.043919245927313 0.011255248759581
1666259536.923488379 38.323520346321928 69.866527001532987 -0.628434716244511 -0.608549730580547 -0.791956396455875 0.049618499545847 -0.003208742088139
1666259537.024182796 38.270968104996790 70.014724631771728 -0.619721948052049 -0.593832412791629 -0.802603171007930 0.054732885122667 -0.013983085934006
1666259537.125121355 38.217474147839688 70.152105198035230 -0.645428277241960 -0.594207136881454 -0.802342371489924 0.053034285105738 -0.018760650159118
1666259537.225680828 38.168937795558158 70.287679390545748 -0.678206052883428 -0.603612745217692 -0.795939638733280 0.042713750569593 -0.017529427149115
1666259537.327223063 38.124643667744472 70.434775954653844 -0.672820860601120 -0.616816351497615 -0.785850460039992 0.043104098143531 -0.010894021449229
1666259537.425722361 38.086909458505637 70.585066803996540 -0.651054398770914 -0.632719257578266 -0.772417422737717 0.050182875094330 -0.022789146278392
1666259537.524979353 38.058726259273065 70.730384682997197 -0.645529677297118 -0.643879427444077 -0.762354174308102 0.060251062748596 -0.024600920043032
1666259537.623808146 38.032022371963002 70.863742790961851 -0.676525489985043 -0.634933870276927 -0.770057415651687 0.059414425546953 -0.018452181766206
1666259537.723007917 37.997187749641249 70.995740942715059 -0.705076468408635 -0.625087195637415 -0.778598189290886 0.054860670092984 -0.006415945764628
1666259537.822573900 37.947106512909130 71.134334992181806 -0.690373439043577 -0.611765335407650 -0.789804391018509 0.044177901493241 0.000715081184535
1666259537.922034025 37.882510781228575 71.269264998206467 -0.666063024067960 -0.577810790709891 -0.814859946213720 0.046173210137184 -0.002448032150607
1666259538.022266626 37.809451774094093 71.395903934023494 -0.661742266943355 -0.548430764930755 -0.834933512329719 0.045648287469764 -0.005095087565796
1666259538.123297691 37.734992298194996 71.519565431242938 -0.692641152798808 -0.539186499115515 -0.841389123031501 0.035248217380069 -0.009991295579853
1666259538.225015402 37.667511390312256 71.650646275342567 -0.717066163595454 -0.549103510893619 -0.835265469244508 0.028488610210427 -0.002308527741160
1666259538.325603008 37.605352115839402 71.790251535736871 -0.707640588322014 -0.556959344669126 -0.830260425734541 0.021488111390949 0.001474758857460
1666259538.425879717 37.547841307760656 71.937744060986461 -0.686494902623572 -0.581850568228347 -0.812799444836056 0.026740136022967 -0.009588735684289
1666259538.526015520 37.498663008022149 72.085796257505990 -0.691040630410289 -0.582397710290848 -0.812213385780971 0.030852773327005 -0.013054860559245
1666259538.624290943 37.451837210438924 72.230683539786540 -0.728273675916625 -0.565826191177474 -0.823604344321928 0.038393711462181 -0.006521373459494
1666259538.723799706 37.398247342173818 72.381127624105119 -0.741422266088487 -0.554039325804159 -0.831765330304101 0.034736565920448 0.000481409013002
1666259538.823663712 37.331354710369403 72.539319451677017 -0.718669727266331 -0.541729463855209 -0.839795655511554 0.035312461877054 -0.005047277607625
1666259538.923880816 37.259002219608206 72.695854404660523 -0.699665077888876 -0.522177850533027 -0.851409731981864 0.046398088397110 -0.016702637287920
1666259539.024325609 37.187299179383409 72.846190586654188 -0.715084442983391 -0.513431783595841 -0.856312496927821 0.049771075423348 -0.025289350526219
1666259539.125292063 37.118102410374675 72.993203403327286 -0.748354514553706 -0.526020216000606 -0.848726514348353 0.047739771389362 -0.026209739191052
1666259539.225485563 37.051600974598863 73.138921819886932 -0.751234784791591 -0.533558677611557 -0.844457453179713 0.045140578058244 -0.013002904568085
1666259539.325753450 36.982479248016510 73.288914544385818 -0.731505194425378 -0.557000947886154 -0.828983770162366 0.047553201919756 -0.016569425110542
1666259539.425307989 36.919779217363114 73.440303051416166 -0.713781395022111 -0.573940706463798 -0.816693361166731 0.053558107076132 -0.027120996597571
1666259539.525478601 36.864611361449974 73.586724955114434 -0.737763289659428 -0.572658473747672 -0.817122148224454 0.062558388337349 -0.021450300106835
1666259539.623746872 36.807599070101162 73.727046450957573 -0.772149196274873 -0.550915943248367 -0.831925298911108 0.065115111243378 -0.012326507785610
1666259539.723514080 36.739829299304404 73.870755411269201 -0.765943338302408 -0.540377003849230 -0.839515047386098 0.056626504805919 -0.000786051341913
1666259539.824175119 36.656201931546953 74.019938848400798 -0.741597385593503 -0.521547650200669 -0.851233270493337 0.057701160936340 -0.007780989781316
1666259539.923376322 36.570395104801705 74.164300093512324 -0.729931346319683 -0.504872617045333 -0.860984721043431 0.058661630072621 -0.019177169884638
1666259540.023922443 36.487557319745157 74.306976398275452 -0.756807753663329 -0.508345090117981 -0.859058760855457 0.053225545216959 -0.027755289347914
1666259540.124686480 36.414724172750240 74.451111599711481 -0.785616040007091 -0.519254606295464 -0.853026790697845 0.047360364630502 -0.021839048851632
1666259540.224791050 36.346898327603192 74.602993382154693 -0.773005448661630 -0.530313647879368 -0.846407623175515 0.046111180072153 -0.015340449002815
1666259540.325046301 36.281820565430522 74.760689124277363 -0.745211808101004 -0.552825420619194 -0.831388361543997 0.049450901935314 -0.027056513156437
1666259540.423907280 36.225184984685747 74.911281051908929 -0.739322155806501 -0.558276714166198 -0.827305626192730 0.055271871230436 -0.028940137185845
1666259540.523060560 36.170098120056323 75.054258462732136 -0.772167297503356 -0.549280177673901 -0.833502672582747 0.055306307793174 -0.022489853939785
1666259540.622550488 36.112119949538872 75.193492245612788 -0.789119380801104 -0.533594000195233 -0.844384076687359 0.047052161256068 -0.008892025282192
1666259540.722245216 36.047846727032407 75.334048215902129 -0.770942457817730 -0.524250628350808 -0.850736951345892 0.037462835620575 -0.002110506040363
1666259540.822589397 35.977403853356321 75.476382612562105 -0.744567880723576 -0.504605201517157 -0.862309712182972 0.041807094248343 -0.006907803359904
1666259540.923928499 35.908981919720595 75.616363852201729 -0.747620547672411 -0.498662215965536 -0.865991968058910 0.035362192241092 -0.011975850103520
1666259541.025552034 35.845127204828522 75.755459156295416 -0.784484959812963 -0.512318427672913 -0.858191027699776 0.030162499542387 -0.011323085432499
1666259541.125478745 35.788612729453703 75.898787417946977 -0.798546424683763 -0.536473074191943 -0.843626924056394 0.022093937328621 -0.001453137128165
1666259541.225183725 35.731325365440128 76.050917705024688 -0.780280052892072 -0.548233429938676 -0.835926028625111 0.025831595490726 -0.000713890138093
1666259541.324700832 35.676373156598324 76.202452661899414 -0.757915990451030 -0.567837091823194 -0.822407730619535 0.033193686149843 -0.010234303434497
1666259541.423838854 35.624239014906600 76.345313621068811 -0.771819343331692 -0.563126007037282 -0.825255196191713 0.042481149739395 -0.006189771695574
1666259541.523141623 35.567143697139230 76.482147761894083 -0.807091099085118 -0.546774458312458 -0.836129705687601 0.043839106233270 0.001714575326859
1666259541.623096228 35.500116556430122 76.619384046979860 -0.804720994516223 -0.534124975317985 -0.844728730601167 0.032054823364694 0.010787526943725
1666259541.723021984 35.418929494285777 76.761587242337910 -0.780688067532729 -0.514468330205312 -0.856804636297597 0.033909719224260 0.007634355037082
1666259541.823415518 35.331334712863423 76.904400230756806 -0.766660636002719 -0.490926584371202 -0.870468207318645 0.035053420115625 -0.006888145126818
1666259541.924524069 35.243960146276471 77.045849502592802 -0.791297626443567 -0.485927299908213 -0.873206778270616 0.033634839666241 -0.015914746205670
1666259542.025694609 35.160819031602351 77.190440215008266 -0.826315388880107 -0.501492018983173 -0.864494267010456 0.028476294179183 -0.018561192635590
1666259542.126311779 35.079609126709691 77.343360865494517 -0.821465478299180 -0.507361903506903 -0.861186246853034 0.028469006715868 -0.011474439317388
1666259542.227396488 34.997176460252653 77.504315965550504 -0.798423259809356 -0.531791487495647 -0.845853913853696 0.033937863507722 -0.024024813549401
1666259542.324779510 34.924479626424151 77.656855930447151 -0.792999386771385 -0.540186170686693 -0.839871432494474 0.042041022954797 -0.032364027367440
1666259542.423322916 34.853735563813999 77.804887786407306 -0.824585803369237 -0.528482789562919 -0.846901974210377 0.052480835772657 -0.026622341951154
1666259542.522206545 34.774430668161258 77.950553321591116 -0.845248744602726 -0.506109974093724 -0.860714640874582 0.052035601283461 -0.017756613023275
1666259542.622238874 34.681119712516683 78.098396612761434 -0.828489128842033 -0.484827108877663 -0.873085693839676 0.050651971691618 -0.009920860525707
1666259542.721988440 34.574520077574697 78.241544537796727 -0.804400966248874 -0.451192347048057 -0.890330935743800 0.058628135267059 -0.017292558455664
1666259542.823065042 34.463823071995243 78.377363578799006 -0.807716752341479 -0.428325832549726 -0.901720424013102 0.052325233510620 -0.026444810951789
1666259542.924058914 34.357227174598307 78.510845757125082 -0.844493038771008 -0.429392005027422 -0.901579987558355 0.043030287045449 -0.030404382078790
1666259543.025600910 34.256744744761058 78.656143875026146 -0.862645187861334 -0.448524528112483 -0.892752655270157 0.034949624307366 -0.024432927584159
1666259543.126079559 34.157680557907334 78.819318827261270 -0.845091482527967 -0.466253338506503 -0.883031828571775 0.039004227139682 -0.036623548789857
1666259543.226339817 34.068210224264817 78.985691698395286 -0.824601130477027 -0.492349303646552 -0.867099746652567 0.051990223674004 -0.055020079935745
1666259543.325711250 33.989673911329753 79.139685964817190 -0.838991153435408 -0.489251502999257 -0.868084387600084 0.063178969416642 -0.055415527078659
1666259543.425709724 33.910058309079361 79.281402508749537 -0.874503499161447 -0.473480057666811 -0.877042773388383 0.067945531542932 -0.044676765576704
1666259543.523768663 33.824413106529100 79.413695175837461 -0.875213901575406 -0.462987345931729 -0.883864715934885 0.061095747231918 -0.026328522605946
1666259543.624419928 33.720539109415547 79.547623165672917 -0.848243945602384 -0.443438720229352 -0.893746277473877 0.062314654165186 -0.026392741032609
1666259543.723720074 33.615775946565734 79.671249868907310 -0.829795689791273 -0.433249066089283 -0.898912389648199 0.057140122978622 -0.031412876590936
1666259543.824660063 33.512610209318680 79.790663609569080 -0.856186350877860 -0.442979321074467 -0.894838877761262 0.046420903425752 -0.029627751728843
1666259543.925610065 33.415450012037901 79.914094175229025 -0.884911069270284 -0.467287632282709 -0.883316025971842 0.032400054720320 -0.018582341915167
1666259544.025546074 33.323878211348109 80.046344124657310 -0.867582974182068 -0.486913162114614 -0.873055584240397 0.024881130491385 -0.008393374272495
1666259544.125669241 33.235115996631066 80.183964000375411 -0.834334523626311 -0.509861101442131 -0.859771846726790 0.024625218213340 -0.015087327137963
1666259544.224636793 33.155549326887382 80.318752981249730 -0.833378434011863 -0.514749681307794 -0.856717650600011 0.030678304751922 -0.011246082049782
1666259544.323241234 33.073888003312355 80.451963577075219 -0.871541313633964 -0.499930206497909 -0.865242129505897 0.037760081201138 0.000149086356831
1666259544.422402382 32.982297121815130 80.587237545013352 -0.887276476649575 -0.478693891549305 -0.877254489059173 0.033700280071253 0.011874794399509
1666259544.522041321 32.877536096832266 80.726618969439741 -0.863911738158671 -0.468635247798976 -0.882715026140308 0.032221663329815 0.012528030921401
1666259544.622960329 32.766424419744368 80.863676903025095 -0.838950855409776 -0.447370512598143 -0.893497633222986 0.038761028799531 0.004380243029700
1666259544.722286463 32.659053691404964 80.992640273671682 -0.853353226906451 -0.441206312658185 -0.896665945027035 0.036422621714793 -0.000751882146957
1666259544.824474096 32.554019201528597 81.126083863012781 -0.891856686143373 -0.455177850245788 -0.889847468108928 0.031374570494125 0.000494441161000
1666259544.924635887 32.457939353232653 81.260861760053174 -0.900311424405664 -0.471361247065117 -0.881269453938781 0.030157867264555 0.016529590488380
1666259545.024594069 32.359911884721477 81.400709068812276 -0.877729894284279 -0.494355636784988 -0.868562948912599 0.033152629988667 0.010574085302937
1666259545.124209642 32.267246641073690 81.543049330039537 -0.858746025178398 -0.512997556335501 -0.857511124374722 0.038830103973307 -0.000633871302110
1666259545.223239422 32.181225147070350 81.679304041397685 -0.886909751957069 -0.507689763130365 -0.860330103076253 0.045568146962032 0.002600410714765
1666259545.322249413 32.095030380810300 81.809737412753691 -0.922581170895652 -0.491669057682627 -0.869346087484509 0.047805206776209 0.014614379834219
1666259545.422359705 32.003902391410662 81.939670091368583 -0.913889003802543 -0.481375348580674 -0.875253332570960 0.036243068488444 0.029930211973939
1666259545.522628069 31.898791920272672 82.071974162809809 -0.887065108751206 -0.458403762520469 -0.887691326575589 0.034915896046624 0.025514298595290
1666259545.624110699 31.789205841392388 82.203022828696277 -0.878183898580721 -0.447555611576390 -0.893369674838905 0.035310444675920 0.018378550582207
1666259545.724386454 31.685233138539701 82.331292059384239 -0.912627276814594 -0.455168348466318 -0.889991537617325 0.024428358830387 0.011836080806086
1666259545.825351477 31.591215196672344 82.463641007118525 -0.941016669253178 -0.484689834150649 -0.874260615909387 0.019455719111756 0.019121065205700
1666259545.926860094 31.502931257500183 82.601939173539066 -0.926972668507725 -0.499584792398024 -0.865447451000246 0.022544433977276 0.030124628768586
1666259546.025121689 31.421552088080858 82.740561759963455 -0.897596096441185 -0.528658107105251 -0.848276133473367 0.023404527744524 0.020010878352111
1666259546.124578476 31.345797346451462 82.880880977496915 -0.902499686924441 -0.542244027600455 -0.839558824571953 0.027248225844372 0.019233533303377
1666259546.223389149 31.269173140508350 83.018662183656730 -0.944421642736867 -0.534381540120119 -0.844167496616060 0.032465605202676 0.027633163312366
1666259546.323027372 31.188414881823544 83.157362517489503 -0.962619295660431 -0.513756502099980 -0.856451877419042 0.030146033323509 0.040443230462576
1666259546.422269583 31.098865475344905 83.298338588649059 -0.945644315604410 -0.493846750558778 -0.868038900476631 0.028627312131718 0.042477420142604
1666259546.523246527 31.002555119556593 83.442860712846979 -0.924795224895780 -0.485248820286862 -0.873137605408551 0.034613527928419 0.031083888366471
1666259546.624164343 30.907383526895568 83.585289110199170 -0.941496080350201 -0.484880262042581 -0.873614402114741 0.034553342070758 0.022250268559355
1666259546.725198030 30.820601445732159 83.728445177455299 -0.982011464095772 -0.510965911091545 -0.858859649760096 0.030568096996685 0.018426371383245
1666259546.825723410 30.744108530470008 83.875798797750036 -0.984700749246295 -0.534201371749207 -0.844223551731887 0.034372549892230 0.027092746932913
1666259546.927547932 30.670315754878452 84.031009631238149 -0.959821487348814 -0.562178867996251 -0.825708756744156 0.042430535725070 0.018963624457299
1666259547.026342630 30.606348764085240 84.180871631391526 -0.946615954172935 -0.577285030949763 -0.815047966853791 0.048649435084696 0.008487475170690
1666259547.125819445 30.546581833581897 84.326003126439119 -0.979666322315965 -0.576863652915426 -0.814580014273053 0.058838169416196 0.015026513625396
1666259547.223822594 30.483078843544899 84.462773564482873 -1.016628585108237 -0.557436158622554 -0.828048688781471 0.054173667514748 0.025797515683083
1666259547.323731661 30.408371663181789 84.599420416177836 -1.014978731042034 -0.537520990182210 -0.841209713209631 0.041440130725713 0.041474318327640
1666259547.424077034 30.317100046304386 84.742271705249706 -0.991880974890537 -0.518253533369626 -0.853661070655283 0.038853352313142 0.034153603200915
1666259547.524862051 30.222037523386369 84.887740928286860 -0.981686558415778 -0.506697973434373 -0.861331069897327 0.032241522288380 0.018067539609839
1666259547.626020670 30.132909010698270 85.034456833856453 -1.011980461111444 -0.517954826691386 -0.854892841974421 0.028338079384625 0.008830600477039
1666259547.727185488 30.058416472878523 85.185564354220233 -1.048449737251192 -0.546009098926448 -0.837467110017989 0.021006624071318 0.009034670595684
1666259547.827078342 29.995331375525478 85.348526258545405 -1.040731967876078 -0.567696771865579 -0.822817263998153 0.024970716916293 0.008281822062844
1666259547.926701784 29.942263306632729 85.517992758960261 -1.014688200874969 -0.595156160523221 -0.802729397547403 0.037207982496645 -0.005497721616261
1666259548.025991201 29.898470341150777 85.679825004239234 -1.023966331708105 -0.604939393128582 -0.794676377271481 0.049619432571436 -0.008700457412556
1666259548.126067162 29.853589748568410 85.834037331231983 -1.074238285114614 -0.594597450410876 -0.801797878024019 0.059783020539754 -0.000158796126683
1666259548.224042416 29.800401379230635 85.982339874674622 -1.090552040462416 -0.582531043802544 -0.810800304423897 0.055964645538057 0.011331716649901
1666259548.326336145 29.726611731516748 86.138210952012486 -1.064790401769627 -0.572063494236551 -0.818470417240128 0.052833516149707 0.007625892465622
1666259548.426301479 29.649598985403419 86.280075218088157 -1.039812097477426 -0.559588902622828 -0.827348496544693 0.048523477217887 -0.000444393183186
1666259548.525866508 29.574833151262155 86.410932909892097 -1.054957375755075 -0.557360359307048 -0.829400034843603 0.037986372068836 -0.001430947796981
1666259548.626632452 29.507426535669126 86.542099041273914 -1.097163608112287 -0.571916364620041 -0.819948778851363 0.023621344283079 0.006140361081791
1666259548.727570772 29.449265081197233 86.693246022250904 -1.092556035798706 -0.594494670468138 -0.803706092713331 0.020808697677913 0.014128036714270
1666259548.826775789 29.398247956581940 86.855293493901328 -1.063573958070056 -0.610303030316705 -0.791798951059895 0.024178642996158 0.000159717128854
1666259548.926291943 29.360295454360120 87.013385558005240 -1.055964471930396 -0.633971304126782 -0.772653081784441 0.032244360134738 -0.006921126519195
1666259549.025371313 29.329159410776072 87.161133688946620 -1.094979640697033 -0.630516437046429 -0.775260641602201 0.037653889184483 0.001464522482942
1666259549.124424458 29.295728989985182 87.305162454189997 -1.132291616385430 -0.618635981713670 -0.784868829965162 0.032088945793554 0.015515844680202
1666259549.224553823 29.251984109974362 87.456302697111681 -1.133148155920174 -0.608218585817466 -0.793046608939519 0.020483739215237 0.026974883567753
1666259549.323858261 29.199214557070643 87.615325227659454 -1.110834363824661 -0.593228290659713 -0.804448863040877 0.024991639590519 0.017822453921167
1666259549.425757170 29.147792418533800 87.776712998859182 -1.107090848160214 -0.587375938207165 -0.808872686351081 0.025811222999617 0.006947320181340
1666259549.526279926 29.102956746437208 87.932153433825633 -1.149368143745086 -0.599167163403390 -0.800324317140178 0.021712796937759 0.002872654239841
1666259549.627339840 29.070507500497669 88.089519728608124 -1.186154489807568 -0.637239374670905 -0.770399810099099 0.017422975586213 0.010322397494204
1666259549.728476763 29.046170408914712 88.252971468434552 -1.180092883300109 -0.655033065131372 -0.755094270645202 0.017914643101989 0.021056865529295
1666259549.827379465 29.028392537400475 88.417730716713848 -1.154359734259719 -0.685079660391576 -0.727777477068615 0.027246041179987 0.016231328640103
1666259549.926114559 29.012899231351028 88.579993978487565 -1.158734528265159 -0.690544903455391 -0.721961551854445 0.037795267371478 0.022153368141780
1666259550.025228500 28.988871049655373 88.740737678067688 -1.203647924044833 -0.678774099504464 -0.732307951864559 0.043036134842376 0.033744282118111
1666259550.124365568 28.956103587548881 88.903903498956183 -1.237087644445231 -0.664229147211781 -0.745219575716865 0.038728167694043 0.044131088698867
1666259550.224698782 28.912209385864202 89.078948866585108 -1.225716801930022 -0.651393466034318 -0.756394070369776 0.045833486627913 0.038129440341658
1666259550.324850321 28.864379095629261 89.246825951452053 -1.201120029408175 -0.640291282585135 -0.765532159912755 0.055517698499990 0.030089379157090
1666259550.426154613 28.814321852787067 89.406407673457551 -1.216545193331395 -0.647069139563971 -0.760563345316752 0.049205181446726 0.020585832587655
1666259550.526700020 28.769664998056900 89.561586989978593 -1.262290590010703 -0.665248570710523 -0.745431795275863 0.038845389737357 0.016334425473932
1666259550.627681017 28.742350458125934 89.721926661477539 -1.274733165931083 -0.689794244396812 -0.722878462697677 0.033744378903276 0.022179843491503
1666259550.726889133 28.729237186244841 89.887366192290557 -1.250563519619025 -0.707496996167505 -0.705336601213541 0.041578825641128 0.014814879709011
1666259550.828169584 28.722151886680241 90.051037848260094 -1.237668479026173 -0.724883689658344 -0.686910339992835 0.050409716869376 0.012517257023079
1666259550.925074339 28.711397397554855 90.198855132150996 -1.270932320585347 -0.729053681337108 -0.682685159190812 0.046818572228179 0.015156663351200
1666259551.025465250 28.696928979885566 90.354036466338329 -1.314830831360165 -0.723020737794383 -0.689325127857772 0.038821254032366 0.023765333123814
1666259551.123215675 28.678453529502811 90.521311530601579 -1.310014327716356 -0.711975604957060 -0.700947692917203 0.035045440514757 0.023127620699206
1666259551.223645926 28.653571353648442 90.696772328440659 -1.282276297181997 -0.699348426439132 -0.713312638579046 0.044186126468248 0.012018498585116
1666259551.324485779 28.625824672523414 90.862456507842680 -1.281265128775000 -0.696935494057496 -0.715864950331054 0.042638621950558 -0.000487779160091
1666259551.425401449 28.602984264742197 91.020665243059597 -1.322403448089841 -0.704400559137481 -0.708872908444662 0.036237590842883 -0.002426719990680
1666259551.526004553 28.591518601327351 91.177777789785964 -1.347897248718094 -0.716150277909677 -0.697397220218363 0.026247926513820 0.008771717922841
1666259551.626251698 28.585258800313301 91.344069117897092 -1.331345581185629 -0.725897137912901 -0.687255538659024 0.026238090875101 0.008045641030038
1666259551.726452827 28.587155681230886 91.511708901177741 -1.309901059234725 -0.732613856500219 -0.679704553367901 0.035649519867205 0.002787315564461
1666259551.826182604 28.593293189954228 91.669711604278760 -1.332171786845309 -0.731472704361823 -0.680718574041993 0.038894056158905 0.007560299157091
1666259551.925947905 28.599139482345215 91.824686800554588 -1.383329941294031 -0.715572187904543 -0.697409649982359 0.035507918002102 0.017759835814136
1666259552.025705338 28.604210281614684 91.987228818832747 -1.395538700874924 -0.702068046678343 -0.711068453048887 0.026333427883735 0.028083153095953
1666259552.126937151 28.599601155277423 92.161058272505059 -1.372705021223991 -0.690256321913781 -0.722590529168034 0.029735157852486 0.022911953260397
1666259552.226787567 28.589483886627708 92.327800766970554 -1.359633617770855 -0.683365823042109 -0.729167158222120 0.032860839189790 0.015702627678229
1666259552.326919794 28.579478066634607 92.490438499092832 -1.392273985677330 -0.684138189796769 -0.728664632907406 0.029268289870264 0.012089550015824
1666259552.427678823 28.579639664340057 92.652894369538046 -1.439388305005416 -0.702998028354090 -0.710717451790828 0.021589947451837 0.014434334734962
1666259552.527832031 28.591715359292596 92.819594915496111 -1.433841105100955 -0.722257765974783 -0.690960732100970 0.021498172079310 0.021326386962084
1666259552.627673388 28.612456586871588 92.985527600474697 -1.401202635507726 -0.741631093647849 -0.669809977169873 0.030984534885786 0.019438981874096
1666259552.726988316 28.637114580302359 93.141963514946667 -1.409739055767953 -0.751924575553988 -0.657995338703088 0.032931135972289 0.023814012818887
1666259552.825941801 28.657175084926944 93.296402355369267 -1.463720676505319 -0.745896832947260 -0.664182909245837 0.034294131757512 0.036371557458851
1666259552.924592018 28.672844228612671 93.455126144276420 -1.495448437466802 -0.731575663994236 -0.679676434563386 0.025303419491509 0.046869276852033
1666259553.025253057 28.681435909298017 93.625637233591277 -1.480210162603460 -0.726392323856616 -0.685439762838170 0.023766425507808 0.044290861146744
1666259553.125717163 28.681929265785744 93.790780524714805 -1.458640414710194 -0.717884221303511 -0.694640492680009 0.025761255126952 0.038120709161941
1666259553.226876020 28.680603254254233 93.952770757365229 -1.478896316318022 -0.722800518757744 -0.689978301324419 0.019860911244078 0.033089242807299
1666259553.328871965 28.690441406087036 94.114729156273640 -1.531587560260745 -0.738320161996162 -0.673418408669959 0.012872782224837 0.035003953093534
1666259553.429116488 28.715788158798226 94.271975016348804 -1.551233225520441 -0.753518468936033 -0.655718157088528 0.012227477712791 0.045761383561956
1666259553.530852318 28.750359129854314 94.429986476236053 -1.532220495255335 -0.770264693474742 -0.636133388033949 0.019425733225120 0.040611026869285
1666259553.630120754 28.788090385948173 94.574665488915684 -1.523263122002358 -0.783541377009375 -0.619228304511655 0.026455683832555 0.043809978302045
1666259553.730553150 28.821461698726203 94.712519376482248 -1.556717494699629 -0.783294230091268 -0.618973843674063 0.022354443271693 0.053120700476342
1666259553.829436779 28.849216720888734 94.845439659954778 -1.597825981922613 -0.772316255491451 -0.631725253528125 0.012597962011912 0.065514097045110
1666259553.928891897 28.873338671166866 94.982765747449022 -1.591815161660509 -0.756189560187320 -0.650327534890649 0.002715610844967 0.072415964293086
1666259554.028829098 28.890981289239349 95.120247797711457 -1.566428798796427 -0.742523494088694 -0.666019728814288 0.005046338062778 0.071071203933910
1666259554.129292965 28.904987546520232 95.255725845427691 -1.565438117604414 -0.736543125471154 -0.672952203223791 0.006133432564312 0.067837581784789
1666259554.230026245 28.922747054182491 95.394283617801946 -1.599488676271309 -0.744050377683936 -0.665250068783916 0.002247832003253 0.061857325375997
1666259554.330526114 28.951250339642975 95.536170845296013 -1.624659737501510 -0.753413035220660 -0.654415068043303 0.003016190885153 0.064036081001385
1666259554.430876970 28.987073090646003 95.679865238385517 -1.610886588385545 -0.768981935931004 -0.636444220276843 0.016503599192943 0.057733594221083
1666259554.531879902 29.023013842987851 95.816428842327056 -1.596297225315717 -0.783113913385080 -0.619280738520497 0.033343195430430 0.045958643133812
1666259554.630671024 29.051523404783751 95.937904349285148 -1.602649115611123 -0.780934083152342 -0.621864082942307 0.041607809290263 0.041180217622065
1666259554.732733250 29.070140132878340 96.052909650710362 -1.626253828778741 -0.777300852758980 -0.626789148559750 0.036999039880314 0.039620936332195
1666259554.821955681 29.082765058260577 96.146345539166447 -1.633690371373963 -0.777026315724371 -0.628081288889918 0.019898341393033 0.036715871608832
1666259554.921408653 29.095892730936882 96.249419392011234 -1.618052408933332 -0.764501931713670 -0.643360451423358 0.004328625275194 0.040067305295310
1666259555.022089005 29.109580974822062 96.356289419604067 -1.603082041930310 -0.758800004997404 -0.650476516073824 0.000335190379726 0.033207560883173
1666259555.123939037 29.124346962881173 96.462660515003606 -1.601725558227138 -0.756236812419798 -0.653808340268494 -0.000564344640886 0.025302554251037
1666259555.224498272 29.141608805135789 96.563371384523933 -1.620656120231836 -0.761652844282279 -0.647621148392557 -0.000326736526442 0.021718337750910
1666259555.325294495 29.161286451903802 96.662901998300711 -1.639772589643649 -0.763715270872366 -0.645060586009143 -0.000435195405591 0.025211822997339
1666259555.424297810 29.179157251853415 96.761467845088760 -1.635690648695661 -0.767502188148912 -0.640129565469310 -0.002314906606928 0.034193154374898
1666259555.525465965 29.195896274064808 96.864859017764957 -1.625794692173063 -0.782142802908648 -0.622286261421866 -0.001175946280741 0.031797198841175
1666259555.624446154 29.215492309819759 96.967463664307076 -1.619099265975045 -0.785621229636595 -0.618178666365357 0.003725386767803 0.025308921124052
1666259555.725342035 29.238285141364507 97.072762594017291 -1.628623221898760 -0.778998403758413 -0.626332173185800 0.011498494419581 0.027152907768428
1666259555.823715687 29.257240675430598 97.176674161501211 -1.647201520754546 -0.768751227274844 -0.638814656413145 0.012352646130400 0.028014236537063
1666259555.923824549 29.274181788824624 97.286879946672784 -1.659092519535297 -0.767002942011124 -0.641069141373824 0.006862466227286 0.026263082107563
1666259556.024079084 29.292838599738669 97.401650411950172 -1.646593435444266 -0.756334814647354 -0.653750839028587 -0.002195468600123 0.023720635307604
1666259556.124830723 29.310223530205530 97.520495454392588 -1.642571139350789 -0.749271055976114 -0.662014634143134 0.000508623058899 0.018145251702745
1666259556.225564718 29.326685782720393 97.641922647252045 -1.642392110204491 -0.741884405051677 -0.670439372297673 0.004489116150068 0.009920960155813
1666259556.325377464 29.343234600052163 97.763428376042270 -1.663900295608940 -0.737916844871456 -0.674824511115660 0.008625868622216 0.004025374886794
1666259556.426564693 29.360443218177856 97.889539204489836 -1.693968193211078 -0.740908415203539 -0.671342554504217 0.016590508780840 0.008868472851891
1666259556.526273489 29.377013373573540 98.020457183515333 -1.692678377398293 -0.741054775091205 -0.670981461344616 0.018745657772410 0.016440777385723
1666259556.627138853 29.389530164782393 98.158087651402113 -1.676349359406665 -0.747745518652903 -0.663169236569032 0.026310351087473 0.019772921600063
1666259556.728185892 29.400884558420707 98.293138231184543 -1.670001064171164 -0.758891518361591 -0.650623164740336 0.026885384170713 0.007094855890100
1666259556.827632666 29.418184549399047 98.424693903654244 -1.689104863108982 -0.760710999571398 -0.648207512344343 0.033117056177207 0.007004046087759
1666259556.927678585 29.440571525691592 98.564800431021212 -1.721150987544433 -0.749457268154897 -0.660940873795845 0.037596575673773 0.007580372905799
1666259557.027763605 29.467638729355869 98.718122663405083 -1.729067138099361 -0.746232067448166 -0.664752976496674 0.034858693620445 0.005104236468337
1666259557.129177332 29.496058034770435 98.885476778526737 -1.711050941920149 -0.735559789504729 -0.676367167342003 0.038444203564511 0.001137636939011
1666259557.229620934 29.522932786851058 99.051576329260484 -1.700419541879560 -0.729294562872058 -0.681973426590801 0.054827493472218 -0.005969250271869
1666259557.331427813 29.547227508713576 99.215200418509568 -1.712175457028249 -0.722042095437320 -0.688967465992431 0.059751152936737 -0.020219865063439
1666259557.431612730 29.574108005285332 99.371133382976382 -1.744622151249667 -0.729860029777620 -0.680196732438025 0.064595359555475 -0.021544874971665
1666259557.532271385 29.606635528684336 99.526981591111991 -1.758165499548737 -0.738854978556772 -0.670920392509714 0.061932534205054 -0.011113450563361
1666259557.632445335 29.643060650725754 99.691418376287686 -1.733085566106069 -0.758011605067850 -0.648853510545260 0.064996602455416 -0.013526644255171
1666259557.732151508 29.685863717777039 99.851211223818424 -1.712833391935945 -0.775822364234244 -0.626007317158926 0.075678788681827 -0.022073036970992
1666259557.831764936 29.729787438001583 100.000305545645872 -1.728757067914447 -0.780082489168331 -0.619935743204171 0.082248578202509 -0.019650846661144
1666259557.930660009 29.768868942130400 100.147338173688738 -1.752370751984428 -0.772739705653517 -0.629448722028811 0.080551098996457 -0.013385592750220
1666259558.030021906 29.807816205642002 100.305212540130938 -1.740018084348196 -0.773839019222803 -0.629618381609245 0.068598174739959 -0.006939473351135
1666259558.131080866 29.847394460785367 100.479569776280329 -1.707415155621307 -0.770472668884832 -0.633457282442403 0.068676135800866 -0.019680604503702
1666259558.232423782 29.887684997475564 100.645231360859441 -1.683825563251726 -0.771246515790479 -0.631346931238190 0.074858048608671 -0.031243188948448
1666259558.330638647 29.923183465376699 100.791726727166903 -1.694632245942002 -0.771580398434052 -0.631077971218497 0.072634156372189 -0.033594081669182
1666259558.430721283 29.960012130255741 100.933245168067003 -1.721190369307821 -0.781338099468002 -0.620327010488301 0.062879398271390 -0.027410867396084
1666259558.531719923 30.001617665701666 101.083185147921498 -1.711659762841459 -0.783833378592063 -0.618714545280326 0.052143043735354 -0.008868430161209
1666259558.630703211 30.043649290862163 101.241731002870168 -1.680117738297304 -0.787945363246362 -0.612995828050522 0.057847212554619 -0.005649719539535
1666259558.730924129 30.086443636897954 101.397115549575759 -1.659421178931355 -0.791166802563599 -0.608074141339275 0.064963976107862 -0.008978360877768
1666259558.830643892 30.125973618831740 101.541110450087373 -1.679605435833616 -0.784993521529360 -0.616080219550569 0.065040501649804 0.000259577729460
1666259558.930303812 30.160493035319032 101.684567445520685 -1.701806406366720 -0.769570418747102 -0.636312809856257 0.053038347883846 0.007369684932017
1666259559.030486345 30.193574453657732 101.838464304704530 -1.676577259611077 -0.765477341130661 -0.642284896353134 0.035925946375537 0.014962570273855
1666259559.130227566 30.222407168765720 101.998536683027481 -1.644352400482548 -0.755378390037949 -0.654372503196769 0.033448328300959 0.009017996315215
1666259559.231011868 30.248204492654292 102.153569975985036 -1.630859504880160 -0.740919009635366 -0.670716966910730 0.034245922479176 0.002233439627723
1666259559.329794407 30.271586419118361 102.298346946396805 -1.654028625011512 -0.735380407710299 -0.676878580828402 0.032361930958679 0.001936025874837
1666259559.430544376 30.300716516822455 102.444776321930874 -1.676178076447763 -0.743304754756001 -0.668496545111659 0.024086165343125 0.005501578860732
1666259559.531096697 30.335341977940626 102.599509371874859 -1.655908758324947 -0.744180158001093 -0.667343351310357 0.021942233715276 0.019164610064213
1666259559.631293297 30.370586024253324 102.759954378157346 -1.626714284777924 -0.752793681717400 -0.657448272356995 0.029030711557804 0.014854619739714
1666259559.731316090 30.405548196358620 102.913408301261896 -1.620543070823584 -0.753176305079231 -0.656621917336004 0.036446767160146 0.015644305825458
1666259559.829917192 30.435168513020489 103.057950875456072 -1.650115120092689 -0.742100540720664 -0.669001615886539 0.033990433392477 0.023838536890703
1666259559.929475546 30.458005186884701 103.209336110557388 -1.665574371700361 -0.729933524224765 -0.682617732066631 0.021376660484448 0.027805043922948
1666259560.029633999 30.476042144480065 103.380349655354195 -1.635131272421994 -0.718376597227176 -0.694972853797805 0.014444198986389 0.027187536778459
1666259560.130583525 30.491970695562856 103.556556853102890 -1.609102004652732 -0.705603448217932 -0.708039430765260 0.023899191929568 0.015256702451204
1666259560.230798721 30.502424918909277 103.722612737133957 -1.611376965225950 -0.685094074176553 -0.727619905174467 0.033677361406014 0.009012127984071
1666259560.330667973 30.505620914763107 103.877485042029107 -1.641204820005379 -0.680209507293267 -0.732281490278965 0.032590483893047 0.004087241403110
1666259560.431051254 30.499228390490945 104.027434877591176 -1.652467813119335 -0.686112426160885 -0.726834232360915 0.027437707917595 0.014453702645782
1666259560.530490875 30.485967229976641 104.183805050355161 -1.625792264528035 -0.680473446876317 -0.732218491799921 0.022620647846460 0.017328434826028
1666259560.630547047 30.469280668676102 104.344066948586672 -1.598688300903228 -0.675244919766878 -0.736823768675907 0.032632898573171 0.008374137207496
1666259560.730424166 30.451088604039022 104.497813849837030 -1.600662772768236 -0.660317070867249 -0.749975891927123 0.038851470228927 0.002844417420747
1666259560.830269098 30.425804274791339 104.646620982836041 -1.628999653259291 -0.629579075041823 -0.775908251746589 0.039808098740441 0.003447958193760
1666259560.931331635 30.392870630357677 104.796694906317384 -1.630672479514232 -0.597344117056927 -0.801452871550316 0.028953871713652 0.003869601274449
1666259561.030378580 30.355180591165404 104.941254637397165 -1.601574305636094 -0.563796396429008 -0.825827628939762 0.011563737960625 0.002937791308718
1666259561.131201982 30.315189905944354 105.085721843385883 -1.580017076097946 -0.533583025254330 -0.845631849875269 0.013655670734468 -0.003074458287190
1666259561.232359171 30.271565259623156 105.227517111244964 -1.585153080838806 -0.491926316175830 -0.870459687263182 0.014518902191051 -0.009880980848418
1666259561.331331968 30.225560313644074 105.361702084896294 -1.616307567443277 -0.472051347076275 -0.881363742131961 0.013265447429905 -0.013766178958027
1666259561.431986094 30.173804684109626 105.495178191329785 -1.630433071988608 -0.459643333934920 -0.888020133857210 0.004543692215091 -0.011296118557704
1666259561.531694651 30.116262021666284 105.632391578601499 -1.604791974792072 -0.441638292213552 -0.897081139029841 0.002343787983479 -0.013984116186174
1666259561.630681992 30.059127126223892 105.761000187968676 -1.576282905123524 -0.400103307042219 -0.916184326317992 0.008176117186629 -0.021372295404982
1666259561.729506731 30.005035004544734 105.876895896381853 -1.574798100355418 -0.332481194892071 -0.942681349764749 0.017402204218200 -0.022478681838555
1666259561.828850269 29.947684106905861 105.979755374547565 -1.598539849195549 -0.235960512914922 -0.971249698202148 0.022865911059130 -0.021767181687085
1666259561.927954912 29.886054932202605 106.068652133531330 -1.619024261357653 -0.114359921947100 -0.992738154002827 0.020547267982905 -0.031154062620336
1666259562.029127598 29.824757468573633 106.160215636590067 -1.607249369975639 -0.005712605429525 -0.998342385746529 0.010699506868179 -0.056261598927811
1666259562.130582333 29.782270095789755 106.262453105970010 -1.589295169562895 0.078629583644118 -0.993527295291288 0.026161772414375 -0.077694682902176
1666259562.234045744 29.772166351491411 106.365222322160434 -1.585804369094713 0.158774894785739 -0.981780418390871 0.054376888578527 -0.089111709884516
1666259562.324853897 29.799256196532859 106.446558489779449 -1.579785183043555 0.202152089033129 -0.973853326052660 0.063084215279197 -0.082247273622420
1666259562.426127195 29.863869772676292 106.526080767351672 -1.579314246921225 0.224882592747081 -0.970657191776911 0.055393430262064 -0.064683872912131
1666259562.526319265 29.943012566859139 106.597161178217036 -1.587435678113955 0.229183161935904 -0.971920763561313 0.031649954457011 -0.042934694901959
1666259562.625423908 30.016662711488951 106.667207362343973 -1.556035758416830 0.241969544340578 -0.970002488144356 0.015873438320448 -0.017144869823321
1666259562.723951817 30.081973607970848 106.743997039647596 -1.521667858293626 0.256410114668257 -0.966531596805813 0.005157638206155 0.006627536491838
1666259562.824058533 30.140820709055877 106.831130973306699 -1.526412013321361 0.271329523096018 -0.962099971961792 -0.006325433858962 0.026531542248843
1666259562.923947334 30.184346174955763 106.929031116962989 -1.556807844279691 0.285143133462438 -0.957804520336452 -0.018656942965108 0.030916221332469
1666259563.023521900 30.210586080047356 107.042466308972408 -1.555261672626407 0.297254695497315 -0.954349872366013 -0.022577866301102 0.018606640563605
1666259563.123942375 30.235038260636767 107.170256110924086 -1.521822059566502 0.321702736312434 -0.946769915552083 -0.005126944657581 0.010382239309129
1666259563.222918987 30.264849039682066 107.297338039320422 -1.512125200171180 0.331522987906101 -0.943267227574340 0.017255044170688 0.006458275675228
1666259563.323494196 30.301844032306533 107.416400583848841 -1.535670668797885 0.321356461273006 -0.946669157025578 0.023375499364239 0.001057338188509
1666259563.423957348 30.347228636121535 107.522075795570217 -1.567556956230463 0.307368239415659 -0.951389579473720 0.016135120394109 -0.011058542272984
1666259563.524162531 30.398936180624897 107.622107586502807 -1.557998566308926 0.288444307215894 -0.957289856222561 0.001339230047055 -0.019854955830038
1666259563.623921871 30.452350278911439 107.725483083250751 -1.520958117454227 0.267101468789135 -0.963516449224359 -0.004763001527196 -0.016436887212046
1666259563.723413706 30.509487195388235 107.835766758819588 -1.515165972227337 0.261470297890573 -0.965160556455058 -0.007721523712685 -0.006225885955586
1666259563.822607756 30.566527963299379 107.952938885772667 -1.543143692903847 0.264841775955242 -0.964239423190065 -0.009752001848333 0.002463114880430
1666259563.922685862 30.615668884975182 108.073041286208365 -1.565821217105044 0.282881405865561 -0.959031640255697 -0.015353032333594 0.000841190914803
1666259564.021790743 30.648993433591748 108.191301807162802 -1.552368384605531 0.296043077020835 -0.955023162434363 -0.015690229533255 -0.006562961153087
1666259564.122505188 30.676599740770360 108.304563360956166 -1.528610181363136 0.322939148409932 -0.946182724674692 -0.001008732166491 -0.021155150929731
1666259564.223578930 30.709582446042358 108.415926987765260 -1.539567046395343 0.334210706299118 -0.941936699725733 0.008722939769086 -0.031342747592143
1666259564.323969364 30.751144065234318 108.523594771451315 -1.566250518319874 0.335567778078656 -0.941082828737528 0.010085949742334 -0.040689671767199
1666259564.425714254 30.801401164699271 108.627770687443714 -1.577661558087966 0.332577268595851 -0.941837940672230 0.002630434610006 -0.048236238839467
1666259564.524023771 30.847750691351951 108.727406973119798 -1.547729647631175 0.326263617996336 -0.944137434794808 -0.006915831283924 -0.045920878352589
1666259564.623787880 30.890342133120036 108.834895685416072 -1.520671817327010 0.330511983320591 -0.943120339171341 -0.009559801455875 -0.034561031798093
1666259564.722417831 30.929069171378288 108.944005457086021 -1.529633836551936 0.356847364635429 -0.933829305077646 -0.007564037452508 -0.023781771766774
1666259564.822223663 30.957045789209708 109.049602311478381 -1.554937331547694 0.371528581963816 -0.928046854252146 -0.019395540961988 -0.017870704727105
1666259564.922178507 30.962154797810069 109.145870655508844 -1.565124593112539 0.370059566471823 -0.927736635848354 -0.042946193616007 -0.022721712553440
1666259565.022722244 30.943121213935235 109.238893504867917 -1.539696108005311 0.353131202512442 -0.933034051967968 -0.055260923412060 -0.041134438418415
1666259565.122807503 30.921708614087116 109.337608410956875 -1.522435359968152 0.356222381408454 -0.931341434923767 -0.045044330248535 -0.060660983261803
1666259565.223301649 30.915975944847919 109.443182043430767 -1.533720678847150 0.336050930529932 -0.938467684535769 -0.036531026094015 -0.070807212235462
1666259565.324149132 30.929314406920810 109.549811698248263 -1.556773370742962 0.312062127387031 -0.946691298113976 -0.036393678940161 -0.071192098291562
1666259565.423204660 30.951787193991517 109.644708614888145 -1.563751326017462 0.295120671993381 -0.951876757987911 -0.043668016112381 -0.070196374075925
1666259565.524984360 30.969813293961476 109.735004984527990 -1.543272734725053 0.281564984924555 -0.956336003703871 -0.043851238265676 -0.064959034681191
1666259565.621962786 30.981991857225626 109.819431337174052 -1.524334240685861 0.285397921222377 -0.956023710367574 -0.036282852686666 -0.057010932090967
1666259565.722137213 30.989624856402834 109.909158803057778 -1.521068704658201 0.294994616429905 -0.954134639976918 -0.026818098959015 -0.043428730602161
1666259565.822900057 30.987855909401130 110.000796915778722 -1.515921297755248 0.297982291486120 -0.953865640800491 -0.024923279186075 -0.026939254176073
1666259565.922470570 30.973850572071782 110.090210404155400 -1.508776271414864 0.302849034933856 -0.952485584424175 -0.027947067957554 -0.016511659406180
1666259566.023180246 30.948546373125122 110.177729492427090 -1.506167210053512 0.299107493917760 -0.953838874979912 -0.021323250081499 -0.016475031570676
1666259566.123313189 30.920339627208826 110.252476322812697 -1.496812302965778 0.300955170163277 -0.953421106830080 -0.006723216690773 -0.019208773001597
1666259566.223943472 30.899080673767873 110.316527710759743 -1.492207506552743 0.280779317285131 -0.959554454720132 0.008479609511519 -0.018609665074316
1666259566.324841499 30.882202348975280 110.365223354986398 -1.492815534043012 0.263039878710549 -0.964311282423075 0.023836635198346 -0.018589987141589
1666259566.424122334 30.869142813338897 110.393577446371921 -1.485825188376391 0.247895143298956 -0.968326965401985 0.026715186169555 -0.013311079298822
1666259566.524904013 30.862224905225649 110.407542643150165 -1.476766868653403 0.215207827543935 -0.976205748069824 0.024817517964312 -0.009592663933755
1666259566.625034809 30.854209006302618 110.413654056758233 -1.484827207389632 0.198823113549885 -0.979730332310169 0.022402552561595 -0.009796484494949
1666259566.724756956 30.837952261651889 110.419659368449288 -1.486274764687621 0.186383829830813 -0.982224299153600 0.017668292790392 -0.013576654952183
1666259566.824389696 30.819798295338252 110.428949476754269 -1.485064787115183 0.195648587437687 -0.980260641880329 0.022628004033003 -0.017282292888533
1666259566.925932407 30.805141660415941 110.438213947014333 -1.481546617167250 0.201413675794144 -0.979146591467364 0.020049060216009 -0.017393067739446
1666259567.024757862 30.793357357688237 110.445421276272839 -1.482881997165461 0.202803431340900 -0.978885731381587 0.017914751808433 -0.018236085148244
1666259567.125812531 30.782064018569859 110.453583606118130 -1.480377887634494 0.206095929827068 -0.978265345894968 0.013662180180545 -0.018295506618517
1666259567.226550341 30.775919555395099 110.460864720800160 -1.479415008823033 0.211198950398804 -0.977199088994796 0.014150396575266 -0.016634605343903
1666259567.326231956 30.772303608129267 110.464483022613280 -1.478797214659103 0.215832886392986 -0.976224492687616 0.013784387159966 -0.014556637616664
1666259567.425614119 30.768887955721393 110.464791160327920 -1.479045472881753 0.219128315624765 -0.975532453752424 0.011479133038727 -0.013690963147536
1666259567.525551081 30.764878711270445 110.463029721983659 -1.480631324898659 0.222606701777666 -0.974748785807863 0.009856108025460 -0.014625936700150
1666259567.625373125 30.760627153667180 110.459822667644815 -1.482025972905157 0.226723327869950 -0.973802560095181 0.008859334881665 -0.015053861202425
1666259567.725342035 30.756675323610907 110.455234994969999 -1.483199506963253 0.230688177459019 -0.972862622595026 0.008339341579115 -0.015866244678320
1666259567.825462103 30.752201904363215 110.449674749753953 -1.484139090886331 0.235103157234033 -0.971805206256301 0.007039433514228 -0.016480076684770
1666259567.926630020 30.748558554268229 110.445097366407211 -1.484320609465679 0.240188987590223 -0.970559975439336 0.004279398972026 -0.017443367221301
1666259568.025528908 30.748156988823336 110.442287119825394 -1.484281581245639 0.247252449603547 -0.968785587541487 0.005833331562370 -0.016931738830530
1666259568.127509832 30.751185335888721 110.440025835027413 -1.483820952782716 0.255453499720167 -0.966681941813263 0.006738729742345 -0.014970717227884
1666259568.227204561 30.756001009700224 110.436712400442204 -1.483007131889067 0.261490190925694 -0.965084618966022 0.007843444238230 -0.013154416267353
1666259568.326321840 30.760641979093393 110.433009250565107 -1.482379521452259 0.265577181872640 -0.964013745259127 0.004644696102829 -0.011166298319936
1666259568.426780939 30.765267844844271 110.430410002730213 -1.482648358124932 0.267963203988618 -0.963364294105743 0.004705129455126 -0.010140015143410
1666259568.526499748 30.769229350629715 110.429697576477395 -1.483595072870751 0.269393908176665 -0.962976323608822 0.005334756485388 -0.008663877848943
1666259568.626901388 30.771065265167206 110.430214328488262 -1.484548694444245 0.270238369809493 -0.962734323369947 0.006334788218113 -0.008585834050951
1666259568.726874828 30.770776706824744 110.431192679242386 -1.485463489992292 0.271059509775597 -0.962524249081583 0.003962557928544 -0.007623006284376
1666259568.822120428 30.769211520762703 110.432214684816174 -1.486289549096235 0.271653892470161 -0.962349198318097 0.004251077921836 -0.008373263332111
1666259568.921834469 30.766978100462786 110.433358686854334 -1.486461988364007 0.271187269298003 -0.962465356647635 0.005600470172381 -0.009302524264011
1666259569.022080660 30.764484664362261 110.434458680743390 -1.486101274711693 0.270869567324899 -0.962534060345367 0.007041551294849 -0.010405610392759
1666259569.123251200 30.763233863179625 110.435644659701140 -1.485031221440106 0.270090719708293 -0.962759175904438 0.004973375002933 -0.011001721699048
1666259569.224335670 30.764134227985831 110.436158432331297 -1.483830074496188 0.268607097330637 -0.963154638306108 0.006782530374312 -0.011720377756782
1666259569.323688269 30.766937020567706 110.436584224492094 -1.482825381004117 0.267310903649172 -0.963550470091211 0.003756172663987 -0.010062978892344
1666259569.422811270 30.770712677536512 110.438072315311501 -1.481898832186114 0.265595999091194 -0.964040330666116 0.004415460607826 -0.008093813905573
1666259569.523209810 30.774970067595483 110.440930169512072 -1.481048574762605 0.264952016648102 -0.964223664301896 0.006264995260083 -0.005822706305530
1666259569.622679234 30.779167052420529 110.443901718047613 -1.481192067122383 0.264593992094532 -0.964342865808853 0.004874639367618 -0.003015692637390
1666259569.722052574 30.782019619756610 110.445651427702657 -1.482693287354766 0.264313685765493 -0.964410969642003 0.006692712918881 -0.002228170778305
1666259569.822126389 30.782792764735564 110.445983851519742 -1.484495393269046 0.264231760713495 -0.964449050011784 0.004166080110873 -0.001500112703796
1666259569.921996832 30.782975205513441 110.445733291374381 -1.485913485264567 0.262827922035263 -0.964835971652878 0.003161762378144 -0.001741970705189
1666259570.022557020 30.783802901439824 110.445742486118462 -1.485862000468697 0.262637456197081 -0.964889802160805 0.002690852347859 -0.001412657796938
1666259570.121190071 30.784740422003477 110.445864404796751 -1.484182576331980 0.262357960645725 -0.964967267428406 0.002119518112418 -0.001407451790801
1666259570.221501112 30.785752036332092 110.446191057514994 -1.481491060372058 0.262164283905689 -0.965020504280941 0.002303119728731 0.000101000449707
1666259570.321737766 30.787073570759407 110.446384181124344 -1.478966221771249 0.261837876592034 -0.965103594526984 0.003993782879232 -0.000167066402905
1666259570.422040701 30.788434060358693 110.446547987821035 -1.477173647563267 0.262509769263215 -0.964916431412146 0.004634740226538 0.001849490539413
1666259570.524198532 30.789869492714331 110.447195411993476 -1.476300735627593 0.262598954630281 -0.964884936569466 0.005644743103178 0.002642930896023
1666259570.622750521 30.790626790562655 110.448609758419423 -1.476285878190195 0.262764708235809 -0.964830304370187 0.006714078435663 0.003480377198266
1666259570.724572659 30.790296188256725 110.450145164714613 -1.476843832257614 0.263044503941626 -0.964743742967089 0.008465556302531 0.002331031626536
1666259570.824248552 30.789485918717240 110.450947643015681 -1.477508347081114 0.262152450004608 -0.965001449891037 0.006790500368262 0.001477758277779
1666259570.923990726 30.788312873796638 110.450907714213301 -1.477955330371500 0.261168577685097 -0.965270603214640 0.006589500907094 0.000463764361917
1666259571.023963451 30.786728238488173 110.451936108409043 -1.477794216231673 0.260439271774448 -0.965460392486790 0.007533073955639 -0.000932230458446
1666259571.123902082 30.785798671422945 110.454983557518048 -1.477559111705626 0.260765924224120 -0.965378868744496 0.006690986262057 0.000056991037265
1666259571.223974943 30.785400982943877 110.459304403752697 -1.477413362906664 0.261800527481410 -0.965065430915355 0.010445518791495 0.000298328328605
1666259571.323704243 30.784341328184119 110.462768118174424 -1.477057350850499 0.261492632885077 -0.965137771636237 0.011423866251601 0.000424249614506
1666259571.424659252 30.782748045087033 110.461328484203108 -1.476646725003457 0.258048380517917 -0.966079547882406 0.010062833951324 -0.000282574370708
1666259571.523185730 30.780129606032915 110.456560548742431 -1.476955746838233 0.252753173389333 -0.967471421171377 0.010166978793351 -0.003393390704453
1666259571.624423265 30.776070544807919 110.453976645884410 -1.478459483234425 0.249093693174923 -0.968432717021231 0.007027356491580 -0.006404754803516
1666259571.723771572 30.772151775427119 110.455502965440999 -1.481193128654974 0.245177632085181 -0.969390834496679 0.008285568913041 -0.010034344359399
1666259571.825268984 30.770835356592514 110.459929386664953 -1.485032344819164 0.240805695116541 -0.970455981090940 0.009035288880841 -0.012090058688846
1666259571.923740864 30.773152934565193 110.465125650763696 -1.491026331909638 0.235815567668894 -0.971648856716444 0.009341011634223 -0.014221912257985
