num,t,x,y,z,qx,qy,qz,qw
13,1666253053.949046373,45.690090862136245,447.141417866168638,14.609562334189976,-0.197423661689090,0.979502111007773,0.001873158034956,0.039950013962013
14,1666253054.048651457,45.690476928203772,447.138314190877963,14.610183230044845,-0.196999105552892,0.979666375148436,0.004679735063347,0.037725931328738
15,1666253054.148748159,45.691551605192267,447.136535645509127,14.610510814117289,-0.197450204480319,0.979587817706171,0.002725174953346,0.037599169855401
16,1666253054.249607563,45.691863654238624,447.135197550439102,14.610876191455713,-0.196246729780208,0.979824504432831,0.000842737528185,0.037821308240054
17,1666253054.350741148,45.691784247070203,447.134460538416761,14.611351171288538,-0.196039559689611,0.979879761207732,0.002807743494421,0.037366578498045
18,1666253054.454259634,45.691796495691158,447.134506839997869,14.611870580968708,-0.195610669206636,0.979978648236955,0.004144659805361,0.036893588701837
19,1666253054.542747498,45.691955508315004,447.134615908662170,14.612055118517784,-0.195968041620492,0.979894450848429,0.003955136299120,0.037252500006586
20,1666253054.643531322,45.692407144226003,447.133914810877400,14.612374168812394,-0.195111922614467,0.980062395467617,0.003960556593486,0.037327639028360
21,1666253054.747597456,45.692717729315262,447.132901194050191,14.612311988520633,-0.195448023010731,0.979993312748705,0.004394238684397,0.037334540781965
22,1666253054.848574400,45.693544624694859,447.132443854522080,14.611790169405531,-0.196722729050164,0.979727978387148,0.003415929637540,0.037703947607632
23,1666253054.950508118,45.694683578140335,447.132755248467959,14.611711009013421,-0.196768448641135,0.979727764222367,0.005203060067835,0.037264108699041
24,1666253055.051167488,45.696072814053792,447.133505679520226,14.612406045079183,-0.197395092566437,0.979650002724437,0.005262001810793,0.035963327566321
25,1666253055.150804520,45.697384658032703,447.134197938595889,14.612806328635697,-0.197352575949588,0.979690130059628,0.007257131733442,0.034735340344006
26,1666253055.250179291,45.697034950369179,447.134739593009328,14.612588616775566,-0.197550789908054,0.979634195901400,0.003563348844753,0.035746750514313
27,1666253055.350443363,45.695015878112962,447.135234581784630,14.611697977483310,-0.196262774787719,0.979875793172616,0.004840289395488,0.036068334942583
28,1666253055.450788260,45.692223689555007,447.135670988059928,14.610913026611053,-0.195838209821517,0.979911380478258,0.004284408351049,0.037452981565962
29,1666253055.550613880,45.689961324001345,447.135839605998513,14.610850185655606,-0.195425040878583,0.979958822592513,0.005683409186884,0.038176671943922
30,1666253055.650479555,45.689489392402827,447.136172671101349,14.611176647849515,-0.195388573699465,0.979938089956295,0.002924885605304,0.039192986167069
31,1666253055.751233339,45.690063382643856,447.137231149838442,14.611500061591270,-0.195393694955124,0.979964691927499,0.004718756998163,0.038317618396986
32,1666253055.851770878,45.690354016786920,447.138543730129243,14.611758997142418,-0.194878036768971,0.980081457623015,0.004235280347115,0.038012492801691
33,1666253055.942348003,45.690893137184887,447.139645704237751,14.611679991814228,-0.195669872075363,0.979916120394962,0.003745143609969,0.038257967162912
34,1666253056.041978836,45.691917223030686,447.140358628796378,14.611381775492802,-0.195314553855514,0.979991997391785,0.003287147715744,0.038172041603473
35,1666253056.141996145,45.692996081526111,447.140113007506841,14.610504365044392,-0.195884016373702,0.979910119634928,0.003913242089334,0.037286674599908
36,1666253056.245915651,45.693650717896666,447.138854167347461,14.609317272569763,-0.195410550319040,0.980006323280799,0.004556163781783,0.037169403079056
37,1666253056.344219208,45.693309180142130,447.136886434582323,14.608767609356452,-0.195450978898278,0.979982424675165,0.004090454520156,0.037638150290729
38,1666253056.446494341,45.692240725732589,447.134905700909655,14.608653417007579,-0.195142950167949,0.980044895494526,0.004444867676742,0.037569601624313
39,1666253056.545107365,45.690637063379690,447.134223806315561,14.608606867358441,-0.195202556430859,0.980028244893378,0.004335920773188,0.037706776116645
40,1666253056.644912720,45.688983368204163,447.134781926647577,14.608482671681566,-0.195883154863858,0.979889080583267,0.004098920760089,0.037820341654530
41,1666253056.743981600,45.687541934932078,447.135756501485275,14.608038783453003,-0.195298841069421,0.980021314981225,0.004741015462840,0.037337750759694
42,1666253056.845141411,45.686369118272488,447.136737858976801,14.607370892994627,-0.194831095107996,0.980114892534234,0.003323477735467,0.037477944278850
43,1666253056.944098473,45.686188117103832,447.137919644020030,14.606746569089093,-0.194281783310227,0.980231198999787,0.002937780561727,0.037319627900189
44,1666253057.044131756,45.686960343020701,447.138966318641906,14.606585360861741,-0.193877983354861,0.980338657094717,0.003802905582904,0.036510038141681
45,1666253057.143933773,45.686952030455750,447.138927151058908,14.606837706263690,-0.194378228656177,0.980226041651137,0.003047022137778,0.036942213652156
46,1666253057.243825674,45.686667992023544,447.138460711029666,14.606845124870718,-0.194191118546784,0.980254058999691,0.004405677807001,0.037045638005574
47,1666253057.343954563,45.686489077614276,447.138532652612184,14.606488540338455,-0.194270471099871,0.980214221063305,0.002975712106697,0.037818117633626
48,1666253057.444738865,45.686299829668613,447.139665858923649,14.606253955468011,-0.194089494019088,0.980251043552492,0.003131687828859,0.037780318381500
49,1666253057.543758631,45.686585523606546,447.140868941620852,14.606640856213737,-0.194603076510349,0.980163010344794,0.004092094583280,0.037327878676142
50,1666253057.644644976,45.687575323802847,447.141547344273988,14.607598265092907,-0.194654189592429,0.980182210861324,0.003540913465146,0.036606582972934
51,1666253057.744375706,45.688863110740535,447.141439586448314,14.608606125904586,-0.195551735120845,0.980035143459538,0.004613279619569,0.035627996387983
52,1666253057.846243382,45.689919195587791,447.139928698024619,14.609628196173288,-0.195769501496555,0.980016149948496,0.004093407679538,0.035012742501656
53,1666253057.945286989,45.690420228531401,447.137237624800548,14.610414399384906,-0.196171912877488,0.979932663778736,0.004195189053109,0.035084974651645
54,1666253058.046713114,45.691027335157315,447.134621359736684,14.610845653855227,-0.195980614223022,0.979991061829554,0.004341427686679,0.034500283891458
55,1666253058.144173384,45.691781065137967,447.133361002451238,14.610791756589064,-0.195661095928996,0.980051225058263,0.003054964752825,0.034741891025411
56,1666253058.245128393,45.691625582254083,447.133218200738327,14.610675330173702,-0.195389215873953,0.980100864093632,0.002147467770182,0.034939074189996
57,1666253058.346987247,45.690781714199744,447.134526228058917,14.610865120749443,-0.194742018148575,0.980240116826359,0.002269825748097,0.034636795792051
58,1666253058.446481228,45.689734990628601,447.137476006675001,14.611415713475484,-0.194519364037856,0.980285730896835,0.004217415242364,0.034413895784109
59,1666253058.546390057,45.688536879291625,447.141041275441012,14.612020436283697,-0.193063304203055,0.980559681725413,0.003328333081579,0.034902626601063
60,1666253058.647041082,45.687042406193420,447.143860137202296,14.612389371998177,-0.193168086385823,0.980526377841124,0.001136746449828,0.035395205428319
61,1666253058.746911049,45.685404113509676,447.145483223346332,14.612597950103483,-0.193233078669527,0.980512137193619,0.002246515830590,0.035381906259014
62,1666253058.848446369,45.684022092603783,447.146228907317322,14.612700363771483,-0.191602502227864,0.980830574689498,0.002833197700975,0.035381321132459
63,1666253058.947003365,45.683034106364900,447.146143085176504,14.612364943246900,-0.191121736420393,0.980888736674602,0.002484493313626,0.036381251016597
64,1666253059.049226522,45.682112506450970,447.145021599158952,14.612054477696736,-0.189962795293995,0.981120665272247,0.001160436063723,0.036263341930618
65,1666253059.148586750,45.680428532162495,447.143931973714245,14.611215373837531,-0.189979321618874,0.981129188161153,0.003752592197597,0.035767185341695
66,1666253059.249253750,45.677541794217895,447.144172062787675,14.610343926665035,-0.187597101620395,0.981579556550308,0.003605939623335,0.035998594772019
67,1666253059.348561525,45.675060001577940,447.146130242987226,14.609746800950157,-0.181707552198439,0.982685491633224,0.005306566244737,0.035824996333712
68,1666253059.448882580,45.673126446638726,447.150256438528004,14.609944169932044,-0.172491767995394,0.984354926488664,0.004161340935380,0.035702267616210
69,1666253059.549301624,45.670829233851180,447.154472474315298,14.610474124154315,-0.162630706841979,0.986073429674175,0.003928200993045,0.034568970474197
70,1666253059.649558067,45.667435780845047,447.156379382922751,14.611138759243016,-0.149257841177139,0.988220640600212,0.006551975307554,0.033153189264623
71,1666253059.748685360,45.663368583656656,447.156227334151481,14.611185268239923,-0.134040934603796,0.990396684827194,0.007498355167687,0.033033455823207
72,1666253059.848728180,45.657739150331714,447.156290046439892,14.610175421328044,-0.115325916269343,0.992719989191367,0.008539045359342,0.033675522280740
73,1666253059.948878527,45.649966220145487,447.158755391428144,14.608447800966207,-0.095030730736362,0.994867973973070,0.007659623372348,0.033885170033884
74,1666253060.051115036,45.640102138727535,447.163370625978132,14.606116602747885,-0.076017900871172,0.996494643056760,0.004964005473181,0.034569694184105
75,1666253060.144859314,45.629490415637967,447.167541051233684,14.603739408117102,-0.059714526631241,0.997564395695614,0.000655091540495,0.036041956172290
76,1666253060.243252754,45.614047284782409,447.169592462209664,14.600369149302272,-0.041621811289964,0.998379230403560,-0.001356732021070,0.038790416367467
77,1666253060.347466707,45.587629182454251,447.170291706958324,14.594598541425855,-0.025352433869673,0.998639053598804,-0.000864555296100,0.045569148206979
78,1666253060.446450710,45.550213404524470,447.174365604854358,14.588688558277790,-0.015241366775112,0.998444429579779,0.002391856420338,0.053578921254544
79,1666253060.546003103,45.503483614986280,447.183102721680257,14.580384292607292,-0.011678405160919,0.997998263537563,0.003379985903127,0.062061715446805
80,1666253060.647825241,45.449789207286777,447.196217652053406,14.573320190425703,-0.019467895557114,0.997629392990281,-0.000758971638330,0.066000145806454
81,1666253060.747212648,45.391388260749864,447.211649864203082,14.577051402477945,-0.030435385265777,0.997499257379600,-0.001018504730193,0.063779945899834
82,1666253060.847908258,45.325933207620103,447.228325829566359,14.590819749248841,-0.035499763976012,0.997635650642017,0.006044781211368,0.058534912196345
83,1666253060.948011875,45.255490488293205,447.249284276421861,14.594824748638908,-0.029278328664909,0.997791079963719,0.016982237694699,0.057160684200823
84,1666253061.049013853,45.178214820610933,447.275152319636675,14.593155195436738,-0.018867191040132,0.997756754397369,0.017006372058937,0.061937641754237
85,1666253061.148872852,45.097175205331631,447.301421990521987,14.590706950969878,-0.016104183182468,0.997540223323724,0.010327425014635,0.067435172038395
86,1666253061.249140501,45.013359114085524,447.329034133384766,14.580501844273995,0.001051580722744,0.997643246775454,0.004138422999063,0.068481528870156
87,1666253061.350205898,44.920805678675983,447.357514468147372,14.572931658498351,0.018169610736441,0.997706349800800,-0.005841301875177,0.064944468627074
88,1666253061.450717211,44.817596337441095,447.386025761767144,14.589140173037428,0.033846536789507,0.997465804275524,-0.019773949800175,0.059374844485170
89,1666253061.550585032,44.713569718834698,447.412143013610432,14.605446709694105,0.053432548892577,0.996329615241051,-0.029240362260112,0.060143675705424
90,1666253061.651982307,44.612970290945739,447.436142985118693,14.609856119322435,0.066971508394072,0.995204109111690,-0.031156843423871,0.064131500672377
91,1666253061.744643688,44.521871895299093,447.459812994708273,14.603120275721711,0.080362967325799,0.994320976038041,-0.028770133993356,0.063559967616055
92,1666253061.842278481,44.421268494461401,447.488208076098260,14.587215538582289,0.074081111912461,0.995079972084397,-0.027507923945692,0.059759117584914
93,1666253061.942140341,44.313134063978218,447.524067803901858,14.579809879458807,0.065729036694058,0.996131972008498,-0.025135253394502,0.052621356068863
94,1666253062.042901278,44.203077644273321,447.562509863226921,14.593143783177636,0.058254413095266,0.997359241638904,-0.013991122864625,0.041051369689494
95,1666253062.142255068,44.093301404574191,447.602808308990291,14.606135945657952,0.069980791645622,0.996707366189046,-0.002904762573605,0.040849447236631
96,1666253062.243142843,43.978654593063474,447.648041516093485,14.610511026718095,0.072541243429841,0.996298267134636,-0.001222309717199,0.046108967296279
97,1666253062.345374107,43.859627976002415,447.697855741460273,14.592038563731514,0.083239144507500,0.995189831266895,-0.001777558052914,0.051626396852743
98,1666253062.445533276,43.735917736886051,447.749197925341264,14.568058689055741,0.109796548646667,0.992394745701775,-0.004421364943668,0.055478267283906
99,1666253062.545044422,43.605691083135163,447.801106660826349,14.567809253383899,0.138429311417678,0.988837142588188,-0.005087898721354,0.054886651064323
100,1666253062.645085573,43.473062987497151,447.857630685850893,14.590650470968859,0.169664180173071,0.983562505663268,-0.010840214560776,0.060838747257564
101,1666253062.744457245,43.351378057176973,447.914832537906932,14.605080084116771,0.193408576679338,0.978574098324641,-0.009100862960962,0.070021645570165
102,1666253062.847136259,43.240466632565308,447.979581868325795,14.599877389373267,0.218036542917036,0.973390142524237,-0.009729377011131,0.069835776020662
103,1666253062.946448803,43.140531041727769,448.047193019744441,14.577043215494685,0.213842352625644,0.974906946849528,-0.017269595204466,0.059410893694127
104,1666253063.044786453,43.040870685208084,448.118668567935003,14.567301634911153,0.212477568136070,0.976029845458604,-0.019675493988213,0.042800686318747
105,1666253063.146710157,42.930057391306079,448.190479585126582,14.584883844364892,0.213257978607392,0.976371028117109,-0.014733324187173,0.031679317736093
106,1666253063.246959686,42.819733980112218,448.256730453521072,14.599986202941698,0.220797917240970,0.974760327358704,-0.013354662025340,0.030203260615208
107,1666253063.344904661,42.711814368919846,448.319821012742182,14.596843919944151,0.218980490448311,0.975171243954213,-0.013521072041256,0.030096019315923
108,1666253063.446388721,42.599473191178710,448.389651272550850,14.570476760948720,0.235242349735336,0.971536705574105,-0.010256144298736,0.025928326543313
109,1666253063.546322584,42.483799296743825,448.464041962123588,14.549869213013304,0.249447166934973,0.968103398218090,-0.016212302301837,0.017002426908387
110,1666253063.646001339,42.358575959441829,448.542835860218872,14.564950061900303,0.258749163900043,0.965557857406611,-0.023787364886222,0.013455684789423
111,1666253063.745849848,42.229673217134511,448.619941646113489,14.581358013691412,0.277281068724811,0.960145088281427,-0.023555323803321,0.026110631865148
112,1666253063.845121622,42.107206925190894,448.696484070749023,14.576388475493909,0.299791338332993,0.953021359647979,-0.021604411141498,0.037532531681983
113,1666253063.946154356,41.989187983428380,448.775478417579905,14.546885263120817,0.289179209933738,0.956204655590692,-0.021928201873835,0.039587815440679
114,1666253064.044576168,41.876862045714887,448.858409010376931,14.527942826508752,0.284244407166302,0.957947327597631,-0.019549281388482,0.034056719460763
115,1666253064.145274162,41.757602584822592,448.946484902636428,14.540013681281888,0.274760601723870,0.961064888269954,-0.015446724965338,0.024945760418220
116,1666253064.244191408,41.639310417614183,449.028573151151932,14.556632138809178,0.266781026006581,0.963249824218836,-0.015526296481973,0.027140273079145
117,1666253064.344252825,41.520359992630326,449.105916389930485,14.562904952681526,0.258477680621154,0.965482901755625,-0.014434455684764,0.028700200823878
118,1666253064.444760799,41.401747091388430,449.184839741196072,14.539645256880869,0.264939803586034,0.963860296850346,-0.010276854862006,0.025973349524120
119,1666253064.545675278,41.279930224818770,449.272159242229179,14.513505718310878,0.283040033347734,0.958887743023694,-0.008530512135002,0.018704709678447
120,1666253064.646516323,41.153419878174887,449.365825158216978,14.515321056875331,0.292858583922790,0.956043095634433,-0.012142594406426,0.008246606183753
121,1666253064.745438337,41.026125898325283,449.459642602316137,14.535995883106240,0.299831637531781,0.953693581474682,-0.017468051896325,0.016260656565829
122,1666253064.846512079,40.901836001656818,449.556276022439249,14.539551339871284,0.314362158756931,0.948753469175217,-0.023280944451606,0.022389405867830
123,1666253064.944631338,40.783717951636035,449.646662260583128,14.509109987344027,0.294289144975180,0.955047863763938,-0.028772365596706,0.021204434623103
124,1666253065.046084642,40.661271922170343,449.741811938776209,14.488974878193392,0.284229803567459,0.958239519660636,-0.028634701862481,0.013057395368294
125,1666253065.144130468,40.539166168890432,449.832351483897583,14.500779459044400,0.273709568489880,0.961460421539191,-0.025369161408138,0.005773697274128
126,1666253065.245033741,40.410164209235141,449.917704718479058,14.524558754945362,0.264413051191337,0.963954406125121,-0.026681003779215,0.012874987727595
127,1666253065.344084024,40.287024682284397,449.993615500336887,14.522917426751471,0.255558741292262,0.966410995467962,-0.022566712302546,0.015174356117896
128,1666253065.448196888,40.161470650839462,450.074852534466345,14.488632583411308,0.263431027879021,0.964471608183522,-0.017548310633968,0.009521940578843
129,1666253065.547397852,40.038552560133446,450.161944007213890,14.470660907638928,0.262803610755606,0.964594734639173,-0.021956639893827,-0.003027547649889
130,1666253065.647644758,39.909561638868468,450.252706978755668,14.478082093338424,0.270515068663824,0.962351380522143,-0.024573820730134,-0.009876505842399
131,1666253065.747406960,39.781727450998062,450.347073620184403,14.501786155018824,0.298495335919830,0.954155206503508,-0.022007484730894,0.002011703798980
132,1666253065.847070932,39.656780811021733,450.441202791603246,14.490424361279542,0.299256273895265,0.953759036505978,-0.027411072994636,0.006165703106222
133,1666253065.945712090,39.532534050587252,450.534128642514929,14.447068926250955,0.271979035717121,0.961803220165779,-0.030302937519997,0.006610732696372
134,1666253066.046566963,39.402817248485796,450.628936594416018,14.428764918949385,0.260851646142622,0.965024210148435,-0.026165669037176,-0.000224267498261
135,1666253066.145636082,39.271075497301894,450.714592929428647,14.444371798002727,0.254566819976210,0.966831351923187,-0.020802597808537,0.000350756323630
136,1666253066.247591496,39.136919668954299,450.793829543104096,14.467275171777688,0.246231241290096,0.969015123766036,-0.016793702745535,0.009891272593937
137,1666253066.345913887,39.012651430379130,450.868862885413250,14.453172996110098,0.240237579105960,0.970531447356461,-0.014073751547953,0.012511786237308
138,1666253066.446927071,38.885881577928409,450.953459858359736,14.415125373550135,0.247766959540836,0.968633841700120,-0.015240746204860,0.011301952409931
139,1666253066.547288179,38.752313557735413,451.041408308585801,14.408637472401521,0.245444821665073,0.969166658257324,-0.021516379359968,0.003142206131068
140,1666253066.647023678,38.612735401297151,451.128268317587015,14.432695849886359,0.260273903552580,0.965100572042454,-0.026640798427531,0.011342346846003
141,1666253066.748683214,38.475381680895879,451.212542648072372,14.446446689002034,0.270170291273048,0.962218659234510,-0.024216121502449,0.023597563301273
142,1666253066.846888781,38.351150867302110,451.289654201717610,14.424989115816615,0.268033760596527,0.962836094506511,-0.025125728527948,0.021754449243139
143,1666253066.946415186,38.225460158819708,451.362919029597435,14.393009412619090,0.239861828780933,0.970472699846217,-0.022936149528412,0.011089408995571
144,1666253067.045260429,38.094966822684270,451.432666524194644,14.389287646416735,0.226901519989340,0.973874758563137,-0.009056380871669,-0.001279384862262
145,1666253067.146063566,37.953047867034236,451.503561742734576,14.407696544104930,0.216457158138350,0.976285594348360,-0.000734820624552,0.003492419961748
146,1666253067.247847557,37.809482205980750,451.573609230555121,14.418651484362586,0.192553773714916,0.981202973305081,-0.001679878537096,0.012686505173399
147,1666253067.349786520,37.667204598656141,451.644675368385549,14.393309246359621,0.182072688295548,0.983127476287142,-0.000501403853478,0.017596878708523
148,1666253067.449512959,37.522839494184524,451.719103848122472,14.363499338179233,0.195406509057597,0.980538588374440,0.000822017035910,0.018965685186069
149,1666253067.548641920,37.369093046130693,451.798286280297873,14.374839536454186,0.203237489589853,0.978881872369964,-0.002299167794242,0.021897867433668
150,1666253067.648818016,37.214330293645929,451.880127052886735,14.393778364105966,0.218264977578192,0.975087068035080,-0.005651850855555,0.039162046619762
151,1666253067.748353958,37.069268313986271,451.961564620971558,14.389231871741609,0.230976310614752,0.971473402468442,-0.009275840008477,0.052946492077596
152,1666253067.848322153,36.928731468467248,452.041725212818335,14.355951598684015,0.218714107452866,0.974088661322699,-0.012481568748329,0.056210581968431
153,1666253067.947516203,36.788218132488076,452.121000081895829,14.337464863112450,0.206635551981539,0.977099360736589,-0.011246924229409,0.049518628826046
154,1666253068.048203468,36.643038831960133,452.200738706074901,14.348131950316491,0.201532725953392,0.978696315624846,-0.003291254868547,0.039080043417801
155,1666253068.141314745,36.505261414425178,452.270062076435977,14.368959498160301,0.188166235403322,0.981169769194523,-0.004917238920668,0.043303263552600
156,1666253068.241024733,36.363377454576721,452.338406103325781,14.376856259402203,0.168756170923012,0.984747838870639,-0.004804493921414,0.042070957359769
157,1666253068.342362881,36.222803236265484,452.407480962978411,14.348416254490921,0.166381462683675,0.985434293053495,-0.004782179588109,0.034836671881619
158,1666253068.443365812,36.073922490495484,452.482549263974136,14.331224933746228,0.176774666927597,0.983956530244807,-0.005909359858117,0.023352584167612
159,1666253068.542927504,35.917034420225860,452.561166945506272,14.347959166408430,0.186637555019531,0.982076236931673,-0.007627282924102,0.025189530873992
160,1666253068.643634796,35.762377012429681,452.645576661720099,14.371393106635871,0.204678299050013,0.978064165441547,-0.005950748510869,0.038234418647132
161,1666253068.744120836,35.617895184172284,452.732115877640069,14.357241445424338,0.204994435880937,0.977877866127818,-0.013289484426850,0.039440458907454
162,1666253068.842274189,35.479109949264476,452.817122827038702,14.323350958154196,0.181243228548821,0.982633168096552,-0.021629099666421,0.033393578864120
163,1666253068.941730022,35.326548495681436,452.900305865331120,14.330908475599612,0.172398629086702,0.984405954087921,-0.019191537079146,0.029245771486079
164,1666253069.043051720,35.167565797519075,452.975153990860235,14.361253557629420,0.177914872114118,0.983203044272140,-0.014222796419025,0.038154738586915
165,1666253069.142761469,35.020274691025755,453.037449086041363,14.375184886587395,0.170162185972425,0.984388467947240,-0.009317468841367,0.044015445152370
166,1666253069.244448423,34.876531477138421,453.098963155316653,14.346471024730453,0.163941128680101,0.985670077733227,-0.005792798309820,0.039296916879203
167,1666253069.344521761,34.730008263615900,453.164050600779035,14.318727728191204,0.169909043207730,0.984947560666616,-0.009800097915550,0.030218832769687
168,1666253069.445183992,34.570052293924768,453.231333531979601,14.335672123886587,0.172249520796981,0.984653725071165,-0.016867085483967,0.022419761728566
169,1666253069.544292212,34.410716855119887,453.297457078594789,14.359624315024114,0.181014666199933,0.982791445461811,-0.018735557387522,0.031680344647591
170,1666253069.643696308,34.257009322025247,453.361967259986386,14.357853169006461,0.182790883919694,0.982232642280615,-0.020836285325641,0.037045626032324
171,1666253069.743274450,34.106586232245249,453.425696906155906,14.322424687419261,0.164174223610281,0.985497234335768,-0.025277270881130,0.034685515641499
172,1666253069.843120575,33.951492593275873,453.494366135876589,14.311448631301658,0.149548795246885,0.988094660314633,-0.022283067176304,0.028417688419916
173,1666253069.943224907,33.788806057646816,453.560220252583122,14.336010312767840,0.144563295114971,0.988875973925646,-0.017125986836149,0.030536248508858
174,1666253070.043455839,33.632765055778677,453.615055065121908,14.359381169316725,0.137416746075249,0.989719389666608,-0.013197491065093,0.037389755891601
175,1666253070.143465042,33.485742888356988,453.662420526517394,14.350738699513855,0.123407189025128,0.991696230025573,-0.007863895285897,0.035318723092925
176,1666253070.244402409,33.336117478617282,453.714825985024959,14.320747513765154,0.127087794525852,0.991449644257973,-0.003953441752535,0.029337104178894
177,1666253070.347679138,33.173578001726469,453.774846823203916,14.321018032546840,0.128827624714541,0.991427663043470,-0.010136129078995,0.019284474321751
178,1666253070.448211908,33.012847773617260,453.831805271638700,14.344663159272667,0.138494407991204,0.989976553640759,-0.011734899116640,0.025060214273894
179,1666253070.547636032,32.862096794223326,453.889058994992979,14.360578805360319,0.155088817637353,0.987329342514072,-0.010980536969367,0.031743595613021
180,1666253070.647685289,32.717737600709597,453.948397176120295,14.337433531601029,0.149507610111765,0.988222353258284,-0.014437894694262,0.029250679242124
181,1666253070.746377230,32.573506558985081,454.007832718959207,14.313182878598093,0.127041579638114,0.991500321780044,-0.017519125845072,0.021923256663794
182,1666253070.847310066,32.418543402122907,454.064552000595995,14.331421440306032,0.126827003771105,0.991759241247086,-0.008340909985631,0.016091853095900
183,1666253070.946667433,32.269438138473824,454.116029415130185,14.357780316262112,0.121712036340981,0.992356971877847,-0.004749222109473,0.019780431353138
184,1666253071.046142817,32.128242188834875,454.163077997235177,14.360491647056678,0.104265953874015,0.994357906640512,-0.004618113235192,0.018964108056737
185,1666253071.146279812,31.986953595844383,454.212425128123186,14.329091413760532,0.103729810952687,0.994505453695633,-0.005061475905817,0.013168536403779
186,1666253071.248014450,31.834594441697416,454.267152165298057,14.313997153014464,0.114531741816386,0.993379180018808,-0.008043645128518,0.003947732857124
187,1666253071.347413063,31.680751170606783,454.320681135948234,14.331004435166999,0.118881359396096,0.992809917722039,-0.013680839641634,-0.002919638264170
188,1666253071.450338364,31.522469741434410,454.379164613744138,14.352812442577155,0.138307748899787,0.990325091729653,-0.010184300920191,0.004843480122219
189,1666253071.550033331,31.370314878216195,454.439486806198829,14.342261098936271,0.144660264193330,0.989296873636118,-0.017533369207144,0.007595047173350
190,1666253071.648991108,31.215608128841151,454.499715701745743,14.311486086250468,0.125703735889448,0.991816870858444,-0.020700634880324,0.008327615478189
191,1666253071.749182940,31.053372138680501,454.559536900404680,14.313474900831931,0.124031047626582,0.992147372070503,-0.015440302555809,0.004635555547382
192,1666253071.848225594,30.891316137605003,454.614937965119509,14.339075807504067,0.120223102549106,0.992616608936624,-0.010671059517232,0.012033360519963
193,1666253071.948069096,30.736954710909430,454.665101747197525,14.352284384880665,0.108885631284220,0.993760251156779,-0.014888734566632,0.019047522244586
194,1666253072.048306942,30.588059867172561,454.711431622865746,14.326635183795601,0.094810211176082,0.995245327535728,-0.012902712587454,0.018201150593676
195,1666253072.148769617,30.433183230131693,454.761774991173809,14.300205753826400,0.102326308212540,0.994529671982145,-0.015317101866439,0.014333338239646
196,1666253072.249105453,30.268087687712129,454.815301538291862,14.315789830682810,0.107600411408766,0.993939955939963,-0.019844504439330,0.010569346918656
197,1666253072.349770784,30.104246968410820,454.866518178621391,14.337900069757707,0.136286965727343,0.990254605308981,-0.020093065848495,0.020443784923449
198,1666253072.449100971,29.950593766937356,454.916671146638407,14.336795009475166,0.157276008689243,0.987045669494457,-0.014665219079402,0.028107557211077
199,1666253072.548806906,29.799944731379469,454.966958258141062,14.306153598256129,0.146997993410730,0.988666291527608,-0.013745466854105,0.027232628797627
200,1666253072.651096821,29.642181279606564,455.020997719596608,14.291012744975244,0.127489129657818,0.991579796025800,-0.010151380199166,0.020321894906166
201,1666253072.740963697,29.496891820614362,455.068351872695757,14.307783155681367,0.126540298282815,0.991775003056984,-0.004958664810812,0.018582461223154
202,1666253072.841105223,29.337018884226598,455.117072011999994,14.330036793146325,0.115862331498055,0.992896266700675,-0.003365007826892,0.026862621503163
203,1666253072.940764904,29.186914743830940,455.160781042577014,14.325316051176911,0.101460271042383,0.994431599333986,-0.003827194455364,0.028230484031610
204,1666253073.041373730,29.038018640509470,455.204882020610683,14.290079104586125,0.100165983782835,0.994704012667780,-0.005784406217438,0.022298957826457
205,1666253073.141837835,28.879822002455899,455.252011977632776,14.280129557331323,0.102183155985175,0.994610064708191,-0.012111089856175,0.012757088875309
206,1666253073.243305922,28.711448499834166,455.299689455813393,14.301833766303767,0.116408049118948,0.992964118222354,-0.011985903457963,0.018104257552328
207,1666253073.342577696,28.549079976639970,455.344912668865618,14.318167543503193,0.134401371605629,0.990404745096300,-0.009021333916581,0.030876005823679
208,1666253073.442249060,28.391370062913555,455.390407389484608,14.298028677926498,0.138049199295564,0.989739606838061,-0.009302906546139,0.035656488325241
209,1666253073.541046381,28.236466195061517,455.437028362587228,14.269270233235021,0.108367415054985,0.993483333547138,-0.011195101530018,0.033496850898261
210,1666253073.641245127,28.077986736563670,455.485763710341075,14.278532410000540,0.105728919708823,0.994043776158257,-0.004221356574986,0.026087291291068
211,1666253073.740860701,27.918620774069439,455.528587282087358,14.303863809211652,0.097675236848211,0.994725207443992,-0.003955275973290,0.031075160082105
212,1666253073.841022968,27.764227006826999,455.565253582360526,14.315687119969247,0.084514688387609,0.995811398227312,-0.003425252596084,0.034715907765241
213,1666253073.941302538,27.615318855243995,455.600043994433520,14.289248603447655,0.080522402111768,0.996259595413396,-0.001111472622521,0.031332506020046
214,1666253074.042832851,27.460672115307315,455.638704223398520,14.263747418598607,0.092427385575849,0.995461503972007,-0.002669132345693,0.022504404856061
215,1666253074.147539616,27.290764875600871,455.679869620144018,14.278657041326136,0.100902298517642,0.994738845367575,-0.005745072858555,0.016743649795984
216,1666253074.248000622,27.126772621185744,455.719954566142974,14.302493399240429,0.122473228470402,0.992061506289835,-0.001657377706137,0.028487350616022
217,1666253074.351611614,26.965033275456314,455.764325414722805,14.296069638577826,0.132435348656937,0.990599595883698,-0.002358407689311,0.034172459296071
218,1666253074.441546679,26.829844747804223,455.802168300319124,14.264258675195553,0.108903360530941,0.993520635547376,-0.006708684598905,0.031808777995361
219,1666253074.541017056,26.680965932433132,455.846182289061460,14.254614865171524,0.098009282234412,0.994996388573881,-0.007343908796253,0.017956456343665
220,1666253074.640854597,26.529178874088938,455.892429999959006,14.274512300981318,0.095325802479663,0.995379929658281,-0.003691018434705,0.010870298891898
221,1666253074.741566181,26.374255878168395,455.934295061204296,14.293657310638398,0.084184535495390,0.996319558982448,-0.005569572915080,0.015142002179021
222,1666253074.841552496,26.221965818200953,455.973014734729134,14.279743224978290,0.089241638025636,0.995869680271608,-0.002608748405955,0.016513763652795
223,1666253074.942895412,26.063498374329754,456.017155361227140,14.243428627575978,0.103804224632023,0.994475274533022,-0.005414460910749,0.014638814981446
224,1666253075.048774958,25.886299400301020,456.069642096249254,14.248435044845618,0.109564517978822,0.993755386568312,-0.015949026280286,0.013837507985366
225,1666253075.148634434,25.716695140007531,456.116893145143763,14.270599564981854,0.129637747785121,0.990975354989297,-0.020109862814473,0.027522601087501
226,1666253075.246319056,25.558206784104161,456.161092696665150,14.275298896362415,0.147663974695165,0.988002960548312,-0.018317933381197,0.041351588139264
227,1666253075.345528126,25.405259925492814,456.204154486906702,14.247831651328484,0.140104062858197,0.989062569239877,-0.017631427972638,0.042605380492211
228,1666253075.444500446,25.253534195565948,456.246814235872478,14.224719383150514,0.121457859077858,0.991822846604904,-0.018854628512309,0.034350144168997
229,1666253075.546758175,25.088147739007951,456.291663942108187,14.240888114798024,0.119310568585201,0.992421327741986,-0.010312732830688,0.027541677658988
230,1666253075.640010357,24.935966441804936,456.329400266851167,14.260182179515823,0.115065470996292,0.992613987226549,-0.009672070514107,0.037200279549818
231,1666253075.740836859,24.779470771238714,456.365883224741424,14.263380974820828,0.102475714211505,0.993831489629689,-0.006299466533473,0.041928688730619
232,1666253075.841505527,24.631515217508092,456.401313330277560,14.234444401623058,0.109715043994066,0.993262631627443,-0.001000967790649,0.037295466177394
233,1666253075.942725420,24.482062158925867,456.436130652427948,14.219374450711491,0.127173125065654,0.991625720041156,0.001543402733932,0.022428676329535
234,1666253076.042185068,24.327601888395691,456.470595809599558,14.239220567124708,0.133705130415669,0.990893728254075,0.002549531924437,0.015686213508499
235,1666253076.144451141,24.166620950287470,456.508629524506091,14.262587506241994,0.148936110995744,0.988524106848002,0.008836322502245,0.023665257794093
236,1666253076.244802952,24.012120587191237,456.549921827223557,14.257896622089312,0.149897102006414,0.988334713193919,0.006399960534106,0.026160925272920
237,1666253076.348808050,23.855737765848460,456.597401102332867,14.228225303882365,0.118672117470038,0.992671519442315,-0.000346304718219,0.022804891938036
238,1666253076.449236393,23.700335425035615,456.645721303999380,14.227087753590117,0.102943206429156,0.994585399489607,-0.000079578314439,0.014232815584928
239,1666253076.548979044,23.537511307626939,456.695826641726001,14.250227286187128,0.101680254192535,0.994633044521017,0.000782287268658,0.019121210234282
240,1666253076.648916483,23.374275118283748,456.746067781184536,14.264591012043889,0.081644279382298,0.996149102129576,-0.007820001370067,0.030984279064662
241,1666253076.749720573,23.213370430086350,456.795245448902676,14.244604303390831,0.069840944703003,0.996747189510204,-0.014600082296173,0.037471592486129
242,1666253076.851835012,23.052285860336127,456.843302504668088,14.212037807232694,0.079631436386333,0.995996543028041,-0.016292213170325,0.037205972709411
243,1666253076.942548275,22.908365659165206,456.886239217972104,14.213531251151704,0.099771277761053,0.994444532255227,-0.017346475436404,0.028720449013618
244,1666253077.045471907,22.744431616203496,456.933799534930415,14.233989692782510,0.126355211613145,0.991293976697832,-0.011969536226903,0.035033447779361
245,1666253077.145323515,22.591387442759789,456.979970218054916,14.243395176528635,0.142103071191858,0.989014667816135,-0.007722277553589,0.039963363619288
246,1666253077.244199276,22.445677670226338,457.024063744861849,14.216235994825983,0.124807286982195,0.991520934869709,-0.009482078138080,0.034920868050865
247,1666253077.343442678,22.298789968100660,457.068937725757678,14.190341127346127,0.120161384091363,0.992465381600427,-0.003731376095450,0.023659774521350
248,1666253077.444299221,22.137641137724930,457.117904728302619,14.207295785079731,0.130741966029326,0.991229082453050,0.003158064115626,0.019012391988186
249,1666253077.552155018,21.960137015071606,457.172518030404660,14.231029805974551,0.109283532546151,0.993599247809299,-0.002383215361222,0.028494991692794
250,1666253077.639983892,21.817953382968589,457.218420458468131,14.224129972805107,0.084172239264121,0.995732121694821,-0.012062532714315,0.035875775488635
251,1666253077.740320683,21.655235593435631,457.270395196742470,14.185760753371499,0.082409545060466,0.995669499073670,-0.020536596310417,0.037804281626521
252,1666253077.841928959,21.482691149324889,457.321122666700660,14.170227558447037,0.102112722958826,0.993879876290278,-0.022825592911916,0.035422812188971
253,1666253077.941998482,21.301023036616208,457.371243523141800,14.191088518810687,0.108539761922211,0.992584021278072,-0.025053142069231,0.048666424337316
254,1666253078.042480230,21.122779766740841,457.421371509676135,14.210218506908548,0.126136002771154,0.989373371213858,-0.021267618486830,0.069121122254632
255,1666253078.141510248,20.960511025309245,457.467691856876002,14.194074910337880,0.120634476028105,0.989564646530190,-0.018834276372088,0.076514074290582
256,1666253078.240813255,20.808509724006264,457.514238374486695,14.166749027558179,0.101526743205315,0.992258056797747,-0.017557989799301,0.069339643266239
257,1666253078.340823412,20.654476272498041,457.564430168785748,14.178349642579230,0.096731407848397,0.993602599486007,-0.012040613499535,0.057025719257818
258,1666253078.440989733,20.500125229451132,457.610111826440288,14.208821930685579,0.091262331614083,0.993956274428560,-0.009450661298650,0.060272683310746
259,1666253078.540820122,20.356420704543911,457.649162237848543,14.220145090814004,0.080914855726158,0.995046865410656,-0.005231203388766,0.057507880071763
260,1666253078.641809702,20.219407039991527,457.686506013559665,14.192795149327823,0.085429598494467,0.995259599172019,-0.000255570399848,0.046476323443193
261,1666253078.742340565,20.079112614856712,457.726935255074864,14.173259830361545,0.096855407302881,0.994920310626364,-0.001017385505360,0.027414786266994
262,1666253078.842149734,19.927409238157093,457.769964429270146,14.193624547778029,0.097740065905845,0.995075614832876,-0.005024333744390,0.015689370673185
263,1666253078.942444801,19.772850274219135,457.817444367850044,14.221024872590187,0.118909939543464,0.992662172430825,-0.004428996868265,0.021508642203208
264,1666253079.041715622,19.626608593408186,457.869081355213723,14.218155070579243,0.122345046986432,0.992196442606113,-0.011713361418637,0.020992996973703
265,1666253079.140732527,19.483690326912615,457.923262304448031,14.183973128049910,0.093330496500467,0.995253163629007,-0.024399456080362,0.012853997526498
266,1666253079.239531279,19.334810541607425,457.980106226924363,14.172833755002404,0.075233420635252,0.996681680935004,-0.031070635975387,-0.000418196341598
267,1666253079.340391874,19.169659837984703,458.032796161924580,14.196017800998249,0.079719230566963,0.996322390614340,-0.031302308819255,0.002589150617702
268,1666253079.440395832,19.008194272601326,458.074272495852824,14.214333551406591,0.073670795955183,0.996719567502250,-0.030873641134477,0.013020593863471
269,1666253079.540674925,18.853877432276111,458.109004610384432,14.197258358207646,0.077265379634413,0.996558679322655,-0.026345965415341,0.014378799774989
270,1666253079.641809464,18.696858070300703,458.145187842477242,14.164835251176713,0.087775106102153,0.995733165841062,-0.026635577008022,0.010076667620936
271,1666253079.741481066,18.536376147760183,458.184264525458104,14.168889138728854,0.095579911105280,0.994971482595912,-0.029916146473178,0.001119640207612
272,1666253079.841307402,18.373122407076725,458.223446822881670,14.191774732883493,0.110171412941852,0.993478144240471,-0.028276770607406,0.007991303455748
273,1666253079.940885544,18.212802824686062,458.266285563526424,14.203230537407791,0.124803659752813,0.991623786991358,-0.028396551157395,0.017318991529141
274,1666253080.040016651,18.055788486901633,458.307383011345166,14.175086591802700,0.112867681472680,0.992986345393339,-0.030090568861744,0.018263679994417
275,1666253080.139315605,17.894467082875178,458.345314995314652,14.150218796424955,0.090880334971307,0.995365568754543,-0.027473518267723,0.015275963061033
276,1666253080.240162373,17.721196865706879,458.382294653939368,14.166499418558971,0.090370418581936,0.995591569548990,-0.020885782131423,0.013942675247747
277,1666253080.340119123,17.547115032859331,458.413575442521960,14.188029729248774,0.081478896706415,0.996131026685987,-0.016352824404264,0.028578876797911
278,1666253080.440510750,17.381067170597241,458.441061242937280,14.187802931910893,0.065701980271377,0.997111624834428,-0.014001932346147,0.035434493068765
279,1666253080.541080713,17.222298881123628,458.469415188324717,14.154439958390880,0.073645576902694,0.996683484515589,-0.010817671368178,0.032883714551487
280,1666253080.641390562,17.059143156035205,458.502415585293249,14.142450765087606,0.082907713772060,0.996188580818915,-0.010663715533084,0.024918017860899
281,1666253080.741352320,16.890667216969863,458.538065562645329,14.162655727111501,0.090670154579302,0.995440152259472,-0.011222642771860,0.027420405310997
282,1666253080.840941191,16.727500174968409,458.577436239302358,14.181436601130883,0.112421596053668,0.992793066382702,-0.009922009121712,0.040309624386336
283,1666253080.940554380,16.574442286663125,458.620530416904217,14.166706513544694,0.113283399995650,0.992547295464636,-0.012997102644233,0.042986193994321
284,1666253081.039550543,16.429039933806685,458.664801785331463,14.134895211559423,0.086833769554963,0.995429486352807,-0.019183679459524,0.034814086325163
285,1666253081.139458656,16.276917098301801,458.709323792574764,14.142228460316806,0.087136350095748,0.995795300403257,-0.015674548280933,0.023522005079649
286,1666253081.239535093,16.115559576206024,458.747717020794028,14.170060636807435,0.079732118552623,0.996345052124060,-0.009968056782334,0.028982136273910
287,1666253081.339973927,15.958821551377321,458.781517657019549,14.182506000166001,0.073990392717904,0.996597167004300,-0.009717072572926,0.035001242907440
288,1666253081.440287352,15.807590036865049,458.813513997896109,14.157035094452484,0.076254163399698,0.996506750165855,-0.003632766978937,0.033858565270490
289,1666253081.541606188,15.649544363539311,458.851025221653686,14.131004763068262,0.090900028787597,0.995479487464166,-0.005040621286523,0.027062278942136
290,1666253081.641763210,15.483227301435329,458.895286483427128,14.146518725563372,0.094736731714598,0.995191111911596,-0.011956765669977,0.021832045046458
291,1666253081.742197275,15.315642887423792,458.942694958572076,14.171546443059096,0.114911581280242,0.992732824422036,-0.012586362695450,0.033443254578763
292,1666253081.841236830,15.158460091776453,458.989232068107356,14.173470819746031,0.122114372099530,0.991490480913265,-0.016793209651420,0.041865194311319
293,1666253081.940112829,15.009135097936229,459.033908406517810,14.141552835215839,0.104782597466468,0.993462738875454,-0.023768793336775,0.038567320331802
294,1666253082.040332079,14.855568536950376,459.080456418172844,14.126415626237687,0.086661889362088,0.995543530041455,-0.025224997744236,0.027322082892702
295,1666253082.140642405,14.694295544493725,459.127924948004875,14.147671388479120,0.084278638450407,0.995944826150480,-0.021110591035985,0.023352886569900
296,1666253082.240321159,14.535272884138863,459.170151306573757,14.170499706104087,0.076995090422321,0.996271160194462,-0.024645811063263,0.030134953337823
297,1666253082.340471029,14.381275771627024,459.206842829758898,14.165654708313731,0.068689198582788,0.996955450413001,-0.021345389268088,0.030099804764449
298,1666253082.441392660,14.225811050501513,459.243486982475702,14.133252653322474,0.082851645165049,0.996079000540763,-0.017878924106105,0.025349036430765
299,1666253082.541616678,14.061798547934471,459.284087479144489,14.128197748406416,0.095345008216902,0.995094711124127,-0.020466705020228,0.016642093814334
300,1666253082.641330004,13.891777449371917,459.327337894684433,14.150416561706626,0.107499987600814,0.993681230993722,-0.022146660351072,0.023471030482695
301,1666253082.741439342,13.725979698996044,459.373575871186461,14.167990143680580,0.132517307637990,0.990304416334595,-0.020325129734139,0.036376025976820
302,1666253082.840384960,13.570329291057405,459.420084368945879,14.145971914911804,0.135332556184208,0.989834403588176,-0.021671634818851,0.037990695626238
303,1666253082.940294981,13.412396739533854,459.465887693978914,14.116123877089045,0.113758747871055,0.992668572793383,-0.023104993221065,0.033678051597626
304,1666253083.040615320,13.248040337875745,459.510304899602431,14.128448187251275,0.111567532430393,0.993259239574248,-0.017128403187120,0.026370182252675
305,1666253083.139612198,13.084829738436717,459.547816593796711,14.151500856767202,0.099999849866378,0.994315404013845,-0.015221813798267,0.033244604858187
306,1666253083.239603758,12.926424791537018,459.580074085529645,14.159420204111822,0.084878763630925,0.995628287228606,-0.011396141855232,0.037283201385259
307,1666253083.340559483,12.771465901641951,459.611415701470833,14.131867434385926,0.089345802426976,0.995430499637383,-0.008216752860970,0.032679243454707
308,1666253083.441162348,12.612022610119309,459.645783128703386,14.114065144710532,0.100475619116783,0.994634847193698,-0.008497407026154,0.023107678050817
309,1666253083.541887283,12.446981715028235,459.680365130295058,14.130000477226551,0.110169564542765,0.993723799605508,-0.011843205404660,0.015343260142274
310,1666253083.642112255,12.280973605074099,459.718291342141526,14.155636765729996,0.125264909863142,0.991730615901649,-0.009789426871571,0.026139146157445
311,1666253083.741376877,12.119743354847390,459.759774108041881,14.149126728019620,0.128679519587274,0.991079878043514,-0.015074080358003,0.031225449194548
312,1666253083.840210915,11.957730259287501,459.799179875953314,14.111411984374216,0.101549968500253,0.994080266125932,-0.022870031221122,0.031128605309891
313,1666253083.939049006,11.785690606174592,459.836341718837673,14.105424406760799,0.090349565897438,0.995292857099726,-0.019819708526664,0.028918224397879
314,1666253084.039092541,11.603377889265913,459.867908768978623,14.126590875958492,0.082748646712584,0.995670434387817,-0.015517046118455,0.039398843041011
315,1666253084.139805794,11.429419396264379,459.891938269375430,14.142861338894484,0.069525500942008,0.996211854934603,-0.011122551267546,0.051033652228913
316,1666253084.240048885,11.268011711476790,459.911104974785644,14.124299084085671,0.059984045443744,0.996946858911129,-0.007737160270154,0.049386345788987
317,1666253084.340783119,11.105543111752286,459.933989195505376,14.095135681542708,0.067279807446929,0.996880927001883,-0.005088294009255,0.040938419044285
318,1666253084.451328754,10.914956557785427,459.966100559430629,14.108279110297453,0.072978002840016,0.996737116191973,-0.011958200700927,0.032347082446322
319,1666253084.550507545,10.743295656454313,459.998976443449010,14.133766450257854,0.092243584486332,0.994780880861327,-0.008512483036861,0.042774499721483
320,1666253084.642261267,10.593781823687637,460.033334828789350,14.137277833578121,0.108830845951205,0.992928267167595,-0.006815023205640,0.046934621419681
321,1666253084.741961956,10.438981129267601,460.071008863718475,14.106846509009538,0.096902712327537,0.994434322990475,-0.011862430133217,0.039617222938719
322,1666253084.841023684,10.281535266586801,460.109604131766673,14.089930893087748,0.074634366086997,0.996793732871961,-0.012386563871473,0.026048772359383
323,1666253084.940730572,10.114007579898132,460.147673007579954,14.104195645179876,0.071602615259175,0.997176565198713,-0.008118063818776,0.021120140775546
324,1666253085.041115999,9.941733956196378,460.180356478147758,14.128942316238426,0.054633396333270,0.997927943419869,-0.011008279593109,0.032153219547689
325,1666253085.141331196,9.776750463826895,460.211242667995919,14.120919778743209,0.044946050334119,0.998283443238890,-0.013158319295977,0.035169278465361
326,1666253085.242486477,9.609756133531180,460.244807282462205,14.081656072081195,0.061046895816134,0.997479406297196,-0.010993072582725,0.034456681201148
327,1666253085.342568636,9.431717645995095,460.279801566068500,14.079878878319583,0.074073882543916,0.996531922740841,-0.016118717214980,0.034312881526568
328,1666253085.442410469,9.249156500635968,460.315515094680961,14.102966527702366,0.089272372492732,0.994533816689162,-0.013681557157815,0.052399866077546
329,1666253085.542772055,9.075533265630401,460.351660169441686,14.113708632623931,0.102465226672302,0.992321800075240,-0.014394645524108,0.067757778879363
330,1666253085.642620087,8.914359131288270,460.385799358980876,14.083771136029686,0.094689043895694,0.992981005828780,-0.017319631815589,0.068722175337781
331,1666253085.741042376,8.755820613150254,460.418370939742374,14.059208887797077,0.072499688502017,0.995348027996246,-0.018723792423488,0.060626049915668
332,1666253085.841165543,8.589489148825649,460.450489286115669,14.075633602821707,0.069889175589994,0.996126224656054,-0.015221466394422,0.051150314257411
333,1666253085.941941738,8.423851965741441,460.477810335005188,14.100617454726258,0.055467471731852,0.996870142002812,-0.012756529702962,0.054868483785389
334,1666253086.042670488,8.266153069660803,460.500996969335802,14.102007700451869,0.038735259703342,0.997813131882946,-0.012556315266350,0.052066039263553
335,1666253086.144093037,8.108531658474924,460.523284640052395,14.069202636720529,0.041586421019724,0.998071455100927,-0.015525542953082,0.043392368171160
336,1666253086.244881153,7.944275591082248,460.544475248280378,14.055903738323405,0.049852119743865,0.998154423983769,-0.017706847576094,0.029815760724684
337,1666253086.343893528,7.776029148470405,460.562129320982308,14.075750733059406,0.056780288240122,0.997835375898780,-0.017334271750537,0.028285764886032
338,1666253086.443774223,7.607556198490438,460.580430500416469,14.099999691090360,0.069261514200432,0.996754712715430,-0.015331861326653,0.038050221530285
339,1666253086.543667316,7.445765790575988,460.598115776197631,14.085901166673136,0.064037576586960,0.997069464220942,-0.015476741373782,0.038886280093141
340,1666253086.642767906,7.283955131867562,460.613198662810987,14.054409555096550,0.031494026869258,0.998753319396571,-0.016855250261531,0.034868808475646
341,1666253086.742969513,7.112959419949751,460.626487430436612,14.062673248756944,0.014660323129335,0.999487894304590,-0.010726294806218,0.026343322950050
342,1666253086.842923641,6.938664639147392,460.634110277639479,14.087727504090566,-0.000055317573019,0.999379236424112,-0.011680491065671,0.033237100848158
343,1666253086.942834139,6.769843454522582,460.636636336769868,14.101617857635070,-0.025899103133876,0.998747891931432,-0.010511006936387,0.041489800584783
344,1666253087.044083595,6.604756075204675,460.637593628391812,14.075930144319079,-0.035959003179645,0.998492108286508,-0.008532709823542,0.040591287771608
345,1666253087.143413544,6.436595908196965,460.639451201431712,14.049713788973420,-0.029562084506847,0.998904228203102,-0.005779700473296,0.035819283912639
346,1666253087.244072199,6.254877110884667,460.639847222104095,14.065150613516295,-0.026165976041963,0.999061783312865,-0.009112025682379,0.033284618211017
347,1666253087.344133854,6.073754488587228,460.640776915603738,14.091350011619170,-0.010885559338865,0.998759078835426,-0.006858719499455,0.048112004827467
348,1666253087.443299294,5.903461989586798,460.644935735146532,14.090680368947861,-0.011291977476593,0.998431938293274,-0.009188541739422,0.054052997523798
349,1666253087.543084621,5.737382593564393,460.649102398025263,14.053318234983005,-0.039737039692203,0.997791830599953,-0.013133128073973,0.051574716785339
350,1666253087.642633438,5.566508150429649,460.650060608669378,14.045096612654042,-0.064858707954989,0.996865142326788,-0.014974771271022,0.042766718854543
351,1666253087.743126392,5.392572725376175,460.644332407750539,14.067838699632862,-0.074539216662904,0.996352604836812,-0.012400807288027,0.039643561807498
352,1666253087.842898607,5.226750437262177,460.629876902580577,14.090296127406067,-0.098836705333718,0.994006109775682,-0.012152588282084,0.045116227739441
353,1666253087.943105698,5.068884072900024,460.611412801913332,14.080578688483117,-0.112410021007679,0.992779274036398,-0.008105084680060,0.041080504173451
354,1666253088.046717405,4.902243942223697,460.592982519398106,14.046817242165892,-0.107553949008737,0.993683045876115,-0.004297890946582,0.031743984066338
355,1666253088.141709089,4.739339607688093,460.575580586172066,14.045109380922748,-0.101905446185144,0.994553559473751,-0.006318128709732,0.020942268871972
356,1666253088.243829250,4.558311201636854,460.554776804917196,14.069428749993811,-0.094682361055069,0.995092632978178,-0.005755286798209,0.028156330930445
357,1666253088.343921185,4.383807451006585,460.534574973929182,14.085171996720664,-0.089174914008559,0.995261263559920,-0.004254756933986,0.038532441034937
358,1666253088.442998409,4.217228025172035,460.508705346306783,14.057779701531496,-0.111911060830335,0.992882204207266,-0.008719417230074,0.039809732422073
359,1666253088.542561293,4.049408622199266,460.471741674856048,14.031689055120644,-0.137622548850355,0.989711031338585,-0.009632468494342,0.037938424392062
360,1666253088.642579317,3.882210482498821,460.428142732323238,14.046477839458742,-0.157294871715638,0.987187050162211,-0.000847527043601,0.026820384447367
361,1666253088.742354870,3.718960020962155,460.374820445942362,14.073124879038751,-0.180118372532058,0.982979223474398,-0.000794682503027,0.036174391132280
362,1666253088.841838121,3.563885991490158,460.314450377686398,14.082917217833238,-0.216732825444105,0.975359970798381,0.002332144369002,0.041162736083013
363,1666253088.942296743,3.410452059136225,460.252587321562430,14.056746126113486,-0.223275678838631,0.973911775184772,0.012733718719126,0.038492568155137
364,1666253089.043527365,3.248772192783553,460.185700619594172,14.051409591027786,-0.216797406655652,0.975582391318589,0.015048593944038,0.031802862084958
365,1666253089.143448353,3.084516646824113,460.109919108250040,14.078365964165243,-0.228343694753073,0.972728054096253,0.014267154329848,0.038154136708362
366,1666253089.243316174,2.931123118611203,460.031610615864054,14.102270415652931,-0.244088384388804,0.968347031280902,0.013691495232677,0.050372915085597
367,1666253089.342999220,2.792213508540334,459.953414336981780,14.098239946846716,-0.268701699783590,0.961878138488324,0.010782900129692,0.049735020824748
368,1666253089.442331553,2.659796025033197,459.868739102344250,14.073746191806272,-0.304956244422820,0.951432278325026,0.010838128262290,0.040753450461899
369,1666253089.542420626,2.523370145005320,459.777098418013509,14.075874138673584,-0.330362997953728,0.943390904312688,0.014402273464045,0.025815998182922
370,1666253089.642369032,2.385436188564605,459.676473306205139,14.101854157146294,-0.359010397376311,0.932750171394588,0.009739864998975,0.031524393235586
371,1666253089.742299795,2.256126363318431,459.570462969845153,14.120196738851030,-0.402065111463723,0.914628045470267,0.007173406281857,0.041805822862589
372,1666253089.842645407,2.134995977716723,459.464011650448185,14.096533010532335,-0.423039765494661,0.905073435079803,0.003933994103761,0.043173575407408
373,1666253089.943739176,2.014938707176471,459.352315357703162,14.073527673115924,-0.420655599972274,0.906456294557487,0.002372235178995,0.037151376412339
374,1666253090.044291735,1.896613569809820,459.233023280712530,14.092453514137954,-0.417703811299755,0.908090998963243,-0.001167041673847,0.029881459825946
375,1666253090.144141436,1.782600730853831,459.112364895950691,14.119231197557037,-0.408801455201158,0.911909674129007,0.006620631283370,0.035472294777107
376,1666253090.244253874,1.671940529563259,458.995732684725397,14.125856633653521,-0.407538290991908,0.912307150847131,0.009550831779191,0.038948498057175
377,1666253090.343027353,1.566247562888569,458.882753836450206,14.098204822650965,-0.425209249056552,0.904358389397754,0.006257984172226,0.035969927394469
378,1666253090.442709446,1.459189066763268,458.760622018721506,14.089346320937135,-0.444026995553547,0.895599153126863,0.005421894153075,0.026698074873081
379,1666253090.542682648,1.350779983690986,458.633760276043631,14.108288512791953,-0.453733214254105,0.890954768660769,0.006204957747089,0.016949011258201
380,1666253090.642683268,1.244792162971367,458.504148821844694,14.132210059460318,-0.472242289071483,0.881114703310154,0.009322682286031,0.023177308260000
381,1666253090.742935896,1.142151254363975,458.375683397197747,14.129191800004424,-0.495410335740616,0.868254391320130,0.009920482963881,0.024586484344942
382,1666253090.843264580,1.037630607404934,458.245854874637303,14.098060434580084,-0.494190269741597,0.868954668065471,0.010832067898709,0.024008924278121
383,1666253090.944162369,0.927375753365778,458.106820380492536,14.103830289389222,-0.479436951115636,0.877296712274911,0.010343402066293,0.019588327398503
384,1666253091.044006586,0.820481169293061,457.964389956343098,14.130953250387609,-0.474153575143324,0.879880081548156,0.015318580495391,0.027473084377653
385,1666253091.144483328,0.714814178711668,457.827954212204304,14.147258903046970,-0.461844496702609,0.885884547107370,0.020774012498637,0.038427470208059
386,1666253091.243944645,0.610459368031831,457.699504867623318,14.124200603491099,-0.472778682162020,0.879978127361638,0.017591523938561,0.042536470748839
387,1666253091.342983723,0.504986599416210,457.569865867461715,14.095571240856266,-0.495738346198260,0.867303373619178,0.011948424759835,0.043423327407802
388,1666253091.442930937,0.400141268653207,457.432194075729228,14.111029978207208,-0.504278466513261,0.862759562811661,0.012715237095568,0.034459943901124
389,1666253091.542859316,0.303982869363509,457.292766513481638,14.136346465986843,-0.512997302884788,0.857382389350956,0.015700978497708,0.038505648131063
390,1666253091.642622471,0.217338952624967,457.155591329154504,14.144385126609668,-0.529152991050652,0.847304064387631,0.018046253724035,0.041800326085789
391,1666253091.742723942,0.132753923279638,457.017576033894557,14.117368676778591,-0.534460326058701,0.844061292683221,0.017766011002140,0.039963269588830
392,1666253091.843255043,0.044570459487041,456.872356913876217,14.101612801604690,-0.527947412016413,0.848451517385869,0.011611869933771,0.035590971712354
393,1666253091.943450212,-0.041031038831330,456.721866105470497,14.119243442534035,-0.518329399196353,0.854541965258931,0.005086106040716,0.032661828875533
394,1666253092.044190645,-0.124613083531810,456.569154158510685,14.144170364015675,-0.507892563202902,0.860309535547718,0.008443896324691,0.042910929886381
395,1666253092.143319368,-0.205502395178728,456.422609189253023,14.141831758663574,-0.503746910265532,0.862542182006604,0.014285473774895,0.045342693967644
396,1666253092.242573261,-0.283826426210252,456.274622542923169,14.110585511835394,-0.519208025104113,0.853306628854190,0.010709913658293,0.046648918212716
397,1666253092.342032433,-0.363752106235228,456.116766859977474,14.111584947856644,-0.527633147606491,0.848451136921401,0.014841183961111,0.038905900096029
398,1666253092.442009211,-0.443251615889187,455.952678866754354,14.133035422018933,-0.534243231210784,0.844035133606198,0.018915956488479,0.042790766924131
399,1666253092.541746378,-0.516995231927517,455.792051973096136,14.148297491233860,-0.556052798877837,0.829061753566758,0.025181119575506,0.053177108325476
400,1666253092.642635345,-0.588427790871254,455.636848950072192,14.132518890929108,-0.567590128990895,0.820999419819339,0.028673053238914,0.054582544337598
401,1666253092.744218588,-0.666909007139810,455.481743458252140,14.107668902380251,-0.560180901696827,0.826265577606904,0.026791842461633,0.052580888291956
402,1666253092.845193863,-0.754392579371579,455.321738551484373,14.123137403173180,-0.551520678794999,0.832308987405928,0.020055322404716,0.051811913572710
403,1666253092.945758343,-0.841820448587110,455.166897594288514,14.149590048493456,-0.534221531773466,0.842739948829157,0.023618914406854,0.061958700109701
404,1666253093.045638323,-0.926037715321751,455.025658768498090,14.157276238160630,-0.521736186402112,0.850303140418391,0.025076584446156,0.064397873456481
405,1666253093.144301176,-1.007178823977743,454.893232011941791,14.131192450855439,-0.524783019910185,0.848995694130152,0.016613819637939,0.059439669913670
406,1666253093.243602753,-1.093735436311554,454.753953435831875,14.122729564727484,-0.537036247591934,0.842086446527540,0.010236478855418,0.048761663708685
407,1666253093.343470335,-1.183002241242886,454.600631231707837,14.153005665723555,-0.535323046851557,0.843188722522684,0.013953923062172,0.047616192112613
408,1666253093.443463326,-1.264124154013723,454.450503899068281,14.174136807040099,-0.544247440093114,0.836831249983236,0.013885189922041,0.057579375686237
409,1666253093.543687582,-1.337004669643106,454.305251872964959,14.161691482078991,-0.555633282547764,0.829282734813999,0.014676502769895,0.057848088395872
410,1666253093.644942999,-1.412062716502517,454.157201555497068,14.133075210442414,-0.550211167117097,0.833238326009728,0.012399582902800,0.053177194284621
411,1666253093.744873762,-1.491112144327326,454.004125966059462,14.139807108557605,-0.544690193523489,0.837314204806500,0.003583558378880,0.046953952101486
412,1666253093.845320940,-1.569990671473308,453.849023382285736,14.165146557292891,-0.532816392588518,0.844618003809175,0.004563831251583,0.052022022977476
413,1666253093.945156336,-1.648454555141540,453.699450131866683,14.179433505768976,-0.520483139306310,0.851975418586368,0.010334870067881,0.055931907558313
414,1666253094.044703245,-1.724429845512847,453.554584111174677,14.154047724770598,-0.529455155891691,0.846477422544565,0.003859585559127,0.056020662449907
415,1666253094.144260406,-1.798634391729470,453.403922189571915,14.135537021471453,-0.546599813833658,0.835874780521532,0.000421954993443,0.050416433422795
416,1666253094.244290590,-1.873310381636805,453.243185762157509,14.160391979775348,-0.542032976651634,0.839332614426568,0.005613653368115,0.041103545806823
417,1666253094.343891621,-1.942049579075674,453.084297550804195,14.188010564363447,-0.551305878798090,0.832993330325476,0.015917213379931,0.043938388160653
418,1666253094.443915129,-2.006358712014078,452.932436877884129,14.189786062098866,-0.562948069755282,0.825199041647894,0.023330765074258,0.039895962493073
419,1666253094.544169426,-2.073883464287140,452.783121874742619,14.160989318033566,-0.560298643637807,0.827290152113682,0.020825481196609,0.034967606241836
420,1666253094.645083427,-2.154035974945692,452.624092081984315,14.157988394575575,-0.547714436086487,0.836052680827079,0.013132704989987,0.029194921544044
421,1666253094.744890451,-2.240683020258328,452.459205944228700,14.181817179355416,-0.540951424343568,0.840096705149717,0.015133289292256,0.037149240267483
422,1666253094.844736814,-2.328986537352349,452.300276055521749,14.198104865473441,-0.522968875384117,0.850560743605837,0.022767946568537,0.050314982114773
423,1666253094.944422960,-2.414077846910022,452.150364466368046,14.174780268700305,-0.522344715813963,0.850589947086938,0.017759613272719,0.057769679869928
424,1666253095.043622732,-2.494634030942423,452.000012264837210,14.148071527350211,-0.542023176956714,0.838261501983833,0.013411681911526,0.057867579194772
425,1666253095.143768311,-2.572188919584363,451.844568844958360,14.166506484901612,-0.542014058864629,0.838909637492565,0.010153632251684,0.048459094783958
426,1666253095.244188070,-2.641095671942805,451.688748327506289,14.192699738619281,-0.549745763188409,0.833773676551067,0.015319156136663,0.048645406794177
427,1666253095.344170570,-2.702770730318633,451.537525120070200,14.202922413592374,-0.565466856233620,0.823147291568784,0.017784254294856,0.048574594011880
428,1666253095.444628477,-2.764722589583545,451.387503501170386,14.175578937006534,-0.563223166832110,0.824999495667795,0.017660651498778,0.042937138704528
429,1666253095.544974804,-2.834928112987956,451.229679183247413,14.162403644460573,-0.552089173151072,0.832875314191805,0.015248049235418,0.035829497537403
430,1666253095.645104885,-2.909594509484227,451.064014098127018,14.187289787455446,-0.541786339439210,0.839504290018596,0.014922663677676,0.038437267673409
431,1666253095.744871378,-2.985231106730764,450.903658075229714,14.208998374972284,-0.525687081682562,0.848934464352401,0.025329972601333,0.048184643557776
432,1666253095.844312429,-3.060655935939592,450.753175417853470,14.194410171997003,-0.527949190852155,0.847266513179045,0.025038743408511,0.052746268612121
433,1666253095.943517685,-3.136458560948120,450.605485838408299,14.161257842296344,-0.545690961919119,0.836077500012085,0.017126824492783,0.053874483163377
434,1666253096.043494463,-3.216593254193003,450.448351417208357,14.169773563947182,-0.549960049405428,0.833781965562435,0.015569789236242,0.045925587900004
435,1666253096.143867016,-3.293362506210743,450.286211553983662,14.194515388692979,-0.555910110350699,0.829537810565064,0.020743142980528,0.048996857777650
436,1666253096.244118929,-3.360753656940361,450.130591646351377,14.209636850461729,-0.570659099370460,0.819087791176747,0.022931310932208,0.054014235436822
437,1666253096.344774723,-3.424737322233572,449.978424205610281,14.189838831086783,-0.575761793537068,0.815771534919964,0.023733058865943,0.049516682382510
438,1666253096.445683956,-3.495527967785504,449.819269203843191,14.174119027240225,-0.560461764751086,0.826788407775299,0.018727612352253,0.044190672727038
439,1666253096.545417786,-3.571241364841248,449.652071313275997,14.197345612198781,-0.560062637469337,0.826960384408643,0.010510759685748,0.048537497467702
440,1666253096.645189285,-3.646717271542182,449.487829218144327,14.223761220286912,-0.548971001351594,0.833453032729891,0.017375769310166,0.060703908846587
441,1666253096.744472504,-3.717096673957389,449.333239048685584,14.221726039478094,-0.543401460878807,0.836724035801245,0.019432264877638,0.065039428879569
442,1666253096.843804598,-3.784902520620673,449.180930638908080,14.195416535110711,-0.556874171730369,0.827986223224067,0.012815849283784,0.064542428044632
443,1666253096.943583250,-3.856300078911676,449.018835041555235,14.200949908641515,-0.566408862712941,0.822151585297428,0.010032485052654,0.056099200322527
444,1666253097.043859959,-3.925824780988109,448.848479607737772,14.227646209471837,-0.563918098430507,0.823650002784236,0.014497023112598,0.058196971544246
445,1666253097.143672943,-3.986009460468297,448.685107677236715,14.244168748872363,-0.574723983360596,0.815571070559732,0.020903435239410,0.064025137339749
446,1666253097.244033813,-4.040618905437376,448.528586042114853,14.226746187161973,-0.578949575180421,0.812819818725251,0.024800453902157,0.059382397830566
447,1666253097.344502687,-4.099403409287427,448.370296712667312,14.203750319374320,-0.570924256710164,0.819000806146318,0.022984679541796,0.052486923495188
448,1666253097.444610596,-4.165883671583198,448.204525206636163,14.224471141167085,-0.568086434732504,0.821417920094697,0.012751982977105,0.048865019700861
449,1666253097.544798136,-4.233469279390950,448.040779660961562,14.253039206669301,-0.555770851946322,0.829465408388064,0.017768311336510,0.052822187826044
450,1666253097.644484520,-4.303983744452969,447.887083680865089,14.261073334940095,-0.543753722395969,0.837131368586379,0.018548616245757,0.056558906854637
451,1666253097.744176626,-4.377706815765829,447.740716310774019,14.234542669764393,-0.548074531063690,0.834595521257880,0.012621662470954,0.053901001215879
452,1666253097.843354702,-4.455886049990027,447.592048879269498,14.225501685957552,-0.567166877924140,0.822159730547167,0.002248246456004,0.048683215180045
453,1666253097.943439960,-4.533685089962828,447.432936098154869,14.253887279544081,-0.571030776639722,0.819596681864916,0.002184521728719,0.046694315190107
454,1666253098.044072866,-4.600970893820607,447.274220713093086,14.280025030157260,-0.576671435819495,0.815265158536204,0.006938924403493,0.052389194639192
455,1666253098.144085884,-4.658320243449875,447.118656296523397,14.270555291553258,-0.581990322685225,0.811619905644626,0.014202201913802,0.048566351756701
456,1666253098.244744778,-4.718603167090884,446.958734744124854,14.240074598175928,-0.569445420905350,0.820771865119161,0.016290007018025,0.042427511240881
457,1666253098.345220566,-4.787629036035844,446.789922719113974,14.247584078997084,-0.561186796700455,0.826771069254206,0.009580701411573,0.037778147305043
458,1666253098.444842339,-4.858470685643083,446.619886435908938,14.272955542935227,-0.550570129000960,0.833483306112554,0.015060724156635,0.044173363822893
459,1666253098.544607639,-4.931238015871667,446.456128050535483,14.286320015744922,-0.540675690678541,0.839201714237877,0.016294094195650,0.056078363241402
460,1666253098.644296646,-5.000458435422401,446.300071303036361,14.259304927515190,-0.550019349144325,0.832927579047489,0.010421914618259,0.060014559272158
461,1666253098.743332863,-5.067880791802891,446.141344596352553,14.237622024494906,-0.569260441025561,0.820111644533143,0.003768009713938,0.057838074720055
462,1666253098.844050884,-5.136854450706680,445.971191399900761,14.257335816401948,-0.569259532014389,0.820443812432915,0.004307889009744,0.052886462763011
463,1666253098.944334507,-5.199265813208509,445.802180504276123,14.282795056694605,-0.575957723877525,0.815276280091092,0.014602422482372,0.058172645498542
464,1666253099.044686794,-5.256956289850214,445.641731363326016,14.284362234135708,-0.578339497578612,0.813545576033716,0.019953553261117,0.057174093510467
465,1666253099.145311832,-5.316149668049774,445.483481592335693,14.256597349698572,-0.570898114130683,0.819116519399642,0.018890974551234,0.052598498164391
466,1666253099.245497704,-5.384109469574940,445.317285899150590,14.256427043863242,-0.559903261808113,0.827161739099407,0.011701564831085,0.046635481847892
467,1666253099.345048666,-5.455341673017340,445.143669199372653,14.286160025776510,-0.554646818359648,0.830232434911504,0.012338455824221,0.054118143097373
468,1666253099.445065737,-5.526874012800286,444.976018449554545,14.310276917014749,-0.540410028516933,0.838749080277596,0.021911917312492,0.063062265194849
469,1666253099.544186592,-5.595518308741430,444.821725998245370,14.292568318084388,-0.534445781926109,0.842556659200745,0.020908807658322,0.063472860185893
470,1666253099.643265247,-5.666486810325011,444.666505954256479,14.266887802900385,-0.552407937402969,0.831136756158313,0.014314087959677,0.062066658865419
471,1666253099.743191481,-5.742415629373548,444.499029937920966,14.285305263836614,-0.558181010707846,0.827783564217161,0.014034853593763,0.054875795955065
472,1666253099.843091011,-5.810946305546516,444.330275839870239,14.311826109502070,-0.568362496594481,0.820063216329183,0.018683295887469,0.064119639296445
473,1666253099.943833828,-5.871543422267457,444.170561740256630,14.322315700589485,-0.583180802721581,0.809343005924743,0.022719963151355,0.065938254239212
474,1666253100.044160604,-5.932602311189306,444.016372424852591,14.298009894999236,-0.585527081245332,0.807976842120726,0.021336618337100,0.062259203680097
475,1666253100.144727230,-6.005427382112091,443.851455160645628,14.287552088921281,-0.579291338801364,0.812629563587019,0.013244842637489,0.062284117699479
476,1666253100.245068550,-6.079164597226953,443.678639249466528,14.307660426380393,-0.566584756148583,0.821360972169890,0.010031603413325,0.065170809640070
477,1666253100.345441818,-6.151212890402265,443.509750055895609,14.332799385929157,-0.540074999602505,0.838201652801268,0.026854571827358,0.070822425950727
478,1666253100.445096970,-6.219803815954192,443.351119462511747,14.328735791496548,-0.530939203769562,0.843818727883099,0.029710910644791,0.072047055199701
479,1666253100.543936729,-6.288802582452947,443.196550721743165,14.303937776149430,-0.544890437772175,0.835320405948820,0.024747952760226,0.068715129805038
480,1666253100.643585682,-6.365207323201314,443.034551643808015,14.318099157750998,-0.544686158693787,0.836069343242795,0.018295155578088,0.063010547524527
481,1666253100.744254112,-6.432992542042159,442.869134294030061,14.354170989153547,-0.558438176810558,0.826658242087250,0.022694801100950,0.065329162498117
482,1666253100.843653917,-6.487882682166124,442.719604246875747,14.374004858884209,-0.565701320637134,0.821833494593502,0.021039084191672,0.064257917255470
483,1666253100.943831921,-6.542771874692564,442.573349718503948,14.356725865661719,-0.577661522517706,0.814065739264761,0.014120362210702,0.058350260743920
484,1666253101.044502020,-6.610222258825950,442.417448208394035,14.337988018361433,-0.574775275947402,0.816574942894894,0.004697301350457,0.053072404842931
485,1666253101.144936800,-6.680441155250780,442.255307590146856,14.352642943335432,-0.561917564965190,0.825773424052584,-0.006416086949104,0.048018081389454
486,1666253101.244925737,-6.745982262296629,442.094498882546873,14.380824892656920,-0.544485393417182,0.837278763962104,0.004295413035414,0.049814427631798
487,1666253101.344919443,-6.809701265275238,441.942247524553750,14.393318660228088,-0.529070720804213,0.847295070438532,0.007753302131425,0.045990458840204
488,1666253101.443960667,-6.870102857524705,441.796410197933085,14.364863236020485,-0.539764755185007,0.840927013395088,0.000909771153641,0.038664447738658
489,1666253101.542855740,-6.935294668602401,441.642228974274815,14.357791852491612,-0.555401657825323,0.831104533534238,-0.003312439747788,0.027987150027065
490,1666253101.643051386,-7.002240934469075,441.473461616729196,14.387730638929130,-0.564833483849898,0.824656605597319,-0.001483917902108,0.030040245577479
491,1666253101.743156195,-7.062264048578617,441.308681848451897,14.409989578875006,-0.576112952141153,0.816501945149166,0.005208202798201,0.037300329307484
492,1666253101.843355894,-7.118047226331502,441.150237235875693,14.396158976996025,-0.585473592832285,0.809783425167432,0.007313884665948,0.037656121829663
493,1666253101.944278002,-7.179658434899032,440.987493509335650,14.361857342024802,-0.579224443353823,0.814296779784141,0.007468549400924,0.036932633597924
494,1666253102.044750214,-7.246526311627663,440.815194447581632,14.365054055813632,-0.571398026386489,0.819800131311089,0.001687176604064,0.037804676682309
495,1666253102.144886732,-7.310669010941939,440.642228833051547,14.386777408600439,-0.558398549879507,0.828331903170556,0.010140742709805,0.044209535392280
496,1666253102.245037317,-7.372602918996507,440.478992251978525,14.401760174196236,-0.540007410305824,0.840095762588935,0.020358859972167,0.047081029253270
497,1666253102.344333649,-7.432083356060025,440.325887064900144,14.378691130150187,-0.541089070232224,0.839628175454228,0.017221338955865,0.044165263988780
498,1666253102.443266630,-7.493593174565814,440.168725549066949,14.357831735220616,-0.555894831920047,0.830301505122195,0.010943998263031,0.038217474254836
499,1666253102.542982340,-7.555944176689224,439.993124996605331,14.383520893033095,-0.566138807214090,0.823316752386324,0.013681853552255,0.038068137459281
500,1666253102.643064499,-7.609037411990800,439.819291460490774,14.413103145544641,-0.576191758668883,0.815492000748382,0.023229664154540,0.049358248152946
501,1666253102.743477583,-7.651725400455207,439.656187151146526,14.411948480372756,-0.588091297870507,0.806610495686671,0.028858568050336,0.051916439276693
502,1666253102.844155788,-7.694033970032815,439.495387950342888,14.380720092910705,-0.589512106255688,0.805760987541128,0.031723573708340,0.047099070117150
503,1666253102.944609642,-7.743740342181639,439.324915381185974,14.377913227498484,-0.582859618187528,0.811085398806263,0.022307310776120,0.043789556009532
504,1666253103.045547485,-7.794478654511119,439.145517420289480,14.406455717707120,-0.573782515641115,0.817094282201943,0.025347035763483,0.049880722884205
505,1666253103.145205021,-7.841330586437985,438.975247052036480,14.427507078196715,-0.564151592130600,0.822904024191619,0.035906494815233,0.057207269606510
506,1666253103.245172262,-7.887726286575062,438.816875514144044,14.412952123434234,-0.558537566269650,0.826817760721414,0.034643388964257,0.056639325757586
507,1666253103.343852043,-7.936118300188672,438.662266040323743,14.387542746428306,-0.573318089631936,0.817178296674044,0.028446408079939,0.052122945168567
508,1666253103.443886757,-7.990626427050073,438.499310246789662,14.400004509341148,-0.579654184383973,0.813478811687623,0.019401687910620,0.043322326434092
509,1666253103.543538570,-8.041603474803372,438.331368520760520,14.427637935828757,-0.589063586588437,0.806346626734742,0.023266381054164,0.047622305926016
510,1666253103.643249989,-8.086201692821447,438.168499957811832,14.445113940656476,-0.603726780753937,0.795092648422174,0.023563384440451,0.052786565897134
511,1666253103.743720293,-8.127858317581440,438.010210778233329,14.423618439717055,-0.604022113874331,0.795103212667746,0.023187824719987,0.049300019685291
512,1666253103.844234943,-8.174652190111736,437.848920032739443,14.406849345803629,-0.594781656176997,0.802502229555349,0.016931046694285,0.044026045608014
513,1666253103.944638491,-8.225422300649539,437.683737333834472,14.426326916254956,-0.587943894604035,0.807898894701196,0.005366116389611,0.039906860729944
514,1666253104.045427799,-8.276663379866413,437.518882856465893,14.453173720691067,-0.570481113208036,0.820047661621201,0.014455269176573,0.043176119968720
515,1666253104.146251917,-8.329125979064234,437.359564956962913,14.453283554397908,-0.557065681263841,0.829160796620543,0.016733203559215,0.043476430445538
516,1666253104.244476795,-8.380668467918834,437.206099350463944,14.422581929130324,-0.570003962788518,0.820515685073972,0.011140792902407,0.041537641802129
517,1666253104.343625307,-8.437427762863519,437.044443117416961,14.425942143760240,-0.575662308691766,0.816899499692972,0.007090473009431,0.035182935430968
518,1666253104.443275213,-8.492479820375147,436.872921526566586,14.458367579771336,-0.579849427214507,0.813625825922016,0.015073430478242,0.039502516949473
519,1666253104.543198824,-8.539185950201189,436.710455883676275,14.475912207406257,-0.590096490725885,0.805773587996854,0.019703443186614,0.046117576326864
520,1666253104.643172503,-8.579964942358670,436.555176380162834,14.457827754183098,-0.599919569661404,0.798533097364257,0.020558409735136,0.044930547963310
521,1666253104.743902206,-8.626250500733248,436.394325404702840,14.434261789143118,-0.592441440785089,0.804392513742822,0.017824213690965,0.040597050155030
522,1666253104.844715834,-8.678232341721809,436.224464494207552,14.445533654097321,-0.582113948304122,0.812327871960821,0.007814771552619,0.034723320275705
523,1666253104.944569588,-8.728775952218077,436.052284342055600,14.467750572146450,-0.569848277943416,0.820623042724650,0.013496638535056,0.040848532684972
524,1666253105.044031143,-8.780038173621419,435.885279054039415,14.480593540409044,-0.561859153700052,0.825691078763579,0.019269321990845,0.046660766000053
525,1666253105.143748760,-8.830836127132320,435.724700714795517,14.454926022878510,-0.568594662567345,0.821036378837382,0.013488678205417,0.049167366065276
526,1666253105.243439913,-8.885037292775863,435.561165961345864,14.434758737278310,-0.584734332448821,0.809810820080945,0.007370184511782,0.047306199548499
527,1666253105.343245029,-8.941696847406268,435.390789149224759,14.456344231423468,-0.586192893718451,0.808895507111812,0.002987493889140,0.045354435379310
528,1666253105.445057631,-8.994160008206142,435.219932467484284,14.483472918200846,-0.591231872937820,0.804768268238649,0.008807622077055,0.052108853872951
529,1666253105.544181585,-9.039663115440089,435.063171797417738,14.487278044314749,-0.601636371584818,0.797053342745154,0.006048362694859,0.051990984927599
530,1666253105.644722939,-9.085445409715733,434.906780736049654,14.458625327411429,-0.600324315570857,0.798463887807186,0.002361758817700,0.045393370633859
531,1666253105.745064497,-9.137041447952013,434.743763321405936,14.456841619109476,-0.583176587754648,0.811514780037014,-0.007634008920397,0.035924242290210
532,1666253105.845362902,-9.190291315353228,434.573592315744008,14.487063921850696,-0.572169497988705,0.819312350218499,-0.005095335744173,0.036378233937999
533,1666253105.944755316,-9.245591662401775,434.410270248030599,14.515023631687471,-0.558639129615838,0.828472410469634,0.000465698594414,0.039440728663549
534,1666253106.044645786,-9.300765485624369,434.257313419072773,14.497296948624045,-0.556040073377981,0.830458927886468,-0.004965996269704,0.033656273895313
535,1666253106.143302202,-9.358169298111411,434.108239629690388,14.464280416972510,-0.571156671690630,0.820302419837033,-0.012514552204794,0.026970027361930
536,1666253106.243408203,-9.421709697846767,433.950022720564277,14.476922835865818,-0.576493697921965,0.816783616643823,-0.017933204572763,0.014069115545992
537,1666253106.343403578,-9.481094486061675,433.786372242701646,14.500036995673270,-0.580105204331555,0.814277614555483,-0.011785732585049,0.017059157327081
538,1666253106.443394899,-9.534971796961596,433.620144286493485,14.509736745031649,-0.594368057807108,0.803995789834091,-0.004254731535191,0.017299683442961
539,1666253106.543933392,-9.590269986434169,433.449433050088373,14.475286818023621,-0.594556280469166,0.803882487869965,0.004151920446397,0.016079073582536
540,1666253106.644543886,-9.656068447859230,433.270924749708172,14.449105411451061,-0.574425118053926,0.818313279331687,0.005452046941736,0.019220712845760
541,1666253106.744516373,-9.726546182967786,433.086633415093559,14.466355277346535,-0.577089476565551,0.816059130640670,0.007987802411531,0.030845199755008
542,1666253106.844676495,-9.796818969745679,432.910662565021198,14.487944074420675,-0.563264502279657,0.824718308986417,0.017471493410933,0.047618885037634
543,1666253106.944093466,-9.861337918677929,432.749247610134375,14.471047680355211,-0.565463369288946,0.822884884893495,0.016868418540072,0.053170486758829
544,1666253107.043488264,-9.923235921773641,432.590123593152896,14.433614727134398,-0.587375078324447,0.807398891043815,0.010632372985989,0.054630584375920
545,1666253107.143163204,-9.986214979446293,432.421684100805862,14.440143207609028,-0.594310643147506,0.802828219383826,0.008554275501321,0.046781769667698
546,1666253107.243589640,-10.042357373685862,432.247044912736840,14.467755791819220,-0.595309662523334,0.801615472895023,0.019251749856165,0.051462699590275
547,1666253107.343847036,-10.090082568690422,432.081832601749113,14.479612166479072,-0.603159082058808,0.795276027962240,0.028558773058757,0.054032930329169
548,1666253107.444395304,-10.136089825652498,431.923169718165411,14.449458839606830,-0.598608258878149,0.798898250277368,0.032754813462274,0.048547505617518
549,1666253107.545127869,-10.190757187294022,431.758081855003240,14.432819618159575,-0.584683223551715,0.809547972066281,0.030521857185125,0.042965396012582
550,1666253107.645044327,-10.248260421372843,431.590278458254829,14.454262346966182,-0.576435246816172,0.815917680547222,0.019776062483074,0.040120470474372
551,1666253107.744928598,-10.302997564475364,431.426398335205761,14.480240414919532,-0.561575163104407,0.825898949886163,0.023678951171998,0.044312165740192
552,1666253107.844450951,-10.356398751775771,431.269740183019621,14.481021675130124,-0.556401445845815,0.829423632661728,0.022977850020399,0.044112209776321
553,1666253107.944161415,-10.409027616216141,431.114024729755215,14.446739236562788,-0.570725932190427,0.819953334921201,0.016093700337243,0.041102696826640
554,1666253108.043282509,-10.463704984222600,430.947062445972222,14.440861930964378,-0.576834436716809,0.816050488808554,0.010150218866104,0.034937163449417
555,1666253108.143445730,-10.516014883893625,430.764275655124266,14.469165722185764,-0.578164069307966,0.814687297002371,0.021446617346942,0.039382225287532
556,1666253108.244063377,-10.562060984444843,430.589291062427719,14.486473103781121,-0.587707564838781,0.807194387841993,0.027188990234013,0.047935344764749
557,1666253108.344498396,-10.604761805049597,430.422562879268241,14.464656951698682,-0.593664116313498,0.802758193597869,0.028071794512483,0.048519830647359
558,1666253108.444912672,-10.654046961091533,430.250894557464164,14.436028034844199,-0.583433136698620,0.810545786726160,0.023844555807564,0.045307171406078
559,1666253108.545939207,-10.710196041003881,430.072115580483398,14.441835866954994,-0.572560772787719,0.818676459722537,0.011533805883776,0.042543942961823
560,1666253108.645192862,-10.764792894392437,429.895545529479762,14.465685398562078,-0.560827433840721,0.826156113070203,0.020347789350716,0.050245733718436
561,1666253108.744822264,-10.819408024714235,429.725393429351755,14.475389793924920,-0.548015175186098,0.834219810087454,0.026194125024227,0.055412489906313
562,1666253108.844623327,-10.873951615033565,429.561366917894588,14.442830155806153,-0.560556563266546,0.825897380858608,0.019595672930989,0.057322467428327
563,1666253108.943313837,-10.932617038089866,429.394675512602703,14.423447863624318,-0.575106681406824,0.816185844416616,0.013543805663137,0.053940130731434
564,1666253109.043278217,-10.992484689001722,429.213343249869354,14.447428925358933,-0.574922053233723,0.815946874449680,0.019026100632522,0.057735069724037
565,1666253109.143099070,-11.042797777072323,429.038321129329745,14.473972396950083,-0.582647161784517,0.809529599991672,0.026067802325216,0.067116177511118
566,1666253109.244204760,-11.085244982056281,428.874014868200788,14.466109343331011,-0.585196185704322,0.807871062239053,0.028417947627453,0.063892028348616
567,1666253109.344343662,-11.128876849248796,428.710749354203301,14.434002570533220,-0.579888323582822,0.812280517076036,0.026624530959064,0.056754102073793
568,1666253109.445816755,-11.179363793691412,428.536116380539170,14.435455415635266,-0.566345049355192,0.822442031355723,0.017422582555770,0.050386940246691
569,1666253109.544705153,-11.229465390616884,428.362625910026622,14.461684785913807,-0.554328201621492,0.830174272044882,0.024999445247527,0.053906870240708
570,1666253109.644261360,-11.280377522598284,428.196406135699988,14.480704571624857,-0.538020178475800,0.840355215202296,0.032092709467623,0.057510501947011
571,1666253109.741909742,-11.327196957392452,428.041430015014157,14.455164519018377,-0.545013308132856,0.836137977930994,0.026742258950070,0.055844672134386
572,1666253109.840173244,-11.374456732304109,427.881595541337560,14.429941680212123,-0.564128388681059,0.824002476546462,0.020011561759839,0.048771068527784
573,1666253109.940548897,-11.426790571857456,427.705221652113721,14.451376020923863,-0.564191886255367,0.824310340357561,0.018908349384592,0.042923799770802
574,1666253110.040942192,-11.474900345053323,427.525801936822177,14.481365070789552,-0.577712682822795,0.814150895831138,0.027219501332078,0.051628225519351
575,1666253110.140246868,-11.518397112955727,427.357818312843733,14.482763162269503,-0.583776433440484,0.809564139980640,0.031182421105327,0.053278847875355
576,1666253110.240800381,-11.563866609699691,427.192391444085558,14.449140000319787,-0.579678895869866,0.812699678664301,0.032144263797157,0.049581814075050
577,1666253110.341719389,-11.617076221201748,427.021641296547500,14.440424996319157,-0.570643991827054,0.819726332516706,0.022843736715991,0.043501012209456
578,1666253110.442006350,-11.673618310608511,426.848522292684265,14.463209567042790,-0.561836463289189,0.825608314296287,0.022448294991448,0.046976312493820
579,1666253110.542068243,-11.732826509420535,426.681597138034419,14.486685952767722,-0.545458491668863,0.835829765334835,0.029942673471072,0.054470850480317
580,1666253110.641660452,-11.790175822108370,426.525884462646559,14.470704880128492,-0.546068027406126,0.835539615678059,0.024638905633260,0.055463360938001
581,1666253110.740736008,-11.847607556192996,426.370464364063992,14.439076854497575,-0.567001035286293,0.821817855219832,0.016657576159813,0.053364444929451
582,1666253110.840439558,-11.911493264408261,426.203362427034676,14.447409019959261,-0.573245836881545,0.817976610383277,0.007675631023477,0.047376788116685
583,1666253110.942382574,-11.972787602901148,426.024690766397612,14.474504699400381,-0.578502509296066,0.813462735867983,0.011850717382177,0.058930336753309
584,1666253111.041339874,-12.024002669752095,425.856932835408202,14.485065758036431,-0.588709750344437,0.805363336349413,0.014798651389605,0.067762277342062
585,1666253111.142527342,-12.072729421297387,425.690449883963538,14.451138922594632,-0.581481400123676,0.810708147878651,0.017407415832965,0.065792569089491
586,1666253111.241328716,-12.125388912972124,425.520900997985393,14.432181440145746,-0.569800662460121,0.819257271459000,0.015215037728586,0.062555821859200
587,1666253111.341747522,-12.179846406662170,425.344910363354245,14.448343728940566,-0.561205476928208,0.825380376054516,0.009046495174429,0.060941024072029
588,1666253111.441915989,-12.235027067491382,425.172015891564286,14.473288696194999,-0.549248084483584,0.832717470743396,0.019197363152507,0.067376678886881
589,1666253111.542157650,-12.290253890183861,425.009497618394107,14.470988834708553,-0.540786595304257,0.838334389262627,0.018956460180020,0.066226601425193
590,1666253111.641080618,-12.342999551791323,424.853659728292087,14.438036382062897,-0.554411367042441,0.830007269841954,0.012141947825629,0.059737268155117
591,1666253111.741097689,-12.400092915504704,424.687927222989856,14.432212437850350,-0.570141381996739,0.820065314525634,0.005486967393862,0.049005893886757
592,1666253111.841303825,-12.454342844909617,424.509046962275818,14.456681838138673,-0.572650420889021,0.818038573885787,0.012276852197559,0.052284471792824
593,1666253111.940466404,-12.497500036979858,424.337211800346097,14.479472013252932,-0.586592815296494,0.807439555074427,0.021373053053376,0.059105215902854
594,1666253112.041398764,-12.535091640426710,424.172038204960302,14.460228718042831,-0.587363530581251,0.807115259077219,0.028687074449681,0.052403179935576
595,1666253112.141698837,-12.578312362689344,424.005218159910498,14.429291316825406,-0.578974918346082,0.813616731795495,0.027615676380180,0.045312604059253
596,1666253112.241773129,-12.628506640060301,423.830000477640795,14.439073678701760,-0.578892932269074,0.814074988251939,0.018424211101889,0.042725108739371
597,1666253112.342516899,-12.680402999828745,423.650801523131008,14.467631801443140,-0.566191742662478,0.822196699240664,0.030008036501472,0.050189800197948
598,1666253112.441341162,-12.731541660405547,423.484041987230114,14.474228711250142,-0.556531321809259,0.828130929108949,0.036417791539866,0.056087401060729
599,1666253112.541923523,-12.782248826831617,423.323147026887000,14.437045946490880,-0.576339157895013,0.814627310730567,0.027079259543264,0.059010451543266
600,1666253112.641117573,-12.835947930792504,423.159750678600176,14.418433700463883,-0.598235221152939,0.799261018275601,0.016761648552019,0.054913495381024
601,1666253112.741210699,-12.887665516547573,422.982603580486909,14.439629283609355,-0.599109812777855,0.798340269366314,0.016373710780251,0.058754983930637
602,1666253112.840778589,-12.927721271833725,422.810887130048854,14.461548849787055,-0.612982786505001,0.786932078483638,0.022844057583937,0.066844269276336
603,1666253112.940722942,-12.959086968024522,422.650777612802415,14.451056189807129,-0.609410219020293,0.789815883915232,0.028556069187437,0.063202890609535
604,1666253113.041934967,-12.990448481956841,422.489339413512255,14.418529616236958,-0.604824742254611,0.793986295785972,0.027299991845505,0.055022756255469
605,1666253113.142049074,-13.029556724539061,422.323101190693876,14.419055897442444,-0.595796967238963,0.801637810360507,0.014120845861162,0.046940350887382
606,1666253113.242047071,-13.068933917424095,422.155305758384031,14.441508465296231,-0.588462512736072,0.807102525847440,0.015424210305876,0.045381467709523
607,1666253113.342225313,-13.111433700731094,421.993454352832600,14.460761623741895,-0.575074412400942,0.816572409760852,0.019678929989380,0.045952796797806
608,1666253113.440853596,-13.153149177663501,421.841487331970882,14.434379324943512,-0.577537429372645,0.815197852285209,0.012344064083359,0.041840212536807
609,1666253113.541129589,-13.194937102878505,421.684417582746448,14.398836519995806,-0.600764097215315,0.798705902372698,0.003804555233023,0.033718042226106
610,1666253113.640150070,-13.236700642999013,421.520917177380397,14.409161355075438,-0.606547883561489,0.794636603017751,-0.001882816422905,0.025471338673221
611,1666253113.740887880,-13.272226381898061,421.350226146043610,14.440748678771445,-0.620595989522305,0.783495379888675,0.005205052602258,0.031120972178593
612,1666253113.840959072,-13.302554632809617,421.187212314716646,14.445753287887277,-0.628822224373444,0.776847351463311,0.012964776297627,0.030376261027755
613,1666253113.941038132,-13.335580333307568,421.026495262099161,14.407383070404721,-0.619311157771907,0.784589661697797,0.015839092596500,0.024937436954835
614,1666253114.044571877,-13.379815059234494,420.851815314022247,14.387774412984992,-0.600823094420971,0.798989030843417,0.009826451042342,0.023055989725433
615,1666253114.143956184,-13.427805393413607,420.677091455605762,14.405860653039355,-0.594495262059437,0.803358855457835,0.008585897358528,0.033409805640072
616,1666253114.241701841,-13.476167747837589,420.509536764275708,14.421862950586364,-0.583281539223353,0.810731175752527,0.017691529734430,0.046739880614060
617,1666253114.341217279,-13.521932169972798,420.347708460894694,14.402930106712351,-0.586041226291574,0.808270858661723,0.015202094755443,0.054979963986496
618,1666253114.441365004,-13.562166616847527,420.187678378129192,14.364783739008500,-0.606730832397995,0.793067297369982,0.008319380937129,0.053411110835955
619,1666253114.540231705,-13.601025468973670,420.026064781057130,14.365404518651285,-0.613709455645563,0.788405249022433,0.001600510354976,0.042134377077450
620,1666253114.640984774,-13.637272965694896,419.853522200667101,14.388138734586271,-0.612807265572701,0.789031641006537,0.010524371580209,0.042255915025975
621,1666253114.740491152,-13.669263478252589,419.684459940487329,14.405392217545854,-0.621521945253773,0.781647300758625,0.021949839085303,0.047499193138954
622,1666253114.841150761,-13.702465056240117,419.520874616880519,14.383284744811979,-0.613927662797626,0.787548509001253,0.030330349836778,0.044048163418315
623,1666253114.942042589,-13.741119196697161,419.357627439992370,14.348130553259660,-0.600772412314752,0.797868449629060,0.029848448370323,0.039843642126669
624,1666253115.042203903,-13.786018359880865,419.188484996751299,14.357574010292820,-0.594445332537084,0.802827419460235,0.024844907321970,0.038543634595853
625,1666253115.142135143,-13.836164522702266,419.020936658707342,14.383102937792483,-0.578565733954069,0.813449062027902,0.034471898242769,0.048723743818135
626,1666253115.241795301,-13.889227221138388,418.865747450291337,14.389436818532012,-0.570631941285944,0.818496111744127,0.033761466509036,0.057475786407318
627,1666253115.340888500,-13.939247471639566,418.722649794691620,14.356008692310317,-0.584103352511934,0.809400487425327,0.021652401660144,0.056791707513598
628,1666253115.440420389,-13.989364251380467,418.575253113625820,14.331611170254515,-0.602275591140297,0.796670829088830,0.007161017281964,0.050283419006754
629,1666253115.540681601,-14.037868573320829,418.412249334367061,14.346892231579067,-0.603538764518756,0.795919015949684,0.006334214300425,0.047050584502821
630,1666253115.640655994,-14.077997725182724,418.245776188939089,14.369803951630825,-0.614145922735646,0.787007648039524,0.015093637159691,0.056709167087612
631,1666253115.741248846,-14.114584952228348,418.084140562074765,14.359109078725323,-0.612557621071876,0.787863928803310,0.023446631402990,0.059108764436667
632,1666253115.841884851,-14.153325526064505,417.926368544466015,14.312454684339558,-0.598613790932288,0.798676830492761,0.026405192859085,0.055494283757766
633,1666253115.943564892,-14.199442069123823,417.765983834120846,14.285515787977237,-0.586463534525197,0.808154825569407,0.017099280702454,0.051516164264766
634,1666253116.047272921,-14.251338192044551,417.599422387102663,14.295166698168055,-0.579158864905786,0.813165299498507,0.011647517185579,0.056582154748264
635,1666253116.146357298,-14.304066784268210,417.444862372693308,14.315589638477165,-0.562729980212669,0.823963972519887,0.016713581970133,0.064335041282527
636,1666253116.246201038,-14.354178263574719,417.300481754981831,14.294654177657550,-0.563256339611287,0.823712550030014,0.009697282387018,0.064388613318293
637,1666253116.344779968,-14.401673572756581,417.159698139005400,14.244158004870613,-0.585095586267279,0.808782901511296,-0.004301843288042,0.059286316278239
638,1666253116.445730686,-14.450719894093506,417.003590765811396,14.227978428215442,-0.593492069434804,0.803181979342423,-0.013335273687530,0.049880277197104
639,1666253116.545378923,-14.491924035170921,416.835226991655418,14.248542038927672,-0.598933450361221,0.798965667009067,-0.004177104239942,0.053992006624383
640,1666253116.645463467,-14.526782970297717,416.669749286698163,14.257723245059850,-0.603440919344244,0.795227291931651,0.005416227664662,0.058679430006702
641,1666253116.745883465,-14.557923873106553,416.510492654438451,14.218155752550700,-0.600341407627071,0.797921111461165,0.010079667496111,0.053014096956308
642,1666253116.846261263,-14.593362303630993,416.351291522125337,14.171265548109199,-0.586538258256861,0.808586592865885,0.009589034723348,0.045482346593190
643,1666253116.946628809,-14.639336303834156,416.184862557132533,14.177044314152823,-0.568536813145280,0.821448051235753,0.008280100264858,0.043822724232938
644,1666253117.047468424,-14.690966310819723,416.021941994472002,14.203408118404042,-0.553960101817355,0.830687082569150,0.019798577817906,0.051915245965408
645,1666253117.145990610,-14.741613320636091,415.876760211010435,14.192457209686069,-0.546912076008957,0.835267609597659,0.021431260240066,0.052496690915798
646,1666253117.245045900,-14.792011588572830,415.738260173879155,14.139210222547781,-0.562053959622471,0.825683713772473,0.013624043355535,0.046434219345696
647,1666253117.344631433,-14.849652881914336,415.593005838905128,14.110330038581225,-0.577743347756329,0.815421173952973,0.004161310280652,0.035827596754632
648,1666253117.444964647,-14.909236656559154,415.431290257240391,14.121528442664374,-0.580593078316960,0.813372216852455,0.008681778397829,0.035523808731748
649,1666253117.544375181,-14.960908817339408,415.269626380218426,14.138179636908214,-0.593259650378351,0.803547176717608,0.017191737850862,0.045380239882400
650,1666253117.645319700,-15.006855300676975,415.113864676951891,14.115838042689479,-0.589524202570298,0.806208293283496,0.022857811598672,0.044350004212934
651,1666253117.745960474,-15.056044590995389,414.958754609253276,14.064171147849329,-0.580917840951907,0.812733176155084,0.021996751050413,0.038928002567177
652,1666253117.846399784,-15.118035719207125,414.793297431168924,14.046430111431812,-0.570056697033602,0.820540491551915,0.015435446362195,0.038864005023685
653,1666253117.946096897,-15.188054867136348,414.625582659213308,14.066039936230004,-0.554421100277464,0.830346438895334,0.022671998416636,0.051264173345139
654,1666253118.046083689,-15.259150816712314,414.469184762912676,14.071885998416947,-0.544032960279500,0.836222979133275,0.026975675978591,0.063494725800588
655,1666253118.145217657,-15.324616977811003,414.322632604036130,14.027287212349549,-0.561352501685658,0.824596387814109,0.016084989139754,0.068304020229783
656,1666253118.244449854,-15.387947934829629,414.169913537447769,13.981841844084215,-0.583672684505045,0.809184166684611,0.007020072455540,0.067066387500193
657,1666253118.344736099,-15.446560099611293,413.998468307915743,13.983744222514543,-0.582890502503446,0.809600074028045,0.014568809944092,0.067632329561210
658,1666253118.444944859,-15.495450427686100,413.826379688958070,13.994742116901390,-0.590039726876561,0.803000912138932,0.025960825381448,0.079804081079797
659,1666253118.547063828,-15.536604612502478,413.659262653199733,13.983168432150416,-0.593378032001772,0.799570298045849,0.035769239392763,0.085500942297962
660,1666253118.646506786,-15.573337608408172,413.502458503509047,13.944383113868248,-0.592902970937677,0.800399993494056,0.037489176565770,0.080127892199984
661,1666253118.745930195,-15.611033285232271,413.344544928206119,13.912497240789431,-0.588831302492299,0.804706009770336,0.030266558885050,0.069353229614657
662,1666253118.847443104,-15.654818588443824,413.169587651384575,13.925518490197508,-0.580120835986438,0.810358409919570,0.038671687706947,0.072688126244378
663,1666253118.946677208,-15.702832111997999,413.001080798039538,13.943540287946490,-0.571965492319051,0.814541821082643,0.048503716142832,0.083812211663528
664,1666253119.046313286,-15.746180952036093,412.847307824022835,13.914495587064449,-0.585555478529785,0.804993813703806,0.042926623073782,0.085246973517178
665,1666253119.144676208,-15.784809346791036,412.702577360988812,13.868170287121540,-0.609301947351746,0.788461797728191,0.032740445509665,0.077506088176524
666,1666253119.244933605,-15.820892921068973,412.548538127185111,13.864147823505339,-0.617459197792654,0.783862154576983,0.025645855092181,0.060386685616721
667,1666253119.344934702,-15.847295134760461,412.389974240795993,13.888166755513096,-0.625569387233858,0.777643175842540,0.029953097284509,0.055107574655831
668,1666253119.445171356,-15.865208133606265,412.236253676177284,13.901345345204124,-0.633637124102628,0.771573455111967,0.032400896187353,0.046136539226404
669,1666253119.545718431,-15.881777703361722,412.084650581715607,13.867305677406844,-0.633246635094012,0.772672289005133,0.031772380371321,0.031092584183676
670,1666253119.645801306,-15.908321978145008,411.923060654651124,13.820872457093227,-0.622669955940038,0.781827424497107,0.024881251885510,0.020221957829604
671,1666253119.746831656,-15.946184535816426,411.740560152652506,13.826879514988894,-0.605318021089732,0.795260726397933,0.023798309698831,0.024168385310600
672,1666253119.846839905,-15.991996012175855,411.562837094488316,13.856540238643847,-0.587368220469206,0.807651226269530,0.036614137347566,0.036843930768274
673,1666253119.947010279,-16.039755136594938,411.401001336325805,13.844559955487570,-0.586206215271158,0.808259813790837,0.032769187610990,0.044771943576113
674,1666253120.045732498,-16.081623744682354,411.251343656065842,13.786156476900087,-0.608741475335740,0.791835662721292,0.019055466262367,0.045464146910760
675,1666253120.145739794,-16.117740363990780,411.092573533293091,13.760644570797076,-0.630355454155473,0.775347254391901,0.008612304756715,0.037609370244202
676,1666253120.245470762,-16.140337895623968,410.924057609059616,13.779017361118431,-0.632597913759390,0.773304370111534,0.011780895884404,0.041005379718177
677,1666253120.344791174,-16.152019563290029,410.760799058924476,13.802172678868514,-0.640692486193764,0.766493418153131,0.017801253893845,0.041037707326195
678,1666253120.445434809,-16.159838713134100,410.601975678635370,13.778146682985669,-0.641583979862141,0.766158622809669,0.019515549584965,0.031465930830712
679,1666253120.547378540,-16.171461352064643,410.439090144523334,13.724354524842896,-0.635286627285923,0.771783088939628,0.018112978861831,0.020825100605622
680,1666253120.648085594,-16.194086652265931,410.264652589662433,13.721047570613418,-0.606954970492724,0.794393408573392,0.016114791808128,0.016884599323221
681,1666253120.747701168,-16.224005728218032,410.088114659148005,13.743618337022697,-0.603138415010462,0.796774761436856,0.024551546398750,0.027771450184304
682,1666253120.846825838,-16.257449900965920,409.920363106691582,13.731395597133336,-0.601987886661442,0.797164253874961,0.028583092090488,0.036369540874407
683,1666253120.946262836,-16.289731646715499,409.755635600315145,13.676841431331031,-0.620088300265039,0.783154576511454,0.025457990809907,0.038875440415548
684,1666253121.045778275,-16.322573681982504,409.590481768564018,13.638640865647552,-0.639698745566616,0.767612935090368,0.016176579556044,0.035975200851637
685,1666253121.147055626,-16.350236127425866,409.416258548338703,13.646742494429766,-0.650738723299301,0.758138062332439,0.015999246981141,0.038856357750650
686,1666253121.247288942,-16.368254114777780,409.250447887407802,13.670850296294697,-0.660952918716410,0.748900988992086,0.019830444284781,0.043535059508427
687,1666253121.347886562,-16.383527928100346,409.094718160846242,13.653339918236197,-0.659659789424214,0.750499475509543,0.020137940882742,0.034553766997344
688,1666253121.448144436,-16.404726690164626,408.933683137740729,13.600952923075656,-0.654635950030147,0.755294774290522,0.017244212865323,0.026157484210314
689,1666253121.548425913,-16.442032394411225,408.753187868075258,13.590163909173620,-0.626961533799675,0.778248745654144,0.018685982876631,0.029982646101441
690,1666253121.649679661,-16.487808030882135,408.565990742161546,13.612091334802741,-0.616499224257663,0.785118514614510,0.028448167321390,0.052041582174833
691,1666253121.748023987,-16.531305593909217,408.397765099062326,13.606632368222872,-0.614413298196823,0.785141918476412,0.032290732779240,0.070751504766057
692,1666253121.847095490,-16.567297458583695,408.240686711731655,13.556413176082582,-0.625295395685647,0.775865759914856,0.024683520140100,0.080179265147335
693,1666253121.945400953,-16.597057948344844,408.086251366489932,13.520098514800715,-0.642293128043074,0.762771809059159,0.015342990568491,0.073507126278188
694,1666253122.045748711,-16.620672008682678,407.924965399345126,13.525059063128364,-0.638410200783325,0.766794710593576,0.011235600026648,0.065818300141757
695,1666253122.146836042,-16.634372371774536,407.764342632411399,13.548490379189591,-0.643027653559538,0.762928194934716,0.020641809720013,0.063481665249527
696,1666253122.246531487,-16.645789461059273,407.613810665129392,13.543821003317010,-0.643966732259651,0.762790700725135,0.022428123305590,0.054352312876952
697,1666253122.347396135,-16.664747901121913,407.458173252472761,13.497525951187573,-0.645002144757302,0.762634260073888,0.018047982156139,0.045116393474283
698,1666253122.447951078,-16.697569153783714,407.289690032275473,13.464409899251390,-0.626646196571242,0.777992245147299,0.009088968765018,0.044271903734197
699,1666253122.547720671,-16.736156398482279,407.114399730159960,13.477404432030404,-0.613381118096011,0.787753909100548,0.011475404771503,0.055458973533810
700,1666253122.646997452,-16.773553837180273,406.949903301459358,13.491444381473791,-0.599746064678101,0.797408202628396,0.020361031570827,0.063484208095037
701,1666253122.746834993,-16.808972386166619,406.795742104031717,13.459132756865550,-0.601693753196082,0.796035584160017,0.017785394614494,0.063052802112514
702,1666253122.846453190,-16.847997277669766,406.643803568824694,13.409766335602830,-0.625859400466470,0.777650444563603,0.008268578589726,0.059088302783945
703,1666253122.945920467,-16.890196544940963,406.482494996346134,13.406133804758936,-0.629631941176581,0.774987992656982,0.002463646755787,0.054324583131166
704,1666253123.045858383,-16.921266401509037,406.316579066108602,13.425160720002742,-0.638349753111134,0.767182246780256,0.009288433486317,0.062086374765503
705,1666253123.146983862,-16.942099126899759,406.156193767099296,13.421644629546304,-0.631311687040704,0.772996705393642,0.020211288921598,0.059271840333527
706,1666253123.247191906,-16.963446799780144,406.000616482731175,13.377578527354258,-0.619738652665129,0.783029694869028,0.026886585611582,0.045448991851081
707,1666253123.347776175,-16.997690686250106,405.837375071014492,13.340624920387578,-0.598376813145458,0.800127391319198,0.021408860302201,0.035819098972218
708,1666253123.447195053,-17.041832307168075,405.665099039212350,13.351980134524695,-0.589334183913912,0.806511288278712,0.018341575165496,0.043455128235735
709,1666253123.547333241,-17.089633848355859,405.498075800212405,13.378190195013865,-0.577677707984877,0.813952251913761,0.025805829558831,0.055715854679234
710,1666253123.646450996,-17.135032591861592,405.346725092662552,13.357802401001795,-0.583108044672072,0.809928031528233,0.021143013741243,0.059620172370194
711,1666253123.745366573,-17.178684328915168,405.199091355983285,13.303986096339550,-0.606009245986922,0.793164170348634,0.008783438976189,0.059718036247659
712,1666253123.845995903,-17.221101170713961,405.040384366275987,13.289362678667340,-0.615160236554239,0.786672795384629,0.000471221407124,0.052187875168975
713,1666253123.946451187,-17.253124065724371,404.872734920166749,13.310336541560726,-0.619295430056650,0.783295665469288,0.007643937671774,0.053503653939183
714,1666253124.046623468,-17.277993057875907,404.708261386188838,13.321733054628167,-0.624742026267128,0.778782352763591,0.017986436381969,0.053590444539362
715,1666253124.146878481,-17.300224492888102,404.546473678569384,13.289403654849512,-0.624653219982951,0.779082135955822,0.023323900109945,0.047910081226249
716,1666253124.247367620,-17.329000585482479,404.381981075468275,13.241237324548605,-0.611660995810617,0.789766831568387,0.022235245625734,0.040555786397977
717,1666253124.347912312,-17.368031775133367,404.209457335789978,13.232960373924488,-0.597831751871937,0.800518702578504,0.016110664279779,0.038825890488493
718,1666253124.447955608,-17.412188009985805,404.035178155931419,13.256010445258052,-0.584256179728203,0.809636796716472,0.024985259785126,0.050087030712215
719,1666253124.547756195,-17.455871596113500,403.872111511504897,13.253805664473742,-0.575281668416863,0.815461255867854,0.030556050604167,0.056038111436854
720,1666253124.647249460,-17.497692160414619,403.716737932924104,13.204718057610732,-0.588959309668494,0.805749145020564,0.026633556243169,0.056443782078130
721,1666253124.745432615,-17.542525258199372,403.560393925871608,13.166417314256378,-0.612916535185019,0.788198416953899,0.017466018582003,0.052645176446202
722,1666253124.846071243,-17.584573291655115,403.392342870852019,13.173599305525203,-0.617966058413907,0.784302392969635,0.017152230094174,0.051899017652363
723,1666253124.945975780,-17.613858830112466,403.231462358900615,13.197373549342656,-0.628532722573038,0.775351996299652,0.021836278160053,0.057437578684907
724,1666253125.047127485,-17.636987082302660,403.079182167887325,13.182901036699249,-0.630434380970894,0.774303225900012,0.024320663741796,0.049147848028577
725,1666253125.146741629,-17.667205529882033,402.924744899083350,13.132767981993819,-0.628489296193565,0.776509714113172,0.023092865652356,0.038737423945845
726,1666253125.247758150,-17.715141753783641,402.753452479197676,13.108315550655560,-0.606634608917160,0.793923214138835,0.018031644734196,0.036813599437800
727,1666253125.348310232,-17.769863927125897,402.578450940186201,13.124900883643214,-0.589995247186588,0.805350058626742,0.025149873060747,0.051810956873702
728,1666253125.448071003,-17.822637553955264,402.415817439222508,13.132197343522970,-0.575490277160675,0.814659619146122,0.033415754459281,0.063435267636714
729,1666253125.546893835,-17.870365362707727,402.265362906835890,13.092588969058223,-0.582947214538091,0.809341338360514,0.027374945836167,0.066255229405392
730,1666253125.645590544,-17.914945233794690,402.115499321204481,13.050919835199913,-0.603369182367476,0.794995932244648,0.018373539403054,0.059912524011856
731,1666253125.746195316,-17.955345487117668,401.956151870965130,13.050766569456899,-0.607297913126027,0.792817571186238,0.011303834562985,0.050017665432323
732,1666253125.845928431,-17.986773189425730,401.793228231280636,13.072829350383783,-0.613596050504066,0.787747658463956,0.017837334881263,0.051335590721260
733,1666253125.946322680,-18.013464876355364,401.635976845596133,13.068948907732004,-0.618315248387749,0.784145927863707,0.024165242849853,0.047089897684847
734,1666253126.046647310,-18.043448013702282,401.483560816015256,13.020499526419556,-0.611323210686239,0.790124912097152,0.025645290250621,0.036453730230222
735,1666253126.149227858,-18.086933222275441,401.323236511535583,12.986249532391241,-0.587697511010331,0.808366264895694,0.018441136469337,0.028557692773851
736,1666253126.247929335,-18.139451861642673,401.160818822900012,13.002804534140244,-0.578809287660504,0.814478772277264,0.016840005848300,0.036339403279222
737,1666253126.347485542,-18.196872014340673,401.000626854428049,13.022269982752460,-0.567315458895365,0.821776576251085,0.021292340450873,0.048816647380898
738,1666253126.447454691,-18.252413043915606,400.847064184082114,12.992889247638862,-0.570665258615313,0.819278481462391,0.016067390604630,0.053532899990149
739,1666253126.545984268,-18.302404523170335,400.695615791005935,12.940101998375058,-0.585355847649653,0.809048724579547,0.009029310855780,0.052126427309321
740,1666253126.645580769,-18.348445984825446,400.536697279035309,12.928837301962771,-0.591400660198599,0.805381271154653,0.007039272375273,0.039455238364533
741,1666253126.745879412,-18.385055227335723,400.370642216281624,12.950436315065332,-0.601627234970578,0.797570950638481,0.010535598023560,0.042594013823222
742,1666253126.845810413,-18.413625802618458,400.207511551988887,12.956726524493538,-0.613368441409534,0.788590223852285,0.018030449960657,0.039743135277151
743,1666253126.946558714,-18.444119906821168,400.043047811259896,12.916665110157675,-0.612234664119210,0.789621873636144,0.024062352743463,0.032969924273980
744,1666253127.047561884,-18.489975433306491,399.875230912845666,12.872546388953058,-0.596540680187439,0.801747955352515,0.021544116437711,0.029585199280862
745,1666253127.148195267,-18.547285581328389,399.705027953900981,12.875127805310273,-0.587542707463221,0.808272927781435,0.014308911917719,0.035828705839679
746,1666253127.247425795,-18.607080968148150,399.542224290236788,12.898727244690551,-0.573060539534526,0.817887653562494,0.017384843236430,0.048571302268729
747,1666253127.346358538,-18.661488024848236,399.390528464813144,12.883312747553514,-0.571193558059537,0.818941440397473,0.011474738448609,0.054232525374855
748,1666253127.445726871,-18.712852086722034,399.241927680522110,12.826630862878172,-0.594675279534427,0.802292057929746,0.002295142283185,0.051802490436313
749,1666253127.545348167,-18.764638079774841,399.085189001217827,12.802194706472237,-0.608670795982059,0.792223749319360,-0.006508824040660,0.043116450950305
750,1666253127.646100521,-18.807508582260265,398.917719851803952,12.820339807339060,-0.611296494792322,0.790040253247402,0.000285465478449,0.046399485049550
751,1666253127.746313095,-18.839097595647910,398.759206878152213,12.838390023562567,-0.618973101712800,0.784072286306801,0.009079544550498,0.044950095354942
752,1666253127.847420216,-18.867797306785469,398.605872897564439,12.812891171016028,-0.620733494852968,0.783107212478630,0.013410877550169,0.035400148232794
753,1666253127.947567225,-18.904470022780036,398.451055805119665,12.761479807712259,-0.614371241878145,0.788462780167637,0.012870696095796,0.026622671267846
754,1666253128.048010826,-18.955320296107281,398.285189054521993,12.756901917144040,-0.593397432157774,0.804457122255067,0.012496012300485,0.023918102730822
755,1666253128.148736954,-19.016420712548552,398.119086664847885,12.781117044344800,-0.574793265541449,0.817279662537016,0.023232511346733,0.033569413282068
756,1666253128.246662617,-19.077708357131204,397.969121664044280,12.776700464276962,-0.568554650864900,0.821389260371967,0.020380923834914,0.040619082573589
757,1666253128.346133947,-19.135830201993738,397.822835792537433,12.725894920866102,-0.588523581966775,0.807415857490393,0.010537005963515,0.040107331591306
758,1666253128.445146799,-19.189331171627131,397.672748850023311,12.688821026682113,-0.599392599912384,0.799867879750382,0.003311661540251,0.030478172710064
759,1666253128.545644045,-19.236012149550760,397.508061929838107,12.696804455905122,-0.602997829218412,0.797157887925924,0.006202786872011,0.029907275208257
760,1666253128.645521402,-19.274078917674483,397.343932278971010,12.715364398952216,-0.618289545179436,0.784932872545500,0.014518276828672,0.037251088000254
761,1666253128.747304678,-19.312632400537094,397.182696444400847,12.690910399597014,-0.621912169667425,0.782066985356643,0.021463875767059,0.033701419432773
762,1666253128.847452402,-19.358975821088336,397.021735238959536,12.635765878673801,-0.611111551041984,0.790552754333676,0.023186232519210,0.032115625792832
763,1666253128.947353840,-19.416023613757872,396.852421383936758,12.619070318935787,-0.594231091085598,0.803170532195855,0.025433194082298,0.034053769809206
764,1666253129.046926737,-19.483293032643278,396.681901480604097,12.635333348172081,-0.578305380917998,0.813424815892349,0.035824387125585,0.051181721140106
765,1666253129.146009922,-19.555448297691559,396.524218621259990,12.631675436921093,-0.575341289345466,0.814117039184390,0.034924391922958,0.070541719094103
766,1666253129.246650934,-19.623596000310972,396.375792378128892,12.582974910376423,-0.592417531330688,0.801595208980920,0.022183139166700,0.077424142537064
767,1666253129.345052481,-19.683813708959310,396.228021476501851,12.542098733442701,-0.607927836676976,0.790646045546427,0.012716523233393,0.071699833276684
768,1666253129.445169449,-19.732564674520585,396.060294084185216,12.551555649156640,-0.607424300443323,0.790966530582862,0.022742636006563,0.069931675484894
769,1666253129.547048330,-19.768849793211682,395.893783410778212,12.571921704753583,-0.604322196318334,0.792629376075184,0.040133679912480,0.070161548987548
770,1666253129.639407873,-19.797477135164481,395.751022122251584,12.563044018848306,-0.606443001859847,0.790889154667132,0.051844856519402,0.063508592943081
771,1666253129.738620043,-19.835045685329639,395.602968654636072,12.517500769740757,-0.601946802324857,0.795059348074003,0.054347116222407,0.050863259523239
772,1666253129.841516018,-19.887109402464279,395.444882809286526,12.485024231404253,-0.591236841122413,0.804036285169014,0.043855576747387,0.045181171071101
773,1666253129.939976454,-19.944833525055049,395.287546888175200,12.501030968475845,-0.586275935191808,0.807171498931204,0.043002850054413,0.053902263545434
774,1666253130.039250135,-20.004068241199175,395.138413666768884,12.518468254248340,-0.580511246328836,0.810887604234007,0.042844213239376,0.060269059867164
775,1666253130.141523123,-20.061745601735293,394.998269632617280,12.491224635018867,-0.588072306628129,0.806174674282681,0.030073402189886,0.057870089018513
776,1666253130.239840031,-20.115143208827387,394.862377535055771,12.441712789145049,-0.612359046582912,0.788796334486847,0.015164247058192,0.050860459881315
777,1666253130.339328289,-20.168051379754022,394.711311433413357,12.429243852211705,-0.616695592153192,0.786078079488830,0.012990258784748,0.039988157530467
778,1666253130.441197395,-20.213489474254143,394.547159756583540,12.448590074140656,-0.623404717989029,0.780355061744975,0.019984701519965,0.044868105633877
779,1666253130.539930105,-20.249055046439899,394.393360805100826,12.450939828181575,-0.630421492634188,0.774479018050046,0.027620877358435,0.044587883545521
780,1666253130.640080452,-20.283195845089249,394.240292880586082,12.409364640248969,-0.630088565858285,0.775177510271570,0.027849159700617,0.036230526463032
781,1666253130.741539001,-20.327570547452144,394.077332989993749,12.364951090454076,-0.617412462053276,0.785547246758057,0.025433395039253,0.032718759587195
782,1666253130.842601299,-20.384878142194005,393.903742941251153,12.366166664721581,-0.606225244233104,0.793662101526264,0.028702227854886,0.042042882531945
783,1666253130.942050934,-20.448473197094671,393.738411022727405,12.382159993554822,-0.590213656563258,0.804302154852599,0.036426763755182,0.058471994903702
784,1666253131.040807486,-20.510274839433471,393.588071054906209,12.360049808045135,-0.601014960531690,0.795822696170882,0.030344257459294,0.067279116489768
785,1666253131.141715765,-20.568745876503215,393.441271698573928,12.303928224395818,-0.622442032538271,0.779372042350737,0.016966417717408,0.069694163324523
786,1666253131.240473747,-20.616047351581411,393.291526033236835,12.286454013365931,-0.625625784741153,0.777779292149286,0.012630692349625,0.059094972557239
787,1666253131.340519667,-20.648779780858565,393.133250652538038,12.305442580072436,-0.627096081963171,0.776715158414925,0.022186890744634,0.054514296785371
788,1666253131.441196442,-20.673360103560068,392.978020558957496,12.316866881167824,-0.634271675253518,0.771003584351424,0.030985721491018,0.047883190704396
789,1666253131.541618347,-20.698366871806080,392.824621680745565,12.286409148974116,-0.638009169045442,0.768389155613094,0.033444308031555,0.037468440192123
790,1666253131.641233921,-20.732072505478804,392.665376582284750,12.239094689235348,-0.629455972503320,0.775982437706978,0.028584839948682,0.028624150211752
791,1666253131.741869688,-20.776047346133677,392.489899712661327,12.236896631974655,-0.619369441935013,0.783993573889500,0.024404509020974,0.033763744409134
792,1666253131.841320992,-20.822782819768452,392.318510615995251,12.260163776585374,-0.609558754464701,0.790792488007205,0.031756235802290,0.045573097925047
793,1666253131.941083908,-20.867549409444152,392.161751375894539,12.251109065424892,-0.609156797461011,0.790849889415107,0.026429850028295,0.052781734971854
794,1666253132.040347815,-20.908407468535025,392.014280462787895,12.204317829982653,-0.632368888089285,0.772872427100880,0.012839106633141,0.051117102272908
795,1666253132.139727354,-20.946613707876541,391.863750575295285,12.176807487460501,-0.649474093823345,0.759229492916445,0.000276950139349,0.041879611230309
796,1666253132.240213871,-20.972881369394422,391.702242321949541,12.190165769740059,-0.656221280113245,0.753501982359211,0.003569544376189,0.039945618786295
797,1666253132.340245485,-20.985410806335761,391.543104379231522,12.207211542968727,-0.667085737582735,0.743739040251364,0.012220215611157,0.041225296240225
798,1666253132.441972971,-20.995738084068091,391.383873325251841,12.184350136790968,-0.666743076540556,0.744195729791580,0.019411486612832,0.035349396496871
799,1666253132.541618109,-21.014156810973347,391.221483710615189,12.128709338607118,-0.667025373483286,0.743998738033370,0.020790745883091,0.033328273580552
800,1666253132.642017365,-21.045368450559923,391.048700975444035,12.103091605114788,-0.650681181258106,0.758289629520029,0.015363335271323,0.037078377098705
801,1666253132.742812872,-21.081887080267133,390.870998847421106,12.113847101542827,-0.640706403030113,0.765675023509826,0.022556040811877,0.052233021282850
802,1666253132.841825247,-21.118810159076656,390.705850453565461,12.117956787301106,-0.633014447295932,0.770702348341517,0.024294211019532,0.068705102331893
803,1666253132.940995455,-21.147128662552301,390.553059470567291,12.073123509399641,-0.648680189382212,0.757397940221460,0.015652292337262,0.072920352412317
804,1666253133.041746855,-21.164895574356205,390.397443740152085,12.027339996384930,-0.670036028451484,0.739710622305260,0.007208891667344,0.061870410590652
805,1666253133.141884565,-21.170158491124418,390.229400874011162,12.031006085753972,-0.672593522390029,0.738247317690915,0.011968273749785,0.049654929106725
806,1666253133.240510702,-21.164581079086723,390.059558082341823,12.049920032611020,-0.682560852283301,0.728699575135006,0.025979368948654,0.049322251746916
807,1666253133.340720654,-21.152720017679044,389.890524207271426,12.041994133574608,-0.687526040632190,0.723866223430904,0.035815580133492,0.045198210674827
808,1666253133.440632582,-21.141757178542150,389.722218918937074,11.994176290070834,-0.686789357149447,0.724795400079306,0.042234066337552,0.034760474259186
809,1666253133.541527510,-21.139886132049959,389.543127938668704,11.956380099687157,-0.673554596090334,0.737584398683294,0.039005350401019,0.027785671571586
810,1666253133.641659498,-21.146264042366621,389.353332217972820,11.967819096143455,-0.669287358839350,0.740609467824086,0.045473208433994,0.038525767765092
811,1666253133.741956711,-21.156066907303448,389.171642191173305,11.983165844886274,-0.666624431057155,0.741465149572688,0.057260336219343,0.050621673055355
812,1666253133.840334177,-21.165193327731838,389.009193236604176,11.957415632807690,-0.672048257136369,0.736333565412346,0.055403914731081,0.055627571936789
813,1666253133.941818476,-21.171617535348073,388.849618066246421,11.903071002163875,-0.692255501179783,0.718322678596794,0.045068834950789,0.052570434809240
814,1666253134.040352345,-21.174748836419802,388.693128848523941,11.880459638409580,-0.707764276564566,0.704363968860525,0.035481494685447,0.041014530656502
815,1666253134.140295506,-21.167976555389252,388.525730384423980,11.896690367321330,-0.717618562074320,0.693918046537290,0.041333342081821,0.042342636769618
816,1666253134.242854595,-21.154280540654565,388.355008224430435,11.905776318408341,-0.727259454187098,0.683128574435737,0.051091593012570,0.042646057359617
817,1666253134.341526985,-21.143544816293861,388.193844071833212,11.866699347925287,-0.721971159578049,0.688729639125860,0.058034288964672,0.032266859646624
818,1666253134.441769600,-21.141804041594451,388.027964790512442,11.813903507443131,-0.708961291592823,0.702720731235549,0.053867140698174,0.025608437434081
819,1666253134.541824579,-21.147465151762407,387.850563728258578,11.813499809496172,-0.703488542647780,0.708225572293326,0.050720511277131,0.030786991552921
820,1666253134.641304016,-21.158886258015876,387.677325057821633,11.832154068348546,-0.698271575052989,0.712359251504072,0.055906380437371,0.042843679766892
821,1666253134.742226839,-21.169139992268835,387.516432914089251,11.822427281179653,-0.706328516009263,0.704380333160001,0.047770576385151,0.051636670703959
822,1666253134.843082666,-21.171802894596947,387.368297601675295,11.776786200185697,-0.726114780707800,0.685223908522866,0.033070506513552,0.046172091410797
823,1666253134.941177368,-21.167149746105864,387.223133220211650,11.749984578835976,-0.736707824253297,0.675229849361052,0.019743811115514,0.030600884602568
824,1666253135.041481972,-21.152659532745194,387.060896981228495,11.761580887694661,-0.737787781684665,0.674064272961619,0.024517947136213,0.026559657034130
825,1666253135.144067287,-21.132204256044403,386.892921882951384,11.778282665570924,-0.752018445237755,0.657455704870522,0.031624271675404,0.034930782934174
826,1666253135.243644476,-21.113013795556704,386.737965751371519,11.751318555873603,-0.753143413995665,0.656074461037610,0.035145300442264,0.033258192764894
827,1666253135.342917919,-21.096245154665237,386.583330982927805,11.699787272942622,-0.745965558237438,0.664656748109627,0.031722260271464,0.027577007073149
828,1666253135.444586515,-21.084566878435925,386.413018837252764,11.688149827376114,-0.729252446125725,0.683001767532129,0.029952471648228,0.028324985609835
829,1666253135.544997215,-21.079934572202124,386.241592039564409,11.708459205882946,-0.722213058074502,0.689459281868669,0.035109318235426,0.042679423202035
830,1666253135.642625093,-21.078345084626729,386.087242353030376,11.713690892372462,-0.716642894316147,0.694570856944807,0.035685405408258,0.052161657853073
831,1666253135.741950274,-21.073177588390493,385.941749796005695,11.677623879460148,-0.724569610756528,0.686708823862454,0.023358289130580,0.053705313763823
832,1666253135.843258619,-21.059357740347348,385.792953006392167,11.642114825286489,-0.742721486924358,0.667922880949190,0.012490506833228,0.045692507093110
833,1666253135.943113327,-21.033391053036880,385.637109884162328,11.646867616568947,-0.747002925024963,0.663656531757228,0.014444119118452,0.036578754530586
834,1666253136.042045593,-20.999587073915990,385.480613703853294,11.664561070865075,-0.754739604733121,0.654498840071111,0.023745234366935,0.037888800953861
835,1666253136.142139435,-20.963226342956862,385.326688367661120,11.656340656280777,-0.758367656838978,0.650121396015010,0.032600803862025,0.034027269822940
836,1666253136.243498325,-20.930947852213706,385.171371732596413,11.607512612997128,-0.755527546964580,0.653651953288506,0.034398596048696,0.027092182076819
837,1666253136.343904495,-20.910236763645749,385.009321125556085,11.576042529177522,-0.738931176121799,0.672720863586701,0.027398049192481,0.026013526305828
838,1666253136.442933559,-20.894849926875157,384.844737215118016,11.583227760977268,-0.733560261153029,0.678179896051031,0.028356468057707,0.034018856074311
839,1666253136.543363333,-20.883286324011404,384.681202430581038,11.597883031566267,-0.725946787598840,0.685461474865370,0.033649829281495,0.044849939126408
840,1666253136.643219471,-20.870609873124749,384.526690204897875,11.570338414206189,-0.734919108795601,0.675722871237103,0.029374875796526,0.049291190755582
841,1666253136.741393328,-20.853293970687307,384.375286881990291,11.520750060033865,-0.748003506583035,0.661735670329235,0.023802806403292,0.045056444164284
842,1666253136.841707945,-20.834076724440802,384.213795756008551,11.504431154957503,-0.751778802377133,0.658326935989034,0.015930967193054,0.034358142149825
843,1666253136.943287134,-20.806775244267413,384.042692685863017,11.517711168618209,-0.756164670944325,0.652950295345471,0.024726837034423,0.035489234342197
844,1666253137.039348841,-20.776068246736585,383.883743330318225,11.523158051582278,-0.761921904709205,0.645712184747277,0.034770632979473,0.036356411750927
845,1666253137.140460014,-20.745710800080566,383.721138957481287,11.485939438726060,-0.756673814216314,0.651942462582838,0.039263717930082,0.029565601889137
846,1666253137.240814209,-20.723627267883707,383.553351477549938,11.439166038928715,-0.744609635790786,0.665886721367270,0.037888136801435,0.026755442137559
847,1666253137.340221167,-20.708709090361683,383.378190069260427,11.435365851034609,-0.737988444820397,0.672930276385510,0.037241163071117,0.033926305551938
848,1666253137.439831972,-20.699150211122983,383.205707144644464,11.454133043511467,-0.731107346446505,0.679254607267153,0.045908556644849,0.044582854384647
849,1666253137.541297674,-20.689655248562826,383.044829746002961,11.447923440595492,-0.731802654003364,0.678354082141994,0.043625212513236,0.048963819990907
850,1666253137.642156124,-20.676525938891469,382.896349109114340,11.401787798946982,-0.748121974909945,0.661305468264400,0.032782573978295,0.043748041599650
851,1666253137.740883827,-20.659359243204406,382.750704153181061,11.378993660136638,-0.765748764107431,0.642007789268585,0.020903377074528,0.031904194289866
852,1666253137.840564966,-20.632129055089699,382.598184461931794,11.392271441054170,-0.770381315204803,0.636620312161653,0.022841470359721,0.026560771041583
853,1666253137.942530155,-20.595755852938058,382.443081215530754,11.407141553715423,-0.783771443854499,0.619746831334126,0.027625013200745,0.029206976824083
854,1666253138.043570757,-20.558278831916883,382.293423007060937,11.377424152266554,-0.790573466847664,0.611105736877071,0.030810991057338,0.024373237422702
855,1666253138.142695904,-20.527360963588070,382.140745122526994,11.325859064225160,-0.784846248013271,0.618737391483068,0.027989008822909,0.019925429614727
856,1666253138.243407488,-20.502376024406292,381.974490429681794,11.316985548938398,-0.773199759657632,0.633471663470237,0.019847824110069,0.021951016462262
857,1666253138.343669415,-20.480939049283737,381.810430766325339,11.337864773999097,-0.767965372580351,0.639428614949324,0.020619698051590,0.030578766387365
858,1666253138.444029570,-20.459697004905642,381.656221724353998,11.337896029599525,-0.767770413633614,0.639617184062811,0.016955943578910,0.033629537281667
859,1666253138.544807911,-20.434632527250759,381.507351595518003,11.293488024892238,-0.780127585853859,0.624751889200557,0.006635958410251,0.032279882065200
860,1666253138.642435074,-20.405224063626886,381.358594471217657,11.255526410357762,-0.795882390141478,0.604925833588831,-0.002194571302559,0.025122515326768
861,1666253138.745764494,-20.364869829193886,381.190396789620877,11.263454871048276,-0.796541068534263,0.604145597325851,0.000033939780092,0.023030897033720
862,1666253138.845530272,-20.318366686360484,381.030795369212626,11.282756186921841,-0.806754955187634,0.590044741113020,0.007800226072187,0.030541811313204
863,1666253138.945572376,-20.269034319603538,380.880404006021877,11.261509621672825,-0.810523843556989,0.584866008853527,0.012366471254173,0.028808351255688
864,1666253139.045607090,-20.220423880338014,380.728432551044079,11.205687340355198,-0.802856112679160,0.595511291961362,0.012093793129700,0.025339764165308
865,1666253139.147260189,-20.179205482515517,380.565521475826188,11.176642899904190,-0.781413090079436,0.623569072640527,0.004043353177930,0.023213047921789
866,1666253139.246464014,-20.143927247589964,380.399916147537397,11.189550987182324,-0.781368728134953,0.622969181979534,0.008007556554667,0.036168882130091
867,1666253139.345330715,-20.112998514723756,380.236954364445580,11.195873122241098,-0.776325825447782,0.627978730144025,0.011177878950018,0.053253941184636
868,1666253139.444154263,-20.076690040583216,380.084134787507423,11.154625989724117,-0.788891740816149,0.611423582334754,0.005532800312334,0.061485058003600
869,1666253139.545022011,-20.029217552950279,379.932042035005509,11.107270665537362,-0.799067234301231,0.598594784780175,0.004159184642101,0.056200888634165
870,1666253139.645326853,-19.971468861011033,379.774947718311182,11.102331652171825,-0.801753894181144,0.595876676180303,0.005338970520151,0.045751233245355
871,1666253139.745105267,-19.904830440732344,379.616100417605765,11.118146415627560,-0.810189333488655,0.583930581498376,0.022884959581546,0.045766783993727
872,1666253139.845443487,-19.837496417900404,379.465047933517610,11.112880091098637,-0.814703615821664,0.577274117680923,0.036420623105869,0.041062752408943
873,1666253139.947602749,-19.772944464038925,379.315727357367507,11.065152562315923,-0.809765275844910,0.584652061936481,0.039306996247676,0.030284064377549
874,1666253140.047922611,-19.718170427431271,379.158461506618210,11.033007101095768,-0.799399324609955,0.599257791406232,0.035810556346894,0.023841629688404
875,1666253140.146023750,-19.671341954926159,378.993060482105761,11.044475572756355,-0.800205928508948,0.597803212200514,0.036747208876153,0.030845325443128
876,1666253140.245295048,-19.631153182120304,378.829829730888946,11.062024178801135,-0.794010805571034,0.604957975125615,0.044720440395253,0.039658179222061
877,1666253140.344591379,-19.594952910232863,378.678988188314634,11.039841691248510,-0.796738410183974,0.601489883852060,0.039919669081990,0.042711185672295
878,1666253140.444024324,-19.555576748628059,378.532193045502879,10.991429941345624,-0.811694659181847,0.581973864491927,0.027517744358500,0.041242878772184
879,1666253140.544097424,-19.507119316876050,378.376561930971093,10.976420349510089,-0.819113391727152,0.572477640757517,0.022875966693961,0.028271761065872
880,1666253140.645350218,-19.445844930896438,378.214387203048148,10.992572829678357,-0.822653884973088,0.566904606790187,0.031765763598815,0.029166566505717
881,1666253140.744837523,-19.381537122239440,378.061094353368333,10.997856324945833,-0.833147898257750,0.550542654372631,0.041880308369904,0.031834024500100
882,1666253140.845542431,-19.318768612732729,377.911532687065971,10.957258871425074,-0.836162704886065,0.546033028692504,0.043235938283973,0.028469565771458
883,1666253140.946813345,-19.262208352500210,377.754291338165217,10.909480533452548,-0.828340928271001,0.558295220111948,0.038598204422727,0.025844387526698
884,1666253141.045957327,-19.211457693646839,377.588347208129619,10.912873111761284,-0.822509971936524,0.566562370069153,0.035714487930638,0.034769271468571
885,1666253141.145796299,-19.164637410350153,377.425291242049525,10.937654751469715,-0.816166226650190,0.574550594771657,0.042749562519585,0.044008856239506
886,1666253141.247128963,-19.118151168591226,377.274303797568166,10.924460169107851,-0.812738065567402,0.579294765660429,0.037938886097396,0.049346247860158
887,1666253141.347128153,-19.065268100726200,377.130303828835451,10.872394794327485,-0.828486397271781,0.557223335283160,0.028471870091155,0.047977044146628
888,1666253141.444540977,-19.005825846397823,376.982546047943060,10.848403770673723,-0.836455132731405,0.546021031458885,0.023811238641269,0.040458238298669
889,1666253141.544467688,-18.933456525730882,376.825510254846677,10.863261837099111,-0.841256863134772,0.537986592662146,0.035199580333403,0.040228172824148
890,1666253141.645327330,-18.857315047868500,376.675742229682555,10.869351839653218,-0.847477085320930,0.527035260738256,0.044414594818328,0.045208047531646
891,1666253141.747969866,-18.779702169945402,376.530427288351632,10.827484736342917,-0.850814812929531,0.521718333430156,0.046857431759086,0.041575422445120
892,1666253141.846095800,-18.709632725436578,376.384933724774953,10.773052048996998,-0.847016270609518,0.528417814413102,0.042931868987959,0.038664005985215
893,1666253141.946372986,-18.642366183896250,376.221865004856852,10.768635702529483,-0.837606892968511,0.542800880411730,0.041782059494365,0.045123791732274
894,1666253142.045760155,-18.581637040666191,376.061029432488795,10.785730216315923,-0.830645481423919,0.551976849668346,0.051506572958948,0.051929900464560
895,1666253142.148086786,-18.525474582117965,375.906778034267404,10.770588234043791,-0.827631840285819,0.556237675092828,0.050935216784868,0.055052606146419
896,1666253142.246109962,-18.471281603801376,375.764781883695832,10.721937840187133,-0.837599906750630,0.542225222612738,0.040081333758645,0.053025379376583
897,1666253142.344637632,-18.414950344621122,375.618123466291308,10.692329888008093,-0.846541394555944,0.529642299092295,0.026482247269356,0.046318386144918
898,1666253142.444680929,-18.346388078172922,375.466230922741317,10.705492827555993,-0.850426261475937,0.523129018467163,0.030622818278275,0.046620240565013
899,1666253142.544662476,-18.271346602872054,375.321979657762142,10.719311367778063,-0.855488908015939,0.514415382467396,0.039185580325402,0.044497559901402
900,1666253142.645517111,-18.197563028194693,375.183750490118825,10.686518316667675,-0.853112782956489,0.518894895566045,0.042758020274078,0.033442766242921
901,1666253142.745991707,-18.132039088405993,375.037587764797934,10.635455490364855,-0.844828322127403,0.532799345580171,0.040594752982045,0.027240218631019
902,1666253142.845577002,-18.070817813058852,374.879322411812950,10.635324307537193,-0.841266591096340,0.538348283162915,0.034648981543532,0.035370846734008
903,1666253142.945312738,-18.011716381695535,374.723978072403895,10.657203470902074,-0.837434604742085,0.543235528996108,0.039893729460792,0.044798807645916
904,1666253143.045291901,-17.955487769783794,374.577889388904623,10.650166722367169,-0.837631291289190,0.542543756342334,0.040095761184471,0.049116415200945
905,1666253143.144833565,-17.897560038036513,374.438065621156852,10.604668585033052,-0.849934921150457,0.523841818842168,0.030529404608944,0.047627031141143
906,1666253143.245554209,-17.835896732020409,374.294467443105020,10.574576494991073,-0.859924959961138,0.508654666417056,0.019011844868968,0.037921541670492
907,1666253143.345842361,-17.763629789756408,374.147736655062886,10.585145190719151,-0.860632209761540,0.507739067470792,0.021746294411820,0.032254264279531
908,1666253143.445173264,-17.684276489466743,374.006977031368422,10.601952298628360,-0.868453283024694,0.493563592502207,0.030130043100058,0.035721924118608
909,1666253143.545728683,-17.604514802313897,373.872758860983538,10.575823519359083,-0.871469735355111,0.488312225374461,0.033358973080370,0.031286575794705
910,1666253143.645994425,-17.529828436259866,373.732361802996024,10.521496172916544,-0.869232095823249,0.492514497316537,0.032027289472339,0.028970437566890
911,1666253143.747644424,-17.457739236813747,373.574585854834538,10.502628412467274,-0.864086171965746,0.501500565861465,0.021590167843105,0.037230827424593
912,1666253143.841549873,-17.392248506317088,373.425899873229127,10.515711717400753,-0.857963756635278,0.510388865973936,0.027454550964332,0.051455275934221
913,1666253143.942380905,-17.325166497173317,373.275505667442474,10.522914232979298,-0.848653612822587,0.524793377267207,0.033215411947833,0.057233670411615
914,1666253144.042077065,-17.258866609598027,373.140220128638305,10.483362919681053,-0.852541488013572,0.518816074213442,0.026577722156008,0.057415303172191
915,1666253144.140368462,-17.187545512561059,373.006400814130927,10.436689549731343,-0.867328385561425,0.494934104337367,0.020124522367450,0.048751487799476
916,1666253144.243502617,-17.103975608533567,372.858397874486741,10.436346636599122,-0.869075001062660,0.492467727464856,0.016264448740378,0.043813783684016
917,1666253144.338974714,-17.018929816970804,372.725816372119255,10.454034679025726,-0.877484851960838,0.476783756534269,0.023466074584382,0.046334948234962
918,1666253144.441706657,-16.925107937883400,372.595270064753151,10.445149543496923,-0.880494417691020,0.471104128040564,0.029506454570127,0.043816094038532
919,1666253144.544761896,-16.831060454259589,372.466818275147318,10.393575604821677,-0.878030612972221,0.476333071777208,0.027087473382394,0.037885567181635
920,1666253144.643954992,-16.740158884070567,372.332705579978096,10.358162075174798,-0.864768571414482,0.500596875896170,0.021163551097315,0.033618296234378
921,1666253144.743633747,-16.649078725901074,372.182191651728090,10.369727714412019,-0.855813170886207,0.515065696745233,0.028668400948906,0.038331023480677
922,1666253144.842728853,-16.562960918687487,372.031300231205762,10.385783584738311,-0.850040480055295,0.522723504933275,0.043178384168711,0.048238436937941
923,1666253144.943828106,-16.478848642121150,371.890017169207795,10.353072475614747,-0.850975185406820,0.520608545660440,0.043493458989575,0.054002731711206
924,1666253145.043520212,-16.389779559144682,371.752696180597127,10.294413028389886,-0.865914562681483,0.495776984550381,0.039642916587262,0.053156287405365
925,1666253145.143110514,-16.289712388447413,371.602110510686032,10.276128069010394,-0.869145158701995,0.490460685951067,0.042390736886438,0.047307864753319
926,1666253145.244557142,-16.178007729577836,371.444374873908544,10.286495409305681,-0.873486135421823,0.480421712697597,0.061190556674404,0.049725898367283
927,1666253145.345249891,-16.068773092506653,371.300347791222691,10.288390782371978,-0.877174394767603,0.471377108985528,0.074636112435763,0.052897570917880
928,1666253145.444495678,-15.967060924809944,371.169815934288863,10.248222958622151,-0.881330999761704,0.463713825248219,0.075789767537115,0.049810322919739
929,1666253145.545110226,-15.871319615172538,371.033702210997831,10.200904406029681,-0.877582298769330,0.472619624086184,0.065916803996232,0.046205787151552
930,1666253145.645294428,-15.777044422692432,370.884192588881376,10.199153212226939,-0.870244181574906,0.485415487224356,0.067567103580173,0.049815215662980
931,1666253145.746760845,-15.689998002551336,370.729004226196878,10.215016881541603,-0.860222181517999,0.500549971765095,0.079372690149200,0.056280549471879
932,1666253145.848556519,-15.610550769636115,370.583208643016519,10.192874576593137,-0.858398453152097,0.503281707332459,0.078311751610690,0.061048245267796
933,1666253145.946290731,-15.534211441376865,370.449054362701474,10.143735624840547,-0.872712057369896,0.479613640160065,0.066420291450492,0.062711769048932
934,1666253146.044929981,-15.453389827003411,370.310933506944082,10.120482335578377,-0.879079942079081,0.470444287384560,0.053016399524433,0.055586772553724
935,1666253146.145039797,-15.357657927042181,370.169061575192643,10.135679738021675,-0.880308191877733,0.467758043957682,0.059757432941393,0.051855075297358
936,1666253146.246355534,-15.256903580079376,370.031940591072555,10.146431067565272,-0.883463547237951,0.460769388282093,0.070788942950099,0.046611769757120
937,1666253146.340009689,-15.168026734866535,369.908378745677112,10.112579644450278,-0.880232240015706,0.467495189857017,0.074529934018875,0.032935391794038
938,1666253146.441184759,-15.077366432760918,369.763179162126562,10.060488466415082,-0.871514192694022,0.484836571916293,0.067915805217019,0.027999176185539
939,1666253146.540335894,-14.988306609844182,369.599441700472653,10.061870659530950,-0.865028927398603,0.495072961210423,0.071398908819490,0.039114110770304
940,1666253146.640020132,-14.904719948384605,369.438126419116259,10.078906828562257,-0.863121916563790,0.495773186245943,0.081606693148991,0.050693713417756
941,1666253146.738896132,-14.832317773031669,369.293506618946878,10.067106057920141,-0.860513974301391,0.500314460207967,0.077839147965294,0.056055401014298
942,1666253146.839909077,-14.760751359417711,369.156940367176730,10.018313540073573,-0.873509139535156,0.479615243843335,0.061147973859380,0.056673859181651
943,1666253146.941047668,-14.680779556371784,369.014454330807382,9.993159114452242,-0.880359081099296,0.469228770457890,0.047057646879115,0.050772307124848
944,1666253147.041900635,-14.583642460656232,368.870094693297744,10.015247455912213,-0.878337574256547,0.472194398238983,0.055617597575673,0.049620950824823
945,1666253147.142146587,-14.483838258761912,368.740000500409110,10.029567953024765,-0.878093393312945,0.472544317680867,0.061388668116519,0.043419947887604
946,1666253147.242221117,-14.386640169421439,368.615305242037209,9.998264707241859,-0.882665941201961,0.465048989460787,0.056893523517540,0.037328281842538
947,1666253147.343085766,-14.293891873396918,368.477356054210588,9.944472011527747,-0.881892387467678,0.467769076575419,0.044286015390886,0.038686648435038
948,1666253147.443659067,-14.197718424041135,368.318799422058191,9.942413184567442,-0.872603259909779,0.483769036747090,0.045115090528023,0.049956966343721
949,1666253147.543777227,-14.103209495497673,368.162050602681916,9.960627491303274,-0.869664741306800,0.486481994353945,0.054840951145502,0.063332274352349
950,1666253147.643831253,-14.013767708623881,368.021086648841504,9.941906145539953,-0.866321089974689,0.492149118913701,0.054646092399057,0.065504338810865
951,1666253147.743926287,-13.924370889768664,367.883738947479856,9.887263448650533,-0.879537532630780,0.469280253127528,0.043493043899062,0.065560108684448
952,1666253147.843372583,-13.833010831931993,367.733448279913148,9.870213030648864,-0.884925969846567,0.460047966844031,0.034420297267393,0.063852480216591
953,1666253147.943881750,-13.731672737378547,367.578023334764566,9.892642233481256,-0.887590375742781,0.454084649896701,0.041270677831884,0.065476612376308
954,1666253148.044019699,-13.629201794681563,367.434643220478222,9.899265289359299,-0.888976817760821,0.450889883057885,0.044657165884291,0.066515174021227
955,1666253148.144540310,-13.523415801872861,367.293377416851797,9.861445824920661,-0.889263231285892,0.451176272753206,0.041759472581371,0.062506182392023
956,1666253148.244784832,-13.416339447816496,367.133331952741742,9.833751492963893,-0.880568544485760,0.468345139709549,0.037161562898894,0.062216451325876
957,1666253148.344588041,-13.303245272166881,366.955092327337127,9.851972427968468,-0.871689427462622,0.481923769173901,0.049922443572259,0.073585136969912
958,1666253148.445134163,-13.193810622724335,366.781276570512716,9.871870561962441,-0.861250038648883,0.495720923104029,0.074957931979829,0.083008708925599
959,1666253148.544846535,-13.091634261987043,366.627656343439924,9.846085491456041,-0.856220896830186,0.502900049292828,0.081691022719504,0.085462816824778
960,1666253148.642901182,-12.990537339101328,366.481711671851826,9.815562332024147,-0.865721739868795,0.487374147183773,0.080569796932124,0.080627647849558
961,1666253148.742499113,-12.887208036428868,366.330778453934101,9.829180093371791,-0.866923969528832,0.488531211110575,0.072802104138478,0.066932357348428
962,1666253148.842404604,-12.781308621537001,366.183814551383136,9.857390263201724,-0.864736698986625,0.491945030625715,0.080767415425083,0.060804217566967
963,1666253148.942527056,-12.680559588091198,366.046609291625657,9.872678636465103,-0.872787245768094,0.478480311800143,0.077130012885666,0.057878976808846
964,1666253149.043250322,-12.586527865032686,365.913129528003822,9.847594407300692,-0.877590306559502,0.472529131697182,0.064547180657821,0.048837843926949
965,1666253149.144606352,-12.492248320788786,365.764301593673110,9.830587343118077,-0.874807570064312,0.479994702177625,0.045251549440668,0.047635055503329
966,1666253149.245565176,-12.391999288161154,365.603848840559294,9.845900224683895,-0.870727219867474,0.487299310753977,0.039523259065502,0.053022658490503
967,1666253149.345647812,-12.291357311454949,365.445377332544751,9.867914626170505,-0.858621746038742,0.506602107573396,0.053155465516327,0.057423847984254
968,1666253149.446139574,-12.190724539213004,365.296716763753750,9.852621018025316,-0.856146871056878,0.510500943289427,0.056241571140894,0.056905252444098
969,1666253149.545387745,-12.089766216360992,365.150965509863852,9.819354052015438,-0.867493101633767,0.491760613931410,0.052486464267307,0.053594666454285
970,1666253149.644352436,-11.989407454577821,364.999609232543662,9.826146406040202,-0.872498175479760,0.484452082398352,0.042381728686375,0.047506870218373
971,1666253149.744276047,-11.880148828407078,364.850145717959833,9.851643529578098,-0.878023988820005,0.473702657212714,0.048976790718380,0.047759204109256
972,1666253149.845423937,-11.768130327310480,364.708651126106815,9.865698882662629,-0.885685375337786,0.458933941682977,0.054564392170802,0.044314559583984
973,1666253149.936304569,-11.670693552044185,364.577725002630189,9.842031551294776,-0.888715805609258,0.453661120832532,0.054096931545234,0.038070018421981
974,1666253150.037501812,-11.564884803259616,364.418547255992564,9.814721950151814,-0.881431535199830,0.468256876870010,0.047109833382120,0.039932563377821
975,1666253150.137507439,-11.456523950504927,364.256301720940371,9.826032147114363,-0.873325198850160,0.482327128735755,0.049993856782187,0.046521524296757
976,1666253150.237432003,-11.352662348456924,364.099300987508116,9.852020799353113,-0.864451270581821,0.495905011540692,0.064660350318734,0.051198236443843
977,1666253150.336824417,-11.258587647590119,363.953595075782971,9.845565454567101,-0.861405614400136,0.500930553910888,0.063579059664887,0.054832935454744
978,1666253150.436971664,-11.167250516665904,363.812428087430646,9.808776546751822,-0.874191574410732,0.479225260974133,0.055158357835433,0.055585933782367
979,1666253150.536817074,-11.070080408967110,363.663843477410524,9.814881222248005,-0.880921342361054,0.468312423830987,0.045120112663923,0.051237073409196
980,1666253150.637144327,-10.964329505884214,363.516337703446311,9.844606540463037,-0.879689140361552,0.470043945616994,0.052622103787884,0.049362128314115
981,1666253150.736992836,-10.862349336686229,363.384405524813587,9.864977564952651,-0.885323976072320,0.459506328411066,0.051862664298628,0.048638005649150
982,1666253150.836976767,-10.764343553250068,363.259343832203342,9.845713854341973,-0.892529392515117,0.446981242132304,0.042050510953913,0.042787932959813
983,1666253150.937460423,-10.668028093975988,363.120264642023926,9.820080275005463,-0.890047314407410,0.453314503673016,0.028354969089996,0.038958113452130
984,1666253151.038135052,-10.564750562482645,362.964508053815564,9.840973945146430,-0.880173821600467,0.471843356120350,0.025971836970336,0.044534871041697
985,1666253151.138144255,-10.461358407258318,362.812208016824172,9.867857028729592,-0.871426526015752,0.486186787325246,0.039564072880706,0.051700113380583
986,1666253151.238596916,-10.365963601553288,362.668248882159787,9.861592512450548,-0.863615641359316,0.499419879257614,0.045389563632099,0.051842026533846
987,1666253151.337037563,-10.276072423167822,362.529785133605117,9.828768543481786,-0.875007748584673,0.479088517004128,0.037818275977875,0.058355897676493
988,1666253151.436158180,-10.185750268731166,362.384728545547034,9.829339302230510,-0.879826080008224,0.471251321673701,0.028495794283109,0.054920401185053
989,1666253151.536208391,-10.087534213121344,362.238823686702517,9.855455916591049,-0.880856320972050,0.468919024747708,0.031368651903601,0.056772332266645
990,1666253151.636136055,-9.987924589413478,362.104455527076368,9.874089735672214,-0.886525061812540,0.457900681800625,0.036532809553588,0.055368169654744
991,1666253151.736087561,-9.889519297612225,361.976292566613097,9.853153112443909,-0.887233890445856,0.457660871872053,0.035535495808592,0.045823340551089
992,1666253151.837363720,-9.790512364714155,361.830267375350957,9.826904253473877,-0.882000467265168,0.468062897467672,0.030243882587620,0.045580778012446
993,1666253151.937421083,-9.686082315392319,361.666679417713624,9.846592575286676,-0.876864526457530,0.476395842625590,0.032772828534536,0.055511666155067
994,1666253152.038586617,-9.578728693213586,361.505930214945067,9.869483932162604,-0.865840111048010,0.493638887313705,0.052465294008970,0.062361397968694
995,1666253152.138951063,-9.479282160606127,361.357254236226538,9.858908917564378,-0.856705770625601,0.507825129213239,0.064739061606617,0.063069125716527
996,1666253152.237657309,-9.384842193011044,361.215456848868143,9.825321852770339,-0.861101266078758,0.500281625760713,0.067129442283273,0.060963451858597
997,1666253152.336617470,-9.291939939020974,361.067875216145353,9.827477575326686,-0.865084513767453,0.495091020754437,0.061163090602645,0.052656828199128
998,1666253152.436817408,-9.195699857230405,360.917002436395421,9.857795879930411,-0.862465006354005,0.499734824186686,0.065909017653731,0.045554579372528
999,1666253152.536602736,-9.102997906838819,360.776048812496981,9.882510215915888,-0.867561512257971,0.490327884915231,0.068653685451030,0.046928234541794
1000,1666253152.637754202,-9.015353949020959,360.639383016130807,9.873579307643574,-0.870710919173163,0.485782135296786,0.062962003244227,0.043749267497797
1001,1666253152.737709761,-8.930457349016676,360.495206655251593,9.848700016953163,-0.866996274367366,0.493477185373246,0.053735601956891,0.043705981644822
1002,1666253152.838264227,-8.840165101852305,360.335924852155927,9.865780668574949,-0.860640735418832,0.504986371954637,0.042423984891532,0.049864758936023
1003,1666253152.937984705,-8.748154491014365,360.181391086087672,9.895913507364574,-0.850117899075918,0.521197659269198,0.051000283172848,0.055240644088807
1004,1666253153.037921190,-8.661637321517613,360.034063369413502,9.907485466152096,-0.839185003169354,0.538124143061247,0.058130827107922,0.053025880945059
1005,1666253153.137056589,-8.580055261595955,359.891906473699123,9.879859850903024,-0.838798382101712,0.539348175438454,0.053802876246354,0.051245198237313
1006,1666253153.235891342,-8.497207128389663,359.740738501758017,9.866302033353593,-0.850622148108839,0.521331931795156,0.046902971852880,0.049548857391503
1007,1666253153.336156130,-8.405220261653625,359.575498490615644,9.894288211210725,-0.849491769325911,0.522582763899085,0.051240875281405,0.051433077134495
1008,1666253153.438393116,-8.311220440695996,359.416506740866112,9.917530055868321,-0.855871715062482,0.510104054647997,0.059617697174654,0.061017956138086
1009,1666253153.538085461,-8.222173820369937,359.274985461043912,9.908540172193671,-0.862141867648155,0.499297064142743,0.060505145691974,0.061261481629014
1010,1666253153.638525009,-8.132956086362682,359.134182680537208,9.877773334828632,-0.859064909835681,0.505532887147920,0.054999701994796,0.058472330904330
1011,1666253153.739078999,-8.037873238572789,358.982318940259347,9.885612412342052,-0.857180708615601,0.509706595914570,0.045358027428174,0.058164148805443
1012,1666253153.839027882,-7.939940071040696,358.827959077619369,9.919266639549955,-0.849674468140884,0.520769253605647,0.055713246425792,0.061226765888972
1013,1666253153.939151287,-7.851026257815721,358.682258777051629,9.936021784975011,-0.839647755302174,0.535766411937647,0.067470497444454,0.058255736456405
1014,1666253154.038125992,-7.773102279112532,358.548190151053973,9.913486390996257,-0.838142128885108,0.539013808494878,0.063040981186734,0.054842690769137
1015,1666253154.137476444,-7.698368694096411,358.410041682372992,9.895984062680235,-0.851899244478723,0.518810061472235,0.050709035208499,0.050322868757448
1016,1666253154.237592459,-7.620965578491522,358.259242914029471,9.922311120729349,-0.848647627651695,0.525242840948020,0.044524068901609,0.043986013713997
1017,1666253154.338021755,-7.541016848057921,358.111352294713981,9.952136386998859,-0.856120201352051,0.512100593778707,0.049730585813974,0.048353402393401
1018,1666253154.438630581,-7.463318157112637,357.973967781848444,9.955616824017822,-0.859918672340585,0.505758397867150,0.049081107144825,0.048366981178258
1019,1666253154.539960146,-7.387469814240249,357.836120961889378,9.925684279151941,-0.857683519580616,0.510447787287653,0.044579115874496,0.042833854843969
1020,1666253154.639158249,-7.311214839384271,357.687615877828421,9.915152191988469,-0.851374487803528,0.521705157334016,0.031701516881139,0.044499709614835
1021,1666253154.738816261,-7.229537232373021,357.526533754989771,9.940862892395318,-0.848313846972139,0.526079149883449,0.032818309480478,0.050272295114527
1022,1666253154.838967323,-7.149820850301961,357.370188435167051,9.965242044770024,-0.840434370087686,0.537287279990107,0.044452212253117,0.054922210097110
1023,1666253154.938652754,-7.079688811935292,357.224132995836214,9.953868048481288,-0.831151195755029,0.551691197435068,0.044502839639389,0.053329257745412
1024,1666253155.038705349,-7.012924215511758,357.077257198417271,9.921375304796539,-0.842077566091447,0.535610837507164,0.036574677827268,0.051852640937664
1025,1666253155.143336058,-6.945291836033544,356.914806163559547,9.925433169168967,-0.851336981854233,0.521995045387117,0.021636408533590,0.047732397220273
1026,1666253155.243215322,-6.874821454397352,356.758400732802727,9.950521695050126,-0.852098775453943,0.520311032589224,0.020438470625784,0.052786126532514
1027,1666253155.343347788,-6.798274624326702,356.610630871364492,9.966938041231135,-0.860410318658203,0.506151632599975,0.024782170452327,0.053762927659685
1028,1666253155.443183899,-6.720453962679861,356.469215599374138,9.939860851932567,-0.860294184733172,0.507035188437774,0.024008469010295,0.047252796911280
1029,1666253155.543974876,-6.642549552486389,356.316538902082982,9.910616052889328,-0.847984495492449,0.528005568661317,0.019249785735587,0.041974523418264
1030,1666253155.645776987,-6.560416230009510,356.152204467702575,9.923644890196869,-0.844127525347779,0.534283836605407,0.010819433321434,0.043271731592858
1031,1666253155.745255947,-6.477907320319938,355.990402949681652,9.945691711265917,-0.836366165473590,0.545645080825257,0.021014443752890,0.048181699595991
1032,1666253155.846607447,-6.396056357753178,355.828181545947700,9.941966644158489,-0.828755791077120,0.556512533218239,0.029502087384599,0.050865174403592
1033,1666253155.938131094,-6.322119811158829,355.683318713934511,9.909120099542047,-0.836962722796832,0.544179101564223,0.028936404182771,0.050251274433983
1034,1666253156.037743568,-6.240256020403106,355.518333787851418,9.894378223046536,-0.846666807692994,0.529350996265317,0.025086408668856,0.048098977161372
1035,1666253156.137036562,-6.151706216839688,355.346041368270903,9.919071323562214,-0.850272460295113,0.522763665468903,0.032994108693394,0.051636054465286
1036,1666253156.237230539,-6.062582338510532,355.187566217231847,9.939801684396921,-0.855265838851023,0.513368726697471,0.044469351799114,0.054729992636939
1037,1666253156.337929964,-5.976432496269306,355.045948668320307,9.924481503703943,-0.857999384546840,0.509218531831295,0.045062310684465,0.050029302539621
1038,1666253156.438213587,-5.894481504951704,354.904641288405514,9.890619586883822,-0.855235201383444,0.515091562828994,0.039099702057170,0.041528851610000
1039,1666253156.538725615,-5.811767765426187,354.750153643999056,9.892157797363172,-0.851091256732024,0.522790220965278,0.023057203863001,0.042454951741813
1040,1666253156.638726711,-5.723837978085415,354.591707121323566,9.917772841596767,-0.843147977171721,0.534772830666068,0.033580898351786,0.044629938813796
1041,1666253156.740495205,-5.640086833458605,354.434259673910162,9.935407301234639,-0.828896957332959,0.555715289769335,0.045005631453166,0.045660091745947
1042,1666253156.839575529,-5.565293861128566,354.290511025036778,9.906235770401940,-0.831707466066696,0.551951953873751,0.040748342387650,0.044173567849145
1043,1666253156.939389706,-5.491889976167775,354.143337881330240,9.877220120785189,-0.841727177139607,0.537424288451794,0.030322191662079,0.041845646601279
1044,1666253157.038768768,-5.413789013074135,353.983448627472512,9.896955280169104,-0.841468181710891,0.538225444584666,0.023896817582402,0.040909804194578
1045,1666253157.138596058,-5.331512435243212,353.827511973366768,9.924768982643711,-0.850573203531846,0.522925278684082,0.030706235042710,0.046168230161552
1046,1666253157.239123821,-5.250712427118585,353.681865385391575,9.923770706369140,-0.855220272992070,0.515370549684917,0.032474934633031,0.044009769386078
1047,1666253157.339320898,-5.170897803792051,353.535655575583519,9.887086708739622,-0.853551112076984,0.518614951920505,0.027875276543665,0.041376317794724
1048,1666253157.440351486,-5.088820168299116,353.374676795266794,9.875658652858208,-0.843604577288385,0.535210707463454,0.020265409608097,0.038342260861497
1049,1666253157.540587425,-5.004568570417447,353.207109708744895,9.898485438286725,-0.834436777722083,0.548889940948162,0.029321489800785,0.039690640541225
1050,1666253157.640614033,-4.927525048286854,353.043000701820233,9.918845312915122,-0.821544694676381,0.566948919179935,0.043469342901846,0.041757082243326
1051,1666253157.739883184,-4.859434599696369,352.888624430284210,9.895375156767820,-0.820102597163700,0.568926409447987,0.042895775882958,0.043754121741560
1052,1666253157.838865042,-4.795292846537883,352.731634650408864,9.859813856890488,-0.833268221503314,0.549783792512685,0.035809297549587,0.046038535294671
1053,1666253157.939805746,-4.727945974193005,352.558656892622707,9.874468031205364,-0.833826688390923,0.549304395239973,0.031476283949885,0.044799315237858
1054,1666253158.039557695,-4.654337409368296,352.391460148130363,9.901552513356778,-0.837641314033492,0.542066838106946,0.039805685508725,0.054185601871376
1055,1666253158.139362097,-4.578800162409960,352.240919305449893,9.907242986233655,-0.843043515637092,0.533100088730205,0.044357383672676,0.055806349565391
1056,1666253158.239270449,-4.503544004517352,352.096867096618098,9.875386680131419,-0.843868923082965,0.532615941928563,0.040905684005950,0.050321208991353
1057,1666253158.339661121,-4.428976336391807,351.940711132965077,9.857928751554134,-0.839503806028733,0.540312715478846,0.029705070316680,0.049123700518476
1058,1666253158.439868927,-4.350256076301382,351.775478193507297,9.879383259200807,-0.834581356530983,0.547627958714848,0.024958759003254,0.054356586663719
1059,1666253158.539974213,-4.271913917648937,351.612934550100363,9.904502902808630,-0.824045250151332,0.562355007687036,0.039055634264792,0.056399720429429
1060,1666253158.639722109,-4.200539287585709,351.457984482888094,9.895750151249009,-0.814556567859224,0.575836672100383,0.044802834769300,0.053874212925967
1061,1666253158.738799572,-4.133965082436895,351.302565945398499,9.860426933376644,-0.824499558815357,0.561595260865736,0.040910277190132,0.056014192011080
1062,1666253158.838229418,-4.068908922497137,351.134239307890255,9.860905561739036,-0.833163834816419,0.549100339557402,0.035001114996131,0.055693477185145
1063,1666253158.938219070,-3.995819356536214,350.965831707354312,9.886962815938233,-0.834027103621152,0.546776644029863,0.041072036959014,0.061214211983742
1064,1666253159.039323568,-3.919850966513230,350.812839761305042,9.905115239813295,-0.841155424539048,0.535113547398793,0.044889902300169,0.063999529922454
1065,1666253159.139625549,-3.846079671496615,350.672388992287438,9.880842126449613,-0.845654082754417,0.528937023238149,0.040784860823195,0.058578092290417
1066,1666253159.239627123,-3.773705267066223,350.524430917222162,9.850431320375536,-0.840933888212816,0.537480675799795,0.034140615333504,0.052717522530178
1067,1666253159.340216637,-3.696836259744074,350.367119509654401,9.858500973294968,-0.835497052707846,0.546578244493056,0.022046504902718,0.052065815896475
1068,1666253159.440353394,-3.615722927691928,350.208994634939813,9.882878917380049,-0.821798074704884,0.566323414551385,0.036177382847014,0.051155757374392
1069,1666253159.540273666,-3.538515049200352,350.055210898369353,9.889231808730553,-0.809368575494930,0.583425907842153,0.046004640554640,0.049196464378104
1070,1666253159.639406681,-3.465030129395090,349.908345393108277,9.853631114750868,-0.819033180497796,0.570151533870609,0.045351283514664,0.045333638197587
1071,1666253159.738653421,-3.395486817620354,349.755760108947413,9.834391802552874,-0.827920851217451,0.558283558837375,0.036118147365891,0.039522290952097
1072,1666253159.838488340,-3.321973451772601,349.594152588334453,9.853789668954477,-0.831613463756283,0.552878956174446,0.034883812516525,0.039077184430857
1073,1666253159.939074993,-3.243973469128999,349.439356449848788,9.879248040198398,-0.843969992571469,0.532890776411695,0.040356820789852,0.045971720328830
1074,1666253160.038845062,-3.168574668846608,349.299678648798476,9.869040526592162,-0.847443529783131,0.527942399736384,0.037380545320103,0.041460598414248
1075,1666253160.139822483,-3.094705989407920,349.156292763095507,9.833437656978143,-0.843750104441571,0.534833625421553,0.029730701142758,0.033982933699670
1076,1666253160.240881205,-3.021087795073649,348.998605277621778,9.832808009014933,-0.835828977661547,0.547879399917519,0.015964780670495,0.031035608990574
1077,1666253160.340234280,-2.945981061695873,348.836966948956103,9.856378141660489,-0.826064636095431,0.562188163719718,0.022806864843202,0.032272782371499
1078,1666253160.439875364,-2.875603846873600,348.675103845292369,9.870117879200460,-0.811826618362174,0.581786317860128,0.031375371779400,0.038442269900419
1079,1666253160.538950682,-2.808276244952624,348.518415255396633,9.838740860920643,-0.818695321985297,0.571937103211917,0.028743031461996,0.042423553261451
1080,1666253160.638369322,-2.738588444823998,348.356976705295665,9.811648046023688,-0.830915037674120,0.554092188788244,0.025174660103299,0.043912219023328
1081,1666253160.738499880,-2.662925549450950,348.188546962671182,9.829006379691281,-0.827766915054399,0.559117851784657,0.024246956611305,0.040015587614355
1082,1666253160.838156462,-2.580276694371176,348.028170205133108,9.853991264124451,-0.836087840286092,0.545729789203501,0.035075596810676,0.043655732842507
1083,1666253160.939783573,-2.495595819879264,347.877605651947761,9.851666394065845,-0.839694012502154,0.540213458345038,0.039111505367691,0.039416683508369
1084,1666253161.040073872,-2.415234121527748,347.726869037828067,9.819173581521854,-0.835590520574303,0.547098445794937,0.037478643044880,0.032666861658937
1085,1666253161.140054226,-2.337551336333153,347.563127808276704,9.813503321433839,-0.829713106045949,0.556658846110426,0.027968982352026,0.030410963956872
1086,1666253161.240653276,-2.253414224188939,347.392888877738415,9.836809091013153,-0.825175952936375,0.562963884456867,0.031532532707688,0.034088280593476
1087,1666253161.340451241,-2.173800104701049,347.223577917504315,9.860064237544652,-0.811594579846768,0.581043267921451,0.047689818952609,0.037797353541965
1088,1666253161.439648628,-2.100398726247181,347.060543122236368,9.839814805192546,-0.810266675045449,0.582439116771590,0.049451625760329,0.042274428142596
1089,1666253161.538433313,-2.026984188222209,346.897325541546707,9.810277460190477,-0.824148438383263,0.562702915696147,0.045606732887129,0.045440137465086
1090,1666253161.638594866,-1.946128631487388,346.724673932552776,9.827576191706719,-0.824757971312906,0.562271952985850,0.042596615842077,0.042544893466798
1091,1666253161.738362312,-1.857940301754003,346.558677712009853,9.855327637946356,-0.829033528825779,0.554497414813971,0.055342330844830,0.046618145222222
1092,1666253161.838534832,-1.771050184696213,346.408777242297788,9.864603008674827,-0.835058262729968,0.545074881850581,0.060319045820180,0.043962298999553
1093,1666253161.939029694,-1.689137300901598,346.264383256605129,9.840531143880774,-0.837274308203352,0.542584443673632,0.056477355451686,0.037204336133814
1094,1666253162.040416479,-1.610765297676896,346.108067020076192,9.831987549490481,-0.832947202729689,0.550528523727119,0.045400224491326,0.032498025228655
1095,1666253162.139980316,-1.529620910083896,345.947565208651554,9.854028765781365,-0.831169161846597,0.553318808197126,0.042942121555943,0.033942526229094
1096,1666253162.240398645,-1.450803109846491,345.785702173464188,9.882088692813721,-0.818774563505792,0.570239830559444,0.057161888679976,0.034165308164487
1097,1666253162.339913845,-1.380336239282216,345.632673577001299,9.869997557915088,-0.818291727486075,0.570901699084372,0.056306158455993,0.036048789582460
1098,1666253162.439185619,-1.311070209400264,345.479290021897896,9.843171276169501,-0.835382353594089,0.546078503849962,0.050971233203402,0.036558505471536
1099,1666253162.538360834,-1.237914251142935,345.317637694555174,9.863060160972310,-0.837480586734907,0.543758478667515,0.044013086891414,0.031872117934550
1100,1666253162.638568878,-1.160201326732646,345.157511971082386,9.891905400982601,-0.842290388765849,0.535761657806820,0.049415766918898,0.032625588064897
1101,1666253162.738564491,-1.084099722866240,345.008530910336901,9.903859257004351,-0.854634158152965,0.515688043798944,0.049810756517179,0.034426526635396
1102,1666253162.839137554,-1.009942104867881,344.862073171007466,9.880557247128811,-0.857285968717922,0.512004908420821,0.045900632574113,0.028370292942739
1103,1666253162.940235138,-0.936181223483383,344.701666708807977,9.865847378762963,-0.851133066194336,0.522868308238485,0.038132296488604,0.026965975505408
1104,1666253163.040548801,-0.860614424301868,344.535108818467961,9.879478132092311,-0.844294847565080,0.534228903750357,0.032246582576720,0.026941541991370
1105,1666253163.140686274,-0.784532476392659,344.370449046139186,9.903793764967418,-0.831969793531140,0.552117620686499,0.045993966891218,0.029613351530026
1106,1666253163.239793777,-0.714561835370260,344.213187426729633,9.904187864747755,-0.826002086476337,0.560525801281254,0.049773637212014,0.032464815930985
1107,1666253163.339261293,-0.648973626582339,344.057798894809252,9.874739530324419,-0.837121691068919,0.544071134328126,0.044427865163502,0.035214200684303
1108,1666253163.438105822,-0.583611056046147,343.893427495488879,9.878028335665778,-0.845365613031736,0.531787207035380,0.036555669392407,0.034971842563131
1109,1666253163.537951231,-0.511688502603646,343.723093816751600,9.907642532243532,-0.846983453226416,0.528377503937115,0.043286178719514,0.039529103527678
1110,1666253163.638098001,-0.440531734645614,343.563971841012062,9.925668250951878,-0.852110781462071,0.519197126682027,0.047462273098653,0.045704402343040
1111,1666253163.738426685,-0.370746712481180,343.414280086612735,9.907941633935064,-0.858795402072045,0.508565773583601,0.044134903687584,0.043398405451314
1112,1666253163.839476109,-0.302392466512349,343.257960544897230,9.885314760918330,-0.852530403438799,0.519952680964894,0.037742281021434,0.037638291581797
1113,1666253163.939488649,-0.232168588426726,343.090893581217415,9.902280724918665,-0.847271965913694,0.528902297225031,0.029021184265978,0.039374441337352
1114,1666253164.039342642,-0.162055536034969,342.923432829768899,9.930222031992466,-0.835440344639989,0.546331563853486,0.041091505248097,0.043275178586184
1115,1666253164.138823032,-0.098024504307889,342.762057946392929,9.934651242507641,-0.828283367982077,0.556409452114925,0.048062733867462,0.045223417989148
1116,1666253164.238811255,-0.036588888161688,342.601333832864327,9.904346953154455,-0.836494230316233,0.543922674156632,0.045091842433822,0.048910662762572
1117,1666253164.338066339,0.026011066457717,342.431642003627701,9.899235618347129,-0.844957003684663,0.531052778879839,0.040098806635767,0.049220866252283
1118,1666253164.438146114,0.098090415611431,342.254407280280475,9.924759416555258,-0.846787455594681,0.526927705769923,0.050489035959999,0.052431433199580
1119,1666253164.538977861,0.171695472545629,342.089972974557213,9.942580311453305,-0.853796188214475,0.513689527129758,0.060252546702903,0.059369767756435
1120,1666253164.638776779,0.243730368150572,341.942930414878902,9.930886366997102,-0.859636797707691,0.503903108002854,0.062534670426791,0.056530069578447
1121,1666253164.739336252,0.313958052076729,341.796893021172934,9.906061998387594,-0.854927459444523,0.513609158846546,0.056932077354797,0.045424768626214
1122,1666253164.839597464,0.383499425531789,341.640494537095890,9.915619418415725,-0.852206538817202,0.519760340744098,0.045001944545121,0.039598338019945
1123,1666253164.939707518,0.451425058420210,341.479708307318788,9.945967296333130,-0.842522497183616,0.534700228720026,0.052315620644186,0.038917643593220
1124,1666253165.039244175,0.510487226678178,341.324871809582191,9.962055580250514,-0.838730331099118,0.540068314991819,0.055960265009998,0.041546306409499
1125,1666253165.138373613,0.561700865678584,341.177084969814985,9.939542545344016,-0.846562749849253,0.528336525807139,0.048841014876887,0.042503897839023
1126,1666253165.237517357,0.611064565150524,341.022083272690963,9.922345373463500,-0.859388652621755,0.508190886988512,0.037541136274222,0.042235402378038
1127,1666253165.338371515,0.668882594233683,340.852111244122057,9.947306550467353,-0.861769061274518,0.504219652169974,0.037743183528334,0.041134893858773
1128,1666253165.438855648,0.729535641066398,340.688965790235045,9.970030124707199,-0.862541582758028,0.501597705200891,0.043498026930403,0.050295942218414
1129,1666253165.538964272,0.792014139391012,340.539114004358566,9.964435127680439,-0.868420296840851,0.491132961818720,0.044072106995508,0.051886908127165
1130,1666253165.639582396,0.854728770488669,340.390269580395227,9.933312052892115,-0.865460833214177,0.497019122433331,0.039266580164231,0.049068052641517
1131,1666253165.739414930,0.919870375036290,340.225493425650825,9.930773098116118,-0.860124102961470,0.506599165275006,0.032267765005465,0.050026039109108
1132,1666253165.840139627,0.989931260551891,340.048530423841441,9.956785285571234,-0.851268736240959,0.519414959271857,0.040371125849178,0.062608393854227
1133,1666253165.939851046,1.054444353368708,339.881457466079269,9.970820055763919,-0.836421255553192,0.541219045607156,0.057025931220199,0.065034383977789
1134,1666253166.039112091,1.110048019595464,339.724093149890848,9.949778310683486,-0.829809785631257,0.551025409137667,0.060168825309796,0.064547893971171
1135,1666253166.138022661,1.160229321840584,339.563105374152201,9.929114853345045,-0.841590437694771,0.533376619790025,0.053210830571435,0.066359054785227
1136,1666253166.237285376,1.207252209353620,339.404661086901569,9.939264347968738,-0.846086367299735,0.528260450469678,0.038037876286750,0.060265043820646
1137,1666253166.337899923,1.260301813935478,339.253031300330576,9.966910536222667,-0.849150628886819,0.523734510532849,0.033427597194196,0.059396697583787
1138,1666253166.438268900,1.318453429940241,339.107490102266922,9.982797159582249,-0.855612805042754,0.513797682578298,0.031247802411141,0.054426501527431
1139,1666253166.538900375,1.378303610128896,338.961116933898552,9.954781783490322,-0.849923468465757,0.524323044052066,0.026603150076101,0.044807539913968
1140,1666253166.639456272,1.437572271989920,338.803662837372428,9.930854538435135,-0.836178350481106,0.546779408761401,0.017426098716099,0.039171104461923
1141,1666253166.739683390,1.501624786797890,338.642089610022367,9.943751132124637,-0.824740073645019,0.564103741499590,0.013309816296563,0.037598251825376
1142,1666253166.841281652,1.567001843808619,338.482443462511412,9.973427654936755,-0.810069819853286,0.584655535858643,0.022458094634818,0.038215511746940
1143,1666253166.941130877,1.630793759542140,338.334782562070359,9.965233231438326,-0.806435574712064,0.589812022433128,0.022142860694681,0.035960196779535
1144,1666253167.039883852,1.698910437650203,338.188560632264910,9.924773754420197,-0.817817040865241,0.574175957987588,0.018245697463768,0.034122594618777
1145,1666253167.139011383,1.770636004151555,338.033172537856899,9.924753621982537,-0.826542286499531,0.562090994291276,0.010323395409752,0.027838647093310
1146,1666253167.239554882,1.850237998064010,337.874785561954241,9.947765062110049,-0.833241586575946,0.551884525509442,0.012941125444489,0.031055694741025
1147,1666253167.339524031,1.935945148710927,337.725880403846645,9.961081758916098,-0.843878534787906,0.535062725588587,0.017578966846510,0.035607276426871
1148,1666253167.439733267,2.024355111316554,337.581107866840398,9.930908212791168,-0.849999512113697,0.525502465445910,0.019946280372492,0.030824245587668
1149,1666253167.540707827,2.112264914994558,337.426973781413324,9.902266317392728,-0.844866146602107,0.533810876581436,0.018710209146305,0.029951134248439
1150,1666253167.641048193,2.200038632668524,337.267797574898566,9.913324645807501,-0.841243719060971,0.539576143172315,0.014551147712463,0.030900727499638
1151,1666253167.741025448,2.286819418191332,337.108542750021968,9.933985121221578,-0.832666048474797,0.551847917241100,0.029224543886987,0.035735892162142
1152,1666253167.841005087,2.369296039889270,336.951409980287963,9.925698888634885,-0.828647199533682,0.557176218012716,0.038342528240020,0.037793270752821
1153,1666253167.940423012,2.450586668141649,336.797629570221488,9.886724296644507,-0.840227546598894,0.539372828489053,0.040324385803577,0.038321870174709
1154,1666253168.039822578,2.529534695780177,336.641154286451524,9.879039397758818,-0.844672151046892,0.533089057243174,0.035298748207439,0.033151359977963
1155,1666253168.139815807,2.612658352962180,336.483069513103374,9.903608820770023,-0.845043836315990,0.532207727042892,0.041013755112650,0.031204516848565
1156,1666253168.239425659,2.694976741202278,336.333492299224815,9.923034013869252,-0.851115018366606,0.521782601805152,0.047644679719843,0.032804366457104
1157,1666253168.339557409,2.774278039931397,336.187365646976332,9.901882089711894,-0.854245387198933,0.516700353500088,0.047574381146017,0.031972510079786
1158,1666253168.440395594,2.851357901462677,336.032728392695503,9.866799399488512,-0.846484678034097,0.529729445437674,0.042592120332377,0.032191858837260
1159,1666253168.540870667,2.929737718607447,335.872675130545190,9.872508738701065,-0.838570054777335,0.542610246821915,0.033205590778288,0.035661912675339
1160,1666253168.640663147,3.003419247638997,335.714585440841574,9.898479540121558,-0.827474572322279,0.558577436016050,0.040406834710513,0.040550805694510
1161,1666253168.740483999,3.068851875239460,335.562694021434652,9.904595413113553,-0.819833737074831,0.569416650326062,0.041560038595403,0.043704520101627
1162,1666253168.839211941,3.130059550138525,335.418270003009923,9.873246859959714,-0.824069351314963,0.563842639594497,0.032275895062594,0.044152560473368
1163,1666253168.938728333,3.193279773035758,335.265767438534226,9.858327158017499,-0.835860421820042,0.546961215092439,0.018651602837186,0.042695457967198
1164,1666253169.039785385,3.269404132551495,335.102506664599787,9.881217164259015,-0.834814428856149,0.548758370811921,0.019645469985680,0.039537012361462
1165,1666253169.139692545,3.352927241882186,334.950058978653999,9.902307324208858,-0.837704793379685,0.543867459578801,0.027108526342882,0.041520999018769
1166,1666253169.239578009,3.438755696693780,334.805760164310357,9.888022341666053,-0.845678212721441,0.531513605383793,0.030966612820412,0.036914993032927
1167,1666253169.339745760,3.519853343672910,334.654252121729826,9.855881838689328,-0.843777828701483,0.534784447890074,0.028808814136649,0.034851432033138
1168,1666253169.440604448,3.597672717608192,334.492121724875801,9.858230481512257,-0.834127231821930,0.549943246154602,0.020948326717067,0.036815142941175
1169,1666253169.540444374,3.673217984719769,334.330117893158786,9.880728974176986,-0.824024628320277,0.564329449542226,0.029077804329395,0.040867659541240
1170,1666253169.640204430,3.742801389206687,334.171985585956179,9.883531869715121,-0.815237527326091,0.576326772348308,0.035552368036109,0.044398813507203
1171,1666253169.739641905,3.809674156258194,334.016412239719898,9.847601135699977,-0.823232341460503,0.564774645369638,0.030872228076983,0.048631445121655
1172,1666253169.838679314,3.878028503400388,333.856298521466670,9.826323053402239,-0.832659736835877,0.551340809604582,0.024961238860039,0.045585204524530
1173,1666253169.939131737,3.958147272350217,333.686936590729488,9.848923999527981,-0.829630603557228,0.555751986575754,0.030978043636746,0.043510365096293
1174,1666253170.039009333,4.043073165264394,333.528516413108548,9.869984074259730,-0.835035433813423,0.546707194743388,0.042627494266826,0.044832624553715
1175,1666253170.139196634,4.128410860706103,333.379640668877244,9.854304209336151,-0.838154197855701,0.541830102180370,0.049413610138356,0.038418434652798
1176,1666253170.240179062,4.212632318195763,333.222920763983268,9.818153805092459,-0.836854630689810,0.544083708952265,0.049521045778348,0.034567481406491
1177,1666253170.341831923,4.300028555005701,333.048489682113200,9.822847742435155,-0.835062534951427,0.547014529012809,0.043789761234229,0.039091234061366
1178,1666253170.441640377,4.388210325655763,332.874439484362540,9.848397172184246,-0.826393902459609,0.558182187583614,0.059162696770469,0.044783241874566
1179,1666253170.541651964,4.471932866163126,332.710043280068419,9.857632526024354,-0.815040421435837,0.572732014945689,0.074084295809172,0.046889951976975
1180,1666253170.641336441,4.550108474184388,332.558241804069269,9.828952185667580,-0.816190353451470,0.571155568021483,0.075905749332207,0.043045804315135
1181,1666253170.740379572,4.624043546051080,332.407352973728962,9.812496930654000,-0.829478795666474,0.553219586466517,0.067124598563361,0.037514063459184
1182,1666253170.841058254,4.704713300428504,332.246908942089306,9.839864695759129,-0.832495136466591,0.549175346506238,0.065044447430535,0.033578362194752
1183,1666253170.940430641,4.787944222215004,332.098567603741628,9.868792857307174,-0.844481766559303,0.530048372797313,0.067331847899764,0.036955252701108
1184,1666253171.040449381,4.872039105030989,331.957829945322942,9.863948398087281,-0.855569492650610,0.512406044876453,0.064346713436535,0.036060905279333
1185,1666253171.140950203,4.958526240393833,331.810140604436015,9.834642418718635,-0.857646129881138,0.509779367496669,0.058813650381730,0.033302656100955
1186,1666253171.242258310,5.049382831932762,331.653611732949798,9.838030070136547,-0.846826602231497,0.528807857897864,0.048994459279003,0.029094641061354
1187,1666253171.342584372,5.138561159193054,331.500269140178887,9.868152948393137,-0.837651238538286,0.542684708211670,0.054429502613310,0.029515068926880
1188,1666253171.442123890,5.217648303110806,331.358449092053604,9.887140831162066,-0.832385572304212,0.550519093928107,0.056943133830132,0.028643773319337
1189,1666253171.541431427,5.288684757582409,331.223789840641246,9.865782875181159,-0.837398513797890,0.544074285393442,0.045170256114004,0.026580989923164
1190,1666253171.640478611,5.359154071650971,331.080168825264025,9.847941548872997,-0.854503702017900,0.517841152409276,0.030523540726685,0.027060627683826
1191,1666253171.741026163,5.437305708631538,330.922959920629751,9.873755209207426,-0.854961253706168,0.517647624050402,0.021096668106646,0.025241287030376
1192,1666253171.840571165,5.520636905573955,330.773953487918277,9.901877684399947,-0.863758429996148,0.502253135605839,0.022355436663695,0.034108603552005
1193,1666253171.940739155,5.605612979172991,330.634891181508920,9.901324067705204,-0.869703983649245,0.491786081875305,0.022475540622789,0.035444048471978
1194,1666253172.040804863,5.691329951403401,330.493356666897625,9.870620990893096,-0.869818577932338,0.491900488431849,0.022381439977629,0.030799709557111
1195,1666253172.141757250,5.782041116903792,330.339518679421872,9.863772420305533,-0.858862244312816,0.511084054095184,0.017452632568739,0.029054097129377
1196,1666253172.241828680,5.877788537055365,330.181672263013468,9.891311606263516,-0.849876627390399,0.525467421983966,0.023678130930179,0.032141138198554
1197,1666253172.341653109,5.968836353389205,330.026909120480980,9.913830444893851,-0.838015126502862,0.543059162649247,0.041817579060429,0.032690727991511
1198,1666253172.441317558,6.049449755050934,329.876583934794326,9.895778785029886,-0.830583618916844,0.553807912024676,0.048348809570502,0.033015771670256
1199,1666253172.540479422,6.124825543237557,329.722848452953144,9.863018573435388,-0.840653194551468,0.538231394801706,0.046014365912122,0.038624477600692
1200,1666253172.634490967,6.194269566554452,329.568022150765159,9.872262614615511,-0.842507675995858,0.535834993808165,0.040233068382690,0.037986517439434
1201,1666253172.734284878,6.269574921097945,329.402647739948804,9.895579426609416,-0.845851001808635,0.529536893995202,0.043124132788026,0.047613756505058
1202,1666253172.834430933,6.343976170189612,329.247543746011331,9.908406754694402,-0.856177974087327,0.511533869435945,0.043461147784978,0.058339572682890
1203,1666253172.935762167,6.416681378564861,329.100058097334795,9.883050121608406,-0.855915079982165,0.512355715454357,0.040549977751658,0.057067468883048
1204,1666253173.037066460,6.488839938508122,328.945728433831221,9.862125592327473,-0.847082300359529,0.527485250604612,0.031763567246557,0.056585887003501
1205,1666253173.137639999,6.564071462982133,328.784080882358467,9.878538672264463,-0.837993785919572,0.542083041159922,0.024794471625524,0.057424954713117
1206,1666253173.236990690,6.638091523618994,328.624194127300029,9.903977908159463,-0.820942509820249,0.566821608046831,0.038439882816797,0.057350114474740
1207,1666253173.338225842,6.704706642848137,328.464893598224535,9.902365085423476,-0.806672770191650,0.586523936211821,0.047054259690828,0.055268532881472
1208,1666253173.436758757,6.761423708907339,328.304953845081798,9.869890038001628,-0.816082611757009,0.573223626430971,0.041391301634449,0.060914735804985
1209,1666253173.535050869,6.812712498044887,328.131023883191972,9.863089540166108,-0.820095786130194,0.567323643662923,0.034428505589006,0.066343522030656
1210,1666253173.635492325,6.875879517342103,327.952049152241159,9.888186258829327,-0.819238224851383,0.567136742379046,0.041688292208870,0.073937356449543
1211,1666253173.735545397,6.942808439026669,327.795111776799843,9.907438419445235,-0.819703486409174,0.565515632015799,0.047771126231664,0.077435029624675
1212,1666253173.836316586,7.010171380168937,327.653762997720605,9.893348752720406,-0.822730457246951,0.562738089645981,0.042374761125313,0.068152892817455
1213,1666253173.936521053,7.075662446146175,327.506362064678399,9.872642816327550,-0.822275336843226,0.565278567889533,0.031885837224068,0.057503951939310
1214,1666253174.036571264,7.146390449792925,327.334052696872391,9.897871607091954,-0.820018526879167,0.568366922495492,0.030335084847864,0.060070288955508
1215,1666253174.136768579,7.220349816614992,327.161431713052934,9.928884117028597,-0.807849052798843,0.584090138647873,0.050157534480403,0.060850961875459
1216,1666253174.237248182,7.287183191044599,326.999818851968257,9.929654540685979,-0.787867930546075,0.609955515735777,0.067741986214602,0.051277832873951
1217,1666253174.336059809,7.343423996796530,326.841478724831575,9.901805610646369,-0.794360000060894,0.601398659920615,0.070761106322256,0.048007374235586
1218,1666253174.435529232,7.386135338500780,326.675261815302861,9.893932940753848,-0.807082682467768,0.585640778329725,0.056736527206848,0.049227928033719
1219,1666253174.535288334,7.435340502005045,326.508050356441174,9.919718532591681,-0.813010332921317,0.577656495014570,0.050581684315067,0.052618110404139
1220,1666253174.634776592,7.497137189714870,326.350257575039223,9.946856785736617,-0.820096541319911,0.566734988541021,0.056154438125301,0.055675800464477
1221,1666253174.734841585,7.563314051736413,326.201722196102423,9.934303672333593,-0.819509600508047,0.567787592902555,0.060582932397412,0.048486826285036
1222,1666253174.835977077,7.629493358294391,326.047835817602106,9.904161225190540,-0.812776107373489,0.577969375205000,0.059187419166948,0.042933087709790
1223,1666253174.935937405,7.697285840588173,325.885317696132915,9.915149249595462,-0.808800345428873,0.584595277629723,0.046676362822919,0.043722760214639
1224,1666253175.036450863,7.769532427902409,325.723801234986183,9.945195592597319,-0.801299735110309,0.594084229210615,0.051705311980592,0.048054384070219
1225,1666253175.136752844,7.840349529670436,325.571210965993089,9.955662192390317,-0.800757487566557,0.594222618039604,0.056198052962201,0.050286232305799
1226,1666253175.235057831,7.909248175244709,325.427480292685743,9.929126153967557,-0.808501487690071,0.584267540807608,0.051983976980801,0.047481062528461
1227,1666253175.335408926,7.983452632745391,325.274138919487200,9.906994969416198,-0.823732333225227,0.563718474621168,0.044495920405634,0.041311471014256
1228,1666253175.435551643,8.062926847241888,325.110146333921818,9.922806859526050,-0.827114899422311,0.559257646597847,0.042159435094306,0.036529575798080
1229,1666253175.534875631,8.147414106642692,324.951020702979406,9.946802099121756,-0.837982546963443,0.541661896899462,0.052676658194251,0.040159807188567
1230,1666253175.634967089,8.230392497604496,324.804561495153280,9.945724249843472,-0.843976182370876,0.532177321255986,0.055480678454047,0.037595167904446
1231,1666253175.735052824,8.308908604178868,324.661162665699976,9.913534705295367,-0.844359159900723,0.532471049907303,0.051408284039539,0.029822448498897
1232,1666253175.835378885,8.385752090095799,324.505660894932873,9.904747797443793,-0.840752282567041,0.539317532436047,0.038152960643603,0.028575341809526
1233,1666253175.936031103,8.465603887823560,324.342050078113800,9.925461552762499,-0.834256742320097,0.548773340795192,0.042968947339622,0.031893226404188
1234,1666253176.035730600,8.540628328916327,324.180807719543509,9.946085170128606,-0.825267658126871,0.560763692332585,0.054882264782687,0.038279378569124
1235,1666253176.135558844,8.608886474114284,324.028331715124068,9.926726045285646,-0.820669377517717,0.567368855928790,0.054144686970163,0.040776304389222
1236,1666253176.235234022,8.677410838917870,323.878967879605511,9.894629778831831,-0.833840903432858,0.548455046105625,0.045986386592582,0.042328033402341
1237,1666253176.334625006,8.750491470084151,323.723754970378025,9.907121614670290,-0.834575130380410,0.548448438140662,0.037578062747449,0.035728863006540
1238,1666253176.434887886,8.830909673806023,323.570415425825104,9.933803061413798,-0.839431913769406,0.540611350178482,0.039997834473038,0.038647166016400
1239,1666253176.534186125,8.913217979903109,323.429553317992486,9.941215540496056,-0.846168187687871,0.529953784815212,0.041814870007072,0.037415247578314
1240,1666253176.635483027,8.997540850639245,323.285285778994080,9.910580718903118,-0.848339583406819,0.526937910671615,0.039134643260997,0.033539070037975
1241,1666253176.735951900,9.081773796292371,323.132102209919879,9.892691835111895,-0.839341327065624,0.541644916673850,0.031787259971312,0.033413934587407
1242,1666253176.837251663,9.170227494161290,322.976055822989395,9.914054246596153,-0.828767311530013,0.557543442316046,0.032631494794914,0.035003411507123
1243,1666253176.936848879,9.251908218224658,322.827632884070113,9.937046961405439,-0.820270191371973,0.569073258337437,0.044352640191905,0.036678101093263
1244,1666253177.036320925,9.326207007967929,322.686237198974652,9.920153316658775,-0.820187416726260,0.569154984859391,0.042812956675813,0.039016091478844
1245,1666253177.139134884,9.403116556460862,322.540074901618027,9.885005166406584,-0.836174388633757,0.545914938800456,0.034770674400251,0.039752629965938
1246,1666253177.239118338,9.480550592380444,322.388791381355361,9.891558051699002,-0.841838917156024,0.538144569606472,0.025273009446754,0.032694567716083
1247,1666253177.338589430,9.566927334137592,322.235215586636230,9.917662412824436,-0.846622783689188,0.530228082347374,0.029056977249131,0.035266625891080
1248,1666253177.438429356,9.657202664331072,322.088914046005812,9.930152052986573,-0.853111764531673,0.519234456317747,0.037037763688324,0.034987149798723
1249,1666253177.538673162,9.747251325246499,321.948288504126822,9.903921489723205,-0.856628513925938,0.513720494634162,0.039225762527260,0.027206287435547
1250,1666253177.639561176,9.836736492655646,321.803115381171835,9.878479293992791,-0.850890034690906,0.523897430321799,0.033203270637605,0.020375823538962
1251,1666253177.739696264,9.928087903349400,321.648941885841339,9.897565248472281,-0.846402629051385,0.531444060938861,0.028062714434991,0.019552076264571
1252,1666253177.839684725,10.015457832831901,321.495848115439230,9.924154167870014,-0.840087950449990,0.540502640541862,0.038795250554832,0.024577624181316
1253,1666253177.939550877,10.093087511778192,321.348759691110558,9.918414587258074,-0.837139539185746,0.544632819516080,0.042305161030313,0.027977798127084
1254,1666253178.039982319,10.167503995433522,321.201834467851938,9.879614886969545,-0.848412437474175,0.527060225658452,0.035564541161711,0.033749338955705
1255,1666253178.139339209,10.243146292600489,321.047167967703444,9.871416666084940,-0.859317488599394,0.509500821360506,0.026931615608368,0.035454970045437
1256,1666253178.239954233,10.328066091038680,320.885867772576205,9.893039531523298,-0.857452884522467,0.512318831057722,0.031394104980074,0.036309452491747
1257,1666253178.339424849,10.415915838209886,320.734689647655557,9.908761493171482,-0.863583131742375,0.500884244086217,0.040275555534233,0.041437039259824
1258,1666253178.439654112,10.503009654182241,320.590480997316774,9.885311993154188,-0.865345086836733,0.497991279244764,0.042890848131674,0.036646168015711
1259,1666253178.540290117,10.589540680429641,320.443165994724609,9.854980274914293,-0.857695557102168,0.511721472441585,0.039091424171656,0.031166111814753
1260,1666253178.639974117,10.677431002477260,320.290351628130850,9.867667709526874,-0.855154967979778,0.516594334417274,0.029811096465008,0.030847575513039
1261,1666253178.740053654,10.763219919898646,320.135069372051021,9.893779395290682,-0.845084866731834,0.532203052628883,0.038732141024615,0.033034830784901
1262,1666253178.840444326,10.841684651828656,319.983783603511995,9.894284810491387,-0.836732529517870,0.544453668112737,0.046591435195070,0.035750741134642
1263,1666253178.939979553,10.915473136664916,319.838093782248109,9.858176351622948,-0.842795952232007,0.535254069709779,0.041713796371058,0.038184066739653
1264,1666253179.039374113,10.989506074626624,319.685775198753788,9.840835440699895,-0.853474915695241,0.518788701780543,0.032962942223887,0.036773572355760
1265,1666253179.139387369,11.069940102599006,319.520855367966988,9.861388138481082,-0.851788084390938,0.521826678066543,0.033709733936365,0.031900332060857
1266,1666253179.239458799,11.153427944929948,319.357029011130464,9.882472964640058,-0.857298661451701,0.511211043587310,0.043588057718592,0.042454154235085
1267,1666253179.339449644,11.235392702375560,319.204502994820359,9.869238247357544,-0.860712597179229,0.504961334368543,0.047435253849405,0.044020137914019
1268,1666253179.439907312,11.316772940827512,319.053173403068058,9.832913429004023,-0.855324994963933,0.514568632543701,0.046397558109380,0.038542729451091
1269,1666253179.540674448,11.399770354960660,318.890811285038126,9.832705700948772,-0.850154465205002,0.523866710946185,0.036568902697339,0.038259244764308
1270,1666253179.640581846,11.482891524127668,318.728209739871829,9.857310378476370,-0.841792206905304,0.536297478063550,0.044781827691366,0.042017654917848
1271,1666253179.741440535,11.558353096898058,318.569001550566725,9.873667583950171,-0.832833993547071,0.549069098335602,0.053669134118509,0.045058722666503
1272,1666253179.841414928,11.625764787314520,318.418406016738800,9.843204998907341,-0.833444921082517,0.548347025357533,0.048380653150494,0.048419166701146
1273,1666253179.940384388,11.695246868036783,318.264907393210024,9.815626017766284,-0.847674158297168,0.526712753503546,0.039158743578976,0.049887768573232
1274,1666253180.040646553,11.775837326157966,318.102553707715572,9.837730060485882,-0.842897372835573,0.535026748018539,0.037463180759631,0.043207729157729
1275,1666253180.140290976,11.862033324114288,317.951682174692053,9.862322480291725,-0.847899778753789,0.526580232226966,0.045420644642378,0.041426914649068
1276,1666253180.239692450,11.947269754455442,317.811495215188870,9.857432958286710,-0.853662950201399,0.517378328781989,0.048041204729484,0.035654943673207
1277,1666253180.340139389,12.029750373946460,317.666048173112756,9.823741998373057,-0.856286078161844,0.513578322860444,0.044808843738468,0.031680059294185
1278,1666253180.439705372,12.110950875151165,317.507380219352115,9.815928507395510,-0.853270853996280,0.519205867654338,0.034216518831696,0.034399804546048
1279,1666253180.540386915,12.195951826278986,317.338699809612422,9.840014682354761,-0.843843057605819,0.533055140596734,0.042763041087791,0.044186350050466
1280,1666253180.640658140,12.276186824760483,317.174794283538802,9.853043655067991,-0.835755838358142,0.543686427455616,0.057301873459476,0.051320001450328
1281,1666253180.741498709,12.349979361681655,317.016466983721443,9.825746367459743,-0.837025686951060,0.540885854725697,0.057834755576669,0.059039246176970
1282,1666253180.840828180,12.424137668886397,316.859191733044554,9.798364616042518,-0.850865325713032,0.518895844831514,0.050979185094202,0.064625245863961
1283,1666253180.940452576,12.504684830338528,316.700327457505466,9.814656094185427,-0.850716090104922,0.520528317882490,0.044755005340395,0.057700899611709
1284,1666253181.040909767,12.594814077620997,316.549584681399267,9.840612534909296,-0.855119942696712,0.512899273084112,0.051663652633499,0.055091617045846
1285,1666253181.141373396,12.684258856957543,316.409897386883415,9.851469960742211,-0.856013646500211,0.511895224078875,0.055586871340958,0.045978433043916
1286,1666253181.241556883,12.767727403140539,316.271256172669098,9.825953055587062,-0.855823233372369,0.513604777119923,0.050866836884638,0.034486099301170
1287,1666253181.341637135,12.846874908976245,316.120720234570058,9.815827972933359,-0.849805427809813,0.524847724821271,0.036374123705946,0.032288136204191
1288,1666253181.441582203,12.931198970167710,315.963976856520048,9.837336838673258,-0.845856144400024,0.531410978587569,0.031890134967404,0.033358268976205
1289,1666253181.541141987,13.011581801324178,315.808964827180773,9.865480261171175,-0.833375528560955,0.549839332797410,0.043748002605693,0.035327733760611
1290,1666253181.640426874,13.083662619772682,315.660833788486059,9.854046103855440,-0.831907543720524,0.552028926874354,0.042683216452173,0.037041134271660
1291,1666253181.739137888,13.155147297233274,315.512590684860015,9.822145255350421,-0.845550310886469,0.531190413177991,0.034901105024263,0.040783937716663
1292,1666253181.839224100,13.232819865526464,315.353140936747707,9.837294179441640,-0.852805965502271,0.520203739211105,0.027532871436923,0.036769496936488
1293,1666253181.939182520,13.313811247724351,315.194097854253357,9.861044499700693,-0.854185600806610,0.517812083448075,0.029447864603922,0.037019304154510
1294,1666253182.038656712,13.395316265276051,315.041928410969263,9.873445076309999,-0.866701755922549,0.495947348280274,0.033038490231381,0.042104063672837
1295,1666253182.139246464,13.474349324665067,314.890394845890455,9.849632160245006,-0.868482990020386,0.492941694306224,0.032118635434306,0.041402600372410
1296,1666253182.240058899,13.549472932107918,314.728550801928918,9.830613832412951,-0.859124353478146,0.509276470359209,0.026780931337024,0.042727084103011
1297,1666253182.340478182,13.625995088802581,314.563491430580086,9.848761550019319,-0.849617840246580,0.524938087122691,0.021213100415273,0.046255103431713
1298,1666253182.440770149,13.700646085034325,314.401474873760549,9.873524129255106,-0.836183789343813,0.545245772086056,0.032806181811753,0.049269391064203
1299,1666253182.540396214,13.769588791037579,314.243883966395970,9.865994552671633,-0.829502384975783,0.554659719009247,0.036040723725456,0.054584390272461
1300,1666253182.640286684,13.839980581209014,314.085940051966475,9.833160242265899,-0.837354199585475,0.542503826493357,0.033063815025387,0.058603129716783
1301,1666253182.739321232,13.915451808538691,313.924988237347577,9.836222262117744,-0.841863038913047,0.536313495305243,0.028554219035769,0.053095339162863
1302,1666253182.839293003,14.001109932689635,313.762334861201907,9.864560937669552,-0.841078600694004,0.537299581238992,0.038671555120007,0.048994471929191
1303,1666253182.939691067,14.087419968840326,313.609882601949380,9.882064351976187,-0.846064992553366,0.528661474049170,0.047343197117763,0.049494402900738
1304,1666253183.039567709,14.171475831785290,313.465436159086948,9.864102467343804,-0.847960672457412,0.525904813207709,0.051641386043255,0.041472794191728
1305,1666253183.139845133,14.250635086956979,313.312583724520721,9.842435254679856,-0.841359056470979,0.537085621909033,0.048558005127154,0.036001291239667
1306,1666253183.240192652,14.327467864283715,313.147874946131708,9.856210517754329,-0.837994250661780,0.542896278077069,0.039184125831877,0.038650632474247
1307,1666253183.340386868,14.403189271043338,312.984090482482600,9.879095702948575,-0.830308442626779,0.553229511745044,0.049813495054409,0.045206339682583
1308,1666253183.440863371,14.473888724008342,312.826972054724479,9.883524212743291,-0.822762871058214,0.563321656636466,0.057700042960188,0.048996675548301
1309,1666253183.540917873,14.541068047997710,312.677725680706999,9.853386436258880,-0.827384149278015,0.556837404068628,0.054159035618389,0.049339373876175
1310,1666253183.640143871,14.609950845607738,312.523660600543622,9.844235819912381,-0.839500258369726,0.539400115639442,0.046713017817627,0.045877286446452
1311,1666253183.740290880,14.687723244556841,312.362395539660270,9.872417557234705,-0.838789874129124,0.540724189433969,0.049141379947971,0.040423047834558
1312,1666253183.839527369,14.768548300574746,312.212964987333237,9.895542683987763,-0.845138773243622,0.530076102449493,0.055086902822419,0.041535679958957
1313,1666253183.932639837,14.844330024990722,312.079138584323175,9.889888270393287,-0.852748996087557,0.517916822384614,0.054463464598712,0.040187632259096
1314,1666253184.032787800,14.922790699922572,311.932164233771118,9.859546088014358,-0.853429011449083,0.517554345919236,0.048358411246020,0.038182266812153
1315,1666253184.133375406,15.002400283785095,311.770643245255428,9.859093138364154,-0.852356646700899,0.520016346611103,0.035804782921483,0.042298505907254
1316,1666253184.233856916,15.085125349227225,311.603189066112463,9.885713487298119,-0.843108644155136,0.533654137087451,0.041814340264437,0.051309229857661
1317,1666253184.333853245,15.164696657727008,311.443006406005679,9.900078407458707,-0.834648581448901,0.545166683137898,0.053512333516326,0.057371275420690
1318,1666253184.433848619,15.239845735364286,311.290884185968309,9.877797260234439,-0.831523472824185,0.549517602744301,0.055612343798530,0.059214741693233
1319,1666253184.533191204,15.315345412271359,311.137731528929521,9.851421180055798,-0.841217652646056,0.534937848673385,0.051713519890886,0.059330184508774
1320,1666253184.633303881,15.397921826296383,310.974767352189758,9.870373232387184,-0.837302268345106,0.541601894965900,0.050641262720230,0.055025097033884
1321,1666253184.733443975,15.487541591859840,310.819486774197912,9.901860628384474,-0.837739240231505,0.539680388754640,0.063621829160861,0.053761568282625
1322,1666253184.833441496,15.574241778121019,310.680315769503352,9.912764073599650,-0.839356988408527,0.537160775426057,0.069123476602941,0.046476793518583
1323,1666253184.933623075,15.654761311075923,310.545575123383401,9.890807909145630,-0.840376086632837,0.536593858764602,0.065690783042650,0.038984417079606
1324,1666253185.033951283,15.728718273659572,310.400736707369390,9.882377029198748,-0.839506010368252,0.539452528109183,0.050565022092116,0.040789790548803
1325,1666253185.136541605,15.804214497664509,310.248347217807236,9.904962948019291,-0.834770974443916,0.547421377837450,0.038458519361048,0.044812917792286
1326,1666253185.238678694,15.878440778460522,310.100650490317435,9.932934405627181,-0.827238899041572,0.558143395185074,0.044809362156235,0.046302001975263
1327,1666253185.339559078,15.945842947324500,309.960522790872631,9.932136253338149,-0.818088681556182,0.571612898471609,0.044504938385224,0.044820908847125
1328,1666253185.440237284,16.013190862998758,309.820964876991695,9.899430985047692,-0.826512472017358,0.559997390571560,0.037460073640680,0.043322038682804
1329,1666253185.541167736,16.084781326622767,309.667877471027452,9.902439479432827,-0.832976703010691,0.551121399173170,0.030022162695201,0.038906109570992
1330,1666253185.640869856,16.161777672128437,309.508338033707730,9.930518579150650,-0.833593567931107,0.549748216890325,0.037551706493363,0.038581483502210
1331,1666253185.741040230,16.238888487390330,309.357137154167788,9.945185855527377,-0.838544525770216,0.541304620323479,0.045258715146475,0.042237838729602
1332,1666253185.841496229,16.315020000057235,309.212272788797861,9.921773116420509,-0.843251803454935,0.533980331307348,0.043182535735927,0.043893853263414
1333,1666253185.942676067,16.390592005187138,309.060100831410352,9.896214015947008,-0.838348099479569,0.541977446079294,0.037081762853431,0.045363585661219
1334,1666253186.042212248,16.467705664133501,308.901887960440035,9.917370093925735,-0.835482969151039,0.546649666712027,0.027083233996757,0.049080022193061
1335,1666253186.143083811,16.542743882039673,308.744223874499937,9.947460331772547,-0.826808796616841,0.558993182512027,0.033106265299614,0.053083056995605
1336,1666253186.243529320,16.609173968603542,308.593017088868919,9.951392560829419,-0.816030731668247,0.574119359724075,0.036520944330729,0.056098363507281
1337,1666253186.343020201,16.675249096071610,308.446252406524309,9.920738844259510,-0.819001369728927,0.570093660021590,0.032364344904645,0.056413866772474
1338,1666253186.440378666,16.743826423327597,308.295748212524813,9.907911560387934,-0.826810939482752,0.559505375898080,0.024887172947990,0.052134761104802
1339,1666253186.541271925,16.821923843408463,308.133866562934145,9.930488320185811,-0.828863209559643,0.556592506584264,0.023133282974176,0.051530696400985
1340,1666253186.640165567,16.905272297856026,307.984745759054533,9.951234906860547,-0.837262102431539,0.543346864415942,0.031234320803996,0.052827776455153
1341,1666253186.740260839,16.990211331460472,307.843928610748719,9.944225797841741,-0.838781815383722,0.541354102976208,0.036391026871843,0.045348589124975
1342,1666253186.840564489,17.073420686439157,307.700885945003563,9.911971622944726,-0.840060590366900,0.540061290308090,0.035273360744207,0.037253150806141
1343,1666253186.941043139,17.155590620002318,307.545694549398377,9.907703141392165,-0.835653405995160,0.547523459608516,0.026990525888826,0.034248470611905
1344,1666253187.041131020,17.238026155146137,307.384955318052619,9.930944853741277,-0.831268107678633,0.553641022946319,0.031277735615387,0.038686614249787
1345,1666253187.141557932,17.314767449544796,307.228151452125701,9.950124656434310,-0.827166684106136,0.558753376203818,0.041798665208536,0.042927996371585
1346,1666253187.241801023,17.384935182790144,307.080882221135482,9.926490237480495,-0.829533610032478,0.555281333696466,0.038250339901588,0.045536158952769
1347,1666253187.340646029,17.454746857697106,306.933583668328993,9.892484685416839,-0.842660792895717,0.535561431506555,0.029788584548941,0.047004057586345
1348,1666253187.441103458,17.532550243990247,306.773109267914720,9.904656724947751,-0.847648599522448,0.528311125360482,0.022197843713246,0.043433423563624
1349,1666253187.540458679,17.618623076983994,306.616988217434198,9.927724485289836,-0.855303015337932,0.515073170546970,0.031170787165015,0.046741448031120
1350,1666253187.640401840,17.707150608790020,306.472322199223356,9.933180183029348,-0.860625933792310,0.505764690717560,0.038313159249131,0.045356163151615
1351,1666253187.740677595,17.792414030277317,306.331901359926803,9.902616974448872,-0.860144109961564,0.507109988332530,0.039597761711302,0.037730453207779
1352,1666253187.841539145,17.872068458507435,306.181037329695926,9.883428837091872,-0.851549772752295,0.522331503435207,0.031259599027413,0.032490344923943
1353,1666253187.941482544,17.950312398203433,306.022910182872408,9.899825320905700,-0.847121437446039,0.529523478594523,0.026306641952031,0.036029382810702
1354,1666253188.041861057,18.027170719353443,305.864679069410045,9.923014307842257,-0.837473208707358,0.543692243360080,0.036658167145189,0.041152739751324
1355,1666253188.141906023,18.099775179197774,305.714368596382485,9.911473258114887,-0.833672472131762,0.549066559083809,0.038060825140864,0.045469731637424
1356,1666253188.232773542,18.165708006419351,305.580372299587282,9.876805290688711,-0.845797160419851,0.530717672938700,0.030589890008159,0.045057448724232
1357,1666253188.335635185,18.242031465095220,305.422785480118989,9.875278755066359,-0.852229875223785,0.521267921332994,0.019107835190070,0.040235365036007
1358,1666253188.437038422,18.323250273005584,305.263901146873252,9.902574208774983,-0.850640111621648,0.523890093725761,0.022769854436262,0.037843148987308
1359,1666253188.537959337,18.403608348630463,305.111570096207174,9.920911775268987,-0.855866258038303,0.514774371081414,0.028709290879452,0.040939856453663
1360,1666253188.638501883,18.482435806765416,304.965205033547647,9.899740692351894,-0.857968188394439,0.511451560503241,0.029816797940535,0.037667592470675
1361,1666253188.739591599,18.561426711524213,304.811885161634734,9.867865245223806,-0.854115959556064,0.518170763986325,0.026381555509863,0.035902653249204
1362,1666253188.840420485,18.644162836489457,304.648944740847753,9.876900327456394,-0.848001104011798,0.528262250962275,0.018081030625172,0.038809768545742
1363,1666253188.940146446,18.729869188323317,304.487765306122583,9.900121090657640,-0.835372492155411,0.547436480655829,0.030791056533064,0.038961645689003
1364,1666253189.040705442,18.811242944827583,304.329447494831868,9.904302884201105,-0.823992001618244,0.563785188651580,0.041812944652186,0.037882977519935
1365,1666253189.133082628,18.881162252473285,304.188049933645232,9.871868313121025,-0.826777022602539,0.559772534163723,0.039667192269201,0.038999727561655
1366,1666253189.231132746,18.955481292316435,304.031880739824828,9.850233874106651,-0.843612336186191,0.534383126785007,0.032048400930106,0.041542749545240
1367,1666253189.331738710,19.039779740580158,303.866143028947079,9.873962869580474,-0.846434433248384,0.529569726957999,0.034665928136005,0.043622562139177
1368,1666253189.432382345,19.128640547843037,303.718185110513161,9.899159162235547,-0.850559430736184,0.522254685472793,0.042162444221998,0.044955829262509
1369,1666253189.533175707,19.215616137988853,303.585319307580505,9.888297558263988,-0.852538135617942,0.519776128944875,0.043027359429248,0.034060966467639
1370,1666253189.633596420,19.298986393724729,303.448499217576511,9.854188163739195,-0.851015668682481,0.523153069742874,0.034754013105817,0.029586413242526
1371,1666253189.734330416,19.383964820712421,303.294430128595423,9.856561394380012,-0.847142323351829,0.529952129487549,0.022651117770853,0.031425328978529
1372,1666253189.834885836,19.473138007149302,303.134870431056072,9.882088010217231,-0.837818995806882,0.543778499977859,0.029451093206725,0.038689873816111
1373,1666253189.933979988,19.560396380312291,302.984233443520623,9.892326198812521,-0.831787697783316,0.551960550479191,0.039400139824907,0.043776769099801
1374,1666253190.033241749,19.645911246840420,302.840144733666364,9.863687504632207,-0.835258765796936,0.546570655952432,0.040915075672046,0.043923442418127
1375,1666253190.132358789,19.730490399176929,302.692978073541781,9.834321980984921,-0.847797111193066,0.527266118800200,0.037461844783884,0.042744688599319
1376,1666253190.232356548,19.812496493087721,302.537580872342460,9.843068800305579,-0.853803686532945,0.518465753051597,0.026717936361337,0.038712784089796
1377,1666253190.332081795,19.899246037385556,302.381803571359853,9.866010487351703,-0.860773058623380,0.505856042793548,0.034442275578295,0.044644542448003
1378,1666253190.437653542,19.993565396168940,302.228150284782771,9.872154163094605,-0.868112298026089,0.492320959860782,0.040112973395770,0.048908689033456
1379,1666253190.538393497,20.081341734745425,302.084315251408270,9.836731543434311,-0.865859520648390,0.496541110055433,0.042340698937452,0.044062248478106
1380,1666253190.639106512,20.168596868404020,301.928386813143277,9.816045508234808,-0.861556300093647,0.504486307647088,0.037655009779136,0.042384046575184
1381,1666253190.739914894,20.260297824400823,301.763406214399254,9.831736292371057,-0.848139434481292,0.526511919960733,0.040141245385197,0.042817966275181
1382,1666253190.839629650,20.348158956823898,301.600630295291523,9.856338216678443,-0.836330587082225,0.543439668971497,0.056795929796335,0.044706796546179
1383,1666253190.938940525,20.427294423639022,301.446966331152566,9.846558686087036,-0.830518140447715,0.552189386141329,0.057210138350733,0.045315563441509
1384,1666253191.042223692,20.505114034581027,301.290391987301064,9.811187581637871,-0.844946158344582,0.530769016060877,0.047255581948787,0.046012509855287
1385,1666253191.131341219,20.573831793522931,301.148542661362114,9.812735730691964,-0.856095839082987,0.514089950873185,0.031902342983392,0.042351826739498
1386,1666253191.231862783,20.663032778255264,300.985133726590618,9.840182302683905,-0.858378700204535,0.509591821710284,0.038600908236273,0.044857019121895
1387,1666253191.332327127,20.756195733188719,300.833078108070652,9.860309526719668,-0.864129121702168,0.498763747732738,0.046947331341433,0.048078405274624
1388,1666253191.433702707,20.849683068583637,300.689732660429343,9.834631363646130,-0.861506443715677,0.503508204156946,0.051485624776431,0.040439661526695
1389,1666253191.534214973,20.943004262289353,300.544546657107730,9.809308464628748,-0.852862515569650,0.518526976218426,0.050566932405804,0.034616322985714
1390,1666253191.634235144,21.036405111619871,300.397678572722668,9.829143919717126,-0.846551396272516,0.529931887963674,0.042463917094052,0.026828032602872
1391,1666253191.734321117,21.126445463158056,300.253351294710342,9.856175246707087,-0.834819355777303,0.547919763106478,0.049270355074742,0.020808856953685
1392,1666253191.833588839,21.208591146919392,300.111161566381440,9.858534906309062,-0.826119535135617,0.561048097315042,0.050178141938481,0.015287257376169
1393,1666253191.932823896,21.287507367545828,299.968982834588132,9.827655604610221,-0.836463144300468,0.546242698504836,0.041816417757866,0.014131870471733
1394,1666253192.032143831,21.367526126733694,299.820774531461382,9.822080306859339,-0.849298614527661,0.526954497905592,0.029778100601631,0.011139354694951
1395,1666253192.132404089,21.454884599571116,299.658440267156436,9.851808977037964,-0.852050742276040,0.522171629465124,0.033251437831479,0.015513344279253
1396,1666253192.232611418,21.544001724886282,299.495848246851210,9.875177411725005,-0.861249018610949,0.505497299004979,0.042428710390901,0.030371255734869
1397,1666253192.333734751,21.633059313315719,299.337645071982195,9.858952612436488,-0.869030137302819,0.490770000626270,0.045372756429358,0.043275165149733
1398,1666253192.434456110,21.722734677573865,299.182881454963876,9.830980282427024,-0.871706888054815,0.485108054124636,0.043592230383771,0.053823736319276
1399,1666253192.535963297,21.809487200749452,299.024020165410320,9.842306159031134,-0.866459498782281,0.494781640738428,0.034857001261745,0.056780757490426
1400,1666253192.636376858,21.889397708875634,298.866018297206494,9.866599489583606,-0.860936408927587,0.502738877992506,0.037161098922223,0.068272784215961
1401,1666253192.736766577,21.962593298709407,298.711315312906493,9.878336227392104,-0.857084792584925,0.508124876232037,0.036032921237105,0.076918119197978
1402,1666253192.838789940,22.035843388269399,298.557867862627177,9.853306673101009,-0.854722233493109,0.511944160802522,0.028900499586644,0.080795055024402
1403,1666253192.936968565,22.109242586040921,298.406421412197346,9.832444547277678,-0.862709207260245,0.499126069496449,0.022369783049404,0.078138231767478
1404,1666253193.037395000,22.191969470826781,298.239299623584941,9.857967463465064,-0.856159872662537,0.510711657529238,0.031717226038970,0.071818471708879
1405,1666253193.137587547,22.274079225977264,298.074978033919706,9.884620984097387,-0.847452484693405,0.523640090953146,0.042941410818780,0.076035363946308
1406,1666253193.236833334,22.355340181864925,297.923396622732128,9.881718611188091,-0.855170285399424,0.510188302548660,0.048030307079278,0.078004926217874
1407,1666253193.338389635,22.437542880757022,297.776898650544808,9.848347312174351,-0.851702128799194,0.516926099600540,0.044420801415004,0.073604916631585
1408,1666253193.437449694,22.521132922073754,297.627978405509054,9.844798017694098,-0.849936478638245,0.521529945321910,0.034306183397200,0.066615194912752
1409,1666253193.537862539,22.606673559758594,297.466446066752724,9.869376552837506,-0.844013400134514,0.530424176460780,0.042379238790960,0.067049038313606
1410,1666253193.638523340,22.683840393601571,297.303651448901576,9.891686483302365,-0.831689841127169,0.547841289556624,0.057528229064314,0.069659403410623
1411,1666253193.738758326,22.753867149140842,297.150697065707959,9.873690488004687,-0.833675813493280,0.544235936397595,0.057217761852218,0.074283317497086
1412,1666253193.839166403,22.826334975687388,296.999700973340282,9.846280254219920,-0.844320462215608,0.528360517560677,0.051686394794177,0.072709264610615
1413,1666253193.939824820,22.906868503794417,296.841775861917540,9.865113613212531,-0.845427512436598,0.528355694857224,0.045800516391015,0.063205170876457
1414,1666253194.034074545,22.992274052500527,296.701886563428104,9.892519675072798,-0.847316887660609,0.525250731061773,0.053625186245652,0.057359400313557
1415,1666253194.134131908,23.083603527324989,296.567913492142509,9.904922438391013,-0.853081903151729,0.516088045109093,0.058514251558986,0.049804403168712
1416,1666253194.234738827,23.172500889756389,296.439179179849816,9.881482622070484,-0.855205544098341,0.514027663917628,0.054524456999333,0.037764026000597
1417,1666253194.334306002,23.260356944935015,296.304020174055779,9.868223287504847,-0.850524520844204,0.523303782889145,0.045068368994180,0.027019111252080
1418,1666253194.439649582,23.358803208142159,296.146966280082665,9.902557670667919,-0.846230057564717,0.530403040691507,0.043072642101786,0.026684295036411
1419,1666253194.539548159,23.449264043936715,295.999148618671541,9.929765259057362,-0.841890624399876,0.536110573526987,0.052165887231564,0.032929465672788
1420,1666253194.639683485,23.534528441754830,295.856889706008985,9.921395879924098,-0.841043073866134,0.537020029910012,0.054058134417146,0.036520589817149
1421,1666253194.738807678,23.620400933697521,295.719181604515256,9.893338849653519,-0.851911593597637,0.519964458453670,0.049556837535375,0.037785162331387
1422,1666253194.838733435,23.713379352221207,295.573126483914280,9.902865750457121,-0.858342984621051,0.510445191112309,0.040525991513226,0.032414065373134
1423,1666253194.939261913,23.816468039651479,295.423707219058372,9.934703163381558,-0.857888303218199,0.510786320659442,0.047828346793950,0.028938608666415
1424,1666253195.039470911,23.917685969950444,295.286278347814914,9.953288393170286,-0.863884010099009,0.500038075840041,0.053147596043640,0.029011598374207
1425,1666253195.139385700,24.013944236688189,295.156785826113889,9.935850951846719,-0.870991210938842,0.488112135076451,0.049556019021213,0.025788661019290
1426,1666253195.240752935,24.108376318574312,295.020063876828885,9.914895664196047,-0.869743026107561,0.491438684831103,0.037460836643705,0.025135101087757
1427,1666253195.341161966,24.203494764968298,294.877485061794857,9.929949021122827,-0.868332651809344,0.494770175724316,0.019431135030890,0.028693379147356
1428,1666253195.441050053,24.301005832929814,294.736006152925768,9.957828896678393,-0.861470497376465,0.506359948982247,0.024755042841264,0.029246744614899
1429,1666253195.540688753,24.394115861089027,294.596435405080854,9.964637008952669,-0.853727616077717,0.519181121955293,0.027953406255186,0.028613409972163
1430,1666253195.640832424,24.484869602264087,294.457289788333810,9.933000803972773,-0.861345845303726,0.506539467828602,0.022173219891524,0.031771852787785
1431,1666253195.741679430,24.578643026022689,294.309235643166687,9.920912232737402,-0.870602158479974,0.490986172682562,0.013495920177774,0.028325254157623
1432,1666253195.832434893,24.672445378698317,294.166587441267041,9.945403787974110,-0.872494145263112,0.487600893580737,0.012148634572445,0.029184683292501
1433,1666253195.933035374,24.781744421219695,294.014472484672865,9.968210058997215,-0.880146857942280,0.473056305046786,0.022814272535269,0.032229639751339
1434,1666253196.032509804,24.889804437537055,293.874802548984462,9.958547003022717,-0.886868699996273,0.460170779208490,0.026938978842185,0.031321787121928
1435,1666253196.132896900,24.997683213786786,293.734893234945901,9.927581035042786,-0.883870782671309,0.466188609596460,0.028260635476725,0.025336856651512
1436,1666253196.233164787,25.104121866070184,293.584348050638425,9.927287837364771,-0.879571038342987,0.474687756246618,0.020644187508283,0.024497757038437
1437,1666253196.334115982,25.208654479575038,293.423563560820128,9.954125771046769,-0.872585644325882,0.486466914497721,0.030917213760281,0.031438198242807
1438,1666253196.434007406,25.304934815761730,293.267033010124692,9.970766962575826,-0.865564453875105,0.497523743305523,0.041946875749051,0.038842768310783
1439,1666253196.534344912,25.394397823212813,293.117664956258466,9.946053662634396,-0.863559551062295,0.500620533663320,0.041049578527210,0.044259633374874
1440,1666253196.633959532,25.483489492807806,292.968947591596191,9.915747709840783,-0.876766243282309,0.477260567851504,0.034128904960463,0.048358276033029
1441,1666253196.734480858,25.581808104979860,292.811641625458890,9.931613614629986,-0.875818258884122,0.479550313047498,0.031479528579537,0.044529921868803
1442,1666253196.834465504,25.688463513891467,292.660767043911903,9.957776579487858,-0.878147078415222,0.474086483466765,0.044409081210888,0.046125354968086
1443,1666253196.934851885,25.792113048436750,292.522495373536799,9.964025405274713,-0.878851474150989,0.472387825644349,0.051797960796609,0.042270555034816
1444,1666253197.035658121,25.889339491430000,292.388155031773920,9.934959858437278,-0.877244751052905,0.475943840401233,0.048785270331758,0.039231427872430
1445,1666253197.135880232,25.982389960893524,292.249154029640067,9.919616362596013,-0.872479046560767,0.485849003052391,0.037568523131022,0.036327202137897
1446,1666253197.235909700,26.079770600220940,292.107908065495280,9.933001498307970,-0.868153885130755,0.494208846441641,0.029935631040744,0.034209732904394
1447,1666253197.336235523,26.178795803503128,291.960847536928497,9.958439317966670,-0.855825223122696,0.514205521398557,0.043730496078394,0.035263478883441
1448,1666253197.435534239,26.272183074563372,291.817138263790866,9.951912238767576,-0.853125761657132,0.518083085681984,0.047774006161789,0.038522661673682
1449,1666253197.534859657,26.362855269756050,291.677028538178945,9.916172057175258,-0.866555543241640,0.495461544432051,0.042773398550273,0.042068810806256
1450,1666253197.634697676,26.453010243745783,291.533265390636757,9.913842369457454,-0.872508777248574,0.486303811817845,0.030846376888926,0.035854389807354
1451,1666253197.735315561,26.550393156290760,291.386351986198406,9.940280274898514,-0.873602874793877,0.484305575050680,0.032440601756974,0.034838692345559
1452,1666253197.835311413,26.647748667382377,291.244725826026240,9.960162042492779,-0.882285991671441,0.467813890479945,0.036731691762365,0.037045588058958
1453,1666253197.936329365,26.742812761766142,291.104625336785375,9.941019081353941,-0.883652759463517,0.465487515585888,0.035290297621274,0.035125039786316
1454,1666253198.036580086,26.836326162126380,290.960939007242075,9.910622018983700,-0.877888212080634,0.476733393485201,0.029791387573951,0.033912119549954
1455,1666253198.137335777,26.930382535563741,290.808934090513503,9.920234169891799,-0.873854301674685,0.484575020741859,0.018363576560764,0.035049789921946
1456,1666253198.237850666,27.023079417702466,290.655565886863485,9.947988422881222,-0.865842193431270,0.498006258121406,0.026048271943834,0.040355302932616
1457,1666253198.336549044,27.106792073848339,290.507333434500140,9.960359223987172,-0.855286622823757,0.515374328216488,0.032798657407323,0.042406870981177
1458,1666253198.435714483,27.187373655332031,290.363697228455237,9.929786312596116,-0.856496346466249,0.513393772893858,0.028578501834492,0.044990128658099
1459,1666253198.534849405,27.270241432601281,290.218131470366018,9.908176256141243,-0.868868910892340,0.492699932050656,0.018534311094477,0.044385492610652
1460,1666253198.634701490,27.359318205292965,290.067231009450438,9.921678382311157,-0.873983230589775,0.484093991879444,0.012585402950119,0.040594670914642
1461,1666253198.735079527,27.457236086481267,289.913570747434733,9.945738805968983,-0.878566517024232,0.474782930932181,0.025639310605192,0.045218020866110
1462,1666253198.836549520,27.553802442589745,289.761562103114215,9.944872252797218,-0.878268233828504,0.474839762253177,0.036785325120720,0.042649144034428
1463,1666253198.936863422,27.641527559065374,289.613328321043412,9.909610086636334,-0.867413161482000,0.494477560166444,0.040083990941933,0.038465873833942
1464,1666253199.037464857,27.721380455737805,289.459484118901003,9.902816651278819,-0.858561303144938,0.510566835447851,0.030080091581601,0.035905199808325
1465,1666253199.137962580,27.797591608187084,289.306045032360885,9.924559949940372,-0.851315230275163,0.522542574254602,0.027793387136363,0.037936320649318
1466,1666253199.237068415,27.866146610112825,289.155433452550824,9.946952262951514,-0.840775737334070,0.538755969357983,0.031643376531587,0.042858624723279
1467,1666253199.336729288,27.931967191352854,289.008386318383771,9.925613484343874,-0.844363498772326,0.532974820198091,0.024985605697318,0.048619363258964
1468,1666253199.435191393,28.002378900189171,288.860245003390503,9.887975902065307,-0.855041394176147,0.515698925994646,0.018672854481997,0.051089690533163
1469,1666253199.536743402,28.084054201891071,288.701197528775651,9.895802392128239,-0.858432203926222,0.510804295519083,0.012754838028808,0.044837897458310
1470,1666253199.637078762,28.171497782720138,288.548784355218743,9.922714279313276,-0.859520003731953,0.508914804321729,0.022919517273546,0.041301099921755
1471,1666253199.737397194,28.257233228161738,288.405778209478342,9.932938067903235,-0.865103705694083,0.499198229343541,0.029549292376291,0.039032621417198
1472,1666253199.837769270,28.339078909979548,288.263502574298798,9.901690964460254,-0.867795259701510,0.494863676802303,0.029662589201845,0.034080191066610
1473,1666253199.939358473,28.417501857278207,288.106640494646001,9.876980064226203,-0.858247238833357,0.511514021059350,0.025202679490242,0.033614107769308
1474,1666253200.039001226,28.494649016398466,287.943586244129847,9.895072525509235,-0.853663711660816,0.518970119921491,0.019013753394050,0.039582309230564
1475,1666253200.139558554,28.569535692018288,287.781998661534942,9.921547150606925,-0.843912735042610,0.533659646428923,0.028977915322441,0.046679308369172
1476,1666253200.240431547,28.638059217704683,287.629633820717345,9.913957766594780,-0.830713436407350,0.553711030453594,0.031076376895543,0.048513298438232
1477,1666253200.339753151,28.706480052639794,287.484172729383829,9.875557558829525,-0.835245794687165,0.547294161230969,0.025368712650740,0.046797349907245
1478,1666253200.438892365,28.779865447783305,287.330779030721828,9.869266280624128,-0.848110059645690,0.527875137402785,0.013302742777758,0.043361308494599
1479,1666253200.538073778,28.866820660071671,287.173203557456304,9.896359596553779,-0.849954902476472,0.524784129714259,0.021522220376494,0.041413463829107
1480,1666253200.638165236,28.958515838806385,287.026466902868322,9.916512780736181,-0.856373698320816,0.513844214528370,0.032379146775798,0.039240322044052
1481,1666253200.738886833,29.049263764048614,286.885570451423519,9.894917263364848,-0.859385275144838,0.508988605996529,0.037270718612986,0.031598122792546
1482,1666253200.839130163,29.135607453263759,286.734225220034432,9.858583858014388,-0.858170468492638,0.511248797729571,0.034812069158775,0.030923028119501
1483,1666253200.939677715,29.222002251968732,286.567086984871651,9.867355250339431,-0.856746903219742,0.513388270367999,0.028762964623643,0.039873795129072
1484,1666253201.039893389,29.307393472149293,286.401245016929238,9.892482663398479,-0.848429159105674,0.525165377353129,0.040665799076441,0.052111238655965
1485,1666253201.140144587,29.388059681111287,286.244752612252626,9.894704539502166,-0.841114970574679,0.535260803831978,0.051919236520757,0.057670365313595
1486,1666253201.239856005,29.467439833092712,286.096770763507266,9.860332789460530,-0.846748502991179,0.526027257417933,0.050731192011048,0.061144446131302
1487,1666253201.338715076,29.550451747882814,285.945554842809941,9.841386549576832,-0.856866883583749,0.510111970142912,0.047727741497847,0.057332228509841
1488,1666253201.439632893,29.643570326680187,285.786729937479947,9.860867632457699,-0.854768781423205,0.514158791060051,0.051757186231631,0.048293493902801
1489,1666253201.539490461,29.740620795297442,285.637688672481374,9.884863328952093,-0.858753417797598,0.505989018163237,0.065635570615591,0.047006944052056
1490,1666253201.638665676,29.832962752430134,285.499000710425491,9.884994983858897,-0.863416661685720,0.497534450264221,0.072128649142347,0.042054691731929
1491,1666253201.738893509,29.919302753200320,285.357608928587183,9.851487791319936,-0.866315150301586,0.493095002833881,0.070401125466536,0.037404011432474
1492,1666253201.839475393,30.004942497872403,285.202864798489884,9.837193654178186,-0.861249864505064,0.503113334678037,0.060868042166255,0.037692503259944
1493,1666253201.939199209,30.096677616888748,285.039564467685295,9.857219127529705,-0.860618045251684,0.503192166122886,0.063767738515228,0.045474164801367
1494,1666253202.039705515,30.185635948193180,284.879383451205570,9.880308289040343,-0.851674781495150,0.515595331751736,0.080239931591282,0.048714205517811
1495,1666253202.139335394,30.263704404029490,284.734049363374936,9.867205417465074,-0.845997517463569,0.524718870136897,0.082075096825460,0.047137949136849
1496,1666253202.238790512,30.337278974753485,284.596776460080662,9.834300825737873,-0.858117378535271,0.506469590749079,0.072345084945779,0.043466159094203
1497,1666253202.338550568,30.411590193226797,284.449484546908820,9.844349222436993,-0.864413218383232,0.498198525502299,0.059929666375931,0.031566630478213
1498,1666253202.438606739,30.490889956407919,284.297930775339069,9.876646581971725,-0.871448295019242,0.485680002264200,0.058694836207566,0.035323090341462
1499,1666253202.538969755,30.568979433683793,284.154261913127527,9.895071809842470,-0.880699758929385,0.468358015439603,0.057708960557252,0.040968034692933
1500,1666253202.638494015,30.644037453907522,284.016018839879678,9.871080240326171,-0.885028248226019,0.460846035154412,0.052922854444678,0.039307800776296
1501,1666253202.739156485,30.721012160359056,283.867780332979294,9.843076423972137,-0.878935135877027,0.473166719658733,0.043654890616897,0.040994302695054
1502,1666253202.839735508,30.800209762475166,283.716337809604056,9.851819744328271,-0.873489538631553,0.484271787316239,0.030210353139238,0.039801965704908
1503,1666253202.939404011,30.881278841826102,283.567193566950209,9.878450483304244,-0.866278451256076,0.496269392885796,0.036026563703403,0.044501924473702
1504,1666253203.038997889,30.959869363823280,283.419358544463421,9.885337786909552,-0.864847861665221,0.498173353094015,0.038544862405425,0.048741973927088
1505,1666253203.138508558,31.038504765310549,283.274982738840890,9.848971894880240,-0.875597821393279,0.478930818900790,0.031774296873703,0.054259745083671
1506,1666253203.237730980,31.123308122215846,283.124651051828721,9.836680818147920,-0.889064392716280,0.454253173746581,0.024707040115119,0.051069774954864
1507,1666253203.338371277,31.218875255978819,282.965216537486242,9.869214312293128,-0.891640448545319,0.449193084961169,0.030227038401834,0.047845679955720
1508,1666253203.438560963,31.310336093863633,282.817655647659251,9.899016418449078,-0.897305197980956,0.436498459364689,0.036572995351797,0.054542576576534
1509,1666253203.539572716,31.397811652901346,282.682084178220919,9.895193386454773,-0.907889740418474,0.414168166864253,0.033255242269224,0.055633062658777
1510,1666253203.638884068,31.482443807850803,282.551472504788478,9.866094187481233,-0.906790185097425,0.417737626147820,0.026380589532666,0.050308055093294
1511,1666253203.739771605,31.574115185675691,282.411467762140433,9.867706639443456,-0.899891605530780,0.433789368758075,0.013532118686663,0.042880807030132
1512,1666253203.840019703,31.672554997063557,282.268105941273461,9.894144165392659,-0.893316629967018,0.447221317325952,0.018616325116090,0.040397083963831
1513,1666253203.939436674,31.766482559216740,282.125152385450292,9.915834610006623,-0.882905010212851,0.466674091442241,0.033551104981033,0.039602508407371
1514,1666253204.038580656,31.854814378401777,281.985601999943583,9.894736882373671,-0.885274823625728,0.461775663391756,0.036431854994565,0.041526416835496
1515,1666253204.137880087,31.943139578277268,281.842111163067727,9.865459749206670,-0.894696896050600,0.443296509615029,0.035704856539097,0.041603268862881
1516,1666253204.238419294,32.035804675060483,281.692710866229959,9.882547257820004,-0.902921549423722,0.427455183966787,0.026329486447184,0.036352433613344
1517,1666253204.337690353,32.131218441708747,281.549355607181951,9.907034555867371,-0.907776485769662,0.416841415359454,0.028825707680093,0.036798979626511
1518,1666253204.437875032,32.231238655377929,281.411648593860264,9.921816308072678,-0.917656398649034,0.393690892655612,0.033830510103448,0.042067940817841
1519,1666253204.538139343,32.332447658372843,281.276399886197567,9.900045859714405,-0.917627683020159,0.393772307115373,0.037447170943456,0.038736480124324
1520,1666253204.639195681,32.435559148377457,281.131239335726377,9.873712418993719,-0.910784361265047,0.409578531296461,0.036331833137416,0.037380100012304
1521,1666253204.739658833,32.540924075284146,280.976154315995302,9.881523527297750,-0.907259608670465,0.417087918358933,0.032535235264289,0.043117621692589
1522,1666253204.839520454,32.645074966958120,280.819717160564153,9.908638708528446,-0.898571675693191,0.432821740506458,0.049581894544552,0.052687003333501
1523,1666253204.939131260,32.741513225315686,280.671546368252166,9.914132072293903,-0.892971270595413,0.441535936094972,0.061054371863499,0.062615419061951
1524,1666253205.039598465,32.836494587029463,280.534527503124650,9.878390067703908,-0.895641351512325,0.435538006103518,0.060604939338301,0.066785148261785
1525,1666253205.138762236,32.938572090644890,280.400932585274575,9.870505648663514,-0.904384035131716,0.418356995349503,0.054756756200578,0.063785884734807
1526,1666253205.238527536,33.046998615839264,280.267378883893571,9.899088766664383,-0.902739073201200,0.423689896186617,0.052424435183296,0.052921793062262
1527,1666253205.338243008,33.156638358376327,280.144135374364055,9.927259848463086,-0.911200266987349,0.404104457587650,0.058253637191437,0.054956114800293
1528,1666253205.437861443,33.261934343762768,280.030125496669257,9.930231316382557,-0.921063591768686,0.381789517600577,0.056941652779081,0.051344642829343
1529,1666253205.537876129,33.365413537560848,279.913407156344590,9.905155008955060,-0.921663554337975,0.381900852106105,0.051746739582846,0.044836443974375
1530,1666253205.638992786,33.474373837431877,279.784206798171283,9.902543833949434,-0.918462764962533,0.391006047647421,0.039523312843540,0.044478397255217
1531,1666253205.738835335,33.587944451610085,279.655616461064938,9.921856730313740,-0.915728529029684,0.397602487771121,0.037236623870903,0.044350385365230
1532,1666253205.839036942,33.700154685829119,279.525429174519161,9.948196816560920,-0.906347062968913,0.416962542904170,0.050898375155357,0.045679258630789
1533,1666253205.938918114,33.804622588066458,279.401608516229430,9.941143894197564,-0.906364495360189,0.416700021387496,0.051519028194626,0.047013651847225
1534,1666253206.038784742,33.908013205212086,279.280066785103543,9.911200939475195,-0.915745217476246,0.396180015911653,0.045578360817177,0.048730941780812
1535,1666253206.137495995,34.015675967192074,279.157446339963144,9.916466532255914,-0.923294597212822,0.379918345338536,0.035246061888330,0.044123154399993
1536,1666253206.238102674,34.132834444701899,279.038165036868122,9.941002616054224,-0.928772017989030,0.366102676023682,0.036270819734540,0.045119805459116
1537,1666253206.336961031,34.251121286662631,278.931839815527837,9.959947913796011,-0.939082026041468,0.337584610127430,0.042732512429675,0.048327132673178
1538,1666253206.437754154,34.370551033185414,278.829535308281720,9.942958887492193,-0.940761542432234,0.333358440685957,0.046845764048109,0.040562848700503
1539,1666253206.538652897,34.490197335094138,278.722639308825990,9.915610976341341,-0.938380512605908,0.340747926895672,0.045460554605957,0.035583730168354
1540,1666253206.638830662,34.613485257693043,278.609180211412934,9.927306230271878,-0.938967011453722,0.340042120561977,0.039165961885554,0.034326885599468
1541,1666253206.739142656,34.735261997628143,278.495429454643613,9.953038288341752,-0.932688090341311,0.355507783145426,0.049251814630756,0.035796662052214
1542,1666253206.839195490,34.848753546768805,278.384821513423333,9.961225309491388,-0.929400276265801,0.362454510457781,0.057328686798860,0.039436987661084
1543,1666253206.939460516,34.958203363029000,278.277266026674397,9.935355300018870,-0.933008141612319,0.352819862058171,0.056266816319102,0.042988347301241
1544,1666253207.038986921,35.073814739289411,278.168380362762775,9.918465839469258,-0.939584576228455,0.335631330870908,0.051740324503695,0.043074037095098
1545,1666253207.138634682,35.200504262970334,278.058706299801543,9.941816918105623,-0.943271932526029,0.326550831205565,0.046505144649762,0.037945849162601
1546,1666253207.237359524,35.329739532786554,277.962656697719694,9.966881613360295,-0.950967693731132,0.302089216230462,0.052906377434285,0.040043303356980
1547,1666253207.337545395,35.460030376127627,277.881103668022433,9.975995107785565,-0.958011099775132,0.278353451564381,0.057063988658693,0.038442033091380
1548,1666253207.437783003,35.590843241543695,277.807344121881215,9.953590365569410,-0.962952121801802,0.262201187171934,0.055287845354397,0.030282052755794
1549,1666253207.538636923,35.728664766842400,277.728966503803292,9.937250194025728,-0.964329841148618,0.259222610276554,0.046182370563960,0.027180589412007
1550,1666253207.638890982,35.876318094234982,277.650334605184867,9.958023756526801,-0.967378973797120,0.248791265549580,0.038266549945643,0.028574436070146
1551,1666253207.740094185,36.024827486884874,277.576662489499313,9.987022163016061,-0.967843686059246,0.245512197885559,0.045693137893901,0.030240654656641
1552,1666253207.838927746,36.161999900512022,277.512700008994102,9.997856671190879,-0.970911433255772,0.232720908693803,0.046977504710734,0.031065760591150
1553,1666253207.938863039,36.297650883095706,277.456149008190948,9.978321279687160,-0.976601145990470,0.209281884924124,0.039834461631069,0.029402550217116
1554,1666253208.037420750,36.439623780595255,277.403926168563316,9.974251957940860,-0.983332883540688,0.177987770139052,0.030949121231268,0.020468163657169
1555,1666253208.138170481,36.594353357279424,277.354165117704440,10.003561202226381,-0.987228507439743,0.155494395340381,0.032674669493008,0.011564302380612
1556,1666253208.237929583,36.744192009556507,277.314462353675538,10.025985636382440,-0.991277122667230,0.124186350104806,0.041773232746880,0.014227211606592
1557,1666253208.337702513,36.890092933945311,277.284520975277644,10.020344385918799,-0.994670725678798,0.089285105575708,0.049358151841702,0.014902692599619
1558,1666253208.438400269,37.037390592048617,277.256087832850653,9.994118995282488,-0.995392630126708,0.080143083838997,0.050542367451861,0.014699220883170
1559,1666253208.539324999,37.197403734697353,277.229307471838240,10.000530472921136,-0.996219092723132,0.067393626364770,0.051076708190375,0.019919545671058
1560,1666253208.640024185,37.360074251059210,277.207515591461572,10.026323639665408,-0.995541945285687,0.063735607598268,0.064714059723100,0.025418457369101
1561,1666253208.739924669,37.511187256637996,277.195107203083865,10.037893376036056,-0.995221672179675,0.052470281619142,0.077978957477312,0.026457039922327
1562,1666253208.839675426,37.653363804301634,277.190692938500263,10.028651724242923,-0.995745139288258,0.034442886504912,0.081560077615108,0.025558929798293
1563,1666253208.938128233,37.790818249733569,277.194641839838141,10.016212086078735,-0.996882066992756,0.000788598363844,0.075665691417055,0.022365727424993
1564,1666253209.038263798,37.927377731490218,277.201539640428280,10.031099715318687,-0.997568158665939,-0.027512265351698,0.061978192314315,0.016110485669757
1565,1666253209.138112783,38.056790398978706,277.210633448193221,10.058523349220518,-0.996657972214267,-0.050651012060973,0.063221357279324,0.010508157912096
1566,1666253209.238315344,38.173467850989226,277.223208954405379,10.084073404963496,-0.993925097659348,-0.085452999765926,0.068202556491721,0.012613340630189
1567,1666253209.338584900,38.281786028581166,277.235005144576633,10.091873237268649,-0.992581289905506,-0.099233658051115,0.069174398123886,0.012246088498556
1568,1666253209.439963102,38.392300409344827,277.241587290961206,10.092234275764389,-0.993159315399304,-0.093338824956950,0.069004276047651,0.012682581692278
1569,1666253209.540242195,38.501799044311113,277.247100902135116,10.100244273911120,-0.993913331553008,-0.089261929352707,0.061468633525577,0.019753592633516
1570,1666253209.639780045,38.615422245515653,277.261461865617036,10.135656423416521,-0.994126997165814,-0.087163388872407,0.058304869504535,0.026731990917595
1571,1666253209.739113569,38.720104684056267,277.285125486644688,10.168487430492121,-0.994155896626667,-0.081131723552727,0.066697914820547,0.024961666498493
1572,1666253209.839147568,38.816111846315096,277.306647924712820,10.201748178673268,-0.994009097296025,-0.071544414087328,0.081033124887477,0.016153760448079
1573,1666253209.938720942,38.900679436749307,277.323379253365317,10.234101380296801,-0.993343758461960,-0.071308875845671,0.089700677800285,0.011705133594429
1574,1666253210.038791180,38.973047381814432,277.339779566488289,10.258752227462654,-0.993096114529452,-0.078314903847705,0.086869563508071,0.008975638013457
1575,1666253210.138032913,39.041748902869237,277.359146699286043,10.287550879255576,-0.992084591663390,-0.099467616047702,0.076472895047623,0.005123735444650
1576,1666253210.237833500,39.112506475297657,277.382304989234001,10.330230585292057,-0.990258651308588,-0.120424231504301,0.069896269233132,0.000565263111218
1577,1666253210.338181973,39.178013715605758,277.406892922396992,10.367916075365065,-0.986763957067444,-0.145002787847635,0.072572608785789,0.002073885975286
1578,1666253210.437791348,39.237747562237843,277.436785037603727,10.407431181906455,-0.981572181672205,-0.174677249454150,0.077135440735061,0.007350814445251
1579,1666253210.538181782,39.295950829140750,277.468988610611575,10.434372847491019,-0.978352673748764,-0.191300860192655,0.078120360995164,0.011279887241433
1580,1666253210.638881445,39.359927833125859,277.502561775350785,10.459281910278381,-0.977109730165452,-0.197539180510302,0.077153155338066,0.016799940496781
1581,1666253210.739110470,39.424898478317516,277.536290322211585,10.499211088639029,-0.978299884064521,-0.191059181226478,0.076723870706953,0.023220115679220
1582,1666253210.839443207,39.483777369378174,277.571162927646299,10.539386263689700,-0.979140416358808,-0.184573387452378,0.083019017749501,0.018015337603371
1583,1666253210.940227509,39.541218909227347,277.604616454600773,10.579050603598729,-0.981147575585953,-0.171345770538267,0.089021791724292,0.008073564185062
1584,1666253211.040664434,39.598436768168050,277.636455553654798,10.600577312392410,-0.981800308102463,-0.166856488502382,0.090700239707558,-0.000730596711041
1585,1666253211.141105652,39.659372382197198,277.665039686736009,10.618866304836892,-0.981006247268722,-0.171263412382783,0.091075470444169,-0.000919283480116
1586,1666253211.238033295,39.721718569706354,277.690849066456565,10.658547861066172,-0.977897338067851,-0.189179249548164,0.089034307620250,0.000948581460931
1587,1666253211.337877750,39.776650099926805,277.715220233475350,10.705023161021611,-0.974496885077220,-0.203901918139091,0.093307771954455,0.008572540282265
1588,1666253211.437956333,39.819189786073444,277.743095803428218,10.753004892222519,-0.970180499497264,-0.223079888468277,0.093400117062056,0.016173431578189
1589,1666253211.538022041,39.857547884441423,277.773938979298464,10.782194045096965,-0.968349295288321,-0.234064795797791,0.085422075012299,0.014709955246138
1590,1666253211.638764143,39.904315509852964,277.806508943404026,10.798118116456392,-0.969933850106614,-0.229030600689986,0.080981341135318,0.014674220690399
1591,1666253211.739682913,39.963707977559018,277.840387636804451,10.834090622874379,-0.971027536195375,-0.224363478309720,0.079514387196377,0.021071681942557
1592,1666253211.840279102,40.020476221328082,277.876330990134306,10.879666431252147,-0.973367965540921,-0.211181319046179,0.087537658367409,0.017158453082829
1593,1666253211.939212799,40.068163137801683,277.909278160570125,10.923207618882147,-0.976872406784968,-0.193141419391491,0.091632085829962,0.004500424872662
1594,1666253212.039092779,40.113393543783658,277.939943026697506,10.949039584920094,-0.978876624086539,-0.184160401525308,0.088525012632668,-0.006987379005270
1595,1666253212.138234138,40.162115294714852,277.971099504752203,10.965833820304915,-0.979427621096030,-0.183063211627904,0.083632053822422,-0.014665440876199
1596,1666253212.237713814,40.216384549643770,278.002431493605911,11.008350870364636,-0.978490221901026,-0.191110632825562,0.074850141521956,-0.020762176649813
1597,1666253212.337478399,40.269370726239103,278.027305874018111,11.057347333074313,-0.975912024544685,-0.203097931556141,0.077801613932935,-0.017142328200734
1598,1666253212.438285828,40.315816696658914,278.050193965233859,11.103145597350704,-0.970173387082607,-0.228641381465672,0.080292119609201,-0.006316106933287
1599,1666253212.538920641,40.358556366583358,278.076393698591176,11.129142326287960,-0.966909416110632,-0.243127148516799,0.077291455629266,-0.001183882340850
1600,1666253212.639245749,40.408448738473119,278.108598929652885,11.147358824084577,-0.967965882498921,-0.239351119008418,0.075839323843694,0.001220289487769
1601,1666253212.739115238,40.465885691832781,278.142771288901542,11.186115805560489,-0.970720836059483,-0.228068400677505,0.075017376071158,0.007632584082832
1602,1666253212.839099407,40.519901449585696,278.175488407331670,11.236644248348918,-0.973080035928166,-0.216103912895923,0.079958336897863,0.004583325172702
1603,1666253212.939877510,40.567888260510287,278.199771856589791,11.287071548729315,-0.976968055660168,-0.198081999950797,0.079353074380440,-0.000170591490078
1604,1666253213.039556503,40.613136645634732,278.217743863508588,11.312452921261855,-0.978329060974313,-0.193675963412218,0.073219186938550,0.000905711612991
1605,1666253213.138972044,40.664900746005550,278.238745753401076,11.331415772576699,-0.977876940323319,-0.198432452172085,0.066135156889326,0.002718921128071
1606,1666253213.238267899,40.724174414105889,278.264812270988614,11.372978265677686,-0.977039062465585,-0.204977764988269,0.058110404224352,0.001402568239866
1607,1666253213.337818623,40.782230767152456,278.291709517110746,11.418658523975658,-0.976131205261276,-0.207731099436614,0.063244546034606,0.003973391360245
1608,1666253213.437570810,40.837417460721930,278.322808524580694,11.462598879400385,-0.971223749661781,-0.227512974729472,0.069825733376434,0.009308135210640
1609,1666253213.538050890,40.892760720875216,278.356462523010180,11.485549960101597,-0.969166721707353,-0.234735142449428,0.073912528655488,0.012337606819025
1610,1666253213.638615847,40.959257458116674,278.390012752465111,11.503788989781540,-0.970451324317877,-0.227730713057072,0.078736343229357,0.012788186543247
1611,1666253213.739742756,41.026910887106155,278.421749445476848,11.542828391128257,-0.974463539025114,-0.207971944427250,0.083579602323236,0.013525217827793
1612,1666253213.840155840,41.078354977426258,278.447143408707291,11.591516821441978,-0.977692801291981,-0.191103180658339,0.086944228374128,0.006087840054780
1613,1666253213.939962864,41.122681177780713,278.463389341219056,11.635779559606570,-0.981850553075293,-0.171833077469853,0.080256781302122,-0.001316802188542
1614,1666253214.037925720,41.171661798405303,278.478938035418139,11.657756376984521,-0.982276699644443,-0.172399771463009,0.073528355858719,0.002094043895661
1615,1666253214.137161493,41.232242515448711,278.501926773769526,11.680392567540235,-0.980306330089523,-0.184815329416772,0.069572814466707,0.001554569446112
1616,1666253214.236884832,41.292554832390131,278.529449084197495,11.716825532153438,-0.979268778404561,-0.190018520687020,0.070171182496474,-0.001275376416155
1617,1666253214.336877346,41.339807519157219,278.558410841760065,11.763466909061227,-0.975301062191618,-0.208069409723971,0.074091280116534,0.002332602776339
1618,1666253214.437760115,41.377922968433978,278.589727671988385,11.806624963321266,-0.971806809057080,-0.224990551369997,0.070415049829254,0.003535310745036
1619,1666253214.539697409,41.420435201208655,278.621566010725189,11.828599728231202,-0.971335161177977,-0.228701643598604,0.064793748754794,0.002309328246710
1620,1666253214.640291452,41.472321066396695,278.652465268156277,11.856139311184196,-0.972407491303879,-0.225242663005705,0.060533147519256,0.005015144026486
1621,1666253214.739999294,41.521964004473368,278.685273022996682,11.903805450747099,-0.976536024174144,-0.206209861620318,0.061854580652494,0.005375622102507
1622,1666253214.839828014,41.563484473756091,278.712932144794706,11.955875904392768,-0.979126648037045,-0.192997053112882,0.063503676444870,-0.005516128304260
1623,1666253214.939461470,41.600121828111362,278.730932245741485,11.994376690146732,-0.982165563354688,-0.178187341413919,0.058963467145333,-0.011107972911761
1624,1666253215.038138390,41.639188325391181,278.745994262733632,12.004878196224020,-0.981747315557731,-0.182309431543492,0.053102500026992,-0.010751932680294
1625,1666253215.139492989,41.691270610519560,278.767725162723309,12.017485668190528,-0.978973674268297,-0.197445484762416,0.050009233780561,-0.011175964085790
1626,1666253215.239807606,41.753011866938280,278.793505450230441,12.060854032378593,-0.977841846723758,-0.202818715119788,0.049674512418685,-0.014910882233968
1627,1666253215.339886427,41.807710594097522,278.816021209270559,12.110525375425649,-0.975398171271167,-0.212710477597506,0.056104768623898,-0.014314857273566
1628,1666253215.438808441,41.846727054244688,278.835121059240919,12.156564237576742,-0.970130668500573,-0.235839806749050,0.056445958543849,-0.006318651063922
1629,1666253215.539443970,41.881277564665425,278.853517308994810,12.180561972461209,-0.964656996343913,-0.258723527380588,0.049621049056950,0.006063602474957
1630,1666253215.639582634,41.926143108234015,278.873959035306143,12.197914172419898,-0.963650960257913,-0.263072299031043,0.044391745581261,0.014112590151052
1631,1666253215.740533113,41.978497490046024,278.896852067017733,12.232371799066458,-0.967627248319529,-0.247985168290310,0.040562780588228,0.023569587364954
1632,1666253215.841293335,42.026162287494572,278.924037499768247,12.276462314909056,-0.970840550625247,-0.234548400824475,0.044347492826435,0.022112729645119
1633,1666253215.941253185,42.072024646098839,278.949367543360609,12.320315352498145,-0.976469409981419,-0.210311263278171,0.046304722068071,0.011512455128175
1634,1666253216.042125463,42.122669301427614,278.973586533200205,12.344214825434731,-0.978275222405887,-0.201748015794034,0.047592512808885,0.003206255513746
1635,1666253216.139592886,42.180690848830992,278.998263706408238,12.356124433694818,-0.977495076149513,-0.204880510269349,0.050263606839026,0.000960438837420
1636,1666253216.238746881,42.245885449508286,279.025802547791272,12.386495103931612,-0.976566707264085,-0.209119333392643,0.050812570027123,-0.002157172232091
1637,1666253216.330566883,42.301526412032068,279.050431366241696,12.425107150482425,-0.974753939924661,-0.215021415102343,0.060024629819811,-0.004194217892632
1638,1666253216.430273771,42.348342239980838,279.076835259306733,12.472672994845155,-0.969645116229581,-0.235987459451465,0.064010724341754,0.000945897991377
1639,1666253216.530844450,42.387695304538390,279.105120078970231,12.511301618720603,-0.968786687120450,-0.240645547507301,0.059346580404624,0.004478695945580
1640,1666253216.631236553,42.435177849424683,279.135816177649929,12.534276331405692,-0.969169673701593,-0.239822512354862,0.056273673778773,0.005346006396442
1641,1666253216.731875896,42.490231437889193,279.164214250004022,12.567193330008369,-0.973129895485694,-0.223961240945238,0.052592773926497,0.009673117232202
1642,1666253216.832162142,42.536205484725450,279.192578476808251,12.613498741352066,-0.976449004942744,-0.209054020661330,0.052229561711513,0.010762438156867
1643,1666253216.931881905,42.577087703179082,279.218280109483203,12.660331484580146,-0.979787881652406,-0.193601043987009,0.050124580630398,0.004676446392083
1644,1666253217.031586885,42.623481433126770,279.242039761968044,12.688784817791969,-0.981939981853305,-0.182940003167736,0.048234041352951,0.000551845704095
1645,1666253217.130982637,42.682150344752543,279.266919015978431,12.699082577112902,-0.981090641291765,-0.186454050605909,0.051776348191245,-0.003905169694367
1646,1666253217.230362654,42.749531926193342,279.294111300581562,12.714468460038978,-0.979647532707138,-0.192945155353813,0.054778061795289,-0.007889399993702
1647,1666253217.330023766,42.814173559607958,279.320194713005947,12.745312182355921,-0.978290484595884,-0.198206260934121,0.059440452150822,-0.011350705871043
1648,1666253217.429806948,42.866861326161633,279.346207240125864,12.787353328208422,-0.974497421188036,-0.214467792233027,0.065376684509888,-0.009177761984966
1649,1666253217.530277491,42.910861642267641,279.374181024769371,12.830895725728654,-0.972223640072125,-0.224930277713667,0.064553299512633,-0.004520550253214
1650,1666253217.630579233,42.957471096772956,279.403850366415440,12.849487852346030,-0.969309742824294,-0.238031594764996,0.061443301237757,-0.002074389678902
1651,1666253217.731389999,43.020820176448716,279.435775551610050,12.858906575557594,-0.969392540333889,-0.237324875123104,0.062888811690537,-0.000061294081307
1652,1666253217.831700087,43.091659070153938,279.466898314256184,12.883972310294700,-0.972185742740590,-0.225671944543726,0.061143558572938,0.013730269582876
1653,1666253217.931764126,43.156145513638172,279.505389458169475,12.921355708359842,-0.973500416100415,-0.218802459387739,0.064635695269608,0.015641307976336
1654,1666253218.031656742,43.210724789456329,279.546410524043097,12.958544495917188,-0.977033219979300,-0.202587568831218,0.065902416413416,0.004608201689419
1655,1666253218.131255627,43.262655604736160,279.584749352265362,12.984179496530334,-0.978624382157723,-0.196244411821004,0.061405339636656,-0.003440020283386
1656,1666253218.230742693,43.323177504503896,279.618866522629673,12.984920113806645,-0.977933100760716,-0.200274898214173,0.059217951498785,-0.005481769980750
1657,1666253218.330418348,43.398237012655180,279.655664854579129,12.972289732734788,-0.976674272237856,-0.206458856077844,0.058788062921382,-0.005105913594534
1658,1666253218.430552244,43.481714737871265,279.696268112535279,12.964667071569787,-0.976818510273919,-0.207298188966251,0.053303363228337,-0.003436612591351
1659,1666253218.530323029,43.566301517249791,279.738228107619079,12.976338831373406,-0.975852500269838,-0.212874267676352,0.048417662584834,-0.007223145310993
1660,1666253218.630018473,43.642900322921285,279.779597717068839,12.990962009891970,-0.973744063815617,-0.222186557308719,0.049552503406312,-0.000425841889210
1661,1666253218.730364799,43.714050552179074,279.820594963982160,12.997313540551026,-0.971444867371790,-0.232566257726033,0.046972176938889,0.001191645054197
1662,1666253218.830962181,43.793796664355618,279.860856047244738,13.003288059063795,-0.972352533664738,-0.228220457260552,0.049134226489944,0.005639233173372
1663,1666253218.931515455,43.878563446219573,279.900334685225118,13.022631972699598,-0.973974727608785,-0.220340385428193,0.050361563235198,0.016942770648760
1664,1666253219.031977177,43.953695138749019,279.943708376674806,13.059985883403098,-0.977564106455556,-0.204716699175383,0.047227953299606,0.015133118502719
1665,1666253219.131837845,44.016522096314226,279.982911944292539,13.103916595637115,-0.981423385248807,-0.185803644743535,0.047533987562447,0.005066015515588
1666,1666253219.231824160,44.076639231209249,280.012898691287205,13.151396893620337,-0.983536967622642,-0.174642357229916,0.046421525492991,-0.000349788135392
1667,1666253219.330417156,44.140420169641231,280.040688138657629,13.181005712156493,-0.983240772428112,-0.176714880718817,0.044675098370287,-0.003683741726818
1668,1666253219.429997206,44.213667425094101,280.072012901882374,13.200773547468383,-0.981165559562549,-0.187457411627157,0.046366688193001,-0.004898344655990
1669,1666253219.529539347,44.287077801464918,280.104796623315622,13.227218363955686,-0.978020686559112,-0.201780701529398,0.052041700747004,-0.007193506523671
1670,1666253219.629653454,44.350301650275938,280.139414635428125,13.260629381297372,-0.973699161152357,-0.218674179286516,0.063043604608344,-0.010819001920277
1671,1666253219.729779720,44.404038498984953,280.178740218257190,13.295369248108399,-0.968359538045520,-0.238670127995421,0.071902387966858,-0.012100482782884
1672,1666253219.831129313,44.458314959345238,280.218012484530902,13.309879503818838,-0.966178714139225,-0.245741773880320,0.076861264577270,-0.014213336061963
1673,1666253219.930764914,44.517122144284869,280.253000397665858,13.320825427130146,-0.968168055354859,-0.236574863758501,0.080808081368539,-0.012369495283693
1674,1666253220.031281233,44.574811270965306,280.283970634557079,13.356386568167331,-0.971638672081523,-0.222516268995703,0.079432779535896,-0.009758815660115
1675,1666253220.131382227,44.621517480271642,280.313197725052646,13.400912503646596,-0.973356513113378,-0.213643882400279,0.082730144331176,-0.009439974133695
1676,1666253220.231541872,44.664630837573014,280.337696481620469,13.446077114412605,-0.976426978717462,-0.199277212790846,0.081352456224302,-0.016146998522115
1677,1666253220.330474377,44.709071942847629,280.361088976194992,13.467937126033283,-0.976889040845089,-0.197937719975867,0.079205195415279,-0.015329641442153
1678,1666253220.429983616,44.761428115587755,280.390777468795079,13.478814437484658,-0.976004653489799,-0.202276618721457,0.079162333747845,-0.015245025433470
1679,1666253220.529440641,44.815817423943919,280.425077268837072,13.510567176590328,-0.974589001281984,-0.209558157936890,0.077194115449426,-0.017399010381723
1680,1666253220.629430056,44.859665426485591,280.456784167699311,13.557200091725285,-0.972143381942439,-0.220652525592315,0.077315721658781,-0.016492030791646
1681,1666253220.729334593,44.888868069525472,280.489189630137105,13.607221792974471,-0.966952869375994,-0.243467115925300,0.074934446238147,-0.010523337661130
1682,1666253220.829846144,44.914914358987041,280.526265312956980,13.639159410438467,-0.962083044039147,-0.263849745827346,0.068864963595698,-0.006094652424605
1683,1666253220.930252552,44.952288045740467,280.568876862063064,13.651037603111897,-0.959782509959666,-0.272621061412914,0.066988355776649,-0.002801899349004
1684,1666253221.031891346,45.003429379117819,280.611598349181122,13.673257970961174,-0.963371715644553,-0.258771735313727,0.070284464498492,0.003495790175726
1685,1666253221.131405354,45.050191117294730,280.652472546813556,13.718826624738645,-0.965453405917045,-0.250111407808367,0.072875812652266,0.005755051482425
1686,1666253221.231706619,45.087998896241487,280.687806628197507,13.768249159595033,-0.969902273077815,-0.232539802976912,0.072185319696561,0.002024927221232
1687,1666253221.331747532,45.128110367596349,280.719420800832893,13.806152090286123,-0.972943331977255,-0.220523522984101,0.068741524248982,-0.005025078666424
1688,1666253221.431488991,45.177782665955739,280.755223280314738,13.818503999221708,-0.972997966456519,-0.220203719046803,0.068380737308929,-0.010457253679747
1689,1666253221.530116081,45.239144120605573,280.801044925087581,13.837811003601685,-0.971201178920669,-0.226235733024953,0.073293570634149,-0.014619017390429
1690,1666253221.629351616,45.301446187682622,280.851008225539886,13.879297838165412,-0.968293939485094,-0.234767769043345,0.081936031907906,-0.024029732625098
1691,1666253221.729198933,45.346630993806201,280.896203467547309,13.928129737762413,-0.962830584729273,-0.252425849179258,0.093771413112669,-0.021103977323494
1692,1666253221.829352379,45.374215437232856,280.934675869178534,13.972731021616180,-0.955996564318575,-0.278644627816363,0.089993608670830,-0.018135346662336
1693,1666253221.930450678,45.402628022819179,280.968716145039764,13.991971832664994,-0.952927883903493,-0.292156502567994,0.080227514235513,-0.011686404324634
1694,1666253222.031254053,45.451924984206975,281.004565039981230,14.010453207657658,-0.953667608243899,-0.290499470657521,0.078133087835455,-0.004834368558437
1695,1666253222.132465363,45.513402161505553,281.046128358671069,14.050159404645832,-0.959329349250567,-0.269667435209417,0.083431297174627,-0.002427489612328
1696,1666253222.232049704,45.568960194454647,281.086837008845237,14.095599167932404,-0.963839162952007,-0.247625928784013,0.098014689900585,-0.009412115464784
1697,1666253222.332293272,45.614918964286936,281.121240901069598,14.133472586124187,-0.968348286905161,-0.227856379339420,0.099160676540999,-0.023456893871557
1698,1666253222.431157589,45.658672842293136,281.153411265823308,14.142356506651556,-0.969292769416166,-0.224461670852210,0.096184669645661,-0.028930862429748
1699,1666253222.530274391,45.714199301885550,281.190857142895425,14.145546397951884,-0.967412215303669,-0.231861085013485,0.096926589205644,-0.030972233412805
1700,1666253222.629829407,45.780229241670789,281.236063456787463,14.177312882547193,-0.965051317481771,-0.239820829754513,0.098873573031784,-0.037228225830466
1701,1666253222.729640245,45.836257591584904,281.279226173736049,14.223994498864277,-0.960798942093407,-0.253515043336170,0.106227277818921,-0.036211615838445
1702,1666253222.828643322,45.873108684756495,281.318869234465694,14.275756060647105,-0.953359523083960,-0.281400427661557,0.105918746040821,-0.026469572987820
1703,1666253222.929481030,45.905260539871485,281.356620365399749,14.307808776641147,-0.949725942006818,-0.298019943743511,0.093973251857721,-0.019333291123402
1704,1666253223.029742002,45.954778327172065,281.401346779870210,14.316071324834139,-0.946200520857117,-0.311034439959477,0.088283940383225,-0.012965236566510
1705,1666253223.131298780,46.030315436846955,281.456006598372426,14.331484851114029,-0.952798268686800,-0.290440644692677,0.088238476952458,-0.005801920634606
1706,1666253223.232179880,46.114460983436587,281.519987503512596,14.368248678503521,-0.953987019047859,-0.281576512876888,0.102718442726492,-0.008506256998036
1707,1666253223.332464457,46.188651273399465,281.577394247054485,14.414153690046508,-0.959070745121731,-0.257843610566190,0.115933227692758,-0.016107919126250
1708,1666253223.431253910,46.249752450885268,281.625099125211932,14.447498238383240,-0.961012147050636,-0.252976305253170,0.109872427810178,-0.019664480890158
1709,1666253223.530563116,46.309771823858803,281.672263329404700,14.450297011200073,-0.961681490721932,-0.253972926575943,0.101535268743692,-0.018895824153478
1710,1666253223.629943609,46.383357261104258,281.725423122118457,14.434304151285914,-0.959330494366582,-0.266416291635448,0.092183944144395,-0.014473512758438
1711,1666253223.729862690,46.478971472732134,281.786146009650167,14.437873091642857,-0.957882771424050,-0.275641162204485,0.079283179185223,-0.014025812127173
1712,1666253223.829795361,46.588028469385627,281.853118066644811,14.468217119650637,-0.956691777308476,-0.281464979219644,0.073197556380897,-0.012665956067354
1713,1666253223.929724693,46.692607699659533,281.918064338675379,14.487307960599162,-0.954978118562313,-0.286984830480856,0.074500138875638,-0.010306767125046
1714,1666253224.031105518,46.794775404937290,281.984935196818583,14.488838795519984,-0.949633368678319,-0.305668711217705,0.068818824476948,-0.005203217541648
1715,1666253224.131420851,46.903585587375943,282.053566508482447,14.467187425085942,-0.949105110175085,-0.308562906791840,0.063121122552200,0.002036241503442
1716,1666253224.232091188,47.029855329626827,282.131793104806320,14.453714512259451,-0.950256590419719,-0.304819491612428,0.062051955696155,0.015717655401309
1717,1666253224.332598925,47.162899422001537,282.217414796198170,14.471146684019658,-0.955470537350298,-0.288336232210420,0.058394084026561,0.022986961541959
1718,1666253224.432763815,47.289093496219742,282.304097291559174,14.489851205297942,-0.960566684252990,-0.269635744233803,0.063805130522579,0.023175760045719
1719,1666253224.532194376,47.407036086942767,282.384512888983352,14.494165125894355,-0.965417392094565,-0.252728950027865,0.060983398550951,0.019451528482797
1720,1666253224.631639957,47.525083803092066,282.460980163322461,14.469536587179494,-0.965266996347897,-0.254706090208136,0.052406038128369,0.025259464366477
1721,1666253224.730675936,47.657454985265943,282.536920347863713,14.450499265230677,-0.959119216912211,-0.278060209286374,0.043982287883724,0.028955243287492
1722,1666253224.831069231,47.803304697887938,282.621534045797148,14.466855439575545,-0.956968110917257,-0.284660191319661,0.044002106022193,0.035276406150885
1723,1666253224.931253195,47.937686184932701,282.714182486982395,14.487059421882634,-0.953068942167950,-0.296118311619969,0.053073965755057,0.034010162558206
1724,1666253225.032591820,48.060206557237045,282.811423620730068,14.484837912920456,-0.952022470695369,-0.300290329359280,0.052752791177034,0.026383259984561
1725,1666253225.133593559,48.186145808306335,282.908864772986988,14.454005133347231,-0.953194124470527,-0.297914919871976,0.048666442836391,0.017298524046609
1726,1666253225.234179020,48.327846564247920,283.004443414154423,14.442528466087881,-0.957351478556514,-0.284813437137636,0.044562691109752,0.019329228969610
1727,1666253225.334611893,48.471162085200916,283.101621075025037,14.460527079132291,-0.964018796512188,-0.261249474934923,0.044511567712649,0.020861259721834
1728,1666253225.434460402,48.610193925607803,283.192840886615670,14.480866617162057,-0.970198272404642,-0.236374595496443,0.052383048224337,0.009918623174045
1729,1666253225.534512043,48.744920646489994,283.277086553769948,14.465408874539067,-0.972193998955618,-0.228616635026638,0.050267353837490,0.006815843451715
1730,1666253225.631936550,48.881134790531021,283.359643476990527,14.432815531489528,-0.966731876374894,-0.251399846712044,0.045903149177344,0.010977120270870
1731,1666253225.731556654,49.031178639119794,283.447138822172349,14.433890922131171,-0.965046289704235,-0.258892382195730,0.038666212722099,0.012857572198520
1732,1666253225.831819057,49.182986259652267,283.545962975450948,14.453947731073852,-0.962351916233306,-0.267595458387175,0.047299255601598,0.005851529046050
1733,1666253225.932402372,49.324512530398160,283.648478329046441,14.463314388031923,-0.958179099056119,-0.280998384702806,0.054154309206720,-0.000180888807604
1734,1666253226.032795668,49.461439857484088,283.749712801587577,14.435821020773814,-0.958625448682624,-0.278920710525506,0.055559205886279,-0.012396008199042
1735,1666253226.134032726,49.608161115640328,283.849036337164250,14.406883136918401,-0.963748461206890,-0.260857764927638,0.053649124278590,-0.016245044242736
1736,1666253226.235069513,49.768719287025988,283.948833530516822,14.420631829143476,-0.966182964776036,-0.251224829615967,0.056685005359657,-0.012781773288308
1737,1666253226.335287094,49.928751064878284,284.042303723955570,14.444943204205231,-0.970677974344472,-0.228039800650670,0.072608217348152,-0.022586859348708
1738,1666253226.435139894,50.079946315344642,284.124211773196009,14.444705591602444,-0.973342275124416,-0.213493943911384,0.081076325341571,-0.021255136741398
1739,1666253226.535223246,50.221441645957107,284.198704262365254,14.411434765602893,-0.971417434023892,-0.224259425306627,0.076426675765047,-0.014657498663938
1740,1666253226.634744406,50.364306939265504,284.273224370306309,14.405786282147611,-0.967946450931049,-0.243393051631306,0.061446831449183,-0.007986078664982
1741,1666253226.733658552,50.511863625749712,284.355359605556032,14.434020508659053,-0.969455392432623,-0.238146303333500,0.058476799962372,-0.004800433111451
1742,1666253226.833647966,50.655165885213059,284.442545561745987,14.460134357700840,-0.964712617746012,-0.255105089520187,0.064992505697331,-0.005189669133636
1743,1666253226.934359312,50.790201855048423,284.527795917741571,14.449389697587904,-0.960754725751698,-0.269732973551694,0.064748124676072,-0.001469787628324
1744,1666253227.035600185,50.925071823877879,284.613417137933538,14.417413548025017,-0.962270725255432,-0.265601039463994,0.059079534474540,-0.000864730190230
1745,1666253227.135692596,51.068414290120458,284.706809218443993,14.423823361679680,-0.964829908629734,-0.257680776979392,0.051770329733738,0.004868012746049
1746,1666253227.230428696,51.207804888637121,284.797960471413319,14.450654234404256,-0.969349122628931,-0.238875408813649,0.057448090189070,0.000731065155680
1747,1666253227.330341339,51.349517392432610,284.887418824118754,14.465338810034160,-0.972947727795555,-0.222016621489841,0.063150838614005,-0.009659727845570
1748,1666253227.429735184,51.483771618263667,284.969568930352409,14.446786921391883,-0.972031833986004,-0.226537358931901,0.061911934270711,-0.001360559011374
1749,1666253227.528897524,51.615634934633938,285.050879746851024,14.426446443806126,-0.968389252608214,-0.244013579783661,0.051512960397959,0.005103256323810
1750,1666253227.628888607,51.749856206946554,285.135129178295131,14.447075927046487,-0.968416163027332,-0.247022188984160,0.032974733545179,0.007927186418847
1751,1666253227.728224516,51.876756831691992,285.223927377006817,14.477835706520095,-0.963908360519131,-0.264340883676471,0.030801324735507,0.007473160844011
1752,1666253227.828828812,51.996454391694684,285.314813845025753,14.486941046726558,-0.962284757977666,-0.270930394912507,0.024401412989884,0.003055604770872
1753,1666253227.929368019,52.118224018073725,285.407652057992721,14.457227799551532,-0.964974429200748,-0.261893909737696,0.014221225478640,-0.005804117235137
1754,1666253228.030238390,52.253353254129422,285.499112801804017,14.437095400608396,-0.969501781825110,-0.245033198717367,0.004497189453324,-0.002191312687299
1755,1666253228.130073547,52.397643344281455,285.587863686183766,14.455705915166563,-0.970489707205869,-0.240937579414095,0.003709342105128,0.009222354075266
1756,1666253228.229708195,52.541687868900013,285.675681327715608,14.480850986445713,-0.972469305811269,-0.232229231686267,0.015576213255224,0.011419929333499
1757,1666253228.329392672,52.682133529072360,285.763251554362284,14.473217457854453,-0.972286892313430,-0.232253216365450,0.022445152726686,0.014589641615593
1758,1666253228.429026365,52.820445338208280,285.854605861161644,14.433253238002006,-0.967262567466730,-0.251821564293356,0.024188762321025,0.020097987757343
1759,1666253228.528898954,52.963828855551242,285.954541793377530,14.428165415093241,-0.964091829423107,-0.264317860194835,0.017910680504059,0.018499209321281
1760,1666253228.629318953,53.109689077162351,286.065005258559552,14.457627910802044,-0.963848495307800,-0.265329224607413,0.023220874455644,0.007567803620185
1761,1666253228.728734016,53.243500609791440,286.172415615366901,14.477380469952877,-0.960000622326827,-0.278186963564897,0.031744034672640,-0.001770507653260
1762,1666253228.829231977,53.369581849501508,286.276148348996685,14.466308182976782,-0.955771465716468,-0.292483195299616,0.030491444491465,-0.004975701191397
1763,1666253228.929744005,53.498213210257973,286.375488608927981,14.436094541758365,-0.955534301391611,-0.293624308359059,0.026590353636387,-0.005649557345685
1764,1666253229.030387163,53.638321868167957,286.473697377082658,14.440351111862677,-0.959997350227599,-0.279256304216471,0.019883400827383,0.005065025457284
1765,1666253229.130219936,53.780624410459062,286.571469382364000,14.466546856301683,-0.963376627746087,-0.266842046208619,0.025275993190211,0.007868904372504
1766,1666253229.229672432,53.918425950740904,286.664290349876183,14.480894044469107,-0.966282668940156,-0.255191863764427,0.034065694264768,0.003800637918230
1767,1666253229.329702139,54.054100385130909,286.754371324613032,14.456264083292636,-0.966919557575885,-0.252262246961114,0.036411609753103,0.010223630009540
1768,1666253229.428917408,54.190767123271627,286.846697519222403,14.425631811861638,-0.962434697121821,-0.269040341969463,0.035370801799427,0.009254974286753
1769,1666253229.528985500,54.333343473211727,286.945470050190750,14.438106633621707,-0.960850460335964,-0.275273663226901,0.029014890662117,0.012204070045465
1770,1666253229.628806591,54.475011137762714,287.051020097257776,14.459607638927741,-0.956381568324693,-0.289375800233054,0.038789242185652,0.009557023539961
1771,1666253229.728472233,54.610423837334018,287.155337443629719,14.464298795909277,-0.952305945614983,-0.301782779916959,0.044624922161232,0.007011135004306
1772,1666253229.829411507,54.747381344075748,287.255969234214774,14.435135636968345,-0.954568259164420,-0.294903621837067,0.042793454320418,-0.000112652188953
1773,1666253229.930096149,54.895643123265245,287.351776250797457,14.422067091232654,-0.958901363520078,-0.280518777389223,0.040844627038738,0.012210938270914
1774,1666253230.030345201,55.046265178224786,287.444709545116154,14.444616539210930,-0.962668894557034,-0.266285942494436,0.045273742375328,0.017626245587801
1775,1666253230.130496025,55.192203854279953,287.529920733322740,14.465607668474295,-0.969016538170817,-0.241069739193083,0.051853193555604,0.014268003185784
1776,1666253230.229676962,55.333449395904232,287.605402446927144,14.455900834044394,-0.972214204027198,-0.226987427950992,0.054132834120025,0.018597992098328
1777,1666253230.328914642,55.475786084952276,287.678417492031883,14.424992296405478,-0.969187238924554,-0.239559901293096,0.049779618303172,0.028445372204125
1778,1666253230.428624630,55.627434916605360,287.757579031275327,14.427579023659330,-0.968634333668700,-0.242878747979889,0.041618569458055,0.032020869666212
1779,1666253230.528858423,55.783033284248539,287.850638195874808,14.455867849119530,-0.968197977019358,-0.244392550450967,0.047184472144415,0.025270222954047
1780,1666253230.628958464,55.929211363958835,287.944347704204517,14.472724070236264,-0.967402649450479,-0.246750342168834,0.054802727621110,0.015589853143751
1781,1666253230.728936911,56.069956579188613,288.034521316486291,14.454570272303455,-0.966547126667079,-0.250652719007008,0.053663125020441,0.008951837746942
1782,1666253230.829488993,56.216944557040534,288.118995907321903,14.426972102865912,-0.970043381550694,-0.238241596868063,0.046705456131293,0.008682154054029
1783,1666253230.929665565,56.375930718637612,288.201853402983090,14.441015160695246,-0.972035383461227,-0.230569213954663,0.042162588542722,0.014400243160852
1784,1666253231.030033588,56.537684262772899,288.283213096947520,14.467173628165479,-0.974766243739080,-0.216262127694865,0.053779505462276,0.013008727221628
1785,1666253231.129853249,56.694078345667428,288.360073871462021,14.469257559725799,-0.977319119292894,-0.201826418233166,0.063206263841070,0.010881368433578
1786,1666253231.229095697,56.843958719900428,288.434094464586622,14.435916908818614,-0.976578620639369,-0.205607304468772,0.061491664259754,0.015446983063363
1787,1666253231.328512669,56.996270512309529,288.508771013699402,14.425262553523519,-0.972948860549083,-0.224299595995894,0.052539402528786,0.017315229546240
1788,1666253231.428884983,57.154104509094985,288.589232490934023,14.452002113933906,-0.973426764417470,-0.223911005880085,0.044508138811428,0.017978357573675
1789,1666253231.529026985,57.309800186918373,288.677186181202387,14.474251236907442,-0.968381778494647,-0.244087655378573,0.049719738581121,0.013634337782229
1790,1666253231.629293203,57.465440312380927,288.764594267133361,14.465002157249648,-0.965339168782266,-0.255813119275637,0.050380577523639,0.011905235386932
1791,1666253231.729768515,57.624244320762585,288.848965851467938,14.430520933683461,-0.970045090166725,-0.237772954611383,0.049008622352466,0.008642918136665
1792,1666253231.830049038,57.792869345211365,288.933198417440508,14.436402276856718,-0.971934324909714,-0.230234751881934,0.044402714118562,0.019079467158926
1793,1666253231.930474758,57.961236937804216,289.019702112754999,14.467017106208885,-0.975991597980387,-0.210859500159467,0.051595809920149,0.017791690837958
1794,1666253232.030540943,58.122412365519388,289.103225140014047,14.479216133649215,-0.979486994178002,-0.192434671393136,0.058838592626473,0.010589877227564
1795,1666253232.131182194,58.281789419207229,289.184595270819955,14.449486547537067,-0.980927773174486,-0.185163500922714,0.058366184446339,0.009411177087062
1796,1666253232.228235722,58.440233482023359,289.262819617166258,14.429476497090121,-0.977542577803481,-0.203801425736683,0.052555781670461,0.010647875939717
1797,1666253232.328264475,58.602267275232045,289.341717465446209,14.447840527639739,-0.976321036478128,-0.212618963477706,0.037062579975796,0.014723289899933
1798,1666253232.428501844,58.759100996240029,289.425180952580433,14.481404895337565,-0.971859200869700,-0.231468206656264,0.040986492522700,0.015240420693898
1799,1666253232.528795958,58.911811891176789,289.506365529716902,14.497334531307935,-0.966942578692624,-0.252027957783882,0.035047181691161,0.016602802837188
1800,1666253232.629973173,59.071694346463147,289.585541086794990,14.465298951378042,-0.965046225492622,-0.259493649432838,0.030102596756874,0.021039539799273
1801,1666253232.729994059,59.243474319464440,289.665612892436457,14.444938184434205,-0.972842003301482,-0.228740780637919,0.027690306498824,0.022121003854167
1802,1666253232.830235958,59.424438474484667,289.747751210268859,14.467992447660482,-0.976246791175497,-0.211252728211833,0.043003126249083,0.021568928471492
1803,1666253232.930579901,59.595792212759214,289.821712164910195,14.490828821507755,-0.980872970266898,-0.186275886578162,0.055007883807357,0.012792302308426
1804,1666253233.029838324,59.753970476334572,289.889100686217489,14.465824782831231,-0.981632759793328,-0.182326763301731,0.053371566562391,0.017480050547012
1805,1666253233.129742622,59.916831943197955,289.957272373425269,14.432452311533865,-0.975651691676912,-0.211618821853034,0.052640418810520,0.023457132667187
1806,1666253233.228205204,60.077035328993404,290.026300282544980,14.448751322987741,-0.975084100796777,-0.216282659764748,0.041264099792400,0.027020020850301
1807,1666253233.328534126,60.229861334977898,290.105513650686703,14.478380712306651,-0.971747848886739,-0.231031664817713,0.041182102737061,0.025189729051841
1808,1666253233.429237127,60.374882067929697,290.187248639559186,14.485677525793792,-0.967485957837180,-0.248992001332617,0.038748241972185,0.021736568365718
1809,1666253233.529715061,60.523734973871896,290.266723855384612,14.455061807999698,-0.967884762805532,-0.248672813163086,0.032045636105484,0.018275533618249
1810,1666253233.630730152,60.687958650968817,290.342922616772739,14.435967974560887,-0.970902810120580,-0.237172863261563,0.025247322523432,0.021432193953762
1811,1666253233.730461836,60.855282170682109,290.418894807619722,14.450272078638873,-0.975526966802790,-0.216911831327475,0.027647689843778,0.023065119054779
1812,1666253233.830890894,61.023373287526951,290.490844762847303,14.477023124418814,-0.982393278515088,-0.182305622723822,0.039842335270078,0.008983015745484
1813,1666253233.930958509,61.186166867490968,290.558777855817027,14.465553470522012,-0.982971076785805,-0.178064710701251,0.044638221105597,0.008261369254671
1814,1666253234.031333923,61.350755366337069,290.625144625945040,14.426262670638355,-0.978372117971161,-0.201166614726877,0.045858429704231,0.014730794989222
1815,1666253234.128268242,61.516709858262573,290.691601254827106,14.430100239045021,-0.975396515633498,-0.215990069012618,0.040811173382804,0.016863436929500
1816,1666253234.228333950,61.684465183447436,290.769209169193630,14.456966915760709,-0.973890535769857,-0.220977972042275,0.050403849562794,0.012861265848897
1817,1666253234.329480648,61.839143932243360,290.849992090230444,14.475338322852956,-0.970996467626733,-0.232017515207436,0.056946199618081,0.009532200293300
1818,1666253234.429111719,61.983662589898408,290.929430491500568,14.454196027143084,-0.969167288671290,-0.241118148552534,0.050723994077013,0.001970135278168
1819,1666253234.530482769,62.142723080123716,291.008164725111101,14.422922681694345,-0.971715810874151,-0.231247671592302,0.047884179210041,-0.000051591766995
1820,1666253234.630037546,62.316939976854655,291.087516347315670,14.432979720447262,-0.974850477220117,-0.217380950113132,0.049109310029916,0.000587588297878
1821,1666253234.730584145,62.493066504679170,291.166570168619046,14.454984369065466,-0.978800772160985,-0.192697143172585,0.068882104505891,-0.008492061529614
1822,1666253234.830403090,62.656625065850477,291.238470771884863,14.455418462993448,-0.981083217678684,-0.176845283601949,0.077803270961746,-0.012170319824898
1823,1666253234.929845333,62.808043177063091,291.306734332573569,14.422900778434030,-0.979056060478887,-0.188403761769125,0.076679924499872,-0.008569840692721
1824,1666253235.028064728,62.957718780073400,291.371654491134564,14.411702794777474,-0.976178360065624,-0.207683834334925,0.062562806246169,-0.005397181684584
1825,1666253235.128596067,63.119270988082988,291.444997926216388,14.439614367883062,-0.974775232556154,-0.215080568658292,0.059515865548436,-0.003384778979797
1826,1666253235.228451014,63.275299064057897,291.523170055949549,14.468031360290940,-0.969773761859320,-0.233774022961202,0.069782481855972,-0.004354563557944
1827,1666253235.329248428,63.420639585085361,291.600685406035154,14.461328168064064,-0.969219007971311,-0.236171043587059,0.069388153408455,-0.004799679642729
1828,1666253235.430969238,63.567424471966582,291.677176404579143,14.427498540534204,-0.971174930363491,-0.229732936199387,0.063477745452030,-0.003550843703095
1829,1666253235.529801369,63.720482055211107,291.750909331768639,14.426670111127022,-0.973849170488427,-0.220449950665830,0.054415361696265,0.007653809633126
1830,1666253235.630240440,63.876631615140390,291.826802014470502,14.452600893822403,-0.977326132824922,-0.203388801580862,0.058367774003908,0.007734885054935
1831,1666253235.730128050,64.025354161537308,291.899647222739361,14.474585942326801,-0.979228639247262,-0.192163148705100,0.064284968630670,0.007213817703001
1832,1666253235.830593586,64.164655103414304,291.970309552635001,14.456252216413898,-0.979686125529681,-0.191389767621381,0.058799094137926,0.011301275283536
1833,1666253235.930492163,64.301931837546860,292.043147170807345,14.432111411288204,-0.975024256834584,-0.216387982031254,0.047359919091586,0.016154809817745
1834,1666253236.028833628,64.440741969287572,292.117256899483095,14.448623600580600,-0.973073429521481,-0.227912482940965,0.027352283849553,0.020877103419829
1835,1666253236.128863096,64.582870253863319,292.197804418386170,14.479552391291600,-0.968821528973719,-0.245389352871950,0.027672248032918,0.020078774437581
1836,1666253236.229577780,64.722032087678627,292.278936325300492,14.497698033466770,-0.959979526890394,-0.278104996589815,0.023613862511799,0.023222926610317
1837,1666253236.329116821,64.860574193407160,292.357320457892286,14.469631724115960,-0.955595274693893,-0.293253412507666,0.020695218289806,0.020293224860766
1838,1666253236.430270910,65.017243953073375,292.436480564170495,14.439467364227790,-0.963775188261198,-0.265067426872839,0.020420812580948,0.021439125836640
1839,1666253236.530648708,65.185539153626678,292.517538036931398,14.455298441571962,-0.968612493054818,-0.246088569863974,0.026096699621667,0.023435365354339
1840,1666253236.630784035,65.349563910899391,292.593300771500822,14.478702070961239,-0.975076090664747,-0.217040215133373,0.042938514405230,0.016626677644240
1841,1666253236.731698751,65.507196841597306,292.663934178767704,14.473788268076943,-0.978110029222415,-0.201288942929749,0.049671818414775,0.017783212424095
1842,1666253236.831821203,65.658064517529724,292.732953251712047,14.439627955337105,-0.974457538230280,-0.218362059825079,0.046898597029015,0.023474211634060
1843,1666253236.928427696,65.804669982174005,292.801616146410424,14.439962982344735,-0.970772740683007,-0.235940524828133,0.034722815782279,0.026957016800440
1844,1666253237.029542685,65.960689894661314,292.882213179047199,14.465558179258668,-0.972358952989226,-0.229642492851404,0.034584046729065,0.024214370331081
1845,1666253237.129599810,66.109268108703645,292.968064011659351,14.483252116964701,-0.967310492756284,-0.249245256033680,0.042699938511558,0.019076902248798
1846,1666253237.229247332,66.248881235377411,293.053849903542130,14.465359744960756,-0.967302802177267,-0.250079969027146,0.041067974226450,0.009935767928291
1847,1666253237.328876495,66.392154964398713,293.136897497245855,14.433575166883172,-0.971535702206820,-0.234116937737183,0.035498098303473,0.006893752164253
1848,1666253237.429737091,66.545830319345129,293.217055530222751,14.438373833843427,-0.974873629313971,-0.220750903291378,0.025496296373911,0.015504336021285
1849,1666253237.529732943,66.701480836812948,293.295998521523984,14.462639672409299,-0.978483961063553,-0.203384889582854,0.032670870731074,0.011676422244169
1850,1666253237.631111622,66.858761850390849,293.372332455661422,14.477545989106170,-0.981733137860574,-0.185911117060187,0.039631170151365,0.008153093419023
1851,1666253237.731476307,67.010375248209911,293.449567738886401,14.448660575874760,-0.979592543230096,-0.196207436395043,0.040945579944065,0.014985013657732
1852,1666253237.829577446,67.163323055821607,293.532298790382015,14.421814942644358,-0.974844976674290,-0.218710526018050,0.039719443907216,0.016289353501966
1853,1666253237.929698944,67.322548822058408,293.624879594770618,14.435183861761759,-0.972661328073707,-0.228872028928155,0.036392665457222,0.014936838524998
1854,1666253238.030886889,67.477371336093682,293.726967814581940,14.462730273044242,-0.968236081688556,-0.245132015320024,0.049165131182439,0.003460499580831
1855,1666253238.130766630,67.621032343533102,293.826446906212652,14.466043234053643,-0.966164513530210,-0.251901575482400,0.055362741891626,-0.002587638819221
1856,1666253238.230368376,67.764331366747754,293.921876400621215,14.432935027890883,-0.965924090842071,-0.252698637061872,0.055582207903868,-0.006683391543407
1857,1666253238.331121445,67.916288159905307,294.016057283556393,14.414123410494355,-0.968449701562904,-0.243853920014445,0.051378745375845,-0.000815941122479
1858,1666253238.431516409,68.071360131111632,294.110777672171650,14.432190842806939,-0.971123278674098,-0.231849236592403,0.056259321871962,0.000630722837206
1859,1666253238.531247139,68.222588414332904,294.199292933717345,14.458494064735163,-0.972602975335550,-0.222262657086418,0.068070501323773,-0.003028280510542
1860,1666253238.631646872,68.365605273456978,294.280599495956892,14.449547981109767,-0.972715157939306,-0.221507642083912,0.068987371041522,0.000573280311067
1861,1666253238.730296850,68.503242383953122,294.360739431995853,14.412601681580844,-0.966651151762527,-0.247795793332525,0.064363926353847,0.006330923092335
1862,1666253238.829490423,68.647203343689270,294.445231993614641,14.409334814530245,-0.963079233886935,-0.263787072652030,0.052490438343155,0.011812004062467
1863,1666253238.930857897,68.793166512782506,294.540969200772679,14.435333270212846,-0.961714623342597,-0.268472206155224,0.054702406410209,0.005941759342730
1864,1666253239.032274961,68.925251480962942,294.636377856742627,14.455745006872702,-0.957017157679482,-0.284693252661565,0.055335771029602,0.002421619421557
1865,1666253239.130078793,69.048085178931089,294.725518469611529,14.440389463195546,-0.954861085890204,-0.293167750669036,0.047879523021040,-0.000726564186287
1866,1666253239.230884314,69.189393787816101,294.813845457233526,14.406364908751355,-0.957988605685931,-0.284013654744412,0.039913785488757,0.000982355641286
1867,1666253239.331643105,69.350483847984933,294.902782527565819,14.411951638546375,-0.961657996832305,-0.270306244845102,0.043847051971074,0.015028877525096
1868,1666253239.432104111,69.511664170923780,294.989388770210041,14.436894360903709,-0.967064873120969,-0.246873483788970,0.060821796560697,0.011820458559237
1869,1666253239.530999660,69.659428618391786,295.068935380210519,14.442336765505901,-0.969715075584744,-0.233524041190634,0.069879337190841,0.015364654354644
1870,1666253239.630318403,69.799054630753247,295.147045466333793,14.412393928524253,-0.967534307494096,-0.242479106135847,0.068133095852323,0.020955384965641
1871,1666253239.730342388,69.940771340813214,295.225383300707961,14.393754389826597,-0.964654511274444,-0.255868188806830,0.057281958045657,0.026304393492933
1872,1666253239.830917120,70.087380179316369,295.306861521423457,14.411946964790941,-0.965520305575451,-0.254896651583335,0.043955515384552,0.029430412847438
1873,1666253239.930840015,70.231270760888336,295.395715582493494,14.439410335585260,-0.961948880846755,-0.267177327770656,0.049301291523766,0.028982905601314
1874,1666253240.030230999,70.367403353663576,295.487334764097454,14.444356716088912,-0.961748606242348,-0.268233019557608,0.049625940952701,0.025058563296156
1875,1666253240.130769968,70.504882991623163,295.582458445847465,14.413092265365652,-0.964474545010124,-0.259325213262876,0.046068154899410,0.020420844689720
1876,1666253240.231812716,70.653049914867580,295.676378033871686,14.396780154462641,-0.968729236245595,-0.244037586236546,0.039510795770357,0.021171215469570
1877,1666253240.333789825,70.809213889980086,295.768171335586089,14.417821211418213,-0.973474388313298,-0.223247241556641,0.044317898520789,0.023328272677197
1878,1666253240.430948496,70.958097069898741,295.848799069521021,14.442594284921480,-0.977102896895040,-0.204547758017482,0.055944539605689,0.017330668124745
1879,1666253240.531315088,71.105197369140001,295.927057497378655,14.430327830713914,-0.980298685151381,-0.188121505513767,0.058412869292321,0.014585052442300
1880,1666253240.630744457,71.246924229886858,296.004513729387554,14.394673890280776,-0.977759959033382,-0.201708389341379,0.054374549598235,0.018509363477298
1881,1666253240.730497599,71.392527197609468,296.085707076293318,14.400262257984060,-0.975767059494290,-0.213554311073838,0.042207610413111,0.022174748045044
1882,1666253240.829340935,71.532479315453131,296.175655118820146,14.430572218055850,-0.974509841828649,-0.219525661938432,0.043238350245589,0.016416363715343
1883,1666253240.929334641,71.662124566658179,296.267244345043082,14.449667253417553,-0.970118732408538,-0.238001519979525,0.045327212180276,0.013052407956051
1884,1666253241.029958487,71.790267736887600,296.356378706086332,14.429789336815526,-0.968846269183910,-0.244156461846831,0.040114745595194,0.010739460539957
1885,1666253241.130345821,71.925833442075501,296.444540187387815,14.401453969400841,-0.969908091496485,-0.240396585380045,0.035317876412967,0.015505592311766
1886,1666253241.231451511,72.064206356526824,296.534279634146969,14.406282188915297,-0.971944676432331,-0.232101027089183,0.027627312155482,0.026256252627914
1887,1666253241.330771208,72.202559353337051,296.626726051048365,14.427462295751209,-0.975342086418647,-0.216909586467494,0.034775227793863,0.021183231361305
1888,1666253241.431047440,72.343073962613857,296.716508650040169,14.436905047447924,-0.977240843956185,-0.206894740360972,0.043663951071563,0.016981127512335
1889,1666253241.531542301,72.476306703115114,296.801199855273921,14.409286390436655,-0.974686819051881,-0.218091204002186,0.043328927303690,0.023333142996922
1890,1666253241.632043362,72.607724303888418,296.886586132810862,14.390460656353749,-0.970750152971972,-0.236247028419396,0.034970950661980,0.024668090272570
1891,1666253241.730228662,72.738605162661628,296.977541625901267,14.411142994376458,-0.971272857669800,-0.235427895985754,0.027401292560809,0.021258196340664
1892,1666253241.830505133,72.866519623594954,297.074919687739850,14.440096843658736,-0.970380199822263,-0.239277251097752,0.031367052532693,0.011170179739810
1893,1666253241.931099176,72.989586737569994,297.169477080095874,14.445697660677061,-0.970574090857589,-0.238637676335238,0.031339989027416,0.007469851206334
1894,1666253242.032580376,73.116187386708432,297.257976391144155,14.415423724129884,-0.972731133421896,-0.230077147895345,0.028584880264549,0.006446139027292
1895,1666253242.130485296,73.244338801325526,297.337550882412927,14.396197514737244,-0.977066671167436,-0.211011574178328,0.021846080350833,0.018373470817328
1896,1666253242.231019258,73.376480634806583,297.418839385543492,14.407725190604053,-0.980686951231549,-0.191911776272105,0.019747778245455,0.032140302839631
1897,1666253242.331343412,73.506857950365131,297.499472800478088,14.430881930122753,-0.983715489333828,-0.174646813609654,0.029136153389718,0.030877355883430
1898,1666253242.430899143,73.629854764651242,297.576231133074828,14.428825768759465,-0.986602133689193,-0.157588806427198,0.030679603277309,0.028995858868629
1899,1666253242.530190468,73.750284702559767,297.652093998892212,14.398644693403401,-0.984501129940752,-0.170539255637863,0.027361795480650,0.030417422309286
1900,1666253242.629702330,73.875563219907832,297.725516893545603,14.386477928559001,-0.983107889230313,-0.178793430393310,0.017443845972477,0.035035690645383
1901,1666253242.729974031,74.006307161505958,297.800959407494474,14.398300415745279,-0.982798044636975,-0.180527690799891,0.014190517804160,0.036282027460529
1902,1666253242.830343485,74.135809596150708,297.883377898163758,14.419865831503566,-0.979116755003033,-0.198798543802784,0.025677260806674,0.033914559287863
1903,1666253242.931049585,74.258708665776297,297.961767319398916,14.417638457239766,-0.981599399250419,-0.186443842134839,0.031263751739547,0.026905221582141
1904,1666253243.030478954,74.380667176238248,298.033469454565136,14.389023495093872,-0.982920121794418,-0.178842078459856,0.032809428982501,0.028409268094189
1905,1666253243.130667210,74.509570318879554,298.101753001769794,14.370298607774084,-0.984200199864649,-0.170017562494598,0.031151189964953,0.038387477040666
1906,1666253243.231695890,74.642516121299906,298.168707765922534,14.379910048872684,-0.986047034811165,-0.154957242410448,0.037748184448473,0.047692480911605
1907,1666253243.332651615,74.770788036480852,298.229013572940289,14.391201905146488,-0.987003728401654,-0.142303554244148,0.055647541361913,0.049766351193253
1908,1666253243.431681395,74.883228793894304,298.279786411968928,14.391873489768571,-0.988327579996927,-0.128033732482145,0.065965542731121,0.049643782453574
1909,1666253243.531489849,74.982002993645253,298.332757941798207,14.376774229867088,-0.987341965309257,-0.135931633608401,0.065313747740887,0.049117704342173
1910,1666253243.631873608,75.073746028517490,298.388177868141725,14.363660179230491,-0.987092439289048,-0.143557588861806,0.055296285561989,0.044520285057804
1911,1666253243.733155012,75.165404902815922,298.440319743346379,14.361005353236994,-0.985733573811357,-0.156483238661885,0.044621112218277,0.043026431683120
1912,1666253243.830441713,75.254676708285970,298.492731849908978,14.362578146432588,-0.983112137132105,-0.171030211198635,0.054477934470694,0.035655957941160
1913,1666253243.930760860,75.338913970904883,298.546044367344621,14.363085340046714,-0.982634347288857,-0.171143500013154,0.067535988579830,0.024052695857101
1914,1666253244.032070875,75.410668566888361,298.590960290431212,14.348693968949794,-0.983944138216882,-0.160335731971234,0.077006476940384,0.014710147215991
1915,1666253244.132586002,75.465643816959499,298.623439874913174,14.322294498889647,-0.985707420129337,-0.150186498709575,0.074822861062094,0.015047822759727
1916,1666253244.231781960,75.506463437610421,298.650183189856023,14.292104831239161,-0.988026145463399,-0.138605120475108,0.064149103113444,0.021859758199934
1917,1666253244.331947565,75.540909772955871,298.681164848320407,14.260818824566813,-0.990133158298020,-0.126548736962935,0.050981872769288,0.031978034036030
1918,1666253244.432225227,75.575336080597495,298.720060325459542,14.232101631060116,-0.991460754829741,-0.117546947870396,0.045888490507452,0.032901871037102
1919,1666253244.532761097,75.618395757507201,298.757338767884846,14.215411368711601,-0.993099415067153,-0.102434393062699,0.049879477321442,0.027799004537840
1920,1666253244.632051468,75.667323424342072,298.786361804742285,14.199998498024371,-0.993836769065186,-0.093040304091291,0.055185748604592,0.024217997845059
1921,1666253244.731502771,75.712682482596719,298.807998491696935,14.172968419733314,-0.993647989043737,-0.095565881734134,0.053466487671394,0.025926257226985
1922,1666253244.831629992,75.755455772069539,298.823378994365157,14.140696815604391,-0.993155815878875,-0.103370285227112,0.044164595064454,0.031711166185189
1923,1666253244.933118343,75.798021202783161,298.836739777873618,14.109373323631278,-0.991737182333389,-0.117691136174487,0.029554031328804,0.041625915913092
1924,1666253245.033364058,75.843019256133474,298.851813338121815,14.074266235584579,-0.991003389403278,-0.123189001590473,0.024835319470599,0.046043012337924
1925,1666253245.131608963,75.895254827710389,298.869524137845133,14.051797531085214,-0.990816609721354,-0.123654917214833,0.028001052626304,0.046987747346454
1926,1666253245.232480764,75.951666008256936,298.892438170098956,14.032726925442857,-0.992576387137988,-0.107556733890505,0.037231605840725,0.042865746434964
1927,1666253245.333593369,76.002475964876467,298.915796228141573,13.997889026548847,-0.994742261005573,-0.084840995876854,0.042159219867454,0.038890098589640
1928,1666253245.434014320,76.044605005487995,298.938005620514332,13.950955643690248,-0.995322936593213,-0.076748994713210,0.039496174954259,0.043380823712293
1929,1666253245.532351255,76.077703484023687,298.963511075520501,13.909432670475979,-0.995414322843270,-0.073483811752538,0.030123462218358,0.053320092955386
1930,1666253245.632553101,76.115247486226949,298.993582511104478,13.885145869696204,-0.996460084031073,-0.064346219212903,0.027085509607026,0.046832042183955
1931,1666253245.732736349,76.162563636616952,299.016574043389653,13.868984609772173,-0.997335629068057,-0.051104496445037,0.030068395501316,0.042495470658642
1932,1666253245.832800865,76.213196973342406,299.032849309729954,13.845889579924307,-0.997055031367020,-0.055068070822540,0.031424973308485,0.043142126212727
1933,1666253245.931871414,76.263656178944927,299.045518352875888,13.810666634615117,-0.997041948558992,-0.056113129968824,0.028605370446322,0.044049997053555
1934,1666253246.031578779,76.318569156029284,299.055142428685201,13.766033218740253,-0.997153753184520,-0.055538978538088,0.025913932232188,0.043912213440422
1935,1666253246.132940769,76.378140902928095,299.061943584574578,13.722709304402359,-0.997062680511922,-0.054432726375742,0.028121104852921,0.045959687678836
1936,1666253246.232994556,76.433632941236652,299.071469091281301,13.694614912473071,-0.996913912902357,-0.052010615689825,0.035000644594502,0.047249349151567
1937,1666253246.332084179,76.484253640261812,299.088944212223680,13.674617084004522,-0.997331318081964,-0.042246879116558,0.041744608644787,0.042459755379615
1938,1666253246.432431936,76.533108128617030,299.111966990968256,13.645889536692600,-0.997881681209200,-0.029517595509036,0.044928838529716,0.036636884840768
1939,1666253246.533109665,76.580332989831049,299.137295153259231,13.606369351839369,-0.998083837730832,-0.021115554364152,0.045814815146478,0.035830000523065
1940,1666253246.633789539,76.624494162838829,299.166603979579463,13.561890761449440,-0.997712216875895,-0.027058679133302,0.044102848999139,0.043509756265783
1941,1666253246.731757164,76.671944029395661,299.199814265852353,13.532642393504231,-0.997598881769532,-0.025695214617095,0.046648516241748,0.044273501899038
1942,1666253246.832152605,76.728999431153881,299.228251896281108,13.518514254545563,-0.997395868940215,-0.015631073432966,0.057614867369887,0.040468224847130
1943,1666253246.932888985,76.788795310262714,299.249945824574013,13.496983895191271,-0.996780062152447,-0.019433229475120,0.067388923601217,0.038866312706512
1944,1666253247.034705877,76.846403773491119,299.263665706226504,13.456186285161507,-0.996245637080901,-0.027587023080538,0.070614554282566,0.041799180354381
1945,1666253247.131723404,76.898177347325927,299.267942024196259,13.408910259164058,-0.996460102638461,-0.027379241058960,0.066344639421671,0.043772477983233
1946,1666253247.232034206,76.950422136005571,299.269433847231426,13.357264466938775,-0.996867561437952,-0.025416312654957,0.057946302245435,0.047447887833469
1947,1666253247.332852602,77.007123658039603,299.276123058042515,13.326351681691284,-0.996669732589272,-0.019808242548551,0.061248923645981,0.050056438344880
1948,1666253247.435362577,77.062075257509207,299.293036307247064,13.318316178494888,-0.996928621941605,-0.002499705834922,0.066211984830291,0.041749817834154
1949,1666253247.532512665,77.103732721838057,299.312245661284919,13.296130740727540,-0.997282036729722,0.020272367322666,0.061755831897144,0.034695641888351
1950,1666253247.633400917,77.141536163163750,299.328196937758207,13.254604009181854,-0.997003779256055,0.046822425179194,0.052191563982386,0.032667496055804
1951,1666253247.732370377,77.178981917298728,299.341034027678347,13.205405394566190,-0.996586502119765,0.055717253468537,0.042516164570502,0.043626909228469
1952,1666253247.833680868,77.224428387623021,299.357529994260460,13.177919748564527,-0.996117436091464,0.061145633120506,0.039613382866870,0.049417051335587
1953,1666253247.932187557,77.272669335025796,299.371098385483833,13.168723250030720,-0.995266570426136,0.074322596656133,0.037941525522148,0.049810099975195
1954,1666253248.031913280,77.331056348311236,299.380284515741153,13.156531857351869,-0.995093435427183,0.077886776998395,0.038652722884670,0.047208810111366
1955,1666253248.133437872,77.398295531259620,299.379238326159168,13.122606520845491,-0.994668931152283,0.086275094834664,0.039168620458570,0.040695756326886
1956,1666253248.235464334,77.472670138145105,299.367376990793559,13.076088229649264,-0.994040832550497,0.094528990090309,0.036247135552037,0.040413344567019
1957,1666253248.333158970,77.544750934458037,299.346518147048243,13.032485235860216,-0.992650879201699,0.111630924089294,0.021167008799808,0.041650048565798
1958,1666253248.433094263,77.625170111539845,299.320058930052255,12.999899758865844,-0.991256988062910,0.123862150265124,0.012702783159673,0.043662233659607
1959,1666253248.533906937,77.716378031577193,299.295470287300873,13.003748418933409,-0.988919233400423,0.140767545145105,0.015162348710731,0.044646962115178
1960,1666253248.634857655,77.812291600576302,299.271910685961302,12.999327773320783,-0.983110301923985,0.177529867368277,0.017165724885882,0.041019731011730
1961,1666253248.733478308,77.914417578493442,299.241214705280356,12.963604574074042,-0.977013948078404,0.208512829412028,0.014507869019041,0.041900679796000
1962,1666253248.833833456,78.028069383706068,299.189819014006673,12.935134735360228,-0.964773029688826,0.257692657500759,0.016410939324320,0.050380318833181
1963,1666253248.934194803,78.145613405134085,299.126822215310654,12.945721729036928,-0.954244687253581,0.290692755963069,0.029835752744051,0.063439942757758
1964,1666253249.034292698,78.253387021570347,299.062042793414378,12.956725373744202,-0.940733256456107,0.329420613924509,0.050085894579873,0.063201285455463
1965,1666253249.133244038,78.348381538432918,298.992036287359099,12.941527669864398,-0.927388947195395,0.364017398048560,0.062477901598624,0.059477612171360
1966,1666253249.232934713,78.436992249941753,298.910156014398638,12.912004651602397,-0.922030572479619,0.375647712574240,0.068832090961307,0.063329003659798
1967,1666253249.332721472,78.517550394284484,298.814107568380336,12.895565397679707,-0.916612852430289,0.389145633530292,0.062249271416405,0.067168317472185
1968,1666253249.433160543,78.598931400304082,298.705663077851739,12.908454897319405,-0.915335486624930,0.393236155587654,0.056380172748472,0.065935946073421
1969,1666253249.532736540,78.675817505792423,298.593574486552882,12.923940922789892,-0.903209111766411,0.419377787205474,0.064100373359015,0.065013184478270
1970,1666253249.633346081,78.748099336602039,298.478349167884289,12.925852163164855,-0.893269615652069,0.439132971266142,0.070532875404642,0.065243703044263
1971,1666253249.734400511,78.812695140492551,298.359707018052859,12.904495973154207,-0.875752766210965,0.472820349745151,0.072670149218326,0.064938884755608
1972,1666253249.835706711,78.872772545271133,298.234378487628078,12.882221528094082,-0.861012081286268,0.500292238456603,0.063132438702334,0.066182831630765
1973,1666253249.933419704,78.931210508628823,298.109686711792335,12.890514783805495,-0.845334620573492,0.528501026225383,0.047018518411988,0.062332202471341
1974,1666253250.033925056,78.990446499574816,297.978806232736019,12.915165500574588,-0.819961004072828,0.567516130607905,0.052060429202061,0.053657292244467
1975,1666253250.136030197,79.042623637348456,297.846743610297722,12.925783455860868,-0.797047712763329,0.599153052740534,0.055030697330369,0.051982548242448
1976,1666253250.235872984,79.089174241190861,297.718998933067610,12.896250231265393,-0.796714310864177,0.600085090538664,0.047255026210978,0.053955106108898
1977,1666253250.333098888,79.132284795730399,297.583836453339757,12.869669654309597,-0.803324165271149,0.591621357125332,0.036507258960209,0.057633977199252
1978,1666253250.433756590,79.183469944609413,297.426362412537344,12.885313769152043,-0.797387359494376,0.599699526090600,0.031221888450718,0.059657950072624
1979,1666253250.534285784,79.241686050863251,297.271970673964461,12.903737598160395,-0.792944062745615,0.604288168144586,0.041612060564838,0.065908721824103
1980,1666253250.634731293,79.301742380052147,297.129313252720237,12.904742500891148,-0.789411155610908,0.608371676778581,0.048166189541247,0.066286865031811
1981,1666253250.733771801,79.358155094879564,296.989433022481194,12.877664233486279,-0.786135721712337,0.613032806771680,0.047093856282277,0.062956918364261
1982,1666253250.834281921,79.409786827599575,296.835524009048413,12.854904691530429,-0.776094353345042,0.626405955208070,0.038817351749095,0.061533301463462
1983,1666253250.935555935,79.460702959836695,296.668817266876204,12.871525194462777,-0.763291275088185,0.641468327229939,0.034452882668977,0.068686340788210
1984,1666253251.034759998,79.508093172940590,296.509326750345565,12.892524159507062,-0.749013357260855,0.656704628475552,0.047599327962712,0.073839864308566
1985,1666253251.134714365,79.550327122463599,296.358635032846053,12.886177653982624,-0.737918130066307,0.668981780846950,0.053666008343554,0.071134870230828
1986,1666253251.233987808,79.586870032941803,296.209615997942763,12.855016697581737,-0.751248710149220,0.654606592021770,0.050629157811293,0.067470538460107
1987,1666253251.335133553,79.614202361353449,296.046897885593637,12.846907237307009,-0.756398166898685,0.649793560213864,0.039798689933840,0.063609798745564
1988,1666253251.433840275,79.642148702374172,295.883596261586092,12.867581284737703,-0.757324955540893,0.648921359086020,0.038794263084293,0.062088538303647
1989,1666253251.533642054,79.675608860754963,295.729290296080194,12.888594662119466,-0.760705528336362,0.644587216661497,0.043987678142934,0.062446004249062
1990,1666253251.634132862,79.709265627478146,295.582857093521056,12.878357172749096,-0.758900063811948,0.647499307221016,0.040613348904578,0.056266297063879
1991,1666253251.735223293,79.737941295563544,295.430270495322588,12.846975325173412,-0.752703747346600,0.655661562524250,0.031853746485485,0.050302315985276
1992,1666253251.834498882,79.761473916977664,295.267199957985667,12.847775577797263,-0.746714535822825,0.663127252373957,0.018767399890498,0.048243485065029
1993,1666253251.934658051,79.785180979909782,295.098360634933499,12.873716073228435,-0.739622543124818,0.670396968659556,0.019338912084415,0.056146278532467
1994,1666253252.035669088,79.808972143986779,294.934590633670609,12.890624380853264,-0.730221150449553,0.680087860189885,0.025147694408508,0.060209362431528
1995,1666253252.137620211,79.831155672978937,294.775422702466699,12.864712421566553,-0.725489896928467,0.685425605340310,0.020986313035896,0.058444192729066
1996,1666253252.234095097,79.851352709195822,294.616911654004298,12.835605857277203,-0.742390415151790,0.667551288961765,0.015935562298186,0.054569276616798
1997,1666253252.333709717,79.872224284828391,294.439532545649797,12.845426606061965,-0.745997861314819,0.664050642318344,0.011405724814271,0.048926933194021
1998,1666253252.434288740,79.901166557810328,294.259457584450786,12.869053516855477,-0.749635340200401,0.658921148350300,0.019833002197485,0.058961250013774
1999,1666253252.534574986,79.935375428933355,294.091231932143728,12.870643381525182,-0.755986139855536,0.651450481995089,0.029785749243027,0.056657170744076
2000,1666253252.634597778,79.968456592973553,293.928536001584803,12.834367643335979,-0.752962035269351,0.655223538656355,0.030392740014878,0.052977062848641
2001,1666253252.735140562,79.995467688689033,293.758704635248819,12.812727291547345,-0.742364643717369,0.667810767607880,0.020852243717075,0.049886855556571
2002,1666253252.836122751,80.021612689278740,293.582598190214185,12.831514103430939,-0.735789477237425,0.675014670933759,0.016983642201684,0.051774463864267
2003,1666253252.937102795,80.043442082435902,293.411273660483403,12.851552002039528,-0.721743774485220,0.689526931061797,0.022714456798185,0.055880128710401
2004,1666253253.034850836,80.062003210647930,293.251982646243789,12.836692961039116,-0.723682412981058,0.687376708386879,0.018776578687141,0.058689573196086
2005,1666253253.134279013,80.079349407573957,293.091383579269291,12.800404048685305,-0.741729980401872,0.668299977151493,0.007952977436849,0.056111735512647
2006,1666253253.233778000,80.092601033311169,292.925679781362874,12.793677786193147,-0.756098637882160,0.652648099489374,-0.008283579643444,0.047923797156962
2007,1666253253.333734512,80.113310550107016,292.752774020671552,12.813746468791438,-0.758259381778260,0.650259940177360,-0.008971287830542,0.046089436321657
2008,1666253253.434424162,80.143481232233100,292.577611939184010,12.832848439998253,-0.765150196900782,0.642101278085663,0.001166675444633,0.047431674352267
2009,1666253253.535320759,80.176067010188973,292.402348229674317,12.810468537253655,-0.758154473688678,0.650604928863045,0.008950726612989,0.042835791787411
2010,1666253253.636246204,80.201752064025442,292.221393324462724,12.775306297752319,-0.741813100831975,0.669318692792330,0.012563725230154,0.039597521654240
2011,1666253253.735439301,80.217151682217619,292.036390780704266,12.785430356619024,-0.731777716904417,0.680473938507389,0.010220528405530,0.036771359146948
2012,1666253253.835197210,80.229156392118810,291.855212158795666,12.811204171101146,-0.721254409592177,0.690986095098693,0.019122603032829,0.044324023704405
2013,1666253253.934883118,80.237885378485174,291.684372587505948,12.813330034546048,-0.709644379760518,0.702613435251078,0.023609540298480,0.046709790043235
2014,1666253254.034633875,80.245792431587660,291.519071054619815,12.778608879486059,-0.717585621808475,0.694875519138435,0.018967788957168,0.043117412467716
2015,1666253254.134903908,80.254337987017522,291.346971788729093,12.765989913245633,-0.733709666380406,0.678465426583943,0.012402111918515,0.034655129637359
2016,1666253254.234683752,80.271699145691059,291.167333104697263,12.788459368352109,-0.733810031857710,0.678276114590447,0.019414164637114,0.032976351109813
2017,1666253254.335894108,80.297424544008436,290.988115662682958,12.807841842277089,-0.744419312455686,0.665868144459473,0.030995675303247,0.038713945156713
2018,1666253254.436303854,80.322969891032940,290.814929445283951,12.786210739819275,-0.746216419803049,0.663525058264053,0.037263532582604,0.038819853315918
2019,1666253254.535513163,80.342410059918734,290.635732373972871,12.751991534420291,-0.739416898697764,0.670906038855412,0.039352699436039,0.039988773357254
2020,1666253254.636488676,80.359299337663884,290.447112682586123,12.751605902986578,-0.727577211877917,0.683880940071095,0.033307402658259,0.042765377253018
2021,1666253254.736881733,80.375923674186637,290.261728421038640,12.771876582379530,-0.718415005327443,0.692326506698944,0.045291819965041,0.050125236025982
2022,1666253254.835936546,80.387053849609941,290.087109683513972,12.775460533061038,-0.714834195360322,0.694884808489819,0.047529204510229,0.062355038226710
2023,1666253254.935673475,80.396958198283187,289.921441718094400,12.739324304191419,-0.728514503893022,0.680388848153387,0.039822021000380,0.068933588108095
2024,1666253255.035294294,80.409606040299991,289.757962696993275,12.721897307351195,-0.743241557970526,0.665240972356058,0.032054213106075,0.063395288677170
2025,1666253255.138163805,80.424384246557793,289.584042681089102,12.746891834578188,-0.732459596691613,0.678021704946183,0.029361205131478,0.054105697199632
2026,1666253255.235503435,80.439760044612044,289.421838520710708,12.771516166582948,-0.731550300805867,0.678644277060738,0.034296050904628,0.055676597380775
2027,1666253255.336335897,80.455572135716480,289.258534677981800,12.767788507617587,-0.729425246274969,0.681039919576290,0.034743546674993,0.054002999959850
2028,1666253255.436360598,80.473418548835397,289.099293624338316,12.737561486815400,-0.726243711206346,0.684821057325827,0.027640248523073,0.053162092114139
2029,1666253255.536738873,80.492640709577188,288.941582919014820,12.732591492711245,-0.715469997800210,0.697121803334409,0.012951559162510,0.044228166125312
2030,1666253255.635832787,80.513365907375373,288.779724122138248,12.752241737024807,-0.710213686354440,0.702704433166304,0.010124547630578,0.041237032610713
2031,1666253255.736178875,80.529103742236160,288.611412435650720,12.773065906963133,-0.702737080200345,0.709689407537513,0.014467752003839,0.047877187600182
2032,1666253255.836568594,80.539573335406246,288.443553018757996,12.758843367047646,-0.701457906071469,0.710731930140287,0.009192499826464,0.052272626065972
2033,1666253255.937128067,80.547396732037768,288.274334602810541,12.724818658114204,-0.721168641704864,0.690299673713968,-0.002503969909311,0.058274186623615
2034,1666253256.034757376,80.554340031932128,288.107345317799343,12.724618881560779,-0.731780465612218,0.679032816723946,-0.016305707045222,0.056088393434506
2035,1666253256.135683060,80.566073025098717,287.926391409304074,12.746575546882964,-0.733926614929008,0.675443801668354,-0.016232210775343,0.069741738005256
2036,1666253256.236161709,80.581253356877411,287.748626397503244,12.751620268323379,-0.740342794922806,0.667189830896877,-0.010242397978147,0.081519131725885
2037,1666253256.336008310,80.601825675684381,287.579979396867429,12.720350609754462,-0.728667615707934,0.679570376860165,-0.005946381143786,0.084807129794265
2038,1666253256.436617136,80.625488558862230,287.418407239492865,12.694639314208770,-0.713782076819846,0.695880167734721,-0.006791654689263,0.078865787200955
2039,1666253256.537527084,80.648077787900633,287.260933061954688,12.703601057711181,-0.699091666734767,0.711159935984030,-0.015441025747825,0.072690863779788
2040,1666253256.637688875,80.670615031599496,287.102358696272518,12.727135115472082,-0.694183592856437,0.716216183674776,-0.008490662837328,0.071213947340747
2041,1666253256.736171246,80.691273558514553,286.943321546888853,12.724669822710517,-0.685244010428654,0.724784069013537,-0.005645601689635,0.071392062985999
2042,1666253256.835474968,80.716537568846007,286.785037477110677,12.688265861940437,-0.699989454718729,0.710898529535511,-0.009114484511640,0.067490519029803
2043,1666253256.935301065,80.747105016019191,286.624465581339223,12.681902507138714,-0.708158811909360,0.704304729048850,-0.012537481998494,0.048049529651054
2044,1666253257.037590742,80.783024287004451,286.449214928387221,12.714356352687041,-0.700306981122292,0.712951961301633,-0.004429662107248,0.035355496901504
2045,1666253257.126720667,80.810804597094034,286.301250781159013,12.736066533250415,-0.706249110102282,0.707271383060445,0.000480526890087,0.031291440960873
2046,1666253257.226995945,80.840302463974979,286.139770895877859,12.721902122768297,-0.717813850413491,0.695741625201735,-0.003293730610944,0.026000354898928
2047,1666253257.328510761,80.870965621653909,285.971057570773269,12.681360798413669,-0.721238152835577,0.692342344267945,-0.007276123423818,0.020607359263421
2048,1666253257.427975655,80.896970025809907,285.791183700779811,12.684442015263738,-0.714566421986364,0.699176358242419,-0.011420224877940,0.020416344144134
2049,1666253257.528272152,80.915906607351431,285.599757424435950,12.711318760958680,-0.714088395736648,0.699274450232016,0.001980841799857,0.033001251381366
2050,1666253257.628772259,80.923223691592781,285.412305455905994,12.715664387790707,-0.699404402821472,0.712994454754680,0.013713485388390,0.047794655784074
2051,1666253257.728906393,80.929473582637812,285.232575533670058,12.675741907266890,-0.703978113044449,0.707512713560612,0.014383451531385,0.060280119662466
2052,1666253257.827407598,80.938879191488169,285.058186859090767,12.650214696851345,-0.713493905737440,0.697913293991529,0.016955568255280,0.059632115932337
2053,1666253257.927861929,80.949131737637714,284.877503523750022,12.665960512865512,-0.708134123489908,0.703721110556207,0.019870526164120,0.054109369767903
2054,1666253258.028742552,80.963399844918072,284.699096676391207,12.686583463648201,-0.712771228671058,0.698188684798100,0.032289332367794,0.058712307175676
2055,1666253258.127654314,80.976090476063902,284.533517206526938,12.685190764119183,-0.714129425732250,0.696476007630196,0.036917682179004,0.059811527662827
2056,1666253258.228190422,80.984480797192475,284.367597809482959,12.654538228885663,-0.707478386935341,0.703675951210602,0.037139950252201,0.054176672124508
2057,1666253258.329322815,80.988570351973365,284.194179618961243,12.644039115912058,-0.699965697582905,0.711839750293493,0.025484696482696,0.051795003181386
2058,1666253258.428376913,80.995515827996300,284.020580149866362,12.664918062650228,-0.691999413770233,0.719475438304216,0.024952520145632,0.053565630370528
2059,1666253258.529585361,81.000268908856057,283.848730210547501,12.691348830311393,-0.673028590402753,0.736742220413489,0.037549132081124,0.053230440920972
2060,1666253258.629088402,81.002305206110520,283.688207600760165,12.677448821751772,-0.671554028518071,0.738206204314552,0.037685166539522,0.051445261351656
2061,1666253258.728476524,81.001179764963780,283.526678315717163,12.644477243190160,-0.688103030564009,0.723173386251727,0.032617511343239,0.049704835776912
2062,1666253258.827711105,80.996858712756421,283.358161547319753,12.657147388867285,-0.685899564680390,0.725903302804616,0.030736000534080,0.040761261263236
2063,1666253258.927923679,81.001005728724110,283.191154647414237,12.689677505973284,-0.686721624935371,0.724802806516801,0.039595174951583,0.038813961818461
2064,1666253259.028428555,81.009854660701976,283.037593179995383,12.705057107038202,-0.695382432587372,0.716717021025304,0.039783885399371,0.034310737153439
2065,1666253259.131953001,81.017226920974309,282.884104033088477,12.680946761851070,-0.708775962581850,0.704217544770763,0.031658546374080,0.026683720593117
2066,1666253259.227330208,81.019437932661972,282.736058143429091,12.653994470079276,-0.701247324581653,0.712407349524170,0.018568282176022,0.019574907612905
2067,1666253259.327996731,81.022439760592306,282.565540590738408,12.667564984217861,-0.695453658067114,0.718301004107170,0.007518210227935,0.018203117718384
2068,1666253259.429103851,81.027192476054964,282.390424629484187,12.694377098731136,-0.682268956679273,0.730538550355340,0.014536328276248,0.024722304842800
2069,1666253259.528529406,81.033468454992232,282.222288109792714,12.690642059386123,-0.682815952313143,0.729764217060831,0.018448885052717,0.029431299743640
2070,1666253259.627390623,81.045661980902196,282.057982121067141,12.648605067324869,-0.694616722907614,0.718588956912325,0.018522045232432,0.028186044439595
2071,1666253259.727361441,81.060190835414119,281.889969058495637,12.622578610842842,-0.705186882228199,0.708605250632030,0.016310522366568,0.018000743599077
2072,1666253259.830499649,81.074102000832369,281.716485163128709,12.630047182837020,-0.710970122216310,0.703017263440443,0.012688756308979,0.011278656115303
2073,1666253259.926706553,81.091855811204553,281.553177816145933,12.650303367766131,-0.723515605979653,0.689844723713906,0.019979549072867,0.015499764089341
2074,1666253260.026952028,81.111622107085708,281.385210058360315,12.643447361132379,-0.728318547572039,0.684621892637513,0.024930712724582,0.014947138422765
2075,1666253260.128530741,81.131689136148722,281.213910285333100,12.596522994464529,-0.715844556210464,0.697611700925061,0.028726768417762,0.008902744102779
2076,1666253260.229644299,81.144361217212861,281.037204071030487,12.570985577223627,-0.697399383450572,0.716260636081147,0.024120844293558,0.004794375241776
2077,1666253260.327718258,81.149975810795766,280.860587887121994,12.586361268958553,-0.695980113242614,0.717455140937726,0.025932775447441,0.014046133646623
2078,1666253260.428472996,81.146536147022672,280.683307206395568,12.607058894707302,-0.687268084691165,0.725071112833458,0.032768021112058,0.029337993997349
2079,1666253260.530105114,81.139820821507740,280.517029966434222,12.577211478746225,-0.689650529504400,0.722721560119642,0.025789860721813,0.037290438137420
2080,1666253260.626317024,81.136558283777305,280.361116287475454,12.525010635651082,-0.710109042646138,0.702699690311287,0.017220570013278,0.040764503640112
2081,1666253260.726645708,81.136003557393934,280.188329147239756,12.517761213944766,-0.713245145387937,0.699998572823266,0.010092942183851,0.034372854754950
2082,1666253260.827961922,81.145336237843921,280.004504783876484,12.535929457385933,-0.711227650408754,0.701666065523567,0.024342916513657,0.035034043476742
2083,1666253260.929267406,81.155965413201756,279.824872268441879,12.544378932341493,-0.709706325064639,0.702744018546235,0.035509240676701,0.034740040116530
2084,1666253261.027527094,81.161099743051054,279.657163943777505,12.511173468768591,-0.700826174070598,0.711754282953003,0.037343702473296,0.029222633714474
2085,1666253261.128210545,81.155587852558511,279.481979416191507,12.471813752238271,-0.686344720688579,0.726269221658849,0.029132563023730,0.024803947783257
2086,1666253261.229532957,81.142316915710211,279.298078374849183,12.476263298250297,-0.672271602061258,0.739466041156488,0.023167625449995,0.026535413494970
2087,1666253261.327600479,81.124934019864114,279.124171076996106,12.503971711815455,-0.651181072422816,0.757573222976280,0.030635836597276,0.033278645759530
2088,1666253261.427480936,81.104287913788184,278.958807594704922,12.502124618673422,-0.649078880997484,0.759445925791777,0.026821174658306,0.034915850716717
2089,1666253261.528177977,81.083947048687776,278.798772189909926,12.454715723975637,-0.665364713860735,0.745667216183805,0.014434401985697,0.032586013825459
2090,1666253261.628516197,81.064509299858571,278.636020845947769,12.437018713208497,-0.676455709930446,0.736176822117265,-0.000085766773339,0.021245039983063
2091,1666253261.726795435,81.050863546780931,278.466698950854891,12.452578115245531,-0.673806229316448,0.738650032018462,0.002234105004056,0.019398564593977
2092,1666253261.827362776,81.040648248249525,278.290891145173873,12.471023995873120,-0.681263192654365,0.731666654847380,0.010101077089038,0.021031803547656
2093,1666253261.928170443,81.030865646702111,278.118183851175786,12.442023437956488,-0.680389645104493,0.732590977896861,0.012465538891191,0.015000009295135
2094,1666253262.027528048,81.017201926397149,277.943139188704720,12.396756184107803,-0.668389825318363,0.743649797303464,0.011561402256596,0.010312824989576
2095,1666253262.128095150,80.995527724555657,277.757124992611864,12.397918842525209,-0.650677126803233,0.759286135299605,0.004911253918529,0.008928660696179
2096,1666253262.229727745,80.971628075236168,277.567964981033867,12.425575494364532,-0.639508100176886,0.768434167007865,0.015992789233581,0.016809267551239
2097,1666253262.329871178,80.945412557718072,277.389621220726951,12.426423012224546,-0.630927037714132,0.775340627875404,0.019220135888920,0.020213120082172
2098,1666253262.426895380,80.919242581171190,277.216878066349750,12.381055697247508,-0.651306365455711,0.758236354666263,0.013113191455008,0.026564882630135
2099,1666253262.526418924,80.888934074945240,277.036078324562368,12.349149109212435,-0.669216292246879,0.742594589881240,0.006864499048147,0.025606794474730
2100,1666253262.628787279,80.864318487070221,276.847366546310411,12.358373789971349,-0.675343126360924,0.736864895266160,0.008810033262759,0.029396787500554
2101,1666253262.726480961,80.850995616612778,276.672564822881895,12.376085358522033,-0.686238998633263,0.726243578320528,0.012750884997863,0.038519042495663
2102,1666253262.827619553,80.841735788317152,276.498612900805483,12.354293902626893,-0.684613457053855,0.727962325480494,0.017703463570802,0.032586108687560
2103,1666253262.930096388,80.830717492585023,276.315189326444056,12.304534010279657,-0.670400795254814,0.741251300958915,0.019088046688566,0.027293387881395
2104,1666253263.031584740,80.807475954990565,276.114889203169923,12.303172427603903,-0.644955883828068,0.762949156112693,0.027816017225028,0.034157902280754
2105,1666253263.129583120,80.778282506838792,275.922050942274723,12.326667867792148,-0.627049063173707,0.775857797734618,0.043174937025700,0.054681577155308
2106,1666253263.229450464,80.749307874572779,275.742108084101858,12.326498115268116,-0.621191261250096,0.778992076624505,0.052670725553103,0.067220206578568
2107,1666253263.330065727,80.721562591308697,275.573903337366744,12.283840533856596,-0.629962457236188,0.771895288117146,0.047787458838489,0.071002291746483
2108,1666253263.427092314,80.693058791631145,275.412958299893717,12.258351735203529,-0.650388745808390,0.756018537592250,0.036121622799509,0.064231444861493
2109,1666253263.527720451,80.670055669771997,275.234323998295338,12.286337085307053,-0.646641979715699,0.759331048693446,0.042369875417690,0.058951693924456
2110,1666253263.629109144,80.653803508121428,275.064141821249450,12.317190290099211,-0.644408967556507,0.760934476764972,0.050351933158824,0.056395810397092
2111,1666253263.729266405,80.640975337610044,274.906770819958524,12.315836402645509,-0.650591757997290,0.756105181533343,0.051304421369823,0.049022191223294
2112,1666253263.828792095,80.623684815552693,274.752462430721494,12.276200057482212,-0.649781254218937,0.757758392653389,0.044576782304454,0.039993130765149
2113,1666253263.929725170,80.597432571618853,274.584838927576584,12.256472276322985,-0.636947732890525,0.769474476093564,0.034468186036949,0.031914892408989
2114,1666253264.030313969,80.565677103194929,274.408092341364522,12.279258679977424,-0.627312676338581,0.777066172396283,0.034987009995723,0.037721067772206
2115,1666253264.129196644,80.531790764619160,274.241873773851808,12.300475417113226,-0.617597186707142,0.784338021259078,0.037728945478357,0.044318281238211
2116,1666253264.229792356,80.496091907620411,274.083869958841603,12.276840420714771,-0.619069509702771,0.783638302402549,0.030595607641369,0.041567558950188
2117,1666253264.329149246,80.459440021744257,273.927023687513270,12.228963601783143,-0.647946310800217,0.760446280007187,0.013866953995995,0.041167233699781
2118,1666253264.427833080,80.423070721800173,273.761958607548024,12.222670959420180,-0.655158875965556,0.754610452432881,0.001838546012531,0.036421587982301
2119,1666253264.528290987,80.397373650222235,273.587731039249718,12.246926820765065,-0.660243487305372,0.750020332078540,0.008904398163457,0.038324282550155
2120,1666253264.629131794,80.378338899598290,273.414396249465653,12.251603042051263,-0.660797288368529,0.749299781378003,0.017960710188610,0.039676116256463
2121,1666253264.731241703,80.355430221178040,273.232300644541738,12.211167901133795,-0.654560194739391,0.754561759347494,0.025724480332495,0.039060899948261
2122,1666253264.829564333,80.322299964539823,273.053179938086771,12.167799450391758,-0.631540804425628,0.773784722516197,0.026418130933968,0.041418569554229
2123,1666253264.929903746,80.282961907101850,272.872940449781083,12.172031068187119,-0.616562156379610,0.785326339316339,0.024725728764007,0.050022859110737
2124,1666253265.031760931,80.240450123484393,272.700526679446057,12.192636469643594,-0.609199575382956,0.790157517808797,0.026949947404536,0.061649612637544
2125,1666253265.128823042,80.203186598488827,272.546663458570379,12.181188139877261,-0.608653669156603,0.790409607503023,0.019727736894170,0.066363994651889
2126,1666253265.228418112,80.169317980751259,272.391372898288580,12.136884796554618,-0.622241289408063,0.780351484402970,0.008319520690966,0.061628922766390
2127,1666253265.329052687,80.133988595804354,272.225914072334263,12.115964568432435,-0.631402457808455,0.773606186005998,-0.000636999080961,0.053516347772110
2128,1666253265.429183245,80.105680443740837,272.050244308470042,12.132865074606226,-0.630086660520938,0.774418177946525,0.009533238469829,0.056359588925337
2129,1666253265.529563427,80.085035289911048,271.879517562541309,12.147958737690082,-0.634178548413772,0.770619749312595,0.021200012982699,0.059273351100872
2130,1666253265.630307913,80.065304488827806,271.715114865373721,12.120465971944647,-0.633930368856702,0.771162122689477,0.025754836603653,0.052706321838886
2131,1666253265.731098413,80.037554045592074,271.548172101079047,12.076311483602893,-0.618436924126305,0.784108225853609,0.026188518547581,0.044991360528256
2132,1666253265.830930471,80.001800621892244,271.375813028079108,12.074420643810887,-0.594704449101504,0.802474453631308,0.023082973201516,0.042761499461421
2133,1666253265.931082487,79.961519050831981,271.202891736685501,12.099810158689483,-0.587439335083139,0.807018988545422,0.030459948819623,0.052034327535863
2134,1666253266.030463696,79.919567419335607,271.044366077086750,12.097858626080207,-0.588033008907585,0.806240761718746,0.026539594340554,0.059064917764328
2135,1666253266.129165888,79.882378589926546,270.895903527602115,12.051872803933565,-0.609553472922174,0.790537260875974,0.010692922110578,0.058146919367794
2136,1666253266.228387594,79.847674289696229,270.737896980836979,12.026933997258904,-0.630329612134069,0.774873533712523,0.000858448629409,0.047485259657414
2137,1666253266.330194712,79.817698108054145,270.559205099280462,12.045925633521847,-0.625423384250114,0.778996774932571,0.013413253341099,0.042774989334831
2138,1666253266.430280924,79.794925067059708,270.386415820259117,12.064367443119847,-0.630027468008363,0.774682560730199,0.025246347595385,0.047905548619807
2139,1666253266.532666206,79.773148463435675,270.215800440122337,12.043485111567835,-0.623884957096139,0.779462310912321,0.036577561671828,0.043222079525593
2140,1666253266.633483171,79.742819401419155,270.047258282814653,12.000775507497584,-0.607604608342279,0.792394335679704,0.039852875426855,0.036600615078945
2141,1666253266.734647274,79.698753668205597,269.876690136366619,11.996136697578995,-0.592492198378586,0.804250388850533,0.030335907243771,0.034843071419933
2142,1666253266.834196329,79.652422987157522,269.714559545424265,12.020268017333839,-0.583184410738273,0.810764502566064,0.028397618599963,0.041838256518495
2143,1666253266.933571815,79.608084297569818,269.565039268242344,12.030371274049017,-0.577050934093188,0.815175180331582,0.022966584341139,0.044431754829777
2144,1666253267.032907963,79.565908244236965,269.424837626433316,11.995810602987012,-0.581283081905821,0.812780568939164,0.008408396992066,0.037775975235904
2145,1666253267.131267548,79.519952474916295,269.281963528133815,11.963581396051836,-0.612787641116829,0.789586034546481,-0.011148401858424,0.030346566191907
2146,1666253267.232532501,79.467998879892448,269.120735228335548,11.971859091876150,-0.615741925237603,0.787211185314577,-0.020320023849183,0.027340955562634
2147,1666253267.334121943,79.423660175893616,268.951306290577122,11.994944003852876,-0.618231161801455,0.784979533086474,-0.014645975454824,0.037186807014606
2148,1666253267.435120106,79.387767262268525,268.784115230056727,11.982303295248396,-0.617013763646876,0.785911675215001,-0.006120694960533,0.039992390829605
2149,1666253267.534430504,79.350810109168975,268.617413779152855,11.934669119694382,-0.600526650079778,0.798557818715573,-0.001533005128049,0.040875452382364
2150,1666253267.634922743,79.300203278109748,268.442096608386123,11.924055331447850,-0.576834572803094,0.815644737056556,0.000847831887127,0.044551315492420
2151,1666253267.735157490,79.242655014299174,268.267267086131938,11.952401884448731,-0.571882118342814,0.818060344723552,0.005860597369680,0.060776381177145
2152,1666253267.832584620,79.190440235514629,268.112272928159825,11.960559953081221,-0.559889328156403,0.825399076145412,0.012409010646818,0.071318453219620
2153,1666253267.932320833,79.142118228598022,267.964136663179772,11.929450988190055,-0.562202527150427,0.823899079452135,0.009914776657590,0.070854234505980
2154,1666253268.033443213,79.091394791518653,267.812984126783533,11.897267532731906,-0.579777791246229,0.812496950028900,0.006190276483608,0.060564836732508
2155,1666253268.132361412,79.039775443399449,267.653600913546313,11.909615640351721,-0.579234026225854,0.813320909822175,0.007765477805311,0.054191677060878
2156,1666253268.233181715,78.993235937235340,267.489976138073530,11.932653009674636,-0.582928594725938,0.810268448687104,0.022688597264368,0.056076038262456
2157,1666253268.334422827,78.954055702294170,267.333260910562160,11.930912049515520,-0.586846700074293,0.806986570129438,0.033613894162759,0.057041496840923
2158,1666253268.435140371,78.913117893247247,267.182664848804109,11.893040434225252,-0.583804992773153,0.809395816878609,0.038706560770086,0.050516771332905
2159,1666253268.534320593,78.862560230077648,267.032228696416666,11.870875609979283,-0.569743571661630,0.819973260438734,0.035347047877046,0.042269385163474
2160,1666253268.634678125,78.808575893545097,266.879044066449012,11.882164482565759,-0.566525987608966,0.822728032601710,0.021925466890433,0.041062922894540
2161,1666253268.734256268,78.754793713729597,266.727388773808514,11.905998863765204,-0.557669292364348,0.828455611263401,0.025193632580368,0.045072623591677
2162,1666253268.832738638,78.701603420193422,266.582321236145731,11.897347613245417,-0.555872547218699,0.829840432999685,0.020141324304483,0.044327125586392
2163,1666253268.932418108,78.649533055567090,266.433707122027272,11.853884111719774,-0.577673853829838,0.815223282295254,0.011813065564184,0.039552118617235
2164,1666253269.035358906,78.592763639593116,266.272864390321104,11.836283091589861,-0.588930084740783,0.807703321421642,0.008550902282559,0.026525118695615
2165,1666253269.132761955,78.541797303084664,266.111599221610277,11.852287000010948,-0.591966482366696,0.805396772255432,0.011707752253870,0.027832562442101
2166,1666253269.233328342,78.493844986754098,265.946182795837444,11.866364422510276,-0.603917634591046,0.796135330113281,0.017405905648202,0.033897805591806
2167,1666253269.335110426,78.443238205575128,265.780646005231347,11.840357113696575,-0.604030885561199,0.795990626803120,0.020853393614792,0.033327875787053
2168,1666253269.434320450,78.385958980161035,265.616792827083771,11.796310061418620,-0.589778853328636,0.806679952591689,0.020165565362163,0.031964170983357
2169,1666253269.535029411,78.322544364581788,265.450713430770008,11.788620450280913,-0.568415966615568,0.822025226133748,0.009499221713173,0.032978497283739
2170,1666253269.636080503,78.257442340715755,265.288579259544633,11.810901023548363,-0.552188091593548,0.832646377730058,0.015299215761605,0.039424042821219
2171,1666253269.733819723,78.195356600535789,265.142942796222258,11.814608595577052,-0.539070960987138,0.841029374702914,0.015935897976656,0.042639618465782
2172,1666253269.832225084,78.132973011139697,265.001739833960187,11.777507354811151,-0.555149799222782,0.830758368414185,0.004720310119934,0.040335498076472
2173,1666253269.931811333,78.063636385233565,264.853514782944615,11.744756173392387,-0.577742697705527,0.815453658579120,-0.007940663209401,0.034433295306470
2174,1666253270.033595800,77.991217268992287,264.685969016099364,11.754626351115911,-0.578927255832710,0.814523817857715,-0.007392138861662,0.036599711468133
2175,1666253270.134563923,77.927594356011980,264.519200158326385,11.771842240940313,-0.581592091400043,0.812069821139013,0.003536970887600,0.047757037733888
2176,1666253270.235350847,77.873610954008939,264.361629503878703,11.757090109515660,-0.581939778197153,0.811560494559433,0.009234342047580,0.051287280579547
2177,1666253270.336751699,77.817974402506863,264.207734720688904,11.712123880767130,-0.571629011154756,0.819277511213428,0.013689276531134,0.042863001927327
2178,1666253270.435845613,77.748730992171446,264.052793588776410,11.699079095139044,-0.552106820476378,0.832897350571091,0.008971830382356,0.037142542383508
2179,1666253270.535873413,77.671149353938830,263.895491336293048,11.719750434720517,-0.538054197037696,0.841567773113170,0.011373410875042,0.046173691995848
2180,1666253270.636189461,77.594210724019661,263.747711211809019,11.731177655274713,-0.527173806452024,0.847857963658378,0.013330007099556,0.055199294947297
2181,1666253270.734274626,77.522193832288508,263.610881153995024,11.699290270408746,-0.532292443849630,0.844674253250049,0.005642903673977,0.056198912402173
2182,1666253270.833803654,77.448627273865910,263.469595251639134,11.655433629748194,-0.556020127530877,0.829438875628975,-0.006272099447159,0.053229974116220
2183,1666253270.934791088,77.374240934876255,263.315606585025762,11.652245506559096,-0.560494434313072,0.826981078047650,-0.007921585261122,0.043422737617144
2184,1666253271.035830259,77.310123221105542,263.155806387774646,11.671770299202972,-0.561771288532219,0.825771889403587,-0.001177563240489,0.050124040105475
2185,1666253271.134645462,77.254995576875189,263.004662277238083,11.673596587032247,-0.566042419648212,0.822739266897314,0.008111134231686,0.051286327276798
2186,1666253271.236139297,77.197571941362341,262.852214132136851,11.638964203696430,-0.557877786896028,0.828659898669302,0.013320155004108,0.043791787997741
2187,1666253271.337405682,77.130200073370403,262.696043364069908,11.611010923383372,-0.546280637769127,0.836606299554945,0.004351934373495,0.040600800617052
2188,1666253271.427410364,77.063964765811491,262.551871382395120,11.623147226940569,-0.532299932625686,0.845486357535787,0.004046245303394,0.042346532874632
2189,1666253271.528566360,76.989917867010249,262.395367317851253,11.645942109266032,-0.517307238843034,0.854158220779884,0.009685775384999,0.052087813065350
2190,1666253271.628236294,76.920115947543991,262.252923794138098,11.633965111337789,-0.516169363865642,0.854811551507734,0.006519513379229,0.053140334594128
2191,1666253271.731015444,76.851260550881236,262.111124469506933,11.592106474391530,-0.538941282819046,0.841012357464725,-0.004780693854077,0.047091965676317
2192,1666253271.830724955,76.782415137259846,261.972388499101783,11.581601284293429,-0.550369380812815,0.834246458046311,-0.012101385949889,0.031304126868435
2193,1666253271.932901144,76.716086307727963,261.822405271030334,11.600264302240188,-0.551405089692192,0.833722837916994,-0.009463945385181,0.027732477980261
2194,1666253272.030940056,76.657544834989267,261.676751717210720,11.614392493321226,-0.563978042328539,0.825189974302930,-0.005356075670834,0.031009458792567
2195,1666253272.131362438,76.598399795904982,261.527114050753539,11.589178782022584,-0.568909974874753,0.821939370961382,-0.002586630008979,0.027393800335324
2196,1666253272.232735395,76.529495531106150,261.371931609651540,11.547619473580982,-0.555928511474410,0.830845499297787,-0.004953901148196,0.024793250893592
2197,1666253272.331512690,76.452396986978556,261.210149542680824,11.558012712968925,-0.537152304837856,0.842776804096245,-0.005269801691456,0.034159758120221
2198,1666253272.432081223,76.375965757356624,261.050047799306185,11.581840440311669,-0.521470035685690,0.851868841445328,0.005348555754317,0.048578511791774
2199,1666253272.532535553,76.304695619059586,260.904319612618110,11.580944005012570,-0.512982965489929,0.856476672789739,0.010165562026120,0.056505286769191
2200,1666253272.631947994,76.235785978517640,260.769648109015520,11.543907725280262,-0.526247012584597,0.848443329810304,0.005835281540184,0.056337796686938
2201,1666253272.731848478,76.160412803972292,260.635345700298274,11.520229671944582,-0.542213746358257,0.838868424606465,-0.001036073805449,0.047989019676180
2202,1666253272.832470179,76.083027730677031,260.489649416589145,11.538515696491842,-0.540329130815245,0.840192250244202,0.001276765007225,0.046041100042717
2203,1666253272.934920073,76.010846190233238,260.343765245881457,11.556672894919718,-0.544492888739397,0.837004024151938,0.007607197333072,0.053794871636850
2204,1666253273.032407999,75.949030892943682,260.210813427469645,11.543651453153691,-0.543019041108484,0.838017081309740,0.017108203397976,0.050645846850661
2205,1666253273.134356737,75.879083474519746,260.070342800195249,11.500411217808775,-0.528001378055892,0.847870223825995,0.017242547825881,0.045092381449730
2206,1666253273.235218525,75.791230124426164,259.924595202615137,11.481402500528135,-0.512413122787899,0.857613438685942,0.004914319645588,0.043678722994704
2207,1666253273.328095436,75.704204882863820,259.787684566110784,11.488736428235288,-0.505068593321145,0.861600802341732,-0.003433330968412,0.050378424778330
2208,1666253273.428180695,75.611440311737709,259.640823561736511,11.502503696326366,-0.491306597208301,0.868519759946179,-0.000916412986268,0.065501254261806
2209,1666253273.528788567,75.522224762528410,259.498946483221744,11.482944347049848,-0.488436218817680,0.869567763523919,-0.005060841026361,0.072500708101397
2210,1666253273.628226757,75.440564082928475,259.360002855409448,11.440908806111162,-0.506552022038530,0.859298989918124,-0.010323352698714,0.070026589831480
2211,1666253273.728120565,75.360612877692844,259.218620767533821,11.429011187172847,-0.514868628965653,0.855350340915873,-0.013010059658612,0.055828554967936
2212,1666253273.829626083,75.282160419169756,259.068966718993977,11.446844775790622,-0.513279421607068,0.856556990631648,-0.006088291810100,0.053078148588692
2213,1666253273.929313898,75.209083433803258,258.919012092948151,11.458469474190213,-0.528038094131635,0.847169060468091,-0.000757808100216,0.058989658910060
2214,1666253274.030123711,75.136188352565270,258.770384758048294,11.425229636761959,-0.525774413667423,0.848914645382892,0.008953875968789,0.053150906786728
2215,1666253274.131688118,75.053336387325672,258.622634583995534,11.381700401045086,-0.501560829508995,0.863647924597978,0.008444173203439,0.049776425934003
2216,1666253274.230930090,74.962155533117510,258.482434870877739,11.382644565079840,-0.486243651695813,0.872504833577460,-0.005285285437306,0.047691637918365
2217,1666253274.331092596,74.870404116944385,258.349983774214138,11.407747982733000,-0.465650345279427,0.883471096279979,-0.006475448000017,0.051055328342906
2218,1666253274.431347847,74.782161352476990,258.225805524542636,11.411475011321095,-0.454734085444718,0.889286805386740,-0.010482063133530,0.047707605811520
2219,1666253274.529036283,74.702521351087725,258.102689269103223,11.372280511707414,-0.459650589295294,0.886988945313702,-0.020357957778967,0.039465177141949
2220,1666253274.628437757,74.619909063302060,257.969479853721054,11.340635798273718,-0.477151528615194,0.878236758517351,-0.021832030423350,0.023451592199950
2221,1666253274.729283810,74.532867652306720,257.827663632004771,11.349346571698101,-0.481925816978083,0.875761686087212,-0.021773710917805,0.017744904185682
2222,1666253274.828775406,74.453883772458155,257.680762708554596,11.372161208287366,-0.503027101840174,0.863832026297667,-0.016384136050197,0.022125217346496
2223,1666253274.930674314,74.377173540572201,257.529125771857366,11.357017430251995,-0.507842889684421,0.861215179913893,-0.007040180373604,0.018826819783626
2224,1666253275.031746864,74.293691463371957,257.377347641149584,11.306643864398197,-0.492157902770479,0.870388621599159,-0.000525639721581,0.014281800802522
2225,1666253275.134915352,74.190371025307229,257.225895718732659,11.288890137405712,-0.472325187017876,0.881285817879897,-0.008750190769350,0.012948323203791
2226,1666253275.233022451,74.082300627695915,257.084928770231272,11.310883325463196,-0.466063575317014,0.884351362540470,-0.008609130094663,0.025165337560810
2227,1666253275.333732843,73.972237219486246,256.944543105754917,11.318773219284227,-0.454914659984972,0.889648766095653,-0.008583212072316,0.038782129721840
2228,1666253275.433767557,73.868845655704590,256.805142987431054,11.274803400208850,-0.456794550822534,0.888482893720649,-0.009654450512342,0.042938065745050
2229,1666253275.532160521,73.770553054881603,256.663402173124723,11.232118414297558,-0.473490273620866,0.879735232954184,-0.010380110572793,0.042013497711831
2230,1666253275.632180691,73.675089120325879,256.510920033846787,11.237617528191976,-0.483230745966218,0.874689090529607,-0.006292216956611,0.036979035509229
2231,1666253275.732912779,73.590395178145727,256.351406208837489,11.262654281620888,-0.494144586297167,0.868352624879924,0.006370034967278,0.041764450814813
2232,1666253275.833158970,73.516138121849906,256.196913191946862,11.260949265413336,-0.507912729211081,0.860285696097593,0.014724151268263,0.041429216317243
2233,1666253275.934255123,73.440949338520539,256.045679070170479,11.217912859849381,-0.507812488985135,0.860546876701762,0.024081683991924,0.031711536160816
2234,1666253276.038008213,73.347965836927841,255.889225164106449,11.196579617742101,-0.486850691168039,0.872969804300009,0.019268502702788,0.022996740925599
2235,1666253276.134682417,73.247930718038944,255.740051299034292,11.215296705395417,-0.476045440065869,0.878564489382896,0.024086475741306,0.030414119652344
2236,1666253276.234900236,73.136625539997823,255.593951553201833,11.226466249782536,-0.455927144883308,0.888422794405229,0.028942855731025,0.044695503598158
2237,1666253276.335848331,73.026905753051949,255.455469257494656,11.191255867804189,-0.460801839878754,0.885690299302882,0.018430873712174,0.053615864996592
2238,1666253276.432867050,72.929778584986053,255.322519653424564,11.147468797245180,-0.490260212693729,0.869974081456173,0.007830567674496,0.052236995069424
2239,1666253276.533147812,72.838334373257936,255.175856177456325,11.147949353990997,-0.494300643529749,0.868246187419378,0.003826132759933,0.042435746086207
2240,1666253276.635058403,72.754112578921067,255.016515662115637,11.174729537750276,-0.498137122766457,0.865713495998757,0.014153235468245,0.046896009354166
2241,1666253276.733392477,72.677818790587665,254.864986745647940,11.176388455436095,-0.504431759953591,0.861562037344459,0.024117312274608,0.051747566180805
2242,1666253276.834406853,72.596118707214046,254.712515624570017,11.130596318233977,-0.493969983491750,0.867444897354640,0.027880820281748,0.052494431352055
2243,1666253276.935539961,72.502470748316000,254.557745386657473,11.105113713751884,-0.471264547188352,0.880041550941096,0.024918114547945,0.053063007339604
2244,1666253277.036148310,72.400601643623389,254.404626626553977,11.126678445330448,-0.458031235146874,0.886060622157962,0.021477400570893,0.068137234722226
2245,1666253277.134116650,72.304795236576808,254.267242943325243,11.143039393322020,-0.454494459344078,0.886664948082593,0.026285178218494,0.081050266336697
2246,1666253277.234632254,72.212138555255379,254.141992193185018,11.121516248816874,-0.447802676217610,0.889890535313527,0.020142240418313,0.084627941500907
2247,1666253277.334904194,72.122006997786542,254.022811776631841,11.081326042860452,-0.464548795838423,0.882160595516905,0.008411776877897,0.076917761356450
2248,1666253277.433101654,72.025267966084186,253.899839348003241,11.080399737381383,-0.470673271287818,0.880061224943860,-0.000473829928973,0.062918101773135
2249,1666253277.534113169,71.922716924707430,253.760967956862771,11.105500176669025,-0.473821888896608,0.878170843989766,0.001321929139836,0.065628034193489
2250,1666253277.635220051,71.824103574533595,253.623165033524089,11.120566303763017,-0.474536869295855,0.877198515649522,0.006333485521419,0.072783313900333
2251,1666253277.733899355,71.731650095959480,253.495727027513652,11.094387163240292,-0.470354543012696,0.879766555410992,0.008621300558190,0.068579042165087
2252,1666253277.835080862,71.626727617289902,253.369679298716420,11.055397213572288,-0.449412587006319,0.891308323297875,0.003676058928937,0.059868907213763
2253,1666253277.935636282,71.508816206475927,253.245098102392859,11.052788121703797,-0.440088078454138,0.896194030995194,-0.015927315037270,0.053898633070168
2254,1666253278.034170389,71.388093833205488,253.123787978583579,11.076332564171125,-0.419745914437520,0.905297541729990,-0.017994913478220,0.062657093290047
2255,1666253278.134476423,71.267387162791408,253.005307214879622,11.080380351336293,-0.399836301781231,0.913912176327312,-0.018167178603530,0.067567887048301
2256,1666253278.233114958,71.154529684670138,252.885876751717461,11.040635422328780,-0.413578282088116,0.907677089551291,-0.026193322015155,0.066251155239368
2257,1666253278.324341536,71.048394912199285,252.771635882087025,11.009963395417831,-0.434987612389127,0.898168348687943,-0.027692698496984,0.057554399772170
2258,1666253278.425059795,70.931256506077133,252.639618657279186,11.020697787905730,-0.432232728854644,0.899824570176564,-0.021172505824291,0.055157374942520
2259,1666253278.526219130,70.823482696495617,252.506304495843466,11.042906824524854,-0.442171542069370,0.894762023703602,-0.012597389900420,0.061045508348501
2260,1666253278.626558065,70.723964862029575,252.378541503725330,11.028497746429041,-0.442419534246504,0.894810799430876,-0.003727129429650,0.059705087263969
2261,1666253278.726620197,70.618041537940726,252.253050404897493,10.981166237672204,-0.427304874565874,0.902459681201524,0.001476170862660,0.054542542088455
2262,1666253278.828759432,70.495585554529683,252.126147444143697,10.961487004867866,-0.411261533993874,0.910068026671580,-0.007981244597030,0.050758617217021
2263,1666253278.927014351,70.374656085612202,252.006782684285326,10.976639802413448,-0.400835448090181,0.914494712070892,-0.010094767835048,0.054115254883226
2264,1666253279.027281523,70.255761561750305,251.889640782069250,10.994507117217259,-0.383778645301719,0.921495200814077,-0.007583246901845,0.059186490463838
2265,1666253279.128929615,70.141960622679605,251.774427067758552,10.972386049587453,-0.381488252730264,0.922490731988438,-0.014815963274636,0.057079327750866
2266,1666253279.225077868,70.031876047193933,251.663719992920903,10.931564210993109,-0.404632258207956,0.912619319343475,-0.023764027297892,0.053235181836523
2267,1666253279.325468779,69.910629899043954,251.541249068429693,10.924435136041275,-0.404729179887482,0.913106939856208,-0.024491850071001,0.042780329757222
2268,1666253279.427215338,69.789367961140158,251.408321894752476,10.938345310950178,-0.404004315192492,0.913263236988850,-0.015765028559129,0.049822054805308
2269,1666253279.527262449,69.674027610649134,251.277046480493652,10.942702556749168,-0.414313943185862,0.908423148586430,-0.006673107690119,0.055378779580767
2270,1666253279.629514933,69.553548533915063,251.148870846491974,10.904915493321564,-0.397228457382223,0.916136933707868,0.000578121802188,0.053873343290229
2271,1666253279.731440067,69.420587505540638,251.029425125775163,10.862451536653154,-0.369318558141473,0.927986047211518,-0.001359789085975,0.049435308906568
2272,1666253279.829585075,69.275628025311889,250.918947693019817,10.872231819455687,-0.348156805447163,0.935591937376289,-0.005158634635026,0.058548732061507
2273,1666253279.929828644,69.128491156499635,250.816596164256907,10.892016012248702,-0.320534185869509,0.944406521611753,-0.003485019909986,0.073089070745143
2274,1666253280.031302929,68.993044843582950,250.719542589357303,10.868200281674582,-0.307711423384276,0.948503492162979,-0.009689524399867,0.074571565561950
2275,1666253280.131538868,68.864296530397596,250.620488429729363,10.823241818990773,-0.323973885685075,0.943657458154215,-0.015983975774834,0.065544149872200
2276,1666253280.225826502,68.738673769272879,250.521438044286583,10.816811811645197,-0.318157459566418,0.946499076377596,-0.016252328976884,0.051489718793435
2277,1666253280.325740576,68.606792029259111,250.406876386347250,10.838232977582971,-0.324059971790965,0.944495722824439,-0.010168753660105,0.053005289341529
2278,1666253280.425503969,68.481590498797715,250.293087334825429,10.849227345911567,-0.326783741191787,0.943660662639637,-0.002169402027947,0.052079112646647
2279,1666253280.535393000,68.341036886327601,250.172791821715577,10.813945831068224,-0.326314195787777,0.944009670109437,-0.002698517037419,0.048554159173521
2280,1666253280.636567116,68.197243011790292,250.072594965602320,10.771468964568239,-0.309013227246947,0.950007359212722,-0.011978793145469,0.043050567277038
2281,1666253280.738340139,68.036608749031089,249.974940703085878,10.776676886043132,-0.281418840233506,0.958013396191145,-0.017476578868798,0.052041697426000
2282,1666253280.827438831,67.893646961873728,249.893765049250902,10.798561192842852,-0.253116376554364,0.964920889039725,-0.011101436945793,0.068822495686482
2283,1666253280.927136421,67.743099828532735,249.808180518063722,10.784537067878810,-0.223940874705691,0.971660170920091,-0.007112677884375,0.075341931863360
2284,1666253281.026172161,67.595941928685619,249.726884798368729,10.737919466484893,-0.243886741675913,0.966820911299393,-0.014629554337579,0.074582563973105
2285,1666253281.123954773,67.445990484848437,249.650860846156547,10.716769628450709,-0.264216311101114,0.962004347427239,-0.027411066097175,0.063134855148541
2286,1666253281.225722313,67.282698486367664,249.559805713160813,10.729099214459323,-0.258984591197424,0.962979310580797,-0.021249439071487,0.071737648796037
2287,1666253281.327049494,67.127442987850529,249.465810734645686,10.745373075571669,-0.257925979970995,0.962495389755088,-0.011975817574618,0.083267000364021
2288,1666253281.426028967,66.988332651002352,249.377022248393814,10.724296006378342,-0.245473463952239,0.965963752377862,-0.002747346341974,0.081542992804080
2289,1666253281.526996613,66.845752515664145,249.292110668439449,10.688385373251682,-0.223756894583005,0.971929427975028,-0.000236508620062,0.072704767562917
2290,1666253281.628306627,66.692982787465851,249.213158227479994,10.690715306941648,-0.205427132251233,0.976787374132736,-0.004384918239014,0.060554864065128
2291,1666253281.726680040,66.538312636095938,249.139751635117364,10.715158418291400,-0.186389029038144,0.980083218966158,-0.002188384593934,0.068492515854078
2292,1666253281.826618671,66.384145266013121,249.072258197864386,10.724428424055850,-0.171558585218312,0.982304677455591,-0.003650044306950,0.075045650528969
2293,1666253281.926465988,66.239260445383536,249.008705306279779,10.690085385980183,-0.185113569987432,0.980073465197312,-0.014282012162323,0.070604483931526
2294,1666253282.024900913,66.094526729577012,248.943468997857906,10.667860958592785,-0.209888578752957,0.975622205053898,-0.023391037058809,0.059673753863382
2295,1666253282.125677586,65.937213078302989,248.867119922095554,10.690558202601785,-0.199403285158073,0.977995723695441,-0.017802083026911,0.058700767810150
2296,1666253282.227158070,65.783563576229810,248.787791607735130,10.713509918042122,-0.205740649628973,0.976046690182934,-0.014321722744569,0.069271436615796
2297,1666253282.326196432,65.641615300817662,248.712576427632001,10.706833334269092,-0.209696767487459,0.974968791563386,-0.016358788683604,0.072079894669370
2298,1666253282.426667929,65.500313421079852,248.639254862935445,10.671066960814036,-0.206829264252297,0.975975135391145,-0.020308944311571,0.065434985504996
2299,1666253282.528808117,65.347612506442843,248.567507540029311,10.662402277274627,-0.191266578345388,0.979263858698100,-0.036081742075183,0.056191626997048
2300,1666253282.628652573,65.192404101658937,248.497549831876540,10.683344522525786,-0.179919766044166,0.980993910708777,-0.039158430102475,0.061208188102752
2301,1666253282.728669643,65.038376081206337,248.429887844376708,10.696414728516057,-0.165301780698973,0.982690413554444,-0.042231066195799,0.072190092491353
2302,1666253282.830341816,64.887785516516118,248.361253994747045,10.667175609900704,-0.167340170587804,0.982201361834750,-0.044443625603004,0.072818378592682
2303,1666253282.926848650,64.743022870866540,248.293890566026022,10.632352997468555,-0.190196257562041,0.978431573322083,-0.044019035575466,0.067523066006164
2304,1666253283.027395010,64.582951988688166,248.220351703504548,10.641494284020574,-0.187190896025625,0.979357455015920,-0.039824042136919,0.065058353942762
2305,1666253283.127311945,64.429305698525440,248.140207105195032,10.664878558375490,-0.201456940259858,0.976126602151140,-0.032044819479102,0.074599512991428
2306,1666253283.227136135,64.290084705640595,248.060059966144564,10.667577544997997,-0.198937815972595,0.976636675492153,-0.022572502589376,0.078070683271901
2307,1666253283.327927113,64.153726204083995,247.983904419444571,10.634483292504243,-0.189286130536402,0.979193426006825,-0.016037937216797,0.071370721037428
2308,1666253283.428667307,64.006217529496425,247.915961963428401,10.607473496497322,-0.184415603301481,0.980483482022939,-0.026524232965892,0.062765371063151
2309,1666253283.528193474,63.852416333282051,247.852675609512602,10.615633849119849,-0.176632564621501,0.981748332335243,-0.034834042420698,0.061300396090352
2310,1666253283.628560781,63.696112374776249,247.791941748982879,10.637084483846387,-0.158244640212101,0.984206236662249,-0.034359268798585,0.071527324896874
2311,1666253283.729090214,63.544801488818649,247.734904505521371,10.629975853740834,-0.151341803018672,0.985017895281480,-0.035817980508106,0.074514944183182
2312,1666253283.827416897,63.401071658288032,247.677229700090265,10.590798486989547,-0.177837512409700,0.980807310731246,-0.042035794703046,0.067998752633817
2313,1666253283.926913977,63.252997392628778,247.615790484578469,10.571986033102998,-0.190430198982680,0.979290710441807,-0.042157639750070,0.054302644212788
2314,1666253284.029044867,63.094645840326024,247.540494287084670,10.589493870435479,-0.187069328116387,0.980131248260517,-0.031691310985216,0.057822689918434
2315,1666253284.128832340,62.944605157645782,247.463215446092192,10.607425136876069,-0.191184713397262,0.979245788734753,-0.016451636606219,0.065233689619969
2316,1666253284.227598190,62.803558140763705,247.389694475091858,10.584272489982697,-0.187407755899384,0.980217605521035,-0.008278005202320,0.063113021518836
2317,1666253284.328610897,62.658992142625962,247.321515006461340,10.538761661472385,-0.173164497078702,0.983497272897073,-0.002561710747334,0.052350824191672
2318,1666253284.428536415,62.505594129015790,247.258255366793890,10.536628685221464,-0.169319619490291,0.984578959205314,-0.011311020975895,0.042511179121805
2319,1666253284.527280092,62.349946461108438,247.200699287563509,10.561705625369074,-0.156924460796480,0.986360271135860,-0.013973344988903,0.047674676279426
2320,1666253284.627381563,62.199049153084694,247.149902012565775,10.574317139925919,-0.149671646602865,0.987417651683146,-0.015013413786716,0.048778855605650
2321,1666253284.727468729,62.058071548337004,247.101816890086042,10.541062257526089,-0.166826431826349,0.984903785025063,-0.026232654842181,0.038017413211895
2322,1666253284.825729132,61.920423703265577,247.052742626387214,10.507525470895335,-0.194124940452813,0.980155414306002,-0.034898228351187,0.019823848233105
2323,1666253284.926681042,61.772331899442626,246.992525774874139,10.516846527684557,-0.199107419500141,0.979315261767068,-0.035435365294138,0.006495264164439
2324,1666253285.027587891,61.620938579793155,246.921554280840240,10.540822563291533,-0.207392146084554,0.977883962891747,-0.025009515482222,0.010294512952070
2325,1666253285.128808022,61.468707353475921,246.847743488805662,10.530840325011413,-0.212529124285445,0.976901357804052,-0.015547923236716,0.015917617098262
2326,1666253285.229492664,61.311335325622359,246.779276989109860,10.479605096722596,-0.203259976112359,0.978825845384245,-0.013868295222336,0.019824654000698
2327,1666253285.330213070,61.144837408494475,246.717776834224566,10.451066758449889,-0.187282002160611,0.981882034357278,-0.020694786419601,0.020120837163808
2328,1666253285.433273315,60.970338822142772,246.656503859466056,10.462469784625274,-0.177260004973029,0.983127917203980,-0.031127106655292,0.032703092856730
2329,1666253285.532555819,60.804424633594273,246.599740239222911,10.477062838517925,-0.163280709067114,0.984924020187810,-0.026784931438602,0.050464363182862
2330,1666253285.633275509,60.643985861480118,246.540010635701918,10.448819810741261,-0.170608575710753,0.983137203550623,-0.029356205450394,0.058925088800635
2331,1666253285.731773853,60.490952849202159,246.477250579510439,10.404289265026920,-0.190061943846846,0.979576235127248,-0.029759770497134,0.058491137234992
2332,1666253285.830967426,60.334489567587944,246.411806372251846,10.402315862908454,-0.189980056139038,0.980092331069034,-0.026837067971561,0.051052645688193
2333,1666253285.932010651,60.177636573414851,246.338710279066419,10.420556858502005,-0.190509097803464,0.979909040313196,-0.018124241537683,0.056178894927416
2334,1666253286.031130791,60.031444731184479,246.266702978185180,10.424135623675548,-0.199720776024620,0.977829365481164,-0.015137924282676,0.061091626883236
2335,1666253286.131845236,59.887861681961617,246.198067325330840,10.389724690339330,-0.191345477955294,0.979913222636701,-0.011781900619096,0.054937882973563
2336,1666253286.232992411,59.740099919076982,246.135043594511899,10.358954049437379,-0.175393444524334,0.983367005430250,-0.018106517055829,0.043573229041927
2337,1666253286.332476854,59.589147660390424,246.076005159074271,10.364294204430740,-0.164908352742446,0.985277026059439,-0.029090246506267,0.034469909681409
2338,1666253286.432093620,59.433935743766533,246.018150273876159,10.388123303519622,-0.150095116583221,0.987435010875970,-0.026681218834568,0.041613313203159
2339,1666253286.532620192,59.280770550270944,245.962249035331837,10.380305262329804,-0.135583498597933,0.989516238945384,-0.022656612498967,0.044287759950103
2340,1666253286.630937576,59.132644410262657,245.905341435682544,10.336398992351141,-0.155389887909218,0.986619615695014,-0.027064510513347,0.041270194233321
2341,1666253286.723615170,58.990862538283928,245.851542706663906,10.316679942820661,-0.175834971852149,0.983703257416004,-0.024436962744222,0.028509627755117
2342,1666253286.824957848,58.833804423181022,245.787328171894416,10.328894423061225,-0.175657182586002,0.983957979051544,-0.018621917668316,0.024989474766456
2343,1666253286.923979998,58.679929476491239,245.721200293577908,10.353201108695840,-0.192339043062896,0.980746396430710,-0.012429496646827,0.031427790487599
2344,1666253287.024757147,58.527091823677495,245.656346271206132,10.336322825248311,-0.194194468676978,0.980317806202812,-0.012781289468153,0.033198581543553
2345,1666253287.126475573,58.369394368984615,245.594979399797239,10.289726467673342,-0.185317217780576,0.982065373106615,-0.013640811239357,0.031922719304038
2346,1666253287.226561069,58.209527396265948,245.538267630129241,10.283091180539893,-0.172986239167524,0.984358067206213,-0.021833935331883,0.025263330197102
2347,1666253287.325655699,58.053172648245223,245.481456876061372,10.305636676329136,-0.164176528508747,0.985724867097564,-0.020629699953663,0.031096130822463
2348,1666253287.426157236,57.898343565437294,245.427999389386429,10.320047934019378,-0.153575050259210,0.987240942855852,-0.018080599495458,0.037988374654020
2349,1666253287.525640249,57.749846918380705,245.375554351604507,10.289106563286225,-0.168859409861725,0.984639989695864,-0.024069502274484,0.037299456472410
2350,1666253287.624225616,57.597958131130639,245.322600490486650,10.256215278523339,-0.189226979701425,0.981113517099634,-0.022470727246077,0.033233764976218
2351,1666253287.724607706,57.432724681590656,245.263021552132415,10.268681330464764,-0.193096995965668,0.980424060626737,-0.015379918529199,0.035294044812833
2352,1666253287.825098515,57.270132115452547,245.199771884164136,10.287233518566680,-0.202573768843973,0.977859499943765,-0.016302991670144,0.049888666134516
2353,1666253287.924803257,57.118098741496773,245.135295045425096,10.280204444857324,-0.210240002401638,0.975859357464863,-0.010480024605944,0.058205024892032
2354,1666253288.025983095,56.969023781002157,245.070262757195621,10.239376195813668,-0.200159893140467,0.978028663222116,-0.008334077274891,0.057675768308136
2355,1666253288.126634121,56.815651855021407,245.004371090852999,10.220885143198000,-0.190466146168728,0.980152519796550,-0.015659360521072,0.052711189781460
2356,1666253288.225494385,56.663404677351615,244.938371714650032,10.237384321578828,-0.175515830195632,0.982900920560623,-0.017187966507323,0.052957978805470
2357,1666253288.325686932,56.512161320755666,244.874587540116380,10.258659217745816,-0.161280158009521,0.985071584748615,-0.011336777176720,0.059111428983917
2358,1666253288.425635576,56.368677188177323,244.814839093679382,10.244698443502037,-0.163566817303744,0.984809244996237,-0.015856611155741,0.056082217589184
2359,1666253288.523970127,56.228539612228921,244.753446945962622,10.206792871831368,-0.188351656857984,0.980804626184296,-0.016974195423466,0.047516474028081
2360,1666253288.624331474,56.072156682434105,244.683922824385434,10.203340361436769,-0.196122867315318,0.979665398239332,-0.016069767772876,0.039157259509759
2361,1666253288.724722862,55.907456294661074,244.601233379950600,10.226128320792190,-0.206057028180694,0.977154436855002,-0.007259871757731,0.051546114635201
2362,1666253288.824903011,55.753827172077870,244.515933567682595,10.237303095355951,-0.211929186712678,0.975313309590450,0.001973526197179,0.062016716692956
2363,1666253288.925532579,55.609336256011630,244.433392255581140,10.209228124399118,-0.208643230115998,0.976091104710432,0.010999772693391,0.059942996526904
2364,1666253289.028021097,55.457301061940413,244.357054872334828,10.172917561539146,-0.198172338672106,0.978734010373741,0.007697634048481,0.052423349311324
2365,1666253289.125659943,55.301855635796485,244.290826843878733,10.176194872749916,-0.188265706885331,0.980921393249680,0.000707526378406,0.048463834789428
2366,1666253289.225769997,55.141053036955114,244.226033790900885,10.199838824415046,-0.173813274553443,0.982965152300466,-0.001861975145933,0.059707520468419
2367,1666253289.326058388,54.987947774622093,244.165322445904593,10.200431234317056,-0.163882512846709,0.984439568108736,-0.003828066985121,0.063297745837362
2368,1666253289.424374342,54.843900754330541,244.106875512465734,10.162101166047766,-0.180920051091984,0.981597060056357,-0.016810355810732,0.058758478018984
2369,1666253289.523810387,54.692707719125266,244.047329996929562,10.138990604857375,-0.203729869459130,0.977662044581635,-0.020291412761550,0.047532362057481
2370,1666253289.624759197,54.532567718309409,243.978820879387598,10.157148761164777,-0.197914036946142,0.978765052608660,-0.020541275539463,0.049265218672605
2371,1666253289.724451065,54.382012735587857,243.904566232349453,10.180443723824235,-0.210396305287361,0.975846898062948,-0.017506491492183,0.056122624831566
2372,1666253289.824825764,54.240750046688824,243.830008655449319,10.167654366618574,-0.205573808662651,0.976899031061237,-0.018056167854435,0.055512765252328
2373,1666253289.925941944,54.098188368536697,243.757922495668254,10.130107915866251,-0.189106144262904,0.980668072920913,-0.014997134573004,0.048000863640146
2374,1666253290.026666164,53.950180907122345,243.690896233632884,10.127677328800193,-0.174695827156605,0.983599837717191,-0.024816097860689,0.037374971622129
2375,1666253290.125876904,53.802445586686588,243.626570598505111,10.152681394010349,-0.154684911290565,0.986658517699269,-0.027663231134839,0.042571038438029
2376,1666253290.225633383,53.655272538404773,243.566456952825860,10.162126928498116,-0.139130404163675,0.988754770084994,-0.026587302828607,0.047956757602282
2377,1666253290.325827837,53.510912170893207,243.508849333247127,10.126053783747505,-0.146791165860963,0.987702559531923,-0.030971895894972,0.044008512630377
2378,1666253290.423894405,53.365842577507962,243.454329959572647,10.089983940833122,-0.164353145598553,0.985221882421302,-0.032575202726096,0.035563212698529
2379,1666253290.524178267,53.210699092175815,243.393993218623251,10.094077476429653,-0.162950772583848,0.985753065950284,-0.032082369927227,0.026620672865186
2380,1666253290.624588966,53.052835520439480,243.322760450124179,10.114718533432406,-0.172160075969441,0.984226463534473,-0.020561889636949,0.035162272611121
2381,1666253290.724369049,52.900714060112641,243.250128183013146,10.116880461477697,-0.175052559654578,0.983540073603887,-0.013184875231778,0.042798177984155
2382,1666253290.825158358,52.749755461525389,243.184075222139597,10.076559259550734,-0.159787299686889,0.986277011263887,-0.004273734340548,0.041320831379993
2383,1666253290.926594019,52.590245110246073,243.131120302894942,10.044631685104038,-0.140984366680678,0.989360383007576,-0.008114817008286,0.034979860372390
2384,1666253291.025249243,52.426959481293991,243.086894924827533,10.058551259635742,-0.130535386108478,0.990454521792074,-0.019062034250835,0.039962383379422
2385,1666253291.125528336,52.265771405318333,243.046526585562759,10.082002804065198,-0.111947743335316,0.992182254543859,-0.018912006760825,0.051811316627496
2386,1666253291.225537777,52.114135704711309,243.011593756370900,10.066496640203153,-0.096010643525918,0.993675823454996,-0.024292206071032,0.052916943741837
2387,1666253291.324058533,51.963249595756295,242.977957253669558,10.024160180885072,-0.117257147292699,0.991388273704388,-0.030954695037502,0.049415169992086
2388,1666253291.424055099,51.800095319807255,242.944657872694307,10.020837804370094,-0.117843118133713,0.991486041165187,-0.034406896785836,0.043411923899757
2389,1666253291.525383472,51.632033864509914,242.902373339953925,10.043497784560332,-0.117832179959637,0.991205683255013,-0.032547312393130,0.050670931557510
2390,1666253291.624406576,51.474237789353040,242.858153994880951,10.056769961105470,-0.121665696017448,0.990519374580415,-0.027431410881004,0.057587713016676
2391,1666253291.725266218,51.318117875696487,242.816318178202920,10.029880486769782,-0.103588584753634,0.992802370531820,-0.018436203159823,0.057209829471756
2392,1666253291.825950384,51.154936159118456,242.783133129888341,9.998588425070650,-0.082470561803981,0.994830227137228,-0.024612654024600,0.053904015357780
2393,1666253291.925439119,50.991459182103647,242.759409260216785,10.000561977381750,-0.063294911591022,0.996359781403478,-0.037468755396029,0.043093300376867
2394,1666253292.025429964,50.826068674369985,242.736727400812129,10.021323985835487,-0.039406720618127,0.997579487832636,-0.032656987875331,0.047072252640068
2395,1666253292.126633644,50.658714564151715,242.719776918471609,10.029706437052715,-0.006985992961717,0.998010569411147,-0.030257079756952,0.054869011022242
2396,1666253292.224369526,50.500229108127222,242.705688912703721,9.996907675202754,-0.011240368892850,0.998071678427477,-0.032702390407975,0.051547381017044
2397,1666253292.323954821,50.336935958445217,242.697563892292010,9.964536077852356,-0.022323993346638,0.998240612444818,-0.035457105561436,0.041953696524370
2398,1666253292.424795866,50.164033992710515,242.690442560055118,9.977670853566364,-0.018991366415127,0.998204846518525,-0.037775320102914,0.042419778166998
2399,1666253292.524890423,49.996118474177287,242.680308759356308,10.006096115497245,-0.016183917607632,0.998097022604974,-0.031076517441744,0.050741150377663
2400,1666253292.624801159,49.838038558755592,242.674847274411945,10.001857510780932,0.002837422142236,0.998421751119870,-0.022959999134403,0.051174157209150
2401,1666253292.726118088,49.678666633207214,242.682732482092746,9.962112491815727,0.029719303235980,0.998215277740456,-0.021942947741894,0.046920457639593
2402,1666253292.826477289,49.514876030345313,242.710870959737520,9.954044518249455,0.064479744300924,0.996796279752347,-0.028661408187003,0.037657176308203
2403,1666253292.925388336,49.352081035063293,242.747637493602724,9.975234716130050,0.091148897115114,0.994427372925485,-0.030649371089365,0.043205261057467
2404,1666253293.025675774,49.192900312082145,242.791534798116601,9.990154106407301,0.135973667605443,0.988836269108423,-0.027236456970466,0.054517612065773
2405,1666253293.125660658,49.039297374879126,242.837284361914755,9.961360430807465,0.154389206576931,0.986025361110735,-0.031029350610926,0.054361195163954
2406,1666253293.223654032,48.888224986792956,242.886416184805341,9.930928974369053,0.151881604742628,0.986703861219354,-0.032484117363764,0.047877453093493
2407,1666253293.324167252,48.723802203658217,242.938553965431055,9.949681436675649,0.175681625591984,0.982974754069179,-0.021147866890034,0.049491080186199
2408,1666253293.425159454,48.564578317310520,242.987287624031183,9.977074264089740,0.193895949222903,0.979309954478106,-0.013800381420094,0.056266538970323
2409,1666253293.524331093,48.420204943816330,243.032423032425299,9.982411434302996,0.208343907372322,0.976275417956154,-0.008363680893889,0.058388127194448
2410,1666253293.625078678,48.279247272818274,243.083331652158989,9.955447159657451,0.231354806906280,0.971527715214619,0.000877651634970,0.051069380442960
2411,1666253293.725869656,48.133120304334739,243.149201451085617,9.941772238591705,0.253092721699954,0.966679218718136,-0.009654920317967,0.037177208537712
2412,1666253293.824592113,47.985194511880422,243.221290117437547,9.959791210025211,0.267893573327905,0.962645924724499,-0.019715302437128,0.034017110852238
2413,1666253293.925169468,47.837126193578428,243.296323721635531,9.984252292825452,0.295880145207241,0.953980865847326,-0.022722706584882,0.043117581968214
2414,1666253294.025403023,47.698436367574509,243.371276236383892,9.975867911971939,0.315321136706735,0.947680703217895,-0.022105318131765,0.044555812243776
2415,1666253294.123976231,47.569482094639120,243.444366489315712,9.943651901153819,0.309182993480443,0.949914908377425,-0.026990313596152,0.036593255618523
2416,1666253294.223947525,47.441065460712316,243.525061442240514,9.947963405697735,0.311979607524983,0.949606462778939,-0.019918440118093,0.022793553480983
2417,1666253294.324514866,47.306819975602259,243.609300821791777,9.979009096569092,0.314066755556888,0.948914757155042,-0.022390694822363,0.020530793767659
2418,1666253294.424129963,47.176334076168274,243.689449382310158,10.000769531118456,0.315760000326100,0.948321491879481,-0.018349298749529,0.025402233542301
2419,1666253294.524645805,47.048803222706354,243.767536937299610,9.981137377554328,0.324471231669842,0.945549293762382,-0.015760184449836,0.020163567894212
2420,1666253294.625335693,46.919733720216222,243.855054053597740,9.951340705580472,0.338797575467494,0.940673701147371,-0.015444218648207,0.010519835426562
2421,1666253294.725020409,46.785025373034607,243.957333770435724,9.964193919700806,0.347504112691614,0.937337554150911,-0.025272022045169,0.000725356843961
2422,1666253294.825188398,46.643679167575414,244.064594265575352,9.988309731137068,0.362110993610810,0.931583306287135,-0.028223708599092,0.015218213634808
2423,1666253294.925935984,46.507008176378960,244.172287367612711,9.989983420103560,0.395000703306631,0.917842443090967,-0.025525610483721,0.029801631792675
2424,1666253295.024608374,46.380335299552534,244.274165335305270,9.957424618709904,0.397500770282877,0.916553649700480,-0.027745904678230,0.033951577560335
2425,1666253295.124081612,46.258761626899897,244.378298663365825,9.939291218429442,0.392581785448327,0.919038006488592,-0.025528620221383,0.024433049610544
2426,1666253295.224500895,46.132550976413185,244.491661096728961,9.966616330917468,0.404553991792767,0.913995423984398,-0.019125441545108,0.024138147108318
2427,1666253295.324728727,46.009599377800974,244.603681693693801,9.992152167528728,0.405139783317165,0.913519897837146,-0.016518471986924,0.032715322290154
2428,1666253295.423755884,45.893042764668287,244.709155248870474,9.990658292877400,0.406359834261764,0.912911962594301,-0.017177196289593,0.034181538564012
2429,1666253295.524846792,45.777481870416104,244.818360446687080,9.960949616182170,0.419790264972305,0.906998664318861,-0.017451934400834,0.028722575510439
2430,1666253295.624660969,45.664277027217764,244.934885823263244,9.951556633274080,0.424996518388700,0.904812269356958,-0.024334605492875,0.010027140873740
2431,1666253295.724348545,45.548032796095669,245.054292480571178,9.972273888586329,0.432697896027276,0.900904577649859,-0.033244812308214,0.006185078632481
2432,1666253295.825217485,45.431551734342683,245.174001533031372,9.993783686114504,0.453661602439028,0.890520262632431,-0.029674845261819,0.016858703159094
2433,1666253295.925913095,45.319014442888360,245.292349466145140,9.979511732455821,0.462894037771375,0.885732059044994,-0.028953326551682,0.019223273842410
2434,1666253296.023654938,45.210803929485699,245.410732566145271,9.943966531032885,0.448243327660693,0.893277677024734,-0.027225562974649,0.019790898354493
2435,1666253296.124161720,45.094210302811966,245.545286616335915,9.950788451025172,0.450825068226700,0.892022443113571,-0.023973929447375,0.021862514652700
2436,1666253296.224829197,44.974308010941449,245.679928183210052,9.979909209357118,0.457603118151912,0.888075688270922,-0.017979951103913,0.039970983451447
2437,1666253296.323558569,44.863414989812881,245.802042840920308,9.992914546062131,0.453623397763374,0.889564572406020,-0.015873217151148,0.051465770167942
2438,1666253296.423747063,44.758665330608274,245.922098391789802,9.969939823280306,0.441443625164990,0.895768626713947,-0.019937681666086,0.048255383595858
2439,1666253296.524619341,44.655850004514917,246.050634040787173,9.943568045041177,0.448758920451332,0.892507823044535,-0.023068952367820,0.038897821999597
2440,1666253296.624360323,44.549073488567828,246.186370119817269,9.956084807420606,0.456661128064340,0.888685565886480,-0.031455441469324,0.026629575700755
2441,1666253296.724848509,44.437256540260087,246.321516570425302,9.979465499952367,0.470206568736762,0.881191651228753,-0.033173892930724,0.036146221785493
2442,1666253296.825250626,44.329860621381684,246.451638326008407,9.984939675510160,0.489642217720377,0.870109708624276,-0.027201681737571,0.049190060929997
2443,1666253296.924098253,44.227236093560506,246.573923957402400,9.950562221483882,0.480822776343631,0.875119776161292,-0.025581580796721,0.048170715632562
2444,1666253297.023694992,44.125539648192948,246.702095479159766,9.927976971073134,0.472103248327873,0.880325782085991,-0.016818290723943,0.043153046359250
2445,1666253297.124548674,44.022661548702601,246.840130056221398,9.945664650653132,0.472529346348590,0.880479022319405,-0.010118935229587,0.037017769309599
2446,1666253297.223557711,43.919972559496273,246.972598897025904,9.967845723688807,0.459537739016844,0.887077834900703,-0.013584752408486,0.041634549945539
2447,1666253297.323934078,43.818744346566845,247.104263655496055,9.962962057842656,0.452646892403171,0.890486627844221,-0.011536214337744,0.044847209357256
2448,1666253297.425414562,43.719744245071830,247.243664547992637,9.928200230614188,0.461725078417135,0.886078185840310,-0.011657432976789,0.039236523737816
2449,1666253297.524729252,43.622769003358243,247.391391769061840,9.913701070627539,0.475520200844869,0.879164187468652,-0.016353675482694,0.026142443635739
2450,1666253297.624918222,43.521874904698500,247.547246264463638,9.931391330252811,0.483969346443589,0.874095583362966,-0.027158360325491,0.031512002677582
2451,1666253297.725174189,43.424110137855486,247.701779130133303,9.950356547600022,0.495504256906510,0.866663084095627,-0.035525123126129,0.045919447734659
2452,1666253297.824065447,43.332347707836128,247.847081319548579,9.932650210332573,0.494647118899812,0.866876283015279,-0.042772646425467,0.044947062501252
2453,1666253297.923613310,43.241047139164323,247.989843158548581,9.898677406521722,0.475764456304768,0.877570151413783,-0.043483675789709,0.040348251566008
2454,1666253298.024037838,43.150032048939643,248.135436820660146,9.905945800841847,0.468418779400746,0.882221482935813,-0.038626096979023,0.027876993801670
2455,1666253298.123602390,43.054727739021175,248.277212326176766,9.931704876567673,0.463042753007547,0.884949049533354,-0.037617179413002,0.032272843540897
2456,1666253298.223750830,42.958390175615861,248.413622520384763,9.945777792007414,0.450811995829502,0.891160116321846,-0.036165007268706,0.035976155196302
2457,1666253298.324864149,42.863575887400742,248.549697375693341,9.917855642394832,0.452901433864861,0.890324072748402,-0.033658662561146,0.032717443702793
2458,1666253298.425461292,42.771102181218993,248.693925553137660,9.884585391626468,0.467138885213427,0.883289317243370,-0.031559508144750,0.024191763287537
2459,1666253298.525443077,42.677395652051118,248.845200478130323,9.897702633011637,0.481901420566593,0.875198251948591,-0.039015345070228,0.016638614458010
2460,1666253298.626067162,42.584183617283102,248.996561724297919,9.923738720585883,0.495682481511949,0.867003712616278,-0.042600530301186,0.028082639651661
2461,1666253298.725545645,42.496800282093439,249.139153813692900,9.919327591910500,0.502882077090473,0.862596188035177,-0.047601106375124,0.027777105684677
2462,1666253298.823807001,42.408575588996399,249.273543529125277,9.881024409719760,0.486084189239687,0.872525928478332,-0.044144624778249,0.021723655479884
2463,1666253298.923645735,42.315905633642402,249.414714668417673,9.869351919783403,0.475612612375422,0.878813376422293,-0.036563577010505,0.011949778528130
2464,1666253299.024616718,42.214973828205110,249.562274441109793,9.888956246371857,0.474228760057605,0.879640862300967,-0.034169964641031,0.013093892510167
2465,1666253299.123476028,42.112980145721401,249.702376913773520,9.909478833585219,0.459324907485077,0.887316475413315,-0.033333609657965,0.024061843052593
2466,1666253299.224175453,42.012121914758026,249.841949175014349,9.891943243544469,0.462602732324911,0.885689803213275,-0.027814456458101,0.027904131262193
2467,1666253299.325682402,41.909781244983243,249.989967401433972,9.854524630581096,0.479625148900123,0.876756563527026,-0.021854214654844,0.027929163192521
2468,1666253299.425199986,41.809089745748224,250.145532992167091,9.855063518084187,0.500396456570672,0.865251592836779,-0.022054210337036,0.021370052675223
2469,1666253299.525380850,41.708786228801621,250.304942729459128,9.878439493117931,0.511765711293861,0.858074152404975,-0.028575290210337,0.031433397967252
2470,1666253299.625216484,41.617115512143869,250.457357437377539,9.887708148841284,0.524401524850518,0.849916888096730,-0.034158789041006,0.038438277714722
2471,1666253299.723696947,41.531240801326327,250.599896144006863,9.853791181629791,0.516634968786906,0.854849724467182,-0.036760774131568,0.031127208197715
2472,1666253299.823057413,41.441600695625368,250.743883599362618,9.832482969654386,0.493293270440870,0.869023818415321,-0.032633519336971,0.019859652068698
2473,1666253299.923608303,41.346213772789284,250.891481594434140,9.850150108268414,0.496376682442921,0.867659214399478,-0.024386543501843,0.013526762017299
2474,1666253300.023215532,41.247428382353313,251.036279897339938,9.876629177644055,0.482245372143646,0.875466982781756,-0.024733717332986,0.019626673990700
2475,1666253300.123930216,41.148599460558927,251.180920052232409,9.875213547596230,0.466080601037539,0.884188377631877,-0.024540313625207,0.019430882748160
2476,1666253300.225588560,41.050249508302777,251.330463250268110,9.837786575356347,0.467700599146672,0.883376202438466,-0.025777388531262,0.015432458123935
2477,1666253300.325388432,40.953033015052270,251.487119248987170,9.824499384192322,0.486930589526560,0.873095795839525,-0.023309440127000,0.007681293616853
2478,1666253300.425675392,40.851754340201886,251.648897653621304,9.837268486439187,0.501068357647478,0.864803873576283,-0.028139154580251,0.015904376486513
2479,1666253300.526735067,40.756248633704523,251.810504500042242,9.855521752238211,0.530098460453047,0.846739654779189,-0.030581842832980,0.033050418131526
2480,1666253300.624632835,40.669716125010176,251.957437723504682,9.830419823340781,0.531207919694715,0.846015055200516,-0.032010185983624,0.032434864281740
2481,1666253300.723422527,40.584258738116738,252.101925668547153,9.796355388004159,0.506135942666362,0.861459665968529,-0.035322565349614,0.021586287956632
2482,1666253300.824038267,40.494810604874864,252.252370967554270,9.811251765253095,0.498890054518324,0.865977905014734,-0.032769859223341,0.010822100326577
2483,1666253300.922941208,40.401679981598853,252.393958925636923,9.845122633641040,0.486030237923355,0.873162580666514,-0.034488225903753,0.013125464638348
2484,1666253301.023253679,40.306408456972882,252.527801228572258,9.854357517932630,0.477069663756048,0.878165146644109,-0.032959272024694,0.012008227630463
2485,1666253301.124483347,40.208300498261089,252.664453650828051,9.823174470484473,0.481613011754512,0.875949464059347,-0.025429367463989,0.010714037207031
2486,1666253301.225442171,40.111183131541416,252.811887683260551,9.809529679366904,0.493470976308080,0.869379724199531,-0.025790933204912,0.000344175416760
2487,1666253301.325098515,40.015508415303479,252.961956491541372,9.827674275516891,0.507228689768064,0.861355312039597,-0.028030287720537,-0.000621021453291
2488,1666253301.425791025,39.920890769600703,253.112457028508544,9.852338462724948,0.522068822938595,0.852197995013172,-0.032512518362591,0.012068867418399
2489,1666253301.525148869,39.829472578859530,253.254598095922404,9.838759271867341,0.519880723268996,0.853292958300601,-0.037646032538657,0.014069012830067
2490,1666253301.623221397,39.735246809553601,253.393040222273356,9.804549817010274,0.496622261222376,0.866986187625760,-0.039279753081317,0.012584956193613
2491,1666253301.723515272,39.634607457744409,253.540639180312013,9.809573501547897,0.492974222809970,0.869449060248783,-0.030553562561329,0.010061167537856
2492,1666253301.824479342,39.525245785557047,253.692107166820620,9.834319325732100,0.488198839381126,0.871878441857851,-0.032856959553891,0.020255766075902
2493,1666253301.923365116,39.417198225326437,253.833062317032073,9.849878450529514,0.472240739512893,0.880097346306294,-0.034624122072467,0.034907236207484
2494,1666253302.024274826,39.309993404536890,253.970057394122051,9.825367631903163,0.471828772307621,0.880141941878769,-0.030410276644841,0.042461592562427
2495,1666253302.125174761,39.204917603537432,254.114653484939367,9.802759298988976,0.481708058528771,0.874905859022882,-0.025596365366532,0.042917482171012
2496,1666253302.224500418,39.102276422649282,254.264516494619954,9.818640032762952,0.490788224701275,0.870154879597779,-0.026454956595040,0.035461800268752
2497,1666253302.324906111,38.999201464706701,254.412299946513400,9.842907949698192,0.508359847486255,0.859399391924056,-0.025988319617467,0.048244770367104
2498,1666253302.425225973,38.905172971103909,254.554172360114165,9.853068402982206,0.523177343702917,0.850225122939724,-0.026354383946534,0.052039925104567
2499,1666253302.523625612,38.820537570452679,254.686375334010251,9.827859018352866,0.515834602511803,0.855142791779185,-0.024430114936479,0.045261882459547
2500,1666253302.622860909,38.740872404996971,254.824936067778395,9.811838155643386,0.497724735981587,0.866497075943356,-0.020688095894631,0.032014172829048
2501,1666253302.723275661,38.656146845585376,254.976806605727461,9.836223098990642,0.494628371557154,0.868390313608981,-0.024665528827772,0.025152514157827
2502,1666253302.822789431,38.567865285155314,255.122491654913176,9.862978195135076,0.477869362861614,0.877268411593999,-0.034159856998203,0.029565355188799
2503,1666253302.923330307,38.477587203897436,255.261784974260877,9.857676793600380,0.468649387328912,0.882177260560684,-0.034511620163932,0.030659105980810
2504,1666253303.025044680,38.386503083522953,255.405377642615377,9.824617969312378,0.476468795385379,0.878004203835004,-0.035876370991047,0.028266430205815
2505,1666253303.124590158,38.298700697930521,255.553057444994067,9.823413621077641,0.490010970467777,0.870616917909118,-0.041295557033374,0.014495104034104
2506,1666253303.224985361,38.208128493548948,255.700586320866194,9.848089649479601,0.506219002177239,0.861108571091615,-0.043991940581205,0.017293345284729
2507,1666253303.325998545,38.120837492539614,255.846989643057668,9.868296555964433,0.524965127572364,0.849412443259703,-0.046903342879034,0.026649437053796
2508,1666253303.423995018,38.039667643796456,255.983922739605163,9.847492894838252,0.527298314206251,0.847886123019610,-0.048791996433966,0.025786649840744
2509,1666253303.523553133,37.957059875090408,256.125946088141859,9.816919169317204,0.520068602636100,0.852683560581466,-0.044132627869759,0.022620902359488
2510,1666253303.623803854,37.871396808959943,256.281196985182987,9.828921219663046,0.523512664526085,0.850866988232224,-0.040361507400116,0.018188104294141
2511,1666253303.723079205,37.779732188955450,256.434793396781117,9.855482478410048,0.517971738180316,0.853693097411270,-0.044929152836905,0.029912290185997
2512,1666253303.823408365,37.687409520991658,256.578459986869632,9.865833912940186,0.514710802855496,0.855399681927838,-0.044111981883667,0.037660412051635
2513,1666253303.924589396,37.596672708648882,256.717568834826409,9.837889887959111,0.519693886895290,0.852676784363863,-0.037857089793856,0.037781028081674
2514,1666253304.024902344,37.509516999135386,256.865295280335999,9.823329898156581,0.528003053344267,0.847946715716340,-0.036365720577214,0.029608737425006
2515,1666253304.124400139,37.423158919410078,257.021478784405474,9.849972767473545,0.537415463237034,0.841848893468862,-0.042413425823829,0.026003110369031
2516,1666253304.224998474,37.339359016891230,257.174639517219077,9.878018017215748,0.553283279146571,0.830932314305105,-0.044306957367072,0.038288321839070
2517,1666253304.325850964,37.264956571765687,257.319800772714018,9.874762115903929,0.571766339152127,0.818240683505006,-0.041653841009642,0.042783113479245
2518,1666253304.428348303,37.194496282949665,257.464964003836258,9.841376167470109,0.558027154864107,0.828087202834982,-0.040506637624138,0.035163777436331
2519,1666253304.528044224,37.127042540225126,257.619591527436967,9.841638462989510,0.548657260925919,0.834754371669781,-0.038542217714333,0.025977807165326
2520,1666253304.628143787,37.048627623316136,257.781226138925888,9.870970213274301,0.548393884863110,0.834507002656739,-0.040395077799706,0.035077731556746
2521,1666253304.727866650,36.967577429084088,257.928538250903785,9.887485241677812,0.547590645177445,0.834501922265569,-0.040269235342001,0.046145592792694
2522,1666253304.828266144,36.887299580798256,258.070677561135994,9.866736314865125,0.548424726890963,0.833856310861513,-0.034676547966927,0.052072149870148
2523,1666253304.928876877,36.813413914541627,258.221935313523886,9.836468577193113,0.560097484168050,0.826263007277280,-0.033858167751984,0.049334323854748
2524,1666253305.028428316,36.744495641547779,258.386912671757671,9.847400318820437,0.562750089212453,0.824581901418864,-0.044174210670165,0.037757966781791
2525,1666253305.128637552,36.675510748774975,258.554440064453217,9.872009266674281,0.573282084650846,0.816145330421062,-0.057220902863042,0.044499655344884
2526,1666253305.229618311,36.607008074892974,258.712202057831178,9.877346743684832,0.586502395566090,0.805790640187755,-0.061772597997695,0.053856571722134
2527,1666253305.327969313,36.538611713293868,258.855323399597808,9.851189942810077,0.587189216431455,0.805562002026958,-0.058611841503582,0.053322950335599
2528,1666253305.428270578,36.467867320952010,259.005642839309587,9.836632798278069,0.577663294358705,0.813299271930807,-0.050754450421676,0.047680167678614
2529,1666253305.528293133,36.393060996185838,259.168818813327448,9.864720139705561,0.580361362265962,0.811583972963203,-0.045174054036025,0.049713668744208
2530,1666253305.627319574,36.316426016665915,259.320415639850808,9.890749171751891,0.568201154539338,0.819580653266669,-0.046521944372082,0.057190116829609
2531,1666253305.727615595,36.240390903000687,259.458996416928471,9.890411450642080,0.558990993733398,0.826150107792897,-0.044541607561683,0.054964656958392
2532,1666253305.828329086,36.168298632992027,259.596225152033298,9.861759611130610,0.554722056151695,0.830104116749587,-0.036172403175384,0.043613679307544
2533,1666253305.928195715,36.098582036246228,259.744682777931189,9.853358658129974,0.563255163588352,0.825248711543180,-0.031875821576936,0.026308112554412
2534,1666253306.028833866,36.023925250759852,259.904330242778542,9.875456524509778,0.573543695139455,0.818115173878883,-0.032943748995845,0.025493164515319
2535,1666253306.129520655,35.953215971095673,260.063883881877132,9.898625665159067,0.591351276780201,0.804780227258603,-0.034169508040998,0.038273985737750
2536,1666253306.229709387,35.891616275272590,260.214597104675022,9.879502917945514,0.605227486069925,0.794539550572387,-0.030877202701796,0.038120742844548
2537,1666253306.327502251,35.836994173976692,260.359736813708764,9.843575496377285,0.586306185369664,0.808957273167506,-0.030993697234860,0.029539429892604
2538,1666253306.427613735,35.782195360786361,260.517379397193906,9.851161371389772,0.580076662088057,0.813931347871354,-0.026521027318990,0.017985053879362
2539,1666253306.528065205,35.722247725284859,260.677154035806382,9.876555072897137,0.576805423794844,0.816081576409170,-0.028750211257732,0.021904088180316
2540,1666253306.623010874,35.664926296412013,260.819535133040233,9.886562645867713,0.569562471580146,0.820974868355629,-0.032180028052717,0.023733990193379
2541,1666253306.723875046,35.604545311962376,260.967130726105438,9.861029054611226,0.571354158741398,0.819876209095188,-0.029999296063263,0.021388531607394
2542,1666253306.826861382,35.545739325436628,261.123650575403872,9.830756312432060,0.582926383731269,0.811993882692845,-0.026833113574039,0.011947787883435
2543,1666253306.925919771,35.490232747662027,261.281838068397235,9.841070065891351,0.592228270921714,0.805183031515797,-0.030712781607735,0.001638879502593
2544,1666253307.026335716,35.432948470881094,261.443437633358428,9.865663987708395,0.602343892896781,0.797253327290343,-0.038764626612139,0.008140671842696
2545,1666253307.128367662,35.376560660934828,261.603091923310330,9.865226049518828,0.608002026853165,0.792698375807223,-0.042985520832704,0.010726851065224
2546,1666253307.225852489,35.319787270382662,261.751567309622544,9.831654552364563,0.591693252225796,0.805009059948417,-0.042211609462017,0.008814119244360
2547,1666253307.326222181,35.259479468436716,261.908027037388422,9.818392937773433,0.580005043042427,0.813858758964132,-0.035011932481866,0.001495020602365
2548,1666253307.427479506,35.191327481940021,262.070042144526155,9.841210308037013,0.573964644088232,0.818239489632803,-0.031594445816214,0.007107456344221
2549,1666253307.525796890,35.120824802372255,262.219339808340465,9.862849074363103,0.559816149604724,0.827787018946407,-0.033172993580817,0.016555434227173
2550,1666253307.626387835,35.049279237668870,262.365377079115888,9.849379534514842,0.552981371437131,0.832384678326647,-0.029356612393622,0.022034959480873
2551,1666253307.727863312,34.982431243881656,262.518777525149062,9.813660558235947,0.558369353422624,0.828908140205507,-0.026650717288992,0.020608239309347
2552,1666253307.827205896,34.919758225672041,262.677414863919580,9.811945520795492,0.565358115135235,0.824202571371612,-0.031325174581828,0.008891368430961
2553,1666253307.927438259,34.851685578552946,262.834437182268005,9.830245273166842,0.574157649828128,0.817874278316306,-0.036088243984476,0.011058781964517
2554,1666253308.029377937,34.783447659516760,262.990196321598717,9.847902705670709,0.583057696524823,0.811334174653083,-0.037362213118656,0.019612358196934
2555,1666253308.126307964,34.720875839432779,263.134082985619500,9.827681933602399,0.581116946587815,0.812752270642402,-0.037293250395674,0.018602538240788
2556,1666253308.225724697,34.653753407974307,263.285184627278511,9.796010922035128,0.556466398073800,0.829967685448866,-0.036183834348311,0.013766592072012
2557,1666253308.327324867,34.581724456161552,263.443354137148560,9.801986444019779,0.542774506624348,0.839327590683984,-0.030019402209855,0.004885280573003
2558,1666253308.425123692,34.501414933192834,263.592181601962295,9.824222871725340,0.528508068455549,0.848329658449147,-0.029392969535634,0.012331484696346
2559,1666253308.525232792,34.413207708687487,263.740146765036570,9.833199607137407,0.499498770061240,0.865593986406528,-0.029016166720684,0.020151711416179
2560,1666253308.626827240,34.328315376116706,263.891993983106431,9.799436138774515,0.496477506980566,0.867308140609410,-0.025544662242558,0.025182226389324
2561,1666253308.727286577,34.251562456681576,264.053098194267250,9.772298562024551,0.504686301003260,0.862610103433573,-0.027743892340638,0.020635490586837
2562,1666253308.827305317,34.173606725383294,264.221594562704183,9.787399318427793,0.511592939380882,0.858303036178945,-0.034109220654502,0.020618523903943
2563,1666253308.927898169,34.098701951481374,264.386762294350945,9.811058853658951,0.532040810127376,0.844964956602898,-0.041528851973357,0.035244189958662
2564,1666253309.027513027,34.030585782811045,264.539312243918232,9.802494388923503,0.536671405616709,0.841709360976302,-0.045115682325466,0.038389181373917
2565,1666253309.125906706,33.964016794408487,264.684587745105205,9.766468608919757,0.523095039859945,0.850456986250952,-0.043989131630302,0.034050699101214
2566,1666253309.226049423,33.893897543146714,264.838209018748501,9.763930407661908,0.519460668851904,0.853503883970767,-0.031930624837931,0.025926217622457
2567,1666253309.327618361,33.815646736877255,264.996928811338421,9.791163650636168,0.529015469557956,0.847529395954815,-0.030097905511477,0.030506917980437
2568,1666253309.425558805,33.740385060581417,265.142547926278667,9.811420088816719,0.516674084395210,0.854822183236626,-0.031653682069406,0.036400136983094
2569,1666253309.526184559,33.666309686057723,265.285530597044840,9.793559582091605,0.515875960599313,0.855486476718507,-0.026820466860521,0.035993665899377
2570,1666253309.627266407,33.593543950282182,265.433497123315021,9.763533431628167,0.530439185357246,0.846936228778870,-0.020923376331837,0.029925028692431
2571,1666253309.726772308,33.520866995487964,265.587852588073304,9.775615632477706,0.545529584392140,0.837727789627577,-0.017645519027258,0.017270167830453
2572,1666253309.827148199,33.447652031521947,265.744500760640449,9.804351801737422,0.564895324072059,0.824611146487156,-0.018516916859263,0.023808690024636
2573,1666253309.928050995,33.381998476597893,265.900232583615548,9.819039775343477,0.580132947698093,0.813673457316313,-0.023080562976567,0.029129975398627
2574,1666253310.026482582,33.323164081767622,266.047666260920266,9.793433285760404,0.578321990633370,0.815038730741842,-0.026862500802932,0.023107327651559
2575,1666253310.125207901,33.263101759426490,266.199350335602617,9.772552620622307,0.560471180771587,0.827657061811874,-0.026533694107098,0.012320983502517
2576,1666253310.225709438,33.192506517256753,266.366811793245233,9.798581893647260,0.565668134618489,0.824120546148905,-0.026204974293288,0.012577210134125
2577,1666253310.325218678,33.116133959651670,266.530585764053683,9.821724836488684,0.559079670354953,0.827936230521441,-0.036594116724551,0.024746535250291
2578,1666253310.426000595,33.038762339730432,266.688917929146726,9.810009683512336,0.559674396544944,0.827069899103382,-0.039603213293299,0.033934309275720
2579,1666253310.528046370,32.963019584092223,266.849956979637909,9.773765850908495,0.574295741602660,0.816754547897446,-0.040083457890968,0.038596969691828
2580,1666253310.626461983,32.892872286740484,267.011353214936889,9.777457189805833,0.591381844292409,0.804608634570628,-0.044771280255877,0.029461701918720
2581,1666253310.726852417,32.818969000417432,267.170324905942323,9.809457457842656,0.610707450306366,0.789678870088786,-0.049595799693706,0.031367960219579
2582,1666253310.827705383,32.746280439859895,267.318918291418527,9.830682211036265,0.628050292142850,0.775877930528003,-0.042822830378270,0.041622982320574
2583,1666253310.926467419,32.681853347185850,267.458363084638961,9.813696538171115,0.642934630643779,0.764079771769940,-0.034889672161907,0.039998423311160
2584,1666253311.026141882,32.622030825547021,267.602682838129738,9.791741669930692,0.630278603204457,0.775264684542003,-0.026699106205297,0.031633984454450
2585,1666253311.127350807,32.564324217730636,267.762014032424361,9.812251501900281,0.632520247787400,0.774097655252314,-0.016851619294931,0.020173725460965
2586,1666253311.225272179,32.506671773707716,267.923104699928274,9.844021650629353,0.626206734426205,0.778967629418841,-0.020443179201606,0.025624880506849
2587,1666253311.325238705,32.450230657306513,268.083483338974474,9.857840771911196,0.623926939698867,0.780462222336340,-0.023056848438176,0.032592563015613
2588,1666253311.427521944,32.395668976118714,268.245304582642916,9.830649741935202,0.626542274603887,0.778225606534712,-0.023745056919453,0.035296681710309
2589,1666253311.527020693,32.348562692302799,268.410228464224872,9.816443151099897,0.642251106123624,0.765454051803833,-0.026220180584337,0.030101717396221
2590,1666253311.626973867,32.303005918754359,268.578057319905326,9.842573605030516,0.660056390716612,0.750262570032817,-0.030230139075016,0.022754686845082
2591,1666253311.727396965,32.257670042011654,268.740214004585823,9.869311161395558,0.672403547800765,0.738735640697898,-0.033209175127093,0.032253259602529
2592,1666253311.828534603,32.219620681187095,268.897600445006901,9.869075072649458,0.688378504069276,0.723680329275892,-0.033568501813107,0.035985717173717
2593,1666253311.926250935,32.186681741549286,269.048988600247071,9.839852172778151,0.683735798508818,0.728200403071176,-0.034736087515787,0.031983355492843
2594,1666253312.025913954,32.160283200330390,269.209865396864302,9.836486082648392,0.678594544456420,0.733488892404760,-0.029748560652678,0.024869903335496
2595,1666253312.127774954,32.134904533450403,269.381618675859329,9.869383750546906,0.685937446258017,0.726652169146900,-0.029640947645818,0.024245806189784
2596,1666253312.225505352,32.111124146541705,269.537095310335644,9.897988149466709,0.681635793383466,0.730303021644556,-0.033395755712261,0.030246739588455
2597,1666253312.326384306,32.090667304951722,269.688883878285594,9.895336512735897,0.689748255499169,0.722828863892587,-0.031400727235444,0.027924395941390
2598,1666253312.427991152,32.077157737715481,269.845687809085121,9.869569615357561,0.702442500966828,0.710723138766137,-0.030659956854979,0.022519322892319
2599,1666253312.526901484,32.073566458967576,270.010436985635124,9.878499060865684,0.720813601565822,0.692243795119249,-0.034561630911312,0.005636806308332
2600,1666253312.627454042,32.069485273227968,270.178910304676776,9.904432814215873,0.737452654024758,0.674219860145975,-0.039658897298511,0.004281953018076
2601,1666253312.727849245,32.069810317260689,270.343045372774441,9.923941971610359,0.759088839257274,0.649331842332049,-0.044270106223239,0.013872647321087
2602,1666253312.827200651,32.076245028729083,270.501495412053202,9.906630202146196,0.771377387999324,0.634511454606669,-0.045807120234446,0.016548322939103
2603,1666253312.925756216,32.089777208486566,270.660351171878972,9.874288624709333,0.765724070868609,0.641291660412432,-0.046980261267039,0.014300651354155
2604,1666253313.028173447,32.112982624404175,270.836554386767773,9.887672310897303,0.772774102371886,0.632920619892069,-0.045458759008978,0.012852114539224
2605,1666253313.125280857,32.133785394314174,271.007065631177568,9.916678555614675,0.775906118496509,0.628228155487569,-0.052114043568079,0.024149666568145
2606,1666253313.225642681,32.155263136360063,271.170613262934751,9.932204114053610,0.782784227225910,0.618825116212843,-0.054680747480716,0.036253896417447
2607,1666253313.327065706,32.182900740102141,271.326901353294318,9.913049919112357,0.794189965482806,0.604072359162145,-0.053152128822991,0.039162926656273
2608,1666253313.426088810,32.223610885610796,271.483090192228872,9.898476205773827,0.806073825911507,0.588633148244422,-0.052932538364639,0.030889324216020
2609,1666253313.525875807,32.270751253255554,271.644361100341371,9.914531868110297,0.820750016839127,0.568636507609574,-0.052369005231786,0.016715841683676
2610,1666253313.627522945,32.319248249060166,271.810709898874052,9.937782851998607,0.839551655829113,0.539497527969005,-0.058540360177957,0.025854607716294
2611,1666253313.726532459,32.371171301422116,271.969733536489684,9.946736208613043,0.854303928096537,0.514332213468946,-0.066202407271594,0.035276251195495
2612,1666253313.825689793,32.422848527700772,272.124196245103121,9.919414404926558,0.855945417674001,0.511081741051229,-0.070727502110093,0.033919262553770
2613,1666253313.925451994,32.479956090043864,272.279195909161615,9.902782395415699,0.851839201653568,0.518414960461043,-0.069445137663611,0.028165158463418
2614,1666253314.026861668,32.544614773035491,272.442407588321885,9.927258810767160,0.856814423347373,0.510662538451405,-0.066468502088380,0.025976027340643
2615,1666253314.124956608,32.601361241448693,272.595587517271099,9.954775795059899,0.855465324242838,0.511863703372388,-0.072501555477838,0.030301033667069
2616,1666253314.226693153,32.656525934649665,272.741580579134052,9.960737239953909,0.859448392055220,0.505765955697408,-0.068237716953469,0.029880987871253
2617,1666253314.326943159,32.716150846969455,272.878062245841932,9.938999785525452,0.865234432723868,0.497386457235197,-0.059203815793332,0.021702460310662
2618,1666253314.425967932,32.786238250338421,273.011297646497155,9.936110328389910,0.878159653854865,0.475823904341911,-0.049221996786729,0.002104621260718
2619,1666253314.526753664,32.860053158945583,273.147546081791177,9.957994757498755,0.890631851479092,0.452494775650884,-0.044190792741564,-0.008399820025030
2620,1666253314.628494501,32.939937399493274,273.280575822923993,9.984723480200731,0.907053298861213,0.418460741642905,-0.046152890680641,-0.003851157031611
2621,1666253314.727922201,33.020872619979038,273.402434772742083,9.973377780059016,0.918372500732909,0.393200655642282,-0.044119969635614,-0.006214706703812
2622,1666253314.827020407,33.106551969353255,273.522624288585519,9.941228372720380,0.911997736491515,0.407993141284379,-0.039458384093552,-0.015644846563122
2623,1666253314.928008318,33.205472453041914,273.647290709956906,9.943510425069890,0.915441008289638,0.400480163396187,-0.030374428690039,-0.025705897174926
2624,1666253315.027004004,33.307796961395461,273.774454662535902,9.968326562312971,0.918231782799019,0.393852568038162,-0.033663682825076,-0.024439806998674
2625,1666253315.127338886,33.405861987410873,273.895932767055399,9.985642047871091,0.921073165602558,0.386915990023638,-0.037596526731398,-0.022510918431863
2626,1666253315.228735685,33.502482422239702,274.012592214303424,9.965855467243477,0.927249433677824,0.372052615086822,-0.034558519373331,-0.024311480619982
2627,1666253315.327121258,33.605297979609183,274.123024879703109,9.940888915954348,0.935115719416914,0.351818897707760,-0.027582299954576,-0.031957334749627
2628,1666253315.427671194,33.719860306975107,274.234550973789567,9.947435849449281,0.940355930983972,0.336051779797970,-0.020939717817147,-0.048594779304184
2629,1666253315.529109240,33.838007577022687,274.347968561277241,9.971423175126009,0.948310516206650,0.312337152636523,-0.028066422263573,-0.048630688624672
2630,1666253315.627462387,33.952891722551890,274.453825096481580,9.981743563005795,0.958901600520974,0.278640535749220,-0.034624127489354,-0.040845344303884
2631,1666253315.727732658,34.068435672551203,274.557827491215789,9.956421978123466,0.962187333505833,0.267303598009225,-0.034458775079653,-0.039457756553908
2632,1666253315.826966286,34.191129553282835,274.656666018401836,9.940631249476858,0.957848197104263,0.282363887039183,-0.030781321941600,-0.043011356869593
2633,1666253315.926929951,34.321921003092896,274.752438336543776,9.958662199226966,0.959565985335142,0.276632962806515,-0.022737516000747,-0.046800951302339
2634,1666253316.026572466,34.449188418170841,274.850220481296958,9.983251210146399,0.957585717922697,0.282596155427251,-0.029599872398660,-0.047883747996497
2635,1666253316.128386021,34.572558280558475,274.946681984563043,9.990477546122191,0.958168752294856,0.281497419681996,-0.029695286593930,-0.042308802774383
2636,1666253316.228276491,34.693065167279578,275.037308034244631,9.963882189996447,0.962105563464835,0.268543057957129,-0.025812182432609,-0.039638895180252
2637,1666253316.327745199,34.824391216409268,275.123457168560776,9.953022126960436,0.965441029931093,0.255765620313944,-0.019718353069455,-0.046029900534787
2638,1666253316.428519487,34.963136878243994,275.210685952464360,9.972558817289253,0.969384590506463,0.239239561904747,-0.017288903233038,-0.052526579302670
2639,1666253316.529295206,35.101128726157064,275.297657350905865,9.994471275017982,0.976530630458543,0.209836933376197,-0.025026329263465,-0.041594134335382
2640,1666253316.627763271,35.233842491454844,275.379357267827402,9.987986478069937,0.981140825305570,0.187292888782342,-0.030495235497394,-0.036798034488678
2641,1666253316.726864338,35.368198697223377,275.460676698466443,9.959335026283432,0.978443064521933,0.201624350345373,-0.030806566841430,-0.032368909097775
2642,1666253316.827113867,35.511324950009318,275.537764246884819,9.961664850814415,0.977710888204054,0.206177235699268,-0.024173345161368,-0.031432721014210
2643,1666253316.926150084,35.658439174154886,275.614743995520826,9.986926521225442,0.976608832573697,0.211011311517547,-0.026366902648849,-0.031846522500771
2644,1666253317.026488066,35.800152653256859,275.694150100605953,10.008652222644772,0.973357789060025,0.224784848869441,-0.034433367242221,-0.029338190388713
2645,1666253317.128707647,35.935403462266216,275.772309765965247,9.995458876066664,0.973706915267006,0.224090219813131,-0.033610404728914,-0.023425568067254
2646,1666253317.227298975,36.071384512463098,275.844574059582783,9.970286978643051,0.975722553321347,0.215630948766991,-0.030763988580692,-0.022855412499590
2647,1666253317.327849388,36.220394903595803,275.916445654317727,9.979070750656767,0.977326692154492,0.208032022089252,-0.025362859431321,-0.030198343485733
2648,1666253317.429133415,36.371103277791896,275.990836502868945,10.000333508599736,0.981307281926324,0.187598613392493,-0.032013684375886,-0.028598998308777
2649,1666253317.528254509,36.517020666964186,276.062126585032786,10.010540183526816,0.984466979173959,0.169227094979341,-0.042219479039010,-0.020111509904240
2650,1666253317.627618074,36.660939035373055,276.130031469431231,9.991030336519945,0.985788312785757,0.160592117715507,-0.046069768858753,-0.017582676131928
2651,1666253317.726482630,36.806023124759299,276.196558832771984,9.972540956174374,0.982730904890124,0.178856479165232,-0.043991647337995,-0.017750025322344
2652,1666253317.826644897,36.960534704886932,276.267104668197305,9.998948808726571,0.983689360470230,0.174343467924600,-0.042038706615155,-0.013868829648520
2653,1666253317.926635504,37.106962092249127,276.339629751362963,10.027611595322554,0.981949394970143,0.182352772257685,-0.050056341955491,-0.004149071913384
2654,1666253318.027515888,37.239973603950013,276.410729460446191,10.037687355894512,0.979542540012006,0.193974690108109,-0.053544550822144,-0.001792479161675
2655,1666253318.126973391,37.363903960372049,276.475368189009316,10.022863857908630,0.979558524740226,0.195334166379178,-0.048019082378942,-0.001956471617064
2656,1666253318.227433443,37.491386821854718,276.535690864626474,10.013929013343116,0.980849636486120,0.191095395908239,-0.035751721639925,-0.011762426089123
2657,1666253318.328631401,37.627426259362593,276.598403597376830,10.039136783310976,0.982268490120553,0.182826626215531,-0.035950365981718,-0.020751126444516
2658,1666253318.427217007,37.757653433391198,276.659997503131763,10.062309109147657,0.983604712777168,0.174230021978175,-0.043811931357942,-0.015690223539412
2659,1666253318.528358698,37.884340499000018,276.717960424005696,10.059749672123209,0.986480262838647,0.156611208081579,-0.046492004621691,-0.012965879811226
2660,1666253318.628333330,38.004471888820234,276.773653557856846,10.039862328571095,0.984583201897530,0.169486325999292,-0.040752530021196,-0.014475328574520
2661,1666253318.727133512,38.124050139969874,276.823918216881395,10.050899850369511,0.985199304033775,0.168954101006400,-0.026872565663593,-0.010710196036548
2662,1666253318.825857162,38.244009027699931,276.870945291383123,10.083651047588834,0.984651904467570,0.172692400263493,-0.023965154456187,-0.007977047794263
2663,1666253318.926671028,38.354856835162501,276.915197513711803,10.106279917834881,0.981240159983596,0.190574417104790,-0.024799644699782,-0.015300902042060
2664,1666253319.026917696,38.456614001456963,276.960151059562520,10.108558197981699,0.979803185587804,0.198059399985762,-0.020667803853300,-0.018194325300832
2665,1666253319.127130508,38.561830777407266,277.006091376356380,10.108177701174871,0.982214661060623,0.185027862286346,-0.019644678070233,-0.025162201788126
2666,1666253319.228304625,38.669195490039129,277.053500056102905,10.138828380795411,0.982891128568717,0.179293829463680,-0.015480405852055,-0.039231481387011
2667,1666253319.329884291,38.767216630103796,277.107547342958014,10.190506732971572,0.984758941354575,0.166394139078339,-0.015399268025318,-0.048225309194237
2668,1666253319.428751230,38.854847205163466,277.161654372104920,10.237560932322710,0.986906634545002,0.155342075829412,-0.022552525842642,-0.037087973066545
2669,1666253319.529282570,38.940672201631770,277.209265261421365,10.281550688780770,0.989292661922701,0.140858567746316,-0.027445166116476,-0.026564182938547
2670,1666253319.629683971,39.021883516697216,277.248426390677764,10.308761057761824,0.989877199993724,0.138356217687604,-0.025708099745714,-0.018433110622725
2671,1666253319.728420258,39.099684795516858,277.281342212541006,10.347030114795361,0.988520137915830,0.148929829620613,-0.019514077879113,-0.016341467148696
2672,1666253319.827606916,39.170963910666650,277.311434791618694,10.391601322786585,0.986330862185390,0.162327270710789,-0.022431807572494,-0.017265615924212
2673,1666253319.929094791,39.235659363711839,277.344996213819570,10.438676644472640,0.982604175514603,0.182246469235103,-0.026922350100428,-0.023461580886141
2674,1666253320.027811050,39.295962832860802,277.380655268909322,10.469751222767954,0.979960991834046,0.195226915765253,-0.027038342916965,-0.028841530069073
2675,1666253320.128801107,39.360214275911162,277.416793530449695,10.503082305451761,0.980438980285190,0.192352328685925,-0.025887879200886,-0.032707878208764
2676,1666253320.231111288,39.422198005179041,277.452632921808288,10.551073661442381,0.983510165724756,0.175754609666531,-0.026589574150121,-0.033332651312842
2677,1666253320.329334259,39.477185216807726,277.485005439452380,10.597774764972499,0.985490008561417,0.165343645341386,-0.030995040878742,-0.022588258272048
2678,1666253320.429402590,39.535619423568576,277.514274031877392,10.632845564406765,0.987446489235861,0.153481637723863,-0.034460994019130,-0.014326816414963
2679,1666253320.530086279,39.599772567697194,277.540525735065501,10.645861701280845,0.986428914979198,0.159531752559258,-0.037528060839841,-0.009962944742150
2680,1666253320.628039122,39.667815592330939,277.565175144323746,10.672066085050258,0.984674604299624,0.170000135487709,-0.038653023868562,-0.004671330362535
2681,1666253320.727249384,39.731923359205915,277.589129682834425,10.717899297157093,0.983003260504428,0.178166838832018,-0.044263503758274,-0.001381887589528
2682,1666253320.827137470,39.781971561298398,277.613922355870216,10.762925870827878,0.978195305074788,0.202016455163425,-0.047749136594172,-0.006581559644777
2683,1666253320.927304268,39.826974766188229,277.643156725393567,10.797907151652865,0.974395366996095,0.219965612075995,-0.045431891870103,-0.010234328589695
2684,1666253321.027955055,39.878493143710813,277.675751053784722,10.821711523213104,0.973984305717587,0.221915094333651,-0.043259644777516,-0.015390459916482
2685,1666253321.129990101,39.933686454102329,277.708852467232532,10.861781400073035,0.977209640721799,0.207056590278496,-0.040539984490620,-0.023353718335981
2686,1666253321.228731394,39.978804640681879,277.741396691222576,10.905149448426291,0.979788949351757,0.194736361317399,-0.041164421303885,-0.019921213009136
2687,1666253321.329235792,40.024714643098385,277.771721785562988,10.951076338115081,0.982929857892063,0.179019264933796,-0.040807458446078,-0.011651119346404
2688,1666253321.430259943,40.076252029848789,277.800707098430905,10.975637660348839,0.983566228869754,0.175657663849196,-0.040758004061911,-0.008980181672074
2689,1666253321.527736425,40.133955544318944,277.828081044501403,10.987516288008408,0.983556032703164,0.175641389917677,-0.041716635695736,-0.005230199539936
2690,1666253321.627901793,40.199668085142179,277.854117562918020,11.023255804589450,0.981928356823412,0.184678481994411,-0.041194442078974,-0.003684873962145
2691,1666253321.727160692,40.259663344631257,277.874130782968848,11.066605187009795,0.980121990836364,0.192443264161671,-0.047120710452558,-0.010301058402400
2692,1666253321.826893806,40.313781322860841,277.896902060248351,11.113554192070062,0.974655630753295,0.216445726296158,-0.051984508683244,-0.022254434748779
2693,1666253321.927770853,40.366253771166534,277.925762378209924,11.144320626724495,0.971729154073123,0.228134794280923,-0.052886092922153,-0.030000465632431
2694,1666253322.028942347,40.421994976869811,277.959815026321280,11.163145486043911,0.973017667268447,0.222324509892146,-0.053089881602860,-0.031462612035270
2695,1666253322.129592180,40.480863017789304,277.997213368551229,11.199676050958146,0.976431356775619,0.207279769918620,-0.051167367951830,-0.031603843827749
2696,1666253322.229336500,40.536759278671269,278.037911844818439,11.243618366115827,0.980115831178271,0.188081376313705,-0.059991794941865,-0.019983440577725
2697,1666253322.329798460,40.591669434751275,278.074202491670746,11.286338467014108,0.983897580289282,0.165998917012438,-0.066086861611412,-0.004736852747162
2698,1666253322.427975893,40.646692911617187,278.106460649463145,11.312000849456325,0.984046606548045,0.163742747276469,-0.069573910777015,-0.000244529802838
2699,1666253322.527045727,40.705884262167650,278.140040113298596,11.332746053274022,0.981519030288203,0.178039715892021,-0.070143964158677,0.001441193706876
2700,1666253322.627079964,40.767459659233062,278.171984048087950,11.361789564407086,0.978513821614730,0.194203200351949,-0.069246685252531,0.000845259447967
2701,1666253322.727760315,40.829194840272883,278.199894757999061,11.394964404018447,0.976850974996402,0.199193069388514,-0.077948725801720,-0.002879218999959
2702,1666253322.826812506,40.887156072230638,278.227883649081718,11.430293873518051,0.971973931352071,0.217311926100828,-0.088709587429886,-0.013145822316098
2703,1666253322.928097248,40.941983617814053,278.258293232475921,11.458588803783725,0.969502264053925,0.225878520560006,-0.092065237584777,-0.023837910403293
2704,1666253323.029598475,40.996800962020686,278.292438065089300,11.492058170997137,0.970954665937929,0.219452436204002,-0.090947088188651,-0.028570825810580
2705,1666253323.129262209,41.046535189778346,278.323614481387438,11.534290004207097,0.975751619400821,0.197168055641894,-0.088646041079860,-0.034284318163521
2706,1666253323.228885889,41.085682030392853,278.352350538378857,11.577190713976941,0.977231947687930,0.190365579055458,-0.088313834182797,-0.031294303329330
2707,1666253323.329810381,41.119845386094006,278.380247629615553,11.622265974414116,0.981158266195158,0.173571669440670,-0.081190443932336,-0.024686920799487
2708,1666253323.427558422,41.152394384407039,278.407062788698170,11.653750603324022,0.984019111446639,0.162939375827600,-0.069560211363341,-0.017847271717726
2709,1666253323.527212620,41.188872856141415,278.435387704113225,11.682272179960124,0.983900916364995,0.169256971081267,-0.055595362198972,-0.014149919380783
2710,1666253323.627352953,41.230451951662857,278.461836507738326,11.720238441203348,0.982245375902872,0.181432690181537,-0.045947477532079,-0.012846390907794
2711,1666253323.726271391,41.271736781829816,278.482702090010605,11.761636958810127,0.980527867766896,0.190320979118400,-0.045217872938348,-0.017273372769965
2712,1666253323.827694416,41.313052642780200,278.505311964241685,11.803149951972332,0.977309965928822,0.206006110003168,-0.043723933148794,-0.022692086893193
2713,1666253323.927866936,41.354775365160954,278.530207294398053,11.831980442737102,0.977057601877438,0.207223231110986,-0.039898516716528,-0.028724266139506
2714,1666253324.028147936,41.399753142805395,278.557584377955266,11.860115572938092,0.978455970803557,0.201043305371143,-0.034462627617400,-0.031903445927035
2715,1666253324.128420830,41.445780273837904,278.584148279255430,11.900334706019080,0.980010628950641,0.192766836607962,-0.030488222799478,-0.038608057688241
2716,1666253324.228823185,41.489795322940338,278.609570493560796,11.941806345301373,0.980369632329866,0.191190504280620,-0.032377427779617,-0.035683010645138
2717,1666253324.328266382,41.536786934967274,278.635199101893818,11.982584210528547,0.982613455249763,0.179990179815429,-0.034658315667466,-0.029548839016540
2718,1666253324.427886009,41.590458751956184,278.660435121339049,12.007275271201195,0.982733806444426,0.179145966296382,-0.038293460619036,-0.025973049586124
2719,1666253324.528596163,41.651362476077693,278.686082986667714,12.028040844714928,0.980010216683957,0.193584483621064,-0.040574713071631,-0.021417645888015
2720,1666253324.626770020,41.712090847544147,278.709284879655740,12.058047580655778,0.978359948139333,0.201915372611301,-0.041418711133723,-0.018068883420466
2721,1666253324.727156401,41.769554891352470,278.729607486894452,12.094138412283682,0.976138375967569,0.210489516491083,-0.050190948457809,-0.018135685916265
2722,1666253324.827648163,41.821262599536517,278.749940121905752,12.132641414476060,0.971673584055409,0.228391501831965,-0.056012034557838,-0.023461029912336
2723,1666253324.927698612,41.870779987523491,278.770610461897206,12.164041066443270,0.968042707629019,0.241595676610315,-0.058572904178701,-0.033076580015984
2724,1666253325.029487133,41.922579469314122,278.793181351918463,12.193164127650565,0.966349672055910,0.247171953045272,-0.058690507214219,-0.040370302304536
2725,1666253325.130374432,41.969462563154828,278.810579282971730,12.227793250869800,0.970006434695775,0.231019819836962,-0.052332520906084,-0.054577163236126
2726,1666253325.230560780,42.010837795469435,278.824459402009609,12.264117119161151,0.969860199217620,0.229482406665468,-0.052621660141098,-0.062769259104899
2727,1666253325.330116510,42.045787973667629,278.835069855603990,12.298802372546216,0.971076708921295,0.223423350836512,-0.050805419450668,-0.067162795102734
2728,1666253325.430492401,42.082276020017829,278.845976666950094,12.324585557239553,0.971698103647042,0.221591019975951,-0.046080205026390,-0.067652272241856
2729,1666253325.529584885,42.127353236296052,278.855847884491027,12.341651768258435,0.970949422418572,0.223636880811485,-0.046279430147039,-0.071428138651495
2730,1666253325.628692865,42.179259783619202,278.864273112781007,12.359508149371042,0.968705465082842,0.232774975889866,-0.045557743711552,-0.073143861711147
2731,1666253325.729053736,42.230902392487231,278.869759131726767,12.384950563707559,0.967329261697133,0.239089541671520,-0.042020421381207,-0.073106598298156
2732,1666253325.829642773,42.275327432395095,278.872049948385552,12.410891465825147,0.965461493501215,0.245507632431216,-0.041946452225201,-0.076489228850479
2733,1666253325.929909706,42.311841364778658,278.876851086107933,12.439039835810265,0.963605489512811,0.250961537186654,-0.041604530821650,-0.082169522627295
2734,1666253326.030119896,42.343625142883504,278.889251461852609,12.468020599278555,0.961480357207365,0.258140045032801,-0.039742057889221,-0.085672683450393
2735,1666253326.129780293,42.376019760579382,278.908291900843381,12.488695438226156,0.959733929872628,0.264563818316200,-0.040440119396943,-0.085330924244119
2736,1666253326.229383230,42.410674967956510,278.931313274292563,12.501716868520687,0.959786243071443,0.263119771363146,-0.042893232150050,-0.087968881795397
2737,1666253326.329612970,42.446329351309494,278.954040135192770,12.515795687641878,0.960361602229864,0.259122870863242,-0.043662967642017,-0.093029436281059
2738,1666253326.430174828,42.481359002720978,278.977231559784457,12.541075951539174,0.958672383696607,0.262621525993621,-0.041362582259205,-0.101322907632471
2739,1666253326.528906345,42.512777648001496,279.002567126675387,12.569583740979404,0.956480472781711,0.266963993214000,-0.044923661540830,-0.108890753272601
2740,1666253326.629138708,42.540531352253183,279.031450501059794,12.595461598765270,0.957939946541105,0.262579654766746,-0.049524260799815,-0.104643830757642
2741,1666253326.729775667,42.569302860348614,279.061811673347790,12.620412008777974,0.959680151213673,0.259508212123204,-0.052084899583336,-0.094639624061557
2742,1666253326.829296827,42.599190939253319,279.089547596961609,12.637505788869197,0.960324302647157,0.259110242885585,-0.053270284257770,-0.088325492311794
2743,1666253326.928822041,42.632755806185443,279.112954635379708,12.646704398531675,0.960967086534908,0.258603717527021,-0.051167352641908,-0.083954022544692
2744,1666253327.029317141,42.672243620393076,279.130818342437010,12.653051570194160,0.960006884111600,0.263503252439957,-0.047638393075549,-0.081752075919097
2745,1666253327.129112244,42.716492458693097,279.143670867922651,12.671098905989302,0.958055939410437,0.271130990642680,-0.041762325003352,-0.082901815925939
2746,1666253327.228625059,42.762841599626711,279.157582513362513,12.707064420823800,0.956074554398109,0.278067682431829,-0.039350632319927,-0.083972246340509
2747,1666253327.329864502,42.806486956725763,279.174331101747214,12.740879363143975,0.954229980722214,0.284618349478999,-0.040123109143997,-0.082629747327170
2748,1666253327.421011925,42.845709526705527,279.196774417148617,12.768232628059092,0.955223735196616,0.281963177329104,-0.046120842143852,-0.076923665197674
2749,1666253327.521663427,42.890723120323806,279.230721770376761,12.793673753474421,0.955831629588354,0.279624313520670,-0.055545209257014,-0.071490341271815
2750,1666253327.622768402,42.935380744596884,279.265658889992210,12.807244283194791,0.957776308089485,0.272535406527335,-0.063484639895265,-0.066020423724974
2751,1666253327.724966526,42.980254934402858,279.295138457592998,12.813669064215729,0.959138186519698,0.267350088787863,-0.064589975515971,-0.066377739097328
2752,1666253327.825078964,43.024818400998306,279.319558928456729,12.827255911857277,0.960898549013613,0.259135903380143,-0.058674672075086,-0.077973360449402
2753,1666253327.926821947,43.077471647589711,279.347183151114564,12.857932009248204,0.961213706113125,0.253242708600440,-0.060197587237690,-0.091173418339694
2754,1666253328.023913383,43.127924262433503,279.371251248444821,12.883904602310709,0.961511998127209,0.246970318153103,-0.067058179860289,-0.100017698046904
2755,1666253328.124065638,43.177791908706226,279.392348663737152,12.907332217895405,0.960902425095131,0.244280954864388,-0.069322170403983,-0.110398284530695
2756,1666253328.224867582,43.229985902265199,279.416834701838297,12.924374206719508,0.958578264888201,0.250996374825906,-0.068465892995969,-0.115935117218397
2757,1666253328.323895454,43.283671636219104,279.446829885346972,12.929754150708566,0.960076366322112,0.246347505350187,-0.067125002064041,-0.114282595067541
2758,1666253328.424026012,43.339977883879030,279.479608866294541,12.929097425280013,0.961893126935631,0.244834703896897,-0.058757606865712,-0.106607334443403
2759,1666253328.526040554,43.399427134107029,279.508766061746883,12.932814866286162,0.961949232947764,0.248529537825423,-0.042209958273546,-0.105380555521571
2760,1666253328.623921871,43.460998217663025,279.532335445687750,12.948972903675223,0.959452295520706,0.258795009241017,-0.028300652003108,-0.108053268845462
2761,1666253328.723983765,43.526035174237485,279.553736841300747,12.963543834196418,0.956682171087687,0.267390733623112,-0.024877707136491,-0.112438955807472
2762,1666253328.825550318,43.592587040676207,279.577717440809636,12.972795371046239,0.956264522146852,0.269401948247361,-0.026806580782023,-0.110734643136445
2763,1666253328.924660206,43.658898312872857,279.606028033098539,12.973009499938660,0.962530088239127,0.247843930411847,-0.032807699237820,-0.105037470757374
2764,1666253329.024918318,43.728965975380149,279.638839540641243,12.969412265949934,0.966059184053003,0.234576383647165,-0.039929751776047,-0.100544458151442
2765,1666253329.125452042,43.795855084435843,279.670541539267958,12.969202887588487,0.964112100770713,0.240749899407809,-0.040654233043530,-0.104281237134274
2766,1666253329.223891497,43.852991319856365,279.702533618192604,12.982851389101851,0.965081367367030,0.236884019937975,-0.029155710105863,-0.107953045474559
2767,1666253329.323984623,43.909914400406080,279.736492977313787,13.023987744313807,0.967792181477420,0.224563994216865,-0.013200229742682,-0.113026810568485
2768,1666253329.425076246,43.968445154185723,279.768454546278633,13.070648345852312,0.965365768971675,0.233546416521763,-0.009113979994752,-0.115939375521107
2769,1666253329.523912430,44.020854353359312,279.791505207233740,13.109111241525619,0.966945452615381,0.226321724158371,-0.009991088115306,-0.117026266276810
2770,1666253329.623638630,44.073931956784833,279.815005392389480,13.140763525933687,0.965641170227855,0.232844559660152,-0.006072744233046,-0.115254775064331
2771,1666253329.724995375,44.129578541697299,279.847214757489382,13.156937835534144,0.963267007463137,0.246136314242651,-0.002615263595039,-0.107362691566411
2772,1666253329.823771000,44.181729280433920,279.880650610696762,13.176193135646425,0.961796417231146,0.257590808103900,0.004672924285871,-0.092589368505949
2773,1666253329.923443317,44.228953515215103,279.908498474919213,13.222193412613874,0.957711865869175,0.275200267912098,0.016982202518263,-0.082245968363941
2774,1666253330.024038553,44.271461861443974,279.934210201190524,13.273189771187868,0.955653643518943,0.284547598152562,0.025259435572525,-0.071559338518015
2775,1666253330.125441790,44.317052613642311,279.964691470194680,13.316779694823373,0.953072065748295,0.294268560548994,0.026001936554298,-0.066208391145895
2776,1666253330.224094629,44.367061068092788,279.999375244263263,13.344067081382624,0.949107251613454,0.308650412289821,0.023562645962256,-0.058096038103612
2777,1666253330.325105190,44.421070372978797,280.039093365990198,13.353275401749114,0.950617159034123,0.305839594048174,0.019030326573488,-0.049264656020803
2778,1666253330.426599503,44.476269886419999,280.075148432673529,13.368636452877533,0.953695972937520,0.296261046474467,0.019603664021185,-0.048052886505976
2779,1666253330.525057077,44.527115292513500,280.105078192139558,13.410785066358665,0.954692714420156,0.291913388601465,0.025332595419131,-0.052025514871209
2780,1666253330.625132561,44.575021417125264,280.136550213784517,13.460916057547525,0.958025966546569,0.281542280279003,0.025907684590905,-0.047423451128638
2781,1666253330.726188421,44.631403137494758,280.171474354726286,13.504334615226389,0.967052555732443,0.251274611600245,0.020741849005352,-0.035216469390563
2782,1666253330.824018955,44.697570059091028,280.204185060376744,13.523678315135438,0.968334968068629,0.247622277064791,0.010002739484182,-0.030175200406755
2783,1666253330.924583912,44.770040455568584,280.237562866992107,13.538232999574520,0.967074242216369,0.252544079312389,0.000301711910343,-0.031445301967341
2784,1666253331.024765730,44.835116151558331,280.268980318612535,13.571422058278685,0.965204993751320,0.259705829378422,-0.001156230852950,-0.030510086112545
2785,1666253331.122751474,44.888411918283005,280.298578478620584,13.615226237761204,0.961932673342527,0.271180076665875,-0.006463623405805,-0.033243338401212
2786,1666253331.223372698,44.938405868354842,280.333666840553292,13.657314531660003,0.956843956529513,0.288159233320571,-0.010718701440578,-0.036041761117842
2787,1666253331.324119806,44.991903289526590,280.376092992906308,13.680651177182119,0.955068286059162,0.294316326101061,-0.015943511202882,-0.031117095059020
2788,1666253331.424552679,45.052720566720467,280.420291727165250,13.696232119620841,0.959503773678558,0.279153202161084,-0.023093278517702,-0.029878060631891
2789,1666253331.525482655,45.117545638398006,280.463133216235576,13.728371370963679,0.965689339120696,0.255971234126366,-0.030445307018444,-0.031558055849672
2790,1666253331.625066996,45.179063687207957,280.504754065110490,13.769321245330008,0.966380434540631,0.251700440876922,-0.045341536718282,-0.026455412441475
2791,1666253331.724792957,45.236676442894499,280.544264212892756,13.810234538483945,0.968353388336751,0.241935022066142,-0.057950272095183,-0.020023145574125
2792,1666253331.824468613,45.290688596377692,280.585277628897984,13.826741830399591,0.968219828254892,0.241683945940799,-0.063006576993407,-0.013015594651324
2793,1666253331.924756765,45.348364150596346,280.631107174155375,13.836509263123407,0.965412550914418,0.251229491186423,-0.069378515861399,-0.006997916261055
2794,1666253332.023298264,45.406801917824730,280.676429949685428,13.865685781927734,0.961546362695275,0.265448573674180,-0.070454566768945,-0.001342066775549
2795,1666253332.123273611,45.458221096016160,280.719932874708547,13.905814615327754,0.954826520976742,0.285537471509952,-0.082303832672255,-0.000863904284307
2796,1666253332.225477457,45.501400854866354,280.761217816004944,13.948239813195295,0.945604695428835,0.313273025383842,-0.087631559960465,-0.003532881075135
2797,1666253332.323322773,45.542315082338469,280.798824192669656,13.964744153480515,0.939182449535636,0.330858237149112,-0.091335160826367,-0.011271281721498
2798,1666253332.424424648,45.596308277636133,280.842712142304265,13.971512118344506,0.937895708218096,0.332199625881455,-0.098869823287737,-0.014825893340650
2799,1666253332.527032375,45.659596663598492,280.889028604287603,13.999309936494575,0.942904751949859,0.315024701156746,-0.106583431897490,-0.018166960572179
2800,1666253332.625663519,45.716475064403944,280.933815071652532,14.045202035400685,0.944987388617938,0.303339338585320,-0.121357909366165,-0.016010585684011
2801,1666253332.725551844,45.765041252232052,280.970943418040179,14.091763556635758,0.949901864827047,0.285407241589389,-0.127126285981403,-0.008249912666733
2802,1666253332.825994015,45.806269377251212,281.007111023258801,14.114538828680745,0.954586603492701,0.270715622012181,-0.124403034744742,0.001163347379342
2803,1666253332.924709797,45.849630680253178,281.051442171400765,14.124335531517886,0.956242592170838,0.266172066882385,-0.120941733755241,0.011208602331761
2804,1666253333.023789883,45.901002897708985,281.103935963775541,14.151546379935013,0.953197036580556,0.277844063656632,-0.117256379100236,0.021657038235132
2805,1666253333.125041246,45.955141225912534,281.153912887255387,14.197675139153418,0.950909784369910,0.282009367857940,-0.124215773729365,0.028491050994153
2806,1666253333.223701239,45.996675003923826,281.192800399031512,14.252371407012042,0.944454107808849,0.302129118867190,-0.127275355214435,0.022921992290524
2807,1666253333.324409962,46.029504162520915,281.225133254861362,14.286099447883881,0.938318907875483,0.323521872993192,-0.121579827392064,0.010467587575645
2808,1666253333.426155329,46.071573259665129,281.260950044773153,14.289887028313748,0.934401851317693,0.335746023736533,-0.119028172490448,0.000286273924373
2809,1666253333.528083086,46.133277193644929,281.305159639920760,14.297445381220884,0.938691361154070,0.323727120154040,-0.118005908340373,-0.011570901790849
2810,1666253333.629991293,46.205575942582747,281.366844169698709,14.334317080122178,0.940038746369881,0.315842356670535,-0.126895428784729,-0.021640499293791
2811,1666253333.730878353,46.270616080773628,281.436292506512189,14.380468550739876,0.942303706257820,0.303093045202265,-0.141523702218752,-0.013014331834214
2812,1666253333.830677986,46.321040134628021,281.499844311316167,14.416481379065752,0.947380371295263,0.288041654739378,-0.139620288160336,0.002934681153784
2813,1666253333.922158241,46.360388970749881,281.550210002558799,14.423888762055620,0.951583832780540,0.279827546858070,-0.126665965778851,0.011852692664690
2814,1666253334.021480560,46.411451165947909,281.596170500471317,14.425589217169403,0.952560162954473,0.282517436907606,-0.112662302294410,0.010965374459049
2815,1666253334.121110439,46.476343176433701,281.638124161965266,14.426938138108165,0.948615970624593,0.302806012314229,-0.091826613023346,-0.002032811594162
2816,1666253334.222320318,46.562506127617020,281.689773239819829,14.445939484899078,0.948738421180058,0.306440483340442,-0.077127891176714,-0.006397401775658
2817,1666253334.322301149,46.659754502539009,281.749641247896307,14.472016780424003,0.948182384752747,0.308572196283933,-0.075383491511821,-0.007119981221245
2818,1666253334.423500538,46.751646705832471,281.812235807337686,14.479220639310423,0.943474679569191,0.322131433091555,-0.076711248781285,-0.014221572930220
2819,1666253334.522448063,46.835820493284039,281.880666533283431,14.471765549200551,0.940582490601442,0.330921877452791,-0.075197449860420,-0.011858875646482
2820,1666253334.623124599,46.927637792298256,281.962837528185787,14.452611794751093,0.942535196386918,0.325317874810168,-0.074545029938655,-0.015450644398051
2821,1666253334.724406004,47.030899586215149,282.053155434266216,14.444566368045070,0.943126985944575,0.324436878089774,-0.069916942636713,-0.019074109436522
2822,1666253334.824435472,47.131699790652583,282.142047636014070,14.461882448827952,0.942770591923163,0.325261826337846,-0.064932940612071,-0.034235486789106
2823,1666253334.925401926,47.230082277003355,282.229547719827622,14.481035365850762,0.947656622083960,0.311082985217312,-0.064641312318408,-0.031556357053026
2824,1666253335.025952101,47.328387152811132,282.313150228868494,14.483601172925509,0.952276502420855,0.297656062733508,-0.062383736358628,-0.026049965317190
2825,1666253335.124150038,47.426964332044122,282.396702354582033,14.462962034209124,0.951529268268104,0.300925933338857,-0.056796953445144,-0.028455937037030
2826,1666253335.223408461,47.532405093079753,282.483757836151483,14.446844271252463,0.950213683980832,0.307190640227989,-0.045758580733359,-0.025179706534480
2827,1666253335.325687647,47.649572812877821,282.576228181784813,14.466661071803156,0.948919290747646,0.312661861907148,-0.035201494291361,-0.023571053336587
2828,1666253335.423705101,47.763537296725858,282.667097417419313,14.485923849984959,0.946540080032505,0.319340253170144,-0.039997078904524,-0.021998028920637
2829,1666253335.523966789,47.877836451712440,282.761124565227135,14.488962042941184,0.940845658153966,0.335120812420648,-0.044703303490292,-0.022474502717747
2830,1666253335.625227213,47.991874107849888,282.855928528536936,14.466830700573329,0.942895311307625,0.329284640713559,-0.045014447221681,-0.022220640080019
2831,1666253335.723717928,48.105588004744384,282.947239566739313,14.450219669315581,0.947725667648188,0.315814563890333,-0.037611204512897,-0.025741356037413
2832,1666253335.824770451,48.226417667184684,283.041039853339100,14.459584174787416,0.950336395664336,0.307401274437685,-0.030898300539617,-0.037556445166827
2833,1666253335.925101042,48.348664169332508,283.135223755975858,14.476394819587671,0.955038086534679,0.291808611627250,-0.036513820564437,-0.037639452123315
2834,1666253336.024598837,48.469696018522477,283.222512016705821,14.476846786966599,0.960404843460650,0.273435933422929,-0.040231786253442,-0.035167177101842
2835,1666253336.123784781,48.588275283859083,283.308396813088734,14.449234366628199,0.958167001568503,0.280711643786840,-0.038349915940931,-0.040574056921113
2836,1666253336.223631382,48.711368038977405,283.396595985827446,14.429985718676591,0.954078895876939,0.295334216892062,-0.027403913251096,-0.041954574405193
2837,1666253336.323971987,48.843367218288734,283.490579289259074,14.448581940855632,0.951385222140102,0.304027893125121,-0.021562212516518,-0.044365192287665
2838,1666253336.423559189,48.971902617063400,283.587976706093400,14.469120509951024,0.947796492653773,0.315125719848560,-0.028891659074610,-0.039279272384443
2839,1666253336.525962353,49.099852033726997,283.689387415662054,14.464866375228418,0.946621087743423,0.319328559230365,-0.034020859941509,-0.027935078094731
2840,1666253336.624385357,49.226337524017865,283.784377013538062,14.436128452297796,0.953652958730666,0.298374502526808,-0.034812009271551,-0.017516122761724
2841,1666253336.725361824,49.363073555528224,283.874956012115945,14.423873794737890,0.959004646387203,0.281523569014767,-0.027664547478095,-0.017007089985523
2842,1666253336.826127052,49.504591709377799,283.963119894952342,14.442744067072670,0.961816995358657,0.270892485255074,-0.030392363445329,-0.024528210611090
2843,1666253336.924953461,49.642589259986060,284.045361809926590,14.461530695004598,0.967292852553653,0.249217858547233,-0.041085882763462,-0.023386889859397
2844,1666253337.023670912,49.775478171495301,284.121437117357914,14.451112967489781,0.968437148147420,0.243165113407393,-0.046390576085829,-0.029122708666706
2845,1666253337.123389006,49.906229030621709,284.199697734168069,14.421289041593486,0.963384879045234,0.262112623483297,-0.042909683273196,-0.036678420346270
2846,1666253337.223064899,50.038449633888838,284.284339501530098,14.423839468331833,0.960756037778423,0.272599335916136,-0.031597015381789,-0.040485386861808
2847,1666253337.322558403,50.169525182467943,284.379091411545119,14.450996781771767,0.957250282525110,0.284966103261326,-0.033386676375818,-0.036763384477348
2848,1666253337.424144268,50.292742576735009,284.477336618882248,14.469499901345806,0.951596795171593,0.302948490122965,-0.037948911604621,-0.035293510159711
2849,1666253337.524168015,50.406869190960762,284.573731901626843,14.457609390938348,0.945497163283462,0.322048793808236,-0.035130321404385,-0.032947672870951
2850,1666253337.624216080,50.523183647248480,284.669935213640088,14.432874269518653,0.948536996197464,0.314179872394261,-0.026666465308961,-0.029282661336420
2851,1666253337.725893259,50.652138697176895,284.770257647028018,14.442259499358705,0.952746048742681,0.301552104696975,-0.019577256687574,-0.030951991513012
2852,1666253337.825482845,50.783019900853738,284.867404199370071,14.473360110611168,0.957199424704114,0.287162771423833,-0.029898341262396,-0.020319774704806
2853,1666253337.925598860,50.908106667894316,284.952482438287461,14.489623919707530,0.963518992632695,0.264766722603179,-0.036523466632242,-0.013991776985508
2854,1666253338.025539398,51.026320720216972,285.027935712831948,14.468252237082728,0.967438937394620,0.250489397928728,-0.034335926097920,-0.011747685604869
2855,1666253338.124735832,51.145218484851377,285.099285178968501,14.445888277477437,0.966096328663762,0.256473539890705,-0.026052949275044,-0.014158068809094
2856,1666253338.223331690,51.271120874313482,285.169094954024388,14.463815604542917,0.966353849922357,0.256066796433142,-0.013279606182440,-0.020339237064008
2857,1666253338.323777199,51.399917651943817,285.242917386346107,14.488213881192213,0.963327529012297,0.266793506938334,-0.015832695485947,-0.023887700941203
2858,1666253338.423750162,51.520559726931957,285.321124298882239,14.496363224095596,0.955722716294419,0.292221989718290,-0.019060981722812,-0.028932287494508
2859,1666253338.522991419,51.633905293208393,285.401384374120653,14.473272809043582,0.952329301323608,0.303138203265986,-0.014792548237568,-0.030940460206628
2860,1666253338.625267029,51.750796022376640,285.484884841129372,14.452982540917287,0.956117487450155,0.290989194373383,-0.007027532558123,-0.033395399923901
2861,1666253338.726230621,51.869413779113799,285.566085005201160,14.464236816541620,0.957035982851454,0.286209986574386,0.008047333039603,-0.045838974067825
2862,1666253338.824592352,51.986823188927502,285.646729468744525,14.483167038595587,0.961772250480598,0.270160179619399,0.009818179350442,-0.043717489723705
2863,1666253338.925640821,52.109613355323425,285.729131768434740,14.493128073296470,0.969573739987753,0.241318505960063,0.007869987246309,-0.040375793591052
2864,1666253339.023875475,52.228626481926270,285.813186378664568,14.468289815093874,0.967560821423324,0.248841899961290,0.007919387132068,-0.042907446646605
2865,1666253339.122051001,52.352331972485729,285.900901006365757,14.444633019794701,0.963751248362939,0.263645169250007,0.011389794124563,-0.039306851817605
2866,1666253339.222940207,52.486043430283424,285.997402185612430,14.456108898065628,0.957926146629531,0.283839235790068,0.016825625776111,-0.039111176751049
2867,1666253339.322472572,52.617998731293511,286.099438185949907,14.473238592535248,0.953481071304371,0.299964452954568,0.005255658015727,-0.029454230371152
2868,1666253339.423019648,52.748191182902744,286.202581482058008,14.474358051920827,0.948449302493404,0.316155808134986,-0.004977914674904,-0.021555647700296
2869,1666253339.523812294,52.878799502340236,286.301312861458541,14.446840318001389,0.950917234672517,0.308978594606267,-0.009101862576279,-0.014345625659108
2870,1666253339.627003193,53.020492869180053,286.393925380545852,14.429677445276253,0.956431711939595,0.291102232672189,-0.007974809221039,-0.020839216574805
2871,1666253339.724714994,53.164549513782781,286.477147157296372,14.444897950749001,0.959361492436547,0.280469433901235,-0.013193284212897,-0.028077762174360
2872,1666253339.824663401,53.315271950174754,286.556301088903069,14.463017247585043,0.967728212172053,0.248575006978702,-0.031180860227998,-0.027208954909420
2873,1666253339.924536943,53.460879761853313,286.628199627141669,14.450737709333920,0.971596917594002,0.230381547937434,-0.045249846914849,-0.029601071703032
2874,1666253340.022555828,53.597087044934412,286.699448378508919,14.414161949725699,0.967852029550524,0.243632196557789,-0.048768139727566,-0.039082863800802
2875,1666253340.122540712,53.736060501838921,286.775463561224740,14.407278755601785,0.967493141954053,0.246040346827919,-0.040925314730472,-0.041788594363592
2876,1666253340.223242044,53.877432052421568,286.861681019284617,14.430751292552282,0.967811569895877,0.246132608301672,-0.037209430976201,-0.037080487493041
2877,1666253340.322016001,54.008200896415218,286.951564425048105,14.450178974391958,0.965587301544908,0.254992172657813,-0.042079307947290,-0.029145957200743
2878,1666253340.422403097,54.133132670591536,287.043227209448617,14.444050433404302,0.963907652948875,0.262330803027988,-0.040754441405770,-0.020091338307473
2879,1666253340.523906231,54.260845373792804,287.131391356305414,14.417988543313433,0.967725534678654,0.249385287100475,-0.031902995667876,-0.017218216404201
2880,1666253340.625029325,54.403196173364947,287.215538342668424,14.418319364670683,0.969601015421832,0.242323598165007,-0.024960326867943,-0.023024481491714
2881,1666253340.724000454,54.555356530016510,287.300369633778075,14.442318733161088,0.973166639967386,0.225757754381255,-0.037738745009360,-0.023577835278907
2882,1666253340.825056314,54.706212629320696,287.383978696428812,14.455053503031657,0.977860852284759,0.200829437322068,-0.056975787263129,-0.014472399233481
2883,1666253340.927096128,54.845595045315740,287.465644146608838,14.432819480603710,0.975990242638982,0.207655163991900,-0.064484175971444,-0.012812891565991
2884,1666253341.025941849,54.971552906044543,287.545076769723721,14.408423272393737,0.973068329711794,0.222835456989174,-0.058110946137077,-0.010271453615666
2885,1666253341.128046513,55.103960563345225,287.626436865067035,14.424385437409439,0.972904686700285,0.227062384173888,-0.043298303997747,-0.004939753112207
2886,1666253341.225958824,55.236039005711788,287.708453591374450,14.448225503156266,0.970185498741849,0.238567067424393,-0.042724384498249,-0.000692344423050
2887,1666253341.326277494,55.369358319112621,287.791850526062888,14.461230835566067,0.965350024265139,0.256320111469039,-0.048977176743985,-0.000753170621080
2888,1666253341.427843332,55.502640336476091,287.871200899829944,14.441165588889319,0.966347537973659,0.252527692960626,-0.048834123466260,0.004174748556935
2889,1666253341.526448488,55.636965105814525,287.943048188323701,14.419333563499132,0.970315706411936,0.238147955145470,-0.042105925089679,-0.000269114620178
2890,1666253341.626828671,55.785684335883310,288.015268546116431,14.437078687580684,0.971891027361084,0.232060089504327,-0.037870323014817,-0.011907326694700
2891,1666253341.728938341,55.933882180723096,288.087728484660886,14.462225397431517,0.975651749928359,0.213610047149420,-0.048374486395521,-0.011589636945271
2892,1666253341.826184511,56.065974983441535,288.150418432592744,14.463474354270801,0.978932821739240,0.197155103056391,-0.052761305540013,-0.006053139531410
2893,1666253341.926908731,56.198163837980474,288.213065720927432,14.433945652916510,0.979266771379030,0.196372492701771,-0.048727003397467,-0.010005684528640
2894,1666253342.026252508,56.333364483297629,288.275981941449913,14.419863520432999,0.978012060993048,0.204797464367084,-0.038887952289315,-0.006175298186200
2895,1666253342.125003576,56.479194412816192,288.345301653121908,14.444684319160695,0.976999096612988,0.210658000623295,-0.032553842000216,-0.006018252389673
2896,1666253342.225194693,56.627732334044552,288.417476113080568,14.466584047143789,0.972721073208204,0.227904935189058,-0.043158794108689,-0.003220674500062
2897,1666253342.326202154,56.772201896857759,288.489928506500576,14.463139303685136,0.968435831413717,0.244238180794847,-0.049762229433678,-0.001863329771338
2898,1666253342.426553011,56.913240410715694,288.559842974416597,14.434554497651680,0.970705451826644,0.235121959552869,-0.049480526301684,-0.000517152741128
2899,1666253342.520470619,57.049609827193621,288.623216417201888,14.426505632733518,0.973576436481549,0.224774751795335,-0.039708195201646,-0.006963656874230
2900,1666253342.621294260,57.196771291875386,288.693746141036854,14.443790345467352,0.975573502527380,0.216528730480449,-0.033948527851896,-0.014803631300292
2901,1666253342.721462727,57.343498844152201,288.762683224042746,14.465432225601067,0.979996944173166,0.194003915734632,-0.043343292901953,-0.009477818910577
2902,1666253342.820141077,57.485239531057005,288.828278101107514,14.457118843306738,0.979932639855267,0.192893303622433,-0.048550703690739,-0.012923774024825
2903,1666253342.920446634,57.625894229642689,288.897892797814109,14.423646370713003,0.975863034568866,0.212338070599307,-0.047357605495889,-0.019003650646735
2904,1666253343.018872976,57.766518168499530,288.970562333749569,14.422922355962703,0.975017050181002,0.218382988220756,-0.038185605260724,-0.013873783297390
2905,1666253343.118359089,57.910898334646191,289.053016121103894,14.453254364653636,0.972563100748949,0.229056087804270,-0.040332979540987,-0.005251139184892
2906,1666253343.219570875,58.051425215100018,289.137645156405256,14.473434959706628,0.969199837316539,0.241923162555945,-0.046079741508271,-0.001231335475897
2907,1666253343.319263220,58.185839373709015,289.219702642719540,14.459602600001782,0.965506659425898,0.256065955475356,-0.047023780647298,0.003985110333556
2908,1666253343.419533968,58.322382018663930,289.298867104165936,14.435437296158002,0.967384937795405,0.249440231307849,-0.044044778593402,0.002451654609570
2909,1666253343.520465612,58.463688580229785,289.376155643017853,14.442351516712913,0.968660100276146,0.245897787122277,-0.034253693721259,-0.007653292613286
2910,1666253343.621365547,58.605121014232452,289.456394692416950,14.466081243143604,0.972096437638408,0.231215196752722,-0.039067329637280,-0.006464710073034
2911,1666253343.724810600,58.749057304075514,289.533760537210242,14.480325351978994,0.976653221160712,0.209904730887152,-0.045669353983529,-0.001673216759739
2912,1666253343.825461149,58.884781680710148,289.606758431783646,14.454370740915332,0.975103739892833,0.216253565711950,-0.049006413972970,-0.002337338954559
2913,1666253343.925632715,59.020468530262093,289.679378765065508,14.429769195638956,0.971665070940150,0.232339590654875,-0.043093538166053,-0.005315213780175
2914,1666253344.025213957,59.162944562974694,289.754504067616779,14.451667882730906,0.971518501417902,0.234565892753410,-0.032906555611945,-0.006913895954371
2915,1666253344.126408815,59.304897423086629,289.832827912411346,14.477356185711546,0.968366784287248,0.246468335280018,-0.038696887006045,-0.004656364409409
2916,1666253344.227109432,59.439516066846437,289.907966110450616,14.479653528413184,0.965036044958243,0.258486790226741,-0.043457045023844,-0.001223293679101
2917,1666253344.326791286,59.572912506766492,289.976975989792777,14.454697449700442,0.966228822044888,0.254235084969111,-0.042013810211381,-0.001106694184710
2918,1666253344.427088737,59.715293198811437,290.043326116876528,14.439112669458012,0.968173782571705,0.247246754012796,-0.036709660277596,-0.012687403723205
2919,1666253344.528392553,59.860451318596922,290.111842452349208,14.453429243873227,0.972570693045256,0.229659202932289,-0.027559138816367,-0.024564026658455
2920,1666253344.626993895,60.001700713171182,290.178150931528762,14.471574491472209,0.978788171140670,0.200752199471613,-0.033866356125526,-0.022920304648763
2921,1666253344.726039171,60.142806717391572,290.244505472620006,14.468920392066387,0.979842157236631,0.193734672254664,-0.039403334398709,-0.028698447806556
2922,1666253344.826138735,60.286010620314102,290.317701210022790,14.436841439190271,0.977073618425207,0.206416071476216,-0.039468914060285,-0.034084519018168
2923,1666253344.924576998,60.432224206992757,290.393339007101815,14.428156599484767,0.974573775536238,0.218821006441998,-0.035124642542408,-0.033008827047040
2924,1666253345.025365353,60.583009095395880,290.474796625600504,14.448761269589175,0.972351391428993,0.228387050821578,-0.035801181722343,-0.033021235446405
2925,1666253345.125592232,60.724693890901598,290.560510492827007,14.464858157570188,0.967200277851908,0.248277321620049,-0.042941498243883,-0.032218346030448
2926,1666253345.225952387,60.861338281711618,290.646656210124434,14.452238318547050,0.964761516878036,0.257826693223338,-0.045294393142983,-0.026627612782970
2927,1666253345.326929331,61.003568318773418,290.732884952693951,14.422507535830965,0.967259138220479,0.248876153822103,-0.043554053381334,-0.023947108839060
2928,1666253345.428150177,61.155299796629649,290.817752880930072,14.423111383660618,0.972699156269499,0.227205483276431,-0.038962735713190,-0.026756774608921
2929,1666253345.528578997,61.309092999380297,290.899348612338088,14.445725120041915,0.977651068704623,0.203687154685866,-0.047626580281948,-0.021015226083268
2930,1666253345.627334356,61.457353196534825,290.971694372300249,14.458721698994948,0.981843314479249,0.180353805778601,-0.056983537106650,-0.014459842751283
2931,1666253345.726325512,61.599419537292377,291.038904376889548,14.435833147482631,0.983568584636951,0.171318972590641,-0.055067201678979,-0.014500077413579
2932,1666253345.825047255,61.738606980714735,291.107467069171776,14.410958640683168,0.982267521839306,0.180715923077451,-0.047290544241767,-0.015996096750484
2933,1666253345.924357176,61.885990736459959,291.181033441781096,14.430600397828089,0.980979696284592,0.190217754216771,-0.035133889013311,-0.016175639119334
2934,1666253346.025047779,62.036796356856954,291.259875858402552,14.457346197813424,0.978120318101487,0.203468393339303,-0.042391765420958,-0.009175753563731
2935,1666253346.124228716,62.180219203912571,291.335630924633847,14.465869699351407,0.974263053933206,0.220289208435668,-0.047006338394206,-0.008635423458009
2936,1666253346.224769115,62.322105359210120,291.408449267509013,14.439131090931081,0.972879730040824,0.226827752613212,-0.044136060206624,-0.010305809505849
2937,1666253346.328134775,62.475282126156721,291.479174922546349,14.422730911499615,0.976527310156494,0.211667034844318,-0.036639438750435,-0.015780697284673
2938,1666253346.426706314,62.630007865456662,291.547609140616714,14.444798257767552,0.979751975840596,0.194811494794156,-0.037291941225931,-0.027273768571967
2939,1666253346.526892900,62.783252770172112,291.614407710448972,14.468283154112665,0.983630812810930,0.172931513538483,-0.046408860358595,-0.020281355832776
2940,1666253346.627727985,62.930548845958306,291.673819612386581,14.460400307951506,0.986615285937519,0.155199851199991,-0.046639356037210,-0.018112266847733
2941,1666253346.725131273,63.070150130685157,291.728781366212218,14.429078634169729,0.985371287062086,0.164272782347316,-0.040046785094814,-0.021310434464100
2942,1666253346.824548721,63.220254620227635,291.788492646850443,14.430350479933260,0.981931272851917,0.185264017477097,-0.028404424436098,-0.026103790838008
2943,1666253346.924485922,63.378883688734810,291.859545875847118,14.460261891834012,0.980051740244286,0.194669359390391,-0.035016853345586,-0.019397085875342
2944,1666253347.024302483,63.530889414769518,291.932834691249411,14.477386737875857,0.977472915954070,0.205521173972974,-0.045832170840026,-0.014392975408469
2945,1666253347.124681234,63.674228418160020,292.004497335225153,14.454284214621619,0.973961262227541,0.221367835723289,-0.047625979804110,-0.011291901302314
2946,1666253347.226962805,63.819629929781279,292.072928034136908,14.421982295451992,0.976787793142139,0.209810302914607,-0.041737036386675,-0.011102421044489
2947,1666253347.327731133,63.973046270386497,292.139921335062525,14.432257444306400,0.978744704398815,0.201315925816646,-0.034033459819504,-0.019298322118175
2948,1666253347.427290201,64.129936036143420,292.207929250407233,14.454125923454381,0.980117938779691,0.192692042956177,-0.042395078601493,-0.021006188945123
2949,1666253347.528324604,64.287643147213714,292.272934108077436,14.458069320840455,0.983567444316930,0.171406727240841,-0.053814693059709,-0.017854835404905
2950,1666253347.626097918,64.436430159745726,292.336874396999121,14.428535987111067,0.981366987728494,0.182560034612236,-0.056693964706714,-0.019402667984451
2951,1666253347.725255728,64.587488357971125,292.406430701883721,14.406441117806324,0.978905702735127,0.197079982523095,-0.050278825087150,-0.019368670300245
2952,1666253347.825767517,64.749301382106367,292.486479685001484,14.429930456678971,0.977089738755289,0.207148160241972,-0.046858211516665,-0.013769173575322
2953,1666253347.924899578,64.906080441201681,292.569873255221751,14.455989540117303,0.973875844178375,0.219668886475272,-0.057182806402339,-0.006445703415780
2954,1666253348.018557787,65.045482762185003,292.648586446885759,14.456061112675663,0.970604954156390,0.232060254225650,-0.063723010709736,-0.003665962613864
2955,1666253348.119459391,65.190148990180944,292.730886464921127,14.427228407091780,0.969700199562036,0.236271098965577,-0.062107240328717,-0.000425983213119
2956,1666253348.219560385,65.336194383016561,292.807830786076181,14.419267461498382,0.972708674303922,0.226368690280430,-0.050618227565822,-0.005731145847437
2957,1666253348.319871187,65.488130748002447,292.883544693219903,14.444625856338229,0.975338061348444,0.214923673337803,-0.049694783815133,-0.007342287491722
2958,1666253348.422093153,65.640333617966860,292.955377827229540,14.468000463369753,0.979728913198236,0.192480201720765,-0.055474797602034,-0.002274954933635
2959,1666253348.520144463,65.779148820010661,293.016892888923167,14.459009850888554,0.982324169367122,0.179014759395999,-0.054541427635517,-0.004263199158615
2960,1666253348.619216919,65.912826799340380,293.078132205195686,14.429389616175257,0.979498092509671,0.196535866167350,-0.043071459827174,-0.010098981538806
2961,1666253348.718975544,66.048488259122323,293.146364640358001,14.427623244568057,0.976409273793542,0.214193009645843,-0.023596948418340,-0.013764762771880
2962,1666253348.818543196,66.190066508807760,293.225949925115174,14.452140129320052,0.973388435609193,0.227962771336673,-0.021053619613480,-0.010231002295126
2963,1666253348.918321133,66.329644418846954,293.309428180985378,14.472159660339333,0.967442495883161,0.251337357716865,-0.028863143435830,-0.007174170772163
2964,1666253349.019203424,66.467970936999919,293.392548491879666,14.455611017735595,0.966576776035408,0.254688055743359,-0.029129819770103,-0.003844982551986
2965,1666253349.119567871,66.610882379452008,293.474105266718709,14.424037630204380,0.970683144378895,0.238723693242492,-0.027966859079798,-0.001756785865498
2966,1666253349.219999313,66.762067512113717,293.551117154067981,14.430302159922860,0.974350787824673,0.223758754216227,-0.022640781429673,-0.007743203038519
2967,1666253349.320562601,66.912880215373647,293.623732360706299,14.455316843530731,0.977693483083762,0.207145214215611,-0.033912380030487,-0.007500922861698
2968,1666253349.420633078,67.054884262196424,293.688283380802773,14.465953721831637,0.979013133803089,0.199419943565995,-0.039957940634958,-0.012974318070841
2969,1666253349.518848181,67.186144107277357,293.753065989190986,14.439304239356437,0.976743685175854,0.210751755252670,-0.034195131719142,-0.019651058335940
2970,1666253349.619019032,67.323714765765928,293.827767639244371,14.421378926312387,0.973669413639013,0.225527721058174,-0.024383719040415,-0.022595446973358
2971,1666253349.719219208,67.471765185405815,293.911858866458886,14.445340186090924,0.971196983672374,0.236476690642368,-0.019238527933150,-0.022024366766879
2972,1666253349.818498850,67.615458950807025,293.997741377872444,14.469001556286882,0.967283364202795,0.251210462932947,-0.029842178507468,-0.019121742375264
2973,1666253349.919294357,67.752879558818890,294.083342183238926,14.467503410974937,0.962300250242179,0.268898994871765,-0.036095147462172,-0.019201543440013
2974,1666253350.020042419,67.890002559295951,294.168472396952041,14.436338979649598,0.961680037624172,0.271100336285003,-0.036365315405864,-0.018806295136517
2975,1666253350.120346785,68.034999653258467,294.251358569627484,14.423647362452868,0.966572484957829,0.253200945355264,-0.034253879713426,-0.021297519062706
2976,1666253350.220795631,68.185109847520835,294.332323440198422,14.440108880188614,0.970534038664208,0.235720626469254,-0.042102648331687,-0.026959841515514
2977,1666253350.321354866,68.332731695709427,294.405800543099986,14.456150163908799,0.975032672823787,0.213821341350624,-0.054924202692798,-0.023980259958626
2978,1666253350.419901609,68.471692918895073,294.473088386627580,14.439505799057017,0.975182927375734,0.211218967522841,-0.059071565891144,-0.030254851125843
2979,1666253350.519434929,68.611065336717360,294.543126552312856,14.408809033286143,0.970367999889345,0.232407957526787,-0.056278182575106,-0.034716742863084
2980,1666253350.619394541,68.752943094524923,294.612733281489000,14.409968419123471,0.967997916891541,0.244167780475914,-0.043729111895681,-0.038077455848819
2981,1666253350.718560457,68.893177186178661,294.685769215497999,14.429688479194953,0.966741146556340,0.249167971395184,-0.041668456335717,-0.039882544205959
2982,1666253350.818972588,69.031009666369499,294.763007942722936,14.446880149042460,0.962041341342402,0.266349862152478,-0.046180246836849,-0.037437858933913
2983,1666253350.919831038,69.168109473754754,294.839475869419061,14.433277454002546,0.965207112215890,0.255575927850022,-0.045671423985648,-0.031149585271488
2984,1666253351.019943237,69.309048422790070,294.914048738169470,14.402227484227035,0.970676028338826,0.234932991579759,-0.041010156897749,-0.030210999767779
2985,1666253351.120599747,69.460821420272097,294.986931956584215,14.408701079582810,0.975072921241586,0.214764264205259,-0.040651038331433,-0.038165457737994
2986,1666253351.220993996,69.614153477015208,295.056042026767273,14.430618439634035,0.979141731718275,0.192524633642318,-0.053158155660950,-0.037281967965147
2987,1666253351.319572210,69.757247880212319,295.118049629992129,14.435428738526172,0.980730446230545,0.180352071419524,-0.062812241019744,-0.041176990531130
2988,1666253351.419424295,69.894950052517828,295.180050398357423,14.409739882314256,0.980285608530504,0.182891575896400,-0.059984241305610,-0.044639533701648
2989,1666253351.519044638,70.033596712913422,295.245936836401768,14.390611272348925,0.977188854055631,0.200763146758413,-0.049702866830491,-0.048225796436491
2990,1666253351.617808819,70.177115177524044,295.318715537898527,14.405813122420215,0.974767635381496,0.213542523573676,-0.042547455878734,-0.049166672012651
2991,1666253351.718423843,70.321294082555738,295.401667125821632,14.429733132748138,0.971422281870105,0.228292765141462,-0.050401035604303,-0.040998771693269
2992,1666253351.819353819,70.457587804462563,295.485875069059091,14.431487860948339,0.969349246812687,0.237267673993848,-0.053939319912403,-0.034009386184022
2993,1666253351.919319391,70.588432250622816,295.565873804851492,14.401349664507492,0.971885105127264,0.228673735679716,-0.049939143436393,-0.025568476585234
2994,1666253352.020077229,70.727420486065469,295.642517259508736,14.388077598814897,0.975492346929151,0.214611862761296,-0.040493895524532,-0.026770765211921
2995,1666253352.120450020,70.876271759143663,295.720471389563954,14.407408446251289,0.978134556756946,0.200783912834475,-0.045427417536566,-0.029579705217086
2996,1666253352.220464468,71.024202331397063,295.795970327650764,14.424706614606864,0.981061862988409,0.183075084746979,-0.059593143477511,-0.021208290479616
2997,1666253352.319754362,71.163636700143030,295.866934576949120,14.411934327071718,0.980853349540103,0.182590456174035,-0.064252935353625,-0.021424105782050
2998,1666253352.419044495,71.297273219678701,295.939388415845372,14.383753883178970,0.977240980384724,0.202593893943977,-0.058465859308231,-0.023184557116135
2999,1666253352.518751621,71.434291684564897,296.016966345000583,14.387639272347494,0.976671298462349,0.208861232557538,-0.046554491249284,-0.017967738837563
3000,1666253352.618203640,71.574893405700635,296.102886025804764,14.414111979341296,0.973748640375544,0.221879885616400,-0.050241395529786,-0.007661847091382
3001,1666253352.720266342,71.711999010279882,296.190165195483019,14.430316452736882,0.969291652267997,0.239310757544193,-0.056584812612672,-0.001487665550607
3002,1666253352.818712473,71.837653642770221,296.270474755507621,14.410064653518377,0.968566779655744,0.242255547624751,-0.056451954102375,0.001954448862558
3003,1666253352.919654131,71.970786083458307,296.349926262797112,14.388719199592611,0.970671840866758,0.235009965688241,-0.050652255418738,-0.000917821631157
3004,1666253353.020521402,72.107287605886327,296.429738552858566,14.400282871493795,0.972794754317370,0.227553794204864,-0.041713688533200,-0.012231308373730
3005,1666253353.120277882,72.240442865311735,296.510142149283467,14.424653139531674,0.977373739721300,0.206228400605251,-0.046133879106224,-0.009060070949701
3006,1666253353.219884396,72.369894933730535,296.583875291392417,14.433335968674058,0.979151037427860,0.196494087289680,-0.050387287264046,-0.010697702852133
3007,1666253353.319426775,72.493944203864700,296.653914665813431,14.406387095072834,0.976465261906753,0.209920182181612,-0.045754274427980,-0.018858838081507
3008,1666253353.418198824,72.621645105755135,296.725239733119224,14.389745927281743,0.972989291334752,0.226521802363062,-0.036202953278130,-0.025866158895934
3009,1666253353.518639326,72.763613543032776,296.807477066245951,14.411078961167604,0.972881749138217,0.227242915725268,-0.035463327170167,-0.024578687362500
3010,1666253353.619554520,72.901746993587835,296.894655933527702,14.428907284664861,0.969246419078483,0.241083255546003,-0.044243534974800,-0.021971631978824
3011,1666253353.718934059,73.027053121353148,296.980230274279108,14.423254507820751,0.966938043140733,0.250027299009111,-0.046491949350333,-0.018859192002433
3012,1666253353.819375753,73.151173719890565,297.063463719232743,14.392358450024407,0.967305935032977,0.249059949136422,-0.042145267181005,-0.022630648253703
3013,1666253353.920102119,73.283924649974267,297.146167908914947,14.372663490475091,0.969012751790982,0.242202288616824,-0.034722331085448,-0.033862929277212
3014,1666253354.020390511,73.421470934973826,297.229073619010478,14.384582536836149,0.973562626039846,0.222403439718805,-0.034419853280739,-0.039087042351343
3015,1666253354.120150566,73.556572031972678,297.306112637891999,14.407033194185560,0.977913443918951,0.201476917090207,-0.044125592988636,-0.033841987616022
3016,1666253354.221227884,73.685303738607800,297.377358681151861,14.402160701938863,0.979080182294299,0.195097180568376,-0.043841757932452,-0.037642888229054
3017,1666253354.318616152,73.804423651536354,297.443804155575720,14.373807272791307,0.976114659353148,0.210243979534905,-0.034438076317093,-0.042563596708837
3018,1666253354.418002844,73.929543001225099,297.510562148995291,14.368445279683723,0.973743586123789,0.222118837488434,-0.015456178101372,-0.047410516492313
3019,1666253354.518938780,74.063060954407362,297.586068956590452,14.393433878834994,0.973138072428269,0.225719902034207,-0.011866284094129,-0.043726526480601
3020,1666253354.619160891,74.190069192482952,297.662032091790820,14.416752588552852,0.970612889086913,0.236029711286759,-0.017052885663945,-0.043701190130000
3021,1666253354.719017267,74.306878173004932,297.736204581326319,14.416447981036072,0.970189347496519,0.238308211759189,-0.018154642676270,-0.040152648252801
3022,1666253354.820965290,74.421231165859197,297.808588665876755,14.391994143735211,0.973745620381121,0.223710785064766,-0.010921260935137,-0.040665433649224
3023,1666253354.921016693,74.534290524380623,297.877832721184234,14.378591982766363,0.976744939946861,0.209077930207599,0.001016378722125,-0.047483769464975
3024,1666253355.020017385,74.651567410863009,297.944074711718827,14.396733046619277,0.980506854435744,0.188788136717015,0.000157624518516,-0.054454779349037
3025,1666253355.119929314,74.767883242527034,298.004051491024825,14.418173624324092,0.983418361879495,0.172585736136428,-0.012301474965531,-0.054324606893848
3026,1666253355.219650984,74.873512220438698,298.052813271315756,14.420208697018195,0.983958879980248,0.166867597158933,-0.018107823202237,-0.060433717950303
3027,1666253355.317608356,74.966048046163749,298.099168086172938,14.399542579299293,0.979990027805553,0.185935084927502,-0.014399379217461,-0.069572605764244
3028,1666253355.417587042,75.055409704616068,298.148787901976903,14.376791317645026,0.977083521396632,0.200250659934997,-0.003452568832233,-0.072080130266356
3029,1666253355.517660141,75.143525275402439,298.196808106009883,14.376815538819661,0.973290151136178,0.217318248452303,0.009203275031652,-0.073446309094676
3030,1666253355.618410349,75.230537501907463,298.246629807166073,14.388589057572302,0.970342465815046,0.231619694321453,0.004322772923948,-0.069058886992626
3031,1666253355.719438553,75.309767398362268,298.298843171151020,14.399980270318768,0.968496135538476,0.242147647045520,-0.004289562535265,-0.057977169046203
3032,1666253355.821299076,75.380184023762922,298.346805427572463,14.392510660675068,0.973216303627038,0.225118482591844,-0.010742850057555,-0.045346293373450
3033,1666253355.920133352,75.440119922211352,298.383086656030571,14.379208452800899,0.973775799283991,0.223120352399213,-0.010592436017882,-0.043194923003547
3034,1666253356.020218611,75.489166624479964,298.415451245020563,14.353966847699462,0.972188400133212,0.229115244897276,-0.005024270871441,-0.048277074313764
3035,1666253356.120579243,75.528138901921750,298.453723366440158,14.320214607372346,0.971635331727244,0.230199089102886,0.006020371989145,-0.053823012147241
3036,1666253356.219760895,75.563110255059470,298.499554438367682,14.278385904231655,0.971254401280863,0.229514501605692,0.019043877531866,-0.060210566130830
3037,1666253356.319241047,75.604800616329840,298.555042441670253,14.252757306406005,0.969104364576894,0.239707531228773,0.019608731449232,-0.054704000595689
3038,1666253356.420164108,75.654292751075090,298.604366077003192,14.251190781490624,0.973215547105104,0.225404647536063,0.012754901684563,-0.043376908892553
3039,1666253356.518722534,75.707621102278225,298.641613597609989,14.243437247034757,0.973619409198319,0.224252660258115,0.006501789607179,-0.041637928999645
3040,1666253356.618897915,75.763169219048734,298.671507445467000,14.213447422291990,0.972143893716274,0.230475873301842,0.001403868527290,-0.042604587652888
3041,1666253356.719080448,75.818869867551726,298.695760773689813,14.166986017389647,0.970923093309964,0.234544630287510,-0.000402903883556,-0.047927037767486
3042,1666253356.818364859,75.874536201762510,298.711299280386015,14.118272799794187,0.970324852291437,0.235807953030543,0.005072437601666,-0.053278144580330
3043,1666253356.918522596,75.932938719952872,298.725659832394740,14.077618256912587,0.968429246699463,0.241580518993600,0.001678139379358,-0.061488460934692
3044,1666253357.019392729,75.991784622540038,298.747299300475674,14.050048438591283,0.967953668044144,0.241898447482846,-0.009456988214668,-0.066793734730017
3045,1666253357.119526863,76.049043895251543,298.776571289435253,14.026411190840181,0.970991291956247,0.229182650509985,-0.021351109084007,-0.064771550786120
3046,1666253357.219577551,76.099220585466014,298.808813089179864,13.993495174150679,0.975567722389026,0.208622118977009,-0.027351585562467,-0.063216463626566
3047,1666253357.320444107,76.137054324408027,298.845078322968789,13.948948378966310,0.977105919857393,0.200182600487167,-0.025022173472650,-0.067563589873082
3048,1666253357.418681145,76.167388221251599,298.888433667888307,13.896341565354630,0.979132951715211,0.188976023895771,-0.021171437845220,-0.071683299851284
3049,1666253357.518260479,76.210298517503816,298.944192900612279,13.871417327647396,0.979068008545849,0.192359046397669,-0.029716396293880,-0.059504350280876
3050,1666253357.619077682,76.263553075703797,298.997458044647942,13.860219535962175,0.980958528475987,0.186116255723295,-0.038294346979595,-0.040182679790855
3051,1666253357.718034983,76.315411230878098,299.042395813070073,13.824794368820585,0.980663764164518,0.189503890890169,-0.040454159833981,-0.027391932102233
3052,1666253357.817985296,76.368669462621682,299.076450328097224,13.769289238914311,0.978905801583332,0.199892847635134,-0.036160962696459,-0.021878433848790
3053,1666253357.918959379,76.427149558326263,299.101574453423325,13.712524331933349,0.975650483324838,0.215818105775486,-0.033776810928267,-0.019692807088047
3054,1666253358.018007278,76.491458764696532,299.126314899427655,13.674079238995441,0.972933781613633,0.225524733855297,-0.045837145348208,-0.020914280308434
3055,1666253358.118924141,76.556558937218256,299.157825691648952,13.649208249059958,0.970261986340754,0.233967116718207,-0.058435778162358,-0.020888417537538
3056,1666253358.220671892,76.610207520320273,299.191940696402639,13.621438627297199,0.973749260957610,0.218758957668474,-0.060434697828443,-0.017451146744441
3057,1666253358.319720268,76.649706494243759,299.224662146389221,13.582581498636442,0.975257109201449,0.213392523902253,-0.053945618422190,-0.020665719143214
3058,1666253358.419450760,76.682992996875583,299.258369878839005,13.527546003051421,0.977108331598808,0.206228051063952,-0.043801873408697,-0.028472709046508
3059,1666253358.519416571,76.726190228900151,299.296818457645429,13.495581975046315,0.977223861368294,0.205176482295504,-0.046852555373397,-0.027220836509313
3060,1666253358.618473530,76.778636226326157,299.334287320944043,13.481329779420765,0.975668094726908,0.211033541503441,-0.054024798386675,-0.024858287385900
3061,1666253358.718109131,76.828303436995569,299.367555873982496,13.447107571296652,0.971741900540204,0.228222280761704,-0.054518791038692,-0.025689895330991
3062,1666253358.818519831,76.876219964951588,299.394610778478693,13.403075696603491,0.967721727494657,0.245905184517086,-0.048665402824523,-0.026018780338476
3063,1666253358.918392420,76.922655561335347,299.414987894493606,13.360201234061597,0.963883679974449,0.261350885017715,-0.039365028308265,-0.032777445380320
3064,1666253359.017910480,76.970410128969974,299.438404699858893,13.327365280042223,0.959387088065987,0.276803062000751,-0.039720261223568,-0.037131939992479
3065,1666253359.118606567,77.017815822297578,299.470657759309290,13.310587983684528,0.955555430110784,0.289507949496070,-0.039810598157307,-0.038911225099356
3066,1666253359.219072104,77.060464066796428,299.509919543461194,13.294135679003448,0.952674886269209,0.298846266526179,-0.035419734596726,-0.042975719382119
3067,1666253359.318384886,77.097296617710583,299.552620966148027,13.264275815595594,0.951001085197096,0.304505027265577,-0.025496679901563,-0.047154465726314
3068,1666253359.418834448,77.131971324089932,299.598539528716572,13.221428838812020,0.946325135572086,0.318307152234340,-0.013317579141451,-0.054515472177622
3069,1666253359.518846035,77.172896551659178,299.647949756733794,13.183418953290058,0.941900713814351,0.329819450423599,-0.008234649291400,-0.063042572832486
3070,1666253359.618614674,77.225998344681216,299.699931427869842,13.159779294638479,0.936505800700265,0.343779747256976,-0.009641222241882,-0.068406267727213
3071,1666253359.719093800,77.286973715677249,299.757073154555997,13.136453366929869,0.927602676496739,0.366221391774305,-0.010535565705795,-0.072966900840292
3072,1666253359.820591450,77.353590659453118,299.823241336272758,13.100468451064717,0.919874205150415,0.384289668272162,-0.009715566112891,-0.077836401081175
3073,1666253359.920141459,77.421902917704216,299.895771564407426,13.059619020882351,0.914693360047794,0.396955897385917,0.000608719518168,-0.075905876423143
3074,1666253360.019320726,77.489996750390532,299.974929692691489,13.015363365131703,0.903246323874473,0.421737400674606,0.016432881759679,-0.077547428561820
3075,1666253360.119876146,77.563720740115315,300.069851363265002,13.004370440841480,0.894912065712456,0.439226647150170,0.008445592992198,-0.078364654242176
3076,1666253360.218306541,77.634243666188695,300.182775035387976,13.007086157522602,0.877773939485148,0.472924750297827,-0.003426248821471,-0.076441824516917
3077,1666253360.319392204,77.696352208528594,300.313366588890062,12.981419564514638,0.870241208771444,0.488093888576464,-0.007829221133183,-0.066206478435041
3078,1666253360.420884848,77.752301261162089,300.450640731277360,12.947187318443312,0.870032291028968,0.489729512437310,-0.002980275210148,-0.056567969509894
3079,1666253360.521052361,77.811038700564126,300.593522096077663,12.957221123921553,0.867620560204365,0.495054800143256,-0.006088647259315,-0.046024305973444
3080,1666253360.621101618,77.870495331929305,300.735935123525564,12.973153038712752,0.869542329026874,0.492766883905263,-0.014475458448283,-0.029451608776585
3081,1666253360.720795631,77.929313466644984,300.875024321642968,12.960306883933420,0.863669528054425,0.503356996533051,-0.016956168378369,-0.020473609974746
3082,1666253360.819127083,77.986491866767850,301.022052394850903,12.931026785707935,0.835112262425844,0.549333958259663,-0.022633982375828,-0.017533233887925
3083,1666253360.919348001,78.041394979484892,301.181985542830319,12.925705808182103,0.824837472626889,0.564976260249218,-0.018135462210346,-0.010773769800395
3084,1666253361.019487143,78.091587361524049,301.349851652828477,12.938228086618574,0.811645442480905,0.583598810089871,-0.025363295460840,0.000898779744332
3085,1666253361.119802475,78.133536898266328,301.518892177178827,12.946941565204728,0.784873853970685,0.618049853773465,-0.042985985808220,0.011815948032130
3086,1666253361.220195770,78.168751956389897,301.682583616632485,12.923608484484182,0.770379491817397,0.634875215082978,-0.054811626545495,0.021085195184009
3087,1666253361.321835995,78.204998449046158,301.850844734664747,12.896751756596259,0.770798362174999,0.633400775734833,-0.063177678542641,0.026113657361893
3088,1666253361.421485424,78.239302902766013,302.016262734792974,12.912098260956064,0.774288907696892,0.629692985313341,-0.061065979090128,0.015309404380667
3089,1666253361.521824121,78.261340918379005,302.182319181189541,12.921350464544595,0.776248743536930,0.627584948874500,-0.058054297676377,0.014307991642148
3090,1666253361.622711420,78.281606380141397,302.359847003329833,12.936625046815744,0.782450270802275,0.618355106065819,-0.064657998428018,0.035041115322686
3091,1666253361.720191002,78.295293137822355,302.534938117601484,12.928781808286393,0.772937798994803,0.628879496592043,-0.073010166323136,0.041800158668084
3092,1666253361.819446564,78.302712969483551,302.715891168462690,12.925886445999344,0.763100542819351,0.640341713331181,-0.072683109931623,0.048551181731931
3093,1666253361.919443846,78.307224084510310,302.894258276208745,12.956257188943500,0.745181894771449,0.662027106640391,-0.068907174585473,0.040937208854939
3094,1666253362.018241882,78.301365286806103,303.064559873417238,12.992204628774246,0.725595781048031,0.682435111187389,-0.074498613782081,0.047360723057205
3095,1666253362.118777752,78.290164529996019,303.226634363680716,13.017218633317599,0.706736161826138,0.702003808830780,-0.073244777159105,0.048475277959495
3096,1666253362.220251560,78.280521753168514,303.390335943242690,13.007711923581299,0.697114828006470,0.711950543088833,-0.068172244426717,0.050098761051051
3097,1666253362.320642233,78.279256800638535,303.571589703235588,13.013603410817900,0.698165627413314,0.711006510233808,-0.069757914138087,0.046565357496951
3098,1666253362.421014071,78.275059058625317,303.766662565992419,13.043416852812150,0.700154631749490,0.707366208258293,-0.083072799884870,0.050154251796932
3099,1666253362.521745205,78.267361424986063,303.953221633149496,13.077842120115255,0.708371325226288,0.695832221355676,-0.094289474332154,0.071673428483258
3100,1666253362.621444941,78.256591449604429,304.116420290191513,13.085725096836079,0.709043523658654,0.694449345089945,-0.094951328258005,0.077341023550940
3101,1666253362.720063686,78.241747759898459,304.268334882971374,13.075906639250238,0.705665251027424,0.698940800480733,-0.088088735154546,0.075886004339589
3102,1666253362.819940805,78.227103944126270,304.430665943749887,13.105736776721109,0.702743339724722,0.704315508225940,-0.069080579848451,0.072933783891836
3103,1666253362.919679165,78.212134509138849,304.596326233424350,13.149348680048933,0.695255365073718,0.711306203633707,-0.070075427028877,0.075847851222929
3104,1666253363.018861532,78.199141668614260,304.752191664074928,13.177482667399650,0.668889183682991,0.734894195458167,-0.084654695495764,0.073153017465551
3105,1666253363.120052338,78.187164104017157,304.904035722525634,13.174129699031923,0.657322434857993,0.744761791416301,-0.089761983491553,0.072110172641615
3106,1666253363.221581936,78.168524517367345,305.060635512957333,13.170301780479425,0.656728367203182,0.745352923919765,-0.091272056925647,0.069471448376014
3107,1666253363.320763111,78.145439810171297,305.218969139806291,13.203553066028588,0.665459242988055,0.738663158478236,-0.089649765533043,0.059191669756751
3108,1666253363.421225786,78.120847662655493,305.373838724840311,13.239053455645559,0.669001782891657,0.735132174769414,-0.089365263390117,0.063491336462473
3109,1666253363.520574808,78.096717845416947,305.518542216681055,13.268802623628918,0.665922060656492,0.737698505145802,-0.092771013243661,0.061174044646443
3110,1666253363.619464636,78.072133027289837,305.650030966264524,13.272880449801537,0.661282551529008,0.743282225598348,-0.088713440305727,0.048650238046435
3111,1666253363.719372511,78.044593018989815,305.780846187551788,13.277765772930605,0.647088577519768,0.757599399577599,-0.079138533283009,0.032505617251777
3112,1666253363.819442511,78.017166516976815,305.923200079743879,13.314591176306589,0.651374884330361,0.755847233295329,-0.061485544233639,0.025004956182692
3113,1666253363.919017076,77.992703686957526,306.074390705904477,13.347472131948738,0.647224975940885,0.758887449616832,-0.066429114182209,0.027871887653135
3114,1666253364.018684864,77.972471058883968,306.225900275696972,13.362541494705928,0.625069594557882,0.776130426933401,-0.077976459248521,0.028796426001939
3115,1666253364.119352818,77.955114566728909,306.373720518911966,13.352870199697950,0.621521657682322,0.777896964510447,-0.089358613540795,0.024539352544809
3116,1666253364.220254421,77.937695252824454,306.518083018578068,13.352769775418333,0.620638346607504,0.778099951215303,-0.095926567172153,0.012907453258221
3117,1666253364.320933580,77.922271118042815,306.653986669111305,13.384751473860984,0.638258520770278,0.764589459377048,-0.089080776580519,-0.009676493035319
3118,1666253364.423243284,77.900526030560357,306.792800173091791,13.409469638630517,0.658373309504320,0.747631454874310,-0.086189719072678,-0.012772053124808
3119,1666253364.520167589,77.877960936286328,306.934392371214471,13.423870218548275,0.670345175717462,0.737187887220463,-0.084583239227357,-0.006086047121327
3120,1666253364.619649172,77.853912589633538,307.084375794457230,13.410200556760762,0.672418598127675,0.734976740108570,-0.087534554242363,0.000349578293510
3121,1666253364.719578743,77.832775018902367,307.230596506095708,13.397159616126673,0.667539134195027,0.739851934085839,-0.083719801382721,-0.001270749398570
3122,1666253364.821833611,77.813037657495755,307.379352448402642,13.419867660435541,0.673282578517561,0.736095435802052,-0.069529885723100,-0.004435521104061
3123,1666253364.922064781,77.793000519078959,307.523157698372927,13.445106354749340,0.666679424968556,0.742268445226336,-0.067374617645043,-0.006063039011836
3124,1666253365.023517132,77.767142277210667,307.668286727601242,13.453947974670832,0.659185637245759,0.749146873262529,-0.064955371707154,-0.005835890357464
3125,1666253365.122285843,77.735622598722173,307.811507134637793,13.438221103338757,0.660492042118976,0.748565056981954,-0.058237319095231,-0.003005399758695
3126,1666253365.223169088,77.701370591480966,307.960212062313190,13.421393494871930,0.673996736363756,0.737255307680924,-0.046498588388357,-0.004570770744751
3127,1666253365.323980808,77.671436460810639,308.114704004202054,13.433509151068765,0.683642919644944,0.728574092328002,-0.041127262331328,-0.010986296049813
3128,1666253365.423518181,77.647087103427666,308.272531863840129,13.454955481008517,0.691935691956989,0.720639109574898,-0.043637420899823,0.000217817153776
3129,1666253365.523931742,77.631573032489314,308.430677673478726,13.455846974268164,0.712933462127168,0.699478814145397,-0.048635768720587,0.009477823699363
3130,1666253365.623450279,77.618182730934308,308.584632242651082,13.425360869019835,0.699408668210474,0.712496793200235,-0.056095908953935,0.005392912947976
3131,1666253365.722578526,77.604552660864101,308.739491797784297,13.410982463331848,0.687652913911901,0.723968186691757,-0.054801802927979,-0.000545016113543
3132,1666253365.822459698,77.586572216247703,308.900781393345653,13.432183076802620,0.685577668228821,0.725969961666807,-0.053969976743595,-0.006173912351531
3133,1666253365.922382593,77.559160009919225,309.057706533203259,13.453437849395655,0.672650129284730,0.737935823407719,-0.054691478926513,0.001168861685085
3134,1666253366.024393797,77.526265347166401,309.210742696952764,13.449706810304189,0.666916298567023,0.743431590647184,-0.049716031874288,0.007774117836372
3135,1666253366.122713804,77.496279657588587,309.360909273381594,13.421965992981962,0.667408735477925,0.743265878360366,-0.044791155400725,0.010731554911530
3136,1666253366.223844767,77.471530957780587,309.523998728162724,13.415324248723557,0.677521446934104,0.734414395497081,-0.039576295869294,0.005822493988104
3137,1666253366.324761391,77.445660688713673,309.689469922134037,13.436781970530594,0.687604796870309,0.724930151643640,-0.039894637159553,0.009183489792970
3138,1666253366.423637867,77.421230543114120,309.846649071907905,13.455925361977442,0.700857258693475,0.711779962266068,-0.041521356784855,0.021079971155763
3139,1666253366.523522854,77.398631771555259,309.997894732613020,13.442084743527463,0.703400195557932,0.709424678627415,-0.037285822556739,0.023549048382480
3140,1666253366.623334169,77.374661216846363,310.144622177141173,13.412656147053578,0.687886460989644,0.724975994192856,-0.027941189021960,0.021007488837618
3141,1666253366.722032309,77.352561477827081,310.294289684267312,13.423870288591724,0.681142956442374,0.731913570805660,-0.012941806110889,0.013390571833922
3142,1666253366.822263002,77.329955086160183,310.451415151373794,13.453531228542472,0.675494254626464,0.737103835072715,-0.006690961761622,0.018457500330165
3143,1666253366.923114538,77.306923940326371,310.605230639809861,13.469624759995806,0.658863157030168,0.751912318605580,-0.009596372125245,0.020859412250932
3144,1666253367.022258282,77.288068648892022,310.755323533232001,13.448080564055640,0.645997488552740,0.763004137580050,-0.008066659833876,0.021139059070836
3145,1666253367.123619080,77.276948150686621,310.918195903866490,13.419042038288337,0.660834600422471,0.750345107885218,-0.010526132813126,0.013001941593285
3146,1666253367.224437952,77.268443780179680,311.094005393323528,13.433471297373664,0.674031202776355,0.738379952895035,-0.021624281270223,0.003061585558758
3147,1666253367.323979616,77.256278346505852,311.265975684742898,13.457087745696393,0.688660179493197,0.724178525614997,-0.033410486412666,0.014012837548342
3148,1666253367.423773050,77.243084971858607,311.426898584057994,13.456209777650951,0.702411096321767,0.710269835733502,-0.040237574658649,0.022723331550347
3149,1666253367.523487091,77.227834597324176,311.579045632870361,13.424051398393990,0.695493225266967,0.717103045072629,-0.038982580732349,0.023081480774859
3150,1666253367.622347832,77.211341859832316,311.731839026724970,13.408680265630911,0.689016725425586,0.723904852642004,-0.029655577327210,0.018391931343728
3151,1666253367.722131014,77.191514173645899,311.895916400975807,13.431694385657726,0.688064590037106,0.725069423081671,-0.019044336049816,0.021880697281015
3152,1666253367.823395252,77.167915678820222,312.063645766951993,13.452512715435759,0.680073753706049,0.732095423413505,-0.022313400293211,0.032219446061652
3153,1666253367.922034025,77.144452619129893,312.225119390559769,13.448336333559221,0.668279109165191,0.742356729824286,-0.026416015501305,0.040146133848799
3154,1666253368.022521257,77.124884461247007,312.388020222505475,13.417732456491269,0.674597780778863,0.736392021500003,-0.024500069610319,0.045214725792169
3155,1666253368.124325514,77.110856717973860,312.555376871759904,13.411683786485263,0.689662634259911,0.722818663425068,-0.023675862073940,0.036579834132142
3156,1666253368.223170280,77.098895994054431,312.719820377454880,13.436089053127938,0.696387136338744,0.716406908876511,-0.026309372009680,0.033375353187385
3157,1666253368.323216438,77.088661861651460,312.880744330790776,13.457335795227566,0.707375433458727,0.705029067219413,-0.033481773997409,0.037854739792908
3158,1666253368.424097061,77.082392470459880,313.031337116264012,13.444098235496542,0.716894186270673,0.695568061190999,-0.033607713908271,0.033441284487352
3159,1666253368.522206068,77.076074098604010,313.175830040540291,13.414669009691011,0.700582589372366,0.712514448301203,-0.031827540771598,0.022230701265947
3160,1666253368.621753931,77.069372041105623,313.334849324940535,13.418012641319271,0.686399628874077,0.726636677678774,-0.028097221790142,0.008076772942172
3161,1666253368.722720861,77.050343517393472,313.507283510325749,13.438918477100104,0.680771033082483,0.731615298016995,-0.033446702131217,0.013083361183499
3162,1666253368.822561741,77.020766570330309,313.673694942962015,13.447814133587899,0.675051431793392,0.736416893911491,-0.036705938871895,0.025463637740429
3163,1666253368.922856092,76.990335824969748,313.836684660769777,13.424572622876893,0.679394603807393,0.732006336133051,-0.034392276826934,0.037508232071404
3164,1666253369.023809433,76.968406011556723,314.002520535613940,13.401807775489624,0.690992755317964,0.721116602196891,-0.031603812484845,0.039000732948529
3165,1666253369.124788761,76.953479054795508,314.169825800868409,13.415619262326816,0.699620980254605,0.713227329367711,-0.031250207641666,0.029337436032157
3166,1666253369.223330021,76.942604695095710,314.331594657430799,13.437958017639485,0.716889709658529,0.695342113076366,-0.037243533886918,0.034371632952450
3167,1666253369.324143410,76.937725077652416,314.490615647098707,13.440585144241942,0.726725781560250,0.684459437891395,-0.044628206841846,0.037326122905026
3168,1666253369.423679829,76.932674504146632,314.641566763646154,13.411285424473075,0.715381297252312,0.696464842935634,-0.048227742741256,0.028989772788436
3169,1666253369.521860600,76.923969603305935,314.792265653243021,13.398015208508475,0.709584023578371,0.703092386836055,-0.041449900529662,0.020821018264987
3170,1666253369.622299910,76.909146537297971,314.955135436002820,13.419261618443372,0.708141875427861,0.704946862853021,-0.034527760426752,0.019820155880042
3171,1666253369.723276854,76.886800542506450,315.119369162271653,13.441558755021754,0.701926294435139,0.710684691932978,-0.035603344075825,0.030970110159660
3172,1666253369.822694540,76.863980476897169,315.275696766312706,13.434331906209067,0.699739344908753,0.712562354604865,-0.034192653427750,0.038086775109075
3173,1666253369.923303604,76.846827289016943,315.433736853189316,13.405297396803576,0.709235185078388,0.703174864136738,-0.029896314420879,0.040457052254862
3174,1666253370.024984837,76.837597486424571,315.598651807157921,13.406766642334778,0.720093739893064,0.692670383305922,-0.029860930654568,0.027947641726820
3175,1666253370.123435736,76.829031340563944,315.758079008033860,13.430903107248476,0.728720988414372,0.683424051968868,-0.035711514809741,0.024939405462597
3176,1666253370.223412752,76.822079318092605,315.912497470559117,13.447990155703312,0.737367465892745,0.673699063044630,-0.039099570024849,0.029833141295747
3177,1666253370.323063850,76.819261238516447,316.057401846961966,13.428802566389612,0.743010973696701,0.667624221844094,-0.040162822940120,0.024485486044376
3178,1666253370.421272755,76.816811048660625,316.199545835110655,13.400528451424304,0.726914396404741,0.685565898319934,-0.037846036358403,0.012748995735801
3179,1666253370.521644592,76.814051294921867,316.351757989793668,13.413012337370825,0.723161395018439,0.690151377306932,-0.026978266206398,0.000919950448304
3180,1666253370.622920990,76.805291212219004,316.512481842461625,13.438229437114806,0.714121488464943,0.699499695231380,-0.026920360859002,0.002443410534927
3181,1666253370.722231150,76.793151559026668,316.669949837127263,13.448699710971672,0.706704966551081,0.706848907291007,-0.029304918294120,0.008598504365308
3182,1666253370.822762966,76.783143350360092,316.829751926053007,13.424845201621155,0.710336698774751,0.703142488586172,-0.028456279863460,0.014235703528987
3183,1666253370.924068213,76.781147622142143,316.994031104567398,13.405289400273551,0.720469182488702,0.692789317555438,-0.029320344455651,0.010365132229430
3184,1666253371.023692131,76.783260599603338,317.157761260426355,13.420999181428494,0.726237384555812,0.686701513647648,-0.031897684835655,-0.001682298929656
3185,1666253371.123865843,76.787191050050140,317.322475238630375,13.442304523335066,0.743747076423974,0.667320459179548,-0.038793140422647,0.004333973619947
3186,1666253371.224232912,76.795116280765811,317.485819415282549,13.442303982157748,0.752645626021828,0.656730363786504,-0.046254391665491,0.009503797278628
3187,1666253371.321959972,76.802090372544868,317.642111307973948,13.411734841823590,0.746456621452764,0.663435880447242,-0.051204270098054,0.005785114367351
3188,1666253371.421311140,76.809041381453341,317.805288565967658,13.402448223056361,0.739363653939802,0.671688818428760,-0.046566650336421,0.002658102143655
3189,1666253371.522567034,76.812267752297089,317.978688688910211,13.426329822664320,0.738151537637336,0.673246638162617,-0.043022465255356,0.004509896863828
3190,1666253371.621011257,76.807951888692642,318.143506034582799,13.445900024851261,0.727250546500530,0.684610168131975,-0.047479069356276,0.012700325903345
3191,1666253371.721589804,76.799678579584196,318.306136167987802,13.440660877078203,0.718622790517886,0.693548383585447,-0.047154074291833,0.018665954354956
3192,1666253371.822771072,76.793745814094081,318.468698401585016,13.413257217120588,0.723635010875033,0.688556949956680,-0.042504301620584,0.020858620423989
3193,1666253371.922670364,76.795394185969442,318.635406158284638,13.409452925231479,0.731309261800083,0.680776176646410,-0.039732001241900,0.012325947972733
3194,1666253372.023333073,76.801640613831367,318.808707881939824,13.430742126639718,0.740228794993501,0.670600840867056,-0.046006534445368,0.015467452252843
3195,1666253372.123840332,76.811391259196284,318.976373794004246,13.447325992205966,0.748267530996795,0.660721915280867,-0.053917896982799,0.025201450523666
3196,1666253372.222294807,76.822009030948735,319.131007447383354,13.427555575516065,0.747724497341167,0.661132644429382,-0.056677568760197,0.024481743098590
3197,1666253372.321220636,76.834135520535980,319.285270159499930,13.401153965817064,0.731639038255211,0.679379010149672,-0.052946292751743,0.018578706975711
3198,1666253372.422503471,76.850638987849166,319.448097094655395,13.415604626854716,0.729017131091518,0.682981631429169,-0.043667338224157,0.012777999759755
3199,1666253372.520802498,76.862278925905471,319.607117399890342,13.441852685654627,0.719044245178680,0.693263988767029,-0.046380934192736,0.014464587711367
3200,1666253372.620939732,76.870294598343918,319.763468073276044,13.451151892801462,0.709098701044909,0.703228023856800,-0.048016055500359,0.018542843715813
3201,1666253372.722346306,76.879174909556369,319.918630688738915,13.425616323055550,0.713242097721392,0.699031157554830,-0.047349906942553,0.019978416305457
3202,1666253372.823921442,76.895266529939690,320.077863981029850,13.406140028377573,0.724966521473790,0.687150201584230,-0.044835998331073,0.015423244101059
3203,1666253372.922703028,76.914186128145644,320.237420088742567,13.423641256213967,0.730399502823995,0.681522390332429,-0.044911252733492,0.005174662108937
3204,1666253373.023478031,76.935509405494059,320.400221923944287,13.446780329280960,0.751079665409513,0.658147977303057,-0.050823129817281,0.011729691206714
3205,1666253373.122482777,76.955894283760713,320.555881752466235,13.448648694079136,0.760037159653369,0.647255464364058,-0.056465779783534,0.014679765336796
3206,1666253373.221506596,76.971998716992545,320.706237437220125,13.423389314273225,0.758256650863241,0.649646593312696,-0.053888451128983,0.010108909624173
3207,1666253373.321441412,76.987131065496129,320.859777384621566,13.414138701329405,0.750269702259271,0.659568038366619,-0.045371844183599,0.002602382057578
3208,1666253373.421335936,76.995750777022351,321.021623102401918,13.439574274763411,0.741616697856582,0.669458517836143,-0.042720905455098,0.002211468749612
3209,1666253373.521602869,76.993563067082036,321.181680888067717,13.462426831949211,0.732345237641631,0.679358282231638,-0.045118943335762,0.010346894179704
3210,1666253373.622379065,76.985732726237970,321.337064150324125,13.454120614798502,0.724006908930587,0.688392589730692,-0.040481764524086,0.017054763723536
3211,1666253373.724073648,76.981411455563844,321.495024796057010,13.424943206744395,0.729321965464802,0.682982974106960,-0.034290673760015,0.021163115641443
3212,1666253373.822912216,76.985828890043337,321.655876747967341,13.426592128671343,0.741364955025425,0.670292559759273,-0.030305369316094,0.012941112090050
3213,1666253373.923291922,76.992631068485849,321.823385192535795,13.444520395495744,0.749634677980496,0.660728134264468,-0.036368068340143,0.012788501307002
3214,1666253374.022804260,77.000981581403565,321.986367432911436,13.454013529560287,0.758777928508885,0.649473167237431,-0.045024060147036,0.020334558127048
3215,1666253374.121703625,77.008296281045148,322.139908691260132,13.433353450104507,0.758290587449254,0.649760840319543,-0.049181103500879,0.019683862211028
3216,1666253374.221452475,77.014081715642789,322.292198443110522,13.403867565738958,0.745631318935737,0.664708368847354,-0.044405716779820,0.014995096655709
3217,1666253374.322054386,77.020461756315100,322.454156890666525,13.413758285801011,0.743735206011645,0.667325199100719,-0.037823191232469,0.010219011155414
3218,1666253374.421159506,77.021955636011157,322.618779829270068,13.435783041233725,0.736384706128566,0.675022534548179,-0.042104435407156,0.017588602876357
3219,1666253374.521783829,77.020220935237617,322.781375676408516,13.443852286261530,0.733135293163055,0.678038723446776,-0.043901958647780,0.029133304863625
3220,1666253374.623943806,77.020750270131217,322.943455755329069,13.417316631608584,0.738871909664709,0.671575133749115,-0.042148810665712,0.035757776745069
3221,1666253374.723289728,77.029861181367380,323.103614539428122,13.399730391238737,0.754038324572348,0.654704873611004,-0.040962585071534,0.033313663418831
3222,1666253374.823184013,77.048078608380976,323.267623159658854,13.419096682748567,0.766937361769914,0.639456212980319,-0.046777842101507,0.026733280580580
3223,1666253374.923942327,77.070962819568251,323.428964228365658,13.441049085527668,0.780478286276490,0.621854589660310,-0.055777758860555,0.032239038227204
3224,1666253375.022078276,77.098376320090566,323.577534659237131,13.436728411200276,0.793458989890475,0.604075778840218,-0.065154687962629,0.035639183731719
3225,1666253375.121382475,77.126952764488976,323.721236661245371,13.405101628828749,0.790376024124214,0.608055990047859,-0.069013867845663,0.028473487694698
3226,1666253375.222077847,77.158940528269781,323.867191437761164,13.392902395479618,0.789704249254523,0.610114090938596,-0.060882415968393,0.020526231348486
3227,1666253375.320711851,77.188304144946954,324.023445695976591,13.419048594258037,0.792539016426218,0.606140100561632,-0.061549130673982,0.026225759218289
3228,1666253375.421386480,77.213595411639062,324.177673453100226,13.439322930265778,0.796152279144633,0.600655826847775,-0.064081765102122,0.035322138497236
3229,1666253375.522245884,77.235023598321376,324.322768811471292,13.432604126815461,0.794093010118604,0.603537980198352,-0.061073463121448,0.037791928254870
3230,1666253375.621799469,77.259324653760672,324.457942178099302,13.400135350850695,0.800757777463453,0.595897665632400,-0.052354710058318,0.030853496728190
3231,1666253375.722373962,77.292236138434532,324.592980109633174,13.374037996169651,0.807849037121283,0.587894873307990,-0.041222094009622,0.007764671651806
3232,1666253375.823847532,77.330074890065333,324.735810993226664,13.374267063019412,0.810341197044408,0.584730424658726,-0.037174440068673,-0.007452238364527
3233,1666253375.922648668,77.375907926482228,324.881393323215775,13.392068017663890,0.826611446407808,0.560911249522490,-0.045651444131546,-0.002834162207083
3234,1666253376.022081614,77.426769266316938,325.025415428489623,13.379003946147922,0.826870020137375,0.559860058747849,-0.052811811209712,-0.007320998130120
3235,1666253376.122567892,77.478038395092952,325.170779394581359,13.330641687142718,0.811500356303298,0.581544414481931,-0.055219522499810,-0.014968969215735
3236,1666253376.220551252,77.526984365551044,325.317963098140694,13.317556460190039,0.801342841127273,0.595737424696156,-0.049138819227837,-0.023064003021062
3237,1666253376.321165800,77.567180630475690,325.478833357418523,13.338900062327649,0.803691330994292,0.593169066813320,-0.046249808158176,-0.009573813543740
3238,1666253376.422101736,77.602306175578477,325.638876742986042,13.355421180546807,0.805018524347903,0.591241185375611,-0.048214746635815,0.007373898508304
3239,1666253376.522634506,77.636062144440558,325.793408408238065,13.333919275529379,0.807310702709646,0.588145325540995,-0.044268795377667,0.019359212033177
3240,1666253376.622210979,77.676618998135439,325.942643077696403,13.299085244909872,0.820297739391744,0.570360140062814,-0.037589437879326,0.019696789998310
3241,1666253376.723228455,77.728474884150742,326.091354193813402,13.290659037206559,0.826960784333036,0.561310275181886,-0.032626000066259,0.001476573805442
3242,1666253376.822767019,77.784681975980888,326.241977167931850,13.303592520507898,0.829729881131251,0.556741945475748,-0.039250365005664,-0.006792595433389
3243,1666253376.921699286,77.842581176479598,326.394026200663973,13.312618878025624,0.835714443273768,0.546557111771420,-0.053271812504473,-0.004336688620179
3244,1666253377.022256613,77.893029715027197,326.547994088794610,13.282802010966087,0.826445007284439,0.559795515151938,-0.059608774997949,-0.008026524381335
3245,1666253377.122668505,77.936600774262644,326.705324283813866,13.240035759600095,0.815842296544591,0.575510798099280,-0.055916201003732,-0.007876985799606
3246,1666253377.220924616,77.977550077838472,326.868190733931158,13.237395387751318,0.813150566515151,0.580123925190534,-0.047251168931817,-0.003116830472404
3247,1666253377.322339296,78.014406066012796,327.044449475364161,13.253627987808885,0.809824607090893,0.584107517833308,-0.052573181211885,0.015445840150492
3248,1666253377.423262835,78.048482162096462,327.215938571796698,13.256836702446433,0.805315553775956,0.589229660780767,-0.057763444068680,0.030637399237389
3249,1666253377.521833420,78.083233677972913,327.377228144865398,13.224494861179380,0.808289236069777,0.584816045504956,-0.056058351474129,0.038937963527697
3250,1666253377.622569084,78.128262480746514,327.540397239369952,13.193075850851168,0.818947606346331,0.570409474945580,-0.052001103318917,0.035408109318891
3251,1666253377.723062277,78.179335324253202,327.706382849873648,13.194434286003460,0.826662726063585,0.559468605699409,-0.052328806399791,0.029754202974622
3252,1666253377.822047710,78.232306463464241,327.869434547371384,13.216349756947604,0.833947288418895,0.546952575403522,-0.062955249543365,0.037569095719222
3253,1666253377.922512531,78.283448935283914,328.024752401518242,13.212045539511108,0.835298241927659,0.544260932077750,-0.069083917125855,0.035837093087595
3254,1666253378.021828175,78.328530539361154,328.169524811541010,13.170711117364329,0.824709986287987,0.560974591345122,-0.067057192022446,0.025773617908773
3255,1666253378.120453596,78.372507093903153,328.313897839603726,13.150726433717926,0.816564898040199,0.574569729165041,-0.053221073492990,0.016090710116865
3256,1666253378.221280575,78.417800479751790,328.472502582362097,13.160040401928232,0.818173466164502,0.572359987191736,-0.051945308399672,0.017260048131543
3257,1666253378.322881699,78.459982564844353,328.638834318203919,13.176096128299671,0.810636500986384,0.582033162919932,-0.057764318681503,0.027733445823298
3258,1666253378.422024727,78.500565742135507,328.795568882854923,13.157260268756509,0.818266175843006,0.570974868133886,-0.056548897469303,0.035076881642478
3259,1666253378.522595167,78.548032194317244,328.948522783121234,13.110236910323600,0.827605259020295,0.557959625284840,-0.050572577824987,0.034539921338752
3260,1666253378.625478506,78.612453418301115,329.106651603003002,13.099981480805230,0.837536932333857,0.543574863719248,-0.051026413832758,0.021320403391165
3261,1666253378.722078562,78.678545859715896,329.256335949965887,13.117328723468530,0.842834749466923,0.533809857575917,-0.064856801211648,0.021684473302350
3262,1666253378.822043657,78.742866954791083,329.405128437169139,13.119027911960028,0.850741531980852,0.519656538294544,-0.075115441268613,0.023528673010291
3263,1666253378.923057795,78.798442043510178,329.550345019301801,13.084741748114949,0.842813256756437,0.532690763198589,-0.074960401575400,0.016950021656873
3264,1666253379.020138502,78.844536955209705,329.688353874709605,13.047380538711019,0.833995086477356,0.548459979982750,-0.059661887535812,0.009181789837166
3265,1666253379.121249437,78.890353416503487,329.845427761877318,13.051719366619528,0.830853075647816,0.554186540246078,-0.048019480496422,0.015955400010699
3266,1666253379.222123146,78.933018083262212,330.006867171897170,13.075639248181870,0.823406089378097,0.564304061903645,-0.050639721709171,0.031606269620656
3267,1666253379.321058750,78.971938738555195,330.157489101011947,13.073545049448940,0.822670718702539,0.564600093473112,-0.050296651449135,0.043702058219328
3268,1666253379.421618462,79.013199942665523,330.303927793165656,13.033773627015462,0.824007394771971,0.562777893790866,-0.045787974622955,0.046864880255410
3269,1666253379.522930145,79.064993243379035,330.454504790773285,13.008939433670376,0.831145461436836,0.553302027510673,-0.040034908669686,0.038095857692635
3270,1666253379.622162819,79.123026999686545,330.609076175504129,13.023948170292652,0.836038562865335,0.545667291427940,-0.046917837944998,0.032946091578946
3271,1666253379.722575188,79.180618487127148,330.760141890398529,13.045354068155406,0.839940788053173,0.538379379068881,-0.058061479841157,0.035720880681696
3272,1666253379.822828293,79.231957756469981,330.899939160090810,13.028993216901743,0.835721925742407,0.544911730025901,-0.062303938131551,0.027537040634060
3273,1666253379.921323538,79.275666503289727,331.033039996029402,12.987985715300058,0.818581817415727,0.571349700300500,-0.057897505768403,0.011454561916175
3274,1666253380.021040916,79.317795258121649,331.174116234601058,12.979838719994607,0.807413597040171,0.588539941637291,-0.041238800999524,-0.001838941094262
3275,1666253380.122053862,79.356081432801844,331.330328258928205,12.998490925131838,0.805662819324679,0.591299272734814,-0.035606781225783,0.002179163102960
3276,1666253380.223231792,79.388174212091698,331.490084197343037,13.018432727307843,0.793206511678394,0.607677412847034,-0.037889381755328,0.010769702722365
3277,1666253380.321621656,79.417369577278080,331.640650951041323,13.001997950462020,0.792031664471782,0.609416814965397,-0.032488143445930,0.015540548475734
3278,1666253380.422802210,79.455095270708128,331.796437678664915,12.967479993942266,0.792804226633684,0.608660170792209,-0.028453028642553,0.013589697716722
3279,1666253380.525213480,79.505636621352735,331.963327764810913,12.975705494534937,0.800147755490522,0.598848718109647,-0.033093583702345,0.006971149090953
3280,1666253380.622392654,79.551615553788622,332.124228437115335,12.996446151536256,0.803507720698160,0.593209573412525,-0.048114437251863,0.012757183000725
3281,1666253380.721962690,79.592172236966192,332.282288190022598,12.997451194265022,0.807185394765761,0.587076569901987,-0.058325872949994,0.019772002771155
3282,1666253380.821779490,79.625433087006954,332.438379227294661,12.967844132470917,0.791049571152789,0.608331136786528,-0.061112379082949,0.020954262521505
3283,1666253380.924111605,79.654248668882047,332.602801041295947,12.956333532087855,0.779090267809018,0.624320729166812,-0.052750867766891,0.021431931497937
3284,1666253381.023615122,79.672717032529704,332.768689902803601,12.979189775384711,0.771650241725905,0.633602354378287,-0.047680209655073,0.028819413212141
3285,1666253381.125633955,79.679852299778133,332.932900172310781,13.002545431953461,0.753697481564783,0.654037967493025,-0.053281139954981,0.036545362025770
3286,1666253381.222961903,79.681656418432880,333.082040870440494,12.996521480030658,0.737610541335434,0.671782342043778,-0.052579181025611,0.043296696775855
3287,1666253381.324700356,79.686025167565901,333.237700427175810,12.970777606951042,0.733757783480249,0.676197874856308,-0.048789305870678,0.044447191751811
3288,1666253381.425760269,79.691881812531520,333.398481034090025,12.972823589554077,0.729599532987306,0.681536816008507,-0.045797488472280,0.033085947762201
3289,1666253381.525014400,79.692739671360115,333.558440462730630,12.994949129149369,0.729523551221219,0.681514711430619,-0.049138764673029,0.030306239021518
3290,1666253381.624949694,79.688318630523241,333.713339879448824,13.012916138945918,0.723398908400166,0.687524755322049,-0.053240746565248,0.034192880106548
3291,1666253381.725058079,79.677595907638448,333.860234214112040,13.002801951746708,0.710689660530842,0.700736564112214,-0.053948711886680,0.031273161281412
3292,1666253381.823336363,79.658211223649602,334.001751722775964,12.979754577999470,0.683996638936639,0.727506459379343,-0.047631881153068,0.024782118201117
3293,1666253381.923033953,79.627802280777701,334.148045368700309,12.989959598047253,0.663261596211805,0.747501109236069,-0.030290388191133,0.020214822894246
3294,1666253382.024600267,79.584982328411769,334.295694871496949,13.017868876469397,0.643246104782817,0.764947981120411,-0.019516113730886,0.026611203775561
3295,1666253382.122481585,79.538046840589473,334.432251180324499,13.037387161539073,0.611014870119304,0.790812696762708,-0.017873695156028,0.030929567624748
3296,1666253382.223061085,79.486518150007115,334.567801285866096,13.022065554678470,0.577043802705603,0.815942000617991,-0.017301909161972,0.030979756711750
3297,1666253382.325217485,79.432370860400567,334.708617122037936,12.992485069454581,0.567487944204510,0.822799227783590,-0.013567967486700,0.027834766022845
3298,1666253382.424624920,79.374402304194575,334.850299792296653,12.993874606602510,0.568327939791242,0.822564959537971,-0.008909947565042,0.017631024568266
3299,1666253382.524934530,79.308656295045424,334.994292482421315,13.013377490750601,0.567052627354561,0.823293118538263,-0.012048997913431,0.022239164262929
3300,1666253382.626119137,79.237770984415235,335.132348983138968,13.025874554990322,0.550905726940632,0.833879390154950,-0.022393913338181,0.025427452570478
3301,1666253382.723428488,79.161159668903281,335.256700864731783,13.006620930529296,0.516101164582869,0.855850066885503,-0.024277220697358,0.023892833308289
3302,1666253382.823225737,79.070433884085148,335.380713976147831,12.982447068960431,0.478061418547402,0.877812505826374,-0.019309677580431,0.023013497409288
3303,1666253382.924917698,78.971753346757723,335.502395570505826,12.987609093368272,0.441343553906070,0.897153874512987,-0.011909164704237,0.013746442010316
3304,1666253383.023812771,78.865047145778902,335.615213483576667,13.006642353517586,0.405374850847012,0.913765275668188,-0.018000240806728,0.019499810632501
3305,1666253383.122811079,78.750335105714058,335.719556193738583,13.015466694529215,0.353556058260103,0.934582438542102,-0.023802161539715,0.031420317349037
3306,1666253383.224876165,78.630472894721095,335.820625093045749,12.990884485780928,0.336874097422191,0.940335696527563,-0.025584439800643,0.040373961436730
3307,1666253383.325001478,78.512160959648696,335.915841799736597,12.969005897495951,0.332433362363693,0.941929876725085,-0.025903540455794,0.039814237555055
3308,1666253383.425258875,78.392753654033314,336.002786497035174,12.975497600633748,0.331415150104859,0.942677743565514,-0.022689435867047,0.031746804047656
3309,1666253383.525423288,78.271900318360792,336.083540831334915,12.997824971929770,0.330329372720591,0.942637048384789,-0.024240644544082,0.041596774905287
3310,1666253383.624115705,78.158731544613758,336.152323095177394,13.020015002138839,0.317984674502919,0.946408005708474,-0.026378906601807,0.050017864795251
3311,1666253383.724218130,78.044818721648085,336.209133805706927,13.017759804821209,0.294336606552462,0.953799301672645,-0.027793134737953,0.053482668532844
3312,1666253383.823931932,77.923883775133447,336.259676392193057,13.015475527722895,0.262113803970642,0.963069386239168,-0.020570938233150,0.058056417019647
3313,1666253383.924831390,77.800669508842361,336.308881809773936,13.048244969734931,0.231600248894299,0.971142690839049,-0.014470386937622,0.055080002213739
3314,1666253384.022932291,77.690660347194878,336.349251873393257,13.090717089198623,0.200731152071136,0.977575691561789,-0.010861531747684,0.062727976085464
3315,1666253384.124052525,77.593042693846726,336.378082132525265,13.133756688909035,0.163421236767520,0.983583420910248,-0.015745162476657,0.074894881950982
3316,1666253384.225489855,77.508347036902606,336.395546863521304,13.172727988642372,0.130870274504008,0.987983330914682,-0.017977645687349,0.080241593587843
3317,1666253384.324095964,77.430690774704559,336.411635980898609,13.190512953218194,0.116213722055932,0.989533121667393,-0.015011644961859,0.084221270737443
3318,1666253384.425412893,77.350279884634773,336.437120253599005,13.210756645635765,0.117692283673168,0.989004621471430,-0.018044633627641,0.087708473189271
3319,1666253384.527348995,77.271630278165702,336.464922628651209,13.250874093884406,0.127731503770276,0.987006841607937,-0.025943313222723,0.093963301680689
3320,1666253384.625029087,77.208831699387275,336.485365090656217,13.290092653700746,0.139432617816139,0.984466685839626,-0.025419581873357,0.103623039997216
3321,1666253384.726396561,77.154207676287314,336.506460613349418,13.327237978385964,0.149238229216625,0.982685797814630,-0.023631918264561,0.107229222476190
3322,1666253384.827627659,77.101370069095339,336.526755438974419,13.340733043936648,0.147978793696276,0.982983405072871,-0.023796781035579,0.106205532717855
3323,1666253384.923690081,77.043902189950003,336.543464229966787,13.346780546517744,0.140402661299625,0.984289368992065,-0.018718456368465,0.105409440660535
3324,1666253385.024211168,76.971621937091584,336.560320135355084,13.382432216046201,0.126907828047377,0.985883857876158,-0.011337559817130,0.108622657382856
3325,1666253385.124545097,76.904664757027376,336.574830460432679,13.425967812543929,0.111771907285339,0.986754485329476,-0.013301555949386,0.116814789445876
3326,1666253385.223410130,76.847769431267253,336.579936127931717,13.469017019206753,0.085141152087932,0.988790295412597,-0.018727042132311,0.121218949888141
3327,1666253385.323844910,76.793207654372125,336.582530606402997,13.499268031874138,0.070643971111444,0.990104455487438,-0.023596887015837,0.118936047911018
3328,1666253385.425883770,76.730761904564588,336.593136729201888,13.521653029275591,0.064890199527963,0.990688233969924,-0.029442930623199,0.116013787607731
3329,1666253385.525208235,76.666151252866470,336.610838756370981,13.564152585809161,0.082728798373890,0.989574317134806,-0.035245534197091,0.112500529358560
3330,1666253385.625642538,76.609837624055473,336.623410833102582,13.613853330813638,0.101256889085536,0.987466828743865,-0.033350423496522,0.116378923331748
3331,1666253385.728532076,76.558960712453754,336.638744552995604,13.664604105512508,0.127169360896252,0.984354617847916,-0.024461365547627,0.119480465207781
3332,1666253385.824591160,76.508905444272045,336.657313502428792,13.689992219284353,0.138643392655818,0.982993604272738,-0.019229232725032,0.118877332745077
3333,1666253385.924166918,76.444872334887492,336.679279667222431,13.704727722195685,0.138533297770917,0.982726562203502,-0.021210530610513,0.120860012988672
3334,1666253386.025620461,76.368583994208805,336.699979331343172,13.739769999375744,0.122690770267548,0.984176036838896,-0.021908771492940,0.125954393075069
3335,1666253386.114454985,76.307744271340766,336.712385960533254,13.773111120480996,0.108612941636780,0.984488170902159,-0.027528910446764,0.135012700707528
3336,1666253386.215481758,76.246673935385971,336.716711850771276,13.815786462978945,0.087389929366857,0.985595609550842,-0.028577084006721,0.141942400110163
3337,1666253386.319095135,76.191635234884629,336.716284910875061,13.847129606491086,0.076811554609058,0.986726791264713,-0.029122942194750,0.140078830366710
3338,1666253386.418686152,76.136630163108350,336.720507391414230,13.860222401610862,0.071027461154836,0.987772960246395,-0.034428806754194,0.134440827256656
3339,1666253386.519488573,76.071251803175741,336.731966421873096,13.891070038399530,0.075679413793246,0.987907311012977,-0.043399427478833,0.128172777412088
3340,1666253386.621028423,76.008408294058484,336.735506007286290,13.939909410749372,0.088406801609485,0.986615434635676,-0.047280996856822,0.128602989483384
3341,1666253386.720890522,75.956977284635144,336.733396810369641,13.992476574912326,0.107093660881006,0.985096664934469,-0.033998550725749,0.130229056214959
3342,1666253386.820086479,75.911138956523018,336.731899471870690,14.032395993332637,0.119766589336574,0.984738497299896,-0.020340286665655,0.124628763744914
3343,1666253386.920797825,75.859828766588706,336.732874632206347,14.051024459082477,0.118690279598967,0.986053183882321,-0.015246987445810,0.115668774775581
3344,1666253387.018148184,75.798315734639871,336.736066839088949,14.082797094554916,0.098582486564411,0.989219854504123,-0.008286683700485,0.107967141625899
3345,1666253387.118108511,75.735362835688477,336.739139483638553,14.132483076986434,0.089256640191275,0.990237253847791,-0.005984828584825,0.106900023856695
3346,1666253387.219378471,75.682970390582682,336.738941747036279,14.186771224165700,0.065488722621132,0.992257060286582,-0.007788178167802,0.105244941929333
3347,1666253387.319192648,75.639238715765956,336.737212898490952,14.230529315390889,0.044142257732710,0.994454711216022,-0.013806617445106,0.094449276001685
3348,1666253387.420883417,75.592108413237128,336.741857377141002,14.250418058995376,0.031874887360054,0.996002395219041,-0.019440456516477,0.081149793124499
3349,1666253387.521666288,75.531194620637251,336.758826629169562,14.273607957167036,0.045177769824410,0.996061197859067,-0.028673879217180,0.070702672395693
3350,1666253387.622616768,75.459448140033317,336.775745553612182,14.316272261319449,0.064044044758906,0.994602580841376,-0.039129098668259,0.071644819435905
3351,1666253387.722012758,75.391171493747350,336.786727695950276,14.363385087363213,0.083948174416947,0.992517397979366,-0.036358844762080,0.080869976677985
3352,1666253387.822074175,75.328187296681207,336.794620855879202,14.398706918497890,0.101641301621822,0.990899358355659,-0.026785153460914,0.084083666481905
3353,1666253387.920664310,75.265545132762611,336.801389329450274,14.406751639914326,0.105937388976583,0.990565003008529,-0.026110989829269,0.082924427291797
3354,1666253388.020264387,75.192920640256276,336.808498292085972,14.416700389567836,0.100448165635475,0.991458113995136,-0.022401685410861,0.080119527609878
3355,1666253388.120987415,75.113589087482481,336.817095413029904,14.453623150794078,0.104386761954002,0.991434484654741,-0.015736771507495,0.076898768447022
3356,1666253388.221182108,75.041865211653715,336.826276909824287,14.494385814200072,0.098648482376378,0.991813713678848,-0.018494935358344,0.078942837860694
3357,1666253388.320711613,74.983030097487600,336.829962544201010,14.535462380365789,0.078808827970655,0.993851796963268,-0.020829471943508,0.074926012874896
3358,1666253388.421583176,74.929982892064544,336.830168273604556,14.555280391436993,0.074555439271130,0.994980915444027,-0.022934081856747,0.062677685555884
3359,1666253388.522375345,74.870509057136715,336.832452883953749,14.553448514340447,0.068371495285571,0.996229024389821,-0.022666047621394,0.048366516113380
3360,1666253388.624176025,74.794802255447891,336.836918981885503,14.543448456406150,0.068777597243492,0.996707489401582,-0.030464336378426,0.030261310236486
3361,1666253388.725239754,74.696737109621196,336.841661825604660,14.551583217297853,0.075549310820452,0.996115899409205,-0.042503289319483,0.015455968936647
3362,1666253388.827713013,74.581821032551758,336.843146999251871,14.559664155959748,0.081279409790893,0.995712891609743,-0.040699418904284,0.017118771190178
3363,1666253388.924539089,74.466284103680920,336.847908049413661,14.553905475910689,0.098433081038416,0.994218216775496,-0.034175243862170,0.025944531138542
3364,1666253389.024648905,74.339300304940480,336.861033752846026,14.530844041369193,0.110187057184084,0.992857615425425,-0.029836270511496,0.034675133493818
3365,1666253389.124800205,74.203443815704688,336.884877659232416,14.509044517190294,0.099177934479244,0.993925020597116,-0.026368039504583,0.039768294357914
3366,1666253389.223230362,74.062496999221693,336.919817279646736,14.517090610079018,0.090152605884745,0.994987956996771,-0.022460596148483,0.036972891477896
3367,1666253389.322559834,73.918599723561101,336.958320589825234,14.537537898260377,0.079738897381935,0.995683755840047,-0.020498971038298,0.042841087602234
3368,1666253389.424141407,73.780120759920237,336.994482797737135,14.545497800140817,0.071746157636149,0.995857093243755,-0.026571985390814,0.049143344340195
3369,1666253389.523254871,73.651403388384210,337.025929072281997,14.529937621325741,0.058342671188351,0.996641218451594,-0.029159395189032,0.049519128366116
3370,1666253389.624158621,73.519010713272422,337.060316666827987,14.506628709586122,0.070250255143893,0.996126926034740,-0.031368412074275,0.042568434370281
3371,1666253389.725088358,73.375337198314057,337.098578904070735,14.509998560174708,0.075679662103793,0.995923440260986,-0.038410257093449,0.030557192812706
3372,1666253389.825072765,73.221526645718484,337.136408940266563,14.532345468871830,0.091857825247625,0.994211858844527,-0.043978834808628,0.034216688363457
3373,1666253389.925022602,73.068620460263944,337.171741417102510,14.543285562414020,0.113380441731113,0.991664537655111,-0.038636285037510,0.047471651210300
3374,1666253390.026477337,72.917515597633610,337.207860712973456,14.525777553382989,0.133108639914184,0.989037989026304,-0.034478376581534,0.053825531035954
3375,1666253390.124422073,72.768531909740076,337.243461633128334,14.497092036100417,0.120071123689582,0.990880502857851,-0.032236873901015,0.051957081068743
3376,1666253390.222978592,72.607164304566567,337.283297406715519,14.503831571907794,0.120473173162360,0.991342789657040,-0.024040084184540,0.046343956408477
3377,1666253390.324583530,72.432570836981910,337.320005106674500,14.529194167521105,0.118271471472276,0.991141297338349,-0.018438100703435,0.057539761805960
3378,1666253390.414510489,72.286406388482561,337.344929314836520,14.538156584830281,0.106550149498213,0.991959544032154,-0.017084395371133,0.066116957584517
3379,1666253390.515547752,72.132591835105927,337.368837322173249,14.521060780677880,0.102354386897000,0.992301888242500,-0.009797456670249,0.069025733723757
3380,1666253390.618117571,71.978378097002818,337.396961624861319,14.499446252049168,0.108823216455700,0.992218069010258,-0.008366086934704,0.059923448492153
3381,1666253390.716388226,71.821897474255721,337.430919181316767,14.517581514921430,0.106483632560628,0.992881842579690,-0.016182098423086,0.050843115196441
3382,1666253390.817259789,71.661041658085821,337.466731967691601,14.547151409991764,0.121618841046523,0.990734389245578,-0.018513871755511,0.057545321454591
3383,1666253390.919671774,71.508638875718944,337.501308312229753,14.553966895010111,0.135836797247641,0.988564985159796,-0.016295201752654,0.063420036497588
3384,1666253391.015957594,71.372068773034130,337.531789883672957,14.532079363519786,0.131307585501570,0.989417429579765,-0.018338847594385,0.058950442767036
3385,1666253391.115433931,71.228055646645970,337.564374897643461,14.516129309341125,0.114715477452060,0.992153990794042,-0.015186611444452,0.047330588600166
3386,1666253391.217193127,71.072414402475232,337.599419984303040,14.533625659768134,0.107233001632469,0.993519141219805,-0.010799412340337,0.036113322802758
3387,1666253391.314981461,70.917790380155267,337.626226092908098,14.555810752857941,0.096288518250953,0.994442483829048,-0.010335434958253,0.041301893336422
3388,1666253391.415884018,70.760816990489360,337.646731930717351,14.559643000825814,0.075994599637321,0.995992698052223,-0.009759351756508,0.046131565179481
3389,1666253391.516358852,70.605700320722264,337.667729718401745,14.532874946895108,0.074582401345530,0.996121995377986,-0.006825124620230,0.046171998090092
3390,1666253391.616823912,70.445277361888841,337.694967577181728,14.520059944190056,0.085614469610492,0.995480947358480,-0.008332876859737,0.040229456904331
3391,1666253391.722076178,70.267889777084790,337.729589417675641,14.546923154070866,0.100847881006494,0.993633293593250,-0.013569107764130,0.048357647523591
3392,1666253391.823078871,70.106090668840238,337.764441127656312,14.565119569093943,0.117654010748609,0.991019901837725,-0.014316665703846,0.061904127483037
3393,1666253391.921419144,69.962452720072420,337.800953561004974,14.555629606980686,0.133216611623314,0.988774136873853,-0.017417957967065,0.065388495755958
3394,1666253392.021043539,69.824684934644395,337.836163792731099,14.531954807957211,0.115424699336027,0.991362803202491,-0.024005733107613,0.057451335821308
3395,1666253392.120426178,69.691468068490039,337.868808867717746,14.537423960761554,0.100435725402637,0.994023225260411,-0.023919725918446,0.035473080183746
3396,1666253392.221251249,69.553708841894633,337.895795248910531,14.561486584239690,0.093663562965865,0.995174423361517,-0.021638799783472,0.019666377489073
3397,1666253392.320249081,69.411291312134338,337.915848442706249,14.583187132984566,0.076581654036280,0.996716355135845,-0.018117544626435,0.019065997128204
3398,1666253392.420997381,69.261009984984597,337.933527149049496,14.573183304285061,0.072955075003076,0.997091639027410,-0.009953664320939,0.019665832794822
3399,1666253392.521876812,69.101580143445830,337.953409180816607,14.540080896709680,0.087557707598845,0.995947944709174,-0.001974454435455,0.020431368022956
3400,1666253392.622986555,68.935916464442073,337.979303187487460,14.535862451908137,0.108999297167827,0.993909488399389,-0.001053299633947,0.016185569080681
3401,1666253392.722994804,68.772064912465339,338.009064675906814,14.558533549593864,0.122848419681740,0.992153083651182,-0.003295901236535,0.023014374164620
3402,1666253392.822932959,68.616219208359553,338.041432532046883,14.571455636293967,0.133281981691633,0.990540053961891,-0.005571699828113,0.032175627648124
3403,1666253392.923067570,68.464923724077906,338.073226551866583,14.546319660876653,0.122838192984935,0.991805567260441,-0.014526346760875,0.031960606145280
3404,1666253393.023346901,68.307529585477866,338.099615064728312,14.518512605002897,0.099322807743188,0.994500654452877,-0.017122726139747,0.028464722102156
3405,1666253393.124628305,68.139994113611820,338.122409266587056,14.535778437982160,0.098683427592012,0.994839375980522,-0.008833420521271,0.021867048252408
3406,1666253393.215979338,67.990147610810766,338.136983143103862,14.559403096938119,0.080304654334495,0.996380578080794,-0.007498325618514,0.026845506672791
3407,1666253393.316660166,67.832299198480911,338.149543704847986,14.569624959676732,0.056642702738187,0.997874697082279,-0.004145263875305,0.031945421219117
3408,1666253393.417750359,67.674245748638327,338.164516485129582,14.544710801237386,0.041883549384435,0.998594442964765,-0.003420651010137,0.032298698387374
3409,1666253393.517225981,67.511705489432529,338.185446620537618,14.523045398166831,0.049136946549046,0.998297889309768,-0.009315823206447,0.030001668645009
3410,1666253393.617986441,67.345013383156783,338.209038868456389,14.535674939558360,0.066548963648545,0.997336763593104,-0.016377074563963,0.024948083126062
3411,1666253393.718953609,67.179584320525365,338.234005290867742,14.555191385322223,0.085709945970684,0.995506332474788,-0.016294020766244,0.036816464408857
3412,1666253393.821758270,67.015670963956381,338.262700950783767,14.557400884107789,0.096705883703889,0.993986235157881,-0.024890657903649,0.044942090770616
3413,1666253393.920834541,66.860529930217140,338.285784951278345,14.527340978397936,0.086671372495134,0.994688459359287,-0.032201203911560,0.045233002043905
3414,1666253394.020346165,66.701216702034699,338.300819977322760,14.514470161221480,0.072752616494134,0.996177881110885,-0.028019159336088,0.039390515213476
3415,1666253394.121525288,66.532404191051654,338.309149935530002,14.539353093239246,0.074170713410891,0.996365077984247,-0.018030718430593,0.037818379637983
3416,1666253394.221279621,66.369276357880267,338.313114394249567,14.561415063909239,0.058665007758296,0.997169502267919,-0.014048238277500,0.044878141815011
3417,1666253394.323176622,66.208069066978325,338.315379037657920,14.554378894108394,0.037404996853752,0.998086170346784,-0.013572492017293,0.047335507109374
3418,1666253394.422239542,66.053141822387204,338.320045654702881,14.525924306583311,0.043360680126065,0.998098469547368,-0.008791151058212,0.042918669239368
3419,1666253394.522892952,65.886646708352870,338.332567686219534,14.527633458220544,0.058200729056389,0.997664496844305,-0.011641133837879,0.033804006813881
3420,1666253394.623580694,65.711521319575866,338.351373163132905,14.555163468600659,0.074291535316046,0.996253248170384,-0.014234904783210,0.041923749547935
3421,1666253394.722854853,65.544036594644609,338.373611870104469,14.568641953269308,0.094253248074225,0.993867228856839,-0.014564794688536,0.055965376685660
3422,1666253394.822645187,65.383991862481324,338.399376946187942,14.545013980005971,0.101450931673568,0.992776704869873,-0.018152478137691,0.061421578193197
3423,1666253394.918821812,65.232670341674634,338.424191819811540,14.517098255969701,0.080297124630236,0.994977325038878,-0.022495019085233,0.055375703615845
3424,1666253395.015762091,65.078314936568219,338.450624271676190,14.526465896936475,0.077427942905298,0.995865477190479,-0.023508634296867,0.041282067670233
3425,1666253395.116597891,64.912586240972658,338.473751311658987,14.550289837505840,0.067235039868166,0.996495642027161,-0.023037280637478,0.044104064842519
3426,1666253395.216993570,64.749287785404263,338.493652636718934,14.560244101828586,0.053378917899035,0.997061190009358,-0.020489944696773,0.050988593502616
3427,1666253395.316375494,64.589723907528850,338.513768837364410,14.534412397852090,0.062623666605178,0.996494216344562,-0.015063448544151,0.053391438365330
3428,1666253395.417499065,64.424074255367813,338.542983186939750,14.511872407752810,0.087831945940884,0.994809164707170,-0.011759457394789,0.050019898526903
3429,1666253395.518282175,64.253168892701225,338.581810939597347,14.532216984261087,0.086962826027860,0.994888861048252,-0.021895467640089,0.046413463005712
3430,1666253395.616546869,64.090969015513124,338.620808926775283,14.556807552511684,0.103147190734301,0.992755236312184,-0.029534612631259,0.054087008376165
3431,1666253395.716798782,63.933491092899317,338.660247780772011,14.560021943652877,0.117910740188628,0.990719475706499,-0.032603910454851,0.059236499112130
3432,1666253395.816983700,63.781074358058468,338.697722893095715,14.535773644901797,0.119071489900910,0.990822357447885,-0.032766610867720,0.054948935262085
3433,1666253395.915998220,63.631176678010533,338.736514295711288,14.530218024215914,0.103699437345243,0.993312990027736,-0.030872456947468,0.040281781719111
3434,1666253396.016361713,63.476676825833337,338.776449536032089,14.553666188625286,0.098050588247040,0.994306769915347,-0.029353282877144,0.029639740708277
3435,1666253396.116883039,63.317671850577234,338.809854026977462,14.578967802403767,0.076722379546209,0.995956948726734,-0.030902478152707,0.035049530720445
3436,1666253396.217317820,63.158015210178888,338.838373121558902,14.572882798228550,0.068201341092896,0.996588745292500,-0.026418674618815,0.038229614971067
3437,1666253396.319314957,62.994015549946596,338.866506686407206,14.538974646594014,0.087080353413232,0.995312115300382,-0.018056345102833,0.038010177416489
3438,1666253396.420161486,62.826884180090900,338.901014739342031,14.537780353574799,0.099999700848707,0.994317460198188,-0.018364542896067,0.031552998897288
3439,1666253396.521345377,62.656956571780405,338.941103658844725,14.564170744133188,0.113261953350053,0.992575816318014,-0.021838235166208,0.038575513849891
3440,1666253396.621332884,62.496067690808793,338.981587958216153,14.579086747513886,0.121268981336292,0.991086072411703,-0.027348933662389,0.047898507959352
3441,1666253396.721385002,62.341564647079096,339.017309302477599,14.555919300174507,0.112275873061387,0.992134039101839,-0.030491189548413,0.046200261294679
3442,1666253396.820906639,62.187074663604164,339.048296607938141,14.528842977096868,0.087682125929580,0.994904506996280,-0.031503812754092,0.038527607412261
3443,1666253396.921246290,62.028037197019970,339.076119523117995,14.543417209233727,0.079789359266506,0.996148863845659,-0.025481070143193,0.025919380224106
3444,1666253397.022482634,61.864332131436996,339.096474829243675,14.568853657801574,0.066258041733344,0.997210532677219,-0.018658911271870,0.028859495030725
3445,1666253397.122583151,61.703624623134147,339.114021961578089,14.575638894536544,0.042419115991153,0.998349381251053,-0.019589176452115,0.033397540629468
3446,1666253397.223590136,61.540955773036998,339.134467344868028,14.544093639820801,0.043376065788584,0.998363992125410,-0.014448114714432,0.034338143882813
3447,1666253397.324424028,61.369628102844942,339.161994203752215,14.524659144041559,0.059164941490205,0.997656524285866,-0.012185854385035,0.032132136580277
3448,1666253397.424965858,61.190434797550367,339.195475152158906,14.543788926883106,0.072934657558492,0.996665964677806,-0.016461244607476,0.032657587260183
3449,1666253397.517050982,61.029142316512512,339.228494011953160,14.566128882185298,0.089496113365939,0.994714390713738,-0.020937218212009,0.045775096864245
3450,1666253397.616633892,60.864888188140220,339.264107235220024,14.563676651109983,0.097790194372671,0.993599375713584,-0.022418673496275,0.051911092695093
3451,1666253397.717131615,60.705241136177968,339.296688581439014,14.530839012324085,0.086575334572236,0.994793597124548,-0.024928179572177,0.047633983949747
3452,1666253397.817292452,60.540479584930793,339.329232910075746,14.526321095984249,0.068340863868350,0.996634590676265,-0.026117663822304,0.036971429912103
3453,1666253397.917273760,60.365272979290054,339.359770141545880,14.549605032696876,0.061955744895241,0.996932497930497,-0.027401873104453,0.039194611809580
3454,1666253398.020613194,60.183753246825177,339.383384240730948,14.570736804263939,0.045423710833974,0.997187363437270,-0.028646628433191,0.052282113332452
3455,1666253398.119956970,60.016334829268828,339.400358077860176,14.558673234527143,0.038882480477450,0.997183669133126,-0.027262088181446,0.058048783571262
3456,1666253398.221342087,59.848388232837415,339.419915123203339,14.527043409404321,0.054215677835064,0.996726022128613,-0.021588663485819,0.055962725965167
3457,1666253398.322635889,59.675393987804696,339.446897848463323,14.530919084739907,0.067316544658335,0.996186502930198,-0.027833828017406,0.048023038355181
3458,1666253398.421546459,59.505030264143905,339.480100706780206,14.556476546180393,0.093250244596773,0.993656556408474,-0.027612647846820,0.056467525782372
3459,1666253398.521332741,59.340525377761125,339.517405788881717,14.570505464401432,0.109195914674886,0.991475542836026,-0.030843387780608,0.064040499736792
3460,1666253398.621527195,59.184259388411007,339.552390181788610,14.546729441428159,0.106966591994123,0.991715883208838,-0.038194068637154,0.059991401962425
3461,1666253398.719473362,59.031680377150018,339.583133051857317,14.520996675059896,0.087128276226435,0.994233735046215,-0.040364371528845,0.047735323283125
3462,1666253398.819496393,58.865842312969122,339.609630171928131,14.536809832513212,0.077894690489807,0.995378034015403,-0.040020566384006,0.039412445489098
3463,1666253398.920873880,58.695598828691729,339.627241558285903,14.561545297152582,0.063090956106441,0.996126796130985,-0.038112955823408,0.047941004221836
3464,1666253399.020249367,58.535343244758039,339.640922920515891,14.563181764306036,0.058352776766278,0.996318979685718,-0.031662345277409,0.054230434750325
3465,1666253399.121060610,58.377222409358112,339.658154705957372,14.532575183021189,0.066912329793030,0.995993857174142,-0.026714141560668,0.052965377688831
3466,1666253399.222488165,58.218182741570097,339.684186739107304,14.517414819944248,0.081054648882019,0.995379431213420,-0.028945299613652,0.042568784832749
3467,1666253399.321410418,58.062265512049365,339.712855995875941,14.536684490640766,0.097671139459044,0.994201896351942,-0.029655996685610,0.033815080475389
3468,1666253399.422761202,57.903117284595098,339.747785643688758,14.561891745649813,0.118851054393191,0.991630283875398,-0.030131116951102,0.040446542028995
3469,1666253399.522623062,57.752011361335072,339.783958282943729,14.553665701840810,0.122981029858536,0.990890289897279,-0.037475154620427,0.040096289957990
3470,1666253399.621913195,57.603235059277118,339.816442407629609,14.519232702737936,0.105416762370906,0.992993647410508,-0.041742946957918,0.033293374609387
3471,1666253399.720752716,57.446182645221789,339.846878811652402,14.518978810635950,0.092511653603449,0.994752906134683,-0.037927278385833,0.021674206753703
3472,1666253399.821430922,57.274433008476947,339.872673839727554,14.547872970068065,0.090693757464191,0.995070367089992,-0.030095715475726,0.026530262087280
3473,1666253399.921771288,57.106600871153468,339.892321326216802,14.568315593464705,0.079329661761695,0.995805939582146,-0.027400162436652,0.036422061393328
3474,1666253400.021599293,56.946665770472201,339.907083091879485,14.551702988807333,0.073205799369052,0.996358089845500,-0.021518722407015,0.038058012614097
3475,1666253400.122848749,56.784966058784015,339.922882219362180,14.517665854292950,0.084197950525333,0.995785758445306,-0.015615390701668,0.032826635192695
3476,1666253400.223988533,56.615515119518207,339.946457893454237,14.525305795364243,0.101918028154329,0.994405209694521,-0.012011065712618,0.025034551523382
3477,1666253400.324894905,56.444482835083534,339.975163029639248,14.550070389500737,0.116635215119134,0.992520168309421,-0.013382124503082,0.033479259802699
3478,1666253400.423907280,56.284059326682375,340.007164250151050,14.553791005653880,0.125852441755673,0.990988115450942,-0.015023842586269,0.043335921509395
3479,1666253400.523792028,56.128056201027164,340.038990923503206,14.519224298825563,0.111015712510982,0.992595863863568,-0.023196434802459,0.043484342343781
3480,1666253400.622034311,55.971911139366213,340.071203478796406,14.494897940495772,0.088437686080687,0.995008311781576,-0.026550293424352,0.037845965245349
3481,1666253400.722703218,55.799315481528886,340.103996891718452,14.516531365534895,0.083632998269559,0.995604385239997,-0.024560771743930,0.034266575298316
3482,1666253400.823367596,55.625905338238837,340.130763491206551,14.539271892722327,0.065291768439264,0.996394107430799,-0.029986967958064,0.045128144255407
3483,1666253400.922863960,55.460649961990249,340.151562884129703,14.536107484839237,0.050794321739401,0.996729370722654,-0.031897925468071,0.054157370400426
3484,1666253401.023827314,55.297853359399447,340.172054798811075,14.507274067475365,0.058137368828325,0.996276156607641,-0.030929248109147,0.055652922045747
3485,1666253401.124265432,55.137895445818081,340.195228803988186,14.498298347084384,0.064767424697309,0.996321693216089,-0.034938217976935,0.043904273706546
3486,1666253401.217918634,54.988891223608398,340.217426802910950,14.515572211912982,0.076220010298195,0.995730807406157,-0.039676739595354,0.033710911401332
3487,1666253401.317108870,54.830799164425898,340.243613453090347,14.542477416196796,0.094789225113514,0.994005876672551,-0.038233046406171,0.038801470401469
3488,1666253401.417449236,54.676710464451489,340.271205888591169,14.541522191014879,0.103819651920644,0.993037724092082,-0.040596117628159,0.038072478755862
3489,1666253401.517486334,54.528431781215495,340.296443806683385,14.510515686401826,0.091989512894861,0.994460839635994,-0.041395564882673,0.029529225453526
3490,1666253401.616654634,54.377222072938402,340.323212300672196,14.506131768114194,0.075973441869965,0.996250946271091,-0.038437080913555,0.015319236117774
3491,1666253401.717780590,54.211446802577200,340.347727522326466,14.534965008001613,0.068147783918373,0.996839844473606,-0.037155064059283,0.016902817268197
3492,1666253401.818687439,54.048520367329211,340.365726012326775,14.554090873296287,0.052039861452268,0.997685156476815,-0.036887258369281,0.023569292222278
3493,1666253401.919552326,53.890956782635563,340.379801560398619,14.535760154995675,0.049262344631426,0.997912514241173,-0.033775882948499,0.024556568435439
3494,1666253402.021945000,53.732602579587287,340.397203706815560,14.503825198629558,0.064822239865588,0.997219327392673,-0.031674579443654,0.018665779125977
3495,1666253402.119621277,53.578212920667475,340.421113062537131,14.506553677711075,0.070969558238308,0.996789400138994,-0.036567422407004,0.006085818967965
3496,1666253402.219841719,53.416398103105905,340.449746090908718,14.530832687417684,0.088415110784735,0.995241744392344,-0.039506253562818,0.010765423040335
3497,1666253402.320794582,53.256490605153218,340.482385968439417,14.539662024328797,0.106082270732617,0.993386609458394,-0.039173583931000,0.019875268726977
3498,1666253402.418929577,53.104189642871489,340.511355811848205,14.511334842794811,0.099690794893416,0.993713200315988,-0.046826819193402,0.020076601692137
3499,1666253402.518504858,52.948768265162805,340.538194922235050,14.487569991877168,0.088829998389667,0.994962672852238,-0.044149973323562,0.014466888827595
3500,1666253402.617872238,52.787007151313013,340.565333674271642,14.504471527276353,0.083401363049736,0.995686987206299,-0.040047119834447,0.006918406063190
3501,1666253402.718764067,52.618438167202683,340.586058095296778,14.530054415322320,0.070549650510478,0.996647383647742,-0.037587231558747,0.017433860866417
3502,1666253402.818753958,52.455034407960426,340.601510406173929,14.530515246660981,0.061774843750799,0.997152691244407,-0.033720425167269,0.027079733199194
3503,1666253402.920445919,52.292019094762495,340.619223053146584,14.498919927597861,0.072563607413708,0.996617920407964,-0.023153277404901,0.030841033481817
3504,1666253403.020030737,52.130984292431904,340.645235006391204,14.483101935253657,0.089132386063989,0.995324696254771,-0.025493209612086,0.027097288490953
3505,1666253403.120458126,51.965980094132810,340.675216731588421,14.504024747486238,0.095818223495875,0.994672555914576,-0.029257929808972,0.024276492739946
3506,1666253403.220081806,51.805438107976300,340.707378780769034,14.525030800201673,0.115248145377781,0.992100094880351,-0.033890882611426,0.036147957081965
3507,1666253403.322079897,51.648232679065202,340.741270777680654,14.522081599576671,0.125011863982256,0.990535946272938,-0.037558059582662,0.042425996337653
3508,1666253403.421557665,51.501751246381353,340.771993325800111,14.491113972945742,0.117867657736202,0.991441901855540,-0.040290179648440,0.039075208620660
3509,1666253403.521674395,51.354720703601814,340.804356996133322,14.484905196935083,0.109186432623594,0.992901227766671,-0.039566114409792,0.025690414961277
3510,1666253403.623365879,51.198684081139447,340.834705011017149,14.506693282377354,0.099536798651688,0.994038555743078,-0.040518312864736,0.018385911263356
3511,1666253403.722419739,51.040695561019476,340.854524736396968,14.526108352820405,0.080132560937458,0.995580805744169,-0.041162640145157,0.026519218836085
3512,1666253403.823094606,50.878149869629645,340.870309809750552,14.512440182528483,0.077915934881534,0.995761660907107,-0.033224476289762,0.035832330852560
3513,1666253403.924457788,50.714275817211941,340.890841412546820,14.483092535697569,0.093353788128167,0.994428762551839,-0.027556597750753,0.040461591319958
3514,1666253404.023169994,50.558809751987660,340.918413320054981,14.485511331168441,0.093306102819560,0.994550805935087,-0.035102910712163,0.030503299002385
3515,1666253404.123711109,50.403718822214230,340.944847071596371,14.508787819056520,0.107301218169622,0.993242682008561,-0.034910960340673,0.027141261279618
3516,1666253404.225009680,50.247421503703691,340.974072200913270,14.527872431107173,0.125506743733582,0.991012523917909,-0.032343096070614,0.033108289774848
3517,1666253404.315130472,50.106743835057209,340.998220794815950,14.510831273439713,0.121580925933405,0.991376596770171,-0.033884114682049,0.035247533215596
3518,1666253404.415172100,49.945740038722739,341.022285726094481,14.479501878836219,0.112142632271775,0.992600813400735,-0.029482650458763,0.036033714564039
3519,1666253404.515228748,49.779390566442579,341.045289161947721,14.487378112237350,0.105350708972770,0.993702938958994,-0.023128902754450,0.030343880446780
3520,1666253404.614391804,49.613736259974068,341.062177705844874,14.509267945980522,0.091577912854153,0.995011036777420,-0.017383915814650,0.035557306413029
3521,1666253404.714655399,49.453010513431586,341.074152348322343,14.520948784195603,0.069806204201973,0.996579199010881,-0.017336049825681,0.040699574078673
3522,1666253404.815118551,49.296744963636669,341.083851319729661,14.501782462496980,0.055208771174357,0.997578278032741,-0.014459262858636,0.039755509055153
3523,1666253404.918053865,49.133409108105347,341.097634402284314,14.477807853724304,0.066847630222519,0.997096032205697,-0.013862885210822,0.033744885640944
3524,1666253405.018656492,48.965133656621916,341.116545324807930,14.489272129566645,0.080553128590661,0.996187260720939,-0.016747396595188,0.029011372922562
3525,1666253405.120492697,48.793382527344853,341.138818582940530,14.511890944732050,0.103186189191516,0.993608721690696,-0.015647323086651,0.043005578946651
3526,1666253405.219197750,48.636326364473746,341.163520055436550,14.512003617242753,0.119946040738341,0.991243788979193,-0.014207594994146,0.053355809110647
3527,1666253405.318099022,48.487495201264323,341.186653164276095,14.482682160942447,0.106573248296162,0.992698888658734,-0.019059253476214,0.053177100901118
3528,1666253405.417690039,48.338915806090569,341.208985703236010,14.467365737515552,0.092859455267985,0.994555526109535,-0.018264129720839,0.043621653084898
3529,1666253405.517294407,48.181674715005428,341.229979580749784,14.485278142158251,0.085850447811303,0.995480120304292,-0.016550232465049,0.037082617152837
3530,1666253405.617325306,48.020187323977673,341.244219817467354,14.506350987860447,0.065651807352947,0.996627400217734,-0.018976355143508,0.045426460042577
3531,1666253405.718268156,47.861632249442557,341.255607586765336,14.500584793394657,0.057058343919065,0.996930538941226,-0.016209881725327,0.051098783253826
3532,1666253405.819829464,47.704504464755189,341.269900589355416,14.472620367978383,0.071509016003354,0.996110567810357,-0.012572962780495,0.049921117111698
3533,1666253405.919899940,47.549221125250931,341.289132004697137,14.471084750836367,0.082991467394875,0.995564066061885,-0.019481795130525,0.039812891937975
3534,1666253406.021089554,47.391096385086733,341.310478602081162,14.499371247316189,0.100261349283774,0.993883650636153,-0.026755590809347,0.037776834149960
3535,1666253406.120408773,47.241303008186911,341.331848702067418,14.522133666365354,0.115369129505573,0.991999456610092,-0.027113701299295,0.043495853184657
3536,1666253406.218976021,47.100287141039729,341.351850785125578,14.509205847621878,0.122779311398645,0.991116353602814,-0.030101746504110,0.041321896991058
3537,1666253406.319313049,46.957096230841877,341.370011230496459,14.481756934957563,0.105106771554756,0.993393455992197,-0.033191448541668,0.031942697270589
3538,1666253406.418197155,46.808133442388183,341.390223843037631,14.487739411575493,0.100601756490793,0.994338290893080,-0.028522205970150,0.018897979293863
3539,1666253406.521253586,46.644294002694274,341.408229803356619,14.512495071827027,0.089732378117033,0.995303362856775,-0.027924169058893,0.023228365974125
3540,1666253406.622297287,46.487054385993986,341.422424002370064,14.527830140006655,0.080966232710562,0.995944248281804,-0.025512241697198,0.029810216346678
3541,1666253406.723224163,46.334482628277904,341.435978401094019,14.509192855850854,0.081243445696370,0.996045139851360,-0.019360776485078,0.030310761187412
3542,1666253406.823586702,46.180946756522616,341.456029181096369,14.484403939421085,0.096469989609474,0.994815394834107,-0.020935003769577,0.024445795609380
3543,1666253406.924428940,46.016992048953455,341.486841189763368,14.496703100072532,0.114163043552651,0.992877843925066,-0.026659818363477,0.021204730942289
3544,1666253407.025711298,45.850295910483922,341.522277154564847,14.516767884053685,0.134941301101475,0.989799039503474,-0.029375528027957,0.035011212605693
3545,1666253407.123929262,45.696084459669343,341.560605080952655,14.514995940630426,0.156240823331677,0.986017269374923,-0.032161849022623,0.048211669609196
3546,1666253407.224463940,45.543302000370495,341.597551646666091,14.486193335817033,0.147911587523705,0.986947700355920,-0.038483091060835,0.050748898912022
3547,1666253407.325717449,45.388536770377812,341.633374696412091,14.470508331589235,0.136821134941443,0.988883306226747,-0.036812491215235,0.045106808686956
3548,1666253407.414838076,45.244022644917457,341.664997879115504,14.486926191128351,0.132095466535409,0.989850093651504,-0.034255659917515,0.039675301920929
3549,1666253407.514962435,45.077655012456056,341.694116540816594,14.510787263636477,0.111566351062914,0.991900456135236,-0.036193672847795,0.048748871525452
3550,1666253407.615992308,44.914624061661961,341.717286463655000,14.513974738379726,0.100580101581950,0.992769147191338,-0.033720002931170,0.056178509708516
3551,1666253407.715154409,44.758374954178549,341.738477797823066,14.488566756292450,0.113665445972616,0.991442469799235,-0.028351463741099,0.057603732292065
3552,1666253407.816232681,44.597222562366333,341.763778404131301,14.477799685910535,0.125798768282547,0.990451678760108,-0.026999710795181,0.049509166392235
3553,1666253407.916848421,44.431384717861370,341.795767632413060,14.500301906982125,0.138384494533106,0.988568855760780,-0.031477848900456,0.050896896970635
3554,1666253408.016420364,44.270546668778763,341.829256585510109,14.523003485062880,0.157426072305556,0.985169231817450,-0.027924518834436,0.062280315401628
3555,1666253408.116372585,44.118227502285066,341.864088105202370,14.517068066650973,0.169865169946367,0.982734595617530,-0.029627098104054,0.067087805698755
3556,1666253408.216089010,43.968094099884517,341.895730482561419,14.489792454310782,0.149926998126905,0.986040232171092,-0.035599758996747,0.063081002940730
3557,1666253408.316897392,43.808237587385989,341.926750764818507,14.489193879208859,0.140127784304940,0.988158699506788,-0.032383955866627,0.053459031578121
3558,1666253408.415898323,43.639362815757309,341.956146888374178,14.514063478446179,0.133433783011202,0.988736194765845,-0.032354544835957,0.059576389112931
3559,1666253408.516932487,43.470776825377619,341.981454347650640,14.533357675192784,0.106310929687111,0.991134070284487,-0.036768807893050,0.070705697906831
3560,1666253408.615839720,43.314683843016404,342.001423119481331,14.520019525361551,0.095864881141474,0.991823475645869,-0.037568195506750,0.075397270559658
3561,1666253408.716827393,43.160469071114584,342.020596253202427,14.495980856995969,0.107866946021465,0.991116655823162,-0.035484069636397,0.069234220642349
3562,1666253408.818181276,43.003291139221254,342.043558964444514,14.506210548767852,0.117242693120165,0.990832033602137,-0.036346908507767,0.056435222509646
3563,1666253408.917462826,42.849119867845396,342.068705296142753,14.533171544626860,0.133219435727400,0.988770242984009,-0.030287095097805,0.060569632691249
3564,1666253409.018578291,42.701704427140456,342.098840405433464,14.548096404165753,0.155480454471592,0.985361210717540,-0.028405420948811,0.063892446746798
3565,1666253409.117145538,42.567352753803881,342.129190765538624,14.533687950868995,0.149486436697068,0.986783847110480,-0.027874608805325,0.055986163553195
3566,1666253409.217487812,42.433255844501353,342.159309535766909,14.518526005167800,0.140291385817401,0.988984972686432,-0.025487176518717,0.039717183925284
3567,1666253409.317816496,42.286127377665508,342.186672140928636,14.543144047420448,0.134244175122912,0.990187059106730,-0.022579978105354,0.031594841539351
3568,1666253409.418073654,42.133410393125324,342.207820054257922,14.573226706539138,0.110900761799613,0.992836436759446,-0.022004365356566,0.038634683644715
3569,1666253409.517761230,41.986611053631343,342.223359543984770,14.578684930873216,0.099882534646894,0.993782099961775,-0.020566838374285,0.044694767337608
3570,1666253409.621368170,41.840261963570200,342.238671968686049,14.550735277285112,0.107740859432891,0.993082809108184,-0.017330837209595,0.043336861262380
3571,1666253409.721845627,41.697167093362239,342.256906405239988,14.536207996072269,0.116263945316960,0.992466120461115,-0.017033104791194,0.034692478974144
3572,1666253409.823240519,41.546985195686524,342.282556250683854,14.554559068285259,0.130845233631699,0.990604564954676,-0.023074242504325,0.032399074981780
3573,1666253409.923939705,41.400332084819375,342.313185936647812,14.573959029630045,0.146865200231015,0.987841173845979,-0.025490793346085,0.044166137144753
3574,1666253410.022443056,41.268003997550302,342.345807860193531,14.574012658925204,0.152904305320798,0.986573221290347,-0.030172018781406,0.048818047173218
3575,1666253410.124075651,41.140990045928724,342.374330714243911,14.552805430402637,0.142554916772501,0.988279371437544,-0.035592187432365,0.041414682043655
3576,1666253410.214336872,41.028000160387379,342.395082375937932,14.545199248680232,0.140522995680852,0.989190226331503,-0.031869697341984,0.027208568621653
3577,1666253410.314455509,40.893022358519865,342.416795667382758,14.564950947197989,0.139778006987332,0.989699914278461,-0.024902979791498,0.018331122097701
3578,1666253410.415123940,40.753660742604644,342.434885612123594,14.586076930628105,0.129292620451932,0.990998041475262,-0.022101522782873,0.026792214905577
3579,1666253410.521828175,40.612769307688332,342.451021306875475,14.589429396590853,0.128530549060724,0.990926614215770,-0.018351261155829,0.034750171381006
3580,1666253410.621996403,40.487591041668068,342.467115186660408,14.570648558772241,0.141150972995208,0.989221985601283,-0.015796170788318,0.035591389604618
3581,1666253410.722842455,40.364772356184609,342.487182846634255,14.558127892501174,0.156904404457509,0.987048643563396,-0.018263567050220,0.027971864794778
3582,1666253410.815613747,40.253669007403552,342.509267151741994,14.565779965979992,0.174651907699437,0.984126740357353,-0.022676213968542,0.021841688822327
3583,1666253410.915538073,40.136937672570546,342.537894959054768,14.581514382124784,0.191303524408325,0.980678957365855,-0.026252387295489,0.031345753939900
3584,1666253411.015253544,40.028316065650188,342.571600240235114,14.586922086833319,0.203313008261625,0.977741519387316,-0.032368260624365,0.040467735814400
3585,1666253411.113775015,39.926252352657130,342.602620732364699,14.568884750994592,0.188875689837589,0.980290783690814,-0.040016557417421,0.041888283942933
3586,1666253411.213643551,39.825110045801082,342.632811493121494,14.547376170680691,0.180797121060681,0.981860602960844,-0.040485652799850,0.040287334075450
3587,1666253411.313598871,39.724798172526228,342.663657606516324,14.545238858623707,0.163770519303790,0.985072594711318,-0.042406676340405,0.031825680785173
3588,1666253411.413436413,39.617437293583492,342.690032070588757,14.549629778367503,0.139735413117114,0.988335532011608,-0.041390174533609,0.044201175735490
3589,1666253411.514289379,39.507784816175764,342.711345368279751,14.548029439336551,0.125484045002491,0.989164048781863,-0.034746811694631,0.067829920568596
3590,1666253411.616953373,39.408927752426159,342.729526487598889,14.535753763368655,0.125121657133385,0.987646434040969,-0.031477627386060,0.088928348778656
3591,1666253411.715493202,39.332248373763925,342.742417150845142,14.512291375801388,0.130826691704111,0.985965645196870,-0.027472060196983,0.100007045440857
3592,1666253411.815914631,39.270963667798654,342.749182409328739,14.478942213967773,0.142819263791255,0.984521338770632,-0.024064781303700,0.098697911306225
3593,1666253411.916213512,39.215726040365134,342.749151335490069,14.437918910387081,0.147751300269725,0.984719705657261,-0.024711035110868,0.088803261779240
3594,1666253412.015167713,39.157654288737866,342.743892308955367,14.400421479783581,0.152186856563306,0.984957226450589,-0.023021553894881,0.078539358339680
3595,1666253412.115272760,39.092495232203866,342.737780894140315,14.376655069463755,0.149302082715157,0.985109288854861,-0.018479730820475,0.083229061376355
3596,1666253412.214583635,39.029152869198100,342.740184472102044,14.366610474381691,0.156212415151675,0.983705761212004,-0.015271667171649,0.087678006892214
3597,1666253412.313884258,38.973688068199941,342.748383638616929,14.343536599615248,0.143737190813696,0.985830005283927,-0.016052375843069,0.084977302196951
3598,1666253412.415266752,38.927997495727105,342.759805058985592,14.304639721542813,0.125953748063977,0.989294309755713,-0.018414928574572,0.071367446634983
3599,1666253412.516146421,38.892216045687526,342.775834232037880,14.259654485360020,0.117339693899481,0.991525680630960,-0.018172645048268,0.052706506778921
3600,1666253412.615775108,38.855103644063611,342.796941308530052,14.222875319675536,0.108905991749381,0.992878064462445,-0.023907131621464,0.041965260966991
3601,1666253412.717897654,38.804928522749371,342.816493388563742,14.205591984958772,0.092123114216818,0.994438195687598,-0.033364380393861,0.038637092353369
3602,1666253412.818762541,38.749365683094801,342.827569911751482,14.182806196519566,0.104680212318080,0.993171155377026,-0.036256420584501,0.036586626552665
3603,1666253412.920287132,38.690204967279961,342.831300889964780,14.140812146494996,0.112881806532837,0.992340444627311,-0.036816960204532,0.034097670771653
3604,1666253413.024453640,38.630407088753877,342.830756701896917,14.086074037329938,0.117154629826248,0.991824397587616,-0.041983237514742,0.028223480083401
3605,1666253413.124103785,38.567881204026271,342.827570651713074,14.051812102134908,0.127821215490760,0.990522908317118,-0.037608551446633,0.033342192902526
3606,1666253413.230963707,38.494530492526664,342.830661908600291,14.039648654158317,0.142648782177248,0.988342186890768,-0.027900711107667,0.045305594301457
3607,1666253413.324655056,38.434534160755632,342.838317638230308,14.013577455094657,0.154279858000873,0.986545321487616,-0.020851820782933,0.049912479763726
3608,1666253413.423810959,38.377680157687188,342.850236878761223,13.968671863150808,0.152322294317418,0.987040372108406,-0.016789534767840,0.047616530787702
3609,1666253413.523997307,38.324664330037642,342.870296205270051,13.925788197972114,0.159354622015604,0.986381727127423,-0.014689075162896,0.037966088845756
3610,1666253413.613517046,38.274322055056722,342.894124690152069,13.894896332492280,0.150478118001425,0.987753961590244,-0.019856847347801,0.036113058288299
3611,1666253413.713704824,38.208003271933876,342.921483878495224,13.879425094845899,0.134166392521378,0.989369772057570,-0.036465051314809,0.042627846405361
3612,1666253413.814329386,38.141698165280552,342.942443803030869,13.849605839820182,0.141063292716939,0.987852554178857,-0.043854550213185,0.048220919482766
3613,1666253413.914936066,38.079372761070196,342.954932138970321,13.794487314699598,0.157594400393225,0.985274664266358,-0.046177902132357,0.047596662426795
3614,1666253414.015814543,38.018225555521269,342.959601317987563,13.737135419042074,0.164034837361696,0.984088652290078,-0.051942408639088,0.044317973220689
3615,1666253414.115735292,37.950653294830410,342.961309134541921,13.709085720837848,0.173052126476585,0.982456496445918,-0.047193329054951,0.051039041976269
3616,1666253414.221376181,37.876303032491158,342.969460578343785,13.698359482189440,0.183778415039219,0.980193712036874,-0.038836874964028,0.062749328220104
3617,1666253414.320611238,37.813682500411936,342.980753254063302,13.664948281790835,0.176070920684419,0.981717660665425,-0.035186979834694,0.063177069234488
3618,1666253414.421233654,37.757184635962581,342.995136522510734,13.611303653971568,0.159605895597909,0.984925698758683,-0.032882282103608,0.058017941524735
3619,1666253414.522162914,37.698465482438316,343.015613999511174,13.560935192143440,0.153744658722342,0.986183171794356,-0.029202743494236,0.054337200483491
3620,1666253414.622294188,37.632035146554941,343.038484675414281,13.538773590263640,0.137926848269443,0.988074977819938,-0.034651496758772,0.059019458697656
3621,1666253414.723426104,37.562519927380151,343.056016569138535,13.522625065554619,0.133708544158817,0.988081653226233,-0.038029409002409,0.066109271872951
3622,1666253414.824076176,37.497520453906084,343.067352624613250,13.482259104609447,0.149074363239882,0.985831556947353,-0.039701463433964,0.065854152128653
3623,1666253414.923770666,37.438234977360473,343.072357135046218,13.419894244042254,0.149544264095828,0.985891333951501,-0.045940190104396,0.059533936948091
3624,1666253415.024166584,37.373362068423511,343.071808804667171,13.371087677779045,0.163645703166468,0.983654996205806,-0.042189212548640,0.062153058002281
3625,1666253415.124171972,37.298771985900139,343.076567660451417,13.354570521131166,0.180032328706412,0.980288860646153,-0.033841118500249,0.074006006595859
3626,1666253415.222899437,37.230972369709725,343.084633699966787,13.330057916720218,0.182424121246960,0.979564177775566,-0.026322114092864,0.080514644107985
3627,1666253415.322645903,37.174388827153699,343.094139107423644,13.287513616111548,0.176565926687708,0.981301512322495,-0.021231300243118,0.073627761995613
3628,1666253415.421119213,37.125161601366557,343.107024104026948,13.237709979831868,0.171970750530048,0.983045283524148,-0.018284483509021,0.060940209762250
3629,1666253415.515027285,37.070393709993880,343.125867913656805,13.207395161528559,0.170659689348743,0.983225263454605,-0.025756293371439,0.058991228905473
3630,1666253415.615533590,37.001661928253675,343.147072635362633,13.197704276007057,0.149887475149864,0.985730897519092,-0.042497564388309,0.063736170974302
3631,1666253415.715344191,36.939536673315516,343.160244069280566,13.165348468045398,0.159939721968291,0.983933025315604,-0.049237453082971,0.062215434129258
3632,1666253415.816201925,36.883197560371428,343.163372803029858,13.105091392108816,0.162964676523231,0.983542745307472,-0.056002098575225,0.054313417438880
3633,1666253415.916289806,36.824814552468368,343.158931578676061,13.052241332037072,0.168952257929992,0.982569728880515,-0.059020968593427,0.050283075625133
3634,1666253416.016465425,36.755753528939479,343.157325611787144,13.043400242348110,0.171368640319064,0.982201929972479,-0.050808111841964,0.057712162016224
3635,1666253416.116045713,36.690049815891733,343.159617642710259,13.030786431007783,0.172854115454278,0.981951187717843,-0.042325175246425,0.064046071311180
3636,1666253416.217014790,36.633694581737331,343.164623758938205,12.985052624137657,0.166326888322134,0.983623185892684,-0.036128332290538,0.059291972486226
3637,1666253416.315940380,36.582532134705026,343.174814840464080,12.930506742115194,0.167315569838593,0.984177644400386,-0.027504415401400,0.051413728570498
3638,1666253416.415678740,36.525215962761166,343.189768810905719,12.894022846070772,0.164736378886354,0.984627419874787,-0.024185702607687,0.052780879980397
3639,1666253416.516052485,36.460018580824041,343.202807669331889,12.875987897820810,0.168180888102632,0.983731903172909,-0.024184868118167,0.058325155044136
3640,1666253416.616122246,36.394496537314126,343.209621475515405,12.845998787499983,0.179724149753696,0.981539174978029,-0.023155786112759,0.061187315256203
3641,1666253416.715893507,36.330949763675527,343.213302023284484,12.795833443348819,0.189870988719058,0.979843377823333,-0.023619915804812,0.057428757221293
3642,1666253416.816736698,36.269282933001556,343.214731025238450,12.733271927648401,0.193018395474055,0.979331146917313,-0.030305187495541,0.052306780603488
3643,1666253416.916085958,36.199645048980599,343.220356215889751,12.709933669167521,0.201199493798806,0.977387309279540,-0.027568799059226,0.058930235642133
3644,1666253417.015266418,36.128710476512701,343.233631697851877,12.699508074337148,0.199486767691392,0.977184554107817,-0.026474573146090,0.067929917605418
3645,1666253417.115530491,36.068131306948054,343.247499127769856,12.660432297500131,0.185092459027309,0.980287985457355,-0.027754196733630,0.063292588372225
3646,1666253417.215287924,36.015193476927074,343.258321895261020,12.602667117735496,0.169859506559306,0.983857858934931,-0.020742408205198,0.052356603645110
3647,1666253417.315559149,35.955980845323609,343.270794569171642,12.554096590376092,0.175827139596171,0.982984224385237,-0.016769159850608,0.050454205663025
3648,1666253417.415653229,35.880197069126275,343.284070968022888,12.541870999835453,0.160178673361381,0.985143714764852,-0.018351182022984,0.059142945292359
3649,1666253417.516823292,35.804918787330251,343.294135383881553,12.516741053002431,0.163482671848472,0.984274942240749,-0.018540163458395,0.064284651521120
3650,1666253417.615960598,35.741250227489189,343.299159977528291,12.463895232531611,0.158488623014901,0.985329573475816,-0.025305299176632,0.058022666625974
3651,1666253417.715914965,35.683533344629502,343.299387270747161,12.408830221391955,0.146587162243162,0.987456042870103,-0.035254795327810,0.046902736287009
3652,1666253417.817029238,35.616897642573335,343.300888957257143,12.392180385783227,0.152664316708450,0.986793636000176,-0.030537296317131,0.044714649580812
3653,1666253417.916086674,35.549407351043072,343.310101809500395,12.390846912610149,0.153489819622195,0.986859849417771,-0.024613452096761,0.044075966868140
3654,1666253418.015887737,35.483092367035844,343.325495265877407,12.364156889445773,0.143839618506852,0.988580927610026,-0.022778862631776,0.038717400877471
3655,1666253418.116367579,35.409713623252884,343.348440175628639,12.313137057969195,0.137521184683460,0.989771903072648,-0.021108649362355,0.031526632761911
3656,1666253418.215533257,35.333626771428634,343.377254545886501,12.267150386028836,0.134908641813232,0.990443089738613,-0.023182673041368,0.016873293211359
3657,1666253418.315839052,35.252007827335945,343.406678236552239,12.246685321047602,0.125961257738856,0.991739129673876,-0.022385364853022,0.009282007484646
3658,1666253418.416213751,35.159419462766500,343.431431469422932,12.248416696733900,0.120463609963031,0.992318157207911,-0.024131211526118,0.014521645239194
3659,1666253418.515785933,35.062407624262107,343.454302569094466,12.245824844777461,0.136798217494588,0.990146214385623,-0.020822327381119,0.021520978382915
3660,1666253418.616438866,34.965677238902963,343.478008785911186,12.218397289443505,0.153747562983487,0.987715640439736,-0.019336020543563,0.020139980558601
3661,1666253418.716527462,34.867982496525279,343.503214337213194,12.203108797551698,0.149582993044838,0.988233705873079,-0.030331005648735,0.009954941709756
3662,1666253418.815887928,34.763942313605483,343.533841457208098,12.219332449567077,0.158800357264695,0.986517954170216,-0.038738209808379,0.008007729594539
3663,1666253418.916002512,34.656961157590217,343.565247553062591,12.228466676297973,0.166223797999637,0.984701367923664,-0.048767449566211,0.018830848378339
3664,1666253419.015798330,34.554012555310962,343.599569023983065,12.227996786932211,0.171347387630006,0.983260508522241,-0.055264310867154,0.028012516440597
3665,1666253419.114875793,34.455334680849219,343.629067212689961,12.217669199088059,0.154722419025384,0.985397911099835,-0.063903867290683,0.031116323631015
3666,1666253419.214772940,34.361822690990721,343.649578614891198,12.210232581560975,0.145603745045993,0.987245919368423,-0.057196927402389,0.029555974264193
3667,1666253419.315162659,34.268366562608392,343.661524284740608,12.213706022331811,0.129905704974817,0.989643733377855,-0.051124593678736,0.033407554865954
3668,1666253419.415432215,34.169784172335675,343.665632047574832,12.214066503657859,0.115758048200548,0.991004945396588,-0.044722965041856,0.050091205557162
3669,1666253419.514303207,34.073803826490888,343.669453488656700,12.205841490507193,0.121788040462382,0.989585835561743,-0.031328621812437,0.070043305970190
3670,1666253419.614793777,33.985546309524501,343.678163678136343,12.180039608528691,0.135862795239983,0.986691889193006,-0.027959173800606,0.084845160561473
3671,1666253419.714743853,33.907433130468355,343.688180533601098,12.133894767384659,0.134061601095631,0.986271069613840,-0.028185856858530,0.092208577841755
3672,1666253419.813957453,33.839522449265687,343.695200903919670,12.086726262180946,0.129075608665758,0.986858259097971,-0.039110182110356,0.088998074995924
3673,1666253419.914946079,33.776532425162927,343.694835402875526,12.041443702271463,0.133893470646820,0.986200904054235,-0.046318413993508,0.085644146827933
3674,1666253420.014403343,33.704978407589813,343.692806139720062,12.019827167924245,0.130060173665442,0.985970382228475,-0.044429772773402,0.094724610770662
3675,1666253420.114017487,33.634602175903581,343.694786011672534,12.001122605641735,0.132233844925623,0.985328285315555,-0.035439048420714,0.101913955179493
3676,1666253420.214152813,33.576729843359118,343.700140498350891,11.966460281989002,0.124791452351599,0.986947672513207,-0.029720728120461,0.097355346338720
3677,1666253420.314087868,33.531568599501192,343.708732961777230,11.917487051576542,0.119106531243068,0.989135912951890,-0.023736574728330,0.082827259668797
3678,1666253420.413791656,33.489885612546352,343.720758085619309,11.869337533862884,0.115622448171199,0.990542460541882,-0.017736601263353,0.071711200785911
3679,1666253420.513842106,33.438924838383826,343.730345927156009,11.856587956458959,0.096876866989490,0.992640342986770,-0.023585122051977,0.068729645242807
3680,1666253420.614047527,33.389063458683360,343.732647814847951,11.853919300247336,0.096052830489509,0.993117314047575,-0.025080450944030,0.062151631308664
3681,1666253420.714532137,33.348492164859167,343.727685122498201,11.824369942142088,0.106788538563587,0.993061900331760,-0.019261165243692,0.045313106871883
3682,1666253420.814417601,33.314713652446514,343.716600573928986,11.775209660212736,0.111794097036794,0.993276205701471,-0.021021035734036,0.021507559407917
3683,1666253420.914953470,33.279393734866979,343.699823742159651,11.741776983489485,0.115596459864248,0.993175403518599,-0.015114407742175,0.003410423892380
3684,1666253421.013845682,33.237924819832543,343.684164793890034,11.746373216001446,0.126809026901612,0.991915077676544,-0.003137227723220,-0.003755952131568
3685,1666253421.113707781,33.191933632147020,343.675750994827354,11.736338808470340,0.132260965501016,0.991147826377676,0.006489929027353,-0.009534363784069
3686,1666253421.214245081,33.137711015453860,343.678513460054603,11.700615955746274,0.123225026539416,0.992285704666628,0.010547041726836,-0.008569309156824
3687,1666253421.313055277,33.077205589814476,343.696760206598128,11.653543276118555,0.114916775226915,0.993288284979912,0.012065501449006,-0.005190507479653
3688,1666253421.413582802,33.016118821479388,343.728629154188468,11.601114459807011,0.119025111484742,0.992880890897145,0.003657898602974,-0.002679385218101
3689,1666253421.513988733,32.954331163017024,343.765031343046701,11.561530967997493,0.111872210488747,0.993563432604861,-0.016905477634049,0.005524376595858
3690,1666253421.613186598,32.886020175411019,343.794713319814491,11.549398127714550,0.097619222761091,0.994720481826981,-0.026059775983247,0.017959355698957
3691,1666253421.714024544,32.820428797974110,343.815753369047172,11.526873631876521,0.117249823337402,0.992319948381373,-0.030850485679001,0.024532560100968
3692,1666253421.814632416,32.762153575338886,343.829254859805133,11.477627345452417,0.130173945929139,0.990605729684436,-0.034468209144008,0.023811230039808
3693,1666253421.913852453,32.707997950936239,343.835725068444219,11.417838292283648,0.122647812431392,0.991252007801041,-0.045815750424881,0.016669977480598
3694,1666253422.013620615,32.639897098645513,343.838042900980383,11.383904442619157,0.122232280500388,0.991369260271790,-0.040313785413630,0.024921037246931
3695,1666253422.113919735,32.558828449025299,343.844240833508763,11.377408193052442,0.129846822806504,0.989800959127886,-0.040244043056147,0.042594376566264
3696,1666253422.213520765,32.481184114029332,343.853686738893828,11.349725188720420,0.126275890174692,0.989794313743990,-0.033398616787525,0.056974980801517
3697,1666253422.313640118,32.408956257120437,343.867007596471410,11.296526990426482,0.113010102691731,0.990912791085930,-0.032235008834871,0.065432876731146
3698,1666253422.413667202,32.343368194921347,343.884855078753446,11.234654150814201,0.102265177684106,0.992100445321625,-0.027217381743921,0.067362852944916
3699,1666253422.514156103,32.276806085963386,343.908133611666869,11.194061506106568,0.097734875698685,0.991920456952118,-0.029730338842328,0.075218402697643
3700,1666253422.613827467,32.206171895415025,343.931708702198932,11.180512632623858,0.092851502016489,0.991183058541329,-0.035859856035906,0.087457496871469
3701,1666253422.714603186,32.141153471977425,343.951551736624538,11.149140381740787,0.107692908733193,0.989090820324846,-0.038328316541936,0.092911391706128
3702,1666253422.815327406,32.087001050276037,343.967336967487540,11.094859168174308,0.123113896240531,0.987658281509300,-0.041745645680377,0.087357819256781
3703,1666253422.914292812,32.041387872112480,343.976201857329954,11.042009261838874,0.128334403486421,0.987770239603158,-0.047509969361681,0.074719725958785
3704,1666253423.014267921,31.985992093699622,343.979223461543711,11.019268538423701,0.137174967753619,0.986727925549642,-0.042727842626672,0.075666112803315
3705,1666253423.114295006,31.925940887258186,343.981575318669854,11.005101698910565,0.146164914488455,0.985517362759651,-0.034206318156415,0.078875048462916
3706,1666253423.213485718,31.870775605238560,343.984820424345003,10.968999067352481,0.148198540117290,0.985615046665119,-0.027085958971357,0.076593232867015
3707,1666253423.313647509,31.820082244169907,343.993931786364271,10.921476373807019,0.154940611260194,0.985600739529693,-0.015419720437627,0.065930428805411
3708,1666253423.414086103,31.767590487219813,344.010538380288835,10.875403839798246,0.163110567912329,0.984729832558825,-0.008475715427876,0.060251653520647
3709,1666253423.513063908,31.705578539992167,344.030817825599627,10.856394066612907,0.147606097841473,0.986525989389661,-0.019903563990989,0.067696087621225
3710,1666253423.613522768,31.642547489887722,344.047774734482516,10.846242062407756,0.140985283578697,0.987036672834623,-0.023048721042816,0.073147199208729
3711,1666253423.714305878,31.590439941758749,344.057770561166421,10.814132929736793,0.155263626926113,0.985161146294643,-0.029103656777619,0.067109605477494
3712,1666253423.813999176,31.543458892010499,344.059313921240857,10.757878838000909,0.148286800253837,0.987092785919035,-0.031783350721285,0.051465284163266
3713,1666253423.914374352,31.484945665026210,344.055099224971400,10.710854134133672,0.154188346707394,0.986361163097126,-0.034039667632210,0.046464079683280
3714,1666253424.014946222,31.413471836723900,344.056319603188115,10.701179283256772,0.157772076930472,0.985602087260822,-0.027745168456973,0.054099010669787
3715,1666253424.113969803,31.345246282589351,344.065320385601638,10.687860761879374,0.152388293700449,0.986187338045998,-0.025488358001622,0.059688238600204
3716,1666253424.213583231,31.285272846813527,344.078664225421164,10.640148087808019,0.131650696866859,0.989477831925956,-0.024531314916231,0.054771605144097
3717,1666253424.314340353,31.229421781808743,344.094094552398587,10.574897262196320,0.114493710796303,0.992053729926861,-0.021764143416940,0.047401573682972
3718,1666253424.413586378,31.168901691559157,344.112131902404883,10.532120096410461,0.116912307516250,0.991830755568532,-0.017869654674933,0.047790585907467
3719,1666253424.513706446,31.098188000916497,344.127054482637050,10.517100295585168,0.110710565278233,0.992060387504872,-0.018923549417343,0.056579656740794
3720,1666253424.615151882,31.032217347454203,344.137139845858769,10.485474899318534,0.124988311407793,0.990473298632406,-0.015256150278780,0.055747794452698
3721,1666253424.714220524,30.978913961372967,344.146157789686981,10.429191469771787,0.134994320604422,0.989551591369104,-0.020735261808818,0.046197730909034
3722,1666253424.813960314,30.925554341997582,344.154597111120836,10.379388926064941,0.130726339157294,0.990284136782130,-0.027557917601919,0.038581263142215
3723,1666253424.914636135,30.855838545113777,344.167795830565865,10.365284099906294,0.140347204522167,0.988745761489490,-0.026651566904947,0.044431692527887
3724,1666253425.013442516,30.778979178731365,344.187510588724706,10.347460079547158,0.138399101902262,0.988739971982581,-0.023555985237616,0.051808029841118
3725,1666253425.112956285,30.703535414540422,344.210974244637953,10.294489422834678,0.118043931313177,0.990879392607269,-0.031125053466755,0.057051648819915
3726,1666253425.212958574,30.628447596811338,344.237012985493550,10.228386137818573,0.103470635798898,0.992553677680323,-0.029448320674537,0.057129859619011
3727,1666253425.312459707,30.544885051463311,344.262100518947307,10.187409840651242,0.086796178197895,0.993353536589273,-0.029240938388173,0.069714720956215
3728,1666253425.413790941,30.454039278580947,344.280146846828075,10.168322526993162,0.077141590305667,0.992689166539297,-0.034796719711551,0.086061501136945
3729,1666253425.514301538,30.369194798599597,344.290107177426762,10.135817460623407,0.081847634764388,0.992119546958812,-0.030766862145995,0.089739452970290
3730,1666253425.614497423,30.290352950221745,344.293384226144099,10.086346839485431,0.069803389979381,0.993399962732865,-0.035557961761994,0.083783245013919
3731,1666253425.714356422,30.213314166720910,344.292896447328928,10.026317564656189,0.075661103451060,0.993784291105531,-0.033159290358906,0.074623331735725
3732,1666253425.814802885,30.113894143036852,344.296339530287582,9.998315109179595,0.085488328785189,0.992770798075232,-0.022585800190915,0.081165077221168
3733,1666253425.914605856,30.001631105615495,344.308635022293572,9.972040189389821,0.068081848858514,0.993652880062878,-0.017885686475367,0.087743478493042
3734,1666253426.013173580,29.892617144351458,344.327416504585074,9.926860369106995,0.041392737824631,0.995490996876445,-0.018609572453029,0.083294658931043
3735,1666253426.113695621,29.786363078204957,344.353053934024899,9.889618783528611,0.025405365619709,0.997964863442571,-0.007557607979091,0.057996390348139
3736,1666253426.213922024,29.678557159512845,344.382910627303318,9.865979232965925,0.019459334699666,0.999123106061720,-0.002571531647494,0.036982975159037
3737,1666253426.313942909,29.552152633794169,344.412043080403294,9.869561691767727,0.014463189317370,0.999376547093042,-0.001421241213959,0.032176285499904
3738,1666253426.414407730,29.410030977645789,344.440142805230550,9.857230331499970,0.007961490943800,0.999557390617072,0.004820537566783,0.028255971799062
3739,1666253426.515099764,29.254618864936067,344.474372551153579,9.828515210762140,0.035526769648963,0.999064959366340,0.008636343404434,0.023075293654568
3740,1666253426.614538670,29.084142474944134,344.517785742831563,9.831635185194752,0.066798716789211,0.997262256870341,0.009454653496472,0.030274279255663
3741,1666253426.714810133,28.910014016011633,344.574304869959803,9.848312672332948,0.103636360321103,0.993130206957434,0.006947956317149,0.053885273972531
3742,1666253426.814024687,28.746507696089079,344.635417104280521,9.829370427335052,0.108584566240601,0.991792566370335,-0.008455606126778,0.066973128879527
3743,1666253426.912088871,28.589701207794882,344.693561236736684,9.789536821589213,0.083942164786593,0.993759937099386,-0.020408727247364,0.070557666056271
3744,1666253427.012291193,28.424014825009845,344.745763769663711,9.794391815336500,0.082039027592047,0.994340853404417,-0.020480274523855,0.064315033686957
3745,1666253427.113179684,28.256160846365443,344.786404631982577,9.822140456888699,0.085615399813881,0.993826556330063,-0.016746731145180,0.068544337795250
3746,1666253427.212791204,28.099899093813551,344.819159750656183,9.836961324841694,0.072403234712019,0.994724978890193,-0.016973214664531,0.070653364810834
3747,1666253427.313257933,27.947440455029717,344.852594202970408,9.819394137394719,0.065519204666302,0.995646512714032,-0.016937511224945,0.064096616554917
3748,1666253427.414421082,27.791159468344162,344.891090497822120,9.796700146273988,0.075484974303656,0.995630985417727,-0.018511704736353,0.051752065835644
3749,1666253427.514076710,27.626356358966174,344.931797610684271,9.812267203971375,0.080480177324493,0.995520504345800,-0.024598466387727,0.043090392621483
3750,1666253427.614413977,27.455902923080334,344.974720711044540,9.837333567712319,0.102916847564922,0.993060245292806,-0.020937240059461,0.052925454036630
3751,1666253427.715336323,27.288757754220182,345.019412710961831,9.834065277176002,0.113166791028677,0.991485339235330,-0.018727626507568,0.061639074417669
3752,1666253427.813400030,27.129939508054377,345.062692781060719,9.799053986417494,0.099107878588751,0.993271120748430,-0.018086634320200,0.057122523996773
3753,1666253427.912899017,26.968238097741938,345.109324895369127,9.794157411266255,0.089148527256876,0.994841600291380,-0.015178869567915,0.045960116799851
3754,1666253428.013538361,26.803684750204980,345.155619737320933,9.817900601592724,0.088457776656906,0.995384887381049,-0.007428667085915,0.036454939688062
3755,1666253428.112522125,26.641082944291906,345.198050684020529,9.840430116742976,0.072764755746343,0.996567153570388,-0.009689345121685,0.038279437520728
3756,1666253428.212884903,26.476959040420493,345.240489942089141,9.831867519028922,0.057185209276800,0.997605806684959,-0.014176121421572,0.036215243887908
3757,1666253428.314151525,26.307365472663371,345.285633750701720,9.798266416859297,0.069940039524160,0.996998269726622,-0.011480527060526,0.031161491169279
3758,1666253428.414231539,26.125148337169968,345.336167902381931,9.804175452696077,0.099463810790710,0.994407074056955,-0.017219555145500,0.031064583194811
3759,1666253428.514499903,25.937543357045943,345.389876684697924,9.836874714462812,0.121997400959485,0.991072631455106,-0.017236588485347,0.050936954730022
3760,1666253428.614508629,25.762697425357906,345.442799954373129,9.845092507902654,0.143995728415061,0.987133838439460,-0.015554661798848,0.067750038393482
3761,1666253428.713675261,25.602971578802865,345.493944372855935,9.813952734345717,0.148049746234124,0.986312790469870,-0.020137381720886,0.069734050886037
3762,1666253428.812140226,25.450247085083227,345.544633799836447,9.802716168462258,0.124148882802485,0.990391724598205,-0.022959083279461,0.056428425826484
3763,1666253428.912928343,25.288107276710473,345.590538461854862,9.836899559033716,0.120336226945928,0.991246636107696,-0.018246358579978,0.051150457360291
3764,1666253429.012017488,25.133694653275541,345.628305415212935,9.866545917430777,0.111207392474440,0.992268155234751,-0.016322228157417,0.052634673306069
3765,1666253429.112477779,24.981492937472517,345.662559973261637,9.863784962710293,0.091929610558383,0.994366381091456,-0.013061078885389,0.051125874819065
3766,1666253429.213627338,24.828252935391987,345.701326086837298,9.830994531475397,0.099577288310903,0.993994361694407,-0.010837976436447,0.044069386643559
3767,1666253429.314411640,24.669075470586048,345.749519821658737,9.820234379163253,0.120928168380715,0.992065982684782,-0.010335664588944,0.032781673680106
3768,1666253429.414413929,24.502358406528860,345.804503595490758,9.841914994390194,0.129941894287013,0.990635924732576,-0.018322757199405,0.037680834743248
3769,1666253429.514499426,24.338017832499325,345.860317737994535,9.860568288204455,0.143639167431202,0.987976165414931,-0.021353145991479,0.053055907380296
3770,1666253429.613971472,24.183068787689724,345.912507147801477,9.837674650575119,0.144664747691735,0.987549202372367,-0.027254477701235,0.055460590640761
3771,1666253429.712624550,24.028526742669296,345.960369855695490,9.804489325158922,0.118875835193858,0.991100570938702,-0.032349940545187,0.050415031872103
3772,1666253429.813243866,23.864405997350151,346.008875051535767,9.818008396852051,0.120871656780300,0.991607624985259,-0.022737799298598,0.039841600637222
3773,1666253429.913712502,23.698828521216793,346.051770310010909,9.843578834954988,0.123757458219738,0.991222011111450,-0.014548180394150,0.044174276116093
3774,1666253430.012954235,23.540223178632939,346.091461416589596,9.854990197199637,0.110815784935260,0.992525941737607,-0.013887670102447,0.049185865918830
3775,1666253430.113691807,23.383571202953117,346.136152101574794,9.829441324577376,0.113301736887586,0.992455488283691,-0.010475056428175,0.045662822806554
3776,1666253430.214830875,23.222043116445089,346.190052013107788,9.802817099805086,0.131363781335538,0.990583359185645,-0.013069785930119,0.036295263512664
3777,1666253430.314251184,23.053494275517494,346.249412381888590,9.815037874018623,0.143924272577620,0.988796656084756,-0.023927918328849,0.031534606435713
3778,1666253430.414450645,22.880767874909012,346.310099742712566,9.839517022607962,0.164572848062451,0.984839910503068,-0.027618575407080,0.047363938322377
3779,1666253430.514444590,22.715720573831316,346.367483521862653,9.838909492779448,0.175204938942734,0.982394543277983,-0.033878913017703,0.055284807682181
3780,1666253430.612984896,22.559179231151877,346.417352602338042,9.808205853935744,0.154784842971308,0.985805865622944,-0.038320736075716,0.052535405931245
3781,1666253430.712754250,22.399354459197838,346.463884373235089,9.802190859270274,0.147166249995117,0.987689247829169,-0.032374696640351,0.041999090495753
3782,1666253430.814065218,22.228701706452892,346.507080843378731,9.831810942752309,0.155661073706500,0.986647663396307,-0.020447888593924,0.043334770095120
3783,1666253430.913300514,22.065558410306107,346.545229384514357,9.856035326725763,0.149536837222665,0.987284238293499,-0.015970618681749,0.051512197289471
3784,1666253431.013396978,21.908133495141865,346.583388080065845,9.844857251563063,0.139342510417209,0.988834089097835,-0.013341980789431,0.051115561009343
3785,1666253431.114482164,21.750841057087253,346.628931968431971,9.813137452655697,0.151392811749982,0.987316880432572,-0.010517488079815,0.046636644474279
3786,1666253431.214220047,21.589997614292585,346.684215222652540,9.814453087262859,0.170442682163581,0.984590814662337,-0.015282696437313,0.036009151184747
3787,1666253431.314649582,21.424989771894200,346.743323246594173,9.837657873881588,0.187423205298776,0.981048545415404,-0.021347906901762,0.044278217271787
3788,1666253431.414197445,21.268151193952104,346.802476970664202,9.849568731503453,0.204866519098428,0.977062900893432,-0.022286793198916,0.053675840926013
3789,1666253431.513149977,21.120213896423248,346.859172736707194,9.821854196670488,0.201877558653544,0.977663439033492,-0.029208952020964,0.050660521228348
3790,1666253431.612699509,20.971512068069021,346.914576884254302,9.796660536700763,0.180535338583262,0.982262360327826,-0.029623262764762,0.041110939043103
3791,1666253431.713562965,20.808704984544971,346.969700465278265,9.819828176212948,0.180916792421849,0.982561460815449,-0.022440480189924,0.036585718372705
3792,1666253431.813084364,20.646111991650990,347.018740478722293,9.844836643086792,0.171890084952453,0.983816564200527,-0.019041554254822,0.046863481638376
3793,1666253431.913359165,20.488238711437674,347.063446186257806,9.845422831012316,0.158360666914376,0.985787992592673,-0.017224339443130,0.053359675460872
3794,1666253432.014331102,20.332602499152916,347.111088347660768,9.813537255607656,0.162356497307286,0.985106478341505,-0.016473307475114,0.054168480249480
3795,1666253432.119832754,20.165799247514240,347.168623746092123,9.801782410198648,0.179014759057102,0.982499739241306,-0.018601989901661,0.047978582744727
3796,1666253432.220519781,20.000739138448825,347.226368913719455,9.822255911800259,0.187698104778670,0.980613718174506,-0.025244545280717,0.050287872534391
3797,1666253432.320707083,19.838536216186640,347.284090984855425,9.840872828992628,0.197855182116435,0.977763717566001,-0.027987506748969,0.063624987128982
3798,1666253432.420459509,19.684476112052504,347.340131383735581,9.824366771204073,0.201947250909323,0.976546962797784,-0.030845504631393,0.067984499296723
3799,1666253432.519340038,19.532762240022226,347.392504340310097,9.795042226875951,0.180917391920528,0.980919232815172,-0.034055333383177,0.062502722037765
3800,1666253432.619832993,19.372240384053534,347.447377850232840,9.805886902342056,0.178493251865891,0.982172980807591,-0.027520967871594,0.052143946314804
3801,1666253432.719999313,19.202977035162508,347.500035863597134,9.833683018897993,0.171895535655969,0.983169737353219,-0.018658007853550,0.059000602685790
3802,1666253432.819656610,19.038220210435142,347.549724295412773,9.849013330612859,0.163196902937133,0.983938348468126,-0.015846957074757,0.070575996181530
3803,1666253432.919930220,18.877388311962680,347.599037528313488,9.827793063563433,0.156225132891816,0.984906117498601,-0.008160350747283,0.074074666671184
3804,1666253433.022619963,18.714572196778761,347.656291629685313,9.801418761467700,0.183197525704704,0.980610515661667,-0.003393631489759,0.069499398664631
3805,1666253433.122255802,18.549143096843974,347.722269439236129,9.816156495334466,0.192436068568686,0.979286280107285,-0.008020139784785,0.062469340202187
3806,1666253433.222032070,18.385480508466213,347.793051068796899,9.844121502149445,0.211338359681767,0.974645420585646,-0.010664683983556,0.072723217571703
3807,1666253433.321776390,18.233392375683628,347.864572997285904,9.848138260253023,0.223990847155658,0.971310384328908,-0.013686063723744,0.078720577646952
3808,1666253433.412875652,18.102410015129827,347.928513216584236,9.819733325494244,0.213356896971477,0.974164208928070,-0.019069048625106,0.071549283314255
3809,1666253433.512564898,17.957146572006589,347.997611432822566,9.808272091672176,0.193410436534564,0.979366876757813,-0.021745417461602,0.054406438668385
3810,1666253433.613422155,17.797088136572995,348.064159898929063,9.837262391922419,0.189952462679910,0.980412068701923,-0.017894484372219,0.048887880855132
3811,1666253433.712641716,17.640185189469889,348.122898739253515,9.863333046425915,0.173109888559770,0.983230694370499,-0.019895663393287,0.053800843010784
3812,1666253433.812906742,17.488124031924901,348.179187130315199,9.854392530878682,0.158277140613839,0.985777105456223,-0.018608163751106,0.053343990844985
3813,1666253433.914414167,17.335863388007599,348.241526697743495,9.821662585236988,0.171281153601668,0.983922792372213,-0.018573698799441,0.047050215560156
3814,1666253434.015829563,17.177152243056323,348.313649913054917,9.823735896324074,0.182377216766360,0.982322523213872,-0.023266234024605,0.035209282094350
3815,1666253434.116063118,17.014763310903511,348.389067185351166,9.851883375639185,0.197361272357292,0.979042986503751,-0.026760445827023,0.042511613595170
3816,1666253434.217325211,16.856243960324093,348.467421447474464,9.868068840255800,0.222541356527452,0.972887596890778,-0.026459474434675,0.057139869300244
3817,1666253434.321537971,16.702925869376170,348.548539643686638,9.839885373006444,0.227987752697222,0.971357569131777,-0.029751368892013,0.060007612513143
3818,1666253434.420596600,16.556715543920667,348.629596414639479,9.816453151580740,0.205231058302819,0.976509630364669,-0.039846121481820,0.052167433479318
3819,1666253434.521062136,16.400254198240798,348.712645058084320,9.835325786335552,0.195297034437064,0.978705210081562,-0.041487698666041,0.047685961861852
3820,1666253434.620375633,16.247025122494726,348.781983125290765,9.862617583651875,0.192208831042062,0.979017231796973,-0.037316755276293,0.056466670609173
3821,1666253434.720993996,16.099733874228676,348.840775130281713,9.867523668208680,0.199665038062801,0.977698217031234,-0.026686534390088,0.059396109902697
3822,1666253434.821788788,15.956096853323276,348.903501030678456,9.842190059432564,0.216326844016972,0.974742198816923,-0.013393035040686,0.053860644403929
3823,1666253434.921781301,15.809030221101384,348.981630690684483,9.832605699848523,0.231070548144507,0.971940275486026,-0.016062996932285,0.040993692172074
3824,1666253435.021844864,15.653182078305349,349.062427853432041,9.842437695678164,0.243926192227268,0.968944660551331,-0.020157192651546,0.035212854456566
3825,1666253435.122086763,15.491457755828380,349.146386115096448,9.862877509864843,0.271788774998832,0.960729961724810,-0.019052376129617,0.052590963032596
3826,1666253435.221121073,15.337440240742255,349.224581355953489,9.852491399630052,0.274550904104761,0.959342241789741,-0.021839528955777,0.061703315535576
3827,1666253435.320518255,15.187755912265777,349.296772456364579,9.815469076750004,0.257707057215316,0.964141636438455,-0.024024544366731,0.058658322641978
3828,1666253435.420034170,15.032375379395646,349.370203533653182,9.813802407732590,0.240874325421544,0.969194732959746,-0.017899847513291,0.048173897650122
3829,1666253435.520837307,14.869659672653718,349.440152528844919,9.835689931283966,0.237478061385369,0.969940813364078,-0.017042220449564,0.050284705959422
3830,1666253435.619926929,14.713301788982767,349.499338951986033,9.852465323879743,0.208091088933743,0.976316592330214,-0.017040344583808,0.056688948689780
3831,1666253435.720965624,14.564936837914399,349.555483225142041,9.833295905015181,0.208710603302200,0.976604122373304,-0.009256267156897,0.050976403865123
3832,1666253435.822147369,14.415751337568929,349.616099261079228,9.806714769804152,0.214222095867711,0.976086627690643,-0.004489465994182,0.036655607765271
3833,1666253435.921733379,14.262353493193745,349.682256340048468,9.812098312320481,0.225367241517335,0.974091563203400,-0.002531117842783,0.018676894530127
3834,1666253436.022188425,14.106718048987981,349.755926999799385,9.837578035205251,0.241346671490238,0.970086220026002,0.000868515486282,0.026148719989635
3835,1666253436.122038364,13.958547458774976,349.834581630601008,9.841532983211009,0.248972824929859,0.968039901310693,-0.004373145782718,0.029869005888925
3836,1666253436.220736504,13.814855712398549,349.911028110374900,9.809055332241769,0.228822639997901,0.973075015167163,-0.012362101439106,0.024746570061843
3837,1666253436.320652008,13.663017754479570,349.985466390259660,9.790019205821329,0.212951843626209,0.976884084670379,-0.012146633273744,0.014193544801350
3838,1666253436.420685291,13.501897298228659,350.055281370294097,9.804219826271122,0.208189920976641,0.977944111667749,-0.013529315796825,0.009961368991649
3839,1666253436.520284414,13.334394054055606,350.113830064787066,9.830374855068518,0.188788275086527,0.981682020707781,-0.012868689266609,0.022221481622555
3840,1666253436.620740891,13.169830675149036,350.165834287098335,9.818646842307786,0.176920870120537,0.983788380137750,-0.007515233491334,0.028336373926530
3841,1666253436.721455336,13.005211554784832,350.217658401013750,9.781977280038308,0.189266612335211,0.981516647823170,0.002775658414282,0.028204879391467
3842,1666253436.821851730,12.835631235147453,350.274762150712661,9.780601066242919,0.206284154394620,0.978274549881185,0.006592313840717,0.019552342537049
3843,1666253436.921738386,12.665278457204911,350.335869666474991,9.801843868605708,0.218035759001758,0.975438331136779,0.012975244563397,0.028497595936217
3844,1666253437.021683931,12.501687470086573,350.403342438532945,9.812198841142722,0.234177760358447,0.971271853184716,0.014752839262611,0.039675149631987
3845,1666253437.120649576,12.348757908010933,350.471278091096849,9.776723797950357,0.220981535690584,0.974515507960863,0.006823617141149,0.037948964106065
3846,1666253437.219842672,12.192503696519751,350.541968430206737,9.744238288226754,0.197499216541933,0.979796261380300,0.001192354233481,0.031494824049232
3847,1666253437.320747375,12.027177600287160,350.619378401577478,9.754583058154674,0.191467860506811,0.981265592525482,-0.001246086034999,0.021362176578085
3848,1666253437.420271635,11.859328905073610,350.691285863397866,9.778630330673973,0.171279548081445,0.984733715577558,-0.011180310417985,0.028945232298081
3849,1666253437.521234512,11.694816222195124,350.753880928360161,9.780621948435797,0.154210319290083,0.987334968479001,-0.017995447340623,0.032634357938082
3850,1666253437.622616768,11.530733751006171,350.812797318914249,9.746685030693090,0.167342606167655,0.985395254784188,-0.015142988544349,0.027628498109166
3851,1666253437.722254276,11.358534863141022,350.876115548572045,9.730609454044965,0.186807737045356,0.982101154136612,-0.015521666713736,0.018419291136092
3852,1666253437.822377682,11.180921970106377,350.944821230802461,9.743161589888615,0.207615626963020,0.977914305873865,-0.012456234973585,0.020596213687754
3853,1666253437.922801733,11.010725551501267,351.020213354322379,9.766399711530399,0.230037374053791,0.972400173796123,-0.012094762572075,0.037073241806342
3854,1666253438.021299362,10.857515479325709,351.092828151909600,9.749234472701740,0.230331215087553,0.972228663535948,-0.018283746738467,0.037211043530108
3855,1666253438.120486259,10.703535840261781,351.165304413883518,9.719585425542430,0.213975456586508,0.976055325714885,-0.025530840558043,0.029642558975325
3856,1666253438.220826864,10.535866188289877,351.240379238952983,9.738894502441450,0.213045478920742,0.976475346787907,-0.024350674549874,0.022684040112712
3857,1666253438.320168972,10.370677670437910,351.305934912518694,9.775106734081927,0.200109926316676,0.978954226495691,-0.025237296590656,0.031108177004657
3858,1666253438.420734644,10.216300607092485,351.363601236347279,9.791360224137922,0.189725447088500,0.981051345931035,-0.023538362865580,0.031439733580004
3859,1666253438.521484137,10.067444321767752,351.420671027542141,9.767338402420309,0.183219583662838,0.982611188111267,-0.018520386518688,0.023724089954723
3860,1666253438.622083902,9.914711516926596,351.486445583046191,9.757097580732690,0.197122996580248,0.980175406503739,-0.016565268979846,0.011148478285309
3861,1666253438.721854210,9.758748759484858,351.555325669962713,9.777236390699523,0.208504794765025,0.977838894017052,-0.018697643473088,-0.002691846217115
3862,1666253438.822220087,9.600982645126445,351.628007640103476,9.807343242307468,0.226915747853852,0.973770891907751,-0.015530551867371,0.006188328353071
3863,1666253438.922169685,9.449317480095759,351.703537329709945,9.808895334594018,0.241165517522355,0.970325162129539,-0.014591495412230,0.009765303789115
3864,1666253439.021107435,9.300252722985423,351.780373617799683,9.774180567308790,0.230815984282427,0.972818011499425,-0.017381917807705,0.006853235393986
3865,1666253439.120900154,9.140561053555267,351.866003205540210,9.768715024889694,0.220090413394910,0.975339688956759,-0.016499124014749,0.000692808874789
3866,1666253439.221264362,8.972448862314002,351.958040595799730,9.787583906720313,0.217851249087038,0.975743527281453,-0.020711233913980,0.006037137510935
3867,1666253439.320584536,8.804110271413295,352.046765723222848,9.806572300366700,0.200431201188420,0.979081267954035,-0.025890207850439,0.023598759906995
3868,1666253439.421393871,8.638879506784754,352.134965557883447,9.787167394646403,0.204584229394341,0.977871581889636,-0.028207412103858,0.033418622326311
3869,1666253439.523055315,8.468501204600940,352.229000251339869,9.754343431619921,0.228510338645759,0.972354551176793,-0.027496748246084,0.039415489007096
3870,1666253439.614267349,8.306661392624525,352.321273680016702,9.765436974369205,0.239030880250530,0.969463970027998,-0.031725157357846,0.044691872805129
3871,1666253439.715344429,8.135145363896845,352.422277657064967,9.792198756564014,0.251706700181484,0.964926316781091,-0.036362953956027,0.065105113828472
3872,1666253439.815081835,7.987613900439444,352.514774020920640,9.799871671759711,0.259854267490826,0.962157850043321,-0.038746647427662,0.072296117322693
3873,1666253439.913536072,7.856638083313675,352.600173914479910,9.777728509933784,0.258081705680297,0.963355885989263,-0.039581799230594,0.061421098106922
3874,1666253440.013295174,7.719504481767831,352.689142007399766,9.775355342028021,0.249854727209237,0.966571995764036,-0.035212287281389,0.045511395499797
3875,1666253440.114196301,7.571118845487238,352.778993892064989,9.813598699994225,0.255200930889453,0.965482857808412,-0.026375012969439,0.044941015143415
3876,1666253440.213194609,7.432150770909155,352.856874823584974,9.845058061825602,0.251886444160266,0.966279422563603,-0.023917665385354,0.047804205473597
3877,1666253440.313154697,7.301346200722987,352.926246867503380,9.846934026170576,0.236357530600070,0.970536301649518,-0.020501557493322,0.042119960226254
3878,1666253440.414640903,7.169346621008564,352.997108705043843,9.821934797485273,0.240569537958900,0.970025062722676,-0.016674879507107,0.029993724169135
3879,1666253440.513267279,7.032291256623694,353.075830896258253,9.821008166885758,0.251342722649785,0.967646875463243,-0.016988762800725,0.014062080774793
3880,1666253440.614059925,6.883956747912021,353.163224257075171,9.850232592355006,0.264717796152322,0.963962749138476,-0.022043010377447,0.014642826474061
3881,1666253440.715085506,6.736881643412063,353.250447925706283,9.872035912953814,0.279297449168519,0.959537237415732,-0.024063216608785,0.026498801991448
3882,1666253440.813837528,6.597461083369429,353.333225544491256,9.856060437269102,0.284311085205912,0.957932480065247,-0.026101235289087,0.029176976907577
3883,1666253440.913461685,6.450932918661467,353.418607596981701,9.828289824481738,0.264719553409917,0.963476204985732,-0.026858057724918,0.030262273609091
3884,1666253441.015411139,6.291038892369357,353.513444782364786,9.844493996311780,0.269288799461713,0.962322397642715,-0.022116623445154,0.030495908693313
3885,1666253441.113057137,6.138279815220129,353.599601230875464,9.872460479134640,0.257607387310232,0.965108568572788,-0.021167565409103,0.041902494498909
3886,1666253441.213593483,5.991048698366046,353.677050992285217,9.886403635448911,0.246133290021865,0.967820713674347,-0.019646384235205,0.048533383483674
3887,1666253441.315385342,5.847898444153369,353.753282003736444,9.867949300249929,0.243533746654161,0.968661986783152,-0.015836789888431,0.046200278007099
3888,1666253441.414014339,5.705599104399615,353.836257400806915,9.846588176667291,0.254906321919476,0.966051404209841,-0.014381527692313,0.039504722893792
3889,1666253441.514616013,5.554251241983551,353.929939648975505,9.857766973268888,0.264690120069005,0.963568727793638,-0.020190305795583,0.032661884634627
3890,1666253441.615996361,5.405152472176937,354.024538650821228,9.881781681646574,0.280022238431754,0.958754711969670,-0.025251991370015,0.041704738237690
3891,1666253441.714191914,5.272558822884582,354.111956014654254,9.885931293280318,0.286654580716195,0.956645152605130,-0.027191655199149,0.043815719086434
3892,1666253441.813809156,5.145338173079905,354.196819436959856,9.855502773516696,0.278386751723866,0.959445167407222,-0.029875017997864,0.032760807425804
3893,1666253441.913972855,5.010541116865748,354.286561549684336,9.839594317422614,0.263613528309114,0.964134620931744,-0.024617348804721,0.018609850914194
3894,1666253442.014170885,4.868469297962194,354.379227614064575,9.861078618060374,0.264005824352334,0.964224213623131,-0.020275143445625,0.012708624203999
3895,1666253442.114296198,4.724960232520559,354.463469267342816,9.889953922681439,0.251370445509928,0.967475678312096,-0.021000772746645,0.019044120949357
3896,1666253442.215030670,4.585729724433610,354.539916192583064,9.890506987921157,0.243756134442977,0.969569955888510,-0.014160235973303,0.017791438304740
3897,1666253442.315300703,4.447950431616101,354.617882653772483,9.856726696752112,0.252255106118607,0.967546609460592,-0.008450645956533,0.012227286752233
3898,1666253442.414679527,4.304029553798030,354.707830698990620,9.849455540506996,0.271543687344507,0.962379235740474,-0.008840430931524,0.003475522964164
3899,1666253442.515210867,4.154313282115592,354.805695617436527,9.872031562064478,0.283367152351933,0.958832839675988,-0.015820993848739,0.009609301768408
3900,1666253442.615819693,4.013079715698288,354.900179944284162,9.889237967388601,0.292127922565178,0.955959654716558,-0.021807611450269,0.018078813423059
3901,1666253442.714392185,3.884183376151889,354.986012330536596,9.868428643342076,0.291589963650472,0.956109494341471,-0.024959611599046,0.014385607989854
3902,1666253442.813856840,3.752698135351709,355.069892593033615,9.836286984211007,0.276424110296323,0.960760525981253,-0.022480217278502,0.004854152266327
3903,1666253442.914460421,3.613053470739131,355.157979185204340,9.846144360251893,0.269761138248824,0.962816652131497,-0.012555136509602,-0.007442527542451
3904,1666253443.013420820,3.471246301147795,355.244666797036814,9.873656431512439,0.260981366583513,0.965255030689801,-0.012546304150503,-0.003747302549380
3905,1666253443.113666296,3.326617674159743,355.329234279716616,9.885889998846359,0.246564182099407,0.969042731606976,-0.012519135959177,0.002357893164810
3906,1666253443.215507269,3.179620215908344,355.417179752644529,9.855908848470868,0.256153056385464,0.966587514839054,-0.008445925775845,0.004780606597165
3907,1666253443.314624310,3.029264051582882,355.515986431609804,9.833682025406738,0.273106511635448,0.961899362221816,-0.012305006827900,0.003322208082827
3908,1666253443.415366173,2.869250487273545,355.625728715039713,9.849192001076631,0.284505131087366,0.958433309883402,-0.021354910763951,0.002527583267000
3909,1666253443.515981674,2.711257745717782,355.735284445130219,9.869910184083031,0.300678834167657,0.953073348018437,-0.029175337152367,0.019804839876955
3910,1666253443.614886284,2.562772694348233,355.838583314258642,9.863571571471420,0.306531511033468,0.950773643604684,-0.034009196768722,0.030187512407604
3911,1666253443.713704586,2.416603402020976,355.935660044005147,9.829956445592444,0.295524314180301,0.954091739656114,-0.037680848440440,0.030894752127865
3912,1666253443.816192627,2.260902476473991,356.035459770925229,9.820426528455966,0.286243024315321,0.957338471292773,-0.030113339233855,0.025713210881218
3913,1666253443.913694620,2.111670749326616,356.130245138902751,9.842677458813199,0.286353611327905,0.957400695512243,-0.024407760167674,0.028103002610706
3914,1666253444.013838053,1.960254006939488,356.221375191870550,9.869973138246358,0.272918649738611,0.961102680638016,-0.019741710804385,0.037514167321011
3915,1666253444.114557266,1.815945971855830,356.308494931792211,9.857466875892468,0.268031956109200,0.962583987669987,-0.015844924854280,0.036604310429021
3916,1666253444.214428425,1.674079905397267,356.398521288744973,9.817958715885116,0.279469719281931,0.959552009352909,-0.012793147988759,0.031511152245068
3917,1666253444.314784288,1.524123805117059,356.496995188526967,9.817580919307554,0.288753429593726,0.957038640438429,-0.016792319884175,0.020408713789255
3918,1666253444.415688992,1.374343413984199,356.598222375106729,9.845418994171544,0.300992754554581,0.953010535767460,-0.022143758544051,0.026152139098119
3919,1666253444.514389753,1.240930275467286,356.692876095170845,9.861811876600310,0.313835806666395,0.948737754177009,-0.024506004345949,0.028341065685946
3920,1666253444.614470243,1.114717546633663,356.780553185661461,9.835640665901860,0.311518142302124,0.949725060645298,-0.027059299166752,0.015701927509804
3921,1666253444.713059425,0.982537969931758,356.867882235443290,9.805203322433975,0.289866261941172,0.956761798622038,-0.024142716007624,0.001241027618253
3922,1666253444.813248873,0.831284325566029,356.963865913100392,9.823485967584507,0.290843169102722,0.956563218022128,-0.019674698408681,-0.003157080290886
3923,1666253444.913676739,0.672891743939567,357.054245280630084,9.854602655539461,0.275646011823301,0.960980317073707,-0.020930065596262,0.009901450245405
3924,1666253445.014720917,0.520061973226614,357.136028410246581,9.849378776607185,0.275421107635093,0.961043078288993,-0.016707985641365,0.016132524839032
3925,1666253445.115462065,0.368810294868764,357.222769711180831,9.811199532616177,0.272403120582965,0.961913655958102,-0.017025410740277,0.015125930288931
3926,1666253445.214608669,0.210097494363834,357.322070667099240,9.797491441695492,0.278358840016203,0.960059191271314,-0.026832998042768,0.009093715211097
3927,1666253445.315516233,0.035600818983543,357.430547671557576,9.819307724957026,0.289659954283895,0.956262790524193,-0.036012912584900,0.019017267687222
3928,1666253445.416111231,-0.137587340877545,357.535986690814696,9.838762112606446,0.299547247888839,0.952225558936011,-0.040570866689237,0.043496390279066
3929,1666253445.514978886,-0.293319386125090,357.630532830162338,9.821498345070950,0.305352492157719,0.949846629579151,-0.043045392176241,0.051945452376420
3930,1666253445.614036083,-0.440141518833339,357.722195686087161,9.781787817956069,0.291906475404092,0.954348990682894,-0.044107168724907,0.045422145114180
3931,1666253445.713351250,-0.596781790701391,357.823850735542976,9.786955748916679,0.282946992602304,0.957720181731757,-0.039828436576847,0.033567074952199
3932,1666253445.814195395,-0.766467090163263,357.929262868878880,9.818330074763622,0.283930750736052,0.957212676798294,-0.037156138024255,0.041792841136133
3933,1666253445.914174318,-0.927865298420637,358.024939687759627,9.839441274344351,0.282359295299539,0.957247827380989,-0.036341582796968,0.051274893389796
3934,1666253446.014646292,-1.076202807089483,358.113934185571907,9.823632423334573,0.278801173019963,0.958757968726151,-0.032568730446703,0.044635648576967
3935,1666253446.114565134,-1.220821389181816,358.208194177284554,9.791820543078149,0.286883231731562,0.957003773619870,-0.031257701127815,0.029406542618750
3936,1666253446.214686155,-1.376728865424504,358.316033864299868,9.795857161229081,0.298472237297010,0.953500435649431,-0.038817940102373,0.015633627393252
3937,1666253446.316048145,-1.538919296254481,358.426662623622860,9.826089408910230,0.307335634324016,0.950036760069141,-0.047357389848538,0.027059933826942
3938,1666253446.414032221,-1.685522129421699,358.522926429270001,9.836729133315778,0.317340480115906,0.946624199072398,-0.047720767652546,0.030337662154487
3939,1666253446.514127970,-1.827509134616397,358.612488462749354,9.804202036779641,0.313726741733973,0.948382172634161,-0.041398275976217,0.020807904673217
3940,1666253446.614290953,-1.975614980156814,358.710474361393494,9.782036140236809,0.302738475693871,0.952343537401244,-0.036454326786360,0.007892031626311
3941,1666253446.713313818,-2.130801025542584,358.817279928324524,9.800039653068700,0.302170225816089,0.952571037914592,-0.035884003233217,0.003729700863107
3942,1666253446.813662291,-2.291609310083299,358.917573036264344,9.831782409936958,0.284113468818178,0.957875616312294,-0.039201937599623,0.014732569323796
3943,1666253446.914002895,-2.448133218014415,359.008446595732494,9.823867678080729,0.288188435804021,0.956792893642858,-0.032608796568786,0.020771387283822
3944,1666253447.014286995,-2.608635324619031,359.107369663963254,9.788519011971148,0.303593307710611,0.952050673668214,-0.028781816054216,0.024540280068725
3945,1666253447.114702463,-2.781913488082484,359.230974809259351,9.803486488118997,0.312133247301352,0.948569628737326,-0.039635930472642,0.034892526159801
3946,1666253447.215134144,-2.950808982051268,359.354635793922682,9.837399610627124,0.320571723696188,0.944027820112120,-0.050033455783978,0.059513848162640
3947,1666253447.314591169,-3.096273722439697,359.462008872336355,9.843245630461951,0.336767992356024,0.937224626705306,-0.052674179554585,0.073639318504753
3948,1666253447.413497210,-3.224923952016217,359.560322461159160,9.817743115073867,0.335549789477752,0.937990173662258,-0.053083868573425,0.069013591355351
3949,1666253447.514196634,-3.358758273070757,359.665109043427606,9.810132911562901,0.328831946903935,0.941472393269280,-0.050365116333817,0.054430124599004
3950,1666253447.614316463,-3.498692793376299,359.770663038049065,9.843998154220797,0.332087780404140,0.941110118112197,-0.042629270091306,0.047033998602942
3951,1666253447.712985992,-3.631947622279130,359.861469654554583,9.879345260810487,0.321750652695215,0.944862729698102,-0.041689103536948,0.044417993695565
3952,1666253447.813443184,-3.758407822273923,359.943026825496986,9.888822167316905,0.307692024065063,0.950323937830880,-0.035153811960562,0.031212834171159
3953,1666253447.914113522,-3.882373682243647,360.026379306891727,9.866397691963884,0.308971304610854,0.950535278391668,-0.028885498381935,0.013603140930255
3954,1666253448.014832258,-4.016085110078206,360.124828427387513,9.863212188572618,0.324353671784238,0.945536346309693,-0.026717507102836,-0.006472111062726
3955,1666253448.115299463,-4.159600529348093,360.233877085728466,9.889618050021472,0.340228872867639,0.939822977138702,-0.030968821961659,-0.004244735052937
3956,1666253448.214794159,-4.298024815744716,360.342511252030420,9.912915133771438,0.355093173746510,0.934252995188620,-0.032355227917437,0.005772189024458
3957,1666253448.313616753,-4.427300049984328,360.445031029622726,9.892338533984441,0.358376026469375,0.932850271226100,-0.036683700923998,0.003361727521976
3958,1666253448.413762331,-4.562376879308412,360.546625885128037,9.859770839752835,0.347958638957539,0.936915166644620,-0.033334744833694,-0.001884376017009
3959,1666253448.513194084,-4.703812493920663,360.651124991193853,9.876316506890712,0.349868974636708,0.936485994974901,-0.022541798364272,-0.008806198330287
3960,1666253448.612422228,-4.846300691551582,360.754639716303018,9.907380870715819,0.339755383700036,0.940281026490588,-0.020906049552650,-0.000898643838852
3961,1666253448.714824677,-4.988531360108046,360.855703475518112,9.918019602657456,0.328650665458052,0.944243509115653,-0.019037400468625,0.005523854662647
3962,1666253448.815766573,-5.127111522027771,360.954141061722112,9.890922315060179,0.332636846331336,0.942867052122855,-0.017941391953061,0.005705868793310
3963,1666253448.916098833,-5.270081798095079,361.058573508662278,9.868574422422764,0.348239763228494,0.937213094606700,-0.018876582951156,0.002087395598186
3964,1666253449.015980482,-5.417171946109714,361.168740904595779,9.883767703953446,0.355379401876351,0.934485656030375,-0.020957142484327,-0.001684510129828
3965,1666253449.118690968,-5.566326451595844,361.285840109596165,9.912151146072668,0.364519101305175,0.930757393924332,-0.025682039298352,0.012527222211268
3966,1666253449.215890646,-5.698858999666683,361.394862739045493,9.911214458475889,0.368911312393460,0.928777936382824,-0.031072685388236,0.017620349013646
3967,1666253449.315633774,-5.831719620797940,361.503365977429382,9.876050335575933,0.356383194447941,0.933566632208882,-0.035181364189026,0.014374754086458
3968,1666253449.415219069,-5.970167121178163,361.614084203177754,9.870583653613195,0.349567973741945,0.936478423243756,-0.027171281713277,0.008492112981930
3969,1666253449.515161037,-6.113707251092161,361.722385165164553,9.906711239398224,0.352036578368198,0.935672240955300,-0.020431697448997,0.013048016548571
3970,1666253449.615129232,-6.249202069106579,361.816300495092605,9.933963773040523,0.340610500924072,0.939888396002596,-0.018184578808564,0.016236096004769
3971,1666253449.716393232,-6.379139070594182,361.903306247275339,9.924214760654841,0.323390878141438,0.946111090356709,-0.013144491160122,0.010925520174798
3972,1666253449.815615654,-6.509063274341229,361.994442526919840,9.892724868172865,0.323519935461647,0.946163650488760,-0.010286888593698,0.001837872611613
3973,1666253449.916432858,-6.652877611441187,362.099163443415648,9.895079361500702,0.337223116104104,0.941344177723112,-0.010063831228603,-0.007101290927652
3974,1666253450.016853809,-6.801281160190003,362.209762258886656,9.919422103287401,0.351292198240426,0.936191479755863,-0.011121408422248,0.003952083329403
3975,1666253450.115885019,-6.940352155065358,362.319405923512250,9.928936284305536,0.361324549816445,0.932136342166918,-0.017413702308308,0.016222585599707
3976,1666253450.214878798,-7.071581106922740,362.425815312099473,9.896752179627914,0.349974915618449,0.936354745159465,-0.022373811906146,0.016023800922416
3977,1666253450.314463615,-7.205631376641906,362.537139971644820,9.864801946258041,0.333384105230247,0.942417424639185,-0.024209863318853,0.010877436938695
3978,1666253450.415144920,-7.345700604774777,362.655177490509686,9.879392694585002,0.339130586031611,0.940469795871188,-0.022221514833097,0.003634962226028
3979,1666253450.515014887,-7.487406902642637,362.766909897697531,9.903430098404767,0.325370908271187,0.945115400890871,-0.026901740497313,0.012920812973125
3980,1666253450.614925861,-7.624926199355968,362.868471744409533,9.907075602884024,0.322680536267609,0.945962036350524,-0.025993766727358,0.018905591472980
3981,1666253450.715782881,-7.760551028176323,362.971250889819487,9.876223352560867,0.329772663401899,0.943636276471667,-0.022768673717207,0.016797490784773
3982,1666253450.816457510,-7.900574959258591,363.083325576171887,9.856399792952983,0.343502326376829,0.938787057751785,-0.024694969372618,0.008670089915215
3983,1666253450.916111708,-8.044043219339629,363.199121240924683,9.877036790412729,0.363219628380960,0.931289311995549,-0.025745360650288,0.010435292360066
3984,1666253451.016705990,-8.183178529567924,363.314195897808531,9.901963261049200,0.376606718194257,0.925729426210900,-0.026505941280339,0.022132427228685
3985,1666253451.114522696,-8.306604796049847,363.422171201410833,9.894271091835240,0.381740795911039,0.923677970836247,-0.025728672652707,0.020760692006045
3986,1666253451.214086056,-8.426649455131315,363.532181513826572,9.861483900121602,0.367216247258278,0.929770422044363,-0.024070137222292,0.009990922634771
3987,1666253451.314312696,-8.548935155212071,363.649156011541663,9.860473392894088,0.361829247515386,0.932053714804762,-0.017597334470772,-0.006767730832286
3988,1666253451.413574934,-8.676732706366453,363.768226719509471,9.891226979351716,0.355095154486427,0.934625586347120,-0.018920696545518,-0.004944880968853
3989,1666253451.514002085,-8.804421876941962,363.882329176416818,9.911040813438385,0.342286956253337,0.939323401031246,-0.022594801634998,-0.000814120994445
3990,1666253451.614997864,-8.929246183446638,363.991772369966327,9.886392427626465,0.343944567470307,0.938755474864075,-0.020896741336633,-0.001902398985330
3991,1666253451.717212677,-9.059299456949706,364.110530309320950,9.850585680126510,0.361823412440612,0.932009006421499,-0.020251112255730,-0.005737822883817
3992,1666253451.817943096,-9.195141736971051,364.242521641237659,9.860474083032900,0.377023512775826,0.925799032114720,-0.026697258014897,-0.006056349074339
3993,1666253451.920540810,-9.332924928681544,364.378112299517738,9.883672711809361,0.387722880886285,0.921023294288700,-0.035351853488642,0.011717741665825
3994,1666253452.019344568,-9.454234569171549,364.498215914852835,9.881840777558196,0.397469164953054,0.916597214232408,-0.038519308313954,0.019597771810244
3995,1666253452.119642258,-9.570242732504365,364.613340209773014,9.850432856738820,0.391649377402359,0.919182886880394,-0.038302842016140,0.015699615920657
3996,1666253452.219519854,-9.690445000502827,364.734554478992607,9.839667300082438,0.371820456310222,0.927705706713290,-0.032681584939161,0.006601818440221
3997,1666253452.318289518,-9.816741612717458,364.856153217968199,9.862669048614453,0.374013274288738,0.926952635370294,-0.028483189476995,0.007847952159779
3998,1666253452.418502569,-9.944744833130533,364.968079103894183,9.885537897672295,0.364400979236242,0.930703766999511,-0.027039446601855,0.016470966943468
3999,1666253452.520317793,-10.070281431086059,365.074462841182935,9.870320894526671,0.360595169419430,0.932328756402847,-0.019151838263335,0.019168225448084
4000,1666253452.619118690,-10.193316419040544,365.187794050932268,9.835239952272264,0.371768441059382,0.928016359524752,-0.016831851113570,0.017045570532969
4001,1666253452.719777822,-10.325668404670219,365.318400885750350,9.834704635658181,0.387657686446492,0.921595490805059,-0.014814709056955,0.012798197618918
4002,1666253452.820214748,-10.457965697746408,365.451978656798133,9.861190566823247,0.403978888128357,0.914161172174338,-0.023543112628176,0.023582431664114
4003,1666253452.920216322,-10.580192974856988,365.576990115355102,9.874776454728115,0.413507912916959,0.909443930157515,-0.027741099772842,0.033961378624958
4004,1666253453.019082785,-10.692716419589644,365.692857372784545,9.851485628705491,0.410043040138276,0.911081670264343,-0.029166445904019,0.030728061699735
4005,1666253453.119337559,-10.807779010161926,365.813666069878309,9.828512613521491,0.390574328564787,0.919932124443516,-0.028304397738215,0.019376309031453
4006,1666253453.219258308,-10.929019982520602,365.942884817943593,9.850177982933376,0.395726216516485,0.917952242256822,-0.024498223257355,0.012817158595113
4007,1666253453.318413734,-11.048594437896686,366.061334915511850,9.880417220189956,0.382261482740658,0.923467810685373,-0.028776785882907,0.015976796773027
4008,1666253453.419229507,-11.163511157121278,366.166430483121644,9.884136585916080,0.377392077343229,0.925583250058055,-0.027380941146304,0.011006872056687
4009,1666253453.519169807,-11.275632428499312,366.271870794246354,9.853604025261742,0.371146608905595,0.928196199873378,-0.026495407813196,0.000051022641802
4010,1666253453.619313240,-11.393392828804860,366.390346650016966,9.835889361452837,0.379559429624125,0.924566570494052,-0.029560953743518,-0.015409286876768
4011,1666253453.720105886,-11.518274046989648,366.514577943742324,9.849266983754017,0.398773180914085,0.916167862219937,-0.033331148119690,-0.022481836758509
4012,1666253453.820586681,-11.642479744116233,366.640875822545297,9.876987108395772,0.410569486426286,0.911156706802470,-0.033725145722624,-0.009421624622202
4013,1666253453.919167995,-11.758485715177384,366.762636705470641,9.868974499511028,0.420025347629539,0.906759468230672,-0.036180409307158,-0.007546661850219
4014,1666253454.018828869,-11.875305123051076,366.889297561049204,9.834753046621172,0.405924441265951,0.913065694443621,-0.038093716563303,-0.009233329383797
4015,1666253454.119044781,-11.994993909943368,367.024880053890627,9.836181454821389,0.400453391411085,0.915538107985030,-0.034525400591080,-0.015331368124795
4016,1666253454.218385458,-12.115062666930619,367.155585458869552,9.863439216135106,0.390798637567386,0.919663772363090,-0.037171618909912,-0.010641495476754
4017,1666253454.318627834,-12.234229709822911,367.274587337591413,9.879030466584799,0.379790772022151,0.924327564399555,-0.036844778081639,-0.004470515196162
4018,1666253454.419871092,-12.351929757798176,367.392836847809463,9.858697786707358,0.376600702889771,0.925788683743728,-0.032815077197154,-0.003224025981695
4019,1666253454.519459009,-12.468309630653236,367.524541798587052,9.832161696075252,0.392742250419153,0.919080946497155,-0.031896789580201,-0.005131601706067
4020,1666253454.619600773,-12.589340106183078,367.674088579809165,9.843566413836255,0.406880909958511,0.912611551344269,-0.039491441100457,-0.005339245653667
4021,1666253454.720745087,-12.709329992361742,367.824727668979563,9.865815319630306,0.426349741776096,0.903205044385791,-0.048148144244207,0.011327033563828
4022,1666253454.819289684,-12.817485245971014,367.960138041989865,9.866804738287778,0.441044506799414,0.895754626446826,-0.052073300436631,0.019793019042233
4023,1666253454.918863297,-12.921714676213451,368.087667964642208,9.836979241173204,0.438356397544110,0.897166355556536,-0.052496725674802,0.013427322256434
4024,1666253455.019184589,-13.028952576171795,368.222478194722441,9.825123363050739,0.428438867148777,0.902486230146946,-0.044213580253996,0.001975052543470
4025,1666253455.118132114,-13.139799335266376,368.360353986863970,9.844733168001017,0.429755534760264,0.902082710768384,-0.039076311745664,-0.005477694409027
4026,1666253455.218354464,-13.257420454455728,368.491492316148424,9.877009361160606,0.421654830229525,0.905898892553400,-0.039314300427744,0.002964185640462
4027,1666253455.319598436,-13.372262115381567,368.615576168983353,9.883360832816690,0.426357843832205,0.904049299277652,-0.029340816901695,0.007278045196400
4028,1666253455.419386625,-13.479720501864161,368.746333150488681,9.858549137049041,0.440156180097316,0.897576211875646,-0.024293073782133,0.005415492897245
4029,1666253455.520129204,-13.589954858881962,368.905121101435554,9.875138141479209,0.453608700527016,0.890642348774187,-0.031017042758622,0.005770306291840
4030,1666253455.620299339,-13.701680749548190,369.066743751616059,9.915587975878019,0.465177562917649,0.883802781870883,-0.045625037798507,0.020514230211485
4031,1666253455.720106363,-13.800883184251614,369.211413979495603,9.939570978705381,0.485314067290150,0.872143723008471,-0.049754768307557,0.036878795233534
4032,1666253455.819248676,-13.888345775638030,369.343362893598851,9.935136773127484,0.490320918426301,0.869328205254365,-0.051291858499627,0.034971613552515
4033,1666253455.919502020,-13.976970687245167,369.480607175304840,9.935303989402938,0.480886533737989,0.874980880866109,-0.049362269641790,0.026832184481356
4034,1666253456.019036770,-14.061784265553118,369.618674405635204,9.966716667631765,0.472632434821622,0.880058064678729,-0.045032762925009,0.009403967878216
4035,1666253456.118361235,-14.147403428902734,369.748274129168635,10.001088162332788,0.462249062799091,0.885362711018782,-0.048874566880011,0.008363646999169
4036,1666253456.219504118,-14.236646451865541,369.871807957242368,10.021778235925947,0.465254082939450,0.884075538662242,-0.043404438873459,0.008070621619071
4037,1666253456.321242809,-14.329304388456800,370.000920402720226,10.010424738683756,0.479807811299376,0.876584338027294,-0.035736759875945,0.010355990291710
4038,1666253456.420209169,-14.425534327991173,370.145315375864527,10.007584938557200,0.509059325673999,0.860049125275875,-0.031854670543193,0.012624778062180
4039,1666253456.520900726,-14.527515024056278,370.305606755396980,10.036152414194802,0.529436002853904,0.847040235041372,-0.040269107119390,0.024469534424352
4040,1666253456.621699572,-14.623994382628656,370.455123573352694,10.061043719423299,0.541276065382618,0.838396229704823,-0.046555161627207,0.044097618830437
4041,1666253456.719808340,-14.708564899858070,370.587843945501106,10.062703559011741,0.555159057854701,0.828811534549025,-0.045173670264845,0.053190226500498
4042,1666253456.819461823,-14.792255683786841,370.722453155012488,10.049940699829332,0.547021826218251,0.834290703831104,-0.046572006535947,0.050568679526622
4043,1666253456.918647766,-14.876770160670986,370.862804682642093,10.066802005359484,0.540299745051137,0.839390256426057,-0.042441047956779,0.041218204267096
4044,1666253457.018275499,-14.962198511957871,370.997964919542596,10.104119503587736,0.527224975190383,0.848067711015663,-0.040939427917228,0.033748278622240
4045,1666253457.118560076,-15.049181879048009,371.121461018406137,10.138901944664482,0.517661768817187,0.854090458140419,-0.039506700682159,0.031543668457559
4046,1666253457.220902920,-15.134631075104949,371.242286099076750,10.143497066649431,0.504899229544609,0.862204514174925,-0.032674983958240,0.024748518439908
4047,1666253457.319551945,-15.215384066756485,371.370578231133663,10.132970488634648,0.506173843316772,0.861713790932956,-0.030211529205774,0.018017945524706
4048,1666253457.419703484,-15.298915098343548,371.518531142617348,10.157251049158694,0.515318763602843,0.856255736939737,-0.034817726663370,0.007772435050911
4049,1666253457.522457123,-15.387051564821450,371.668344906906611,10.194421509293276,0.519722873338273,0.853203830717659,-0.043197935504841,0.008080627812346
4050,1666253457.620086432,-15.469005407548963,371.800569182448157,10.223871973061208,0.527962531610323,0.848026835305031,-0.043108084142614,0.015739914221694
4051,1666253457.720609426,-15.548732482742423,371.930585448641295,10.222914820226624,0.535548171047851,0.843510652922864,-0.038389572160532,0.014289004243704
4052,1666253457.818654060,-15.627164058099815,372.064402076754050,10.216934325248349,0.527348758245069,0.848870067417888,-0.034936959075639,0.010114579075842
4053,1666253457.917519093,-15.706437798354399,372.206679430198790,10.250938243407495,0.517549549538265,0.855130345881370,-0.029875383307618,0.001420140053043
4054,1666253458.017508984,-15.785663727322301,372.342210368341057,10.287647098118660,0.499780575656784,0.865534333088461,-0.032664600354600,0.001648734351188
4055,1666253458.118241310,-15.864783597001306,372.468726620634413,10.307677294663733,0.481296586491400,0.875882848370602,-0.034372079702090,-0.001179787642329
4056,1666253458.218948364,-15.943758942988524,372.597314152023614,10.297291191701959,0.472926891502484,0.880603113549720,-0.029463627495195,-0.003194738668828
4057,1666253458.319939613,-16.023961780303129,372.743188450540174,10.293044768130184,0.485434386517718,0.873630759846198,-0.032723420993305,-0.007206216428696
4058,1666253458.420514822,-16.108443082318253,372.900520460101006,10.326317993076772,0.496324145570774,0.867220901471729,-0.038876096382353,-0.008882550538750
4059,1666253458.521980524,-16.195534156006588,373.053387878776505,10.357969317948402,0.509896086668497,0.859020572389109,-0.045451470284470,0.004878612653277
4060,1666253458.620040655,-16.275142233275528,373.194639701075118,10.365139973819410,0.526819196928224,0.848626791505627,-0.044288699820021,0.018237695989864
4061,1666253458.719379663,-16.354028082491396,373.340549915699000,10.347784908519220,0.526807847532248,0.848373724295618,-0.046972562130547,0.023002045781086
4062,1666253458.818962812,-16.433054393584829,373.497583900163306,10.356502874143032,0.522393532723404,0.851208251297149,-0.044228592516407,0.024358602103333
4063,1666253458.918190718,-16.509183421506215,373.649616661228663,10.397177677365388,0.513348591670564,0.856694587967255,-0.044965449985472,0.022928468877536
4064,1666253459.018407106,-16.583577934765923,373.786346011920443,10.431333524167265,0.503274392381181,0.862427712239361,-0.049808205831817,0.021271336741036
4065,1666253459.120343685,-16.661965238866888,373.916052233208063,10.441081501936887,0.483818263474517,0.873726464243012,-0.047675263240050,0.015780458957204
4066,1666253459.219700813,-16.742263915765331,374.048289334062702,10.428324057755232,0.488279677422904,0.871482014969338,-0.044588051476240,0.010675198654805
4067,1666253459.320130587,-16.829565547440893,374.198996312295890,10.444068685180305,0.500152751480777,0.864888607407136,-0.042310412474030,0.004975033651255
4068,1666253459.421538115,-16.919744618341653,374.352489745508308,10.480588591030635,0.516754771390408,0.854833075776747,-0.046193686280444,0.009542649062863
4069,1666253459.519925833,-17.000399240651934,374.491028269527874,10.509065918117622,0.526740186772861,0.848477575762532,-0.046650602029388,0.021314323750062
4070,1666253459.619312525,-17.075330041399329,374.625040232527681,10.506736350265838,0.536350484065904,0.842573453928461,-0.043864609658263,0.021772206981882
4071,1666253459.718664408,-17.150659627545792,374.767593420729611,10.492499699780282,0.534639141498889,0.843745119482670,-0.042449699629066,0.021288135848593
4072,1666253459.818283558,-17.230974638838806,374.922022399325783,10.520679385103335,0.539556128245727,0.840940900765621,-0.036361691972351,0.019375583833629
4073,1666253459.918087482,-17.316129892304083,375.067529612140049,10.559045582639172,0.532942574080268,0.844986030243865,-0.034633127030075,0.027773511436796
4074,1666253460.019231558,-17.399586933694589,375.200287570120793,10.584604036966505,0.529863650766170,0.846846568096081,-0.032128498173560,0.032606154415204
4075,1666253460.118862629,-17.474305579518266,375.330816551984753,10.579883048855441,0.527629513093618,0.848348102410207,-0.029134881095788,0.032615222720801
4076,1666253460.220196486,-17.541450200767578,375.481741164501955,10.576649686171024,0.532188502049460,0.845459882929771,-0.036024581607093,0.025984883350963
4077,1666253460.321142912,-17.612614008074711,375.640933879829106,10.602254600697895,0.546372381323780,0.836213797230163,-0.042936751984696,0.019497219737654
4078,1666253460.421340466,-17.690892142418388,375.791137892690870,10.630653137637497,0.563771062307421,0.823719934830313,-0.050745354922303,0.032750072087185
4079,1666253460.521554470,-17.769343318270153,375.931514547705774,10.646887715441091,0.579930031019713,0.811925725180435,-0.048815198389839,0.045550546844795
4080,1666253460.621559620,-17.844195280019626,376.070925995367247,10.633382269469413,0.577268662075517,0.813881311128841,-0.044822287724141,0.048467161087844
4081,1666253460.720554113,-17.914107805785939,376.221943934010483,10.630464468068622,0.574975894312582,0.815612352862316,-0.042683990448300,0.048551908070153
4082,1666253460.820190668,-17.991101120946080,376.382347278545069,10.662049113185292,0.571545157732282,0.817712410764344,-0.044154779678989,0.052277159316903
4083,1666253460.920022011,-18.069593365990087,376.526132924094213,10.694438341835038,0.565948768981485,0.820739406199232,-0.045203559877508,0.063603900623114
4084,1666253461.020140886,-18.140686380713934,376.657016323122662,10.707994198412871,0.556846036491525,0.827129836229766,-0.041096710170513,0.063951435287730
4085,1666253461.120445728,-18.201982432183087,376.793944692018101,10.698613326864333,0.546293942810059,0.834654419352017,-0.043369294538148,0.055082053306420
4086,1666253461.221520662,-18.260101123331712,376.947197763651559,10.714335108835813,0.552930261590596,0.830700653075265,-0.048479164729314,0.043061832111886
4087,1666253461.322073221,-18.323526200026922,377.097904794626515,10.754357494764925,0.571665318061992,0.817865984618761,-0.052596232981561,0.039084928102979
4088,1666253461.421695948,-18.386566868668908,377.232476715620919,10.788468477341581,0.585229853916233,0.808336044070738,-0.047421721291635,0.043012071456648
4089,1666253461.522998333,-18.443247362740102,377.363733555454928,10.797180729418590,0.600703351029112,0.797542964088380,-0.039974201376924,0.038506723046687
4090,1666253461.621909618,-18.492681280873317,377.500662659727254,10.787912104575744,0.592158032015068,0.804434371125281,-0.037169712643267,0.029199659832469
4091,1666253461.720457077,-18.537773175853459,377.652207565380309,10.808499273265969,0.589743853858678,0.806458434541415,-0.038991381818916,0.017511491563415
4092,1666253461.820312977,-18.587670325063574,377.805108089063935,10.842322196759701,0.583178260635545,0.810806189684524,-0.046318106312836,0.018736918608939
4093,1666253461.921169043,-18.640694876834750,377.945259863216222,10.866008246837382,0.583208047895455,0.810519674088461,-0.050037037649336,0.020555428693829
4094,1666253462.020552158,-18.690905725160750,378.079854555559848,10.858164902465516,0.579506744149042,0.813322136305448,-0.048358717426910,0.018451843543212
4095,1666253462.121241093,-18.735868703407323,378.226240454487538,10.849419175417218,0.588419950675361,0.806972135897798,-0.049281751680598,0.011368486400722
4096,1666253462.222563744,-18.777985627837779,378.376946973030272,10.882681572462964,0.605939363995663,0.793871473900646,-0.050732563264324,-0.005637119120578
4097,1666253462.321129322,-18.824600070202880,378.512088801535015,10.918268351194831,0.618735208380803,0.783912326957240,-0.050701819230705,-0.008805173544385
4098,1666253462.421399355,-18.878164891483635,378.642229775048236,10.940823952356595,0.635317824038814,0.771139468398761,-0.040404034593139,-0.009093773961295
4099,1666253462.520353079,-18.936509097178195,378.770136007660653,10.932625891792940,0.645300038996699,0.763464695737285,-0.025231568657251,-0.008537328430388
4100,1666253462.618891954,-18.991975609815242,378.904748930607923,10.933469965753041,0.638479194826831,0.769451545475739,-0.011756999667628,-0.012264171276227
4101,1666253462.718653440,-19.044421917716200,379.051337817214801,10.973564041323888,0.627994339875363,0.777960954061067,-0.000492770670854,-0.019990503194456
4102,1666253462.819139719,-19.098526073434275,379.201335763351722,11.007208242709890,0.621464868398793,0.783288472866019,-0.003933973566619,-0.015003648665189
4103,1666253462.920493126,-19.158499047526174,379.350234120848484,11.013081607024182,0.607553309755942,0.794244741086894,-0.004909098063316,-0.005492523702144
4104,1666253463.020625830,-19.218311303189584,379.502059481218282,10.989872794632696,0.605634299544749,0.795722875499645,-0.005318918183062,0.001977303942383
4105,1666253463.122002602,-19.274446136405437,379.668589631299824,10.993076113323335,0.615190195612959,0.788310981335752,-0.010122264965102,0.002087984465589
4106,1666253463.222021103,-19.330697289497042,379.836095608187179,11.030740845116023,0.633347550801628,0.773666160658034,-0.017580840436019,0.001570285260614
4107,1666253463.322133303,-19.387686912255763,379.993916761451771,11.061154641835778,0.645148156305705,0.763719906628113,-0.018420955360205,0.013282659331427
4108,1666253463.421863556,-19.436878933994784,380.145983946733509,11.066815551301580,0.662723243379402,0.748409031599864,-0.014773300614099,0.021530761561211
4109,1666253463.520122290,-19.477246372514216,380.303508879611002,11.047686980652623,0.661036694480235,0.749825529612431,-0.015311875842108,0.023615887666521
4110,1666253463.619547129,-19.511628039831489,380.477396683036829,11.062120003998185,0.655631663983811,0.754550129209764,-0.017106688957584,0.022551826627932
4111,1666253463.720012665,-19.551881917145895,380.653457604782375,11.108257182870718,0.657440810215293,0.752608221027982,-0.021656412359241,0.029722828066689
4112,1666253463.819153547,-19.592688139936421,380.811598519822553,11.141967095641993,0.655547852709889,0.753851262755916,-0.025326796374248,0.036384609853380
4113,1666253463.919325352,-19.629276843109647,380.968922011431914,11.139975249094135,0.641583074259772,0.765854258929171,-0.025671422969221,0.034342261809106
4114,1666253464.020865440,-19.659060383764825,381.137040966735753,11.123517800638245,0.644063779733847,0.763664166767715,-0.032290316032869,0.030922864039746
4115,1666253464.122232676,-19.686576861444706,381.313481147864820,11.149806671643230,0.655547605369552,0.753810703063075,-0.039034107631597,0.022429879250758
4116,1666253464.221498013,-19.716946959370098,381.479586571124173,11.189105380845378,0.671335199423954,0.739210496831882,-0.044381284629586,0.030119644131207
4117,1666253464.321363449,-19.746711255335107,381.635760572689946,11.216059005784247,0.690501189466731,0.721044900540232,-0.041309908741611,0.039948093693151
4118,1666253464.421129465,-19.772011356590532,381.789193322748702,11.205687352159821,0.693443469135977,0.718559274609515,-0.036256964024381,0.038654321169108
4119,1666253464.519474745,-19.791983743064254,381.952194103437932,11.201667726964914,0.684410316125745,0.727373049451641,-0.034307595720855,0.036523348531207
4120,1666253464.619661808,-19.815287996683097,382.127253193913532,11.238736335895778,0.687674036433584,0.724291194223520,-0.033313328060084,0.037375229216282
4121,1666253464.720056534,-19.843210997013951,382.291094357433167,11.268899974440066,0.683344466586332,0.727914283537328,-0.033667283801855,0.045250964736515
4122,1666253464.820051670,-19.870847654256888,382.445723517388785,11.276924584724410,0.670993314256891,0.739307690899649,-0.033650692811061,0.045384372558386
4123,1666253464.919992685,-19.894025258722600,382.603988227371872,11.263195446039170,0.669820158284124,0.740597773340619,-0.032957781826948,0.042067544451696
4124,1666253465.020825386,-19.912861945640795,382.771338088230834,11.276573649309100,0.675857700519060,0.735643344240174,-0.031896610587500,0.032060021167361
4125,1666253465.120876074,-19.934033404017807,382.935214934560690,11.313031459013674,0.691281910029300,0.721229579458077,-0.031581502670279,0.030981014671173
4126,1666253465.220624447,-19.954756288681455,383.093612498163168,11.339505704752632,0.702607164240046,0.709801580102897,-0.029519214160964,0.040663320539669
4127,1666253465.320930958,-19.971142355328134,383.251016096106582,11.333884604186178,0.712567680838194,0.699639682325163,-0.028052576319877,0.044324576733914
4128,1666253465.419582367,-19.983509467009636,383.408995427017771,11.319236835637701,0.706986354511360,0.705210327420962,-0.027623059307007,0.045668974458364
4129,1666253465.520265102,-19.994604043235302,383.576179832191201,11.347582482534595,0.701250016314640,0.711454206652623,-0.021343578830811,0.040320938700585
4130,1666253465.619721413,-20.010329279673211,383.738726039451535,11.387041942081771,0.698946378442087,0.713433432178379,-0.019415099584755,0.045932034801261
4131,1666253465.712696791,-20.025296673789555,383.884064366585108,11.411386107590738,0.689962322494772,0.721818137960321,-0.021161033598906,0.049827501504115
4132,1666253465.813620329,-20.036718124674135,384.043180232059797,11.407974729679310,0.683942743691731,0.727520130404255,-0.021029527417081,0.049945392025862
4133,1666253465.914402485,-20.042335121782326,384.212321088309693,11.398774786396116,0.692314772221262,0.719637142436712,-0.024616156760184,0.047081676012051
4134,1666253466.021116018,-20.050889512870970,384.398269317789925,11.427140350493554,0.709920117995479,0.702598184509338,-0.024120332355066,0.042277970109132
4135,1666253466.121222019,-20.062458299652782,384.565704273481117,11.460131369341960,0.725764232509695,0.685206678165723,-0.029019380437902,0.053999653385076
4136,1666253466.221459389,-20.069667393297010,384.719310397945321,11.479391199774334,0.735646239675391,0.674067881717441,-0.029825045689371,0.059729118008271
4137,1666253466.319470644,-20.072741394644982,384.859783890827430,11.464780912871063,0.733999310082605,0.676415787036549,-0.027086291926469,0.054525486111184
4138,1666253466.419216394,-20.072453985162596,385.010151821962779,11.461598942695495,0.721443027012160,0.690547317945694,-0.024618138208686,0.045368576401282
4139,1666253466.519715071,-20.070362470011002,385.171200001088835,11.498573955552024,0.720981710026828,0.691798002724149,-0.018505628879192,0.035474482849725
4140,1666253466.618988514,-20.072615833635357,385.324003906754626,11.529991205710751,0.714665256210961,0.698220934067254,-0.022633545716234,0.035054548969904
4141,1666253466.720162868,-20.077986586776635,385.474105314745202,11.543472560331480,0.702411956983536,0.710532619181568,-0.024495351767745,0.034070772038724
4142,1666253466.821413994,-20.082825120296928,385.627619902613390,11.531529538101449,0.700644784679916,0.712289475614224,-0.024620124867298,0.033681420420862
4143,1666253466.920609236,-20.087585906214290,385.787346954588656,11.542706824004933,0.715395610431799,0.697650350995226,-0.023999318114589,0.030284336895259
4144,1666253467.021224737,-20.094878743394130,385.950542122549109,11.580779237632944,0.733055067119168,0.678939018549384,-0.025856756462772,0.031678159784570
4145,1666253467.120987415,-20.099550256882758,386.106720094145771,11.613148690030791,0.738768781513107,0.672059765019047,-0.027397512721623,0.042493952520933
4146,1666253467.221647501,-20.095508322701029,386.258785074928824,11.612211486508984,0.744714066467677,0.665208609392954,-0.028434007244872,0.045716216233052
4147,1666253467.312399149,-20.088809118640462,386.398547485918016,11.594335275255448,0.737047849804698,0.673647511515024,-0.032963298607858,0.043277225798058
4148,1666253467.412498951,-20.079683367218109,386.559985154384151,11.610950455523339,0.733890594005027,0.677696727027403,-0.026304663876262,0.037944787068210
4149,1666253467.512372494,-20.072533381172509,386.719449205645617,11.649779585438937,0.728685114852771,0.683331365274845,-0.024259129367502,0.038571275140340
4150,1666253467.614031553,-20.066971353810978,386.868668136841734,11.675130686709764,0.722687720503105,0.689712376234750,-0.024247068442839,0.037833535052514
4151,1666253467.713448286,-20.060425158478559,387.009946688850391,11.674409437644385,0.714156207485470,0.698666833215670,-0.021499184301593,0.037193447658472
4152,1666253467.815423489,-20.044186363511649,387.162599923977837,11.661123505839695,0.721292579765921,0.691594984764696,-0.022295834423279,0.030598810276094
4153,1666253467.914377213,-20.020233267350786,387.318749552612530,11.678472405725135,0.729068624690088,0.683744229710419,-0.025957737979527,0.016702235455045
4154,1666253468.014935017,-19.997291667063585,387.477289412458106,11.713125951609692,0.745877991742728,0.665264693344686,-0.030110813828824,0.013499930125791
4155,1666253468.116010427,-19.974155994620212,387.633582090885795,11.740205364119740,0.757104499193448,0.652098559911220,-0.036316349372874,0.015536030090693
4156,1666253468.215204954,-19.951719114900882,387.785344124927803,11.735577566275184,0.763713836961331,0.644040930989923,-0.040989802241700,0.016501228912430
4157,1666253468.315185547,-19.928032271402131,387.941056215433889,11.723249213396690,0.761843246489584,0.646212996890914,-0.041374252275166,0.017082203492132
4158,1666253468.415737152,-19.902260135703607,388.100068983048857,11.756449862969367,0.765142645894917,0.642906504618519,-0.031777147870558,0.014770600033052
4159,1666253468.514308691,-19.880090653764391,388.251037965814305,11.795739864908214,0.766734228466500,0.641163267378504,-0.027422745202684,0.016621687879110
4160,1666253468.615018845,-19.856728983634287,388.399953456887545,11.819238715180846,0.755436944855577,0.654403419628993,-0.030200909326433,0.012613159834401
4161,1666253468.714609623,-19.832021538608686,388.547672074146476,11.808353986500538,0.746190428022190,0.664926509290429,-0.031778883605197,0.007917381367234
4162,1666253468.814987898,-19.805847066919277,388.706497987017258,11.796511923322583,0.758468622062751,0.650785556579455,-0.034560750861029,0.003010513863633
4163,1666253468.915603638,-19.782947672329833,388.876613867722597,11.828317650054203,0.765938842292599,0.642050801091261,-0.033288538752334,-0.000576084435449
4164,1666253469.017322540,-19.765545626835589,389.045439253238726,11.862031238771346,0.782967979487019,0.620790434724215,-0.038066576899434,0.011459274675777
4165,1666253469.115822554,-19.752025863803265,389.198389233288822,11.875983096666088,0.796820622130799,0.602538243919154,-0.038134999483030,0.023880589949522
4166,1666253469.215563774,-19.739863552365161,389.347671421992288,11.859432892525804,0.797505194176822,0.601602730102680,-0.034666304787766,0.029289378729403
4167,1666253469.317134142,-19.722431333262890,389.505207154433549,11.852937308495674,0.792176459923142,0.608812047613643,-0.029054415677114,0.030986899712366
4168,1666253469.415625811,-19.699388055719265,389.666401133393151,11.890582759388458,0.789244007865529,0.612804436063096,-0.024195919887676,0.031291798454816
4169,1666253469.515443563,-19.678268014495991,389.821463744842049,11.923806737905805,0.778358241211113,0.626256412141093,-0.028789948261985,0.033652540319882
4170,1666253469.617275476,-19.659662662663916,389.969610728576583,11.937395790747704,0.764260828049050,0.643153114043498,-0.034454475619278,0.032746720686699
4171,1666253469.719662189,-19.636885012480892,390.118659399093076,11.926279891280544,0.761404645594697,0.646547363354300,-0.035917400040204,0.030812545833941
4172,1666253469.820409060,-19.605517379140441,390.275482994403205,11.935913043784067,0.770800901318255,0.635299701420615,-0.039808624514145,0.025991023760812
4173,1666253469.922383547,-19.571736945119003,390.435710133391069,11.971820252657416,0.793080783846756,0.607236783452834,-0.043239472092261,0.020413406576420
4174,1666253470.021635771,-19.540548560717035,390.584876400382768,11.999697762636474,0.807957961564898,0.586367301187533,-0.052177539306533,0.025589545401574
4175,1666253470.120511055,-19.509440065573664,390.727125969501571,12.005471776252309,0.817884331594284,0.571828645231375,-0.056928404341040,0.028920190258790
4176,1666253470.220076561,-19.480733310481877,390.870003213990742,11.988068286156048,0.818567767961939,0.570707832290788,-0.058148826255514,0.029293231656218
4177,1666253470.319522619,-19.451132031918458,391.020548160344958,11.988083700186925,0.813239048864379,0.578805566832260,-0.053869338543865,0.026915786650089
4178,1666253470.418791533,-19.421294036097574,391.178443747758877,12.024937642598386,0.809686888045815,0.584056725756744,-0.051186692435118,0.025783850421301
4179,1666253470.519324541,-19.400768669496706,391.331446074079281,12.060526144769703,0.800019102882486,0.596933288113576,-0.050694890428471,0.032712576319546
4180,1666253470.619874239,-19.382542956610088,391.476633247142274,12.073710412863317,0.797216315979456,0.600872699116073,-0.043135522331313,0.039210607063838
4181,1666253470.719853878,-19.356760685824991,391.622256434684402,12.061425815934278,0.795248107629550,0.603718634902190,-0.038507709076862,0.040266779423098
4182,1666253470.820461750,-19.318346850380223,391.775166992567392,12.068599967317869,0.800120138445107,0.597995439474147,-0.034370038676512,0.032061173778882
4183,1666253470.921244383,-19.278372393145446,391.929868510278254,12.103609160342124,0.811104312156200,0.583401664193498,-0.032373370106059,0.026537858350870
4184,1666253471.020810127,-19.240453468740583,392.075216039641305,12.136623071097185,0.820357331537648,0.569956513355889,-0.036064577570757,0.029372907930101
4185,1666253471.119861603,-19.201904206482279,392.213246505548568,12.149274338791235,0.822754214147514,0.566541293956954,-0.037298076169487,0.026745445558864
4186,1666253471.220154524,-19.162035792190693,392.353855502429326,12.132794718142252,0.817056271938678,0.574951822679640,-0.037401945029895,0.021226035687572
4187,1666253471.318421364,-19.118886036563659,392.503395848998480,12.139550069304709,0.810994628288614,0.583898267864751,-0.033392847898716,0.015344164388112
4188,1666253471.418704748,-19.077081690251344,392.670392744962101,12.175661269612178,0.801769689415149,0.596007479527306,-0.038860780208899,0.020743414477825
4189,1666253471.519278765,-19.041935168820391,392.833958531583505,12.200855478803707,0.796047376698955,0.602373471624461,-0.048959332091024,0.032523199950318
4190,1666253471.619415045,-19.011723286680656,392.990373986662462,12.195261336315166,0.795425386990104,0.602144787157598,-0.053207549805777,0.043463383143050
4191,1666253471.720104456,-18.977752232353001,393.145898826576001,12.178326952534924,0.806313293973940,0.586482891916956,-0.054642178597686,0.053952958841170
4192,1666253471.821561098,-18.938091194352452,393.301847156736130,12.198763220694012,0.814923808862906,0.575325380686658,-0.051378599259618,0.047540841644284
4193,1666253471.920058966,-18.900863243973831,393.444799536850951,12.234853688955488,0.827938635981361,0.556602647145914,-0.052450078564417,0.044272988357134
4194,1666253472.019745588,-18.863444008610415,393.579944398043892,12.262513495873550,0.830173439751142,0.553262061760981,-0.055109565774047,0.040940037957252
4195,1666253472.120024920,-18.827598501705982,393.714786343402295,12.262107886883760,0.832195031123688,0.550717419912837,-0.056123769718895,0.031809999216166
4196,1666253472.218626976,-18.797656140248737,393.861183212098695,12.245508348186283,0.829892704266131,0.554492463341708,-0.052738505846230,0.032169201174421
4197,1666253472.318578959,-18.765769929508110,394.021507898121911,12.265265722090504,0.826063265771818,0.560849198752773,-0.043611982163108,0.034141649236320
4198,1666253472.419412613,-18.735380181416417,394.184100534231447,12.305045302484496,0.820623604168106,0.568334908175369,-0.043859175405692,0.040604250567833
4199,1666253472.518785715,-18.710768280908603,394.336749056939993,12.335069918433792,0.811003162921787,0.581331904877650,-0.047389761340961,0.045621229950836
4200,1666253472.619161606,-18.685694164574414,394.486328338857675,12.334397456746025,0.810316993940416,0.582019880191582,-0.045193410429647,0.050958650363626
4201,1666253472.720313311,-18.650142854630943,394.643896771105005,12.325305600129088,0.816043738178280,0.573655316446731,-0.045712037946223,0.053875828339086
4202,1666253472.820652962,-18.604647976592407,394.811036233287780,12.350148958940329,0.824626763908179,0.561751367821694,-0.048019513232449,0.046045926483224
4203,1666253472.920593023,-18.563825347002922,394.974297918379875,12.380591826160472,0.838878633766258,0.539006325855148,-0.057216247557747,0.049810837314792
4204,1666253473.021224022,-18.528797911460160,395.126077600366045,12.402365685044172,0.842126755548551,0.532645757212721,-0.064736645017491,0.054038798140199
4205,1666253473.119584084,-18.499004584116960,395.264349397596334,12.393522957349047,0.842645277311387,0.532574977248348,-0.064194559347452,0.046817611898993
4206,1666253473.218264818,-18.467655380167066,395.409397363468315,12.381641610878946,0.834018986889448,0.546901435871385,-0.060237342359286,0.041019648160437
4207,1666253473.318572044,-18.431110076567762,395.572057402803750,12.412020370294879,0.829938218648001,0.554053428900576,-0.055035867829996,0.034617978033040
4208,1666253473.418492556,-18.402255350447838,395.734437365765075,12.445027896101262,0.822959298205304,0.563705635409290,-0.057509347054345,0.040824320038722
4209,1666253473.510435104,-18.381047105555506,395.874879276336287,12.463834421348489,0.817769218046107,0.570793269634791,-0.057649191325507,0.046099024885564
4210,1666253473.611805439,-18.355839464923775,396.023473463725225,12.458763458423725,0.819653471549079,0.568539479449444,-0.052350114740754,0.046802909861754
4211,1666253473.713305950,-18.323080697294699,396.171154344786657,12.463292191003713,0.826594185073771,0.559692042272950,-0.046608291071301,0.036256561088657
4212,1666253473.814591885,-18.289613955824017,396.318201325364271,12.503712248684579,0.836244572850529,0.546349410528914,-0.041210414444662,0.022339152491617
4213,1666253473.914082289,-18.260494194998479,396.463001186678127,12.541894350277948,0.841004244897625,0.539035075682529,-0.040899697330374,0.021914880934894
4214,1666253474.014299631,-18.228474138107682,396.610423001842832,12.553848521678963,0.847001456193822,0.529244780391050,-0.042890763775768,0.025473084169479
4215,1666253474.112104416,-18.195714294643849,396.757419483700858,12.535728740867208,0.843137829353633,0.535124713342952,-0.045518255998034,0.026234142893674
4216,1666253474.212439537,-18.164807684033129,396.909296736441945,12.543126950873893,0.829139357443691,0.557398100216754,-0.037937219858635,0.019901034194591
4217,1666253474.312826395,-18.138359345412674,397.062639339296993,12.577307613583548,0.822330934619535,0.567887609488363,-0.029497133275645,0.020134946880326
4218,1666253474.415634871,-18.113396432127193,397.219664855773203,12.609409106082831,0.814282486734561,0.578889525315255,-0.028246685276564,0.032141469296609
4219,1666253474.515718460,-18.085683718035771,397.369079672676605,12.613758584632679,0.812377121968781,0.580967333885109,-0.025934500407282,0.042985699351916
4220,1666253474.618523598,-18.046494424049950,397.523043766982028,12.595618599008219,0.817419506478236,0.573462623952606,-0.024960475898942,0.048403966791659
4221,1666253474.716226816,-17.998496628039121,397.672953503832446,12.610152760341112,0.823188214316329,0.565789125378437,-0.026328562031299,0.039378118740758
4222,1666253474.816882849,-17.951511932404760,397.827570446170569,12.645397398576737,0.830408640605059,0.555520065756479,-0.028168963974234,0.032022735969833
4223,1666253474.916240454,-17.906802119815271,397.974218704702025,12.674994529297184,0.836533857115813,0.545704119969176,-0.034600277415484,0.034941954014901
4224,1666253475.015988350,-17.862383685716434,398.117070009729446,12.676466081956091,0.835945518064490,0.546656666329040,-0.037930610511236,0.030378426097434
4225,1666253475.115487337,-17.819867197366626,398.263804422507235,12.655693066619561,0.824999032251180,0.563017327138099,-0.039971498623827,0.028113438506397
4226,1666253475.215696335,-17.776055078862871,398.422399255783660,12.676014105614401,0.820706720551505,0.569704974734596,-0.035627278804310,0.024645843650542
4227,1666253475.315930367,-17.733923676155705,398.582686484311921,12.712169615732302,0.815910634881353,0.576142345425743,-0.038153071576092,0.029902789571246
4228,1666253475.415614367,-17.695612660080815,398.734029759721295,12.737116419168858,0.799891177703967,0.597533271647644,-0.046281081641637,0.031403098374281
4229,1666253475.516427755,-17.659073357602789,398.880166687605538,12.728610142069716,0.794736977552201,0.604198184499172,-0.048309449685199,0.031684182650170
4230,1666253475.617730856,-17.618377158734248,399.030262980894406,12.713959244816312,0.800800389293181,0.596140505316638,-0.048751875215119,0.030959474991057
4231,1666253475.716688156,-17.574985539755080,399.182106824121092,12.740320502112761,0.804472679214952,0.591889356105566,-0.046701266768499,0.017598017157395
4232,1666253475.817753077,-17.535027973674978,399.335359694133842,12.778203559280108,0.816510306393379,0.575009015475524,-0.049505683988147,0.014991295078304
4233,1666253475.918243170,-17.499458135568268,399.483080722981754,12.804092260097207,0.821291847751105,0.567694835606516,-0.053514047055183,0.018398945922060
4234,1666253476.016632557,-17.468392996759007,399.625311487825911,12.797663956338885,0.823303046841349,0.564832173474874,-0.053124690703991,0.017733474194508
4235,1666253476.115955114,-17.436311862764896,399.778505781488320,12.781746791923123,0.815375578647763,0.576440826683439,-0.049612870840640,0.020425526291607
4236,1666253476.216888189,-17.395910662060238,399.947956210693235,12.805032360760096,0.811381075719603,0.582398336051783,-0.045626859611974,0.019776698666963
4237,1666253476.316785097,-17.363167570317447,400.117303365240673,12.840654432091233,0.803060821751263,0.593108444318931,-0.049775415797724,0.028949919307783
4238,1666253476.417185545,-17.341618354496063,400.276981420077277,12.863383857916329,0.793012536144440,0.605778357365949,-0.054775769227518,0.034107394657319
4239,1666253476.518676758,-17.323130255659180,400.433130633978806,12.856856514308799,0.786396200598195,0.614350191895563,-0.051765348486779,0.038408411821513
4240,1666253476.617480278,-17.297053370119013,400.587905823757126,12.849780609112925,0.789850209490540,0.610341662118142,-0.048688860415993,0.035342565300294
4241,1666253476.717935562,-17.263389404772884,400.750092289320207,12.880880118277730,0.797906122410635,0.600575989007895,-0.045663414712538,0.023856944557192
4242,1666253476.819440603,-17.230489988853822,400.909161232188069,12.918413544002830,0.810526335195035,0.583026148440257,-0.049429918293653,0.026158237090994
4243,1666253476.918506145,-17.201036685228562,401.055490989107057,12.940084745903235,0.817605543319699,0.572841433631415,-0.051516900330365,0.026830513009577
4244,1666253477.017729282,-17.174296444406927,401.197763495699689,12.926418206358974,0.819931360262250,0.569820657694157,-0.049005989243482,0.024807167145041
4245,1666253477.119632244,-17.145139706316495,401.351901234025775,12.916630721251522,0.812393457004868,0.580979512096654,-0.044884752487260,0.021564705742737
4246,1666253477.216760159,-17.115580949642727,401.511344865231308,12.950650852022640,0.808150446223100,0.587377035679176,-0.039423190060677,0.018079997554966
4247,1666253477.316694736,-17.091671999287126,401.674637945571419,12.986213563286054,0.796184470153890,0.602954743621457,-0.043365832151840,0.025598266189946
4248,1666253477.417550564,-17.072436773624126,401.831087046325138,13.000585331756257,0.788940067952308,0.612096077058356,-0.044148274365680,0.031030493062672
4249,1666253477.516605854,-17.050709529951693,401.981457365250321,12.986256913268438,0.787953584530517,0.613369383986646,-0.040625920583284,0.035449710719725
4250,1666253477.617530584,-17.017939979101588,402.139773306722930,12.991580024597800,0.790556865787094,0.610528053972390,-0.037954156850252,0.028893238782780
4251,1666253477.718995333,-16.981071472658769,402.304079334902553,13.029671693863941,0.795784458131143,0.603860786362139,-0.039647403848368,0.022523992965445
4252,1666253477.818156958,-16.945647296190280,402.459158707132588,13.062105568499591,0.805647368635945,0.589822036878276,-0.046850015132915,0.029109419519900
4253,1666253477.918665648,-16.910155627137026,402.610922187857341,13.063299388482585,0.810577135045898,0.582417211190044,-0.053237849453769,0.030341912199694
4254,1666253478.018055916,-16.878192515820615,402.765644617241264,13.039606298591410,0.807199764555912,0.586761472830472,-0.055087111492089,0.033240400872336
4255,1666253478.118014097,-16.841855866656751,402.927520862012557,13.053237127618932,0.805533057754860,0.589704554672995,-0.046932366277417,0.034093753938685
4256,1666253478.218222618,-16.803243940479923,403.089449324122995,13.092230637892552,0.803551252492259,0.592893160585246,-0.043153346761347,0.030345896141881
4257,1666253478.318509817,-16.767954821273594,403.244130467429670,13.123909114363071,0.788606293642994,0.612541194040767,-0.046287011586535,0.027402769716942
4258,1666253478.419302464,-16.734055356987970,403.393558422458455,13.124899916972749,0.780901224783919,0.622553998807441,-0.045803861407877,0.022842985355853
4259,1666253478.518329620,-16.695030397293589,403.545837270906588,13.113885413985512,0.780406772091872,0.623475609107767,-0.044013889451230,0.017498927287625
4260,1666253478.619631767,-16.647092843453326,403.714077633366173,13.136814260992164,0.785496290375928,0.617340106777201,-0.042904912863082,0.006777818393896
4261,1666253478.720080137,-16.603761501782394,403.883006687484681,13.170211541290021,0.801612306523814,0.595430915199217,-0.052131350727713,0.012730181691481
4262,1666253478.819266081,-16.566113302030281,404.043216011118091,13.191967169147730,0.811258223013254,0.581402420249454,-0.056427683454000,0.025440869903934
4263,1666253478.919852018,-16.529923842228776,404.201107602172840,13.177986382708944,0.818888310605751,0.570301555436846,-0.056513568438860,0.031373351779510
4264,1666253479.020291328,-16.487128064970982,404.363991764985428,13.167360975597550,0.813531088148832,0.577852522624229,-0.054201680089001,0.036274075973369
4265,1666253479.117931604,-16.440822007210087,404.531259887466376,13.204221354088785,0.812485433105649,0.579662223625050,-0.049459994559330,0.037587716495944
4266,1666253479.218333483,-16.399962950062079,404.695207282376032,13.239539038356016,0.809780302094903,0.583047470030142,-0.049891117502050,0.042689418184544
4267,1666253479.318954229,-16.365265396926883,404.852477927254711,13.255988925706587,0.797459984968489,0.599670377901841,-0.051907682281309,0.041935697935084
4268,1666253479.410181284,-16.331827876559522,404.995326622761525,13.246704192633867,0.792960631284208,0.606071598630832,-0.050370754470570,0.036789151396613
4269,1666253479.511269569,-16.286026123576018,405.159784767084204,13.248780065779348,0.799041916087183,0.598802503817070,-0.047078803987618,0.027407370782832
4270,1666253479.612887383,-16.242463316019016,405.327609877383566,13.281327802596913,0.811194393146741,0.582630937676830,-0.044975835864349,0.021954980697114
4271,1666253479.714048386,-16.202148729961618,405.490475559247386,13.313570091603149,0.820531340727601,0.568811489064822,-0.047673397863323,0.030150554352963
4272,1666253479.812958956,-16.161594917305724,405.645838897750991,13.318611581705255,0.826042723406619,0.560348440062199,-0.049972384664882,0.034143895468156
4273,1666253479.913458109,-16.119158251927342,405.804062098526629,13.297525156227676,0.823044002743427,0.564687136046369,-0.050958966336618,0.033618323600855
4274,1666253480.011210203,-16.072584534180301,405.963830373273709,13.310197594997152,0.817857754650481,0.572769926098101,-0.046336879234346,0.029936575262901
4275,1666253480.111332655,-16.026091711358635,406.129992841633054,13.347888566946446,0.814881228769231,0.576822909500578,-0.046692308118930,0.032615064577036
4276,1666253480.211273432,-15.987177349039175,406.285888007403571,13.375094181317424,0.808239669334138,0.585762713275047,-0.049411397572096,0.034484698654186
4277,1666253480.311318159,-15.950222739588630,406.434193651849455,13.368633974155340,0.809384850397477,0.584446978183040,-0.046075419586572,0.034568039424996
4278,1666253480.413048267,-15.906734105149395,406.589708283139657,13.359311756533065,0.812943011160352,0.579996898154501,-0.042675586326908,0.030100715412645
4279,1666253480.513212204,-15.858622484569754,406.754478273415998,13.390091057146158,0.812955532419687,0.580351907789837,-0.044125319922176,0.018652655968656
4280,1666253480.613390684,-15.815694634658493,406.919502295490133,13.425300803941953,0.824666123617643,0.562808759658045,-0.050343387936377,0.025251295030345
4281,1666253480.715161800,-15.777574915792870,407.079788749955640,13.442151777123794,0.837758422629302,0.542488233166679,-0.050951782900279,0.035654705280540
4282,1666253480.815178633,-15.741836355626884,407.234707028540072,13.426255096650657,0.841319662739363,0.537039568677736,-0.046892605552376,0.039633449346034
4283,1666253480.914228678,-15.703418214490426,407.395573408040491,13.423446259554654,0.832931794355567,0.550216471297418,-0.041956839626523,0.041546170379326
4284,1666253481.015934467,-15.662525964202882,407.566799644325613,13.459957275747493,0.828639031656432,0.557228723441474,-0.036091415244969,0.039381654775931
4285,1666253481.115804672,-15.630587941428079,407.726620075092683,13.497210458455010,0.815143531572504,0.576468615907773,-0.039569957473482,0.040732987546082
4286,1666253481.217781305,-15.605813747655507,407.877822086663286,13.509020338459264,0.798528227686437,0.599677485016641,-0.037049594943060,0.036971760393965
4287,1666253481.316432238,-15.580103155258907,408.024063916859632,13.492621947789326,0.790271182877872,0.611157709210776,-0.029121114882434,0.033311749474466
4288,1666253481.417494535,-15.545308547702932,408.184636411738438,13.502956888095635,0.793573060319849,0.607615401769738,-0.024192215392853,0.021448966902263
4289,1666253481.518260717,-15.510353061907828,408.354790332697348,13.539193856995443,0.800980546021780,0.597646377133037,-0.027970431143920,0.021601568832613
4290,1666253481.619807959,-15.477177451823783,408.521193622686610,13.566166009665224,0.810257207775975,0.583863808677661,-0.038314863775412,0.033440714366897
4291,1666253481.719321489,-15.447158131634962,408.677102371718775,13.557499667954584,0.810266939137680,0.583122612768309,-0.044321331975479,0.038355251930285
4292,1666253481.820491314,-15.419684452689751,408.835323754408989,13.534536291256927,0.801353102741329,0.594977686107211,-0.045809106842528,0.041668735181710
4293,1666253481.917988539,-15.389938300073814,408.990150136551335,13.553100703123730,0.796904816661814,0.601861547806438,-0.034722480728654,0.038726473958872
4294,1666253482.018218517,-15.360360804212210,409.151494581757333,13.590874657297672,0.794598410124980,0.605246637392749,-0.027578679648629,0.039106150161607
4295,1666253482.118208170,-15.335472914751259,409.305321855545742,13.619053273109943,0.785621076371824,0.616688426024362,-0.028465844834591,0.041043942864022
4296,1666253482.218033791,-15.310132211303749,409.453242526605720,13.617664190578292,0.776452102479683,0.628268496602661,-0.026700258650314,0.041084363443026
4297,1666253482.318911076,-15.274696939794801,409.605052524734049,13.606767469011535,0.780037821747732,0.624068720416883,-0.025720142644714,0.037652398364811
4298,1666253482.419794559,-15.233374998752355,409.760242300268658,13.626064863710956,0.791243180976909,0.610604851480931,-0.023398161766298,0.023419434908861
4299,1666253482.519646168,-15.195118561492890,409.915132698556476,13.658468116783599,0.804294294125214,0.593221792788398,-0.026872772792390,0.021827667786357
4300,1666253482.619825840,-15.152840696994938,410.070698144688322,13.687742197363182,0.813706835584224,0.579520676344310,-0.036455049820645,0.026608283588323
4301,1666253482.718791485,-15.108226048090890,410.222410463465110,13.682541544994878,0.818447900947918,0.572405573733181,-0.042377725448570,0.026439004878027
4302,1666253482.819718122,-15.062731030472786,410.378861390069801,13.664417613556390,0.815525539502313,0.576276742249733,-0.047947203376026,0.022897083873576
4303,1666253482.909069777,-15.021237543563192,410.520138626540472,13.686851115319710,0.812087067207544,0.581882498537269,-0.041431620183098,0.014518058385290
4304,1666253483.009363413,-14.980301575990044,410.683236170158864,13.726559374929224,0.806823771956564,0.589236995733791,-0.040996813684190,0.012426790902874
4305,1666253483.109015226,-14.943541402983080,410.841172886839672,13.754100534313299,0.798175141991258,0.600679713640765,-0.043618878912182,0.014061213679065
4306,1666253483.209244251,-14.906127274380717,410.996684963874316,13.748149367597234,0.796689474998303,0.602528520794246,-0.044532959947384,0.016188808935546
4307,1666253483.310461521,-14.860622527575234,411.152909988620365,13.736729686081970,0.806055784472937,0.589903714283863,-0.046144917641017,0.012582796498596
4308,1666253483.411402225,-14.806705723306575,411.309724556590027,13.759806362167744,0.805756799987815,0.590455754504814,-0.045966921760542,-0.002241282982151
4309,1666253483.510853529,-14.752479404536007,411.466120080209805,13.793487223038685,0.817613851471074,0.573046958779370,-0.055899218845317,-0.000224162519933
4310,1666253483.611161470,-14.698827431060415,411.621268524872278,13.812722968686524,0.830939819975311,0.552715117406798,-0.062845082516093,0.009772930621543
4311,1666253483.711215973,-14.646000384004921,411.771800919220709,13.797432240896061,0.840108129468065,0.538227820724740,-0.064820154943941,0.018096721045797
4312,1666253483.809457779,-14.590572942170189,411.919134093508774,13.792186625268236,0.837187096575661,0.542999591173874,-0.061921464294427,0.020855252860006
4313,1666253483.909677982,-14.532910002832715,412.067341848640126,13.829704786762431,0.835865990612898,0.546650071245829,-0.048004602701547,0.014046475113563
4314,1666253484.009811878,-14.481826670099471,412.214418883498922,13.865039436916115,0.831758295381615,0.553053134151065,-0.045155528281062,0.016472617740134
4315,1666253484.108886480,-14.433948373756813,412.360064935090520,13.879578739894603,0.824217329871270,0.564233326123883,-0.044612499407275,0.017784030130726
4316,1666253484.209589958,-14.382111960071008,412.511271358108274,13.864891406160288,0.826107771488060,0.561521485767860,-0.043189697823074,0.019344790255722
4317,1666253484.310271740,-14.320270599574764,412.669663618703908,13.864424610900498,0.831431785734562,0.553760768211359,-0.043333250897712,0.013871792488341
4318,1666253484.412136793,-14.254298429075824,412.837836286290496,13.899361531316382,0.840373239210437,0.540015894917896,-0.045384774105418,0.009791544024364
4319,1666253484.512526035,-14.195501190096042,412.998673694141303,13.933279602327570,0.856107431706587,0.513643656682709,-0.054070182008212,0.018074145732706
4320,1666253484.613340378,-14.142870877210036,413.151352922538933,13.941855958942856,0.865302963720517,0.497905670481970,-0.053031572181770,0.022986444490624
4321,1666253484.711026192,-14.091530650514532,413.302856645470115,13.922063801322876,0.859577308137497,0.507647954485101,-0.054136847485364,0.022127073609805
4322,1666253484.810542583,-14.034438311682155,413.470803718937645,13.930123708611964,0.852204942470857,0.520153532042194,-0.053112708102118,0.019133200734141
4323,1666253484.910728931,-13.986769239151448,413.645013817989025,13.967229724054624,0.845907637361173,0.529893197588602,-0.055558656933232,0.023805542277791
4324,1666253485.010111094,-13.955413025490749,413.805452470376281,13.999794291814963,0.832197890877719,0.550617276517043,-0.059192005620982,0.027633162869949
4325,1666253485.110933781,-13.928910234379735,413.958869362507869,13.996657589378412,0.823603358186462,0.564086180842207,-0.051553695332808,0.028749008058845
4326,1666253485.212205172,-13.892762129342989,414.117690724930299,13.984652247668192,0.821650693994362,0.567580015087563,-0.045457308897125,0.026013392697159
4327,1666253485.314074039,-13.845838350706451,414.286751182229409,14.008591441244366,0.825903660199073,0.562098457272829,-0.041263335420111,0.015026827718689
4328,1666253485.413080931,-13.800261121714291,414.454164307647716,14.039989987768575,0.833426539407949,0.549895756982256,-0.050066299283014,0.022543858132679
4329,1666253485.513102055,-13.754817043927051,414.616294878303677,14.056488530691452,0.840112636910637,0.538420216820234,-0.056818960782980,0.032955016580944
4330,1666253485.612767458,-13.713369917689388,414.771195466141421,14.037780745812029,0.837986022398501,0.541406339299271,-0.057975638107863,0.036019819784222
4331,1666253485.711652756,-13.670102968097298,414.929691105616996,14.034378973653446,0.834232222510781,0.547665401400673,-0.052118367751538,0.037455076775758
4332,1666253485.811470270,-13.621103949220116,415.099574679861973,14.074899580245088,0.832564949201329,0.550387173744937,-0.047251553050124,0.040949420909227
4333,1666253485.911207676,-13.574162520171242,415.263649793364550,14.107699244676365,0.825686500736574,0.559712544625118,-0.052938111052580,0.046488991050045
4334,1666253486.010533571,-13.529946739678079,415.416478130220924,14.116290202825907,0.812083730052953,0.578969133957234,-0.058397306186976,0.043640714226490
4335,1666253486.111352682,-13.483253489090337,415.568171063743193,14.103457065461187,0.805242889050293,0.588944936569753,-0.058338698823508,0.036391586148009
4336,1666253486.212554455,-13.430777679343793,415.725946747153671,14.118868535970133,0.808688822511764,0.585344845861869,-0.054013124005550,0.021826181586433
4337,1666253486.312691450,-13.381267916212858,415.886146304745807,14.158520341668542,0.819047419842101,0.570886280150949,-0.054056425788144,0.018113034434364
4338,1666253486.412908077,-13.336610747308640,416.043925306182302,14.190914864435207,0.831895569496332,0.551345028959355,-0.055182733955750,0.030385627644509
4339,1666253486.512959480,-13.290433117691109,416.196347310365127,14.188009356265974,0.845069047451974,0.530633649709876,-0.054299032202360,0.036576631010480
4340,1666253486.613155603,-13.234815436831616,416.351117675365060,14.170236994947649,0.836247185053088,0.544174400832707,-0.056283848278903,0.037376401539855
4341,1666253486.712504387,-13.168019354687061,416.509977958198135,14.191701771024324,0.831317564371770,0.552023903382006,-0.058984374594785,0.026486993327751
4342,1666253486.812934637,-13.111176852607297,416.672010528067062,14.228154308234176,0.824629881303037,0.561347755100747,-0.065037518756940,0.025384598862942
4343,1666253486.911924124,-13.072846647405584,416.823391217116182,14.253421759350186,0.813096418638895,0.577454573789326,-0.067884627922075,0.028497482314616
4344,1666253487.012727022,-13.041034956712352,416.970990799731339,14.244220883092162,0.814593287809010,0.576194059106936,-0.059243607024432,0.030469275231196
4345,1666253487.114445686,-13.001706825942373,417.125820176905108,14.235440610216358,0.818415198887286,0.571658269867944,-0.052789025980067,0.024833514812618
4346,1666253487.214044094,-12.957938112475198,417.284074191241757,14.263489754231003,0.825554637786319,0.562182803410990,-0.046702717877228,0.015129167899785
4347,1666253487.314689875,-12.917014619692447,417.441296024239136,14.297637456233193,0.837607257441924,0.543818264403831,-0.046791267529696,0.022053454704163
4348,1666253487.414671183,-12.876144822353703,417.590423545292538,14.314376769563060,0.846514386287113,0.529712804243056,-0.044658254411250,0.028694583859163
4349,1666253487.513357162,-12.832375421033342,417.735139750543283,14.298308741584531,0.842530042611981,0.536286662318909,-0.043083821558858,0.026144357612742
4350,1666253487.612843752,-12.780132761297732,417.888792930695502,14.297087773742081,0.834542891588416,0.549002383091061,-0.040027683267468,0.023072278427149
4351,1666253487.713309050,-12.728619575149994,418.055502263882659,14.338465532831124,0.830624960387741,0.554827099181996,-0.038688320825685,0.027060654571607
4352,1666253487.814014912,-12.688136687083521,418.212287851236226,14.367603386861834,0.829621219478963,0.555802754797622,-0.040463414600220,0.034273051053322
4353,1666253487.913136959,-12.655607818307230,418.356589872944085,14.368858729999429,0.823072201682868,0.565529551310576,-0.035762717083693,0.038072371585803
4354,1666253488.013300180,-12.619525379503481,418.500048752965824,14.351264794263281,0.818821849587402,0.572441406485888,-0.028139288179587,0.032400543814423
4355,1666253488.115766048,-12.573786479762864,418.652286901626155,14.355070615704069,0.820147632453643,0.571466173326415,-0.020035786129152,0.019566323071412
4356,1666253488.214052677,-12.526533525256927,418.805414958543054,14.383873409414244,0.828808103528279,0.559002338549745,-0.021328955563675,0.011772369189578
4357,1666253488.314472198,-12.479388945492996,418.958777109522998,14.411368300920655,0.834948118156216,0.549439255890762,-0.027348415812880,0.015172614347058
4358,1666253488.414604425,-12.435180028599907,419.103674347777314,14.408106776460162,0.840021339162500,0.541758191429959,-0.026198223995195,0.013261403759679
4359,1666253488.512984514,-12.396353438014303,419.246876506836372,14.384004067945808,0.833874756888236,0.551583843298556,-0.019074552638994,0.006656957127833
4360,1666253488.612546444,-12.355099087681049,419.398741866979265,14.393171674638522,0.826125202199512,0.563465257603186,-0.004801459887165,0.000999873963748
4361,1666253488.712602615,-12.312369634166874,419.557675597854143,14.423601475956453,0.824086875705312,0.566442516405973,-0.004329526310787,0.002225331402640
4362,1666253488.812088251,-12.275741619433953,419.710688308739805,14.449181748475505,0.811863219040014,0.583813683718836,-0.006051584666437,0.001753452495429
4363,1666253488.912127018,-12.245676531773839,419.857938589239211,14.436143786855890,0.801052121131841,0.598593704970420,0.000806852626670,0.000651604790072
4364,1666253489.013415337,-12.212931314830660,420.009217764237462,14.410318582255607,0.800833961897752,0.598826813195565,0.006612816370961,-0.005261551941963
4365,1666253489.113272190,-12.175013843912208,420.169665192537138,14.426866184946062,0.806932607361694,0.590334941763145,0.012915940827885,-0.014057104342372
4366,1666253489.213973284,-12.133561139480157,420.346101411001428,14.467772140597530,0.815231631187635,0.579113133223749,0.002403162000830,-0.004426200551044
4367,1666253489.315048218,-12.088225549744369,420.524463610550924,14.486905387704381,0.831301201298043,0.555641637084119,-0.009816261357523,0.010213954761594
4368,1666253489.413385391,-12.044418846845090,420.695637537364348,14.454609451252924,0.838868715015865,0.543600478702775,-0.018875126811308,0.021012570275964
4369,1666253489.512044430,-11.996689234759431,420.865326031824509,14.417304214093619,0.815511909220411,0.577389587378027,-0.029971895740653,0.025754140886924
4370,1666253489.612696171,-11.943460770434053,421.033684341663729,14.435944110763861,0.816292725502113,0.576122887829814,-0.034080528259706,0.024230600580812
4371,1666253489.712129593,-11.904647084731392,421.184141732220382,14.461897023780249,0.807196966814795,0.588621140032740,-0.036503412870433,0.025014218364013
4372,1666253489.812678814,-11.873475516910382,421.316221554940739,14.465633784169842,0.802892671974697,0.595382615513762,-0.026060632740501,0.014273817095936
4373,1666253489.913475513,-11.839546311853555,421.443465987691013,14.438973733585511,0.797551244417536,0.603162669033248,-0.010328865263192,-0.000348934237732
4374,1666253490.014620066,-11.798296975265098,421.582896335034945,14.435083315928424,0.799403970325880,0.600391684465191,0.002248663895566,-0.021864605254953
4375,1666253490.114491463,-11.759426378797695,421.740527321815932,14.464494936567013,0.808741497770352,0.587609504323795,0.006928859807352,-0.024581519771612
4376,1666253490.214992762,-11.720758757044742,421.907861964160134,14.483830262811097,0.827259245977119,0.561733858661096,0.001349702438526,-0.009766794889421
4377,1666253490.314501524,-11.680423885465375,422.075789794806383,14.461882476475482,0.835125009613015,0.550034782566900,-0.005227576279720,0.000792926027062
4378,1666253490.412838221,-11.639812381075830,422.244739432712834,14.428539094571303,0.823211778160327,0.567536680031841,-0.012274367300779,0.008592148969555
4379,1666253490.512674332,-11.597440334869900,422.421596636954405,14.437478736332213,0.822243422940210,0.568935297401877,-0.008615883554105,0.012415609223387
4380,1666253490.612542868,-11.559344142855013,422.602385305707969,14.461806648770720,0.818109172033569,0.574310940184399,-0.014371503149823,0.025647349108133
4381,1666253490.711968422,-11.527488617173258,422.774013983148961,14.476200989945964,0.807796456829929,0.587929913553484,-0.020360763631122,0.037265807201284
4382,1666253490.812242031,-11.499433290619669,422.938798579079389,14.459862945555059,0.799737364953605,0.598521662708036,-0.018871850129745,0.042846465886374
4383,1666253490.912872791,-11.466715419933065,423.105945601415044,14.437498745529870,0.796925281616476,0.602511719290332,-0.016130192471692,0.040367567788204
4384,1666253491.013388872,-11.423565261769099,423.283015638281540,14.450273701302509,0.800515301444002,0.598155669320885,-0.017666041680315,0.032756043482873
4385,1666253491.113966465,-11.379044242572032,423.461548070999754,14.474124380476201,0.810886240649299,0.582821190950405,-0.026623286860298,0.045542998381237
4386,1666253491.214670658,-11.330097671172068,423.633459805383268,14.475953640245034,0.823232264036203,0.563148673617109,-0.037583368220395,0.061153097111497
4387,1666253491.313332558,-11.274416897622185,423.796469312341117,14.446407535179613,0.819800939303695,0.567011999298330,-0.046735502855260,0.065112251852912
4388,1666253491.412593126,-11.213788169587112,423.951849828246509,14.429992962523778,0.811905889391252,0.578964316985607,-0.046469265561492,0.058734604683832
4389,1666253491.512972355,-11.153435952763605,424.102499829809574,14.451647736015277,0.809908716557928,0.583362843372105,-0.038860541767730,0.047175439688702
4390,1666253491.612350464,-11.102547115674241,424.249606066285025,14.478851070585906,0.800276418070283,0.596640118320397,-0.038715437274609,0.045599767629402
4391,1666253491.712622166,-11.056132668099668,424.395262782219504,14.483470697481481,0.793952575024667,0.605307213418338,-0.035494710808388,0.044526525802676
4392,1666253491.813650846,-11.006428761946701,424.543266364940735,14.457243142661426,0.800027580726744,0.597745576726184,-0.029548658095154,0.042225257673240
4393,1666253491.914005756,-10.947881736832782,424.699370730635451,14.450293917175749,0.808466941983599,0.587151903645166,-0.023378984224430,0.032973760206860
4394,1666253492.014251471,-10.886219745548505,424.862524009980518,14.472773332869592,0.819733828603259,0.571120082126782,-0.028108540819006,0.032683512173084
4395,1666253492.115041018,-10.822275692936214,425.022943155107271,14.493476350932641,0.833646599435299,0.549568355565510,-0.039787473231301,0.037748202405577
4396,1666253492.213101149,-10.762018013279427,425.170325329281127,14.480519654872483,0.835088763646101,0.547105626861190,-0.046567770426204,0.033669461628959
4397,1666253492.313938379,-10.706268505619764,425.316644601606583,14.450251207696043,0.823293221574194,0.565328546370310,-0.044714150537609,0.024342364521892
4398,1666253492.414136171,-10.653375675318705,425.468410401583753,14.463095181924015,0.823435747963083,0.566337932348549,-0.032141932735566,0.013483750207967
4399,1666253492.514425516,-10.604382117028974,425.628801587744533,14.493100293965028,0.822967488089328,0.566901820811856,-0.031924152061076,0.018102144163757
4400,1666253492.613824844,-10.557526424282306,425.784772422437641,14.506999940385985,0.816995102868030,0.575235208197841,-0.034571580417617,0.020694515376583
4401,1666253492.714448214,-10.510614517248335,425.937595427098984,14.482232866157482,0.815380937213887,0.577552145366154,-0.033710505957962,0.021237900066033
4402,1666253492.814947844,-10.460181293230631,426.094227071895261,14.459363955746447,0.822156088250740,0.568283102938460,-0.029634556520698,0.015345179265739
4403,1666253492.915007591,-10.405623465824668,426.259102231891347,14.470121148673522,0.829616962704685,0.557611400479058,-0.027382782772823,0.007443416960917
4404,1666253493.016687155,-10.349015509413864,426.432809405639659,14.491975580319954,0.842261610455662,0.537439195135370,-0.036285482227909,0.020924981824823
4405,1666253493.115167379,-10.290178343769531,426.597609579856737,14.488377090416394,0.856152550544808,0.513588231637860,-0.046117504165183,0.033213164984552
4406,1666253493.213850021,-10.230551139101065,426.758629186792461,14.453463167914807,0.846626593811516,0.528381137630782,-0.054910190645662,0.031963338536021
4407,1666253493.313266516,-10.172258691712027,426.916474837687190,14.442790160630938,0.839459631671423,0.540458411757904,-0.050145806563809,0.026412687070180
4408,1666253493.413223028,-10.120918243803164,427.076966609105853,14.470133686020466,0.840353871154505,0.539628369606338,-0.042710677115626,0.027971271189697
4409,1666253493.512836933,-10.078552946673000,427.233155578164428,14.494803649904917,0.831930254485925,0.552447892923573,-0.041019611893947,0.031792589000555
4410,1666253493.613115072,-10.038648844400063,427.384574112481403,14.488330367059554,0.825827289338597,0.561871520325434,-0.033429179112867,0.034527855634125
4411,1666253493.714910746,-9.990389915990571,427.540230585697032,14.459833857590711,0.830355848744048,0.555744545253484,-0.026938246774812,0.030520415106104
4412,1666253493.814242363,-9.932350049679116,427.702258626219759,14.461643786591896,0.834217987651153,0.550499735221676,-0.025490140327033,0.019510083193910
4413,1666253493.914515257,-9.869488633537021,427.872930712630819,14.485628143534065,0.838230746055831,0.543694631035342,-0.035788058614816,0.022013164484246
4414,1666253494.015075207,-9.804707167070442,428.039700250218402,14.498466646001010,0.845468471487680,0.530741682042492,-0.051136986384588,0.029687359035367
4415,1666253494.113979340,-9.745652901966972,428.194799878039191,14.473419591368627,0.838881812832435,0.540611985618602,-0.058810349910893,0.023607792100031
4416,1666253494.213226795,-9.695724035240874,428.345350518476096,14.452365260691836,0.824470720037888,0.563207218369455,-0.052174288325900,0.017986234025881
4417,1666253494.314471483,-9.650287800224156,428.505585801649829,14.475524970612939,0.830350746008091,0.555877460298811,-0.034714552876601,0.017685800918489
4418,1666253494.413972139,-9.611401994677591,428.667924052742251,14.506686786656491,0.826736484273269,0.561137992869621,-0.031368820448689,0.025434929396139
4419,1666253494.514230251,-9.577586472478938,428.830550812508022,14.516199285249057,0.815746854022526,0.576809896695623,-0.030322558518670,0.030462364833012
4420,1666253494.614544392,-9.545970107465267,428.987415604963189,14.489982583981073,0.809858032921889,0.585196136742182,-0.024892690904576,0.032493106860419
4421,1666253494.715075731,-9.513054136285570,429.141498188358526,14.479150529189633,0.813771379425052,0.580546843041296,-0.012947089405015,0.023955749609880
4422,1666253494.814756870,-9.474955651110731,429.300021074475012,14.497980961603547,0.819294191096490,0.573064078100227,-0.006725030318633,0.017588768970537
4423,1666253494.914679766,-9.430080782471352,429.463660507326892,14.518833123159355,0.820275051702556,0.571352252610427,-0.014336080256713,0.022358886247605
4424,1666253495.014012575,-9.378947894887117,429.625544670934062,14.505775072233041,0.817314856880781,0.575348304647945,-0.024781042281292,0.018885258911051
4425,1666253495.113277912,-9.326047928520929,429.786312827091592,14.474333410362384,0.801541082475436,0.597014399991878,-0.030628405328280,0.012946045476971
4426,1666253495.213337421,-9.273896582636748,429.946523603822413,14.478497116279646,0.799036940840478,0.600639585366580,-0.026568668477071,0.008133973094934
4427,1666253495.314311981,-9.224954032376312,430.108917109824347,14.504213505972389,0.802045914004946,0.596542458624784,-0.027315954258899,0.010643567484394
4428,1666253495.413418770,-9.179676748267653,430.264743936895059,14.514346370183098,0.791095592192779,0.610714885854534,-0.034018358896711,0.006151704382776
4429,1666253495.514010429,-9.137249915068514,430.420077935034783,14.490764084690298,0.788429452696815,0.614161597455849,-0.034406356703920,0.000856124432205
4430,1666253495.614941120,-9.098682581464752,430.576014097808923,14.468022862066995,0.798192587760820,0.601604604975489,-0.030281421143494,-0.006597548749432
4431,1666253495.715049028,-9.060867227415098,430.734747042033746,14.485689973876109,0.810699867370895,0.584861095631552,-0.023391245851599,-0.012492937164039
4432,1666253495.815219879,-9.022265823696827,430.895572494860744,14.512398574700955,0.825509219984126,0.563842983221526,-0.024444856513191,-0.004250527390756
4433,1666253495.914840460,-8.982210851855202,431.056122770874026,14.511803356697461,0.830518157569887,0.556310436925553,-0.027526509980473,-0.000760895995444
4434,1666253496.015073299,-8.941636800455504,431.219563394435113,14.478229188409898,0.818978183475660,0.573099430594952,-0.028674936418350,0.003086367452583
4435,1666253496.114707947,-8.899580195024383,431.388436067162672,14.472915298499283,0.812603280746213,0.582421156451961,-0.020628390304854,0.005997845536710
4436,1666253496.215117693,-8.853836282875703,431.564547187789515,14.495181492847957,0.815651125143681,0.577973213065578,-0.019880671530459,0.016277774110677
4437,1666253496.314968109,-8.809579909025572,431.736600454762652,14.510344671707998,0.800464746022886,0.598225791871906,-0.030546675073654,0.021189453879065
4438,1666253496.415063143,-8.767137174172001,431.901349349704049,14.492017009089665,0.787581807429370,0.614843541934167,-0.034465338903427,0.022236365764374
4439,1666253496.517162323,-8.726133975073509,432.068336137966298,14.463275627181655,0.794197540994518,0.606585705928683,-0.030201855075515,0.019796342875862
4440,1666253496.617442608,-8.683310659570589,432.242414088479734,14.472377419829234,0.806449927471282,0.590424362551024,-0.026532393135022,0.018265232062862
4441,1666253496.716281652,-8.635236785989449,432.417533256149568,14.494812274474960,0.815748471286797,0.576585885631345,-0.035136433487670,0.029471666490673
4442,1666253496.816289902,-8.579893400154441,432.586251078973476,14.499488887755637,0.827570458048968,0.558224828320703,-0.044577316204199,0.039051771931301
4443,1666253496.916241169,-8.523656211829795,432.744132400416618,14.467253582969017,0.825174307052992,0.561820899985764,-0.048747461871070,0.032685230302531
4444,1666253497.015573740,-8.469013104118135,432.900349191732289,14.450617698527736,0.815773034214752,0.576323852437093,-0.041786517462042,0.024880930821009
4445,1666253497.116235971,-8.417874244615895,433.066155757942909,14.474378658227630,0.817232287744853,0.574799019425550,-0.036009285295743,0.020995392523822
4446,1666253497.216099739,-8.375964481251815,433.229189556957465,14.499161388665078,0.805061041806580,0.591285660080459,-0.038263042727893,0.028176705089912
4447,1666253497.316757441,-8.335619034582910,433.387599449421430,14.489488704739658,0.800282396378276,0.597697089718931,-0.037442616336074,0.030072004763119
4448,1666253497.417820692,-8.288827975640011,433.550102088341589,14.458160706765876,0.807180637921410,0.588630596072206,-0.034116019597015,0.028452352087669
4449,1666253497.519372225,-8.236256681356204,433.719648505175087,14.463200438759348,0.816701878193546,0.575926708516725,-0.030661719303815,0.019139684991132
4450,1666253497.617883205,-8.182508857477695,433.885422712908166,14.490711248750031,0.824637819411460,0.563913585537435,-0.038976939447285,0.021324470308746
4451,1666253497.717932940,-8.125040273471253,434.047733132858411,14.499054467947492,0.828750446222731,0.557042717249059,-0.046212953433518,0.027211614806200
4452,1666253497.817064524,-8.065989945968351,434.201734373116949,14.469791867272217,0.828068943537156,0.557818724583633,-0.050710176083443,0.023844774998586
4453,1666253497.916071892,-8.010342439308010,434.355801081605762,14.447779812567244,0.818319170468872,0.572570925417521,-0.047467901406809,0.016219400287779
4454,1666253498.016533136,-7.957619430548467,434.521414168722515,14.471575314291046,0.822787980203837,0.566978004686329,-0.035609342209158,0.016966336712177
4455,1666253498.117490530,-7.910075644314698,434.689874420294814,14.501216763986001,0.815887419292487,0.576501236241239,-0.035949813976452,0.026108514466101
4456,1666253498.216125965,-7.867406031950830,434.848144637125245,14.508353158085612,0.808477325524303,0.586529099745899,-0.038446400394563,0.029494127568673
4457,1666253498.317431450,-7.824608916781148,435.003968307156470,14.480898402786059,0.808561979732123,0.586822168904956,-0.031750003703532,0.029312186513119
4458,1666253498.418485880,-7.777532392722843,435.160414695981785,14.469046525144527,0.818808311326336,0.573321436352412,-0.021356747221959,0.019984225524613
4459,1666253498.517980337,-7.727684815930486,435.322461008992377,14.486914263247984,0.823783099367342,0.566529419987132,-0.017464845380169,0.010990935429969
4460,1666253498.617538214,-7.671198284459625,435.489562143501132,14.509389197158551,0.837628061258889,0.545349903178869,-0.025354723361736,0.018161830792171
4461,1666253498.717716217,-7.612523857051738,435.654978227471304,14.499115382616498,0.839469301865806,0.542154155975042,-0.032474327575626,0.017480859030313
4462,1666253498.816313982,-7.558279587845817,435.811836534723739,14.466754374357526,0.826736032620342,0.561509043725583,-0.033404718792486,0.009962476798126
4463,1666253498.916107893,-7.506358547946979,435.970277373401700,14.472157257422200,0.820539105683141,0.571144266391702,-0.022573337774729,0.000497427687164
4464,1666253499.016203642,-7.462850782865069,436.137505320326966,14.499578140287500,0.812101938733538,0.582892767191760,-0.026869705567492,0.002117069549576
4465,1666253499.116249084,-7.427181825806347,436.305660382746282,14.513072327846334,0.801352002699515,0.597301613569758,-0.030654850099529,0.011226324501618
4466,1666253499.217170477,-7.390458538987812,436.472822739834101,14.483934097161855,0.801690946135740,0.596799615681963,-0.027807180607533,0.018671001914826
4467,1666253499.318131208,-7.344331205010683,436.640371532443737,14.458717824726250,0.816839312241642,0.576133874885319,-0.024226381739456,0.016011827317404
4468,1666253499.418370962,-7.289627738916602,436.811191367046092,14.473252998189713,0.822185398137585,0.568487788575774,-0.028349290913254,0.005396576163068
4469,1666253499.517052889,-7.231157489886026,436.978770992546174,14.493347245309154,0.830197745179920,0.555691417268337,-0.043774239504107,0.007910033395658
4470,1666253499.616923571,-7.173514342814833,437.143851708183490,14.479616015562193,0.830918512882477,0.552910166671243,-0.061915520861395,0.005589348550054
4471,1666253499.716040611,-7.124379141028909,437.302651261872484,14.443345856501773,0.814941433993539,0.575772816571474,-0.065996722107532,0.000745338156111
4472,1666253499.815344095,-7.081254350913252,437.459094256769276,14.440468626836330,0.813388059363194,0.579142582085554,-0.054483745380121,-0.005025533803340
4473,1666253499.916347504,-7.041384787736393,437.625484290643101,14.468223423765270,0.818647082474645,0.572678681902786,-0.042988997572651,0.002833326232106
4474,1666253500.016612291,-7.000934342626540,437.793677198172190,14.490904070878820,0.814267286189846,0.578728691171719,-0.043821113054693,0.011027180344070
4475,1666253500.108680964,-6.960664317335180,437.945958271325082,14.477057822185728,0.813762309375042,0.579553507590940,-0.039596644191919,0.018459183307376
4476,1666253500.209437132,-6.913486156794626,438.110423023129158,14.442251493310671,0.821913979615652,0.568209360462966,-0.035816464263172,0.017683712345377
4477,1666253500.310370207,-6.860497743826219,438.275104902466182,14.441714124083537,0.834548086778884,0.550148634523938,-0.028152548375818,0.008567660421475
4478,1666253500.409400702,-6.803846139197483,438.440310473495401,14.465327953446007,0.839704677397040,0.541876871351305,-0.032567821642207,0.014312513599518
4479,1666253500.509689808,-6.739772117117041,438.601345256701904,14.476987225066978,0.854139436558998,0.518234364595626,-0.037752981886028,0.021299732992631
4480,1666253500.610210419,-6.673626748966395,438.754225289833357,14.442164159093124,0.854774818205658,0.517166836435793,-0.039082590167917,0.019261998812300
4481,1666253500.707693100,-6.608308809197784,438.901462896453154,14.413780731107906,0.843763569246715,0.535360037585989,-0.035789288223059,0.013107105571360
4482,1666253500.808286667,-6.542992614333389,439.059840478599824,14.433121639988189,0.843315300495460,0.536493296405745,-0.028913740219345,0.012579447065684
4483,1666253500.909042597,-6.485521210805279,439.219314703045711,14.459597835614968,0.835908026607740,0.547743740330465,-0.031493815634369,0.015579010184711
4484,1666253501.008319139,-6.433539631900127,439.372480877893679,14.454687602811733,0.828987167283931,0.558247516520509,-0.029578330016154,0.016282173402308
4485,1666253501.108897209,-6.375884886322881,439.528619675266043,14.419649874474654,0.831811567290332,0.554406271122022,-0.022802252234891,0.014256940611248
4486,1666253501.210676670,-6.309353569063608,439.690204315072549,14.410072311499011,0.848111781086321,0.529561806886399,-0.015871241844322,0.004336260153692
4487,1666253501.311063766,-6.239620149439337,439.855792300616486,14.429730706666783,0.850689232338379,0.525237983304643,-0.020505643901271,0.005692929457225
4488,1666253501.410173178,-6.163244770890971,440.018768441057659,14.450872667342091,0.862015938129085,0.505550122864236,-0.033398827962242,0.015235287136691
4489,1666253501.510149717,-6.088513662173565,440.175926482203806,14.428405830276558,0.858189341661351,0.511335720909970,-0.043065263004086,0.013864252692694
4490,1666253501.610146999,-6.020272512370773,440.326327869156785,14.390603072402167,0.846862651841090,0.529952409074118,-0.043637925056109,0.008356107348087
4491,1666253501.712794065,-5.952398598049577,440.483576850879786,14.398482692464656,0.842065049799379,0.538251863543247,-0.034716454315294,0.002480140795401
4492,1666253501.813163042,-5.894252628390737,440.644379560060713,14.422923074229189,0.836068977686817,0.547166604578740,-0.039243663326459,0.007570090634451
4493,1666253501.913938284,-5.843121762852020,440.804054979550983,14.426812817417378,0.830826064195048,0.554858979563569,-0.038496553799335,0.019431397206992
4494,1666253502.013901234,-5.792918370197654,440.958571552855119,14.392623472696283,0.837688260049875,0.544607444994661,-0.031291275624000,0.026494639095905
4495,1666253502.114596128,-5.735242420699014,441.117256699403868,14.371104267592656,0.850993236204451,0.524065581734123,-0.021765674261580,0.026306527704907
4496,1666253502.214777470,-5.670432832484388,441.285355321524946,14.389376733042182,0.851686815245040,0.522917291737736,-0.021980003797495,0.026532134714265
4497,1666253502.313497305,-5.603018182394426,441.451598733911169,14.410320154246172,0.858916109013308,0.509607587239696,-0.032853693624345,0.038520897191183
4498,1666253502.413074493,-5.536227190318280,441.611278303392055,14.394803921895234,0.857424848055370,0.511295748326510,-0.041055653536423,0.041397113343283
4499,1666253502.512433290,-5.475077062192992,441.764683947688866,14.356520718208461,0.840952670772911,0.538201925364433,-0.042366360295982,0.036638566691343
4500,1666253502.611768723,-5.417062992663925,441.915992387915367,14.350522250103319,0.837199379697119,0.545222285479824,-0.025328615030815,0.034472007651675
4501,1666253502.712518215,-5.358959398345696,442.074351446048240,14.367674961328664,0.834667717075534,0.549326086423459,-0.021169669642010,0.033503700300874
4502,1666253502.812844276,-5.303827726649248,442.238340881356521,14.387061427378228,0.819971627743718,0.570490251012787,-0.028836386247560,0.036822086074350
4503,1666253502.913584232,-5.247337547095068,442.401937177247078,14.366895737721224,0.814814983558413,0.577467434627406,-0.030735681487930,0.040782623714246
4504,1666253503.014427423,-5.186985996396692,442.567222546435062,14.334538716366644,0.825692443488326,0.561835602021995,-0.029969213731419,0.040921770430671
4505,1666253503.114901304,-5.121925334373625,442.731921880208290,14.345825808173791,0.838683480296355,0.542883667220954,-0.027111424432159,0.033945756847965
4506,1666253503.214921951,-5.053566998596870,442.890916454084504,14.377245766246871,0.844112860300893,0.533947916984750,-0.033780389630170,0.035099662373398
4507,1666253503.314493418,-4.984728913780887,443.038178399855042,14.383274594975054,0.849965697917588,0.524383377431380,-0.040461892287220,0.030711905015231
4508,1666253503.413804531,-4.918165023954080,443.178507543122066,14.345446775072055,0.846279244405596,0.530989901940832,-0.038206438916277,0.020035781754041
4509,1666253503.512581587,-4.850327225059408,443.321641210683879,14.323150609718011,0.830547687488528,0.556050393658230,-0.030348718166678,0.008800785511866
4510,1666253503.612586498,-4.780771224331491,443.475008423865745,14.339672631181504,0.832446048306172,0.553496838155721,-0.025904716809147,0.001942281672642
4511,1666253503.712849855,-4.718492983263634,443.631260724672813,14.361603658527081,0.820375920172010,0.570809476871782,-0.033880072393455,0.003468632281548
4512,1666253503.813221693,-4.661926694886135,443.784266530706589,14.351623777913506,0.816554773138510,0.576098406844088,-0.036359176887616,0.005190216996937
4513,1666253503.913690567,-4.605731817523530,443.936788942435555,14.312541306999382,0.826658204819490,0.561834667352988,-0.029806679097910,0.009464715850465
4514,1666253504.014166117,-4.543316285972129,444.094107665367346,14.303667574431453,0.839552415798445,0.542666985603070,-0.025634980658978,0.002670511203003
4515,1666253504.115189314,-4.473907779075145,444.257990267782588,14.325882891541637,0.846140744550702,0.531951411671374,-0.032148422971284,0.006325735726062
4516,1666253504.213792324,-4.401380767383956,444.415158900390054,14.342612220054162,0.858731549930691,0.510428409193726,-0.042126326030048,0.016380991935963
4517,1666253504.313189268,-4.329603319850687,444.565840023658041,14.314928551704787,0.861889206543093,0.504524510470902,-0.048238122279261,0.016586064559877
4518,1666253504.412607431,-4.260066536938550,444.717233346981459,14.278396195911506,0.851647481141964,0.521680820067382,-0.048541727692768,0.013761922502829
4519,1666253504.511950731,-4.189936310172981,444.876111348367431,14.288608460430293,0.853295831179810,0.519604868728536,-0.041707140619148,0.012550669549235
4520,1666253504.611978054,-4.124845910926634,445.039985881357779,14.312785593308787,0.848632272228746,0.526178800081902,-0.050714376446199,0.019677116097606
4521,1666253504.712579012,-4.064648572867693,445.198389167326695,14.317794163097398,0.841672690697359,0.536486821568982,-0.056056549944029,0.025032683145288
4522,1666253504.812417030,-4.006126228216529,445.347755156778305,14.285151454873642,0.843708083223501,0.533517079301412,-0.053773412695123,0.024992328505699
4523,1666253504.913231850,-3.943421746320361,445.499340235780835,14.264513318381397,0.853304150681023,0.519066502324402,-0.045459462943504,0.019376011564222
4524,1666253505.013870955,-3.877426314224867,445.658320324199281,14.279719942689880,0.859185696072181,0.509683769272182,-0.043095219242503,0.012852901769788
4525,1666253505.113590717,-3.809673786588209,445.820116277798263,14.303751826315096,0.867530342992380,0.494073238469177,-0.050791718240371,0.026513022730220
4526,1666253505.213120699,-3.742128041859989,445.977106938172483,14.288741445186155,0.868515775643339,0.491368915040266,-0.057742030935667,0.030046541468617
4527,1666253505.312748909,-3.675332568781517,446.131709352540099,14.244903224744158,0.856360827096006,0.512242915600656,-0.057926698621602,0.029963758428905
4528,1666253505.412680864,-3.602139647854971,446.289114702823269,14.239131429274012,0.856212395075824,0.513530428410572,-0.047396497171630,0.030666034481729
4529,1666253505.512261152,-3.526528896386886,446.452245199303945,14.263482407174513,0.855224382815527,0.514389183898808,-0.048848821868643,0.040110037743246
4530,1666253505.612865686,-3.454236356503042,446.607144853719831,14.281278630572292,0.853506360149637,0.516298199020109,-0.052833611980953,0.046601205110550
4531,1666253505.713138103,-3.387418735549078,446.749897445662839,14.265753485881568,0.852208381779277,0.518983753521145,-0.046216941817775,0.047547154439170
4532,1666253505.815008640,-3.315645582023768,446.890753170024425,14.240422405058986,0.861293649662824,0.505390318939534,-0.033938988146683,0.040025237741557
4533,1666253505.915604830,-3.236188993077310,447.037710485448997,14.249957491087292,0.868561162052795,0.493985538289234,-0.026163670548629,0.029920863590756
4534,1666253506.016458035,-3.152105291822864,447.188749942428444,14.277896915783497,0.879392373198014,0.473403576512802,-0.032996492840992,0.038331960114860
4535,1666253506.114954948,-3.068026834283796,447.329464593822422,14.280493019787853,0.891072979152401,0.450167159357198,-0.037558636071727,0.043906984833476
4536,1666253506.214485407,-2.982199230283158,447.466126229730548,14.240829200787823,0.888794084792134,0.455054933704083,-0.039914589040709,0.037106707369395
4537,1666253506.313642502,-2.891111779584026,447.605751299099325,14.217944605416246,0.878936924390688,0.474668931238479,-0.036570760072808,0.028668243183956
4538,1666253506.413133860,-2.795271385214604,447.764454906127185,14.241996963227621,0.879232596178020,0.473317411155565,-0.044050574764736,0.031308417046376
4539,1666253506.513484001,-2.705510510772725,447.922368609471221,14.261763284526964,0.870506098915573,0.487440471286652,-0.058272112197932,0.035003994666743
4540,1666253506.614253998,-2.623729836919779,448.073568982141012,14.247428400900230,0.865277444837702,0.495780096681734,-0.065015271458724,0.035637812314121
4541,1666253506.715192080,-2.545251095971024,448.219454684341713,14.214829621997382,0.874149569141615,0.480755296413984,-0.059168784728650,0.035155805397758
4542,1666253506.815391302,-2.464334837283520,448.367326275182165,14.215566950829468,0.882727725829529,0.466710704155696,-0.049451004040811,0.022966908317783
4543,1666253506.915763855,-2.375631253589211,448.520751687469783,14.241468923934965,0.887935205720680,0.456093852679745,-0.054076253379226,0.025004535788290
4544,1666253507.015389919,-2.281916806002697,448.669564448828737,14.256830962032266,0.895048609771074,0.440120223954105,-0.064215383883723,0.032535505007938
4545,1666253507.114642859,-2.191479710003174,448.806794893336985,14.230502642591954,0.898517671307365,0.432755425812203,-0.067478193278620,0.028903792317662
4546,1666253507.213855743,-2.102754062464689,448.939879669106688,14.203886283331954,0.890493020808873,0.450194413054570,-0.062678148208438,0.020460207288801
4547,1666253507.314770222,-2.008506917803858,449.078742703388116,14.222939340314690,0.892317566259396,0.448256045730425,-0.051463387442269,0.013689344907577
4548,1666253507.413224220,-1.923729051111176,449.215972624693165,14.253564642504111,0.885971873733864,0.460295481919775,-0.054916641956555,0.012886842629764
4549,1666253507.513969898,-1.842618943306250,449.353088758715216,14.263309167829968,0.880110352451983,0.471726173691695,-0.051541105744625,0.014956569782580
4550,1666253507.614583492,-1.760331163884306,449.487932193233064,14.232338574432999,0.884102518534612,0.465075478487991,-0.041951417745621,0.017538944639145
4551,1666253507.715311289,-1.664453487401943,449.627228302031881,14.218865951781618,0.901435527426870,0.431559955591452,-0.030376329027810,0.015724924716466
4552,1666253507.815316916,-1.560860817963286,449.770149471395143,14.235206862664411,0.903652340494829,0.427317348541366,-0.027440660038704,0.007703332424014
4553,1666253507.915281296,-1.448358514035958,449.912882496946281,14.254904725175377,0.911373665152294,0.409182215816277,-0.042855339082004,0.011461964871773
4554,1666253508.014071465,-1.341201310146824,450.052687149689348,14.246598498481271,0.907333446922677,0.417036736479091,-0.051878312846786,0.011619689258107
4555,1666253508.113737106,-1.240443396367184,450.193864793870489,14.213118711258378,0.903963493836723,0.424315628758379,-0.051492155277296,0.012442143978629
4556,1666253508.213953018,-1.139252891926367,450.334586436315078,14.221419955370390,0.899014231008864,0.436278322773597,-0.036245474736025,0.010995593779220
4557,1666253508.313622475,-1.040067951034511,450.476444221637507,14.251809459452474,0.899893192923052,0.434471396707975,-0.035535652681411,0.012808753330524
4558,1666253508.413832426,-0.944012687183730,450.617901325996343,14.279565285227115,0.891427850561988,0.451089480456011,-0.039737134361263,0.017193836602529
4559,1666253508.514940023,-0.847255979565270,450.756282178743731,14.268344429898571,0.890531500507430,0.453040203940683,-0.035032164791862,0.021930974610455
4560,1666253508.614663601,-0.743942111903462,450.893082256380524,14.243409528839678,0.898453952885058,0.437485211843378,-0.028457965066081,0.024027654647648
4561,1666253508.715423584,-0.629539023105387,451.035103748314668,14.256877028620126,0.906488711917769,0.421115579690427,-0.023827176139900,0.019291173755332
4562,1666253508.815815926,-0.511421044465942,451.176143847145966,14.285411585959599,0.913785289872766,0.403592556945946,-0.036751936532289,0.027546091394329
4563,1666253508.915428400,-0.394100074206747,451.307872828033624,14.291774725367862,0.919944776960958,0.387794753481746,-0.048124373582133,0.031636706238364
4564,1666253509.013906717,-0.280796184597179,451.430323924146649,14.259955321141417,0.918108483498039,0.391727752645431,-0.055049659802018,0.024407279487340
4565,1666253509.113261700,-0.167996911369206,451.551804401560332,14.252164119615074,0.907847407171155,0.415971399343942,-0.051277583393940,0.012308113654467
4566,1666253509.213775396,-0.057618008428434,451.683009368242665,14.283594234082734,0.912028058794938,0.407481813893788,-0.045016173996098,0.011701939810058
4567,1666253509.313217640,0.043049451699331,451.815633030299807,14.313001558563242,0.903830905559325,0.424583876650613,-0.051602681816100,0.012465515373802
4568,1666253509.413579702,0.137621769227239,451.948955855921724,14.308809296940062,0.896598306919977,0.439459321375793,-0.052746695948216,0.014309680314566
4569,1666253509.514873266,0.234098199587733,452.082977395527735,14.277722732940981,0.902851056718137,0.426968603845072,-0.048826520292094,0.013181488144357
4570,1666253509.614973783,0.334692536002351,452.218217712782632,14.278953142999061,0.908671694996530,0.415442502370108,-0.041178265985585,0.005256267403532
4571,1666253509.715154886,0.434614449290549,452.354921700704665,14.302158670777835,0.912217043137672,0.407794159549232,-0.039546267415114,-0.000287019562941
4572,1666253509.815033913,0.539057468712504,452.493184388055454,14.324055367312225,0.919171428092246,0.390921733231535,-0.047361305117758,0.007809676283721
4573,1666253509.914443254,0.643032655056579,452.630097889956232,14.306868805870375,0.920549811612033,0.387056197235058,-0.051542714688933,0.010903810594503
4574,1666253510.013689041,0.745774847928997,452.771609952551387,14.276886805041002,0.914989888507798,0.400020604363340,-0.051228751533776,0.012354555012865
4575,1666253510.114203453,0.856693370704215,452.934579437607624,14.301938064118584,0.914277835179336,0.400439454473757,-0.055159064025082,0.026490773043166
4576,1666253510.213657856,0.961523158506921,453.093506351503834,14.330044221366993,0.914401001558197,0.396541505573518,-0.071139080286755,0.039558487873116
4577,1666253510.313728094,1.053621909004005,453.245571594599824,14.331797438632941,0.904941355488385,0.414760537433906,-0.082575273043340,0.047288095713394
4578,1666253510.414116383,1.134491016063690,453.388277873642721,14.304662723195110,0.897869787963370,0.429850396155219,-0.081680353126320,0.048854894340016
4579,1666253510.514060974,1.211912587757201,453.524886991257461,14.296280915746799,0.905004720435648,0.418493809569287,-0.064884329667600,0.040241907322675
4580,1666253510.614574194,1.296574108022793,453.667305540472910,14.325228754530730,0.906617111966032,0.416282017529176,-0.059011216409079,0.035670302916174
4581,1666253510.714788675,1.384236232871706,453.807641934126252,14.350892047982885,0.910653157918446,0.406202817572326,-0.063303881844862,0.041263973546402
4582,1666253510.814604998,1.469570912692312,453.939654684029676,14.342879831599356,0.915201360413128,0.396074662449594,-0.061246888927491,0.042191826934879
4583,1666253510.913721561,1.548374251897537,454.067546191864153,14.316481486860335,0.905143519027744,0.420385388311273,-0.053312580311512,0.033898437087581
4584,1666253511.014057159,1.626212592324560,454.196962211458526,14.318264696609139,0.899285271994836,0.435426303696559,-0.034072892709975,0.022999382702578
4585,1666253511.113518476,1.701386892574505,454.337371003411249,14.348890207052229,0.891176193546052,0.451990260612752,-0.031187539867010,0.023176145603401
4586,1666253511.212988377,1.771067906393374,454.481566725897153,14.371371526268293,0.877658965190847,0.477204661228600,-0.034631955600954,0.028126140387239
4587,1666253511.313819885,1.837690947655276,454.624284044893614,14.347663479643597,0.871258947256620,0.488924068233582,-0.031536481646462,0.029437266390973
4588,1666253511.414914370,1.908001159411715,454.767664809527275,14.308448247009109,0.878142683015754,0.477025046287555,-0.021958786503469,0.028815710568098
4589,1666253511.515164614,1.986052157621053,454.913451118822366,14.310646045105733,0.884990882637095,0.465072066832540,-0.014569486462005,0.016936362229221
4590,1666253511.614920855,2.067322584293369,455.059228765123123,14.337190001616598,0.885830260988622,0.463132989178204,-0.024305617694715,0.014893622802046
4591,1666253511.715139627,2.147930163166992,455.198515252083382,14.347139419944877,0.887464487527975,0.459394192069650,-0.034672243211073,0.012712010859586
4592,1666253511.813830376,2.220789484505719,455.327288557987117,14.317269757607940,0.879620694815753,0.474311589844542,-0.035977940586098,0.001239670189183
4593,1666253511.913063765,2.288139971528480,455.458120296132108,14.286220468297120,0.861437606081992,0.507011279160871,-0.027673835254408,-0.009948491026087
4594,1666253512.013747692,2.357300148410561,455.602168777136342,14.292263058668308,0.861111622826477,0.508045890420473,-0.016669274255764,-0.009913705452875
4595,1666253512.113520622,2.422238474329800,455.754977940013475,14.311971721572357,0.855523833194306,0.517165417852958,-0.024731295244641,-0.002695264183646
4596,1666253512.213971376,2.480568530780941,455.905871097173076,14.312165085637695,0.847886930894794,0.529139690459776,-0.032783834314044,0.004915343895245
4597,1666253512.314585686,2.533343811747355,456.051390499766342,14.276589249703569,0.846658909328119,0.531166579270116,-0.031468657477393,0.006362383073496
4598,1666253512.415217400,2.586887473034797,456.197409349662848,14.248614251730851,0.853583274044957,0.520458505588166,-0.022679872095536,0.002040008175279
4599,1666253512.515116692,2.647759338717719,456.347216478022517,14.257596147813445,0.865094269410183,0.501274941396675,-0.018310035929630,-0.000284157837014
4600,1666253512.615467310,2.716170277911321,456.495550174112850,14.280810680022286,0.875775158831452,0.481843536911065,-0.028561261396227,0.005378797099514
4601,1666253512.709177017,2.780289285268159,456.623382108583826,14.275698906545502,0.878152438794401,0.477042315703722,-0.035356631966951,0.005369529162764
4602,1666253512.807636976,2.843645491295817,456.750655122998808,14.235698221479476,0.870116341648650,0.491651356520276,-0.034119437994258,-0.003515619248122
4603,1666253512.908067465,2.909241001490528,456.882871581018037,14.213024151206339,0.869462149578879,0.493527600312636,-0.020913527114340,-0.005357477294811
4604,1666253513.010186911,2.980944787194598,457.024983769667699,14.235434959610561,0.876857561194348,0.480355077555997,-0.019486322836685,0.000316330170246
4605,1666253513.110887051,3.045870706638594,457.159746568876358,14.254534426216697,0.874351314972131,0.484602165678002,-0.025406716576966,0.005001777631334
4606,1666253513.211995125,3.106054179584047,457.288957536501925,14.243084362565005,0.878081749601506,0.477809912573692,-0.025190449397671,0.005964035732878
4607,1666253513.313046694,3.167811442998023,457.414510901632980,14.203556082143022,0.885067909629525,0.465103181851115,-0.018164510255343,0.001968792313796
4608,1666253513.412061691,3.239413388535506,457.538640164701690,14.186841619692206,0.894145106138021,0.447528368287446,-0.012078747515222,-0.008774543057465
4609,1666253513.512822390,3.322680624753443,457.668022963544104,14.206909269640494,0.903884386729234,0.427259508096074,-0.017974602335215,-0.010919791184282
4610,1666253513.613234282,3.410186934410507,457.791149354650486,14.222950888631733,0.915435532932074,0.401383976058619,-0.028741666743577,-0.006527281328808
4611,1666253513.712616205,3.497189411507143,457.905481781053936,14.202458605297403,0.918269812213695,0.394444835517945,-0.033230774815778,-0.009462521619036
4612,1666253513.811432600,3.582095873874256,458.017134512670737,14.166096247661235,0.913346257678478,0.405735400943914,-0.030777484965784,-0.015170511684893
4613,1666253513.912511349,3.673062715950879,458.131871233784409,14.164471181494301,0.916502086052205,0.399190074678185,-0.017517696444754,-0.019087714678589
4614,1666253514.011375904,3.766457205030540,458.249118850619709,14.184380558082148,0.919853587112676,0.391608227026747,-0.018196330868451,-0.013463593273596
4615,1666253514.111574888,3.862072764624127,458.364771173889608,14.193797079329482,0.920439479131195,0.390049431239553,-0.024429753409882,-0.007469511009964
4616,1666253514.213807106,3.963165811613375,458.475537549934074,14.167113811674525,0.929877474459546,0.366907137969191,-0.026114943341394,-0.005004431463101
4617,1666253514.312177658,4.067566441373196,458.577895259293541,14.136119215349725,0.938500160454285,0.344269425942328,-0.025637665634411,-0.006222643283900
4618,1666253514.412954807,4.185435529965614,458.676615204489281,14.141909102258351,0.947024789130617,0.319674412172458,-0.027960146077318,-0.013059448902592
4619,1666253514.513967276,4.309185775545782,458.766490370521467,14.164072162303182,0.958403922526016,0.282922922774114,-0.036803400191332,-0.007877232385587
4620,1666253514.613932848,4.433239890024438,458.842061493695326,14.166183289778434,0.969678748494536,0.240527837347834,-0.043232540177561,-0.000656999725927
4621,1666253514.713436604,4.556510503130049,458.905659660137303,14.136122325050660,0.974291470769994,0.221023085221246,-0.043512130632719,-0.003408851995247
4622,1666253514.813279867,4.683881410793644,458.958453185386361,14.109758453725799,0.977459168685896,0.207800648571301,-0.035009943317987,-0.012913863639357
4623,1666253514.914257765,4.826782675309188,459.011734028624801,14.122864958873938,0.980071325719006,0.195489772865205,-0.032756231511486,-0.013075721994071
4624,1666253515.012396812,4.967385120086532,459.059157981609815,14.140344172399043,0.981960494921813,0.183861067576925,-0.041761111750740,-0.014307473142502
4625,1666253515.112985134,5.108761975785152,459.101837554742474,14.138284639251539,0.984451947411998,0.167762740325578,-0.049340825311716,-0.016598468385251
4626,1666253515.214268446,5.251490372057765,459.135662790435561,14.108955009195082,0.989889308730946,0.132425702116352,-0.049306885722259,-0.012305319968720
4627,1666253515.313629627,5.396029451944797,459.154932087019802,14.091146559690459,0.993864947561201,0.100177667294564,-0.042052614109578,-0.020699725388080
4628,1666253515.413124084,5.547275861484985,459.163845061231484,14.104694087887417,0.995550885145217,0.079986608731092,-0.039676358524593,-0.030105881227795
4629,1666253515.514984608,5.705950640796765,459.163863098253898,14.125483169119294,0.997980718361468,0.030958058959585,-0.049559321129323,-0.024898956873399
4630,1666253515.613994837,5.856050479773769,459.160186274435091,14.115050627630319,0.998213532273202,-0.004809560002684,-0.055783658238319,-0.020851752750996
4631,1666253515.712891340,6.004637262044130,459.156626774725510,14.088253051370964,0.998260689840083,-0.004583686857356,-0.053970553825336,-0.023275829836597
4632,1666253515.813332081,6.161109223837442,459.152698463159538,14.096292216352742,0.998943822411527,-0.007917582714936,-0.041918519832776,-0.017070127264564
4633,1666253515.912477016,6.321164753762525,459.154863986954467,14.122809925667561,0.998804333415239,-0.012933967057965,-0.046124328362108,-0.009755120718312
4634,1666253516.012536526,6.480141497457051,459.160795440798211,14.138034410585044,0.998461322762052,-0.005618772213415,-0.054901177176948,-0.005410830957702
4635,1666253516.112772226,6.633921168587350,459.168293955235868,14.118243058999649,0.998313416561943,0.013690898023351,-0.056321656550006,-0.003279119881675
4636,1666253516.212706327,6.788698867578359,459.173108175394475,14.087058360982351,0.998620998433857,0.008713441453859,-0.051730625382121,-0.002029734606358
4637,1666253516.313867569,6.953349864132417,459.179617347122530,14.088072608348210,0.999067583410562,0.009918999186408,-0.040086202572798,-0.012596570827499
4638,1666253516.415302038,7.123055870956190,459.191263354569458,14.108442733545752,0.998786176785676,0.005557154979936,-0.046808958319113,-0.014290294309786
4639,1666253516.515673637,7.289355402699295,459.202654020384614,14.125264961105456,0.998290143706321,-0.001313487615546,-0.056465775009707,-0.015055895245727
4640,1666253516.613105536,7.445918239176370,459.217188250924153,14.105979716293909,0.997981402731961,0.022046851279503,-0.056633450357722,-0.018431181470148
4641,1666253516.714700937,7.609772119373958,459.234609701713964,14.080962788422259,0.997265453440659,0.049899007651208,-0.050453911169839,-0.020642365583636
4642,1666253516.814631939,7.771655307108263,459.255993120701532,14.090469905414798,0.997185635100513,0.061395790722234,-0.039245521321659,-0.017639588628134
4643,1666253516.913777828,7.931302076750371,459.290049101451075,14.112437303525484,0.995434531548052,0.082721042241636,-0.044909998621366,-0.015824493546317
4644,1666253517.014121056,8.085806378283936,459.333009814000945,14.117374442779452,0.992606106276877,0.109278856358159,-0.051315375335493,-0.012569072721871
4645,1666253517.115360022,8.234031170922270,459.379594024066023,14.081136887220264,0.993495335167582,0.102680971770233,-0.048627669532627,-0.007680285958233
4646,1666253517.215216398,8.383395964185413,459.422365496154782,14.049960568096139,0.994778708692555,0.093719561959593,-0.038969538250256,-0.010646103824278
4647,1666253517.315546513,8.536317666879084,459.461478885529402,14.053309592361872,0.996496792912532,0.077580816033888,-0.023481340150747,-0.020590904867886
4648,1666253517.416233301,8.698506182920575,459.503852988205949,14.082207711560176,0.996989977014389,0.068849696621701,-0.030114919257016,-0.019073453963353
4649,1666253517.514855623,8.856385337775937,459.541918750986326,14.086071170758999,0.998566024907565,0.038964542176033,-0.034321679549027,-0.013026153163955
4650,1666253517.614336252,9.016719299684430,459.579026669125767,14.055429902435630,0.998616169021356,0.037934102155383,-0.034377219236036,-0.012039836393152
4651,1666253517.715032578,9.183716953599761,459.610653291578899,14.053780572914020,0.998421982171189,0.047392240251376,-0.026243375901206,-0.014792102711139
4652,1666253517.813291073,9.351513273132339,459.642404315723638,14.083332095903964,0.997936301090931,0.053948639787662,-0.032080583983779,-0.013546931802851
4653,1666253517.914026976,9.517667403370558,459.672306690046014,14.109457303358079,0.997749744731479,0.051770266598014,-0.041714082224176,-0.008673046110398
4654,1666253518.014872551,9.679970820272201,459.696532785325246,14.098793858624045,0.998109779758453,0.042733883705378,-0.043611604541625,-0.006979303926150
4655,1666253518.114750624,9.844411608278095,459.713561026372247,14.070970485219476,0.998653984866294,0.029222246362253,-0.042370221520701,-0.006406493307815
4656,1666253518.216382980,10.017942933245930,459.723364284868921,14.073926594381312,0.999331259802925,0.010217281854563,-0.032112837564040,-0.014191758023202
4657,1666253518.317022085,10.194380570779845,459.729203766325838,14.095278730428765,0.999115678523641,-0.005708439012639,-0.038516019726314,-0.015867919735313
4658,1666253518.416284084,10.367145536483720,459.728461000193931,14.106351999140520,0.997813088489566,-0.036825727296520,-0.053304071805335,-0.013098938009186
4659,1666253518.516404390,10.536809854092057,459.723185907047480,14.078033647123844,0.997245006121652,-0.044655821643424,-0.058440933995266,-0.009639117829864
4660,1666253518.616898537,10.712212349882279,459.710270543352351,14.055559394266982,0.997611071988728,-0.035669168725640,-0.058075102012376,-0.011275724995524
4661,1666253518.717647076,10.898491103923174,459.692900737488969,14.082643737400163,0.997166507068773,-0.044630554498520,-0.059983660026321,-0.008308508606500
4662,1666253518.807965994,11.058675636935460,459.679169960303000,14.107369887720553,0.996360781023735,-0.044588200161875,-0.071629572578719,-0.012095072396905
4663,1666253518.909954786,11.224197481265225,459.666663050650527,14.114860191720519,0.996380283589177,-0.039062985163563,-0.074827177783865,-0.010065144299225
4664,1666253519.012391567,11.377907374478022,459.654931078172126,14.090449048334186,0.996877866712062,-0.042097185731354,-0.065920293499300,-0.010810213599854
4665,1666253519.113890886,11.535221375634785,459.638849473758057,14.085055622956959,0.996830653091171,-0.061495938668279,-0.049488041617714,-0.009891022291936
4666,1666253519.214409828,11.701139569508506,459.620545393681823,14.109362725995283,0.996344187596985,-0.073750816153160,-0.041393641327157,-0.012068281407318
4667,1666253519.316053391,11.871958504051527,459.597474714895327,14.133526067835442,0.993024566464632,-0.104336992101187,-0.054232958126958,-0.008648047745371
4668,1666253519.414814949,12.030190676582366,459.571647065281013,14.120829743083370,0.990049606076668,-0.127113936539291,-0.060230503350259,-0.004013864857336
4669,1666253519.514038801,12.183640341879313,459.545289176570918,14.087863489772365,0.992610858190042,-0.107146157973218,-0.056502816651888,-0.007128586480530
4670,1666253519.613722086,12.340245661429465,459.515140081643437,14.099009334113516,0.992987849163205,-0.109859456002354,-0.043614740883350,-0.001945692364625
4671,1666253519.713715553,12.499932983795643,459.487624980037992,14.124357755905855,0.993015735718999,-0.110703959865396,-0.040726660385285,-0.002391865054324
4672,1666253519.812746525,12.657047444157930,459.463955416039596,14.140522560529790,0.995294456987581,-0.085484593700758,-0.044975508456756,-0.007650605771432
4673,1666253519.912998199,12.812611931227138,459.438033521845057,14.117991521693792,0.995312884744534,-0.087054874527579,-0.041594328441906,-0.006604704684374
4674,1666253520.013367653,12.975361826490129,459.405277195574286,14.091590282765710,0.993555187024972,-0.107624772841945,-0.034897832459496,-0.006865849992619
4675,1666253520.114244699,13.150371308238716,459.366964249777880,14.109827349530432,0.992109888146461,-0.121133632920338,-0.028243551825197,-0.015713516405770
4676,1666253520.215374708,13.326832231304722,459.330212263787359,14.135023584845708,0.988115654964543,-0.147207009732314,-0.041168603807442,-0.016207861062115
4677,1666253520.313901901,13.492453604271134,459.294188525457798,14.132361709173141,0.984446205176354,-0.166721346576262,-0.052206361028187,-0.018551484519281
4678,1666253520.413660049,13.656703500323999,459.259215688842289,14.099596360350811,0.985445844043911,-0.159424864761154,-0.054814865407039,-0.021806684362388
4679,1666253520.513923168,13.825926289124601,459.223377702625214,14.092754734683608,0.987246307172040,-0.149871121380132,-0.049909643779334,-0.019809174875587
4680,1666253520.613096476,14.001265869328009,459.188568607950742,14.121847665858928,0.986758579124088,-0.153068094757710,-0.050899505759807,-0.016938276348657
4681,1666253520.712829351,14.172536162388994,459.159233168364665,14.145645406333459,0.987755244405699,-0.142709848619074,-0.061410042721721,-0.014222619627764
4682,1666253520.813972950,14.334977647537130,459.133335069352313,14.139341997211694,0.989316012060626,-0.131541867353550,-0.061940121040165,-0.010676460983443
4683,1666253520.914333105,14.491954792389228,459.104401133198508,14.111337459158378,0.989441365895314,-0.134293675746480,-0.053896827225745,-0.008131674164163
4684,1666253521.014357328,14.654498711809685,459.068037679661245,14.115076945752413,0.986987015630062,-0.155712390972443,-0.038211397668122,-0.012254442604948
4685,1666253521.115243912,14.823896257034594,459.028961453100010,14.140938892634452,0.984204509410564,-0.172525885167229,-0.037240294132029,-0.013764559423908
4686,1666253521.216130495,14.989828087702804,458.986968602833429,14.157873361005306,0.979752439849498,-0.194392736747835,-0.046414988868996,-0.011927670222380
4687,1666253521.315649748,15.145720224618339,458.945384558581566,14.135944626129056,0.978137115050822,-0.202599424839288,-0.045662469946388,-0.010779427315051
4688,1666253521.414447308,15.301516015226722,458.904982719462112,14.108943768079850,0.983730607247895,-0.175242886798366,-0.036897549166974,-0.014233546843092
4689,1666253521.515674591,15.474812907838034,458.863248594205174,14.128227773884362,0.984354465953134,-0.173407246835532,-0.030120112060917,-0.008306079248327
4690,1666253521.614692211,15.647410332871308,458.827873577918979,14.155566463081108,0.986000024627899,-0.161556398150012,-0.041128187152327,-0.003457437221572
4691,1666253521.714179754,15.812751882754357,458.797829600416321,14.159161474313072,0.988202000354355,-0.145178515430259,-0.048778710894029,0.000801571352746
4692,1666253521.815418959,15.977241136523043,458.767933725916464,14.129543330938411,0.987703807743545,-0.148249829110961,-0.049211373493390,0.006435608469025
4693,1666253521.915067673,16.146528035017091,458.733559191789084,14.118375903455199,0.986109301229457,-0.160353573519065,-0.042703282579251,0.007183811340375
4694,1666253522.015326262,16.327255373217636,458.695547080785047,14.143282350125769,0.985208352895708,-0.165769932512290,-0.042734659515650,0.007653739966771
4695,1666253522.116860628,16.508220352565417,458.657485648305055,14.166277686937224,0.980936797681396,-0.185023011826725,-0.058257306087646,0.011643467548223
4696,1666253522.215572596,16.673766854412339,458.619095839398994,14.155905048159722,0.978129517547447,-0.197227899196880,-0.064155500071194,0.015744030341679
4697,1666253522.315592051,16.836297970010083,458.580968033670501,14.123844224827812,0.981502235960475,-0.181501167917751,-0.059883726489081,0.011163608326216
4698,1666253522.415908337,17.003062434650758,458.538820026620044,14.123692076949235,0.985083415286501,-0.165094086688012,-0.046560224896575,0.013665757414582
4699,1666253522.506453991,17.160563613487813,458.500331009958188,14.142691417698940,0.986520911906184,-0.156588031903205,-0.046669419772215,0.008868139297298
4700,1666253522.606935501,17.338621857055752,458.462928754611823,14.163360901692331,0.990781000705618,-0.121982989265968,-0.058776021629011,0.004305607039533
4701,1666253522.707767010,17.513089233345564,458.427345508899066,14.146041019255172,0.991646451304670,-0.111685808247808,-0.064349288534509,0.004771259371663
4702,1666253522.812148809,17.694069316792636,458.388391357933813,14.116579245939603,0.988501646281545,-0.136945174722639,-0.063403554320537,0.009513344227106
4703,1666253522.912540674,17.870978761397545,458.347866743531256,14.131841875058834,0.986445333104717,-0.154029064754775,-0.056383170951338,0.004646508384388
4704,1666253523.013127327,18.040983047285831,458.306559516616915,14.162231435106330,0.982680972617187,-0.174518712162966,-0.062219165616873,0.003178142705833
4705,1666253523.112191677,18.196355493614647,458.264428230525027,14.168543319003614,0.980586285309319,-0.185712669452906,-0.062910363724342,0.001904627002470
4706,1666253523.211210966,18.344794676250988,458.222839189591582,14.140565645206966,0.983729327120218,-0.171813605759074,-0.052479271406569,-0.001619232010622
4707,1666253523.310083628,18.497353057219971,458.181871809662539,14.130392002043779,0.986833383788169,-0.157819832034890,-0.035181561619702,-0.003876980741508
4708,1666253523.411238432,18.668434107562828,458.141761987671771,14.158370982329075,0.986153873411255,-0.162649433181742,-0.032274765424359,-0.002009815523579
4709,1666253523.511500120,18.838803437967893,458.108691688746546,14.184323765944210,0.988385018368010,-0.145619379564541,-0.043341482714874,-0.003401122900190
4710,1666253523.612838745,19.003718930746984,458.080035963162516,14.176114965937810,0.989299599913868,-0.137715160379192,-0.048171606794589,0.000576637514344
4711,1666253523.714948654,19.166715299878724,458.049849041769107,14.144984923334986,0.988464154409566,-0.144519558369737,-0.045047364714581,0.004842275112888
4712,1666253523.815838814,19.334402589204029,458.012843357363749,14.152749138760758,0.986725706952903,-0.158462467021983,-0.035424928664097,-0.002664622439384
4713,1666253523.914284229,19.501788724946664,457.974888108716073,14.180497372217070,0.984563714127873,-0.169812533515378,-0.042289245295335,-0.003100970197895
4714,1666253524.015016079,19.666547108313424,457.933377749562680,14.194165328516526,0.980865227575587,-0.187093170570846,-0.053845416470544,0.000471151730201
4715,1666253524.112862110,19.819295702214824,457.889691741382364,14.169327452456518,0.977905102524429,-0.201905185593270,-0.054064204169073,-0.003601154648059
4716,1666253524.213129759,19.974935971382113,457.842291990034255,14.143636214525388,0.982420882338776,-0.180504781794459,-0.047214469805213,-0.006166646985892
4717,1666253524.311494112,20.136502698705318,457.792889739271573,14.163369174465181,0.982105339947979,-0.184347329992814,-0.038151036387095,-0.005446245750550
4718,1666253524.410980463,20.303408643009476,457.750270816231364,14.190844350174315,0.985183956979808,-0.164881843927696,-0.045811299484066,-0.011308107365593
4719,1666253524.511288643,20.465693977822330,457.715140093484251,14.195270801837882,0.988352433950313,-0.142388954953064,-0.051442240567913,-0.015444989388750
4720,1666253524.614427090,20.629269568552534,457.683744472806382,14.162108461573213,0.988507722885864,-0.141874023840821,-0.050291409446300,-0.013964859115781
4721,1666253524.716566801,20.797420770496313,457.651008755960675,14.147476747807620,0.986225877258371,-0.158989037819892,-0.041882160861406,-0.018080085194521
4722,1666253524.816386461,20.968301630952009,457.615705055697845,14.171249696767948,0.983697273089623,-0.174091119282779,-0.039912941855423,-0.020950278646211
4723,1666253524.917245388,21.134986226058505,457.578240425870831,14.197166177678607,0.980004932885247,-0.191438186615761,-0.048850047071943,-0.023567459067948
4724,1666253525.018692255,21.287716125781795,457.542511210467694,14.194094164569055,0.976873707652731,-0.207391601731163,-0.047707328790887,-0.020748339881230
4725,1666253525.107326984,21.417449036117159,457.514528587890425,14.171658658422084,0.980228738811204,-0.193477310975637,-0.034730509988201,-0.022626122562062
4726,1666253525.206936359,21.573947528987865,457.483233886985090,14.168280337993222,0.985090242114155,-0.169828709686021,-0.017292463597609,-0.021363402364354
4727,1666253525.307943344,21.752429431766686,457.450912549155191,14.193742991945109,0.983760963485967,-0.177701634705548,-0.023544920642946,-0.009062695849261
4728,1666253525.409331322,21.931903075127657,457.420232845900614,14.216862766675623,0.984376887692354,-0.171768352848294,-0.038491961028346,-0.004018068328441
4729,1666253525.509979010,22.098110490230486,457.391365750077682,14.199465837408399,0.984023861841700,-0.172697590944096,-0.043136612339920,0.003437162214537
4730,1666253525.610498190,22.260445325433366,457.360216464701978,14.167077855727946,0.983789494236390,-0.174616035458815,-0.040468850851222,0.005453741975608
4731,1666253525.711632729,22.427647284845438,457.324974303105080,14.180409228132190,0.981344646541532,-0.190059532988982,-0.028959922509369,0.001175377614465
4732,1666253525.811706543,22.593770430062555,457.290749249220255,14.208508308608488,0.977621264014239,-0.207747383880563,-0.032924248660832,0.003698984739445
4733,1666253525.911196709,22.754723562561654,457.252975891776373,14.220285488255316,0.974241395703255,-0.221709676789333,-0.040577052444909,0.007212830999412
4734,1666253526.010390759,22.910659506235216,457.214460852863510,14.193609170569051,0.976167527811960,-0.213242052008440,-0.040068563207035,0.004392623730707
4735,1666253526.109658480,23.067385286844456,457.174863294158456,14.171141845121204,0.980603923180082,-0.192994883974739,-0.033922226247544,0.004266517293895
4736,1666253526.209880352,23.234981255846385,457.133161506762633,14.193937299223890,0.981746959506287,-0.188073151980237,-0.027395518534975,0.007133201846267
4737,1666253526.309455633,23.403932559328467,457.095383988304263,14.220734674123943,0.984396558043030,-0.171910566929118,-0.036555832097144,0.008593289872373
4738,1666253526.410516977,23.570748591015171,457.061729924477618,14.224799964133917,0.987046288563486,-0.154007173082139,-0.043750699302995,0.010358145721852
4739,1666253526.512333155,23.735386778187831,457.027715514909517,14.198096794719042,0.986400549385782,-0.157693996681688,-0.043895580208645,0.014823549511845
4740,1666253526.613605499,23.903563411177576,456.987391234485813,14.190137353251007,0.983463965557108,-0.176048224624272,-0.038652882474060,0.017652357739854
4741,1666253526.712124109,24.070123173461138,456.943896458940003,14.212820283921065,0.980269811015624,-0.193116124092919,-0.038993453016242,0.016024070911964
4742,1666253526.813993216,24.236305844761503,456.895967291226668,14.234413810526553,0.976076155267520,-0.210718085285074,-0.050408939048424,0.018225435961327
4743,1666253526.908502340,24.381648191144006,456.847744557026658,14.223024136337472,0.973009637908053,-0.224409952443657,-0.051535976908007,0.015377284103925
4744,1666253527.007142305,24.532738493894936,456.797300608465662,14.190715511283919,0.977439838357088,-0.205719337845029,-0.046902233231906,0.009544472061512
4745,1666253527.107195139,24.696125102873946,456.743015342926697,14.196264109373045,0.979624016062528,-0.196671775735951,-0.039608517423786,0.009389628846869
4746,1666253527.207171440,24.865667477747493,456.695130985694277,14.224378690882507,0.980853611284712,-0.188484507096478,-0.047966498343228,0.009949816632782
4747,1666253527.307667255,25.027957283541696,456.656741659139186,14.238773909280125,0.984034396870243,-0.168912117292041,-0.055433955473961,0.008489934549129
4748,1666253527.408582211,25.184235790579010,456.622522434083749,14.218872561355598,0.984596188374868,-0.165489604221239,-0.055096170367872,0.012163418235587
4749,1666253527.509711027,25.342488093951534,456.584174667064190,14.198035990743536,0.983899220574555,-0.171958720703001,-0.047474675861745,0.010893910170022
4750,1666253527.610476494,25.508227722709776,456.539647444828802,14.216487183183245,0.984065427558721,-0.173344288777924,-0.039552424843608,0.001611682579932
4751,1666253527.710794449,25.674850698180229,456.492495068613096,14.241064043785647,0.980372425358348,-0.190874066024191,-0.049359580569576,0.000793928447593
4752,1666253527.810359478,25.835505678230167,456.442852194019736,14.241212365338644,0.977264035459628,-0.203794399162767,-0.058487065804976,0.001452928275290
4753,1666253527.909150124,25.990824125967254,456.393188410940468,14.212400036539361,0.978862646767131,-0.195553369814493,-0.059883008126942,-0.000907554908230
4754,1666253528.008939266,26.147249784291027,456.342716853678667,14.200518683137277,0.982069389459603,-0.181557865749630,-0.050698848225297,-0.002466264282487
4755,1666253528.108854055,26.309898299583310,456.293167290535962,14.225264280093850,0.982045229550017,-0.182807117916745,-0.046491365412250,0.002697721099856
4756,1666253528.208335638,26.470981846092183,456.249486689586718,14.249187681556995,0.984021543657469,-0.170117705481481,-0.052550222513833,-0.000204971788116
4757,1666253528.309161425,26.628830512793161,456.210289657264013,14.243932758952528,0.986125914262184,-0.157487269062801,-0.052463514706825,-0.001010409975456
4758,1666253528.410411835,26.785650868071517,456.170886190102522,14.213840020119193,0.985697220186786,-0.162025710773629,-0.046352166977012,0.000368484570966
4759,1666253528.510632992,26.947735614885850,456.125902364818387,14.217012060408587,0.985090259734516,-0.168348798923429,-0.034729883329218,-0.007049629859917
4760,1666253528.609959841,27.110870352124394,456.081655818090326,14.247462300131287,0.982649387157848,-0.181236282306328,-0.037606034080509,-0.011805850025395
4761,1666253528.711524010,27.269787847601027,456.039864974415366,14.266375333829997,0.980030444089197,-0.193669163086662,-0.044226944727517,-0.008749930726137
4762,1666253528.810619116,27.416852934267137,456.002620412293254,14.249686531324922,0.980096662862547,-0.194310587587049,-0.039543509743898,-0.009499359684192
4763,1666253528.909154177,27.563975311229960,455.966866925794363,14.226744401239054,0.984668609801206,-0.171958277205186,-0.028464854791785,-0.006916054834058
4764,1666253529.009427786,27.728540074133118,455.925580250284099,14.249222771108094,0.985331002436014,-0.169192082849818,-0.022265333779070,-0.001053399775016
4765,1666253529.110442162,27.898230862938693,455.884901633652646,14.277821445443070,0.987292572465436,-0.155506600620776,-0.032710812636494,-0.001037426919353
4766,1666253529.210494995,28.058338376083135,455.850492539986988,14.283006655606734,0.988349574718367,-0.146732853710914,-0.040418756125137,-0.000954960298745
4767,1666253529.311193466,28.214349900337286,455.818465973852824,14.256254990892783,0.988272972256368,-0.146950625866235,-0.041495207265070,0.000440044446681
4768,1666253529.411733150,28.374600114472926,455.782020285526357,14.246217990977760,0.986938612845317,-0.157091871681263,-0.035695700255508,-0.000367844951925
4769,1666253529.511821508,28.536943442182665,455.742838323268472,14.269252891222580,0.983715150463037,-0.177413167643827,-0.028599855846737,-0.003334507701930
4770,1666253529.611693144,28.694779227750704,455.702277408917325,14.293135280596204,0.979654326390049,-0.197506094359261,-0.035603244122326,0.001073538157690
4771,1666253529.711544514,28.843125029838319,455.659353651494314,14.289437175282965,0.977121775192590,-0.209750413892366,-0.035178206540775,0.000542310831676
4772,1666253529.809992552,28.986739803933528,455.616516710471899,14.257181679168873,0.980656428414294,-0.193748098941269,-0.027289880283422,-0.005468637899966
4773,1666253529.910271168,29.141559070477559,455.567301701347162,14.250409886634694,0.983531604426674,-0.179893554262559,-0.016380617416368,-0.005963857957236
4774,1666253530.012176991,29.313780831332419,455.518677427430418,14.279110099576748,0.983452515190795,-0.179715920192404,-0.022181105827517,-0.005597940564616
4775,1666253530.111971855,29.478801511907122,455.477363027420438,14.300316105644466,0.985708620040318,-0.164629509520754,-0.035019765817454,-0.007018331372790
4776,1666253530.212078333,29.636862130375189,455.440929658217044,14.286772634553797,0.986962401897550,-0.155421961216420,-0.041106018845987,-0.007715337121193
4777,1666253530.313630104,29.796305399698088,455.404474186070161,14.260195432193504,0.985758388649619,-0.163380349679645,-0.039295939076916,-0.006564275857059
4778,1666253530.414237022,29.958477884772531,455.365020703756613,14.270950501337959,0.986070647048645,-0.163238464199429,-0.029466753467526,-0.012230832962759
4779,1666253530.515833616,30.124432429861390,455.324954070702574,14.298638253982416,0.982969574745152,-0.180175018776695,-0.034615491120765,-0.010466399028322
4780,1666253530.615471601,30.282665618303373,455.281397480689691,14.313043693912924,0.978453606372042,-0.201526215288108,-0.044302494991825,-0.007281048461325
4781,1666253530.716348171,30.436166542955807,455.235370513125531,14.292817844078451,0.978710932820579,-0.200121448127350,-0.044922711191871,-0.007633216625796
4782,1666253530.815171719,30.585248112007275,455.188112163466542,14.269677016699283,0.982461481074706,-0.182279815927072,-0.038163717116262,-0.009329394726287
4783,1666253530.915015936,30.741763060993851,455.133665600770030,14.288649049946413,0.983729539748028,-0.177668825233294,-0.025392805049738,-0.008073823075846
4784,1666253531.015404224,30.901689586973887,455.080863583767382,14.318310366835657,0.985143831669523,-0.168763192279030,-0.030761376884128,-0.008022066284569
4785,1666253531.107461691,31.042179239600465,455.039049971452584,14.333053496293518,0.987747384184170,-0.151893304802363,-0.034000156104920,-0.011292403569973
4786,1666253531.207719564,31.188288130713648,454.999045716463229,14.312188452818596,0.988354420962832,-0.149321699605647,-0.028368687592765,-0.007333904442452
4787,1666253531.308620930,31.337114677511053,454.957442977956646,14.289691870154334,0.987173683116786,-0.158536533811914,-0.018615266535399,-0.002785437193650
4788,1666253531.408138514,31.488152730957015,454.911541770245776,14.305896906367765,0.985377064922543,-0.170131091614861,-0.006263207747368,-0.006944337209788
4789,1666253531.508574009,31.640521784987435,454.861945331672871,14.332840141301645,0.981006349144504,-0.193556326268790,-0.012417416343450,-0.002880845510493
4790,1666253531.608464479,31.786977256927475,454.808778166177149,14.337098056365358,0.976689868909641,-0.213950025537531,-0.017082145307577,-0.003238341156948
4791,1666253531.707461119,31.931139824333776,454.755085610742583,14.303102223671488,0.981164260095807,-0.192256802222856,-0.015718740357207,-0.010341078825387
4792,1666253531.807296038,32.083021423302995,454.699542638601429,14.283462319516874,0.984648559302551,-0.173679665949224,-0.010950081410677,-0.013516065118048
4793,1666253531.908527851,32.248812615476425,454.646340590439706,14.304435086648841,0.984907724402033,-0.172088081592676,-0.011265816248608,-0.014681552071026
4794,1666253532.008074284,32.414392414707343,454.601351629278042,14.322896587782122,0.987085219760651,-0.157424273398089,-0.025417335314207,-0.015307715070393
4795,1666253532.108680248,32.577335326300215,454.562431069814920,14.314696337869186,0.988355334249809,-0.147459189996836,-0.036122633511123,-0.010231123772457
4796,1666253532.209944248,32.737664642028783,454.524893828199424,14.284172729644908,0.986384273570460,-0.159686262473849,-0.039152118913353,-0.003670696746230
4797,1666253532.310979366,32.898868121142868,454.481932619200052,14.286220816053836,0.983769833313204,-0.176390112745563,-0.032848990197113,-0.002094524181964
4798,1666253532.409750938,33.054589911151083,454.437078129608494,14.314158082291653,0.980111629873352,-0.195784009146938,-0.032169197012630,-0.003867494397725
4799,1666253532.509702444,33.205007145228350,454.388014630419150,14.334438707208173,0.976004559529985,-0.214427708134112,-0.037860583891327,-0.001560111675179
4800,1666253532.610431910,33.349519382708614,454.332926804984425,14.318875927567193,0.972012714725430,-0.232120986831636,-0.036008427975868,-0.003810905287949
4801,1666253532.708273172,33.493797290464286,454.275288870890222,14.288817667793888,0.975793196149579,-0.216176418040576,-0.031056206251412,-0.011441445914089
4802,1666253532.808470249,33.650937046566746,454.211481058957872,14.293127934537113,0.976651115925086,-0.213195347035004,-0.023591607484503,-0.011990738976632
4803,1666253532.909057856,33.816980161568324,454.153579001998423,14.317636951855469,0.977191449929664,-0.209465729109957,-0.031529506768631,-0.015062161721378
4804,1666253533.008166075,33.973733778403890,454.105454572614690,14.331152714901878,0.980181685486750,-0.193324701422700,-0.040690493537806,-0.014618720594755
4805,1666253533.108669281,34.123215438296072,454.060697881036617,14.310584861482781,0.978820070573064,-0.200305839351242,-0.040782892715028,-0.011206954400334
4806,1666253533.209294081,34.272328923643691,454.012875890951932,14.286597486049500,0.976198276224515,-0.214165781945187,-0.033345129552062,-0.007618771242674
4807,1666253533.309345245,34.424767416440716,453.957712088696326,14.301996462748415,0.973822075146634,-0.225919914998734,-0.022359676380220,-0.011436906760111
4808,1666253533.409819603,34.578655966863003,453.896567463580197,14.330690000233467,0.967865075813924,-0.249377943668397,-0.030038665644117,-0.012062951452699
4809,1666253533.509721518,34.723595920270469,453.831577790032895,14.337222515156038,0.962131068790691,-0.269588479519946,-0.037741608439840,-0.014192574473325
4810,1666253533.608580828,34.859706929496575,453.766500508433012,14.310644667866642,0.963865023393208,-0.263062745263613,-0.035180514715195,-0.022902840827212
4811,1666253533.708358526,34.996325153933363,453.700059032626143,14.295750097417375,0.966989502185429,-0.252304050582997,-0.026383084055552,-0.024039583987778
4812,1666253533.809683323,35.140752603705579,453.632101767513291,14.321103911021671,0.965628980751551,-0.258190038162734,-0.019465918364903,-0.022795915170426
4813,1666253533.909495115,35.282313320973188,453.572952672693987,14.347115376242581,0.968402623081918,-0.247232139493538,-0.023049893181168,-0.023266526037331
4814,1666253534.009703398,35.419449933216306,453.518829435613668,14.350797540775179,0.969685731545636,-0.242431374527173,-0.022923448127528,-0.020276247375098
4815,1666253534.111164093,35.557090884731352,453.462374773498823,14.324165346839234,0.968677193089033,-0.247137114723252,-0.018332461506777,-0.015863888883896
4816,1666253534.211201429,35.695710126950125,453.395488673889304,14.316363012440116,0.963413248676751,-0.267272391941897,-0.009771678878641,-0.017461244848477
4817,1666253534.311052322,35.833300398878336,453.320783581520004,14.339601526235930,0.957896025537261,-0.286056957286907,-0.004945114417733,-0.024128143133520
4818,1666253534.411255598,35.965201423761741,453.243485248812362,14.360660556813356,0.952577828482580,-0.302779381417029,-0.010319850473765,-0.028524157451765
4819,1666253534.511595488,36.094025418964378,453.167086159600672,14.351619840096696,0.948422255483520,-0.314942811227464,-0.011443176588900,-0.034282716771711
4820,1666253534.609785795,36.220032486968925,453.090673260433618,14.322250784472267,0.951576427364469,-0.305506521141132,-0.010333654822674,-0.032577354136315
4821,1666253534.710158348,36.348817763614157,453.004685561503550,14.319714701294092,0.949924113734186,-0.310981451545232,-0.002462143610296,-0.030473804980393
4822,1666253534.810212851,36.482779204523112,452.914446771522535,14.347284689093421,0.949196273361716,-0.313431074264518,-0.007126780502232,-0.027140473859046
4823,1666253534.910127401,36.609987650254155,452.830441980751743,14.369569228271184,0.947502152281776,-0.318392566941781,-0.016120970047206,-0.024616235747219
4824,1666253535.010332346,36.731991252152490,452.750676283565383,14.361744319615791,0.943781075360662,-0.329606988413448,-0.021173145212096,-0.013719070738076
4825,1666253535.111094475,36.854141365543086,452.663893152583569,14.333457902992944,0.935437001327431,-0.352779733170099,-0.020557673085437,-0.009025435684201
4826,1666253535.210847139,36.976559770525171,452.563750812991032,14.335540831949716,0.925040732788261,-0.379391724141551,-0.017056895317694,-0.008403847784120
4827,1666253535.311073780,37.096761636331607,452.455896868236607,14.363758121628026,0.912247512592828,-0.408589872913329,-0.026760822079721,-0.011943614297438
4828,1666253535.411402225,37.204104818909435,452.350959566935217,14.378269633269602,0.896241123411255,-0.441552558309334,-0.041627733468956,-0.007093571967082
4829,1666253535.511610270,37.296076004980613,452.248657537962288,14.362911056611686,0.880103275301049,-0.472769991681499,-0.042778957528026,-0.008759027494849
4830,1666253535.612528324,37.379692487081954,452.145371625829796,14.327393849921460,0.879440570669488,-0.474573286235412,-0.036522557943080,-0.005530046432094
4831,1666253535.712361336,37.464423306935537,452.033320458177798,14.323037848429269,0.873248682356230,-0.486473947320114,-0.027869809337519,-0.001763822379407
4832,1666253535.810990095,37.557192906676526,451.918709604790365,14.346549213710118,0.870101904875592,-0.491476271063949,-0.036937123509479,-0.003065782084248
4833,1666253535.912660599,37.647060810904485,451.810300343683309,14.368896727143881,0.859745219263738,-0.508498554775562,-0.047615069707905,-0.000427645907165
4834,1666253536.014887333,37.728861975695352,451.708652911258298,14.361553248161215,0.846398033538170,-0.529999321278621,-0.051750366212494,0.005743506228160
4835,1666253536.115781784,37.801277089448512,451.604198404900899,14.341558606061984,0.820466579225315,-0.569479596224212,-0.048674620338885,0.012584243858259
4836,1666253536.216268539,37.861746531036616,451.492053141823760,14.355495898302939,0.786646396266105,-0.616213259655610,-0.037314205378602,0.008735899674447
4837,1666253536.316441298,37.912609157808781,451.384926310750359,14.385471439685373,0.756924528166631,-0.652667466014724,-0.033017017523712,-0.000560374410457
4838,1666253536.416370869,37.955200620507583,451.286633406643432,14.396170298347759,0.717851066897290,-0.695387475321549,-0.033387626487973,-0.003372138467526
4839,1666253536.517048120,37.992996910978817,451.191592273246272,14.384785870299092,0.683138368651652,-0.729529776132451,-0.033107076944923,-0.003492344235364
4840,1666253536.614894629,38.025292740898259,451.103300844710418,14.370969355114108,0.661914351438984,-0.749159643668338,-0.024771071470091,-0.003951414438165
4841,1666253536.714209080,38.052752643848230,451.018866918416222,14.383239060831453,0.641358620371558,-0.767188648994009,-0.008408044557912,-0.003162549059137
4842,1666253536.813155651,38.083935534872950,450.942115254752196,14.405660862384623,0.629391409854776,-0.776995034763735,0.001980693756011,-0.011884696284026
4843,1666253536.914589167,38.119176236490524,450.875094038892257,14.424473407156334,0.601195172051344,-0.798944595283045,0.007386144922735,-0.014047904945095
4844,1666253537.015804052,38.156129823048161,450.816886813006704,14.419313314966985,0.550802114727187,-0.834422108555487,0.015369496675160,-0.010979696618122
4845,1666253537.108193159,38.193143839353880,450.773529577589898,14.411873652276070,0.482722290334118,-0.875451714998124,0.022252987583932,-0.008263756108255
4846,1666253537.208887577,38.239821167855368,450.735191545712269,14.426137238333071,0.400764515780330,-0.915526389383426,0.032983227004570,-0.010551775692765
4847,1666253537.308250427,38.294504096745428,450.698563624179428,14.442765990943650,0.354933625251383,-0.934180535299685,0.031944662573683,-0.017560969966302
4848,1666253537.409195900,38.359653204790348,450.670414032225153,14.442179047177754,0.288918871579573,-0.956977598013493,0.021575204835177,-0.015945942488062
4849,1666253537.508498192,38.430511160940419,450.653881043935201,14.438829676268744,0.237777296737902,-0.971154353259647,0.012627892142004,-0.012716746474712
4850,1666253537.607748270,38.507191026504273,450.649100950000047,14.431777305489097,0.199144133153931,-0.979802434723976,0.012706758967337,-0.012936051015856
4851,1666253537.709377766,38.587049043476547,450.649159144887165,14.422322158227052,0.175378859430703,-0.984176586311654,0.016258140825807,-0.019348784913121
4852,1666253537.809415817,38.658339043336618,450.650035616503089,14.431213944637655,0.162597310542979,-0.986036859782552,0.021792784091610,-0.028609444522572
4853,1666253537.910701513,38.725796900754290,450.651554974213468,14.443252355451177,0.149318052713262,-0.987805459770901,0.030519977997602,-0.031828033614160
4854,1666253538.010879993,38.797293527722751,450.644759017872786,14.449523874121969,0.153987701318776,-0.986891414123678,0.038706502668716,-0.028895176460490
4855,1666253538.111510754,38.879076506872636,450.622862223499396,14.450963213665061,0.150279873363721,-0.987526040117016,0.041979289910238,-0.021119161233857
4856,1666253538.212356567,38.967969487818387,450.584605374586033,14.448219641235779,0.136400591772913,-0.990039234697165,0.032581822746752,-0.012474660346116
4857,1666253538.313420534,39.051343312755876,450.536989863145607,14.436245575081212,0.123895923802940,-0.991789500798021,0.028725053305306,-0.013351310214240
4858,1666253538.413528919,39.118835477717745,450.486435095296713,14.436125641667735,0.123960299606442,-0.991557616022427,0.026021582971398,-0.027752755702190
4859,1666253538.513113737,39.182455347129235,450.436344404865224,14.452329258307556,0.116436581177833,-0.992122058847234,0.018796735238120,-0.042225888465867
4860,1666253538.613466024,39.257485562974807,450.390543674306628,14.462976354579693,0.095625902575099,-0.994393717704609,0.007543765068514,-0.044496208320429
4861,1666253538.712454081,39.343274304612983,450.353112943575070,14.464468514658703,0.097795737382002,-0.994595672708384,-0.000999250633898,-0.034848860495546
4862,1666253538.812458277,39.432270153723856,450.326093431041329,14.465843232998600,0.095831688311695,-0.995141087129808,-0.005327969561032,-0.021957161970335
4863,1666253538.913012505,39.515502483651169,450.306350387480052,14.454386948579657,0.097973278717527,-0.995052993130139,-0.003590873429133,-0.016058740551632
4864,1666253539.011867523,39.585882717658734,450.288128611539889,14.444789858156888,0.098467036140119,-0.994915789381107,0.003667738093291,-0.020817361293620
4865,1666253539.112104416,39.647586872285800,450.262445451713916,14.453248355083701,0.100965601296566,-0.994572273590216,0.007969355901489,-0.023841755953113
4866,1666253539.213668346,39.702111664530776,450.228757531420456,14.468832015719292,0.091908318393126,-0.995501088425224,0.004827796214530,-0.022519687787629
4867,1666253539.315260410,39.749526319058226,450.188506154675622,14.478020234541262,0.081626129834951,-0.996479935905514,0.002264650747129,-0.018967963066801
4868,1666253539.410194635,39.789145404350492,450.145830972859471,14.479991998647433,0.063894392853271,-0.997799337041765,-0.001273676225217,-0.017673916085581
4869,1666253539.511996984,39.829275482325116,450.095921559103886,14.472846261975624,0.045791192883259,-0.998787554062119,0.003104430531231,-0.017803118154290
4870,1666253539.611861944,39.865411514988871,450.039212183383654,14.471895155300652,0.026125318794248,-0.999288630246131,0.016394567298529,-0.021700676067922
4871,1666253539.712819576,39.899838230985026,449.969623483810835,14.484445848350990,0.019403242796787,-0.999078900792996,0.022832400669592,-0.030717188004305
4872,1666253539.813651323,39.939067828539436,449.895275928537046,14.498658408985113,0.013946265250433,-0.999124945770218,0.016558515390486,-0.035786310137919
4873,1666253539.912757158,39.987739063692260,449.823383982198436,14.506135545764312,0.019076762930025,-0.999239717907276,0.006508696934866,-0.033372146123816
4874,1666253540.011707067,40.043352131669096,449.756147914055305,14.505405420232275,0.026864605351258,-0.999168057978316,-0.003937503724505,-0.030429935254296
4875,1666253540.112011194,40.100117268233731,449.695286230645650,14.493949758593551,0.033394158216645,-0.998889798054455,-0.008398126173528,-0.032147675133765
4876,1666253540.212697744,40.151490109546316,449.642395329685257,14.484258532077691,0.032942577605938,-0.998491475189625,-0.006300072846925,-0.043472630889412
4877,1666253540.312067747,40.192697607619991,449.592658677652935,14.486478728385642,0.043029669171598,-0.997383307317011,-0.004207770547218,-0.057942044521971
4878,1666253540.412639141,40.227492160732808,449.542014366711101,14.489660990562005,0.046735154030569,-0.996349103693481,-0.002378397619952,-0.071404706929562
4879,1666253540.512866020,40.260756348344330,449.490769976124682,14.494311066173744,0.048649208522517,-0.995533297543082,-0.006206774598423,-0.080673316172171
4880,1666253540.612833023,40.301468729448750,449.437359815001741,14.497653485864298,0.050660388599332,-0.995155142727880,-0.008316396247285,-0.083848699946245
4881,1666253540.712712049,40.351754110335726,449.381172121204202,14.497956403924364,0.048806842146744,-0.995537028976985,-0.007110950115917,-0.080457134449281
4882,1666253540.812649965,40.407055624443259,449.323665602128642,14.493708899137076,0.049787464668616,-0.995936958742156,0.005630606938510,-0.074826992715194
4883,1666253540.912030697,40.456973988374287,449.264824584616520,14.493322472627163,0.062554800124546,-0.995236746075092,0.021621923402603,-0.071576593042784
4884,1666253541.011788130,40.498673105888287,449.201761097825852,14.501336372892053,0.074368789747153,-0.993980783751395,0.030207764384489,-0.074558538179057
4885,1666253541.112066507,40.537011242497194,449.133741102442798,14.512329852737093,0.080863253602910,-0.993032828377960,0.023352447018111,-0.082471808508650
4886,1666253541.211751223,40.583635799017387,449.065498389711877,14.515684462311469,0.087728658693071,-0.992398405597913,0.009826453714196,-0.085746882264242
4887,1666253541.312186241,40.644080067968389,449.002830795980401,14.515578677462418,0.088325610950195,-0.992446870471077,-0.009581689874639,-0.084593066864761
4888,1666253541.413387060,40.717589255857654,448.950418351644771,14.505016755738369,0.097778446390802,-0.991644861366734,-0.019351199012264,-0.081886356880373
4889,1666253541.511915207,40.787907836927431,448.909453683012543,14.498810518292265,0.117992286180919,-0.989210383301461,-0.017512044009513,-0.085052726499425
4890,1666253541.612421036,40.851632800118502,448.875576034111589,14.506488873476179,0.135372539602665,-0.987032357895481,-0.011935123002573,-0.085433909121177
4891,1666253541.714067221,40.915695444782493,448.842463631751059,14.519745694417647,0.147129383402220,-0.985977473421535,-0.004120519284129,-0.078640878465325
4892,1666253541.812800407,40.981881387223233,448.804492445383403,14.530413226969069,0.165674183415288,-0.984002120203105,0.002947014451513,-0.065446218311635
4893,1666253541.912203550,41.052075529731944,448.754816769214074,14.534751165751780,0.190490836390773,-0.980189564727446,0.015469429088500,-0.051984182346559
4894,1666253542.013094187,41.126206868536478,448.686619097717823,14.532696416133867,0.220876421419968,-0.974082399663895,0.028592738704768,-0.039491016941802
4895,1666253542.113964558,41.194896937880713,448.600949695823715,14.539085190292891,0.245337820275498,-0.967995853847262,0.037892638518828,-0.036844657998934
4896,1666253542.211867571,41.255475169425146,448.514444255103001,14.555320352895425,0.283182240913437,-0.957796948617567,0.036085394414733,-0.033625406466766
4897,1666253542.312596560,41.309647644540441,448.429474692339056,14.568086163871708,0.322132951503024,-0.945584474396663,0.034278510566999,-0.030419517570882
4898,1666253542.413258314,41.355010809343170,448.340029806454311,14.567251343998223,0.372994212173800,-0.926952788656619,0.028214210933698,-0.028944836982654
4899,1666253542.511807203,41.390690633813904,448.241434940606837,14.562445338023132,0.417465204512671,-0.907935623041106,0.015562977609882,-0.033667508997047
4900,1666253542.612848043,41.420956782722676,448.132931087595978,14.554968919271509,0.460707344177947,-0.886460464297130,-0.000190987394175,-0.044006269808231
4901,1666253542.712455988,41.451778806618897,448.027217848581586,14.548710242311797,0.512103489814048,-0.857177761313670,-0.008975225996384,-0.053997653170036
4902,1666253542.812700033,41.485897790528604,447.930781622540223,14.551078408156220,0.548065866025089,-0.834602867847907,-0.010460447735955,-0.054336346135739
4903,1666253542.913355350,41.519966421795722,447.839636969507467,14.565035259235186,0.579310863753415,-0.812945252998872,-0.015035240852300,-0.057383623939117
4904,1666253543.013496399,41.556137853108190,447.760481078570535,14.576617786742183,0.605826227309666,-0.792854739220990,-0.015044605200753,-0.064262000069300
4905,1666253543.113260984,41.597431113910616,447.693636412488047,14.580126360088704,0.623139287980607,-0.779361192873877,-0.017554498663903,-0.063130011831848
4906,1666253543.213342905,41.643589486573013,447.632636213732610,14.576245798357430,0.635296167884925,-0.769753597412925,-0.017450291283762,-0.059780144485446
4907,1666253543.314821005,41.695713559741236,447.572985343053801,14.568495485343819,0.636425545559254,-0.769182394493335,-0.010866364077280,-0.056594090617709
4908,1666253543.415306568,41.755356932687043,447.511569400986502,14.567487538705905,0.628164088649692,-0.775977485346997,-0.002494439910217,-0.057119153836408
4909,1666253543.514832020,41.820973022119766,447.445810488710663,14.584024349957263,0.618346827506596,-0.783867572150965,0.000762987991692,-0.056553055549674
4910,1666253543.616025925,41.891260911514308,447.377712610342144,14.594184157891975,0.615454605139554,-0.786250578221671,0.000603758403630,-0.055002661157383
4911,1666253543.714747429,41.956603301433880,447.311076398657804,14.598237655316902,0.616415807651642,-0.785950476988411,-0.007939680243322,-0.047437972938324
4912,1666253543.813361168,42.018130474314937,447.245246821557089,14.593261789924011,0.622210632646389,-0.781728038629815,-0.015316604770438,-0.038994920952210
4913,1666253543.913920164,42.074730992361339,447.175576199017769,14.579423193249049,0.628523640939779,-0.776922420615382,-0.021405785599635,-0.029855945267257
4914,1666253544.013745785,42.120179461133986,447.097601295272170,14.571599313946583,0.635569404112790,-0.771321687497796,-0.023127238909356,-0.024073175355456
4915,1666253544.104560852,42.157486225422232,447.020614948286266,14.581152964722229,0.659514960192632,-0.751083710965083,-0.012279786814925,-0.027613099080151
4916,1666253544.205634832,42.207697507104626,446.933853713891665,14.594033999195201,0.691359909594778,-0.721834507176457,-0.004435566477105,-0.030931301370120
4917,1666253544.305950403,42.266089677092829,446.847427300231004,14.607294837059939,0.709354917167722,-0.704066160346480,-0.014329556861349,-0.030018446746904
4918,1666253544.407953501,42.325024897483630,446.762068219740513,14.615119392398022,0.707487853236927,-0.705557928082994,-0.030687663317432,-0.026593513524046
4919,1666253544.509522915,42.379181966609110,446.681218915624640,14.607686615931902,0.703940276822744,-0.708572897906816,-0.042617928594147,-0.024005149051828
4920,1666253544.610931158,42.427445670188220,446.605308793179404,14.597270343814705,0.695416757399169,-0.716945315183640,-0.043164603609827,-0.022842188158402
4921,1666253544.714265823,42.473839800666731,446.530603951747196,14.603010881437010,0.679542945116030,-0.732426851510000,-0.035739047042289,-0.022248897651123
4922,1666253544.812923193,42.515896488696285,446.462768183358776,14.624320451306783,0.663142054510281,-0.747760334857727,-0.018698207057961,-0.027339974509154
4923,1666253544.912518501,42.557324149989014,446.396923455009642,14.636237159679061,0.648404420914961,-0.760673293367055,-0.013191047105096,-0.027818051195648
4924,1666253545.012941122,42.594195871655579,446.327533997091336,14.636477195783563,0.634527490710452,-0.772199655607368,-0.014171944992277,-0.029693625371384
4925,1666253545.112431049,42.627967896586142,446.253379727393394,14.627007735394153,0.626684443703939,-0.778394330599536,-0.018962172393380,-0.031769641611257
4926,1666253545.212184906,42.660902961729569,446.176216491841558,14.611725177860675,0.623911673590903,-0.780496219144446,-0.026693942474715,-0.029108570789037
4927,1666253545.313176394,42.686954053020784,446.097296330147515,14.602169127486643,0.619302481860976,-0.784325728119140,-0.023754092835474,-0.027080089452955
4928,1666253545.413156748,42.705367725940356,446.020736903110731,14.620475474283008,0.635924245167126,-0.771280354343089,-0.008895342188915,-0.025452746420825
4929,1666253545.513307810,42.726737513640941,445.949328074421942,14.639956003398744,0.651273227586850,-0.758421690227582,0.001555381641546,-0.025244872922900
4930,1666253545.605982304,42.746443118810447,445.888610470864933,14.649764959886712,0.639677216321235,-0.768383159695995,0.001690642462774,-0.019937917222704
4931,1666253545.708007812,42.761304426591209,445.823136163404683,14.650757567265105,0.602950543517359,-0.797679939758825,-0.005812187452047,-0.011116395796347
4932,1666253545.809363365,42.764334439486134,445.757410474430969,14.648285048656623,0.554896825467576,-0.831780307532803,-0.009123017947805,-0.012157451631299
4933,1666253545.913352728,42.758817740911404,445.696648679703515,14.640685056911094,0.502122349540830,-0.864551227417713,-0.000580788271708,-0.020590870479584
4934,1666253546.014657259,42.759906143971278,445.649237060436292,14.634319848092858,0.453438445789587,-0.890544069342255,0.017163905526532,-0.032097301854463
4935,1666253546.114691973,42.773844721971926,445.607228471050007,14.644157854240406,0.408332398177709,-0.911363910943467,0.028192394771574,-0.043424224867140
4936,1666253546.213849306,42.792003193914589,445.566636659818016,14.644684242850367,0.356846044860763,-0.932559379049477,0.021306916755059,-0.050397620107264
4937,1666253546.314015150,42.806409933445337,445.529913987007490,14.638899652865122,0.303796286330938,-0.950937410723613,0.004763412518535,-0.058336671133858
4938,1666253546.414403915,42.817639964230352,445.511071206637382,14.639466296524981,0.242829097300968,-0.967821571651603,-0.015371697211508,-0.064180572408288
4939,1666253546.514556885,42.837146364462356,445.514076909921357,14.640892932084576,0.193557015269331,-0.978712153932819,-0.022399415961173,-0.064470673556345
4940,1666253546.612684727,42.868994425242931,445.532535373358712,14.640007711501257,0.164802587671777,-0.984301214902122,-0.019509776340866,-0.060088219028538
4941,1666253546.712969542,42.906488258704101,445.557539430669863,14.640523451841327,0.137619650157590,-0.988753369340341,-0.013921683303254,-0.056866450941043
4942,1666253546.812607050,42.948505338793176,445.579308763971937,14.639848537446156,0.125817703938182,-0.990523689999022,-0.005363474082625,-0.054808375931157
4943,1666253546.912707567,42.995118505059537,445.591276871885725,14.635850721230613,0.136835575021832,-0.989154033270043,0.006678086298295,-0.052969113995263
4944,1666253547.012586117,43.037037926299320,445.592633225316092,14.632485279939791,0.153742746662477,-0.986690764636597,0.010918099875589,-0.051819860330109
4945,1666253547.113384485,43.069597883599911,445.587032814052350,14.634286552964912,0.168828974715416,-0.984148654748274,0.015951061383597,-0.051901505704942
4946,1666253547.213472366,43.094561386305664,445.578067273343095,14.635699497825851,0.182577922645946,-0.981637627870200,0.019826974171300,-0.051572868902830
4947,1666253547.314182520,43.112995487651112,445.564181587911946,14.636375835467900,0.188365129932765,-0.980520909955350,0.022722706035947,-0.050803558892560
4948,1666253547.415903091,43.125006820011215,445.542253227226013,14.640967384637918,0.187136950215574,-0.980728704015309,0.023721233115675,-0.050875083134453
4949,1666253547.508283138,43.133140859657253,445.513663209974140,14.647283110809727,0.184127624003417,-0.981367789746945,0.023515209709582,-0.049611634102965
4950,1666253547.607918024,43.141752782720921,445.473355110273530,14.656805034563305,0.177218653012638,-0.982680364480977,0.026320298638109,-0.047329611951944
4951,1666253547.707987547,43.152607055463015,445.424795495567253,14.667976184814860,0.166280607264064,-0.984898459083826,0.024138576237387,-0.041750617713160
4952,1666253547.807752371,43.167583382451269,445.373012727366074,14.677670129062506,0.155283089231189,-0.987050309736303,0.021799713039263,-0.033817462348508
4953,1666253547.909343719,43.186216243941466,445.325076739535973,14.685244476070975,0.139950681376306,-0.989746769507942,0.016829421788030,-0.023063165289726
4954,1666253548.008549690,43.205948234905257,445.287860458074022,14.689566505098281,0.132370298452036,-0.990970164319602,0.015474414490265,-0.014723451099626
4955,1666253548.107305288,43.224325916809697,445.259715573731000,14.691757056540411,0.128555489206540,-0.991466577048662,0.018258591777633,-0.011581736336749
4956,1666253548.208635569,43.238748566486173,445.237499661605511,14.691977651905333,0.126808278892267,-0.991688734106655,0.019060294201572,-0.010479515030362
4957,1666253548.309293509,43.247497551721466,445.220996063232292,14.690229436925440,0.123610017288009,-0.992046470687780,0.020257978200332,-0.012408784840318
4958,1666253548.410374165,43.250581315037145,445.206630355897005,14.688427184420801,0.125835456899189,-0.991661316865809,0.022393690738223,-0.016486146731801
4959,1666253548.512673140,43.251803231836497,445.188157583569932,14.687195502694225,0.129536183639392,-0.991198350895976,0.018148759270639,-0.020416386707159
4960,1666253548.612952709,43.254000605884393,445.166624190090545,14.687425149455178,0.130245616415943,-0.991114445453079,0.015851069242901,-0.021839849416247
4961,1666253548.713710070,43.255534612877021,445.146783302044525,14.687144985842806,0.125639935405429,-0.991775345030688,0.011680573773215,-0.021443782709859
4962,1666253548.813154221,43.254623153119105,445.128957368280169,14.689002142354955,0.130727631600805,-0.991169727441822,0.006709291390516,-0.021162304883568
4963,1666253548.913157463,43.251857050549276,445.115676617467216,14.690929836572435,0.128067221200549,-0.991525969282118,0.005404827475049,-0.021114614206533
4964,1666253549.013050795,43.249283303413961,445.108511450090930,14.693342772676131,0.131720169567742,-0.991052244883742,0.006551598370701,-0.020550459817950
4965,1666253549.112829208,43.249324146056786,445.108099365409601,14.697156506436158,0.134472129293045,-0.990731364974844,0.008091371747556,-0.017410875960714
4966,1666253549.212738752,43.252820094326857,445.113740280031607,14.702079226761056,0.140434028848502,-0.989958038853664,0.010714448662210,-0.012106421446907
4967,1666253549.313095808,43.258895464522205,445.123518313410898,14.705953453738161,0.145792230699938,-0.989204151635565,0.013587813844387,-0.005928167459518
4968,1666253549.412950277,43.265245026028730,445.136344559234260,14.708829719181713,0.147360702632497,-0.988981182240416,0.014063851825887,-0.001803487129268
4969,1666253549.513109446,43.270529788280136,445.150012748873962,14.709646030833156,0.147011701825930,-0.989054066365949,0.012630601132002,0.000285037312569
4970,1666253549.614064693,43.274707635037323,445.162981078874907,14.706399495530849,0.144809495394485,-0.989402564045725,0.010544404691914,-0.001261678656507
4971,1666253549.706030846,43.277770108713213,445.174686879025217,14.701702705089676,0.143754008972152,-0.989534064075836,0.011658905800041,-0.004603352423957
4972,1666253549.806240797,43.281307581404803,445.185722865751131,14.696315076986924,0.141947829347558,-0.989772400966027,0.009670297831924,-0.010387173306743
4973,1666253549.906316519,43.286721508807723,445.194718574090530,14.692504149095752,0.138925277286647,-0.990193955889598,0.005540108172117,-0.013601626813697
4974,1666253550.006181002,43.295140981801538,445.202470326961816,14.690538899323832,0.131163200052182,-0.991235911261678,0.004172154681584,-0.015171562299756
4975,1666253550.106028080,43.305444162091199,445.207925291157494,14.689771342369911,0.128110737899314,-0.991659215130535,0.003927839165302,-0.013572470706420
4976,1666253550.205549955,43.315518197298822,445.210285519524177,14.689677146864833,0.124829242600705,-0.992111212257157,0.005665935013458,-0.010044893518149
4977,1666253550.309214830,43.324509772247005,445.208870318331833,14.689744907231598,0.124673755464563,-0.992163889819753,0.003328937874548,-0.007495906131175
4978,1666253550.416121483,43.332461031066202,445.205281161327605,14.689220470220942,0.119282848892718,-0.992836469001068,0.001778388426762,-0.006647188588534
4979,1666253550.506265402,43.340238064574990,445.207691018687001,14.686793569945568,0.121503834499803,-0.992552184141603,-0.000077542564130,-0.008773479624925
4980,1666253550.606299400,43.354329827169742,445.224185492707647,14.682905458538057,0.123564413118887,-0.992254369264614,-0.006022796062252,-0.011261812174779
4981,1666253550.707068682,43.376015032119902,445.255797472136578,14.677570080037022,0.123807003324001,-0.992212062932567,-0.005608836681655,-0.012473533986363
4982,1666253550.806640148,43.405796429882535,445.300661479331382,14.673587538987860,0.118070450064883,-0.992936375055662,-0.007784539959566,-0.008724955611132
4983,1666253550.907914400,43.440362174415625,445.356671017436099,14.671781480188720,0.101990430923814,-0.994737029522329,-0.009231586414083,-0.003312387258175
4984,1666253551.007654667,43.470587308785262,445.410895545714823,14.669812408342146,0.086725153118981,-0.996209832970716,-0.006567956247281,0.001256367654201
4985,1666253551.107379675,43.493359751684345,445.457846833737847,14.666541312189633,0.057938226855354,-0.998303523970759,-0.004182807980724,0.003967368626388
4986,1666253551.207973242,43.507563177294564,445.498604063277583,14.663470949003370,0.028405269812994,-0.999583423641348,-0.004455006631537,0.002504544710342
4987,1666253551.308498383,43.514621179181830,445.534031673791731,14.658288268302034,0.007898531262568,-0.999962333279507,0.000675300702058,-0.003534005526223
4988,1666253551.409245729,43.518180582963005,445.562207989193439,14.653712963140986,-0.000521046488268,-0.999902151146958,0.009386798090901,-0.010358796447617
4989,1666253551.508838415,43.523250339212261,445.582591132618404,14.651909283852753,-0.002436485931656,-0.999753385192148,0.016857766820786,-0.014249492305422
4990,1666253551.609153748,43.531890925274233,445.597360959448395,14.652285638421699,-0.004393701993488,-0.999624616281531,0.023260860310535,-0.013793269532969
4991,1666253551.709596634,43.543473891161838,445.606513671833113,14.654788019506519,-0.005611777440433,-0.999714257061714,0.021456495678779,-0.008918014055301
4992,1666253551.811589003,43.556249533061504,445.612684241893533,14.656550593400388,-0.004856586025131,-0.999724630749452,0.022840752464097,-0.002318678918207
4993,1666253551.911677122,43.566634600623487,445.617409162745162,14.658208719459369,0.001325988578991,-0.999759838393270,0.021478502022691,0.004145026056940
4994,1666253552.012446404,43.574467593842648,445.621075649724560,14.659936762816884,0.008195918593098,-0.999669809147249,0.022363789411700,0.009641603656369
4995,1666253552.111918449,43.581006813980949,445.623994098333128,14.660630937200704,0.015839120766900,-0.999513765196958,0.023381312618946,0.013216264803118
4996,1666253552.213209629,43.586025297353402,445.625932505063815,14.660268781180479,0.023355939931908,-0.999346147157017,0.022450598085803,0.016054559411983
4997,1666253552.306143999,43.589546630202925,445.627309865194718,14.658610319293805,0.028421940040283,-0.999124168094776,0.025115051118367,0.017672698169498
4998,1666253552.407363176,43.592440284561157,445.629783876717568,14.655816128839270,0.033019403242868,-0.998961184645421,0.025050255345367,0.018940836529405
4999,1666253552.506920576,43.594300599681617,445.629389022269152,14.651762836243130,0.036630858614649,-0.998831701541649,0.024019227848946,0.020408059342040
5000,1666253552.606550694,43.594464292295889,445.620712787984246,14.644383681543570,0.042279222584024,-0.998586352932703,0.023407422594739,0.022132682659942
